"collection","pathway","pval","padj","log2err","ES","NES","size","leadingEdge"
"GO","GOMF_STRUCTURAL_CONSTITUENT_OF_RIBOSOME",5.14725105177693e-24,3.48571841226334e-20,1.27091304449619,0.652509544615799,2.7840522497186,164,"ENSG00000102738;ENSG00000162910;ENSG00000214026;ENSG00000198918;ENSG00000163584;ENSG00000171421;ENSG00000112306;ENSG00000181610;ENSG00000143947;ENSG00000166902;ENSG00000265681;ENSG00000112651;ENSG00000177954;ENSG00000197958;ENSG00000167526;ENSG00000108298;ENSG00000150991;ENSG00000100316;ENSG00000172590;ENSG00000145425;ENSG00000144713;ENSG00000166441;ENSG00000125445;ENSG00000144029;ENSG00000138326;ENSG00000204568;ENSG00000124614;ENSG00000198034;ENSG00000105364;ENSG00000182774;ENSG00000171858;ENSG00000174547;ENSG00000231500;ENSG00000130255;ENSG00000161016;ENSG00000170889;ENSG00000115268;ENSG00000109475;ENSG00000172172;ENSG00000186468;ENSG00000172809;ENSG00000142541;ENSG00000163682;ENSG00000114391;ENSG00000122026;ENSG00000063177;ENSG00000198755;ENSG00000105193;ENSG00000177600;ENSG00000074071;ENSG00000089157;ENSG00000096080;ENSG00000241343;ENSG00000134419;ENSG00000142676;ENSG00000142937;ENSG00000105640;ENSG00000163923;ENSG00000164587;ENSG00000136942;ENSG00000183617;ENSG00000149806;ENSG00000062582;ENSG00000233927;ENSG00000239789;ENSG00000110700;ENSG00000145592;ENSG00000168028;ENSG00000122406;ENSG00000213741;ENSG00000111639;ENSG00000197756;ENSG00000182180;ENSG00000143314;ENSG00000174444;ENSG00000180992;ENSG00000108107;ENSG00000171863;ENSG00000086504;ENSG00000083845;ENSG00000137818;ENSG00000101278;ENSG00000188846;ENSG00000242485;ENSG00000105372;ENSG00000071082;ENSG00000131469;ENSG00000262814;ENSG00000163319;ENSG00000008988;ENSG00000165502;ENSG00000162244;ENSG00000129824;ENSG00000182899;ENSG00000116898;ENSG00000130312;ENSG00000156482;ENSG00000147604;ENSG00000148303;ENSG00000197728;ENSG00000118181;ENSG00000136522;ENSG00000140988;ENSG00000142534;ENSG00000221983;ENSG00000259494;ENSG00000198242;ENSG00000125691;ENSG00000161970;ENSG00000149273;ENSG00000169288;ENSG00000089009;ENSG00000147403;ENSG00000187608;ENSG00000116221;ENSG00000055950;ENSG00000122140"
"GO","GOCC_RIBOSOMAL_SUBUNIT",3.13750807337093e-23,1.0623602336434e-19,1.24623277191648,0.629589084246558,2.71507597594297,178,"ENSG00000102738;ENSG00000162910;ENSG00000214026;ENSG00000198918;ENSG00000171421;ENSG00000112306;ENSG00000181610;ENSG00000175756;ENSG00000143947;ENSG00000166902;ENSG00000265681;ENSG00000112651;ENSG00000177954;ENSG00000197958;ENSG00000167526;ENSG00000108298;ENSG00000100316;ENSG00000172590;ENSG00000145425;ENSG00000144713;ENSG00000166441;ENSG00000125445;ENSG00000144029;ENSG00000138326;ENSG00000204568;ENSG00000124614;ENSG00000198034;ENSG00000105364;ENSG00000182774;ENSG00000171858;ENSG00000174547;ENSG00000231500;ENSG00000130255;ENSG00000161016;ENSG00000170889;ENSG00000115268;ENSG00000109475;ENSG00000172172;ENSG00000186468;ENSG00000172809;ENSG00000142541;ENSG00000163682;ENSG00000114391;ENSG00000122026;ENSG00000063177;ENSG00000198755;ENSG00000105193;ENSG00000177600;ENSG00000074071;ENSG00000089157;ENSG00000204628;ENSG00000096080;ENSG00000241343;ENSG00000134419;ENSG00000142676;ENSG00000142937;ENSG00000105640;ENSG00000163923;ENSG00000164587;ENSG00000136942;ENSG00000183617;ENSG00000149806;ENSG00000062582;ENSG00000233927;ENSG00000239789;ENSG00000204822;ENSG00000110700;ENSG00000145592;ENSG00000168028;ENSG00000122406;ENSG00000213741;ENSG00000111639;ENSG00000197756;ENSG00000182180;ENSG00000143314;ENSG00000174444;ENSG00000180992;ENSG00000167862;ENSG00000108107;ENSG00000171863;ENSG00000086504;ENSG00000083845;ENSG00000137818;ENSG00000101278;ENSG00000188846;ENSG00000242485;ENSG00000105372;ENSG00000071082;ENSG00000204316;ENSG00000131469;ENSG00000262814;ENSG00000163319;ENSG00000008988;ENSG00000165502;ENSG00000162244;ENSG00000129824;ENSG00000182899;ENSG00000116898;ENSG00000130312;ENSG00000156482;ENSG00000147604;ENSG00000148303;ENSG00000197728;ENSG00000118181;ENSG00000136522;ENSG00000125901;ENSG00000140988;ENSG00000142534;ENSG00000221983;ENSG00000259494;ENSG00000198242;ENSG00000125691;ENSG00000161970;ENSG00000102317;ENSG00000149273;ENSG00000169288;ENSG00000147586;ENSG00000089009;ENSG00000147403;ENSG00000185608;ENSG00000116221;ENSG00000055950;ENSG00000122140"
"GO","GOCC_RIBOSOME",2.74433618730593e-17,6.19488155347859e-14,1.07686819261983,0.543236477532084,2.40925708771647,228,"ENSG00000102738;ENSG00000162910;ENSG00000214026;ENSG00000198918;ENSG00000145335;ENSG00000163584;ENSG00000198208;ENSG00000171421;ENSG00000112306;ENSG00000181610;ENSG00000175756;ENSG00000143947;ENSG00000166902;ENSG00000265681;ENSG00000112651;ENSG00000177954;ENSG00000197958;ENSG00000167526;ENSG00000108298;ENSG00000150991;ENSG00000100316;ENSG00000172590;ENSG00000145425;ENSG00000144713;ENSG00000166441;ENSG00000100902;ENSG00000125445;ENSG00000144029;ENSG00000138326;ENSG00000204568;ENSG00000124614;ENSG00000198034;ENSG00000105364;ENSG00000182774;ENSG00000171858;ENSG00000174547;ENSG00000231500;ENSG00000130255;ENSG00000161016;ENSG00000170889;ENSG00000115268;ENSG00000109475;ENSG00000172172;ENSG00000186468;ENSG00000172809;ENSG00000142541;ENSG00000163682;ENSG00000114391;ENSG00000122026;ENSG00000063177;ENSG00000198755;ENSG00000105193;ENSG00000177600;ENSG00000074071;ENSG00000089157;ENSG00000204628;ENSG00000096080;ENSG00000241343;ENSG00000134419;ENSG00000142676;ENSG00000142937;ENSG00000105640;ENSG00000163923;ENSG00000148824;ENSG00000164587;ENSG00000136942;ENSG00000183617;ENSG00000149806;ENSG00000062582;ENSG00000233927;ENSG00000239789;ENSG00000204822;ENSG00000110700;ENSG00000125844;ENSG00000145592;ENSG00000168028;ENSG00000122406;ENSG00000213741;ENSG00000111639;ENSG00000197756;ENSG00000182180;ENSG00000143314;ENSG00000174444;ENSG00000180992;ENSG00000167862;ENSG00000108107;ENSG00000171863;ENSG00000086504;ENSG00000083845;ENSG00000022840;ENSG00000137818;ENSG00000101278;ENSG00000188846;ENSG00000242485;ENSG00000105372;ENSG00000071082;ENSG00000167962;ENSG00000204316;ENSG00000131469;ENSG00000262814;ENSG00000163319;ENSG00000008988;ENSG00000165502;ENSG00000162244;ENSG00000129824;ENSG00000182899;ENSG00000116898;ENSG00000130312;ENSG00000169297;ENSG00000100823;ENSG00000156482;ENSG00000089127;ENSG00000147604;ENSG00000148303;ENSG00000197728;ENSG00000118181;ENSG00000136522;ENSG00000125901;ENSG00000140988;ENSG00000142534;ENSG00000221983;ENSG00000259494;ENSG00000198242;ENSG00000125691;ENSG00000161970;ENSG00000101181;ENSG00000102317;ENSG00000149273;ENSG00000169288;ENSG00000100325;ENSG00000147586;ENSG00000089009;ENSG00000147403;ENSG00000187608;ENSG00000185608;ENSG00000116221;ENSG00000055950;ENSG00000122140"
"GO","GOBP_CYTOPLASMIC_TRANSLATION",1.25507853782755e-14,2.12484796454204e-11,0.986546283587582,0.561308214501316,2.40998269087662,172,"ENSG00000205609;ENSG00000198918;ENSG00000163584;ENSG00000108591;ENSG00000232119;ENSG00000112306;ENSG00000143947;ENSG00000135632;ENSG00000265681;ENSG00000177954;ENSG00000100353;ENSG00000197958;ENSG00000167526;ENSG00000108298;ENSG00000100316;ENSG00000175390;ENSG00000104529;ENSG00000145425;ENSG00000144713;ENSG00000166441;ENSG00000138326;ENSG00000124614;ENSG00000198034;ENSG00000182774;ENSG00000171858;ENSG00000231500;ENSG00000130255;ENSG00000161016;ENSG00000170889;ENSG00000115268;ENSG00000132478;ENSG00000109475;ENSG00000186468;ENSG00000172809;ENSG00000142541;ENSG00000163682;ENSG00000114391;ENSG00000122026;ENSG00000063177;ENSG00000198755;ENSG00000197181;ENSG00000105193;ENSG00000177600;ENSG00000089157;ENSG00000204628;ENSG00000115211;ENSG00000241343;ENSG00000134419;ENSG00000142676;ENSG00000142937;ENSG00000105640;ENSG00000163923;ENSG00000164587;ENSG00000136942;ENSG00000149806;ENSG00000233927;ENSG00000125457;ENSG00000110700;ENSG00000145592;ENSG00000168028;ENSG00000122406;ENSG00000213741;ENSG00000178982;ENSG00000131171;ENSG00000111832;ENSG00000197756;ENSG00000145191;ENSG00000174444;ENSG00000198492;ENSG00000108107;ENSG00000171863;ENSG00000083845;ENSG00000111640;ENSG00000137818;ENSG00000161960;ENSG00000188846;ENSG00000105372;ENSG00000071082;ENSG00000131469;ENSG00000008988;ENSG00000165502;ENSG00000162244;ENSG00000182899;ENSG00000105221;ENSG00000100226;ENSG00000156482;ENSG00000147604;ENSG00000148303;ENSG00000197728;ENSG00000118181;ENSG00000140988;ENSG00000142534;ENSG00000084623;ENSG00000221983;ENSG00000198242;ENSG00000173933;ENSG00000125691;ENSG00000130811;ENSG00000161970"
"GO","GOCC_LARGE_RIBOSOMAL_SUBUNIT",6.60011547283175e-14,8.93919639640332e-11,0.954541630725724,0.624173078118828,2.51828862824941,109,"ENSG00000162910;ENSG00000214026;ENSG00000198918;ENSG00000171421;ENSG00000166902;ENSG00000265681;ENSG00000112651;ENSG00000197958;ENSG00000167526;ENSG00000108298;ENSG00000100316;ENSG00000172590;ENSG00000144713;ENSG00000166441;ENSG00000105364;ENSG00000174547;ENSG00000130255;ENSG00000161016;ENSG00000109475;ENSG00000172172;ENSG00000172809;ENSG00000142541;ENSG00000163682;ENSG00000114391;ENSG00000122026;ENSG00000063177;ENSG00000198755;ENSG00000177600;ENSG00000089157;ENSG00000096080;ENSG00000241343;ENSG00000142676;ENSG00000105640;ENSG00000163923;ENSG00000136942;ENSG00000183617;ENSG00000204822;ENSG00000145592;ENSG00000122406;ENSG00000111639;ENSG00000197756;ENSG00000143314;ENSG00000174444;ENSG00000180992;ENSG00000167862;ENSG00000108107;ENSG00000086504;ENSG00000137818;ENSG00000188846;ENSG00000242485;ENSG00000071082;ENSG00000204316;ENSG00000131469;ENSG00000262814;ENSG00000165502;ENSG00000162244;ENSG00000182899;ENSG00000130312;ENSG00000156482;ENSG00000147604;ENSG00000148303;ENSG00000136522;ENSG00000221983;ENSG00000259494;ENSG00000198242;ENSG00000125691;ENSG00000161970;ENSG00000102317;ENSG00000169288;ENSG00000089009;ENSG00000147403;ENSG00000185608;ENSG00000116221;ENSG00000055950"
"GO","GOCC_CYTOSOLIC_RIBOSOME",4.29516362263032e-13,4.84780800874209e-10,0.932595211336209,0.601887042980273,2.44997609257692,116,"ENSG00000198918;ENSG00000112306;ENSG00000143947;ENSG00000265681;ENSG00000177954;ENSG00000197958;ENSG00000167526;ENSG00000108298;ENSG00000150991;ENSG00000100316;ENSG00000145425;ENSG00000144713;ENSG00000166441;ENSG00000138326;ENSG00000124614;ENSG00000198034;ENSG00000182774;ENSG00000171858;ENSG00000231500;ENSG00000130255;ENSG00000161016;ENSG00000170889;ENSG00000115268;ENSG00000109475;ENSG00000186468;ENSG00000172809;ENSG00000142541;ENSG00000163682;ENSG00000114391;ENSG00000122026;ENSG00000063177;ENSG00000198755;ENSG00000105193;ENSG00000177600;ENSG00000089157;ENSG00000204628;ENSG00000241343;ENSG00000134419;ENSG00000142676;ENSG00000142937;ENSG00000105640;ENSG00000163923;ENSG00000164587;ENSG00000136942;ENSG00000149806;ENSG00000233927;ENSG00000110700;ENSG00000145592;ENSG00000168028;ENSG00000122406;ENSG00000213741;ENSG00000197756;ENSG00000174444;ENSG00000108107;ENSG00000171863;ENSG00000083845;ENSG00000022840;ENSG00000137818;ENSG00000101278;ENSG00000188846;ENSG00000105372;ENSG00000071082;ENSG00000167962;ENSG00000131469;ENSG00000008988;ENSG00000165502;ENSG00000162244;ENSG00000129824;ENSG00000182899;ENSG00000156482;ENSG00000147604;ENSG00000148303;ENSG00000197728;ENSG00000118181;ENSG00000140988;ENSG00000142534;ENSG00000221983;ENSG00000198242;ENSG00000125691;ENSG00000161970;ENSG00000149273;ENSG00000100325;ENSG00000089009;ENSG00000147403;ENSG00000187608"
"GO","GOCC_CYTOSOLIC_LARGE_RIBOSOMAL_SUBUNIT",1.04837994620722e-12,1.01423271367362e-09,0.910119734774459,0.727323871854137,2.60001633754722,55,"ENSG00000198918;ENSG00000265681;ENSG00000197958;ENSG00000167526;ENSG00000108298;ENSG00000100316;ENSG00000144713;ENSG00000166441;ENSG00000130255;ENSG00000161016;ENSG00000109475;ENSG00000172809;ENSG00000142541;ENSG00000163682;ENSG00000114391;ENSG00000122026;ENSG00000063177;ENSG00000198755;ENSG00000177600;ENSG00000089157;ENSG00000241343;ENSG00000142676;ENSG00000105640;ENSG00000163923;ENSG00000136942;ENSG00000145592;ENSG00000122406;ENSG00000197756;ENSG00000174444;ENSG00000108107;ENSG00000137818;ENSG00000188846;ENSG00000071082;ENSG00000131469;ENSG00000165502;ENSG00000162244;ENSG00000182899;ENSG00000156482;ENSG00000147604;ENSG00000148303;ENSG00000221983;ENSG00000198242;ENSG00000125691;ENSG00000161970"
"GO","GOCC_SMALL_RIBOSOMAL_SUBUNIT",2.7014864722969e-10,2.28680829879932e-07,0.814035837847908,0.635626549676294,2.38135474812872,72,"ENSG00000102738;ENSG00000112306;ENSG00000181610;ENSG00000175756;ENSG00000143947;ENSG00000177954;ENSG00000145425;ENSG00000125445;ENSG00000144029;ENSG00000138326;ENSG00000204568;ENSG00000124614;ENSG00000198034;ENSG00000182774;ENSG00000171858;ENSG00000231500;ENSG00000170889;ENSG00000115268;ENSG00000186468;ENSG00000105193;ENSG00000074071;ENSG00000204628;ENSG00000096080;ENSG00000134419;ENSG00000142937;ENSG00000164587;ENSG00000149806;ENSG00000062582;ENSG00000233927;ENSG00000239789;ENSG00000110700;ENSG00000168028;ENSG00000213741;ENSG00000182180;ENSG00000171863;ENSG00000083845;ENSG00000101278;ENSG00000105372;ENSG00000163319;ENSG00000008988;ENSG00000129824;ENSG00000116898;ENSG00000197728;ENSG00000118181;ENSG00000125901;ENSG00000140988;ENSG00000142534"
"GO","GOBP_NEGATIVE_REGULATION_OF_SYNCYTIUM_FORMATION_BY_PLASMA_MEMBRANE_FUSION",4.318809630915e-10,3.24966431339515e-07,0.814035837847908,0.708294338593913,2.46840918157911,49,"ENSG00000198918;ENSG00000265681;ENSG00000197958;ENSG00000167526;ENSG00000108298;ENSG00000144713;ENSG00000166441;ENSG00000130255;ENSG00000161016;ENSG00000109475;ENSG00000172809;ENSG00000142541;ENSG00000163682;ENSG00000114391;ENSG00000122026;ENSG00000063177;ENSG00000198755;ENSG00000177600;ENSG00000089157;ENSG00000241343;ENSG00000142676;ENSG00000105640;ENSG00000136942;ENSG00000145592;ENSG00000122406;ENSG00000197756;ENSG00000174444;ENSG00000108107;ENSG00000137818;ENSG00000188846;ENSG00000071082;ENSG00000131469;ENSG00000162244;ENSG00000182899;ENSG00000156482;ENSG00000147604;ENSG00000148303;ENSG00000221983;ENSG00000198242;ENSG00000125691"
"GO","GOBP_REGULATION_OF_NEURON_PROJECTION_DEVELOPMENT",6.88865043553032e-10,4.66499407494114e-07,0.801215574617779,-0.374145850916514,-1.81620602548805,421,"ENSG00000152377;ENSG00000053108;ENSG00000171517;ENSG00000171094;ENSG00000109756;ENSG00000114166;ENSG00000114251;ENSG00000124126;ENSG00000115414;ENSG00000117280;ENSG00000116106;ENSG00000138311;ENSG00000134909;ENSG00000135298;ENSG00000154096;ENSG00000010810;ENSG00000185924;ENSG00000198947;ENSG00000204099;ENSG00000107290;ENSG00000115993;ENSG00000138411;ENSG00000058866;ENSG00000138623;ENSG00000004468;ENSG00000165527;ENSG00000125249;ENSG00000112175;ENSG00000099250;ENSG00000165323;ENSG00000156299;ENSG00000169032;ENSG00000171533;ENSG00000138760;ENSG00000007944;ENSG00000168389;ENSG00000078699;ENSG00000131711;ENSG00000114315;ENSG00000176749;ENSG00000145868;ENSG00000078018;ENSG00000018236;ENSG00000170385;ENSG00000145147;ENSG00000080644;ENSG00000127870;ENSG00000172197;ENSG00000167178;ENSG00000119283;ENSG00000134313;ENSG00000218336;ENSG00000107104;ENSG00000166170;ENSG00000275342;ENSG00000127603;ENSG00000108061;ENSG00000165802;ENSG00000130203;ENSG00000139116;ENSG00000163558;ENSG00000153266;ENSG00000091129;ENSG00000118200;ENSG00000112902;ENSG00000157764;ENSG00000151490;ENSG00000172461;ENSG00000040341;ENSG00000112715;ENSG00000163785;ENSG00000153707;ENSG00000008086;ENSG00000136040;ENSG00000123268;ENSG00000183762;ENSG00000105711;ENSG00000154310;ENSG00000166579;ENSG00000107779;ENSG00000102572;ENSG00000106460;ENSG00000115297;ENSG00000097007;ENSG00000164961;ENSG00000174953;ENSG00000082701;ENSG00000151239;ENSG00000137872;ENSG00000067141;ENSG00000003402;ENSG00000133104;ENSG00000007168;ENSG00000120332;ENSG00000105426;ENSG00000100503;ENSG00000185008;ENSG00000135387;ENSG00000169855;ENSG00000066084;ENSG00000125676;ENSG00000162676;ENSG00000125266;ENSG00000149557;ENSG00000122859;ENSG00000173406;ENSG00000152208;ENSG00000004399;ENSG00000156642;ENSG00000198576;ENSG00000100393;ENSG00000099942;ENSG00000068971;ENSG00000066735;ENSG00000055917;ENSG00000204217;ENSG00000187764;ENSG00000148660;ENSG00000063015;ENSG00000157193;ENSG00000196396;ENSG00000157240;ENSG00000105186;ENSG00000198742;ENSG00000198825;ENSG00000183049;ENSG00000131095;ENSG00000198908;ENSG00000198799;ENSG00000066248;ENSG00000115355;ENSG00000075213;ENSG00000166949;ENSG00000006740;ENSG00000186907;ENSG00000143418;ENSG00000184349;ENSG00000160007;ENSG00000138814;ENSG00000103319;ENSG00000104967;ENSG00000047597;ENSG00000184304;ENSG00000005810;ENSG00000169330;ENSG00000136603;ENSG00000139220;ENSG00000182580;ENSG00000148053;ENSG00000163110;ENSG00000180370;ENSG00000175745;ENSG00000143322;ENSG00000184402;ENSG00000144724;ENSG00000182704;ENSG00000010319;ENSG00000197892;ENSG00000184014;ENSG00000069869;ENSG00000151615;ENSG00000181754;ENSG00000163291;ENSG00000101126;ENSG00000113657;ENSG00000174804;ENSG00000102383;ENSG00000112697;ENSG00000117598;ENSG00000149658;ENSG00000169306;ENSG00000091409;ENSG00000115310;ENSG00000186868;ENSG00000117385;ENSG00000116473;ENSG00000065320;ENSG00000039068;ENSG00000106683;ENSG00000132932;ENSG00000104332;ENSG00000066032;ENSG00000147852;ENSG00000162733"
"GO","GOBP_CELLULAR_RESPONSE_TO_PEPTIDE_HORMONE_STIMULUS",8.08958485765919e-10,4.98024260509709e-07,0.801215574617779,-0.396320410913991,-1.88274195389563,327,"ENSG00000157445;ENSG00000106070;ENSG00000166888;ENSG00000114166;ENSG00000173175;ENSG00000164879;ENSG00000145675;ENSG00000109320;ENSG00000137145;ENSG00000104635;ENSG00000169174;ENSG00000163884;ENSG00000109458;ENSG00000010810;ENSG00000179295;ENSG00000096968;ENSG00000164742;ENSG00000051523;ENSG00000001084;ENSG00000145545;ENSG00000078295;ENSG00000096717;ENSG00000084733;ENSG00000169032;ENSG00000100344;ENSG00000116285;ENSG00000137936;ENSG00000134318;ENSG00000131711;ENSG00000104660;ENSG00000150907;ENSG00000170027;ENSG00000157500;ENSG00000139687;ENSG00000185591;ENSG00000138031;ENSG00000162104;ENSG00000163069;ENSG00000115904;ENSG00000150867;ENSG00000107104;ENSG00000145192;ENSG00000168461;ENSG00000067900;ENSG00000108061;ENSG00000169047;ENSG00000100485;ENSG00000011405;ENSG00000213625;ENSG00000163558;ENSG00000138768;ENSG00000103994;ENSG00000171612;ENSG00000149212;ENSG00000151422;ENSG00000117020;ENSG00000197535;ENSG00000136044;ENSG00000091039;ENSG00000004799;ENSG00000070961;ENSG00000132356;ENSG00000136628;ENSG00000118260;ENSG00000166579;ENSG00000134982;ENSG00000082701;ENSG00000136111;ENSG00000184811;ENSG00000149639;ENSG00000111319;ENSG00000172059;ENSG00000274211;ENSG00000253729;ENSG00000134240;ENSG00000105835;ENSG00000003402;ENSG00000259207;ENSG00000109787;ENSG00000137642;ENSG00000198793;ENSG00000100030;ENSG00000166147;ENSG00000067606;ENSG00000143799;ENSG00000144891;ENSG00000069275;ENSG00000182621;ENSG00000114302;ENSG00000084676;ENSG00000140396;ENSG00000122641;ENSG00000154229;ENSG00000198900;ENSG00000146247;ENSG00000137449;ENSG00000119912;ENSG00000166263;ENSG00000196396;ENSG00000108946;ENSG00000173473;ENSG00000147140;ENSG00000147162;ENSG00000197594;ENSG00000178752;ENSG00000036257;ENSG00000168610;ENSG00000169398;ENSG00000159346;ENSG00000184481;ENSG00000140992;ENSG00000140443;ENSG00000204406;ENSG00000196660;ENSG00000138814;ENSG00000143627;ENSG00000103319;ENSG00000184304;ENSG00000162434;ENSG00000112164;ENSG00000153234;ENSG00000100219"
"GO","GOBP_RESPONSE_TO_PEPTIDE_HORMONE",9.32179062059124e-09,5.26059717355366e-06,0.747739663149885,-0.361067526443525,-1.75642469116047,434,"ENSG00000157445;ENSG00000106070;ENSG00000166888;ENSG00000114166;ENSG00000173175;ENSG00000164879;ENSG00000141655;ENSG00000145675;ENSG00000138378;ENSG00000109320;ENSG00000137145;ENSG00000104635;ENSG00000169174;ENSG00000163884;ENSG00000166603;ENSG00000109458;ENSG00000010810;ENSG00000179295;ENSG00000096968;ENSG00000164742;ENSG00000051523;ENSG00000001084;ENSG00000145545;ENSG00000078295;ENSG00000096717;ENSG00000084733;ENSG00000123612;ENSG00000169032;ENSG00000100344;ENSG00000116285;ENSG00000137936;ENSG00000134318;ENSG00000094841;ENSG00000131711;ENSG00000133639;ENSG00000104660;ENSG00000150907;ENSG00000170027;ENSG00000157500;ENSG00000139687;ENSG00000185591;ENSG00000138031;ENSG00000162104;ENSG00000163069;ENSG00000115904;ENSG00000150867;ENSG00000107104;ENSG00000145192;ENSG00000168461;ENSG00000067900;ENSG00000108061;ENSG00000169047;ENSG00000100485;ENSG00000011405;ENSG00000023839;ENSG00000213625;ENSG00000163558;ENSG00000008405;ENSG00000138768;ENSG00000103994;ENSG00000171612;ENSG00000149212;ENSG00000151422;ENSG00000117020;ENSG00000069702;ENSG00000197535;ENSG00000136044;ENSG00000091039;ENSG00000004799;ENSG00000102174;ENSG00000070961;ENSG00000132356;ENSG00000136628;ENSG00000118260;ENSG00000166579;ENSG00000134982;ENSG00000082701;ENSG00000136111;ENSG00000184811;ENSG00000149639;ENSG00000111319;ENSG00000172059;ENSG00000274211;ENSG00000253729;ENSG00000134240;ENSG00000105835;ENSG00000003402;ENSG00000259207;ENSG00000109787;ENSG00000173409;ENSG00000137642;ENSG00000129003;ENSG00000198793;ENSG00000131183;ENSG00000134243;ENSG00000100030;ENSG00000170581;ENSG00000166147;ENSG00000067606;ENSG00000070018;ENSG00000143799;ENSG00000122779;ENSG00000144891;ENSG00000053918;ENSG00000069275;ENSG00000182621;ENSG00000114302;ENSG00000084676;ENSG00000140396;ENSG00000122641;ENSG00000154229;ENSG00000198900;ENSG00000146247;ENSG00000127955;ENSG00000164326;ENSG00000137449;ENSG00000069482;ENSG00000119912;ENSG00000186951;ENSG00000166263;ENSG00000196396;ENSG00000108946;ENSG00000173473;ENSG00000147140;ENSG00000173402;ENSG00000147162;ENSG00000197594;ENSG00000178752;ENSG00000036257;ENSG00000168610;ENSG00000169398;ENSG00000159346;ENSG00000184481;ENSG00000166949;ENSG00000140992;ENSG00000140443;ENSG00000204406;ENSG00000198727;ENSG00000196660;ENSG00000138814;ENSG00000143627;ENSG00000178567;ENSG00000140950;ENSG00000103319;ENSG00000184304;ENSG00000162434;ENSG00000112164;ENSG00000153234;ENSG00000100219;ENSG00000185338;ENSG00000197712;ENSG00000277893;ENSG00000168710;ENSG00000119508;ENSG00000198087;ENSG00000112062;ENSG00000136856;ENSG00000151615;ENSG00000021826;ENSG00000153786;ENSG00000132846;ENSG00000177238;ENSG00000148730;ENSG00000117394;ENSG00000134256"
"GO","GOBP_GLYCOPROTEIN_METABOLIC_PROCESS",1.21045363352782e-08,5.85513714732174e-06,0.747739663149885,-0.376109688141745,-1.80317628350421,361,"ENSG00000008513;ENSG00000175548;ENSG00000253710;ENSG00000134109;ENSG00000143641;ENSG00000162885;ENSG00000111885;ENSG00000109956;ENSG00000179104;ENSG00000144278;ENSG00000109323;ENSG00000111846;ENSG00000109814;ENSG00000116704;ENSG00000204099;ENSG00000131459;ENSG00000170340;ENSG00000023318;ENSG00000112893;ENSG00000111670;ENSG00000115993;ENSG00000141458;ENSG00000163527;ENSG00000187210;ENSG00000183778;ENSG00000153936;ENSG00000111817;ENSG00000198833;ENSG00000033170;ENSG00000151348;ENSG00000138336;ENSG00000102595;ENSG00000164100;ENSG00000154080;ENSG00000113384;ENSG00000198162;ENSG00000169826;ENSG00000175229;ENSG00000176597;ENSG00000153989;ENSG00000214013;ENSG00000178301;ENSG00000102158;ENSG00000100644;ENSG00000109586;ENSG00000187097;ENSG00000187605;ENSG00000106692;ENSG00000139324;ENSG00000134851;ENSG00000175040;ENSG00000167130;ENSG00000249853;ENSG00000169105;ENSG00000187446;ENSG00000172461;ENSG00000114378;ENSG00000131873;ENSG00000152952;ENSG00000187676;ENSG00000239305;ENSG00000163389;ENSG00000162630;ENSG00000136731;ENSG00000158859;ENSG00000136110;ENSG00000116406;ENSG00000124302;ENSG00000123908;ENSG00000106484;ENSG00000204977;ENSG00000134901;ENSG00000196968;ENSG00000071073;ENSG00000104331;ENSG00000086062;ENSG00000185352;ENSG00000182606;ENSG00000057252;ENSG00000125304;ENSG00000010404;ENSG00000115525;ENSG00000182050;ENSG00000135047;ENSG00000151233;ENSG00000198108;ENSG00000101901;ENSG00000182621;ENSG00000164574;ENSG00000171451;ENSG00000139133;ENSG00000184005;ENSG00000138821;ENSG00000171791;ENSG00000182197;ENSG00000174473;ENSG00000168769;ENSG00000145495;ENSG00000138604;ENSG00000086848;ENSG00000177076;ENSG00000172728;ENSG00000204217;ENSG00000173083;ENSG00000163378;ENSG00000133687;ENSG00000118705;ENSG00000100815;ENSG00000113070;ENSG00000173950;ENSG00000135677;ENSG00000116199;ENSG00000155893;ENSG00000140479;ENSG00000147162;ENSG00000102312;ENSG00000162736;ENSG00000223658;ENSG00000119523;ENSG00000106392;ENSG00000131386;ENSG00000196371;ENSG00000164414;ENSG00000070269;ENSG00000175264;ENSG00000164073;ENSG00000101638"
"GO","GOBP_CELL_JUNCTION_ASSEMBLY",1.1885300644685e-08,5.85513714732174e-06,0.747739663149885,-0.346846239691691,-1.70756871836994,496,"ENSG00000064042;ENSG00000174469;ENSG00000109756;ENSG00000197959;ENSG00000163629;ENSG00000114251;ENSG00000115414;ENSG00000135905;ENSG00000053747;ENSG00000171914;ENSG00000141668;ENSG00000117280;ENSG00000144847;ENSG00000134909;ENSG00000140945;ENSG00000135298;ENSG00000112139;ENSG00000112852;ENSG00000013297;ENSG00000154096;ENSG00000129474;ENSG00000144283;ENSG00000158258;ENSG00000197479;ENSG00000185924;ENSG00000170558;ENSG00000121871;ENSG00000152894;ENSG00000075618;ENSG00000062038;ENSG00000173114;ENSG00000175928;ENSG00000198844;ENSG00000165527;ENSG00000125249;ENSG00000099250;ENSG00000140832;ENSG00000112679;ENSG00000144824;ENSG00000115808;ENSG00000134318;ENSG00000131711;ENSG00000184697;ENSG00000143398;ENSG00000104219;ENSG00000139174;ENSG00000161270;ENSG00000075711;ENSG00000183715;ENSG00000131089;ENSG00000166086;ENSG00000157224;ENSG00000120063;ENSG00000046653;ENSG00000021645;ENSG00000069188;ENSG00000186472;ENSG00000124313;ENSG00000067900;ENSG00000127603;ENSG00000081138;ENSG00000011677;ENSG00000185565;ENSG00000120324;ENSG00000074054;ENSG00000116489;ENSG00000149295;ENSG00000091129;ENSG00000073712;ENSG00000151422;ENSG00000082397;ENSG00000151490;ENSG00000150054;ENSG00000040341;ENSG00000112715;ENSG00000163785;ENSG00000153707;ENSG00000136040;ENSG00000066933;ENSG00000186111;ENSG00000183153;ENSG00000179915;ENSG00000076356;ENSG00000134982;ENSG00000097007;ENSG00000165985;ENSG00000118946;ENSG00000186716;ENSG00000076716;ENSG00000071054;ENSG00000221866;ENSG00000187372;ENSG00000101665;ENSG00000128512;ENSG00000259207;ENSG00000065613;ENSG00000150625;ENSG00000164741;ENSG00000105426;ENSG00000124429;ENSG00000243244;ENSG00000081277;ENSG00000168137;ENSG00000131023;ENSG00000113361;ENSG00000151914;ENSG00000163539;ENSG00000185008;ENSG00000135387;ENSG00000113262;ENSG00000166266;ENSG00000114346;ENSG00000151148;ENSG00000125266;ENSG00000148943;ENSG00000150760;ENSG00000142192;ENSG00000104067;ENSG00000065618;ENSG00000171791;ENSG00000206560;ENSG00000152208;ENSG00000004399;ENSG00000132670;ENSG00000174607;ENSG00000156642;ENSG00000128594;ENSG00000110881;ENSG00000154229;ENSG00000099942;ENSG00000055917;ENSG00000057294;ENSG00000187764;ENSG00000186297;ENSG00000054803;ENSG00000035403;ENSG00000029364;ENSG00000170248;ENSG00000196396;ENSG00000173517;ENSG00000148498;ENSG00000152192;ENSG00000079482;ENSG00000065243;ENSG00000179841;ENSG00000157240;ENSG00000173402;ENSG00000147162;ENSG00000146938;ENSG00000166206;ENSG00000139211;ENSG00000169398;ENSG00000198908;ENSG00000166949;ENSG00000062716;ENSG00000126500;ENSG00000186907;ENSG00000184349;ENSG00000163251;ENSG00000196083;ENSG00000130396;ENSG00000103319;ENSG00000261371;ENSG00000115109;ENSG00000005810;ENSG00000113211;ENSG00000164209;ENSG00000182580;ENSG00000148053;ENSG00000177508;ENSG00000185070;ENSG00000135862;ENSG00000027075;ENSG00000163110;ENSG00000180370;ENSG00000196369;ENSG00000044115;ENSG00000177707;ENSG00000105376;ENSG00000225968;ENSG00000152767;ENSG00000139567;ENSG00000181754;ENSG00000072110;ENSG00000162951;ENSG00000171603;ENSG00000101126;ENSG00000185737;ENSG00000184363;ENSG00000156232;ENSG00000169306;ENSG00000114867;ENSG00000091409;ENSG00000115310;ENSG00000114554;ENSG00000186868;ENSG00000116473;ENSG00000151834;ENSG00000196935;ENSG00000065320;ENSG00000039068;ENSG00000146555;ENSG00000104332;ENSG00000102606;ENSG00000154928;ENSG00000147852;ENSG00000168036"
"GO","GOBP_REGULATION_OF_SYNCYTIUM_FORMATION_BY_PLASMA_MEMBRANE_FUSION",1.6614510074065e-08,7.50089748143789e-06,0.73376198835648,0.626593354322012,2.3002307568071,64,"ENSG00000110047;ENSG00000198918;ENSG00000181790;ENSG00000265681;ENSG00000197958;ENSG00000167526;ENSG00000108298;ENSG00000144713;ENSG00000166441;ENSG00000130255;ENSG00000161016;ENSG00000111913;ENSG00000109475;ENSG00000137270;ENSG00000172809;ENSG00000142541;ENSG00000163682;ENSG00000114391;ENSG00000122026;ENSG00000063177;ENSG00000198755;ENSG00000177600;ENSG00000089157;ENSG00000241343;ENSG00000142676;ENSG00000105640;ENSG00000136942;ENSG00000023902;ENSG00000145592;ENSG00000122406;ENSG00000197756;ENSG00000174444;ENSG00000108107;ENSG00000137818;ENSG00000188846;ENSG00000130513;ENSG00000071082;ENSG00000131469;ENSG00000162244;ENSG00000182899;ENSG00000156482;ENSG00000147604;ENSG00000148303;ENSG00000221983;ENSG00000198242;ENSG00000125691"
"GO","GOCC_MITOCHONDRIAL_PROTEIN_CONTAINING_COMPLEX",1.87277508427772e-08,7.92652054420543e-06,0.73376198835648,0.464814411206358,2.00971680061314,182,"ENSG00000102738;ENSG00000162910;ENSG00000214026;ENSG00000171421;ENSG00000196683;ENSG00000181610;ENSG00000175756;ENSG00000130159;ENSG00000166902;ENSG00000112651;ENSG00000128654;ENSG00000250479;ENSG00000215021;ENSG00000172590;ENSG00000126768;ENSG00000125445;ENSG00000144029;ENSG00000204568;ENSG00000105364;ENSG00000174547;ENSG00000156502;ENSG00000184831;ENSG00000172172;ENSG00000197912;ENSG00000005059;ENSG00000125995;ENSG00000074071;ENSG00000151729;ENSG00000167085;ENSG00000217930;ENSG00000214736;ENSG00000256525;ENSG00000096080;ENSG00000174917;ENSG00000183617;ENSG00000062582;ENSG00000239789;ENSG00000104980;ENSG00000204822;ENSG00000087088;ENSG00000111639;ENSG00000099821;ENSG00000182180;ENSG00000143314;ENSG00000180992;ENSG00000167862;ENSG00000086504;ENSG00000177646;ENSG00000214113;ENSG00000173171;ENSG00000242485;ENSG00000010256;ENSG00000204316;ENSG00000262814;ENSG00000163319;ENSG00000100890;ENSG00000072506;ENSG00000116898;ENSG00000105197;ENSG00000130312;ENSG00000130204;ENSG00000173436;ENSG00000183172;ENSG00000099800;ENSG00000136522;ENSG00000125901;ENSG00000100575;ENSG00000148950;ENSG00000184857;ENSG00000259494;ENSG00000140521;ENSG00000169288;ENSG00000004779;ENSG00000244005;ENSG00000084754;ENSG00000147586;ENSG00000148459;ENSG00000185608;ENSG00000116221;ENSG00000055950;ENSG00000122140;ENSG00000150779"
"GO","GOBP_HINDBRAIN_DEVELOPMENT",3.40488327111397e-08,1.35634526541081e-05,0.719512826338911,-0.469339453336303,-2.04310854240389,155,"ENSG00000044574;ENSG00000069667;ENSG00000164494;ENSG00000138311;ENSG00000117707;ENSG00000179295;ENSG00000162992;ENSG00000116729;ENSG00000169379;ENSG00000180881;ENSG00000112175;ENSG00000169032;ENSG00000128602;ENSG00000114315;ENSG00000176749;ENSG00000129159;ENSG00000138802;ENSG00000018236;ENSG00000196924;ENSG00000138685;ENSG00000139352;ENSG00000266524;ENSG00000159131;ENSG00000139874;ENSG00000108576;ENSG00000135919;ENSG00000106692;ENSG00000133026;ENSG00000088812;ENSG00000128881;ENSG00000179915;ENSG00000076356;ENSG00000097007;ENSG00000095139;ENSG00000123607;ENSG00000115966;ENSG00000164741;ENSG00000105426;ENSG00000122859;ENSG00000171791;ENSG00000173406;ENSG00000138795;ENSG00000152208;ENSG00000135049;ENSG00000084676;ENSG00000103657;ENSG00000099942;ENSG00000063015;ENSG00000111087;ENSG00000180509;ENSG00000152192;ENSG00000079482;ENSG00000150093;ENSG00000188613;ENSG00000146938;ENSG00000166206;ENSG00000162736;ENSG00000128573;ENSG00000168267;ENSG00000164209;ENSG00000100095;ENSG00000177551;ENSG00000170075;ENSG00000166833;ENSG00000198707;ENSG00000174804;ENSG00000150361;ENSG00000100147;ENSG00000198719;ENSG00000204103;ENSG00000180613;ENSG00000066032;ENSG00000154928;ENSG00000168036;ENSG00000198804;ENSG00000169057;ENSG00000198728;ENSG00000105953;ENSG00000164778;ENSG00000116906"
"GO","GOBP_CENTRAL_NERVOUS_SYSTEM_NEURON_DIFFERENTIATION",4.11486936444739e-08,1.51620513431078e-05,0.719512826338911,-0.422286241211511,-1.90917150846617,208,"ENSG00000152377;ENSG00000109756;ENSG00000114251;ENSG00000069667;ENSG00000116106;ENSG00000112139;ENSG00000187240;ENSG00000117707;ENSG00000197381;ENSG00000186094;ENSG00000138136;ENSG00000162992;ENSG00000085433;ENSG00000107187;ENSG00000156687;ENSG00000180881;ENSG00000115844;ENSG00000099250;ENSG00000198963;ENSG00000128602;ENSG00000104133;ENSG00000114315;ENSG00000204120;ENSG00000078018;ENSG00000138685;ENSG00000139352;ENSG00000145147;ENSG00000078246;ENSG00000153266;ENSG00000149295;ENSG00000130449;ENSG00000118276;ENSG00000163785;ENSG00000160551;ENSG00000105711;ENSG00000166579;ENSG00000179915;ENSG00000221866;ENSG00000170500;ENSG00000123607;ENSG00000007168;ENSG00000100503;ENSG00000185008;ENSG00000169855;ENSG00000070018;ENSG00000108175;ENSG00000116254;ENSG00000152208;ENSG00000066468;ENSG00000135049;ENSG00000118257;ENSG00000122641;ENSG00000154229;ENSG00000103657;ENSG00000099942;ENSG00000158955;ENSG00000078725;ENSG00000185920;ENSG00000021574;ENSG00000152192;ENSG00000079482;ENSG00000188613;ENSG00000157240;ENSG00000128573;ENSG00000160007;ENSG00000168267;ENSG00000000457;ENSG00000104967;ENSG00000005810;ENSG00000153234;ENSG00000164209;ENSG00000182580;ENSG00000148053;ENSG00000182372;ENSG00000154642;ENSG00000177551;ENSG00000169375;ENSG00000182704;ENSG00000151615;ENSG00000082641;ENSG00000198797;ENSG00000198198;ENSG00000164900;ENSG00000105989;ENSG00000100147;ENSG00000114554;ENSG00000186868;ENSG00000104332;ENSG00000180613;ENSG00000154928;ENSG00000168036;ENSG00000170381;ENSG00000198846;ENSG00000198728;ENSG00000105953;ENSG00000121454;ENSG00000173376;ENSG00000167193;ENSG00000171540;ENSG00000158470;ENSG00000122585"
"GO","GOBP_GLYCOPROTEIN_BIOSYNTHETIC_PROCESS",4.25397187712711e-08,1.51620513431078e-05,0.719512826338911,-0.391345277939459,-1.83737215485438,295,"ENSG00000008513;ENSG00000175548;ENSG00000253710;ENSG00000143641;ENSG00000162885;ENSG00000111885;ENSG00000109956;ENSG00000179104;ENSG00000144278;ENSG00000111846;ENSG00000109814;ENSG00000116704;ENSG00000131459;ENSG00000170340;ENSG00000112893;ENSG00000111670;ENSG00000115993;ENSG00000141458;ENSG00000163527;ENSG00000187210;ENSG00000183778;ENSG00000153936;ENSG00000111817;ENSG00000198833;ENSG00000033170;ENSG00000151348;ENSG00000138336;ENSG00000102595;ENSG00000164100;ENSG00000154080;ENSG00000113384;ENSG00000198162;ENSG00000169826;ENSG00000175229;ENSG00000176597;ENSG00000153989;ENSG00000214013;ENSG00000178301;ENSG00000102158;ENSG00000109586;ENSG00000187097;ENSG00000187605;ENSG00000106692;ENSG00000139324;ENSG00000134851;ENSG00000175040;ENSG00000167130;ENSG00000249853;ENSG00000169105;ENSG00000187446;ENSG00000172461;ENSG00000131873;ENSG00000152952;ENSG00000187676;ENSG00000163389;ENSG00000162630;ENSG00000136731;ENSG00000124302;ENSG00000123908;ENSG00000106484;ENSG00000134901;ENSG00000196968;ENSG00000071073;ENSG00000086062;ENSG00000185352;ENSG00000182606;ENSG00000057252;ENSG00000125304;ENSG00000115525;ENSG00000182050;ENSG00000151233;ENSG00000198108;ENSG00000101901;ENSG00000182621;ENSG00000164574;ENSG00000171451;ENSG00000139133;ENSG00000138821;ENSG00000171791;ENSG00000182197;ENSG00000174473;ENSG00000168769;ENSG00000138604;ENSG00000086848;ENSG00000177076;ENSG00000172728;ENSG00000204217;ENSG00000163378;ENSG00000133687;ENSG00000118705;ENSG00000100815;ENSG00000113070;ENSG00000173950;ENSG00000116199;ENSG00000155893;ENSG00000147162;ENSG00000162736;ENSG00000223658;ENSG00000119523;ENSG00000106392;ENSG00000131386;ENSG00000196371;ENSG00000164414;ENSG00000070269;ENSG00000175264"
"GO","GOBP_FOREBRAIN_DEVELOPMENT",4.4997205180654e-08,1.52360536741694e-05,0.719512826338911,-0.361069102302282,-1.74282054529065,393,"ENSG00000145242;ENSG00000103222;ENSG00000174469;ENSG00000171094;ENSG00000109756;ENSG00000114251;ENSG00000118407;ENSG00000138162;ENSG00000112139;ENSG00000187240;ENSG00000117707;ENSG00000010810;ENSG00000185924;ENSG00000170558;ENSG00000132640;ENSG00000162992;ENSG00000196549;ENSG00000112137;ENSG00000169379;ENSG00000128791;ENSG00000196159;ENSG00000085433;ENSG00000145545;ENSG00000138623;ENSG00000107187;ENSG00000180881;ENSG00000115844;ENSG00000099250;ENSG00000196092;ENSG00000128602;ENSG00000168389;ENSG00000284862;ENSG00000181449;ENSG00000114315;ENSG00000176749;ENSG00000134245;ENSG00000129159;ENSG00000181965;ENSG00000196924;ENSG00000138685;ENSG00000139352;ENSG00000145147;ENSG00000159131;ENSG00000139874;ENSG00000100644;ENSG00000184226;ENSG00000166780;ENSG00000106692;ENSG00000153266;ENSG00000149295;ENSG00000166006;ENSG00000133026;ENSG00000130449;ENSG00000112902;ENSG00000171316;ENSG00000163785;ENSG00000128881;ENSG00000118260;ENSG00000166579;ENSG00000107779;ENSG00000040199;ENSG00000082701;ENSG00000168214;ENSG00000120868;ENSG00000221866;ENSG00000115839;ENSG00000134294;ENSG00000274211;ENSG00000123607;ENSG00000196712;ENSG00000007168;ENSG00000164741;ENSG00000105426;ENSG00000164305;ENSG00000100503;ENSG00000133703;ENSG00000185008;ENSG00000169855;ENSG00000185551;ENSG00000085224;ENSG00000104164;ENSG00000108175;ENSG00000106948;ENSG00000149557;ENSG00000182621;ENSG00000081479;ENSG00000122859;ENSG00000116254;ENSG00000173406;ENSG00000182197;ENSG00000138795;ENSG00000070770;ENSG00000066468;ENSG00000135049;ENSG00000084676;ENSG00000118257;ENSG00000122641;ENSG00000103657;ENSG00000116641;ENSG00000099942;ENSG00000066735;ENSG00000088930;ENSG00000157193;ENSG00000058668;ENSG00000077097;ENSG00000111087;ENSG00000152192;ENSG00000079482;ENSG00000110436;ENSG00000075213;ENSG00000197121;ENSG00000128573;ENSG00000186907;ENSG00000167680;ENSG00000160007;ENSG00000165533;ENSG00000164828;ENSG00000157933;ENSG00000153993;ENSG00000166148;ENSG00000132692;ENSG00000112238;ENSG00000153234;ENSG00000182580;ENSG00000148053;ENSG00000277893;ENSG00000136527;ENSG00000154642;ENSG00000177551;ENSG00000147526;ENSG00000169375;ENSG00000119508;ENSG00000070614;ENSG00000182704;ENSG00000116750;ENSG00000010319"
"GO","GOBP_RESPONSE_TO_ENDOPLASMIC_RETICULUM_STRESS",5.46969047342411e-08,1.76384494695372e-05,0.719512826338911,-0.389865121922476,-1.82031791925329,282,"ENSG00000155660;ENSG00000051108;ENSG00000149428;ENSG00000044574;ENSG00000165192;ENSG00000166598;ENSG00000145050;ENSG00000071537;ENSG00000143870;ENSG00000102580;ENSG00000134109;ENSG00000145675;ENSG00000111885;ENSG00000151883;ENSG00000174437;ENSG00000124164;ENSG00000023318;ENSG00000127022;ENSG00000163527;ENSG00000172071;ENSG00000135842;ENSG00000198833;ENSG00000096717;ENSG00000122557;ENSG00000179218;ENSG00000113194;ENSG00000014123;ENSG00000158615;ENSG00000091436;ENSG00000198162;ENSG00000185615;ENSG00000118217;ENSG00000178301;ENSG00000198836;ENSG00000111684;ENSG00000215301;ENSG00000144468;ENSG00000050130;ENSG00000145860;ENSG00000139324;ENSG00000205838;ENSG00000171763;ENSG00000117020;ENSG00000239305;ENSG00000077232;ENSG00000132824;ENSG00000128965;ENSG00000116406;ENSG00000139921;ENSG00000144224;ENSG00000097007;ENSG00000164463;ENSG00000082701;ENSG00000120868;ENSG00000167004;ENSG00000204977;ENSG00000153132;ENSG00000197930;ENSG00000115806;ENSG00000113296;ENSG00000012174;ENSG00000198168;ENSG00000182158;ENSG00000165188;ENSG00000136813;ENSG00000138617;ENSG00000197442;ENSG00000147475;ENSG00000086598;ENSG00000179941;ENSG00000121060;ENSG00000142192;ENSG00000134001;ENSG00000110344;ENSG00000171791;ENSG00000145495;ENSG00000150995;ENSG00000172216;ENSG00000108588;ENSG00000178607;ENSG00000135018;ENSG00000120686;ENSG00000136986;ENSG00000157613;ENSG00000189050;ENSG00000175197;ENSG00000153094;ENSG00000196396;ENSG00000128590;ENSG00000188021;ENSG00000168610;ENSG00000106100;ENSG00000140943;ENSG00000130939;ENSG00000277443;ENSG00000120948;ENSG00000161905;ENSG00000165280;ENSG00000113811;ENSG00000072849;ENSG00000099219"
"GO","GOCC_RESPIRATORY_CHAIN_COMPLEX",7.33757722432736e-08,2.25863968014295e-05,0.704975715167238,0.519788389255541,2.10886096703016,113,"ENSG00000154723;ENSG00000125375;ENSG00000099624;ENSG00000167792;ENSG00000233954;ENSG00000183648;ENSG00000136521;ENSG00000110717;ENSG00000145494;ENSG00000164919;ENSG00000140740;ENSG00000074582;ENSG00000124172;ENSG00000126267;ENSG00000135390;ENSG00000099795;ENSG00000213619;ENSG00000184076;ENSG00000174886;ENSG00000169020;ENSG00000249222;ENSG00000147123;ENSG00000131143;ENSG00000115286;ENSG00000241837;ENSG00000186010;ENSG00000156411;ENSG00000164258;ENSG00000179091;ENSG00000159199;ENSG00000160194;ENSG00000140990;ENSG00000065518;ENSG00000090266;ENSG00000112695;ENSG00000168653;ENSG00000148290;ENSG00000010256;ENSG00000135940;ENSG00000189043;ENSG00000167863;ENSG00000241468;ENSG00000127184;ENSG00000109390;ENSG00000117118;ENSG00000127540;ENSG00000170516;ENSG00000165264;ENSG00000004779;ENSG00000139180;ENSG00000267855;ENSG00000125356;ENSG00000165629;ENSG00000178741;ENSG00000173660;ENSG00000111775;ENSG00000166136;ENSG00000198840"
"GO","GOBP_PROTON_MOTIVE_FORCE_DRIVEN_ATP_SYNTHESIS",9.92467274178831e-08,2.92216886119089e-05,0.704975715167238,0.569272731901143,2.15357971645481,76,"ENSG00000154723;ENSG00000099624;ENSG00000075399;ENSG00000167792;ENSG00000183648;ENSG00000176410;ENSG00000136521;ENSG00000110717;ENSG00000145494;ENSG00000124172;ENSG00000135390;ENSG00000099795;ENSG00000213619;ENSG00000174886;ENSG00000169020;ENSG00000249222;ENSG00000147123;ENSG00000115286;ENSG00000241837;ENSG00000186010;ENSG00000156411;ENSG00000164258;ENSG00000165283;ENSG00000159199;ENSG00000160194;ENSG00000140990;ENSG00000065518;ENSG00000090266;ENSG00000168653;ENSG00000167863;ENSG00000241468;ENSG00000109390;ENSG00000117118;ENSG00000165264;ENSG00000004779;ENSG00000139180;ENSG00000267855;ENSG00000125356;ENSG00000165629;ENSG00000185883;ENSG00000166136;ENSG00000198840;ENSG00000103254;ENSG00000173915;ENSG00000130414;ENSG00000170906"
"GO","GOCC_CYTOSOLIC_SMALL_RIBOSOMAL_SUBUNIT",1.21628105156958e-07,3.43193970051217e-05,0.690132458796796,0.691981115731908,2.31257362450533,39,"ENSG00000112306;ENSG00000143947;ENSG00000177954;ENSG00000145425;ENSG00000138326;ENSG00000124614;ENSG00000198034;ENSG00000182774;ENSG00000171858;ENSG00000231500;ENSG00000170889;ENSG00000115268;ENSG00000186468;ENSG00000105193;ENSG00000204628;ENSG00000134419;ENSG00000142937;ENSG00000164587;ENSG00000149806;ENSG00000233927;ENSG00000110700;ENSG00000168028;ENSG00000213741;ENSG00000171863;ENSG00000083845;ENSG00000101278;ENSG00000105372;ENSG00000008988;ENSG00000129824;ENSG00000197728;ENSG00000118181;ENSG00000140988;ENSG00000142534;ENSG00000149273"
"GO","GOBP_REGULATION_OF_NERVOUS_SYSTEM_DEVELOPMENT",1.33721643067453e-07,3.62225186741116e-05,0.690132458796796,-0.349510255947215,-1.69394844731551,413,"ENSG00000053108;ENSG00000171517;ENSG00000143507;ENSG00000109756;ENSG00000163629;ENSG00000114251;ENSG00000115414;ENSG00000146072;ENSG00000141668;ENSG00000116106;ENSG00000138311;ENSG00000135298;ENSG00000090520;ENSG00000154096;ENSG00000071794;ENSG00000158258;ENSG00000154721;ENSG00000185924;ENSG00000121871;ENSG00000112893;ENSG00000196549;ENSG00000115993;ENSG00000164659;ENSG00000172071;ENSG00000106278;ENSG00000138623;ENSG00000173114;ENSG00000175928;ENSG00000164683;ENSG00000134352;ENSG00000115844;ENSG00000133794;ENSG00000099250;ENSG00000156299;ENSG00000169032;ENSG00000128602;ENSG00000171533;ENSG00000131711;ENSG00000014123;ENSG00000114315;ENSG00000075711;ENSG00000078018;ENSG00000170385;ENSG00000139352;ENSG00000145147;ENSG00000127870;ENSG00000174405;ENSG00000163909;ENSG00000167178;ENSG00000134107;ENSG00000100644;ENSG00000124313;ENSG00000127603;ENSG00000135919;ENSG00000163558;ENSG00000153266;ENSG00000149295;ENSG00000112902;ENSG00000171316;ENSG00000157764;ENSG00000136044;ENSG00000040341;ENSG00000112715;ENSG00000163785;ENSG00000153707;ENSG00000008086;ENSG00000136040;ENSG00000087053;ENSG00000107779;ENSG00000131263;ENSG00000115297;ENSG00000179915;ENSG00000065526;ENSG00000106484;ENSG00000174953;ENSG00000137872;ENSG00000121966;ENSG00000196712;ENSG00000103257;ENSG00000133104;ENSG00000100697;ENSG00000007168;ENSG00000137642;ENSG00000105426;ENSG00000198793;ENSG00000100503;ENSG00000185008;ENSG00000135387;ENSG00000169855;ENSG00000066084;ENSG00000102081;ENSG00000104290;ENSG00000081479;ENSG00000173406;ENSG00000138795;ENSG00000152208;ENSG00000004399;ENSG00000156642;ENSG00000154229;ENSG00000116641;ENSG00000179111;ENSG00000130164;ENSG00000204217;ENSG00000175505;ENSG00000187764;ENSG00000078725;ENSG00000186298;ENSG00000157193;ENSG00000265763;ENSG00000148498;ENSG00000152192;ENSG00000119401;ENSG00000105186;ENSG00000173402;ENSG00000198742;ENSG00000131095;ENSG00000139211;ENSG00000198908;ENSG00000126500;ENSG00000186907;ENSG00000143418;ENSG00000135547;ENSG00000184349;ENSG00000196083;ENSG00000196584;ENSG00000138814;ENSG00000157933;ENSG00000103319;ENSG00000136603;ENSG00000182580;ENSG00000148053;ENSG00000171368;ENSG00000134323;ENSG00000185070;ENSG00000027075;ENSG00000044115;ENSG00000184402;ENSG00000112531;ENSG00000010319;ENSG00000149256;ENSG00000151615;ENSG00000181754;ENSG00000170075;ENSG00000162951;ENSG00000171603;ENSG00000101126;ENSG00000164900;ENSG00000174804;ENSG00000079246;ENSG00000105989;ENSG00000169306;ENSG00000115310;ENSG00000100462;ENSG00000186868;ENSG00000198719;ENSG00000065320;ENSG00000039068;ENSG00000106683;ENSG00000133961;ENSG00000180613;ENSG00000154928;ENSG00000168036"
"GO","GOBP_WNT_SIGNALING_PATHWAY",1.67162930836229e-07,4.35395141393439e-05,0.690132458796796,-0.338388347445411,-1.65316474932044,454,"ENSG00000261594;ENSG00000166598;ENSG00000106070;ENSG00000124766;ENSG00000109189;ENSG00000114251;ENSG00000183579;ENSG00000155760;ENSG00000121210;ENSG00000101109;ENSG00000109320;ENSG00000073711;ENSG00000163884;ENSG00000185483;ENSG00000144642;ENSG00000150457;ENSG00000083799;ENSG00000170558;ENSG00000154124;ENSG00000116729;ENSG00000100592;ENSG00000062038;ENSG00000102678;ENSG00000072803;ENSG00000133794;ENSG00000156299;ENSG00000039600;ENSG00000115808;ENSG00000181449;ENSG00000165617;ENSG00000134245;ENSG00000150907;ENSG00000139174;ENSG00000106723;ENSG00000081059;ENSG00000138685;ENSG00000144566;ENSG00000169118;ENSG00000205269;ENSG00000113712;ENSG00000108100;ENSG00000110987;ENSG00000162998;ENSG00000107104;ENSG00000075275;ENSG00000127603;ENSG00000130203;ENSG00000060237;ENSG00000215301;ENSG00000145907;ENSG00000140807;ENSG00000100281;ENSG00000134371;ENSG00000149295;ENSG00000144560;ENSG00000073712;ENSG00000112902;ENSG00000151490;ENSG00000015133;ENSG00000186767;ENSG00000163785;ENSG00000183762;ENSG00000178343;ENSG00000166167;ENSG00000154310;ENSG00000132356;ENSG00000163904;ENSG00000134982;ENSG00000125398;ENSG00000097007;ENSG00000020181;ENSG00000138592;ENSG00000106484;ENSG00000082701;ENSG00000168214;ENSG00000076716;ENSG00000143126;ENSG00000151292;ENSG00000123607;ENSG00000101665;ENSG00000155755;ENSG00000113966;ENSG00000180730;ENSG00000138032;ENSG00000115464;ENSG00000180694;ENSG00000272398;ENSG00000105672;ENSG00000101311;ENSG00000107854;ENSG00000131023;ENSG00000140682;ENSG00000251493;ENSG00000070018;ENSG00000187098;ENSG00000018408;ENSG00000164930;ENSG00000196632;ENSG00000179528;ENSG00000104290;ENSG00000119541;ENSG00000142192;ENSG00000182197;ENSG00000138795;ENSG00000070770;ENSG00000104517;ENSG00000066468;ENSG00000064195;ENSG00000115216;ENSG00000114904;ENSG00000181788;ENSG00000137815;ENSG00000198561;ENSG00000100393;ENSG00000171243;ENSG00000172819;ENSG00000158955;ENSG00000139697;ENSG00000173273;ENSG00000184634;ENSG00000114030;ENSG00000177485;ENSG00000101849;ENSG00000175197;ENSG00000111087;ENSG00000205213;ENSG00000118689;ENSG00000170242;ENSG00000019995;ENSG00000058091;ENSG00000173218;ENSG00000157240;ENSG00000198742;ENSG00000108375;ENSG00000197943;ENSG00000036257;ENSG00000102312;ENSG00000166949;ENSG00000104375;ENSG00000100744;ENSG00000163251;ENSG00000184675;ENSG00000165280;ENSG00000198730;ENSG00000101266;ENSG00000157933"
"GO","GOBP_NEGATIVE_REGULATION_OF_CELL_PROJECTION_ORGANIZATION",2.12868852182179e-07,5.33906617399155e-05,0.690132458796796,-0.43367924253572,-1.92373954200432,178,"ENSG00000152377;ENSG00000053108;ENSG00000109756;ENSG00000114251;ENSG00000117280;ENSG00000116106;ENSG00000138311;ENSG00000154096;ENSG00000010810;ENSG00000185924;ENSG00000204099;ENSG00000115993;ENSG00000111490;ENSG00000004468;ENSG00000084733;ENSG00000165527;ENSG00000099250;ENSG00000165323;ENSG00000007944;ENSG00000078699;ENSG00000114315;ENSG00000171867;ENSG00000078018;ENSG00000184292;ENSG00000145147;ENSG00000127870;ENSG00000107104;ENSG00000166170;ENSG00000182504;ENSG00000275342;ENSG00000103540;ENSG00000130203;ENSG00000127328;ENSG00000112902;ENSG00000151490;ENSG00000070087;ENSG00000169641;ENSG00000163785;ENSG00000183762;ENSG00000051825;ENSG00000115297;ENSG00000179915;ENSG00000137872;ENSG00000067141;ENSG00000133104;ENSG00000007168;ENSG00000105426;ENSG00000050405;ENSG00000131725;ENSG00000066084;ENSG00000125676;ENSG00000145979;ENSG00000162676;ENSG00000125266;ENSG00000136536;ENSG00000142192;ENSG00000173406;ENSG00000138604;ENSG00000196396;ENSG00000111837;ENSG00000119401;ENSG00000122417;ENSG00000198825;ENSG00000131095;ENSG00000198799;ENSG00000066248;ENSG00000075213;ENSG00000006740;ENSG00000186907;ENSG00000143418;ENSG00000047849"
"GO","GOBP_RESPONSE_TO_INSULIN",2.47718018063692e-07,5.99123720831187e-05,0.674962860011025,-0.39035681478321,-1.81494825831366,272,"ENSG00000106070;ENSG00000114166;ENSG00000164879;ENSG00000141655;ENSG00000145675;ENSG00000137145;ENSG00000104635;ENSG00000169174;ENSG00000163884;ENSG00000166603;ENSG00000109458;ENSG00000179295;ENSG00000001084;ENSG00000145545;ENSG00000096717;ENSG00000084733;ENSG00000123612;ENSG00000169032;ENSG00000100344;ENSG00000116285;ENSG00000137936;ENSG00000094841;ENSG00000150907;ENSG00000170027;ENSG00000157500;ENSG00000139687;ENSG00000185591;ENSG00000163069;ENSG00000115904;ENSG00000150867;ENSG00000107104;ENSG00000145192;ENSG00000168461;ENSG00000169047;ENSG00000100485;ENSG00000011405;ENSG00000023839;ENSG00000163558;ENSG00000008405;ENSG00000138768;ENSG00000103994;ENSG00000171612;ENSG00000149212;ENSG00000151422;ENSG00000117020;ENSG00000197535;ENSG00000136044;ENSG00000091039;ENSG00000004799;ENSG00000070961;ENSG00000132356;ENSG00000136628;ENSG00000166579;ENSG00000134982;ENSG00000082701;ENSG00000136111;ENSG00000184811;ENSG00000149639;ENSG00000274211;ENSG00000253729;ENSG00000134240;ENSG00000105835;ENSG00000003402;ENSG00000173409;ENSG00000137642;ENSG00000129003;ENSG00000198793;ENSG00000134243;ENSG00000100030;ENSG00000067606;ENSG00000143799;ENSG00000053918;ENSG00000069275;ENSG00000084676;ENSG00000140396;ENSG00000146247;ENSG00000164326;ENSG00000137449;ENSG00000069482;ENSG00000119912;ENSG00000186951;ENSG00000166263;ENSG00000196396;ENSG00000173473;ENSG00000147162;ENSG00000197594;ENSG00000178752;ENSG00000036257;ENSG00000159346;ENSG00000184481;ENSG00000140992;ENSG00000140443;ENSG00000143627;ENSG00000178567;ENSG00000140950;ENSG00000103319"
"GO","GOBP_CELLULAR_RESPONSE_TO_INSULIN_STIMULUS",2.67881984672879e-07,6.25550620760254e-05,0.674962860011025,-0.415950998419656,-1.88542939111212,212,"ENSG00000106070;ENSG00000114166;ENSG00000164879;ENSG00000145675;ENSG00000137145;ENSG00000104635;ENSG00000169174;ENSG00000109458;ENSG00000179295;ENSG00000001084;ENSG00000145545;ENSG00000096717;ENSG00000084733;ENSG00000169032;ENSG00000100344;ENSG00000116285;ENSG00000137936;ENSG00000150907;ENSG00000170027;ENSG00000157500;ENSG00000139687;ENSG00000185591;ENSG00000163069;ENSG00000115904;ENSG00000150867;ENSG00000107104;ENSG00000145192;ENSG00000168461;ENSG00000169047;ENSG00000100485;ENSG00000011405;ENSG00000163558;ENSG00000138768;ENSG00000103994;ENSG00000171612;ENSG00000149212;ENSG00000151422;ENSG00000117020;ENSG00000197535;ENSG00000136044;ENSG00000091039;ENSG00000004799;ENSG00000070961;ENSG00000132356;ENSG00000136628;ENSG00000166579;ENSG00000134982;ENSG00000082701;ENSG00000136111;ENSG00000184811;ENSG00000149639;ENSG00000274211;ENSG00000253729;ENSG00000134240;ENSG00000105835;ENSG00000003402;ENSG00000137642;ENSG00000198793;ENSG00000100030;ENSG00000067606;ENSG00000143799;ENSG00000069275;ENSG00000084676;ENSG00000140396;ENSG00000146247;ENSG00000137449;ENSG00000119912;ENSG00000166263;ENSG00000196396;ENSG00000173473;ENSG00000147162;ENSG00000197594;ENSG00000178752;ENSG00000036257;ENSG00000159346;ENSG00000184481;ENSG00000140992;ENSG00000140443"
"GO","GOBP_PHOSPHOLIPID_BIOSYNTHETIC_PROCESS",2.93449662167891e-07,6.62413704066985e-05,0.674962860011025,-0.392729798831687,-1.81112064928519,250,"ENSG00000198964;ENSG00000003987;ENSG00000145675;ENSG00000122591;ENSG00000129474;ENSG00000113161;ENSG00000204385;ENSG00000040933;ENSG00000058866;ENSG00000129353;ENSG00000174227;ENSG00000112972;ENSG00000097033;ENSG00000162769;ENSG00000153933;ENSG00000100344;ENSG00000168389;ENSG00000143398;ENSG00000139914;ENSG00000155744;ENSG00000123983;ENSG00000070748;ENSG00000153989;ENSG00000011198;ENSG00000090054;ENSG00000155189;ENSG00000100311;ENSG00000172197;ENSG00000161217;ENSG00000150867;ENSG00000111684;ENSG00000277161;ENSG00000157680;ENSG00000011405;ENSG00000100596;ENSG00000165195;ENSG00000102230;ENSG00000078269;ENSG00000138018;ENSG00000122335;ENSG00000108389;ENSG00000167130;ENSG00000038210;ENSG00000196455;ENSG00000084710;ENSG00000187446;ENSG00000198382;ENSG00000122126;ENSG00000070214;ENSG00000110536;ENSG00000119927;ENSG00000087053;ENSG00000145740;ENSG00000116171;ENSG00000186111;ENSG00000197601;ENSG00000063601;ENSG00000133056;ENSG00000134240;ENSG00000143797;ENSG00000133731;ENSG00000104331;ENSG00000123684;ENSG00000139144;ENSG00000162909;ENSG00000085719;ENSG00000149485;ENSG00000159082;ENSG00000143315;ENSG00000188313;ENSG00000078142;ENSG00000088766;ENSG00000126775;ENSG00000101290;ENSG00000157106;ENSG00000211456;ENSG00000109452;ENSG00000138413;ENSG00000158201;ENSG00000111897;ENSG00000198825;ENSG00000060642;ENSG00000197943;ENSG00000100884;ENSG00000149311;ENSG00000075651;ENSG00000095209;ENSG00000197121;ENSG00000161905;ENSG00000115020;ENSG00000153395;ENSG00000197461;ENSG00000197296;ENSG00000102780;ENSG00000100219;ENSG00000139163;ENSG00000132294;ENSG00000136267;ENSG00000175283;ENSG00000179598;ENSG00000172954;ENSG00000139505"
"GO","GOMF_PHOSPHOLIPID_BINDING",3.31736367031163e-07,7.2468344436614e-05,0.674962860011025,-0.328858337468095,-1.61580707958346,485,"ENSG00000171517;ENSG00000196353;ENSG00000116117;ENSG00000109756;ENSG00000132975;ENSG00000117868;ENSG00000147041;ENSG00000114251;ENSG00000124126;ENSG00000155760;ENSG00000101384;ENSG00000134909;ENSG00000140948;ENSG00000272636;ENSG00000118242;ENSG00000139112;ENSG00000154096;ENSG00000148158;ENSG00000143858;ENSG00000104205;ENSG00000165029;ENSG00000157483;ENSG00000123700;ENSG00000196549;ENSG00000177182;ENSG00000170873;ENSG00000130340;ENSG00000141664;ENSG00000118473;ENSG00000231991;ENSG00000204176;ENSG00000138760;ENSG00000100344;ENSG00000064652;ENSG00000123104;ENSG00000084674;ENSG00000131711;ENSG00000071189;ENSG00000100266;ENSG00000113384;ENSG00000213585;ENSG00000102189;ENSG00000147164;ENSG00000146005;ENSG00000164066;ENSG00000157500;ENSG00000159023;ENSG00000132465;ENSG00000131015;ENSG00000078246;ENSG00000161217;ENSG00000106086;ENSG00000198836;ENSG00000120451;ENSG00000186472;ENSG00000086300;ENSG00000049283;ENSG00000011405;ENSG00000130203;ENSG00000170743;ENSG00000102230;ENSG00000163558;ENSG00000157077;ENSG00000144645;ENSG00000163093;ENSG00000129515;ENSG00000158987;ENSG00000085449;ENSG00000073712;ENSG00000139641;ENSG00000099290;ENSG00000136449;ENSG00000136044;ENSG00000070087;ENSG00000091039;ENSG00000164430;ENSG00000170633;ENSG00000019505;ENSG00000185722;ENSG00000143469;ENSG00000089169;ENSG00000133056;ENSG00000127946;ENSG00000151239;ENSG00000066739;ENSG00000145555;ENSG00000196712;ENSG00000008256;ENSG00000039319;ENSG00000113966;ENSG00000173163;ENSG00000011347;ENSG00000073921;ENSG00000140563;ENSG00000048471;ENSG00000007202;ENSG00000086289;ENSG00000213023;ENSG00000139144;ENSG00000187231;ENSG00000085719;ENSG00000143376;ENSG00000186063;ENSG00000053918;ENSG00000163002;ENSG00000182621;ENSG00000128641;ENSG00000140941;ENSG00000141198;ENSG00000157978;ENSG00000130477;ENSG00000150995;ENSG00000139973;ENSG00000133812;ENSG00000124120;ENSG00000157107;ENSG00000107679;ENSG00000052126;ENSG00000143457;ENSG00000132613;ENSG00000169933;ENSG00000155903;ENSG00000113282;ENSG00000146352;ENSG00000148498;ENSG00000079482;ENSG00000181649;ENSG00000198742;ENSG00000147162;ENSG00000163625;ENSG00000033327;ENSG00000157985;ENSG00000100884;ENSG00000147262;ENSG00000115355;ENSG00000075651;ENSG00000111737;ENSG00000100558;ENSG00000023171;ENSG00000172375;ENSG00000006740;ENSG00000184675;ENSG00000161905;ENSG00000160007;ENSG00000175471"
"GO","GOBP_PROTEIN_O_LINKED_GLYCOSYLATION",3.6092640648509e-07,7.63810507724073e-05,0.674962860011025,-0.463116786137685,-2.00217825716363,147,"ENSG00000008513;ENSG00000143641;ENSG00000162885;ENSG00000109956;ENSG00000179104;ENSG00000144278;ENSG00000109814;ENSG00000116704;ENSG00000115993;ENSG00000187210;ENSG00000153936;ENSG00000111817;ENSG00000033170;ENSG00000151348;ENSG00000138336;ENSG00000164100;ENSG00000154080;ENSG00000169826;ENSG00000153989;ENSG00000109586;ENSG00000187605;ENSG00000106692;ENSG00000139324;ENSG00000249853;ENSG00000169105;ENSG00000172461;ENSG00000131873;ENSG00000152952;ENSG00000187676;ENSG00000163389;ENSG00000134901;ENSG00000196968;ENSG00000185352;ENSG00000182606;ENSG00000125304;ENSG00000151233;ENSG00000198108;ENSG00000164574;ENSG00000171451;ENSG00000182197;ENSG00000174473;ENSG00000168769;ENSG00000138604;ENSG00000172728;ENSG00000163378;ENSG00000133687;ENSG00000173950;ENSG00000155893;ENSG00000147162;ENSG00000223658;ENSG00000106392;ENSG00000131386;ENSG00000196371;ENSG00000164414;ENSG00000070269;ENSG00000141429;ENSG00000182601;ENSG00000162694;ENSG00000070614;ENSG00000115526;ENSG00000172986;ENSG00000171155;ENSG00000178202;ENSG00000136840;ENSG00000153976;ENSG00000185900;ENSG00000120519;ENSG00000119514;ENSG00000168036;ENSG00000125247"
"GO","GOBP_RESPONSE_TO_STARVATION",4.52366934307494e-07,9.28311781554652e-05,0.674962860011025,-0.388371048991177,-1.77104604635162,225,"ENSG00000044574;ENSG00000176641;ENSG00000141655;ENSG00000169174;ENSG00000139112;ENSG00000155090;ENSG00000172071;ENSG00000145545;ENSG00000096717;ENSG00000107643;ENSG00000097033;ENSG00000168389;ENSG00000143324;ENSG00000134245;ENSG00000150907;ENSG00000170027;ENSG00000185591;ENSG00000167196;ENSG00000165392;ENSG00000139874;ENSG00000117054;ENSG00000136874;ENSG00000112561;ENSG00000149212;ENSG00000196455;ENSG00000164916;ENSG00000163586;ENSG00000004799;ENSG00000217128;ENSG00000132356;ENSG00000102572;ENSG00000164603;ENSG00000133056;ENSG00000113742;ENSG00000134294;ENSG00000135821;ENSG00000134240;ENSG00000103257;ENSG00000115966;ENSG00000198793;ENSG00000131183;ENSG00000100030;ENSG00000128829;ENSG00000110395;ENSG00000145979;ENSG00000197442;ENSG00000149485;ENSG00000140941;ENSG00000006715;ENSG00000136319;ENSG00000134001;ENSG00000164924;ENSG00000171791;ENSG00000185290;ENSG00000078142;ENSG00000158955;ENSG00000164326;ENSG00000204217;ENSG00000131374;ENSG00000126775;ENSG00000186951;ENSG00000175197;ENSG00000090905;ENSG00000118689;ENSG00000120256;ENSG00000119401;ENSG00000101349;ENSG00000116299;ENSG00000079332;ENSG00000181061;ENSG00000111203;ENSG00000156026;ENSG00000155876;ENSG00000183696;ENSG00000239282;ENSG00000184304;ENSG00000100219;ENSG00000161610;ENSG00000265808;ENSG00000163545;ENSG00000055332;ENSG00000141682;ENSG00000164654;ENSG00000027075;ENSG00000005893;ENSG00000180370;ENSG00000170836;ENSG00000106617;ENSG00000021826;ENSG00000198198;ENSG00000136758;ENSG00000117394;ENSG00000163328;ENSG00000025039;ENSG00000134684;ENSG00000099940;ENSG00000116954;ENSG00000124333;ENSG00000124762;ENSG00000141564;ENSG00000083720;ENSG00000104332;ENSG00000141376;ENSG00000026103;ENSG00000077264;ENSG00000165699;ENSG00000100330;ENSG00000132382;ENSG00000178473;ENSG00000162409"
"GO","GOCC_ORGANELLAR_RIBOSOME",7.15171150647767e-07,0.000139797868981734,0.659444398037935,0.536121772524,2.06693573675436,84,"ENSG00000102738;ENSG00000162910;ENSG00000214026;ENSG00000171421;ENSG00000181610;ENSG00000175756;ENSG00000166902;ENSG00000112651;ENSG00000172590;ENSG00000125445;ENSG00000144029;ENSG00000204568;ENSG00000105364;ENSG00000174547;ENSG00000172172;ENSG00000074071;ENSG00000096080;ENSG00000148824;ENSG00000183617;ENSG00000062582;ENSG00000239789;ENSG00000204822;ENSG00000111639;ENSG00000182180;ENSG00000143314;ENSG00000180992;ENSG00000167862;ENSG00000086504;ENSG00000242485;ENSG00000204316;ENSG00000262814;ENSG00000163319;ENSG00000116898;ENSG00000130312;ENSG00000136522;ENSG00000125901;ENSG00000259494;ENSG00000101181;ENSG00000169288;ENSG00000147586;ENSG00000185608;ENSG00000116221;ENSG00000055950;ENSG00000122140"
"GO","GOBP_DENDRITE_DEVELOPMENT",7.22522949551194e-07,0.000139797868981734,0.659444398037935,-0.38970031144348,-1.78440732145254,233,"ENSG00000053108;ENSG00000144711;ENSG00000171094;ENSG00000109756;ENSG00000124126;ENSG00000135905;ENSG00000116106;ENSG00000138311;ENSG00000134909;ENSG00000135298;ENSG00000010810;ENSG00000132640;ENSG00000112137;ENSG00000115993;ENSG00000138411;ENSG00000058866;ENSG00000180881;ENSG00000165527;ENSG00000125249;ENSG00000112175;ENSG00000099250;ENSG00000165323;ENSG00000171533;ENSG00000110911;ENSG00000168389;ENSG00000170775;ENSG00000118263;ENSG00000115808;ENSG00000131711;ENSG00000176749;ENSG00000139174;ENSG00000078018;ENSG00000068305;ENSG00000170385;ENSG00000080644;ENSG00000165802;ENSG00000130203;ENSG00000153266;ENSG00000118200;ENSG00000040341;ENSG00000153707;ENSG00000008086;ENSG00000154310;ENSG00000107779;ENSG00000106460;ENSG00000115297;ENSG00000097007;ENSG00000174953;ENSG00000082701;ENSG00000143126;ENSG00000007168;ENSG00000073921;ENSG00000105426;ENSG00000135387;ENSG00000136754;ENSG00000102081;ENSG00000122859;ENSG00000142192;ENSG00000173406;ENSG00000198576;ENSG00000099942;ENSG00000187764;ENSG00000132561;ENSG00000063015;ENSG00000157193;ENSG00000150093;ENSG00000160305;ENSG00000105186;ENSG00000183049;ENSG00000166206;ENSG00000198908;ENSG00000066248;ENSG00000069956;ENSG00000075213;ENSG00000166949;ENSG00000126500;ENSG00000006740;ENSG00000138814;ENSG00000103319;ENSG00000164209;ENSG00000139220;ENSG00000182580;ENSG00000071051;ENSG00000154642;ENSG00000101040;ENSG00000163110;ENSG00000180370;ENSG00000184402;ENSG00000152767;ENSG00000106299;ENSG00000069869;ENSG00000166963;ENSG00000198785"
"GO","GOCC_SYNAPTIC_MEMBRANE",7.91327744854115e-07,0.000148857541337557,0.659444398037935,-0.335266717865597,-1.62859931673511,428,"ENSG00000157445;ENSG00000144711;ENSG00000174469;ENSG00000125675;ENSG00000116106;ENSG00000135298;ENSG00000178695;ENSG00000166664;ENSG00000116675;ENSG00000158258;ENSG00000183454;ENSG00000036828;ENSG00000117600;ENSG00000198947;ENSG00000121871;ENSG00000107362;ENSG00000123700;ENSG00000152818;ENSG00000164742;ENSG00000182771;ENSG00000135750;ENSG00000082482;ENSG00000099250;ENSG00000154654;ENSG00000115665;ENSG00000158445;ENSG00000149970;ENSG00000149403;ENSG00000115808;ENSG00000064547;ENSG00000152578;ENSG00000129159;ENSG00000075711;ENSG00000184984;ENSG00000018236;ENSG00000170385;ENSG00000080644;ENSG00000131389;ENSG00000169684;ENSG00000050438;ENSG00000180233;ENSG00000021645;ENSG00000157680;ENSG00000008277;ENSG00000183775;ENSG00000124313;ENSG00000108576;ENSG00000184226;ENSG00000011677;ENSG00000198934;ENSG00000186908;ENSG00000082805;ENSG00000171208;ENSG00000149295;ENSG00000166006;ENSG00000091129;ENSG00000151490;ENSG00000153956;ENSG00000163785;ENSG00000153707;ENSG00000125510;ENSG00000137845;ENSG00000181104;ENSG00000163873;ENSG00000070961;ENSG00000087053;ENSG00000006451;ENSG00000138435;ENSG00000171189;ENSG00000143801;ENSG00000156395;ENSG00000147044;ENSG00000179915;ENSG00000118873;ENSG00000089169;ENSG00000163686;ENSG00000118946;ENSG00000187372;ENSG00000067141;ENSG00000259207;ENSG00000150625;ENSG00000118596;ENSG00000011347;ENSG00000073921;ENSG00000133019;ENSG00000105426;ENSG00000151025;ENSG00000102081;ENSG00000136750;ENSG00000125266;ENSG00000114646;ENSG00000104290;ENSG00000114948;ENSG00000159082;ENSG00000136379;ENSG00000148943;ENSG00000142192;ENSG00000067842;ENSG00000130477;ENSG00000152208;ENSG00000097096;ENSG00000156642;ENSG00000128594;ENSG00000198576;ENSG00000107282;ENSG00000118257;ENSG00000138138;ENSG00000110881;ENSG00000099942;ENSG00000187764;ENSG00000152910;ENSG00000186297;ENSG00000109738;ENSG00000157193;ENSG00000058668;ENSG00000185920;ENSG00000111450;ENSG00000243902;ENSG00000105464;ENSG00000150093;ENSG00000110436;ENSG00000116329;ENSG00000179841;ENSG00000118432;ENSG00000173402;ENSG00000181418;ENSG00000150672;ENSG00000146938;ENSG00000166206;ENSG00000116032;ENSG00000162736;ENSG00000156113"
"GO","GOBP_RENAL_SYSTEM_DEVELOPMENT",8.69411761742471e-07,0.000159125850014054,0.659444398037935,-0.354517783851193,-1.67286649037297,307,"ENSG00000124766;ENSG00000153162;ENSG00000114251;ENSG00000204104;ENSG00000101384;ENSG00000116106;ENSG00000167034;ENSG00000169174;ENSG00000163884;ENSG00000187240;ENSG00000117707;ENSG00000169031;ENSG00000157483;ENSG00000196549;ENSG00000170873;ENSG00000187210;ENSG00000153936;ENSG00000166224;ENSG00000125812;ENSG00000099250;ENSG00000128602;ENSG00000156466;ENSG00000164619;ENSG00000069248;ENSG00000081052;ENSG00000114315;ENSG00000134245;ENSG00000139174;ENSG00000161270;ENSG00000203710;ENSG00000075711;ENSG00000030066;ENSG00000138685;ENSG00000184292;ENSG00000145147;ENSG00000150347;ENSG00000100311;ENSG00000163909;ENSG00000178301;ENSG00000084073;ENSG00000023839;ENSG00000049192;ENSG00000138193;ENSG00000151490;ENSG00000112715;ENSG00000130702;ENSG00000198081;ENSG00000081181;ENSG00000125398;ENSG00000120868;ENSG00000145536;ENSG00000187498;ENSG00000101665;ENSG00000196712;ENSG00000134240;ENSG00000003402;ENSG00000259207;ENSG00000048392;ENSG00000164190;ENSG00000272398;ENSG00000131183;ENSG00000170549;ENSG00000185008;ENSG00000113658;ENSG00000251493;ENSG00000166147;ENSG00000197256;ENSG00000018408;ENSG00000144891;ENSG00000104164;ENSG00000125266;ENSG00000081479;ENSG00000168283;ENSG00000171791;ENSG00000182197;ENSG00000004399;ENSG00000066468;ENSG00000114739;ENSG00000112246;ENSG00000158955;ENSG00000170962;ENSG00000183943;ENSG00000185920;ENSG00000153094;ENSG00000205213;ENSG00000163659;ENSG00000150893;ENSG00000057657;ENSG00000128567;ENSG00000036257;ENSG00000175387;ENSG00000166949;ENSG00000129757;ENSG00000100373;ENSG00000184675;ENSG00000165533;ENSG00000138814;ENSG00000106392;ENSG00000261371;ENSG00000141052;ENSG00000170561;ENSG00000197461;ENSG00000138759;ENSG00000260027;ENSG00000118762;ENSG00000177508;ENSG00000113578;ENSG00000174059;ENSG00000008196;ENSG00000198087;ENSG00000137573"
"GO","GOBP_CELL_MATRIX_ADHESION",1.17872335076748e-06,0.000210060908720983,0.643551836150722,-0.391627253885691,-1.78948938804123,229,"ENSG00000064042;ENSG00000115414;ENSG00000143127;ENSG00000145675;ENSG00000131626;ENSG00000101384;ENSG00000140945;ENSG00000154096;ENSG00000129474;ENSG00000152894;ENSG00000152818;ENSG00000168615;ENSG00000099250;ENSG00000156299;ENSG00000112679;ENSG00000144824;ENSG00000134318;ENSG00000118523;ENSG00000143398;ENSG00000151882;ENSG00000166086;ENSG00000127990;ENSG00000145715;ENSG00000046653;ENSG00000146904;ENSG00000171560;ENSG00000067900;ENSG00000127603;ENSG00000092439;ENSG00000106823;ENSG00000074054;ENSG00000073712;ENSG00000050030;ENSG00000112715;ENSG00000147044;ENSG00000097007;ENSG00000082701;ENSG00000186716;ENSG00000115232;ENSG00000071054;ENSG00000196712;ENSG00000259207;ENSG00000065613;ENSG00000164741;ENSG00000120332;ENSG00000243244;ENSG00000164946;ENSG00000101311;ENSG00000163539;ENSG00000086289;ENSG00000166266;ENSG00000139626;ENSG00000065618;ENSG00000171791;ENSG00000206560;ENSG00000138795;ENSG00000132670;ENSG00000138448;ENSG00000177076;ENSG00000173083;ENSG00000166763;ENSG00000153283;ENSG00000035403;ENSG00000153094;ENSG00000173517;ENSG00000150093;ENSG00000150893;ENSG00000173402;ENSG00000169756;ENSG00000169398;ENSG00000140092;ENSG00000132286;ENSG00000166949;ENSG00000184349;ENSG00000105855;ENSG00000148484;ENSG00000119547;ENSG00000261371;ENSG00000115109"
"GO","GOBP_GOLGI_VESICLE_TRANSPORT",1.20997415061911e-06,0.000210101152512631,0.643551836150722,-0.355263274261805,-1.68509647563864,322,"ENSG00000149428;ENSG00000134278;ENSG00000132405;ENSG00000108018;ENSG00000117280;ENSG00000162852;ENSG00000111647;ENSG00000177752;ENSG00000124164;ENSG00000085365;ENSG00000017260;ENSG00000134970;ENSG00000180398;ENSG00000084733;ENSG00000112685;ENSG00000113384;ENSG00000145087;ENSG00000134108;ENSG00000138802;ENSG00000147164;ENSG00000123983;ENSG00000150961;ENSG00000124198;ENSG00000168461;ENSG00000120029;ENSG00000144036;ENSG00000127603;ENSG00000136874;ENSG00000170348;ENSG00000163558;ENSG00000138768;ENSG00000013016;ENSG00000107651;ENSG00000127328;ENSG00000120341;ENSG00000147533;ENSG00000151779;ENSG00000100934;ENSG00000075790;ENSG00000133103;ENSG00000197535;ENSG00000125149;ENSG00000198382;ENSG00000083097;ENSG00000138078;ENSG00000125875;ENSG00000061987;ENSG00000185722;ENSG00000154305;ENSG00000164506;ENSG00000153339;ENSG00000095139;ENSG00000008256;ENSG00000173163;ENSG00000185009;ENSG00000137642;ENSG00000129003;ENSG00000134243;ENSG00000120992;ENSG00000182158;ENSG00000175582;ENSG00000135968;ENSG00000122218;ENSG00000066455;ENSG00000074695;ENSG00000119396;ENSG00000086598;ENSG00000185963;ENSG00000085832;ENSG00000128641;ENSG00000184432;ENSG00000172007;ENSG00000006715;ENSG00000070718;ENSG00000070367;ENSG00000256060;ENSG00000102218;ENSG00000236761;ENSG00000047932;ENSG00000115216;ENSG00000160218;ENSG00000129083;ENSG00000143457;ENSG00000138674;ENSG00000100196;ENSG00000197386;ENSG00000100815;ENSG00000021574;ENSG00000117500;ENSG00000271079;ENSG00000049245;ENSG00000108587;ENSG00000166747;ENSG00000036257;ENSG00000079332;ENSG00000197121;ENSG00000150527;ENSG00000165280;ENSG00000131381;ENSG00000183155;ENSG00000123106;ENSG00000164597;ENSG00000101310;ENSG00000184304;ENSG00000119787;ENSG00000134287;ENSG00000103769;ENSG00000138660;ENSG00000125633;ENSG00000265808;ENSG00000137177;ENSG00000113615;ENSG00000151150;ENSG00000143952;ENSG00000181704;ENSG00000166377;ENSG00000113597;ENSG00000054793;ENSG00000093183;ENSG00000158604;ENSG00000021762;ENSG00000116903;ENSG00000119414;ENSG00000111711;ENSG00000136152;ENSG00000158623;ENSG00000157823;ENSG00000138190;ENSG00000156232;ENSG00000073969;ENSG00000124333"
"GO","GOBP_PHOSPHOLIPID_METABOLIC_PROCESS",1.24261949280165e-06,0.00021037548013132,0.643551836150722,-0.347944726129148,-1.67039377301345,369,"ENSG00000101670;ENSG00000198964;ENSG00000141506;ENSG00000003987;ENSG00000145675;ENSG00000169174;ENSG00000122591;ENSG00000129474;ENSG00000117600;ENSG00000113161;ENSG00000204385;ENSG00000040933;ENSG00000058866;ENSG00000129353;ENSG00000174227;ENSG00000112972;ENSG00000097033;ENSG00000153982;ENSG00000162769;ENSG00000153933;ENSG00000100344;ENSG00000168389;ENSG00000102043;ENSG00000143398;ENSG00000126821;ENSG00000139914;ENSG00000184984;ENSG00000155744;ENSG00000123983;ENSG00000070748;ENSG00000153989;ENSG00000011198;ENSG00000111664;ENSG00000090054;ENSG00000155189;ENSG00000100311;ENSG00000172197;ENSG00000161217;ENSG00000150867;ENSG00000111684;ENSG00000172594;ENSG00000277161;ENSG00000157680;ENSG00000011405;ENSG00000100596;ENSG00000165195;ENSG00000102230;ENSG00000078269;ENSG00000138018;ENSG00000144645;ENSG00000122335;ENSG00000068383;ENSG00000108389;ENSG00000167130;ENSG00000138193;ENSG00000038210;ENSG00000196455;ENSG00000084710;ENSG00000187446;ENSG00000198382;ENSG00000163586;ENSG00000091039;ENSG00000122126;ENSG00000070214;ENSG00000110536;ENSG00000119927;ENSG00000087053;ENSG00000145740;ENSG00000116171;ENSG00000186111;ENSG00000197601;ENSG00000063601;ENSG00000133056;ENSG00000163686;ENSG00000136960;ENSG00000134240;ENSG00000143797;ENSG00000133731;ENSG00000104331;ENSG00000007168;ENSG00000148123;ENSG00000123684;ENSG00000139144;ENSG00000162909;ENSG00000085719;ENSG00000104164;ENSG00000149485;ENSG00000182621;ENSG00000159082;ENSG00000143315;ENSG00000188313;ENSG00000168092;ENSG00000078142;ENSG00000135241;ENSG00000155099;ENSG00000130164;ENSG00000088766;ENSG00000117592;ENSG00000126775;ENSG00000101290;ENSG00000154822;ENSG00000157106;ENSG00000211456;ENSG00000109452;ENSG00000138413;ENSG00000129951;ENSG00000158201;ENSG00000125772;ENSG00000111897;ENSG00000205981;ENSG00000198825;ENSG00000060642;ENSG00000197943;ENSG00000100884;ENSG00000149311;ENSG00000075651;ENSG00000095209;ENSG00000138744;ENSG00000197121;ENSG00000161905;ENSG00000115020;ENSG00000123739;ENSG00000153395;ENSG00000197461;ENSG00000197296;ENSG00000102780;ENSG00000100219;ENSG00000182372;ENSG00000163803;ENSG00000139163;ENSG00000163071;ENSG00000132294;ENSG00000136267;ENSG00000101333;ENSG00000175283;ENSG00000179598;ENSG00000172954;ENSG00000139505;ENSG00000021762"
"GO","GOBP_OXIDATIVE_PHOSPHORYLATION",1.31925189039757e-06,0.000217901800043229,0.643551836150722,0.454833570445504,1.91063389262409,145,"ENSG00000154723;ENSG00000137288;ENSG00000099624;ENSG00000145335;ENSG00000009950;ENSG00000167792;ENSG00000233954;ENSG00000125648;ENSG00000183648;ENSG00000176410;ENSG00000136521;ENSG00000110717;ENSG00000145494;ENSG00000164919;ENSG00000140740;ENSG00000101986;ENSG00000124172;ENSG00000126267;ENSG00000099795;ENSG00000213619;ENSG00000184076;ENSG00000174886;ENSG00000169020;ENSG00000106153;ENSG00000147123;ENSG00000131143;ENSG00000115286;ENSG00000241837;ENSG00000186010;ENSG00000164258;ENSG00000179091;ENSG00000165283;ENSG00000160194;ENSG00000140990;ENSG00000065518;ENSG00000090266;ENSG00000112695;ENSG00000168653;ENSG00000204922;ENSG00000010256;ENSG00000135940;ENSG00000189043;ENSG00000167863;ENSG00000241468;ENSG00000127184;ENSG00000109390;ENSG00000117118;ENSG00000127540;ENSG00000116288;ENSG00000088682;ENSG00000142082;ENSG00000167985;ENSG00000170516;ENSG00000165264;ENSG00000004779;ENSG00000182199;ENSG00000139180;ENSG00000267855;ENSG00000125356;ENSG00000099968;ENSG00000165629;ENSG00000178741;ENSG00000173660;ENSG00000158828;ENSG00000111775;ENSG00000166136;ENSG00000198840;ENSG00000103254;ENSG00000136003;ENSG00000114956"
"GO","GOBP_REGULATION_OF_CELL_SUBSTRATE_ADHESION",1.35798100521158e-06,0.000218958270649829,0.643551836150722,-0.404643944082096,-1.81937391704731,200,"ENSG00000152377;ENSG00000064042;ENSG00000124126;ENSG00000115414;ENSG00000155760;ENSG00000145675;ENSG00000101109;ENSG00000101384;ENSG00000140945;ENSG00000154096;ENSG00000117228;ENSG00000111846;ENSG00000096968;ENSG00000152818;ENSG00000099250;ENSG00000179218;ENSG00000112679;ENSG00000144824;ENSG00000134318;ENSG00000196924;ENSG00000184292;ENSG00000151882;ENSG00000149084;ENSG00000100311;ENSG00000145715;ENSG00000046653;ENSG00000146904;ENSG00000107104;ENSG00000171560;ENSG00000067900;ENSG00000127603;ENSG00000106823;ENSG00000074054;ENSG00000073712;ENSG00000157764;ENSG00000151490;ENSG00000050030;ENSG00000112715;ENSG00000147044;ENSG00000097007;ENSG00000082701;ENSG00000071054;ENSG00000196712;ENSG00000259207;ENSG00000065613;ENSG00000164741;ENSG00000130402;ENSG00000101311;ENSG00000163539;ENSG00000166266;ENSG00000198759;ENSG00000114646;ENSG00000150760;ENSG00000171791;ENSG00000206560;ENSG00000138795;ENSG00000132670;ENSG00000099942;ENSG00000177076;ENSG00000057294;ENSG00000173083;ENSG00000035403;ENSG00000196396;ENSG00000173517;ENSG00000173402;ENSG00000169398;ENSG00000166949;ENSG00000184349;ENSG00000161905;ENSG00000119547;ENSG00000115109"
"GO","GOBP_NEGATIVE_REGULATION_OF_CELL_ADHESION",1.67309026133352e-06,0.000263492261622107,0.643551836150722,-0.376306267095443,-1.74941684670441,270,"ENSG00000152377;ENSG00000153162;ENSG00000146072;ENSG00000155760;ENSG00000121210;ENSG00000145675;ENSG00000101384;ENSG00000116106;ENSG00000140945;ENSG00000076641;ENSG00000010810;ENSG00000117228;ENSG00000092421;ENSG00000111846;ENSG00000179295;ENSG00000096968;ENSG00000081237;ENSG00000128791;ENSG00000186265;ENSG00000135077;ENSG00000169032;ENSG00000112679;ENSG00000144824;ENSG00000014123;ENSG00000111252;ENSG00000203710;ENSG00000075711;ENSG00000171867;ENSG00000184292;ENSG00000151882;ENSG00000197329;ENSG00000166086;ENSG00000073861;ENSG00000145715;ENSG00000107104;ENSG00000008277;ENSG00000135919;ENSG00000060237;ENSG00000136235;ENSG00000100014;ENSG00000112902;ENSG00000056586;ENSG00000151490;ENSG00000050030;ENSG00000112715;ENSG00000136040;ENSG00000137845;ENSG00000081181;ENSG00000117586;ENSG00000139921;ENSG00000066336;ENSG00000147044;ENSG00000154305;ENSG00000097007;ENSG00000071054;ENSG00000110031;ENSG00000101665;ENSG00000196712;ENSG00000164741;ENSG00000130402;ENSG00000164305;ENSG00000163539;ENSG00000166266;ENSG00000078747;ENSG00000110395;ENSG00000120708;ENSG00000136536;ENSG00000106948;ENSG00000173918;ENSG00000174564;ENSG00000171150;ENSG00000173406;ENSG00000004399;ENSG00000172216;ENSG00000135535;ENSG00000177076;ENSG00000136630;ENSG00000187764;ENSG00000186951;ENSG00000196396;ENSG00000108946"
"GO","GOMF_GLYCOSYLTRANSFERASE_ACTIVITY",1.96420498535587e-06,0.000286111950856762,0.627256739718528,-0.372557494516303,-1.72013175163638,253,"ENSG00000008513;ENSG00000151948;ENSG00000175548;ENSG00000253710;ENSG00000143641;ENSG00000162885;ENSG00000109956;ENSG00000179104;ENSG00000144278;ENSG00000151883;ENSG00000111846;ENSG00000170340;ENSG00000163527;ENSG00000187210;ENSG00000183778;ENSG00000033170;ENSG00000096717;ENSG00000151348;ENSG00000111224;ENSG00000148154;ENSG00000102595;ENSG00000105939;ENSG00000169826;ENSG00000176597;ENSG00000170629;ENSG00000128059;ENSG00000109586;ENSG00000179630;ENSG00000165195;ENSG00000173852;ENSG00000139324;ENSG00000118276;ENSG00000172461;ENSG00000131873;ENSG00000152952;ENSG00000187676;ENSG00000163389;ENSG00000162630;ENSG00000136731;ENSG00000134901;ENSG00000196968;ENSG00000105835;ENSG00000071073;ENSG00000086062;ENSG00000115525;ENSG00000107854;ENSG00000182050;ENSG00000143799;ENSG00000138617;ENSG00000151233;ENSG00000198108;ENSG00000101901;ENSG00000164574;ENSG00000139133;ENSG00000184005;ENSG00000143315;ENSG00000156162;ENSG00000182197;ENSG00000174473;ENSG00000174607;ENSG00000175711;ENSG00000086848;ENSG00000172728;ENSG00000102699;ENSG00000173273;ENSG00000163378;ENSG00000133687;ENSG00000118705;ENSG00000163659;ENSG00000173950;ENSG00000147162;ENSG00000060642;ENSG00000119523;ENSG00000120820;ENSG00000106392;ENSG00000131386;ENSG00000196371;ENSG00000059378;ENSG00000183696;ENSG00000070269;ENSG00000101638;ENSG00000112425;ENSG00000169255;ENSG00000141429;ENSG00000162694;ENSG00000111713;ENSG00000172986;ENSG00000171155;ENSG00000099256;ENSG00000121964;ENSG00000106003;ENSG00000178202"
"GO","GOBP_CELL_SUBSTRATE_ADHESION",1.98571495721616e-06,0.000286111950856762,0.627256739718528,-0.349784995158925,-1.6673046137822,343,"ENSG00000152377;ENSG00000064042;ENSG00000124126;ENSG00000115414;ENSG00000143127;ENSG00000155760;ENSG00000145675;ENSG00000101109;ENSG00000131626;ENSG00000101384;ENSG00000140945;ENSG00000154096;ENSG00000129474;ENSG00000117228;ENSG00000111846;ENSG00000096968;ENSG00000152894;ENSG00000152818;ENSG00000168615;ENSG00000099250;ENSG00000156299;ENSG00000179218;ENSG00000112679;ENSG00000144824;ENSG00000134318;ENSG00000118523;ENSG00000143398;ENSG00000196924;ENSG00000184292;ENSG00000151882;ENSG00000149084;ENSG00000166086;ENSG00000100311;ENSG00000127990;ENSG00000145715;ENSG00000046653;ENSG00000146904;ENSG00000107104;ENSG00000171560;ENSG00000067900;ENSG00000127603;ENSG00000092439;ENSG00000106823;ENSG00000074054;ENSG00000073712;ENSG00000151422;ENSG00000157764;ENSG00000151490;ENSG00000050030;ENSG00000112715;ENSG00000130702;ENSG00000147044;ENSG00000097007;ENSG00000082701;ENSG00000186716;ENSG00000115232;ENSG00000071054;ENSG00000110031;ENSG00000196712;ENSG00000259207;ENSG00000065613;ENSG00000164741;ENSG00000120332;ENSG00000243244;ENSG00000164946;ENSG00000130402;ENSG00000101311;ENSG00000140682;ENSG00000163539;ENSG00000086289;ENSG00000166266;ENSG00000086570;ENSG00000198759;ENSG00000114646;ENSG00000139626;ENSG00000150760;ENSG00000065618;ENSG00000171791;ENSG00000206560;ENSG00000138795;ENSG00000132670;ENSG00000138448;ENSG00000099942;ENSG00000177076;ENSG00000057294;ENSG00000173083;ENSG00000183943;ENSG00000166763;ENSG00000153283;ENSG00000035403;ENSG00000153094;ENSG00000196396;ENSG00000173517;ENSG00000150093;ENSG00000150893;ENSG00000173402;ENSG00000049245;ENSG00000169756;ENSG00000169398;ENSG00000140092;ENSG00000132286;ENSG00000166949;ENSG00000157927;ENSG00000184349;ENSG00000161905;ENSG00000105855;ENSG00000148484;ENSG00000119547;ENSG00000261371;ENSG00000115109"
"GO","GOBP_GLYCEROLIPID_METABOLIC_PROCESS",1.95664285070377e-06,0.000286111950856762,0.627256739718528,-0.337937547659227,-1.62714274124635,379,"ENSG00000101670;ENSG00000071537;ENSG00000141506;ENSG00000003987;ENSG00000145675;ENSG00000169174;ENSG00000122591;ENSG00000129474;ENSG00000179295;ENSG00000074416;ENSG00000204385;ENSG00000085788;ENSG00000040933;ENSG00000058866;ENSG00000129353;ENSG00000096717;ENSG00000174227;ENSG00000097033;ENSG00000153982;ENSG00000153933;ENSG00000100344;ENSG00000168389;ENSG00000102043;ENSG00000084674;ENSG00000143398;ENSG00000184984;ENSG00000155744;ENSG00000123983;ENSG00000070748;ENSG00000011198;ENSG00000111664;ENSG00000155189;ENSG00000100311;ENSG00000172197;ENSG00000161217;ENSG00000150867;ENSG00000111684;ENSG00000277161;ENSG00000157680;ENSG00000184730;ENSG00000175066;ENSG00000197208;ENSG00000011405;ENSG00000130203;ENSG00000165195;ENSG00000102230;ENSG00000078269;ENSG00000138018;ENSG00000144645;ENSG00000122335;ENSG00000068383;ENSG00000108389;ENSG00000110090;ENSG00000107798;ENSG00000138193;ENSG00000038210;ENSG00000196455;ENSG00000084710;ENSG00000198382;ENSG00000163586;ENSG00000091039;ENSG00000122126;ENSG00000070214;ENSG00000140526;ENSG00000110536;ENSG00000119927;ENSG00000087053;ENSG00000145740;ENSG00000116171;ENSG00000186111;ENSG00000139921;ENSG00000197601;ENSG00000063601;ENSG00000133056;ENSG00000163686;ENSG00000136960;ENSG00000143797;ENSG00000133731;ENSG00000104331;ENSG00000007168;ENSG00000198814;ENSG00000173409;ENSG00000137642;ENSG00000123684;ENSG00000139144;ENSG00000162909;ENSG00000085719;ENSG00000182621;ENSG00000159082;ENSG00000143315;ENSG00000188313;ENSG00000168092;ENSG00000078142;ENSG00000135241;ENSG00000155099;ENSG00000130164;ENSG00000205423;ENSG00000088766;ENSG00000117592;ENSG00000126775;ENSG00000101290;ENSG00000154822;ENSG00000157106;ENSG00000211456;ENSG00000109452;ENSG00000158201;ENSG00000125772;ENSG00000111897;ENSG00000205981;ENSG00000198825;ENSG00000060642;ENSG00000197943;ENSG00000100884;ENSG00000149311;ENSG00000075651;ENSG00000138744;ENSG00000197121;ENSG00000161905;ENSG00000115020"
"GO","GOBP_POSITIVE_REGULATION_OF_CELLULAR_COMPONENT_BIOGENESIS",1.86161382350939e-06,0.000286111950856762,0.643551836150722,-0.324525811175381,-1.5937018289062,483,"ENSG00000064042;ENSG00000174469;ENSG00000109756;ENSG00000145675;ENSG00000139323;ENSG00000141668;ENSG00000135298;ENSG00000239732;ENSG00000154096;ENSG00000129474;ENSG00000148158;ENSG00000150457;ENSG00000158258;ENSG00000185924;ENSG00000036828;ENSG00000121871;ENSG00000165029;ENSG00000198718;ENSG00000170873;ENSG00000172403;ENSG00000075618;ENSG00000130779;ENSG00000173114;ENSG00000130340;ENSG00000164327;ENSG00000175928;ENSG00000198844;ENSG00000165527;ENSG00000125249;ENSG00000099250;ENSG00000107643;ENSG00000154451;ENSG00000097033;ENSG00000134318;ENSG00000119906;ENSG00000131711;ENSG00000118523;ENSG00000164151;ENSG00000176749;ENSG00000157168;ENSG00000161270;ENSG00000075711;ENSG00000178104;ENSG00000196924;ENSG00000119812;ENSG00000123374;ENSG00000146904;ENSG00000150867;ENSG00000124313;ENSG00000067900;ENSG00000137942;ENSG00000071909;ENSG00000103540;ENSG00000130203;ENSG00000215301;ENSG00000061676;ENSG00000074054;ENSG00000158987;ENSG00000073712;ENSG00000151422;ENSG00000138193;ENSG00000113300;ENSG00000157764;ENSG00000070087;ENSG00000114378;ENSG00000150054;ENSG00000040341;ENSG00000112715;ENSG00000153707;ENSG00000128881;ENSG00000217128;ENSG00000072274;ENSG00000067798;ENSG00000154310;ENSG00000006451;ENSG00000118260;ENSG00000166579;ENSG00000198060;ENSG00000005100;ENSG00000179915;ENSG00000118873;ENSG00000134982;ENSG00000125398;ENSG00000097007;ENSG00000152520;ENSG00000082701;ENSG00000071054;ENSG00000115839;ENSG00000196776;ENSG00000175054;ENSG00000138071;ENSG00000144840;ENSG00000150625;ENSG00000198793;ENSG00000050405;ENSG00000101311;ENSG00000131023;ENSG00000135387;ENSG00000165943;ENSG00000102081;ENSG00000138767;ENSG00000119541;ENSG00000166454;ENSG00000206560;ENSG00000152208;ENSG00000151414;ENSG00000273749;ENSG00000103335;ENSG00000197102;ENSG00000111530;ENSG00000154229;ENSG00000068971;ENSG00000133302;ENSG00000187764;ENSG00000052795;ENSG00000197386;ENSG00000125107;ENSG00000170248;ENSG00000153094;ENSG00000119401;ENSG00000122545;ENSG00000077254;ENSG00000174574;ENSG00000116299;ENSG00000197943;ENSG00000149311;ENSG00000139211;ENSG00000198908;ENSG00000115355;ENSG00000166949;ENSG00000100558;ENSG00000126500;ENSG00000101367;ENSG00000186907;ENSG00000184349;ENSG00000196083;ENSG00000161905;ENSG00000109171;ENSG00000160007;ENSG00000115091;ENSG00000165280;ENSG00000103319;ENSG00000115109;ENSG00000009694;ENSG00000156599;ENSG00000136738;ENSG00000184304;ENSG00000099337;ENSG00000156735;ENSG00000166317;ENSG00000151491;ENSG00000182580;ENSG00000148053;ENSG00000144118;ENSG00000177508;ENSG00000171368;ENSG00000185070;ENSG00000071051;ENSG00000101040;ENSG00000137478;ENSG00000164808"
"GO","GOBP_REGULATION_OF_SYNAPSE_STRUCTURE_OR_ACTIVITY",2.02894943341451e-06,0.000286250949230897,0.627256739718528,-0.353467446130213,-1.67173160070613,316,"ENSG00000157445;ENSG00000163629;ENSG00000114251;ENSG00000135905;ENSG00000077063;ENSG00000141668;ENSG00000116106;ENSG00000144847;ENSG00000134909;ENSG00000135298;ENSG00000112139;ENSG00000010810;ENSG00000158258;ENSG00000185924;ENSG00000170558;ENSG00000117600;ENSG00000121871;ENSG00000107362;ENSG00000182771;ENSG00000138623;ENSG00000115183;ENSG00000173114;ENSG00000175928;ENSG00000198844;ENSG00000165527;ENSG00000125249;ENSG00000131711;ENSG00000176749;ENSG00000139174;ENSG00000171867;ENSG00000183715;ENSG00000170385;ENSG00000120063;ENSG00000124313;ENSG00000067900;ENSG00000130203;ENSG00000186908;ENSG00000185565;ENSG00000152413;ENSG00000149295;ENSG00000091129;ENSG00000151490;ENSG00000040341;ENSG00000153707;ENSG00000152315;ENSG00000008086;ENSG00000136040;ENSG00000137845;ENSG00000179915;ENSG00000097007;ENSG00000165985;ENSG00000123908;ENSG00000174953;ENSG00000076716;ENSG00000170759;ENSG00000196712;ENSG00000128512;ENSG00000100784;ENSG00000007168;ENSG00000150625;ENSG00000105426;ENSG00000168137;ENSG00000151025;ENSG00000131023;ENSG00000185008;ENSG00000135387;ENSG00000143376;ENSG00000151148;ENSG00000136379;ENSG00000148943;ENSG00000150760;ENSG00000142192;ENSG00000164924;ENSG00000173406;ENSG00000152208;ENSG00000273749;ENSG00000198576;ENSG00000118257;ENSG00000143878;ENSG00000110881;ENSG00000154229;ENSG00000055917;ENSG00000169933;ENSG00000187764;ENSG00000157193;ENSG00000196396;ENSG00000150093;ENSG00000157240;ENSG00000131094;ENSG00000173402;ENSG00000147162;ENSG00000157985;ENSG00000146938;ENSG00000139211;ENSG00000198908;ENSG00000135766;ENSG00000066248;ENSG00000166949;ENSG00000126500;ENSG00000006740;ENSG00000186907;ENSG00000184349;ENSG00000196083;ENSG00000165280;ENSG00000103319;ENSG00000005810;ENSG00000139220;ENSG00000182580;ENSG00000148053;ENSG00000185070;ENSG00000101040;ENSG00000163110;ENSG00000196369;ENSG00000177707;ENSG00000105376;ENSG00000112062;ENSG00000151012;ENSG00000152767;ENSG00000106299;ENSG00000241360;ENSG00000069869;ENSG00000181754;ENSG00000162951;ENSG00000171603;ENSG00000101126;ENSG00000102383;ENSG00000169306;ENSG00000114867;ENSG00000115310;ENSG00000196935;ENSG00000065320;ENSG00000136099;ENSG00000066032;ENSG00000154928;ENSG00000147852;ENSG00000168036"
"GO","GOCC_NUCLEAR_ENVELOPE",3.44831338276051e-06,0.000476570984246003,0.627256739718528,-0.322507870733515,-1.57195769233273,446,"ENSG00000152936;ENSG00000166822;ENSG00000131979;ENSG00000174106;ENSG00000138315;ENSG00000136492;ENSG00000165632;ENSG00000151883;ENSG00000198780;ENSG00000148841;ENSG00000145569;ENSG00000127022;ENSG00000141458;ENSG00000213714;ENSG00000170214;ENSG00000040933;ENSG00000130227;ENSG00000004468;ENSG00000124789;ENSG00000072803;ENSG00000096717;ENSG00000162819;ENSG00000113569;ENSG00000197081;ENSG00000179218;ENSG00000138336;ENSG00000133704;ENSG00000102043;ENSG00000111224;ENSG00000013364;ENSG00000058063;ENSG00000155561;ENSG00000069248;ENSG00000028116;ENSG00000198929;ENSG00000147894;ENSG00000139174;ENSG00000139496;ENSG00000030066;ENSG00000155085;ENSG00000170385;ENSG00000205339;ENSG00000108424;ENSG00000127870;ENSG00000118217;ENSG00000153207;ENSG00000170629;ENSG00000155189;ENSG00000161217;ENSG00000123374;ENSG00000196862;ENSG00000177932;ENSG00000084073;ENSG00000132953;ENSG00000165802;ENSG00000164197;ENSG00000070882;ENSG00000112851;ENSG00000148344;ENSG00000146842;ENSG00000148481;ENSG00000136478;ENSG00000101868;ENSG00000040341;ENSG00000184575;ENSG00000091039;ENSG00000073756;ENSG00000067798;ENSG00000125875;ENSG00000126804;ENSG00000163904;ENSG00000143801;ENSG00000147044;ENSG00000144224;ENSG00000179915;ENSG00000108559;ENSG00000097007;ENSG00000128266;ENSG00000153132;ENSG00000255112;ENSG00000095319;ENSG00000175054;ENSG00000108506;ENSG00000007168;ENSG00000205578;ENSG00000147649;ENSG00000137642;ENSG00000136193;ENSG00000189077;ENSG00000198793;ENSG00000134243;ENSG00000120992;ENSG00000107854;ENSG00000151914;ENSG00000065150;ENSG00000067606;ENSG00000143799;ENSG00000138617;ENSG00000163002;ENSG00000182621;ENSG00000185963;ENSG00000119541;ENSG00000153201;ENSG00000142192;ENSG00000157601;ENSG00000104765;ENSG00000080345;ENSG00000171791;ENSG00000256060;ENSG00000150995;ENSG00000064419;ENSG00000149547;ENSG00000178607;ENSG00000093000;ENSG00000146802;ENSG00000173273;ENSG00000205423;ENSG00000114030;ENSG00000119041;ENSG00000021574;ENSG00000115446;ENSG00000101349;ENSG00000169629;ENSG00000173744;ENSG00000108375;ENSG00000163625;ENSG00000172893;ENSG00000166881;ENSG00000125827;ENSG00000164031;ENSG00000095209;ENSG00000166949;ENSG00000143418;ENSG00000086475;ENSG00000110713;ENSG00000164828;ENSG00000189362;ENSG00000196313;ENSG00000138095;ENSG00000086200;ENSG00000126226;ENSG00000132182;ENSG00000083937;ENSG00000050628;ENSG00000255529;ENSG00000079156;ENSG00000136527;ENSG00000102753;ENSG00000120802;ENSG00000150990;ENSG00000259956;ENSG00000198087;ENSG00000139505;ENSG00000118308;ENSG00000162775;ENSG00000164744;ENSG00000132965;ENSG00000086712;ENSG00000164695;ENSG00000159267"
"GO","GOBP_GLAND_DEVELOPMENT",3.59961524752408e-06,0.000487531889124661,0.627256739718528,-0.335524362310129,-1.62816429279504,420,"ENSG00000166888;ENSG00000165868;ENSG00000114251;ENSG00000164879;ENSG00000141655;ENSG00000182389;ENSG00000109320;ENSG00000167034;ENSG00000169174;ENSG00000175893;ENSG00000008083;ENSG00000117707;ENSG00000096968;ENSG00000163513;ENSG00000112893;ENSG00000116729;ENSG00000128791;ENSG00000143061;ENSG00000141458;ENSG00000145545;ENSG00000107187;ENSG00000105976;ENSG00000165527;ENSG00000099250;ENSG00000169032;ENSG00000128602;ENSG00000197081;ENSG00000253293;ENSG00000116285;ENSG00000114062;ENSG00000145088;ENSG00000284862;ENSG00000094841;ENSG00000181449;ENSG00000114315;ENSG00000157168;ENSG00000138685;ENSG00000139352;ENSG00000159184;ENSG00000150347;ENSG00000173404;ENSG00000125686;ENSG00000162998;ENSG00000128714;ENSG00000084073;ENSG00000100644;ENSG00000011114;ENSG00000197208;ENSG00000135919;ENSG00000117054;ENSG00000139618;ENSG00000120659;ENSG00000118503;ENSG00000111335;ENSG00000159399;ENSG00000172817;ENSG00000141519;ENSG00000149295;ENSG00000110090;ENSG00000107798;ENSG00000069702;ENSG00000157764;ENSG00000163586;ENSG00000112715;ENSG00000130702;ENSG00000166167;ENSG00000100852;ENSG00000118260;ENSG00000107779;ENSG00000126804;ENSG00000153879;ENSG00000125398;ENSG00000097007;ENSG00000168214;ENSG00000025796;ENSG00000196712;ENSG00000134240;ENSG00000103257;ENSG00000003402;ENSG00000115112;ENSG00000169018;ENSG00000173409;ENSG00000115966;ENSG00000113580;ENSG00000100030;ENSG00000129167;ENSG00000131023;ENSG00000117139;ENSG00000133703;ENSG00000064393;ENSG00000169855;ENSG00000116539;ENSG00000171791;ENSG00000182197;ENSG00000123191;ENSG00000138795;ENSG00000004399;ENSG00000070770;ENSG00000075223;ENSG00000172216;ENSG00000172845;ENSG00000066468;ENSG00000084676;ENSG00000197724;ENSG00000171243;ENSG00000172819;ENSG00000099942;ENSG00000136630;ENSG00000136161;ENSG00000185920;ENSG00000186951;ENSG00000153094;ENSG00000111087;ENSG00000173473;ENSG00000129514;ENSG00000165891;ENSG00000173402;ENSG00000036257;ENSG00000151461;ENSG00000149311;ENSG00000166949;ENSG00000129757;ENSG00000064270;ENSG00000188909;ENSG00000160007;ENSG00000168267"
"GO","GOBP_REGULATION_OF_CELL_CELL_ADHESION",3.80949790773152e-06,0.000498007407192786,0.627256739718528,-0.324495512239089,-1.57963933650146,437,"ENSG00000124766;ENSG00000143507;ENSG00000104432;ENSG00000153162;ENSG00000114251;ENSG00000146072;ENSG00000121210;ENSG00000101384;ENSG00000116106;ENSG00000175893;ENSG00000112139;ENSG00000076641;ENSG00000134954;ENSG00000154096;ENSG00000010810;ENSG00000083799;ENSG00000111846;ENSG00000179295;ENSG00000096968;ENSG00000163513;ENSG00000151276;ENSG00000081237;ENSG00000189079;ENSG00000128791;ENSG00000139514;ENSG00000186265;ENSG00000187210;ENSG00000107968;ENSG00000134352;ENSG00000142867;ENSG00000135077;ENSG00000169032;ENSG00000112679;ENSG00000014123;ENSG00000136518;ENSG00000111252;ENSG00000114315;ENSG00000145868;ENSG00000104219;ENSG00000081985;ENSG00000203710;ENSG00000075711;ENSG00000171867;ENSG00000151882;ENSG00000170027;ENSG00000197329;ENSG00000132842;ENSG00000073861;ENSG00000163939;ENSG00000218336;ENSG00000198836;ENSG00000171560;ENSG00000135074;ENSG00000204256;ENSG00000135919;ENSG00000060237;ENSG00000120659;ENSG00000136235;ENSG00000175040;ENSG00000100014;ENSG00000056586;ENSG00000050030;ENSG00000172461;ENSG00000112715;ENSG00000176105;ENSG00000072274;ENSG00000132356;ENSG00000081181;ENSG00000119927;ENSG00000117586;ENSG00000126804;ENSG00000139921;ENSG00000066336;ENSG00000154305;ENSG00000139613;ENSG00000102908;ENSG00000097007;ENSG00000115232;ENSG00000143126;ENSG00000196776;ENSG00000101665;ENSG00000145555;ENSG00000272398;ENSG00000198793;ENSG00000081277;ENSG00000164305;ENSG00000242574;ENSG00000067606;ENSG00000078747;ENSG00000110395;ENSG00000104312;ENSG00000125266;ENSG00000108175;ENSG00000136536;ENSG00000106948;ENSG00000173918;ENSG00000108691;ENSG00000174564;ENSG00000117335;ENSG00000104067;ENSG00000171150;ENSG00000168283;ENSG00000138795;ENSG00000172216;ENSG00000103335;ENSG00000100393;ENSG00000154229;ENSG00000164136;ENSG00000136630;ENSG00000116977;ENSG00000186951;ENSG00000118689;ENSG00000108946;ENSG00000173473;ENSG00000130024;ENSG00000129514;ENSG00000049618;ENSG00000128567;ENSG00000114423;ENSG00000169398;ENSG00000140992;ENSG00000184349;ENSG00000066117;ENSG00000170677;ENSG00000130396;ENSG00000138814;ENSG00000196371;ENSG00000153233;ENSG00000113811"
"GO","GOCC_EARLY_ENDOSOME",3.82403797608164e-06,0.000498007407192786,0.610526878385931,-0.319371335474542,-1.55431916422862,438,"ENSG00000101670;ENSG00000174469;ENSG00000171365;ENSG00000117280;ENSG00000116106;ENSG00000104635;ENSG00000078081;ENSG00000169174;ENSG00000239732;ENSG00000111647;ENSG00000148158;ENSG00000163749;ENSG00000104205;ENSG00000196549;ENSG00000177182;ENSG00000116729;ENSG00000123091;ENSG00000115993;ENSG00000040933;ENSG00000165527;ENSG00000099250;ENSG00000169446;ENSG00000122574;ENSG00000135077;ENSG00000169032;ENSG00000115665;ENSG00000197081;ENSG00000110911;ENSG00000058063;ENSG00000084674;ENSG00000071189;ENSG00000109572;ENSG00000100266;ENSG00000133657;ENSG00000134108;ENSG00000102189;ENSG00000136051;ENSG00000163697;ENSG00000147164;ENSG00000144566;ENSG00000157500;ENSG00000135631;ENSG00000132842;ENSG00000091317;ENSG00000084073;ENSG00000120451;ENSG00000168461;ENSG00000124209;ENSG00000181804;ENSG00000164715;ENSG00000130203;ENSG00000138246;ENSG00000013016;ENSG00000136235;ENSG00000157077;ENSG00000175348;ENSG00000129515;ENSG00000108389;ENSG00000085449;ENSG00000068650;ENSG00000038210;ENSG00000144648;ENSG00000099290;ENSG00000197535;ENSG00000136044;ENSG00000198382;ENSG00000122126;ENSG00000079950;ENSG00000181104;ENSG00000072274;ENSG00000087053;ENSG00000061987;ENSG00000198689;ENSG00000185722;ENSG00000143801;ENSG00000140450;ENSG00000165406;ENSG00000138592;ENSG00000152061;ENSG00000164961;ENSG00000170113;ENSG00000182287;ENSG00000121966;ENSG00000039319;ENSG00000173163;ENSG00000185009;ENSG00000073921;ENSG00000137642;ENSG00000182606;ENSG00000134243;ENSG00000100030;ENSG00000136813;ENSG00000110756;ENSG00000078747;ENSG00000070018;ENSG00000119396;ENSG00000143376;ENSG00000053918;ENSG00000151229;ENSG00000176170;ENSG00000085832;ENSG00000128641;ENSG00000006715;ENSG00000142192;ENSG00000070718;ENSG00000157978;ENSG00000148358;ENSG00000100599;ENSG00000198576;ENSG00000181788;ENSG00000143878;ENSG00000130164;ENSG00000073464;ENSG00000177409;ENSG00000136986;ENSG00000101337;ENSG00000197386;ENSG00000196396;ENSG00000146352;ENSG00000169116;ENSG00000105186;ENSG00000167332;ENSG00000049245;ENSG00000198825;ENSG00000139668;ENSG00000047621;ENSG00000140157;ENSG00000166747;ENSG00000162736;ENSG00000163251;ENSG00000136868;ENSG00000115020;ENSG00000196660;ENSG00000131381;ENSG00000072849;ENSG00000136738;ENSG00000138660;ENSG00000169252;ENSG00000125633;ENSG00000151502;ENSG00000148053;ENSG00000040531;ENSG00000079156;ENSG00000115145;ENSG00000054793;ENSG00000111540;ENSG00000145016;ENSG00000154710;ENSG00000156931;ENSG00000163755;ENSG00000176658;ENSG00000139719;ENSG00000145348;ENSG00000055732;ENSG00000165672;ENSG00000136643;ENSG00000157823;ENSG00000204642;ENSG00000108774;ENSG00000132549;ENSG00000003393;ENSG00000112697;ENSG00000113369;ENSG00000204525;ENSG00000148219"
"GO","GOBP_HOMOPHILIC_CELL_CELL_ADHESION",4.23770547738481e-06,0.00054146682061981,0.610526878385931,-0.413938331088248,-1.82295529722044,168,"ENSG00000254221;ENSG00000280165;ENSG00000276547;ENSG00000253873;ENSG00000144847;ENSG00000140945;ENSG00000253731;ENSG00000112852;ENSG00000158258;ENSG00000197479;ENSG00000170558;ENSG00000196159;ENSG00000062038;ENSG00000253910;ENSG00000148357;ENSG00000165323;ENSG00000138650;ENSG00000170571;ENSG00000144619;ENSG00000254122;ENSG00000162614;ENSG00000134762;ENSG00000218336;ENSG00000075275;ENSG00000251664;ENSG00000069188;ENSG00000184226;ENSG00000081138;ENSG00000081842;ENSG00000196090;ENSG00000177103;ENSG00000249158;ENSG00000120324;ENSG00000129116;ENSG00000255408;ENSG00000118946;ENSG00000253953;ENSG00000242419;ENSG00000120729;ENSG00000143126;ENSG00000187372;ENSG00000248383;ENSG00000073008;ENSG00000113361;ENSG00000185008;ENSG00000169855;ENSG00000253767;ENSG00000107736;ENSG00000086570;ENSG00000046604;ENSG00000204962"
"GO","GOBP_CELL_SURFACE_RECEPTOR_PROTEIN_SERINE_THREONINE_KINASE_SIGNALING_PATHWAY",4.65949306896123e-06,0.000584334945611213,0.610526878385931,-0.34085008652928,-1.6349323607948,368,"ENSG00000044574;ENSG00000053108;ENSG00000153162;ENSG00000174106;ENSG00000114251;ENSG00000146197;ENSG00000150457;ENSG00000111846;ENSG00000096968;ENSG00000152785;ENSG00000163513;ENSG00000152894;ENSG00000134363;ENSG00000147255;ENSG00000128791;ENSG00000153487;ENSG00000164659;ENSG00000062038;ENSG00000102678;ENSG00000168615;ENSG00000095951;ENSG00000033170;ENSG00000128045;ENSG00000096717;ENSG00000112175;ENSG00000123612;ENSG00000156466;ENSG00000138336;ENSG00000112679;ENSG00000115170;ENSG00000164619;ENSG00000144730;ENSG00000165617;ENSG00000114315;ENSG00000103226;ENSG00000157500;ENSG00000163590;ENSG00000266524;ENSG00000023516;ENSG00000157654;ENSG00000139146;ENSG00000148516;ENSG00000150938;ENSG00000100916;ENSG00000157077;ENSG00000129515;ENSG00000108389;ENSG00000073712;ENSG00000069702;ENSG00000136044;ENSG00000174136;ENSG00000072401;ENSG00000124486;ENSG00000118260;ENSG00000005339;ENSG00000107779;ENSG00000114374;ENSG00000066336;ENSG00000157450;ENSG00000097007;ENSG00000168214;ENSG00000180875;ENSG00000067141;ENSG00000102804;ENSG00000101665;ENSG00000197930;ENSG00000090863;ENSG00000133104;ENSG00000115966;ENSG00000137642;ENSG00000105672;ENSG00000101311;ENSG00000131023;ENSG00000197323;ENSG00000140682;ENSG00000121989;ENSG00000064393;ENSG00000113658;ENSG00000251493;ENSG00000166033;ENSG00000166147;ENSG00000137770;ENSG00000054267;ENSG00000143799;ENSG00000018408;ENSG00000103512;ENSG00000108175;ENSG00000081479;ENSG00000162521;ENSG00000182197;ENSG00000138795;ENSG00000064195;ENSG00000114739;ENSG00000100393;ENSG00000138604;ENSG00000122641;ENSG00000171243;ENSG00000099942;ENSG00000085276;ENSG00000116985;ENSG00000204217;ENSG00000152684;ENSG00000186951;ENSG00000150093;ENSG00000147883;ENSG00000157240;ENSG00000140479;ENSG00000198742;ENSG00000147162;ENSG00000178752;ENSG00000168610;ENSG00000175387;ENSG00000169398;ENSG00000112200;ENSG00000166949;ENSG00000140992;ENSG00000129757;ENSG00000242265;ENSG00000175189;ENSG00000105855;ENSG00000119547;ENSG00000157933;ENSG00000139269;ENSG00000157110;ENSG00000183682;ENSG00000141052;ENSG00000100219;ENSG00000136603;ENSG00000135655;ENSG00000108854;ENSG00000197415;ENSG00000108654;ENSG00000169375;ENSG00000008196;ENSG00000137573;ENSG00000112062;ENSG00000119681;ENSG00000164488;ENSG00000139567;ENSG00000109762;ENSG00000142611;ENSG00000135503"
"GO","GOCC_PHOSPHATASE_COMPLEX",4.77185251751111e-06,0.000587545186337914,0.610526878385931,-0.54930740445224,-2.07193070985326,63,"ENSG00000073711;ENSG00000119698;ENSG00000188386;ENSG00000154845;ENSG00000164091;ENSG00000100796;ENSG00000158615;ENSG00000213281;ENSG00000154001;ENSG00000108061;ENSG00000221823;ENSG00000175470;ENSG00000058272;ENSG00000140807;ENSG00000119938;ENSG00000092203;ENSG00000173281;ENSG00000133703;ENSG00000137713;ENSG00000090857;ENSG00000275052;ENSG00000206560;ENSG00000150995;ENSG00000068971;ENSG00000066027;ENSG00000205423;ENSG00000164951;ENSG00000186298;ENSG00000074211;ENSG00000158186;ENSG00000179841;ENSG00000163605;ENSG00000154415;ENSG00000138814"
"GO","GOMF_POTASSIUM_CHANNEL_REGULATOR_ACTIVITY",4.86386937664254e-06,0.000588180775332559,0.610526878385931,-0.555969668083573,-2.09187665037165,62,"ENSG00000152049;ENSG00000169282;ENSG00000118515;ENSG00000104205;ENSG00000175497;ENSG00000198743;ENSG00000082482;ENSG00000128989;ENSG00000158445;ENSG00000075711;ENSG00000196924;ENSG00000145715;ENSG00000026559;ENSG00000198648;ENSG00000149295;ENSG00000187446;ENSG00000182674;ENSG00000176076;ENSG00000142875;ENSG00000130226;ENSG00000180509;ENSG00000182132;ENSG00000198373;ENSG00000022267;ENSG00000169252;ENSG00000170745;ENSG00000164794;ENSG00000069869;ENSG00000181754;ENSG00000127914"
"GO","GOBP_RESPONSE_TO_NUTRIENT_LEVELS",5.32930612837336e-06,0.000633158966690252,0.610526878385931,-0.314584489247606,-1.54765994919869,493,"ENSG00000044574;ENSG00000101670;ENSG00000176641;ENSG00000114166;ENSG00000141655;ENSG00000169174;ENSG00000139112;ENSG00000143921;ENSG00000166603;ENSG00000075391;ENSG00000036828;ENSG00000165029;ENSG00000155090;ENSG00000051523;ENSG00000001084;ENSG00000172071;ENSG00000145545;ENSG00000164327;ENSG00000083123;ENSG00000096717;ENSG00000118473;ENSG00000136048;ENSG00000107643;ENSG00000166575;ENSG00000142867;ENSG00000123612;ENSG00000081051;ENSG00000158445;ENSG00000097033;ENSG00000168389;ENSG00000143324;ENSG00000131711;ENSG00000134245;ENSG00000150907;ENSG00000151882;ENSG00000170027;ENSG00000139352;ENSG00000185591;ENSG00000080644;ENSG00000167196;ENSG00000113712;ENSG00000125686;ENSG00000165392;ENSG00000139874;ENSG00000108576;ENSG00000197208;ENSG00000117054;ENSG00000130203;ENSG00000136874;ENSG00000198648;ENSG00000112561;ENSG00000149212;ENSG00000110090;ENSG00000107798;ENSG00000196455;ENSG00000023909;ENSG00000164916;ENSG00000136044;ENSG00000152749;ENSG00000163586;ENSG00000131873;ENSG00000004799;ENSG00000217128;ENSG00000072274;ENSG00000102174;ENSG00000132356;ENSG00000128965;ENSG00000005339;ENSG00000102572;ENSG00000164603;ENSG00000133056;ENSG00000113742;ENSG00000120868;ENSG00000134294;ENSG00000121207;ENSG00000135821;ENSG00000134240;ENSG00000103257;ENSG00000173409;ENSG00000115966;ENSG00000137642;ENSG00000198793;ENSG00000131183;ENSG00000100030;ENSG00000128829;ENSG00000166147;ENSG00000197256;ENSG00000110395;ENSG00000122779;ENSG00000145979;ENSG00000197442;ENSG00000132911;ENSG00000149485;ENSG00000124151;ENSG00000121060;ENSG00000140941;ENSG00000006715;ENSG00000136319;ENSG00000134001;ENSG00000164924;ENSG00000171791;ENSG00000185290;ENSG00000084676;ENSG00000104321;ENSG00000078142;ENSG00000100393;ENSG00000122641;ENSG00000130164;ENSG00000163794;ENSG00000158955;ENSG00000164326;ENSG00000204217;ENSG00000131374;ENSG00000126775;ENSG00000186951;ENSG00000175197;ENSG00000196396;ENSG00000108064;ENSG00000090905;ENSG00000118689;ENSG00000120256;ENSG00000119401;ENSG00000101349;ENSG00000147883;ENSG00000116299;ENSG00000147162;ENSG00000159167;ENSG00000079332;ENSG00000181061;ENSG00000184481;ENSG00000075651;ENSG00000163273;ENSG00000111203;ENSG00000198727;ENSG00000104381;ENSG00000143627;ENSG00000156026;ENSG00000076555;ENSG00000140950;ENSG00000155876;ENSG00000183696;ENSG00000183682;ENSG00000239282;ENSG00000184304;ENSG00000172247;ENSG00000100219;ENSG00000161610;ENSG00000169252;ENSG00000265808;ENSG00000163545;ENSG00000055332;ENSG00000141682;ENSG00000164654;ENSG00000277893;ENSG00000027075;ENSG00000005893;ENSG00000180370;ENSG00000162600;ENSG00000177565;ENSG00000112062;ENSG00000170836;ENSG00000106617;ENSG00000151726;ENSG00000169914;ENSG00000021826;ENSG00000198198;ENSG00000178966;ENSG00000136758;ENSG00000117394;ENSG00000159267;ENSG00000158019;ENSG00000163328;ENSG00000025039;ENSG00000134684;ENSG00000099940;ENSG00000116954;ENSG00000124333;ENSG00000124762;ENSG00000114867;ENSG00000141564;ENSG00000083720;ENSG00000204103;ENSG00000104332;ENSG00000141376;ENSG00000181019;ENSG00000162688;ENSG00000026103;ENSG00000077264;ENSG00000165699;ENSG00000100330;ENSG00000130427;ENSG00000132382;ENSG00000178473;ENSG00000115457;ENSG00000162409"
"GO","GOMF_PROTEIN_DISULFIDE_ISOMERASE_ACTIVITY",5.99833807251105e-06,0.00067701242378408,0.610526878385931,-0.781359390026661,-2.22669570429893,19,"ENSG00000155660;ENSG00000184164;ENSG00000143870;ENSG00000023318;ENSG00000185615;ENSG00000120658;ENSG00000139921;ENSG00000167004;ENSG00000163703;ENSG00000166479;ENSG00000259207;ENSG00000065485;ENSG00000239264"
"GO","GOBP_RHYTHMIC_PROCESS",5.90151107530235e-06,0.00067701242378408,0.610526878385931,-0.355233659310617,-1.66229268045877,286,"ENSG00000164616;ENSG00000114166;ENSG00000069667;ENSG00000141655;ENSG00000174948;ENSG00000117707;ENSG00000108924;ENSG00000107290;ENSG00000155090;ENSG00000164742;ENSG00000072803;ENSG00000166224;ENSG00000187068;ENSG00000096717;ENSG00000133794;ENSG00000198963;ENSG00000107643;ENSG00000081051;ENSG00000007171;ENSG00000114062;ENSG00000134318;ENSG00000176749;ENSG00000106144;ENSG00000169618;ENSG00000143365;ENSG00000185591;ENSG00000145147;ENSG00000266524;ENSG00000134852;ENSG00000141027;ENSG00000134107;ENSG00000108576;ENSG00000157540;ENSG00000118058;ENSG00000008405;ENSG00000149295;ENSG00000124486;ENSG00000166167;ENSG00000132356;ENSG00000140836;ENSG00000118260;ENSG00000005339;ENSG00000120658;ENSG00000073614;ENSG00000082701;ENSG00000049246;ENSG00000253729;ENSG00000105835;ENSG00000198793;ENSG00000001167;ENSG00000164305;ENSG00000117139;ENSG00000185008;ENSG00000095794;ENSG00000087470;ENSG00000143799;ENSG00000005812;ENSG00000104164;ENSG00000165675;ENSG00000074410;ENSG00000084676;ENSG00000054118;ENSG00000109255;ENSG00000181788;ENSG00000107679;ENSG00000140396;ENSG00000100393;ENSG00000122641;ENSG00000198900;ENSG00000179111;ENSG00000164326;ENSG00000106546;ENSG00000152455;ENSG00000186298;ENSG00000183826;ENSG00000186951;ENSG00000205213;ENSG00000118689;ENSG00000121390;ENSG00000147140;ENSG00000147162;ENSG00000166206;ENSG00000180530;ENSG00000163273;ENSG00000120948;ENSG00000169432;ENSG00000174738;ENSG00000101266;ENSG00000159208;ENSG00000131747;ENSG00000005810;ENSG00000198380;ENSG00000148053;ENSG00000213639;ENSG00000108654;ENSG00000177551;ENSG00000081913;ENSG00000169375;ENSG00000126012;ENSG00000086758;ENSG00000148935"
"GO","GOBP_REGULATION_OF_NEUROGENESIS",5.89994260002209e-06,0.00067701242378408,0.610526878385931,-0.344135467550542,-1.63724985435144,335,"ENSG00000053108;ENSG00000171517;ENSG00000143507;ENSG00000109756;ENSG00000114251;ENSG00000115414;ENSG00000116106;ENSG00000138311;ENSG00000090520;ENSG00000154096;ENSG00000071794;ENSG00000112893;ENSG00000196549;ENSG00000115993;ENSG00000106278;ENSG00000138623;ENSG00000164683;ENSG00000134352;ENSG00000115844;ENSG00000133794;ENSG00000099250;ENSG00000156299;ENSG00000169032;ENSG00000128602;ENSG00000171533;ENSG00000131711;ENSG00000014123;ENSG00000114315;ENSG00000078018;ENSG00000170385;ENSG00000139352;ENSG00000145147;ENSG00000127870;ENSG00000174405;ENSG00000163909;ENSG00000167178;ENSG00000134107;ENSG00000100644;ENSG00000127603;ENSG00000135919;ENSG00000163558;ENSG00000153266;ENSG00000149295;ENSG00000112902;ENSG00000171316;ENSG00000157764;ENSG00000136044;ENSG00000040341;ENSG00000112715;ENSG00000163785;ENSG00000153707;ENSG00000008086;ENSG00000136040;ENSG00000107779;ENSG00000131263;ENSG00000115297;ENSG00000065526;ENSG00000106484;ENSG00000174953;ENSG00000137872;ENSG00000121966;ENSG00000196712;ENSG00000103257;ENSG00000133104;ENSG00000100697;ENSG00000007168;ENSG00000137642;ENSG00000105426;ENSG00000198793;ENSG00000100503;ENSG00000185008;ENSG00000135387;ENSG00000169855;ENSG00000066084;ENSG00000102081;ENSG00000104290;ENSG00000081479;ENSG00000173406;ENSG00000138795;ENSG00000004399;ENSG00000156642;ENSG00000116641;ENSG00000179111;ENSG00000130164;ENSG00000204217;ENSG00000175505;ENSG00000187764;ENSG00000078725;ENSG00000186298;ENSG00000157193;ENSG00000265763;ENSG00000152192;ENSG00000119401;ENSG00000105186;ENSG00000173402;ENSG00000198742;ENSG00000131095;ENSG00000198908;ENSG00000143418;ENSG00000135547;ENSG00000184349;ENSG00000196584;ENSG00000138814;ENSG00000157933;ENSG00000103319;ENSG00000136603;ENSG00000148053;ENSG00000134323;ENSG00000027075;ENSG00000044115;ENSG00000184402;ENSG00000112531;ENSG00000010319;ENSG00000149256;ENSG00000151615;ENSG00000181754;ENSG00000170075;ENSG00000101126;ENSG00000174804;ENSG00000079246;ENSG00000105989;ENSG00000169306;ENSG00000115310;ENSG00000100462;ENSG00000186868;ENSG00000198719;ENSG00000065320;ENSG00000039068;ENSG00000106683;ENSG00000133961"
"GO","GOCC_EARLY_PHAGOSOME",6.96765666153358e-06,0.000737265170498522,0.610526878385931,-0.839989006020093,-2.1769094797947,13,"ENSG00000239732;ENSG00000110057;ENSG00000144566;ENSG00000157500;ENSG00000168461;ENSG00000181804;ENSG00000108389;ENSG00000136044;ENSG00000011347"
"GO","GOBP_CELL_SUBSTRATE_JUNCTION_ORGANIZATION",6.73371146101542e-06,0.000737265170498522,0.610526878385931,-0.478822459307743,-1.97180584617564,105,"ENSG00000064042;ENSG00000144711;ENSG00000115414;ENSG00000145675;ENSG00000053747;ENSG00000154096;ENSG00000129474;ENSG00000152894;ENSG00000166128;ENSG00000165527;ENSG00000099250;ENSG00000112679;ENSG00000144824;ENSG00000134318;ENSG00000143398;ENSG00000139174;ENSG00000046653;ENSG00000067900;ENSG00000127603;ENSG00000074054;ENSG00000073712;ENSG00000112715;ENSG00000097007;ENSG00000186716;ENSG00000071054;ENSG00000259207;ENSG00000065613;ENSG00000164741;ENSG00000243244;ENSG00000151914;ENSG00000163539;ENSG00000166266;ENSG00000065618;ENSG00000171791;ENSG00000206560;ENSG00000132670;ENSG00000166974;ENSG00000035403;ENSG00000173517;ENSG00000169398;ENSG00000166949;ENSG00000184349"
"GO","GOBP_MITOCHONDRIAL_TRANSLATION",6.93698897891922e-06,0.000737265170498522,0.610526878385931,0.452823174895353,1.8732187945226,130,"ENSG00000102738;ENSG00000162910;ENSG00000214026;ENSG00000143374;ENSG00000137288;ENSG00000171421;ENSG00000181610;ENSG00000175756;ENSG00000166902;ENSG00000112651;ENSG00000104835;ENSG00000101391;ENSG00000172590;ENSG00000125445;ENSG00000144029;ENSG00000204568;ENSG00000105364;ENSG00000174547;ENSG00000172172;ENSG00000167112;ENSG00000074071;ENSG00000096080;ENSG00000156928;ENSG00000148824;ENSG00000183617;ENSG00000062582;ENSG00000239789;ENSG00000183978;ENSG00000204822;ENSG00000130921;ENSG00000100601;ENSG00000111639;ENSG00000182180;ENSG00000143314;ENSG00000180992;ENSG00000167862;ENSG00000086504;ENSG00000178952;ENSG00000242485;ENSG00000204316;ENSG00000262814;ENSG00000163319;ENSG00000146282;ENSG00000116898;ENSG00000130312;ENSG00000156990;ENSG00000136522;ENSG00000125901;ENSG00000122033;ENSG00000259494;ENSG00000101181;ENSG00000169288;ENSG00000254858;ENSG00000182199;ENSG00000116874;ENSG00000155463;ENSG00000147586;ENSG00000185608;ENSG00000116221;ENSG00000055950;ENSG00000122140"
"GO","GOBP_REGULATION_OF_TRANSMEMBRANE_RECEPTOR_PROTEIN_SERINE_THREONINE_KINASE_SIGNALING_PATHWAY",6.85161651846876e-06,0.000737265170498522,0.610526878385931,-0.364725013004963,-1.68913058396735,261,"ENSG00000044574;ENSG00000053108;ENSG00000153162;ENSG00000174106;ENSG00000114251;ENSG00000146197;ENSG00000150457;ENSG00000096968;ENSG00000163513;ENSG00000134363;ENSG00000147255;ENSG00000128791;ENSG00000153487;ENSG00000164659;ENSG00000062038;ENSG00000102678;ENSG00000128045;ENSG00000096717;ENSG00000112175;ENSG00000156466;ENSG00000138336;ENSG00000115170;ENSG00000164619;ENSG00000144730;ENSG00000165617;ENSG00000114315;ENSG00000103226;ENSG00000139146;ENSG00000148516;ENSG00000150938;ENSG00000100916;ENSG00000129515;ENSG00000108389;ENSG00000069702;ENSG00000072401;ENSG00000005339;ENSG00000107779;ENSG00000157450;ENSG00000097007;ENSG00000168214;ENSG00000180875;ENSG00000067141;ENSG00000102804;ENSG00000101665;ENSG00000090863;ENSG00000133104;ENSG00000137642;ENSG00000101311;ENSG00000131023;ENSG00000197323;ENSG00000140682;ENSG00000121989;ENSG00000064393;ENSG00000251493;ENSG00000166033;ENSG00000166147;ENSG00000137770;ENSG00000054267;ENSG00000143799;ENSG00000103512;ENSG00000081479;ENSG00000162521;ENSG00000114739;ENSG00000100393;ENSG00000138604;ENSG00000122641;ENSG00000171243;ENSG00000099942;ENSG00000085276;ENSG00000204217;ENSG00000152684;ENSG00000186951;ENSG00000147883;ENSG00000157240;ENSG00000140479;ENSG00000198742;ENSG00000147162;ENSG00000178752;ENSG00000175387;ENSG00000112200;ENSG00000166949;ENSG00000140992;ENSG00000129757;ENSG00000242265;ENSG00000119547;ENSG00000157933;ENSG00000141052;ENSG00000100219;ENSG00000136603;ENSG00000135655;ENSG00000108854;ENSG00000197415;ENSG00000169375;ENSG00000008196;ENSG00000137573;ENSG00000164488;ENSG00000139567;ENSG00000109762;ENSG00000142611;ENSG00000135503;ENSG00000163328;ENSG00000164576;ENSG00000032219;ENSG00000164105"
"GO","GOBP_ATP_SYNTHESIS_COUPLED_ELECTRON_TRANSPORT",8.06628772221296e-06,0.000840383083920402,0.593325476396405,0.486675178779194,1.93134518177776,99,"ENSG00000145335;ENSG00000167792;ENSG00000233954;ENSG00000183648;ENSG00000136521;ENSG00000110717;ENSG00000145494;ENSG00000164919;ENSG00000140740;ENSG00000126267;ENSG00000099795;ENSG00000213619;ENSG00000184076;ENSG00000174886;ENSG00000106153;ENSG00000131143;ENSG00000115286;ENSG00000164258;ENSG00000179091;ENSG00000160194;ENSG00000140990;ENSG00000065518;ENSG00000090266;ENSG00000112695;ENSG00000168653;ENSG00000204922;ENSG00000010256;ENSG00000135940;ENSG00000189043;ENSG00000127184;ENSG00000109390;ENSG00000117118;ENSG00000127540;ENSG00000116288;ENSG00000088682;ENSG00000167985;ENSG00000170516;ENSG00000165264;ENSG00000004779;ENSG00000139180;ENSG00000267855;ENSG00000125356;ENSG00000178741;ENSG00000173660;ENSG00000158828;ENSG00000111775;ENSG00000166136;ENSG00000198840;ENSG00000136003;ENSG00000114956"
"GO","GOBP_WNT_SIGNALING_PATHWAY_PLANAR_CELL_POLARITY_PATHWAY",8.81488934818325e-06,0.000890961651729806,0.593325476396405,-0.600708546345092,-2.11956770418638,45,"ENSG00000114251;ENSG00000183579;ENSG00000155760;ENSG00000100592;ENSG00000156299;ENSG00000165617;ENSG00000139174;ENSG00000075275;ENSG00000140807;ENSG00000015133;ENSG00000163785;ENSG00000097007;ENSG00000143126;ENSG00000164930;ENSG00000104290;ENSG00000158955;ENSG00000184634;ENSG00000173218;ENSG00000198742"
"GO","GOBP_REGULATION_OF_CELL_MATRIX_ADHESION",8.72482567196176e-06,0.000890961651729806,0.593325476396405,-0.444047331216968,-1.86031036730386,117,"ENSG00000064042;ENSG00000145675;ENSG00000101384;ENSG00000140945;ENSG00000154096;ENSG00000152818;ENSG00000099250;ENSG00000112679;ENSG00000144824;ENSG00000134318;ENSG00000151882;ENSG00000145715;ENSG00000046653;ENSG00000146904;ENSG00000067900;ENSG00000127603;ENSG00000074054;ENSG00000073712;ENSG00000050030;ENSG00000112715;ENSG00000147044;ENSG00000097007;ENSG00000082701;ENSG00000071054;ENSG00000196712;ENSG00000259207;ENSG00000065613;ENSG00000164741;ENSG00000101311;ENSG00000163539;ENSG00000166266;ENSG00000171791;ENSG00000206560;ENSG00000138795;ENSG00000132670;ENSG00000177076;ENSG00000173083;ENSG00000035403;ENSG00000173517;ENSG00000173402;ENSG00000169398;ENSG00000166949;ENSG00000184349;ENSG00000119547;ENSG00000115109"
"GO","GOBP_METENCEPHALON_DEVELOPMENT",9.3564726474527e-06,0.000931794599537495,0.593325476396405,-0.45665998658305,-1.9071265179312,115,"ENSG00000044574;ENSG00000069667;ENSG00000164494;ENSG00000138311;ENSG00000117707;ENSG00000179295;ENSG00000162992;ENSG00000180881;ENSG00000169032;ENSG00000128602;ENSG00000176749;ENSG00000129159;ENSG00000138802;ENSG00000018236;ENSG00000139352;ENSG00000266524;ENSG00000159131;ENSG00000139874;ENSG00000135919;ENSG00000106692;ENSG00000133026;ENSG00000088812;ENSG00000128881;ENSG00000179915;ENSG00000097007;ENSG00000095139;ENSG00000123607;ENSG00000115966;ENSG00000105426;ENSG00000171791;ENSG00000173406;ENSG00000152208;ENSG00000135049;ENSG00000084676;ENSG00000103657;ENSG00000099942;ENSG00000063015;ENSG00000111087;ENSG00000180509;ENSG00000079482;ENSG00000188613;ENSG00000146938;ENSG00000166206;ENSG00000162736;ENSG00000128573;ENSG00000168267"
"GO","GOBP_LEUKOCYTE_CELL_CELL_ADHESION",9.62394079615415e-06,0.000944540972051535,0.593325476396405,-0.338836519010841,-1.62376804759046,359,"ENSG00000124766;ENSG00000143507;ENSG00000104432;ENSG00000146072;ENSG00000121210;ENSG00000116106;ENSG00000175893;ENSG00000076641;ENSG00000134954;ENSG00000154096;ENSG00000010810;ENSG00000083799;ENSG00000154721;ENSG00000179295;ENSG00000096968;ENSG00000163513;ENSG00000081237;ENSG00000189079;ENSG00000128791;ENSG00000139514;ENSG00000186265;ENSG00000187210;ENSG00000107968;ENSG00000134352;ENSG00000142867;ENSG00000135077;ENSG00000112679;ENSG00000113384;ENSG00000014123;ENSG00000136518;ENSG00000114315;ENSG00000145868;ENSG00000081985;ENSG00000203710;ENSG00000075711;ENSG00000171867;ENSG00000151882;ENSG00000170027;ENSG00000197329;ENSG00000188404;ENSG00000132842;ENSG00000073861;ENSG00000163939;ENSG00000198836;ENSG00000067900;ENSG00000204256;ENSG00000060237;ENSG00000120659;ENSG00000136235;ENSG00000175040;ENSG00000056586;ENSG00000172461;ENSG00000176105;ENSG00000072274;ENSG00000132356;ENSG00000081181;ENSG00000119927;ENSG00000117586;ENSG00000126804;ENSG00000154305;ENSG00000139613;ENSG00000102908;ENSG00000097007;ENSG00000115232;ENSG00000196776;ENSG00000101665;ENSG00000272398;ENSG00000198793;ENSG00000164305;ENSG00000242574;ENSG00000067606;ENSG00000078747;ENSG00000110395;ENSG00000104312;ENSG00000125266;ENSG00000108175;ENSG00000136536;ENSG00000139626;ENSG00000108691;ENSG00000174564;ENSG00000138821;ENSG00000117335;ENSG00000171150;ENSG00000168283;ENSG00000182197;ENSG00000138795;ENSG00000172216;ENSG00000100393;ENSG00000164136;ENSG00000136630;ENSG00000187764;ENSG00000116977;ENSG00000186951;ENSG00000118689;ENSG00000108946;ENSG00000150093;ENSG00000173473;ENSG00000130024;ENSG00000135318;ENSG00000049618"
"GO","GOBP_NUCLEOSIDE_TRIPHOSPHATE_BIOSYNTHETIC_PROCESS",1.00288946571472e-05,0.000970223923117151,0.593325476396405,0.450386648076242,1.85957223271063,128,"ENSG00000154723;ENSG00000102125;ENSG00000125375;ENSG00000168393;ENSG00000172113;ENSG00000099624;ENSG00000075399;ENSG00000167792;ENSG00000183648;ENSG00000176410;ENSG00000136521;ENSG00000198276;ENSG00000110717;ENSG00000149925;ENSG00000145494;ENSG00000178035;ENSG00000130717;ENSG00000124172;ENSG00000103024;ENSG00000135390;ENSG00000099795;ENSG00000213619;ENSG00000174886;ENSG00000169020;ENSG00000249222;ENSG00000147123;ENSG00000115286;ENSG00000241837;ENSG00000186010;ENSG00000156411;ENSG00000164258;ENSG00000165283;ENSG00000159199;ENSG00000243678;ENSG00000160194;ENSG00000106992;ENSG00000140990;ENSG00000065518;ENSG00000103202;ENSG00000090266;ENSG00000168653;ENSG00000071889;ENSG00000204922;ENSG00000167863;ENSG00000241468;ENSG00000123009;ENSG00000063176;ENSG00000109390;ENSG00000117118;ENSG00000074800;ENSG00000165264;ENSG00000004779;ENSG00000139180;ENSG00000267855;ENSG00000125356;ENSG00000099968;ENSG00000165629;ENSG00000158828;ENSG00000185883;ENSG00000166136;ENSG00000198840;ENSG00000103254"
"GO","GOBP_RESPONSE_TO_TOPOLOGICALLY_INCORRECT_PROTEIN",1.10423899495751e-05,0.00103859812136837,0.593325476396405,-0.404773500823638,-1.7825940293111,168,"ENSG00000051108;ENSG00000044574;ENSG00000165192;ENSG00000145050;ENSG00000102580;ENSG00000134109;ENSG00000145675;ENSG00000152137;ENSG00000151883;ENSG00000124164;ENSG00000023318;ENSG00000163527;ENSG00000172071;ENSG00000096717;ENSG00000122557;ENSG00000113194;ENSG00000014123;ENSG00000158615;ENSG00000067167;ENSG00000118217;ENSG00000064115;ENSG00000144468;ENSG00000050130;ENSG00000117020;ENSG00000077232;ENSG00000128965;ENSG00000137094;ENSG00000116406;ENSG00000144224;ENSG00000164463;ENSG00000197930;ENSG00000115806;ENSG00000113296;ENSG00000012174;ENSG00000182158;ENSG00000138617;ENSG00000170464;ENSG00000086598;ENSG00000134001;ENSG00000116688;ENSG00000104517;ENSG00000152223;ENSG00000178607;ENSG00000174010;ENSG00000136986;ENSG00000157613;ENSG00000127481;ENSG00000175197;ENSG00000153094;ENSG00000196396;ENSG00000128590;ENSG00000036257;ENSG00000168610;ENSG00000135776;ENSG00000164031;ENSG00000140943;ENSG00000164070;ENSG00000165280;ENSG00000072849;ENSG00000099219;ENSG00000198855;ENSG00000100219;ENSG00000055332;ENSG00000104343;ENSG00000071051"
"GO","GOMF_PHOSPHATIDYLINOSITOL_BINDING",1.09330649745102e-05,0.00103859812136837,0.593325476396405,-0.352648611541828,-1.64380689144907,279,"ENSG00000116117;ENSG00000117868;ENSG00000155760;ENSG00000134909;ENSG00000140948;ENSG00000118242;ENSG00000154096;ENSG00000148158;ENSG00000104205;ENSG00000157483;ENSG00000123700;ENSG00000177182;ENSG00000130340;ENSG00000141664;ENSG00000064652;ENSG00000123104;ENSG00000071189;ENSG00000113384;ENSG00000102189;ENSG00000147164;ENSG00000164066;ENSG00000157500;ENSG00000159023;ENSG00000131015;ENSG00000078246;ENSG00000106086;ENSG00000120451;ENSG00000086300;ENSG00000011405;ENSG00000170743;ENSG00000157077;ENSG00000163093;ENSG00000129515;ENSG00000085449;ENSG00000073712;ENSG00000139641;ENSG00000099290;ENSG00000136044;ENSG00000070087;ENSG00000091039;ENSG00000164430;ENSG00000170633;ENSG00000185722;ENSG00000089169;ENSG00000133056;ENSG00000127946;ENSG00000151239;ENSG00000066739;ENSG00000145555;ENSG00000008256;ENSG00000039319;ENSG00000173163;ENSG00000011347;ENSG00000073921;ENSG00000048471;ENSG00000007202;ENSG00000139144;ENSG00000187231;ENSG00000143376;ENSG00000186063;ENSG00000053918;ENSG00000182621;ENSG00000128641;ENSG00000141198;ENSG00000157978;ENSG00000150995;ENSG00000133812;ENSG00000124120;ENSG00000157107;ENSG00000052126;ENSG00000143457;ENSG00000132613;ENSG00000169933;ENSG00000146352;ENSG00000148498;ENSG00000181649;ENSG00000147162;ENSG00000163625;ENSG00000033327;ENSG00000115355;ENSG00000075651;ENSG00000111737;ENSG00000100558;ENSG00000172375;ENSG00000184675;ENSG00000161905;ENSG00000131381;ENSG00000115762;ENSG00000136738;ENSG00000197415;ENSG00000174238;ENSG00000135317;ENSG00000137478;ENSG00000115145;ENSG00000175097;ENSG00000145016;ENSG00000001631;ENSG00000021762;ENSG00000116903;ENSG00000265190;ENSG00000109762;ENSG00000140575;ENSG00000164144;ENSG00000136643;ENSG00000164576;ENSG00000171100;ENSG00000132549;ENSG00000113163"
"GO","GOBP_REGULATION_OF_WNT_SIGNALING_PATHWAY",1.15940142087521e-05,0.00107554334550232,0.593325476396405,-0.337988839230965,-1.60592325649827,331,"ENSG00000261594;ENSG00000166598;ENSG00000106070;ENSG00000124766;ENSG00000109189;ENSG00000114251;ENSG00000183579;ENSG00000155760;ENSG00000121210;ENSG00000101109;ENSG00000109320;ENSG00000073711;ENSG00000163884;ENSG00000144642;ENSG00000150457;ENSG00000083799;ENSG00000170558;ENSG00000154124;ENSG00000116729;ENSG00000062038;ENSG00000102678;ENSG00000133794;ENSG00000039600;ENSG00000181449;ENSG00000165617;ENSG00000150907;ENSG00000139174;ENSG00000106723;ENSG00000138685;ENSG00000169118;ENSG00000205269;ENSG00000113712;ENSG00000108100;ENSG00000162998;ENSG00000107104;ENSG00000127603;ENSG00000130203;ENSG00000060237;ENSG00000215301;ENSG00000145907;ENSG00000140807;ENSG00000100281;ENSG00000134371;ENSG00000144560;ENSG00000112902;ENSG00000151490;ENSG00000015133;ENSG00000186767;ENSG00000183762;ENSG00000178343;ENSG00000166167;ENSG00000163904;ENSG00000134982;ENSG00000125398;ENSG00000097007;ENSG00000020181;ENSG00000138592;ENSG00000106484;ENSG00000082701;ENSG00000168214;ENSG00000151292;ENSG00000123607;ENSG00000155755;ENSG00000180730;ENSG00000138032;ENSG00000115464;ENSG00000180694;ENSG00000101311;ENSG00000107854;ENSG00000131023;ENSG00000018408;ENSG00000164930;ENSG00000196632;ENSG00000179528;ENSG00000142192;ENSG00000138795;ENSG00000104517;ENSG00000066468;ENSG00000115216;ENSG00000114904;ENSG00000181788;ENSG00000171243;ENSG00000139697;ENSG00000173273;ENSG00000114030;ENSG00000101849;ENSG00000175197;ENSG00000111087;ENSG00000205213;ENSG00000118689;ENSG00000170242;ENSG00000019995;ENSG00000058091;ENSG00000157240;ENSG00000108375"
"GO","GOCC_NEURON_TO_NEURON_SYNAPSE",1.26924676137099e-05,0.00116153230648708,0.593325476396405,-0.325300064036819,-1.57016934257947,393,"ENSG00000152377;ENSG00000144711;ENSG00000184588;ENSG00000197959;ENSG00000125675;ENSG00000160145;ENSG00000115194;ENSG00000116106;ENSG00000134909;ENSG00000135298;ENSG00000116675;ENSG00000144283;ENSG00000010810;ENSG00000158258;ENSG00000183454;ENSG00000117600;ENSG00000121871;ENSG00000107362;ENSG00000164742;ENSG00000182771;ENSG00000040933;ENSG00000115183;ENSG00000196730;ENSG00000082482;ENSG00000169032;ENSG00000101752;ENSG00000149970;ENSG00000149403;ENSG00000115808;ENSG00000131711;ENSG00000129204;ENSG00000152578;ENSG00000176749;ENSG00000147894;ENSG00000104219;ENSG00000139174;ENSG00000075711;ENSG00000198961;ENSG00000171867;ENSG00000183715;ENSG00000170385;ENSG00000131089;ENSG00000118507;ENSG00000124198;ENSG00000050438;ENSG00000115904;ENSG00000170579;ENSG00000157680;ENSG00000008277;ENSG00000186472;ENSG00000124313;ENSG00000221823;ENSG00000165802;ENSG00000170743;ENSG00000158528;ENSG00000171208;ENSG00000152413;ENSG00000091129;ENSG00000151490;ENSG00000163785;ENSG00000153707;ENSG00000136040;ENSG00000137845;ENSG00000163873;ENSG00000154310;ENSG00000087053;ENSG00000171189;ENSG00000156395;ENSG00000113742;ENSG00000097007;ENSG00000165985;ENSG00000164506;ENSG00000138592;ENSG00000186716;ENSG00000221866;ENSG00000067141;ENSG00000118596;ENSG00000011347;ENSG00000105426;ENSG00000134243;ENSG00000164305;ENSG00000151025;ENSG00000136754;ENSG00000102081;ENSG00000148700;ENSG00000151148;ENSG00000099204;ENSG00000125266;ENSG00000136379;ENSG00000148943;ENSG00000163399;ENSG00000164924;ENSG00000091428;ENSG00000152208;ENSG00000150995;ENSG00000156642;ENSG00000128594;ENSG00000047932;ENSG00000198576;ENSG00000156011;ENSG00000110881;ENSG00000052126;ENSG00000204217;ENSG00000113360;ENSG00000148660;ENSG00000114030;ENSG00000157193;ENSG00000243902;ENSG00000105464;ENSG00000150093;ENSG00000116329;ENSG00000179841;ENSG00000131094;ENSG00000183023;ENSG00000150672;ENSG00000146938;ENSG00000168610;ENSG00000135766;ENSG00000116032"
"GO","GOBP_MESENCHYME_DEVELOPMENT",1.29161025097047e-05,0.00116623794927627,0.593325476396405,-0.345967502302067,-1.61535569228218,282,"ENSG00000112183;ENSG00000124766;ENSG00000114251;ENSG00000115414;ENSG00000101384;ENSG00000116106;ENSG00000092421;ENSG00000111846;ENSG00000170558;ENSG00000163513;ENSG00000173068;ENSG00000138623;ENSG00000102678;ENSG00000164683;ENSG00000112175;ENSG00000099250;ENSG00000156299;ENSG00000128602;ENSG00000125878;ENSG00000134318;ENSG00000115170;ENSG00000144730;ENSG00000069248;ENSG00000114315;ENSG00000157168;ENSG00000139174;ENSG00000103226;ENSG00000163909;ENSG00000196950;ENSG00000162998;ENSG00000100644;ENSG00000067900;ENSG00000221823;ENSG00000061676;ENSG00000073712;ENSG00000154736;ENSG00000112902;ENSG00000069702;ENSG00000112715;ENSG00000130702;ENSG00000163389;ENSG00000107779;ENSG00000100201;ENSG00000134982;ENSG00000125398;ENSG00000082701;ENSG00000168214;ENSG00000137872;ENSG00000149294;ENSG00000163703;ENSG00000101665;ENSG00000163376;ENSG00000020256;ENSG00000198793;ENSG00000100030;ENSG00000183688;ENSG00000140682;ENSG00000185008;ENSG00000169855;ENSG00000251493;ENSG00000070018;ENSG00000018408;ENSG00000046604;ENSG00000145743;ENSG00000125630;ENSG00000103512;ENSG00000106948;ENSG00000171791;ENSG00000182197;ENSG00000138795;ENSG00000141424;ENSG00000075223;ENSG00000066468;ENSG00000118257;ENSG00000113196;ENSG00000113391;ENSG00000176542;ENSG00000204217;ENSG00000187764;ENSG00000129514;ENSG00000131095;ENSG00000175387;ENSG00000169398;ENSG00000159346;ENSG00000075213;ENSG00000166949;ENSG00000157927;ENSG00000135547;ENSG00000167680;ENSG00000184675;ENSG00000153993;ENSG00000166197;ENSG00000115109"
"GO","GOBP_LIPID_LOCALIZATION",1.34921040577565e-05,0.0012022174826201,0.593325476396405,-0.318850893035173,-1.54778921574075,421,"ENSG00000103222;ENSG00000101670;ENSG00000164211;ENSG00000117868;ENSG00000153162;ENSG00000137491;ENSG00000144909;ENSG00000141655;ENSG00000109320;ENSG00000167034;ENSG00000169174;ENSG00000143921;ENSG00000111647;ENSG00000166471;ENSG00000124164;ENSG00000117600;ENSG00000179295;ENSG00000165029;ENSG00000141458;ENSG00000140284;ENSG00000144366;ENSG00000138688;ENSG00000166426;ENSG00000096717;ENSG00000125257;ENSG00000221963;ENSG00000154258;ENSG00000138760;ENSG00000007171;ENSG00000168389;ENSG00000143515;ENSG00000104133;ENSG00000058063;ENSG00000084674;ENSG00000213585;ENSG00000126821;ENSG00000134108;ENSG00000123983;ENSG00000085563;ENSG00000153989;ENSG00000106086;ENSG00000150867;ENSG00000111684;ENSG00000184730;ENSG00000023839;ENSG00000114698;ENSG00000130203;ENSG00000177119;ENSG00000070882;ENSG00000148344;ENSG00000008405;ENSG00000120659;ENSG00000144645;ENSG00000122335;ENSG00000136478;ENSG00000149295;ENSG00000110090;ENSG00000139641;ENSG00000107798;ENSG00000068650;ENSG00000174448;ENSG00000145246;ENSG00000153246;ENSG00000163586;ENSG00000084090;ENSG00000091039;ENSG00000073756;ENSG00000132824;ENSG00000136628;ENSG00000116171;ENSG00000101166;ENSG00000171714;ENSG00000162444;ENSG00000117859;ENSG00000068366;ENSG00000121207;ENSG00000066739;ENSG00000152422;ENSG00000133104;ENSG00000259207;ENSG00000182107;ENSG00000173163;ENSG00000117528;ENSG00000186314;ENSG00000173409;ENSG00000011347;ENSG00000129003;ENSG00000057252;ENSG00000120992;ENSG00000117139;ENSG00000132911;ENSG00000144891;ENSG00000053918;ENSG00000155158;ENSG00000187134;ENSG00000173918;ENSG00000119541;ENSG00000154262;ENSG00000157978;ENSG00000158296;ENSG00000188313;ENSG00000138448;ENSG00000130270;ENSG00000135241;ENSG00000122641;ENSG00000048707;ENSG00000130164;ENSG00000144747;ENSG00000185920;ENSG00000069482;ENSG00000186951;ENSG00000134444;ENSG00000118322;ENSG00000166573;ENSG00000178752;ENSG00000147465;ENSG00000170231;ENSG00000124406;ENSG00000062716;ENSG00000023171;ENSG00000172375;ENSG00000170456;ENSG00000076555;ENSG00000169427;ENSG00000123739;ENSG00000156599;ENSG00000163959;ENSG00000181652;ENSG00000081923"
"GO","GOBP_ATP_BIOSYNTHETIC_PROCESS",1.42647022853101e-05,0.00122776923892318,0.593325476396405,0.472257626353317,1.88693619153685,103,"ENSG00000154723;ENSG00000102125;ENSG00000125375;ENSG00000099624;ENSG00000075399;ENSG00000167792;ENSG00000183648;ENSG00000176410;ENSG00000136521;ENSG00000110717;ENSG00000149925;ENSG00000145494;ENSG00000124172;ENSG00000135390;ENSG00000099795;ENSG00000213619;ENSG00000174886;ENSG00000169020;ENSG00000249222;ENSG00000147123;ENSG00000115286;ENSG00000241837;ENSG00000186010;ENSG00000156411;ENSG00000164258;ENSG00000165283;ENSG00000159199;ENSG00000160194;ENSG00000140990;ENSG00000065518;ENSG00000090266;ENSG00000168653;ENSG00000071889;ENSG00000204922;ENSG00000167863;ENSG00000241468;ENSG00000063176;ENSG00000109390;ENSG00000117118;ENSG00000074800;ENSG00000165264;ENSG00000004779;ENSG00000139180;ENSG00000267855;ENSG00000125356;ENSG00000099968;ENSG00000165629;ENSG00000158828;ENSG00000185883;ENSG00000166136;ENSG00000198840;ENSG00000103254"
"GO","GOBP_TELENCEPHALON_DEVELOPMENT",1.43227657818859e-05,0.00122776923892318,0.593325476396405,-0.348729619452129,-1.62385339539193,277,"ENSG00000145242;ENSG00000103222;ENSG00000174469;ENSG00000171094;ENSG00000114251;ENSG00000118407;ENSG00000138162;ENSG00000112139;ENSG00000117707;ENSG00000185924;ENSG00000170558;ENSG00000132640;ENSG00000162992;ENSG00000196549;ENSG00000112137;ENSG00000169379;ENSG00000196159;ENSG00000085433;ENSG00000145545;ENSG00000138623;ENSG00000180881;ENSG00000115844;ENSG00000196092;ENSG00000128602;ENSG00000168389;ENSG00000284862;ENSG00000114315;ENSG00000176749;ENSG00000129159;ENSG00000196924;ENSG00000139352;ENSG00000145147;ENSG00000159131;ENSG00000100644;ENSG00000166780;ENSG00000106692;ENSG00000153266;ENSG00000149295;ENSG00000133026;ENSG00000130449;ENSG00000171316;ENSG00000163785;ENSG00000166579;ENSG00000040199;ENSG00000082701;ENSG00000221866;ENSG00000134294;ENSG00000274211;ENSG00000196712;ENSG00000007168;ENSG00000105426;ENSG00000164305;ENSG00000100503;ENSG00000185008;ENSG00000169855;ENSG00000104164;ENSG00000108175;ENSG00000149557;ENSG00000182621;ENSG00000173406;ENSG00000182197;ENSG00000138795;ENSG00000070770;ENSG00000135049;ENSG00000084676;ENSG00000122641;ENSG00000103657;ENSG00000099942;ENSG00000066735;ENSG00000088930;ENSG00000157193;ENSG00000058668"
"GO","GOMF_GTPASE_BINDING",1.42129864992463e-05,0.00122776923892318,0.593325476396405,-0.33453607496851,-1.58927451568099,324,"ENSG00000176641;ENSG00000147041;ENSG00000135905;ENSG00000117280;ENSG00000165029;ENSG00000188419;ENSG00000111490;ENSG00000100592;ENSG00000130227;ENSG00000107036;ENSG00000088538;ENSG00000169032;ENSG00000116285;ENSG00000133704;ENSG00000134318;ENSG00000112685;ENSG00000147894;ENSG00000104093;ENSG00000196924;ENSG00000052723;ENSG00000205339;ENSG00000108424;ENSG00000111664;ENSG00000135631;ENSG00000085382;ENSG00000197622;ENSG00000145715;ENSG00000106086;ENSG00000132953;ENSG00000067900;ENSG00000137942;ENSG00000083312;ENSG00000196792;ENSG00000082805;ENSG00000061676;ENSG00000107560;ENSG00000127328;ENSG00000158987;ENSG00000170776;ENSG00000164292;ENSG00000138193;ENSG00000197535;ENSG00000157764;ENSG00000115504;ENSG00000184575;ENSG00000131437;ENSG00000008086;ENSG00000122126;ENSG00000011454;ENSG00000136628;ENSG00000125875;ENSG00000010017;ENSG00000198060;ENSG00000185722;ENSG00000151746;ENSG00000118873;ENSG00000089169;ENSG00000152061;ENSG00000131242;ENSG00000180263;ENSG00000115839;ENSG00000101350;ENSG00000130147;ENSG00000128512;ENSG00000185009;ENSG00000073921;ENSG00000137642;ENSG00000167306;ENSG00000065150;ENSG00000131725;ENSG00000135968;ENSG00000066455;ENSG00000087470;ENSG00000114346;ENSG00000145979;ENSG00000104419;ENSG00000196305;ENSG00000148429;ENSG00000185963;ENSG00000150760;ENSG00000153201;ENSG00000070367;ENSG00000091428;ENSG00000064419;ENSG00000273749;ENSG00000100599;ENSG00000110723;ENSG00000165813;ENSG00000116641;ENSG00000157827;ENSG00000078369;ENSG00000132613;ENSG00000165219;ENSG00000126775;ENSG00000100815;ENSG00000139132;ENSG00000152192;ENSG00000065243;ENSG00000161791;ENSG00000169629;ENSG00000105186;ENSG00000179562;ENSG00000077254;ENSG00000166747;ENSG00000181852;ENSG00000157927;ENSG00000176406;ENSG00000006740;ENSG00000136167;ENSG00000170456;ENSG00000130396;ENSG00000131381;ENSG00000158985;ENSG00000086200;ENSG00000005810;ENSG00000067208;ENSG00000060138;ENSG00000151491;ENSG00000027075;ENSG00000180370;ENSG00000154710;ENSG00000156675;ENSG00000152767;ENSG00000116903;ENSG00000184014;ENSG00000140575;ENSG00000136811;ENSG00000198700;ENSG00000025039;ENSG00000107185;ENSG00000003393;ENSG00000156232;ENSG00000116954;ENSG00000204764;ENSG00000141564;ENSG00000147459;ENSG00000116473;ENSG00000196935;ENSG00000111348;ENSG00000150773;ENSG00000077264;ENSG00000100099;ENSG00000213047;ENSG00000184445;ENSG00000131504;ENSG00000198722;ENSG00000082898"
"GO","GOBP_VASCULAR_ENDOTHELIAL_CELL_RESPONSE_TO_FLUID_SHEAR_STRESS",1.54894882925572e-05,0.00129499771255799,0.575610261071129,-0.698619684830759,-2.16808941043183,26,"ENSG00000173175;ENSG00000164742;ENSG00000078295;ENSG00000138031;ENSG00000162104;ENSG00000097007;ENSG00000198793;ENSG00000142875;ENSG00000162909;ENSG00000114302;ENSG00000171150;ENSG00000196396;ENSG00000108946;ENSG00000065243;ENSG00000169398;ENSG00000140992"
"GO","GOBP_EPITHELIAL_CELL_PROLIFERATION",1.54618018330699e-05,0.00129499771255799,0.575610261071129,-0.331566482131711,-1.59040232881225,368,"ENSG00000166888;ENSG00000143507;ENSG00000153162;ENSG00000114251;ENSG00000155760;ENSG00000140945;ENSG00000167034;ENSG00000117707;ENSG00000169031;ENSG00000186810;ENSG00000152894;ENSG00000134363;ENSG00000170873;ENSG00000051523;ENSG00000062038;ENSG00000164327;ENSG00000102678;ENSG00000096717;ENSG00000112175;ENSG00000099250;ENSG00000169032;ENSG00000128602;ENSG00000140832;ENSG00000116285;ENSG00000145088;ENSG00000164619;ENSG00000197405;ENSG00000114315;ENSG00000075711;ENSG00000138685;ENSG00000184292;ENSG00000164066;ENSG00000139687;ENSG00000185591;ENSG00000153989;ENSG00000213281;ENSG00000100311;ENSG00000125686;ENSG00000178301;ENSG00000100644;ENSG00000156427;ENSG00000130203;ENSG00000139618;ENSG00000120659;ENSG00000118503;ENSG00000172817;ENSG00000134371;ENSG00000107798;ENSG00000112902;ENSG00000196937;ENSG00000117020;ENSG00000069702;ENSG00000112715;ENSG00000131845;ENSG00000166167;ENSG00000136110;ENSG00000107779;ENSG00000147044;ENSG00000163082;ENSG00000151748;ENSG00000125398;ENSG00000115232;ENSG00000253729;ENSG00000196712;ENSG00000003402;ENSG00000259207;ENSG00000113296;ENSG00000086062;ENSG00000198663;ENSG00000171812;ENSG00000100030;ENSG00000101311;ENSG00000117139;ENSG00000121989;ENSG00000169855;ENSG00000185551;ENSG00000144891;ENSG00000125266;ENSG00000172007;ENSG00000108691;ENSG00000172216;ENSG00000066468;ENSG00000101445;ENSG00000118257;ENSG00000178607;ENSG00000154229;ENSG00000164326;ENSG00000204217;ENSG00000183943;ENSG00000185920;ENSG00000029364;ENSG00000166263;ENSG00000111087;ENSG00000205213;ENSG00000057657;ENSG00000147883;ENSG00000167332;ENSG00000185129;ENSG00000168610;ENSG00000162736;ENSG00000166949;ENSG00000140992;ENSG00000129757;ENSG00000128573"
"GO","GOBP_CELLULAR_RESPONSE_TO_NUTRIENT_LEVELS",1.58304960141812e-05,0.00130736730497604,0.575610261071129,-0.36564618133774,-1.6862212934264,250,"ENSG00000044574;ENSG00000176641;ENSG00000114166;ENSG00000141655;ENSG00000169174;ENSG00000139112;ENSG00000036828;ENSG00000155090;ENSG00000172071;ENSG00000145545;ENSG00000164327;ENSG00000096717;ENSG00000136048;ENSG00000107643;ENSG00000158445;ENSG00000097033;ENSG00000168389;ENSG00000143324;ENSG00000134245;ENSG00000150907;ENSG00000170027;ENSG00000185591;ENSG00000167196;ENSG00000113712;ENSG00000125686;ENSG00000165392;ENSG00000136874;ENSG00000112561;ENSG00000149212;ENSG00000196455;ENSG00000004799;ENSG00000217128;ENSG00000102174;ENSG00000132356;ENSG00000005339;ENSG00000102572;ENSG00000164603;ENSG00000133056;ENSG00000113742;ENSG00000134294;ENSG00000135821;ENSG00000103257;ENSG00000115966;ENSG00000198793;ENSG00000131183;ENSG00000100030;ENSG00000128829;ENSG00000197256;ENSG00000122779;ENSG00000145979;ENSG00000197442;ENSG00000149485;ENSG00000124151;ENSG00000140941;ENSG00000006715;ENSG00000136319;ENSG00000134001;ENSG00000164924;ENSG00000171791;ENSG00000185290;ENSG00000084676;ENSG00000078142;ENSG00000100393;ENSG00000122641;ENSG00000158955;ENSG00000164326;ENSG00000204217;ENSG00000126775;ENSG00000186951;ENSG00000090905;ENSG00000118689;ENSG00000119401;ENSG00000101349;ENSG00000147883;ENSG00000116299;ENSG00000147162;ENSG00000079332;ENSG00000181061;ENSG00000075651;ENSG00000111203;ENSG00000104381;ENSG00000156026;ENSG00000155876;ENSG00000183696;ENSG00000239282;ENSG00000184304;ENSG00000100219;ENSG00000265808;ENSG00000163545;ENSG00000055332;ENSG00000141682;ENSG00000164654;ENSG00000027075;ENSG00000005893;ENSG00000180370;ENSG00000170836;ENSG00000106617;ENSG00000169914;ENSG00000198198;ENSG00000136758;ENSG00000117394;ENSG00000163328;ENSG00000025039;ENSG00000099940;ENSG00000116954;ENSG00000124333;ENSG00000124762;ENSG00000114867;ENSG00000141564;ENSG00000104332;ENSG00000026103;ENSG00000077264;ENSG00000165699;ENSG00000100330;ENSG00000132382;ENSG00000178473;ENSG00000162409"
"GO","GOCC_TRANS_GOLGI_NETWORK",1.6492391672705e-05,0.00134562019768143,0.575610261071129,-0.352596415271606,-1.63821032908103,269,"ENSG00000008513;ENSG00000144909;ENSG00000117280;ENSG00000162852;ENSG00000003056;ENSG00000078328;ENSG00000177752;ENSG00000196549;ENSG00000177182;ENSG00000116729;ENSG00000081014;ENSG00000085365;ENSG00000176853;ENSG00000017260;ENSG00000187210;ENSG00000130340;ENSG00000107036;ENSG00000144583;ENSG00000084733;ENSG00000197081;ENSG00000110911;ENSG00000143515;ENSG00000165997;ENSG00000113384;ENSG00000172915;ENSG00000124198;ENSG00000106086;ENSG00000168461;ENSG00000011405;ENSG00000144645;ENSG00000134851;ENSG00000175040;ENSG00000164292;ENSG00000038210;ENSG00000133103;ENSG00000172461;ENSG00000125149;ENSG00000122126;ENSG00000083097;ENSG00000138078;ENSG00000128965;ENSG00000145740;ENSG00000151746;ENSG00000117859;ENSG00000182287;ENSG00000065923;ENSG00000115760;ENSG00000104331;ENSG00000185009;ENSG00000137642;ENSG00000163539;ENSG00000175582;ENSG00000135968;ENSG00000136813;ENSG00000120008;ENSG00000119396;ENSG00000120708;ENSG00000152291;ENSG00000148429;ENSG00000128641;ENSG00000141367;ENSG00000152683;ENSG00000142192;ENSG00000070718;ENSG00000128294;ENSG00000123191;ENSG00000130270;ENSG00000124120;ENSG00000165813;ENSG00000119844;ENSG00000143457;ENSG00000029364;ENSG00000134444;ENSG00000146352;ENSG00000036054;ENSG00000049245;ENSG00000116299;ENSG00000153317;ENSG00000162980;ENSG00000166747;ENSG00000124406;ENSG00000064270;ENSG00000124222;ENSG00000196371;ENSG00000059378;ENSG00000123106;ENSG00000181652;ENSG00000164597;ENSG00000120805;ENSG00000081923;ENSG00000184304;ENSG00000103769;ENSG00000137177;ENSG00000005893;ENSG00000143952;ENSG00000181704;ENSG00000166377;ENSG00000198087;ENSG00000054793;ENSG00000070614;ENSG00000066777;ENSG00000136935"
"GO","GOBP_EPITHELIAL_CELL_DEVELOPMENT",1.68940314099945e-05,0.00136198072272004,0.575610261071129,-0.371704098302947,-1.68048779430787,208,"ENSG00000109756;ENSG00000153162;ENSG00000114251;ENSG00000101384;ENSG00000213694;ENSG00000175893;ENSG00000239732;ENSG00000117707;ENSG00000170558;ENSG00000151276;ENSG00000157483;ENSG00000134352;ENSG00000105976;ENSG00000133794;ENSG00000112175;ENSG00000128602;ENSG00000134318;ENSG00000161270;ENSG00000123728;ENSG00000133835;ENSG00000196924;ENSG00000159184;ENSG00000173404;ENSG00000100311;ENSG00000134852;ENSG00000100644;ENSG00000102531;ENSG00000067900;ENSG00000058272;ENSG00000158987;ENSG00000151422;ENSG00000015133;ENSG00000169641;ENSG00000112715;ENSG00000136842;ENSG00000129116;ENSG00000125875;ENSG00000125398;ENSG00000182187;ENSG00000082701;ENSG00000137710;ENSG00000115112;ENSG00000086062;ENSG00000169018;ENSG00000105426;ENSG00000124429;ENSG00000124664;ENSG00000054267;ENSG00000105738;ENSG00000085224;ENSG00000182621;ENSG00000104067;ENSG00000101445;ENSG00000110723;ENSG00000172819;ENSG00000173083;ENSG00000035403;ENSG00000203883;ENSG00000180509;ENSG00000057657;ENSG00000129514;ENSG00000143382;ENSG00000128567;ENSG00000159167;ENSG00000080298;ENSG00000140992;ENSG00000184349;ENSG00000130396;ENSG00000106392;ENSG00000119547;ENSG00000261371;ENSG00000115109"
"GO","GOBP_CARDIAC_CHAMBER_DEVELOPMENT",1.94821119145274e-05,0.00155215131629623,0.575610261071129,-0.401011299551186,-1.75325703351451,159,"ENSG00000124766;ENSG00000114251;ENSG00000101384;ENSG00000117707;ENSG00000115641;ENSG00000163513;ENSG00000164683;ENSG00000082482;ENSG00000112175;ENSG00000099250;ENSG00000128602;ENSG00000112414;ENSG00000198626;ENSG00000115170;ENSG00000096696;ENSG00000114315;ENSG00000157168;ENSG00000145147;ENSG00000163909;ENSG00000125686;ENSG00000115904;ENSG00000084073;ENSG00000100644;ENSG00000049192;ENSG00000092148;ENSG00000133026;ENSG00000171316;ENSG00000069702;ENSG00000161021;ENSG00000169641;ENSG00000198081;ENSG00000107779;ENSG00000151748;ENSG00000168214;ENSG00000163703;ENSG00000101665;ENSG00000185008;ENSG00000169855;ENSG00000081479;ENSG00000004399;ENSG00000075223;ENSG00000066468;ENSG00000127418;ENSG00000118257;ENSG00000113196;ENSG00000204217;ENSG00000057294;ENSG00000115363;ENSG00000100815;ENSG00000152192;ENSG00000057657;ENSG00000157240;ENSG00000135766;ENSG00000130939;ENSG00000135547;ENSG00000109685"
"GO","GOMF_HEXOSYLTRANSFERASE_ACTIVITY",2.19788113937078e-05,0.00173070361346731,0.575610261071129,-0.389140808122671,-1.73048861314807,181,"ENSG00000175548;ENSG00000253710;ENSG00000143641;ENSG00000162885;ENSG00000109956;ENSG00000179104;ENSG00000144278;ENSG00000111846;ENSG00000170340;ENSG00000163527;ENSG00000187210;ENSG00000183778;ENSG00000033170;ENSG00000151348;ENSG00000148154;ENSG00000102595;ENSG00000169826;ENSG00000176597;ENSG00000170629;ENSG00000109586;ENSG00000165195;ENSG00000173852;ENSG00000139324;ENSG00000118276;ENSG00000172461;ENSG00000131873;ENSG00000152952;ENSG00000187676;ENSG00000163389;ENSG00000162630;ENSG00000136731;ENSG00000134901;ENSG00000196968;ENSG00000071073;ENSG00000086062;ENSG00000182050;ENSG00000198108;ENSG00000101901;ENSG00000164574;ENSG00000139133;ENSG00000143315;ENSG00000156162;ENSG00000182197;ENSG00000174473;ENSG00000174607;ENSG00000175711;ENSG00000086848;ENSG00000172728;ENSG00000163378;ENSG00000133687;ENSG00000118705;ENSG00000147162;ENSG00000060642;ENSG00000119523;ENSG00000106392;ENSG00000131386;ENSG00000196371;ENSG00000070269;ENSG00000112425;ENSG00000169255;ENSG00000141429;ENSG00000162694;ENSG00000111713;ENSG00000171155;ENSG00000121964;ENSG00000106003;ENSG00000178202"
"GO","GOBP_MYOBLAST_FUSION",2.44879146825255e-05,0.00190611676126509,0.575610261071129,0.497627829611388,1.9209338090107,85,"ENSG00000249715;ENSG00000110047;ENSG00000198918;ENSG00000181790;ENSG00000265681;ENSG00000197958;ENSG00000167526;ENSG00000108298;ENSG00000144713;ENSG00000166441;ENSG00000010278;ENSG00000130255;ENSG00000161016;ENSG00000111913;ENSG00000109475;ENSG00000172809;ENSG00000142541;ENSG00000163682;ENSG00000114391;ENSG00000122026;ENSG00000063177;ENSG00000198755;ENSG00000177600;ENSG00000089157;ENSG00000241343;ENSG00000142676;ENSG00000105640;ENSG00000136942;ENSG00000023902;ENSG00000134516;ENSG00000145592;ENSG00000122406;ENSG00000197756;ENSG00000174444;ENSG00000108107;ENSG00000137818;ENSG00000188846;ENSG00000130513;ENSG00000071082;ENSG00000131469;ENSG00000162244;ENSG00000182899;ENSG00000156482;ENSG00000147604;ENSG00000148303;ENSG00000221983;ENSG00000198242;ENSG00000125691"
"GO","GOCC_ENDOPLASMIC_RETICULUM_PROTEIN_CONTAINING_COMPLEX",2.53122193026795e-05,0.00190919329327669,0.575610261071129,-0.427171841409018,-1.81137003870097,128,"ENSG00000051108;ENSG00000149428;ENSG00000044574;ENSG00000166598;ENSG00000071537;ENSG00000143870;ENSG00000090520;ENSG00000129128;ENSG00000163527;ENSG00000198833;ENSG00000127463;ENSG00000151348;ENSG00000169446;ENSG00000179218;ENSG00000113194;ENSG00000149084;ENSG00000104412;ENSG00000102158;ENSG00000165195;ENSG00000151779;ENSG00000171763;ENSG00000077232;ENSG00000167004;ENSG00000025796;ENSG00000197442;ENSG00000118363;ENSG00000101901;ENSG00000163960;ENSG00000143315;ENSG00000182197;ENSG00000145495;ENSG00000182093;ENSG00000178607;ENSG00000136986;ENSG00000118705"
"GO","GOBP_TRANSFORMING_GROWTH_FACTOR_BETA_RECEPTOR_SIGNALING_PATHWAY",2.59370618696774e-05,0.00190919329327669,0.575610261071129,-0.373022740746023,-1.68168706206128,205,"ENSG00000044574;ENSG00000174106;ENSG00000150457;ENSG00000111846;ENSG00000163513;ENSG00000152894;ENSG00000128791;ENSG00000153487;ENSG00000062038;ENSG00000168615;ENSG00000033170;ENSG00000128045;ENSG00000096717;ENSG00000138336;ENSG00000112679;ENSG00000115170;ENSG00000144730;ENSG00000157500;ENSG00000266524;ENSG00000139146;ENSG00000148516;ENSG00000100916;ENSG00000157077;ENSG00000129515;ENSG00000108389;ENSG00000073712;ENSG00000069702;ENSG00000136044;ENSG00000124486;ENSG00000118260;ENSG00000005339;ENSG00000107779;ENSG00000114374;ENSG00000066336;ENSG00000157450;ENSG00000102804;ENSG00000101665;ENSG00000197930;ENSG00000090863;ENSG00000101311;ENSG00000131023;ENSG00000197323;ENSG00000140682;ENSG00000064393;ENSG00000113658;ENSG00000166033;ENSG00000166147;ENSG00000054267;ENSG00000143799;ENSG00000108175;ENSG00000162521;ENSG00000100393;ENSG00000085276;ENSG00000186951;ENSG00000150093;ENSG00000147883;ENSG00000198742;ENSG00000147162;ENSG00000168610;ENSG00000175387;ENSG00000169398;ENSG00000112200;ENSG00000166949;ENSG00000140992;ENSG00000129757;ENSG00000242265;ENSG00000105855;ENSG00000119547;ENSG00000157933;ENSG00000141052;ENSG00000100219;ENSG00000136603;ENSG00000135655;ENSG00000108854;ENSG00000197415;ENSG00000169375;ENSG00000119681;ENSG00000139567;ENSG00000109762;ENSG00000142611;ENSG00000164576;ENSG00000032219;ENSG00000164105;ENSG00000106799;ENSG00000173714;ENSG00000113083"
"GO","GOBP_IMPORT_ACROSS_PLASMA_MEMBRANE",2.5798714832803e-05,0.00190919329327669,0.575610261071129,-0.367563179896342,-1.66176655106279,208,"ENSG00000164626;ENSG00000139209;ENSG00000117152;ENSG00000104635;ENSG00000169174;ENSG00000010810;ENSG00000123700;ENSG00000139514;ENSG00000198743;ENSG00000188386;ENSG00000167723;ENSG00000003989;ENSG00000103064;ENSG00000197147;ENSG00000075711;ENSG00000171867;ENSG00000170385;ENSG00000144191;ENSG00000149150;ENSG00000131389;ENSG00000180773;ENSG00000196950;ENSG00000108061;ENSG00000181804;ENSG00000197208;ENSG00000221823;ENSG00000198648;ENSG00000171488;ENSG00000153956;ENSG00000145740;ENSG00000198689;ENSG00000204442;ENSG00000115616;ENSG00000134294;ENSG00000111319;ENSG00000171492;ENSG00000065923;ENSG00000103257;ENSG00000131183;ENSG00000147100;ENSG00000113262;ENSG00000221955;ENSG00000053918;ENSG00000081479;ENSG00000138821;ENSG00000163399;ENSG00000141424;ENSG00000157551;ENSG00000177807;ENSG00000074621;ENSG00000133195;ENSG00000064651;ENSG00000164756;ENSG00000058668;ENSG00000150093;ENSG00000110436;ENSG00000163406;ENSG00000179841;ENSG00000183023;ENSG00000137731;ENSG00000131095;ENSG00000092068;ENSG00000168385;ENSG00000138814;ENSG00000148408;ENSG00000169427;ENSG00000105281;ENSG00000017483;ENSG00000123643;ENSG00000138074;ENSG00000182372;ENSG00000165349"
"GO","GOBP_REGULATION_OF_MONOATOMIC_ION_TRANSPORT",2.5748526463208e-05,0.00190919329327669,0.575610261071129,-0.319918171321375,-1.53360453886222,366,"ENSG00000171517;ENSG00000184588;ENSG00000104369;ENSG00000117152;ENSG00000169282;ENSG00000065534;ENSG00000169174;ENSG00000239732;ENSG00000154096;ENSG00000010810;ENSG00000186810;ENSG00000183454;ENSG00000036828;ENSG00000198947;ENSG00000123700;ENSG00000152818;ENSG00000051523;ENSG00000175497;ENSG00000144357;ENSG00000188386;ENSG00000187848;ENSG00000167723;ENSG00000104133;ENSG00000198626;ENSG00000213585;ENSG00000114315;ENSG00000198929;ENSG00000155962;ENSG00000129159;ENSG00000185482;ENSG00000075711;ENSG00000171867;ENSG00000018236;ENSG00000196924;ENSG00000170385;ENSG00000159023;ENSG00000118507;ENSG00000085563;ENSG00000100311;ENSG00000026559;ENSG00000108576;ENSG00000221823;ENSG00000135919;ENSG00000060237;ENSG00000177119;ENSG00000198648;ENSG00000092051;ENSG00000152413;ENSG00000149295;ENSG00000166006;ENSG00000171316;ENSG00000187446;ENSG00000153956;ENSG00000169248;ENSG00000105711;ENSG00000181104;ENSG00000070961;ENSG00000139921;ENSG00000143801;ENSG00000147044;ENSG00000163681;ENSG00000097007;ENSG00000176076;ENSG00000109689;ENSG00000170759;ENSG00000133872;ENSG00000163576;ENSG00000259207;ENSG00000166257;ENSG00000173163;ENSG00000130402;ENSG00000089060;ENSG00000113262;ENSG00000130226;ENSG00000126266;ENSG00000152642;ENSG00000102081;ENSG00000187231;ENSG00000053918;ENSG00000196632;ENSG00000108691;ENSG00000152683;ENSG00000142192;ENSG00000163399;ENSG00000171791;ENSG00000047932;ENSG00000115216;ENSG00000150756;ENSG00000114904;ENSG00000104321;ENSG00000163794;ENSG00000198420;ENSG00000057294;ENSG00000148660;ENSG00000135018;ENSG00000058668;ENSG00000149488;ENSG00000105464;ENSG00000180509;ENSG00000116329;ENSG00000179841;ENSG00000183023;ENSG00000137731;ENSG00000159167;ENSG00000116032;ENSG00000095209;ENSG00000140992;ENSG00000062716;ENSG00000064270;ENSG00000182132;ENSG00000075073;ENSG00000198373;ENSG00000138814;ENSG00000135932;ENSG00000022267;ENSG00000081923;ENSG00000184304;ENSG00000161610;ENSG00000169252;ENSG00000137672;ENSG00000170745;ENSG00000118762"
"GO","GOMF_PROTEIN_SERINE_THREONINE_KINASE_ACTIVITY",2.58870894402345e-05,0.00190919329327669,0.575610261071129,-0.305853060038326,-1.48852830498757,438,"ENSG00000071242;ENSG00000160145;ENSG00000136383;ENSG00000101109;ENSG00000065534;ENSG00000118515;ENSG00000140795;ENSG00000010810;ENSG00000150457;ENSG00000138769;ENSG00000163513;ENSG00000104205;ENSG00000143479;ENSG00000172071;ENSG00000135090;ENSG00000164327;ENSG00000107968;ENSG00000196730;ENSG00000107643;ENSG00000123612;ENSG00000169032;ENSG00000143674;ENSG00000134318;ENSG00000115170;ENSG00000074590;ENSG00000091436;ENSG00000028116;ENSG00000102096;ENSG00000152332;ENSG00000127334;ENSG00000137601;ENSG00000169118;ENSG00000113712;ENSG00000096063;ENSG00000123374;ENSG00000163788;ENSG00000067900;ENSG00000196335;ENSG00000204256;ENSG00000157540;ENSG00000164715;ENSG00000071909;ENSG00000092439;ENSG00000060237;ENSG00000163558;ENSG00000198648;ENSG00000169967;ENSG00000095015;ENSG00000196455;ENSG00000117020;ENSG00000069702;ENSG00000157764;ENSG00000152256;ENSG00000160551;ENSG00000008086;ENSG00000128881;ENSG00000004799;ENSG00000154310;ENSG00000132356;ENSG00000122728;ENSG00000211455;ENSG00000107779;ENSG00000102572;ENSG00000147044;ENSG00000175087;ENSG00000059758;ENSG00000097007;ENSG00000082701;ENSG00000186716;ENSG00000071054;ENSG00000133059;ENSG00000170209;ENSG00000151292;ENSG00000253729;ENSG00000171435;ENSG00000100784;ENSG00000175054;ENSG00000006432;ENSG00000065613;ENSG00000176601;ENSG00000198793;ENSG00000100030;ENSG00000011566;ENSG00000035664;ENSG00000131023;ENSG00000169302;ENSG00000121989;ENSG00000152953;ENSG00000064393;ENSG00000142875;ENSG00000128829;ENSG00000097046;ENSG00000038382;ENSG00000067606;ENSG00000112144;ENSG00000112739;ENSG00000197442;ENSG00000085719;ENSG00000167258;ENSG00000010219;ENSG00000146872;ENSG00000104312;ENSG00000196632;ENSG00000067177;ENSG00000205111;ENSG00000151414;ENSG00000070770;ENSG00000115216;ENSG00000114904;ENSG00000100077;ENSG00000114739;ENSG00000178607;ENSG00000154229;ENSG00000171243;ENSG00000198900;ENSG00000143776;ENSG00000179335;ENSG00000115825;ENSG00000213341;ENSG00000204217;ENSG00000148660;ENSG00000065559;ENSG00000108984;ENSG00000183943;ENSG00000133083;ENSG00000157106;ENSG00000065243;ENSG00000110422;ENSG00000111837;ENSG00000101349;ENSG00000081320;ENSG00000058091;ENSG00000183049;ENSG00000177189;ENSG00000135250;ENSG00000149311;ENSG00000162889;ENSG00000069956;ENSG00000169925;ENSG00000140992;ENSG00000104375"
"GO","GOBP_REGULATION_OF_DEVELOPMENTAL_GROWTH",2.71267370613708e-05,0.00195614010045613,0.575610261071129,-0.343608048381242,-1.61324512104428,295,"ENSG00000053108;ENSG00000171517;ENSG00000143507;ENSG00000104432;ENSG00000114251;ENSG00000115414;ENSG00000117152;ENSG00000101109;ENSG00000117707;ENSG00000150457;ENSG00000143858;ENSG00000138623;ENSG00000102678;ENSG00000166224;ENSG00000082482;ENSG00000099250;ENSG00000128602;ENSG00000162769;ENSG00000168389;ENSG00000131711;ENSG00000157168;ENSG00000198399;ENSG00000078018;ENSG00000138685;ENSG00000127870;ENSG00000167178;ENSG00000084073;ENSG00000047644;ENSG00000108576;ENSG00000127603;ENSG00000130203;ENSG00000089057;ENSG00000120756;ENSG00000149295;ENSG00000091129;ENSG00000144560;ENSG00000088812;ENSG00000112902;ENSG00000171316;ENSG00000069702;ENSG00000112715;ENSG00000163785;ENSG00000008086;ENSG00000119927;ENSG00000118260;ENSG00000107779;ENSG00000143194;ENSG00000151748;ENSG00000097007;ENSG00000082701;ENSG00000168214;ENSG00000137872;ENSG00000221866;ENSG00000113645;ENSG00000101665;ENSG00000133104;ENSG00000007168;ENSG00000164190;ENSG00000105426;ENSG00000131023;ENSG00000163539;ENSG00000213023;ENSG00000066084;ENSG00000182621;ENSG00000148943;ENSG00000142192;ENSG00000130477;ENSG00000171791;ENSG00000066468;ENSG00000100811;ENSG00000055917;ENSG00000136630;ENSG00000204217;ENSG00000187764;ENSG00000185920;ENSG00000186951;ENSG00000153094;ENSG00000111087;ENSG00000198742;ENSG00000140718;ENSG00000154174;ENSG00000100884;ENSG00000168610;ENSG00000075213;ENSG00000078579;ENSG00000204406;ENSG00000104375;ENSG00000176406;ENSG00000163273;ENSG00000135547;ENSG00000184349"
"GO","GOBP_POSITIVE_REGULATION_OF_CELL_PROJECTION_ORGANIZATION",2.71525648911512e-05,0.00195614010045613,0.575610261071129,-0.330908067826252,-1.57728526679039,340,"ENSG00000171517;ENSG00000171094;ENSG00000109756;ENSG00000114166;ENSG00000114251;ENSG00000115414;ENSG00000145675;ENSG00000116106;ENSG00000010810;ENSG00000198947;ENSG00000107290;ENSG00000166128;ENSG00000075618;ENSG00000138623;ENSG00000165527;ENSG00000125249;ENSG00000112175;ENSG00000099250;ENSG00000156299;ENSG00000169032;ENSG00000171533;ENSG00000138760;ENSG00000078699;ENSG00000131711;ENSG00000145868;ENSG00000018236;ENSG00000170385;ENSG00000119812;ENSG00000145147;ENSG00000167178;ENSG00000119283;ENSG00000134313;ENSG00000218336;ENSG00000127603;ENSG00000108061;ENSG00000137942;ENSG00000071909;ENSG00000103540;ENSG00000130203;ENSG00000163558;ENSG00000061676;ENSG00000158987;ENSG00000138193;ENSG00000112902;ENSG00000157764;ENSG00000172461;ENSG00000040341;ENSG00000112715;ENSG00000163785;ENSG00000153707;ENSG00000008086;ENSG00000136040;ENSG00000123268;ENSG00000128881;ENSG00000105711;ENSG00000154310;ENSG00000006451;ENSG00000166579;ENSG00000107779;ENSG00000106460;ENSG00000134982;ENSG00000097007;ENSG00000164961;ENSG00000174953;ENSG00000082701;ENSG00000151239;ENSG00000136960;ENSG00000003402;ENSG00000007168;ENSG00000138071;ENSG00000144840;ENSG00000150625;ENSG00000120332;ENSG00000198793;ENSG00000100503;ENSG00000185008;ENSG00000135387;ENSG00000169855;ENSG00000102081;ENSG00000149557;ENSG00000166454;ENSG00000004399;ENSG00000156642;ENSG00000273749;ENSG00000100393;ENSG00000068971;ENSG00000055917;ENSG00000204217;ENSG00000187764;ENSG00000157193;ENSG00000197386;ENSG00000122545;ENSG00000157240;ENSG00000105186;ENSG00000198742;ENSG00000174574;ENSG00000183049;ENSG00000198908;ENSG00000115355;ENSG00000100558;ENSG00000184349;ENSG00000160007;ENSG00000115091;ENSG00000103319;ENSG00000009694;ENSG00000155974;ENSG00000184304;ENSG00000136603;ENSG00000151491;ENSG00000148053;ENSG00000101040;ENSG00000143322;ENSG00000184402;ENSG00000145934;ENSG00000106299;ENSG00000151615;ENSG00000181754;ENSG00000101126;ENSG00000113657;ENSG00000174804;ENSG00000102383;ENSG00000112697;ENSG00000117598;ENSG00000169306;ENSG00000106799;ENSG00000174799;ENSG00000091409;ENSG00000186868;ENSG00000117385;ENSG00000116473;ENSG00000065320;ENSG00000106683;ENSG00000132932;ENSG00000102606;ENSG00000147852;ENSG00000162733;ENSG00000105429;ENSG00000172260;ENSG00000198846;ENSG00000130427;ENSG00000157404"
"GO","GOBP_DEVELOPMENTAL_CELL_GROWTH",2.83056434942264e-05,0.00201774544992527,0.575610261071129,-0.36714725294322,-1.67196832159255,223,"ENSG00000053108;ENSG00000171517;ENSG00000114251;ENSG00000115414;ENSG00000117152;ENSG00000143858;ENSG00000163513;ENSG00000138623;ENSG00000099250;ENSG00000104133;ENSG00000131711;ENSG00000147894;ENSG00000198399;ENSG00000139174;ENSG00000078018;ENSG00000145147;ENSG00000127870;ENSG00000176624;ENSG00000167178;ENSG00000127603;ENSG00000130203;ENSG00000089057;ENSG00000091129;ENSG00000112902;ENSG00000112715;ENSG00000163785;ENSG00000008086;ENSG00000124486;ENSG00000166579;ENSG00000198689;ENSG00000125398;ENSG00000097007;ENSG00000082701;ENSG00000137872;ENSG00000115232;ENSG00000221866;ENSG00000101665;ENSG00000133104;ENSG00000007168;ENSG00000120332;ENSG00000105426;ENSG00000100503;ENSG00000163539;ENSG00000128829;ENSG00000213023;ENSG00000066084;ENSG00000137770;ENSG00000067606;ENSG00000142192;ENSG00000130477;ENSG00000182197;ENSG00000170017;ENSG00000273749;ENSG00000118257;ENSG00000172819;ENSG00000100811;ENSG00000055917;ENSG00000204217;ENSG00000187764;ENSG00000167548;ENSG00000035403;ENSG00000164934;ENSG00000186951;ENSG00000133083;ENSG00000150093;ENSG00000198742;ENSG00000154174;ENSG00000100884;ENSG00000075213;ENSG00000154556;ENSG00000126500;ENSG00000176406;ENSG00000160310;ENSG00000184349"
"GO","GOCC_ENDOPLASMIC_RETICULUM_QUALITY_CONTROL_COMPARTMENT",3.11112170872807e-05,0.00215612429070088,0.557332238758646,-0.692290120112906,-2.10883413033393,24,"ENSG00000051108;ENSG00000134109;ENSG00000127022;ENSG00000179218;ENSG00000102595;ENSG00000144468;ENSG00000239305;ENSG00000136731;ENSG00000116406;ENSG00000204977;ENSG00000145495;ENSG00000136986"
"GO","GOBP_REGULATION_OF_SMALL_GTPASE_MEDIATED_SIGNAL_TRANSDUCTION",3.10118724206698e-05,0.00215612429070088,0.557332238758646,-0.336511918460733,-1.59063065270674,313,"ENSG00000137962;ENSG00000144711;ENSG00000160145;ENSG00000114251;ENSG00000124126;ENSG00000135905;ENSG00000137145;ENSG00000134909;ENSG00000088387;ENSG00000144283;ENSG00000165029;ENSG00000174485;ENSG00000173848;ENSG00000110237;ENSG00000117155;ENSG00000116991;ENSG00000198844;ENSG00000088538;ENSG00000165527;ENSG00000099250;ENSG00000156299;ENSG00000169032;ENSG00000031003;ENSG00000064547;ENSG00000170471;ENSG00000146005;ENSG00000131089;ENSG00000174373;ENSG00000145147;ENSG00000213281;ENSG00000185989;ENSG00000124198;ENSG00000197622;ENSG00000113712;ENSG00000120063;ENSG00000119283;ENSG00000115904;ENSG00000107104;ENSG00000124313;ENSG00000275342;ENSG00000108061;ENSG00000130203;ENSG00000060237;ENSG00000073712;ENSG00000170776;ENSG00000023892;ENSG00000008086;ENSG00000137727;ENSG00000066933;ENSG00000181104;ENSG00000100852;ENSG00000097007;ENSG00000132694;ENSG00000186716;ENSG00000071054;ENSG00000146376;ENSG00000196712;ENSG00000137710;ENSG00000008256;ENSG00000144840;ENSG00000073921;ENSG00000164741;ENSG00000140750;ENSG00000133703;ENSG00000169855;ENSG00000038382;ENSG00000197256;ENSG00000110395;ENSG00000165322;ENSG00000188559;ENSG00000105738;ENSG00000114346;ENSG00000136205;ENSG00000183323;ENSG00000110906;ENSG00000116688;ENSG00000097096;ENSG00000136895;ENSG00000138448;ENSG00000156011;ENSG00000132359;ENSG00000166974;ENSG00000116641;ENSG00000099942;ENSG00000187764;ENSG00000155903;ENSG00000186298;ENSG00000196914;ENSG00000139132;ENSG00000116191;ENSG00000158186;ENSG00000079482;ENSG00000150093;ENSG00000173402;ENSG00000182957;ENSG00000147162;ENSG00000036257;ENSG00000066248;ENSG00000088756;ENSG00000006740;ENSG00000160007;ENSG00000107863;ENSG00000133121"
"GO","GOBP_CELL_GROWTH",3.12020349215425e-05,0.00215612429070088,0.557332238758646,-0.305105602017466,-1.49493554401484,473,"ENSG00000152377;ENSG00000053108;ENSG00000171517;ENSG00000114251;ENSG00000115414;ENSG00000117152;ENSG00000118515;ENSG00000150457;ENSG00000143858;ENSG00000204385;ENSG00000163513;ENSG00000104205;ENSG00000173848;ENSG00000051523;ENSG00000153487;ENSG00000138623;ENSG00000004468;ENSG00000138688;ENSG00000164327;ENSG00000099250;ENSG00000105887;ENSG00000137142;ENSG00000168389;ENSG00000145088;ENSG00000104133;ENSG00000131711;ENSG00000133639;ENSG00000157168;ENSG00000147894;ENSG00000198399;ENSG00000139174;ENSG00000078018;ENSG00000139687;ENSG00000145147;ENSG00000127870;ENSG00000163453;ENSG00000007341;ENSG00000102221;ENSG00000176624;ENSG00000167178;ENSG00000162998;ENSG00000127603;ENSG00000136504;ENSG00000135919;ENSG00000130203;ENSG00000089057;ENSG00000215301;ENSG00000164823;ENSG00000134371;ENSG00000171612;ENSG00000091129;ENSG00000144560;ENSG00000101843;ENSG00000112902;ENSG00000114378;ENSG00000112715;ENSG00000163785;ENSG00000008086;ENSG00000124486;ENSG00000137845;ENSG00000072274;ENSG00000166579;ENSG00000176390;ENSG00000198689;ENSG00000125398;ENSG00000097007;ENSG00000132694;ENSG00000179833;ENSG00000082701;ENSG00000068366;ENSG00000137872;ENSG00000115232;ENSG00000221866;ENSG00000136937;ENSG00000130147;ENSG00000101665;ENSG00000187079;ENSG00000133104;ENSG00000057019;ENSG00000007168;ENSG00000120332;ENSG00000105426;ENSG00000198793;ENSG00000187866;ENSG00000100503;ENSG00000163539;ENSG00000128829;ENSG00000213023;ENSG00000066084;ENSG00000137770;ENSG00000067606;ENSG00000078747;ENSG00000144891;ENSG00000176170;ENSG00000172007;ENSG00000142192;ENSG00000130477;ENSG00000171791;ENSG00000182197;ENSG00000168564;ENSG00000170017;ENSG00000273749;ENSG00000118257;ENSG00000149547;ENSG00000122641;ENSG00000172819;ENSG00000099942;ENSG00000163794;ENSG00000066735;ENSG00000100811;ENSG00000055917;ENSG00000012048;ENSG00000204217;ENSG00000128908;ENSG00000188215;ENSG00000187764;ENSG00000167548;ENSG00000101079;ENSG00000035403;ENSG00000164934;ENSG00000113070;ENSG00000186951;ENSG00000133083;ENSG00000150093;ENSG00000119401;ENSG00000101349;ENSG00000134533;ENSG00000188613;ENSG00000198742;ENSG00000154174;ENSG00000177189;ENSG00000197594;ENSG00000100884;ENSG00000159346;ENSG00000075213;ENSG00000166949;ENSG00000154556;ENSG00000126500;ENSG00000104375;ENSG00000176406;ENSG00000160310;ENSG00000184349"
"GO","GOBP_REGULATION_OF_CELL_JUNCTION_ASSEMBLY",3.15345443907397e-05,0.00215709024862717,0.557332238758646,-0.346980063608344,-1.6085996910211,263,"ENSG00000064042;ENSG00000174469;ENSG00000109756;ENSG00000163629;ENSG00000114251;ENSG00000135905;ENSG00000141668;ENSG00000144847;ENSG00000134909;ENSG00000135298;ENSG00000112139;ENSG00000154096;ENSG00000158258;ENSG00000185924;ENSG00000121871;ENSG00000173114;ENSG00000175928;ENSG00000198844;ENSG00000165527;ENSG00000125249;ENSG00000099250;ENSG00000112679;ENSG00000144824;ENSG00000134318;ENSG00000131711;ENSG00000139174;ENSG00000183715;ENSG00000120063;ENSG00000046653;ENSG00000124313;ENSG00000067900;ENSG00000127603;ENSG00000185565;ENSG00000074054;ENSG00000073712;ENSG00000040341;ENSG00000112715;ENSG00000153707;ENSG00000179915;ENSG00000097007;ENSG00000076716;ENSG00000071054;ENSG00000128512;ENSG00000065613;ENSG00000164741;ENSG00000105426;ENSG00000168137;ENSG00000131023;ENSG00000163539;ENSG00000185008;ENSG00000166266;ENSG00000151148;ENSG00000148943;ENSG00000150760;ENSG00000142192;ENSG00000104067;ENSG00000206560;ENSG00000152208;ENSG00000132670;ENSG00000110881;ENSG00000154229;ENSG00000055917;ENSG00000187764;ENSG00000035403;ENSG00000196396;ENSG00000173517;ENSG00000157240;ENSG00000147162;ENSG00000146938;ENSG00000139211;ENSG00000169398;ENSG00000198908;ENSG00000166949;ENSG00000126500;ENSG00000186907;ENSG00000184349;ENSG00000163251;ENSG00000196083;ENSG00000103319;ENSG00000115109;ENSG00000005810;ENSG00000182580;ENSG00000148053;ENSG00000177508;ENSG00000185070;ENSG00000027075;ENSG00000163110;ENSG00000196369;ENSG00000177707;ENSG00000105376;ENSG00000152767;ENSG00000139567;ENSG00000181754;ENSG00000162951;ENSG00000171603;ENSG00000101126;ENSG00000169306;ENSG00000114867;ENSG00000115310;ENSG00000116473;ENSG00000196935;ENSG00000065320;ENSG00000104332;ENSG00000154928;ENSG00000147852;ENSG00000168036;ENSG00000165699;ENSG00000172260;ENSG00000111052;ENSG00000198728"
"GO","GOMF_ADENYLATE_CYCLASE_ACTIVITY",3.42397983208844e-05,0.00231871914229029,0.557332238758646,-0.842347332683515,-2.08482873784922,11,"ENSG00000173175;ENSG00000061918;ENSG00000164742;ENSG00000078295;ENSG00000138031;ENSG00000162104"
"GO","GOBP_MITOCHONDRIAL_GENE_EXPRESSION",3.56520256191688e-05,0.00239045066824763,0.557332238758646,0.401411152414379,1.71927024790314,169,"ENSG00000102738;ENSG00000162910;ENSG00000214026;ENSG00000143374;ENSG00000137288;ENSG00000171421;ENSG00000164896;ENSG00000181610;ENSG00000175756;ENSG00000166902;ENSG00000112651;ENSG00000104835;ENSG00000101391;ENSG00000172590;ENSG00000125445;ENSG00000144029;ENSG00000204568;ENSG00000105364;ENSG00000174547;ENSG00000156502;ENSG00000172172;ENSG00000167112;ENSG00000177192;ENSG00000127989;ENSG00000074071;ENSG00000096080;ENSG00000156928;ENSG00000148824;ENSG00000183617;ENSG00000062582;ENSG00000239789;ENSG00000183978;ENSG00000204822;ENSG00000130921;ENSG00000100601;ENSG00000119705;ENSG00000111639;ENSG00000099821;ENSG00000182180;ENSG00000143314;ENSG00000180992;ENSG00000167862;ENSG00000086504;ENSG00000178952;ENSG00000242485;ENSG00000204316;ENSG00000262814;ENSG00000163319;ENSG00000100890;ENSG00000146282;ENSG00000072506;ENSG00000171103;ENSG00000116898;ENSG00000130312;ENSG00000156990;ENSG00000136522;ENSG00000125901;ENSG00000122033;ENSG00000259494;ENSG00000101181;ENSG00000169288;ENSG00000103510;ENSG00000254858;ENSG00000182199;ENSG00000006744;ENSG00000116874;ENSG00000155463;ENSG00000147586;ENSG00000185608;ENSG00000136270;ENSG00000116221;ENSG00000055950;ENSG00000122140;ENSG00000130348;ENSG00000162851;ENSG00000112031;ENSG00000266472"
"GO","GOBP_BLEB_ASSEMBLY",3.62189559747547e-05,0.00240465460648077,0.557332238758646,-0.841068451473448,-2.08166347787203,11,"ENSG00000171517;ENSG00000065534;ENSG00000067900;ENSG00000177119;ENSG00000142227;ENSG00000134531"
"GO","GOBP_HEMATOPOIETIC_PROGENITOR_CELL_DIFFERENTIATION",3.68362996125274e-05,0.00242189729102947,0.557332238758646,-0.426022407857781,-1.78479600332142,117,"ENSG00000124766;ENSG00000081237;ENSG00000134363;ENSG00000106278;ENSG00000167005;ENSG00000181192;ENSG00000125878;ENSG00000014123;ENSG00000114315;ENSG00000132842;ENSG00000166086;ENSG00000174405;ENSG00000155189;ENSG00000115904;ENSG00000100485;ENSG00000135108;ENSG00000107798;ENSG00000157764;ENSG00000117523;ENSG00000112715;ENSG00000217128;ENSG00000091157;ENSG00000126804;ENSG00000091127;ENSG00000066336;ENSG00000097007;ENSG00000071994;ENSG00000174953;ENSG00000253729;ENSG00000115966;ENSG00000078747;ENSG00000105738;ENSG00000171791;ENSG00000182197;ENSG00000133641;ENSG00000122641"
"GO","GOBP_POSITIVE_REGULATION_OF_CELL_DEVELOPMENT",3.7374914122132e-05,0.0024336819080296,0.557332238758646,-0.314094935705695,-1.5189296061867,400,"ENSG00000171517;ENSG00000124766;ENSG00000143507;ENSG00000130584;ENSG00000104432;ENSG00000115414;ENSG00000141655;ENSG00000116106;ENSG00000138311;ENSG00000239732;ENSG00000083799;ENSG00000163513;ENSG00000081237;ENSG00000112893;ENSG00000196549;ENSG00000155090;ENSG00000189079;ENSG00000106278;ENSG00000138623;ENSG00000134352;ENSG00000099250;ENSG00000156299;ENSG00000169032;ENSG00000128602;ENSG00000171533;ENSG00000131711;ENSG00000014123;ENSG00000136518;ENSG00000114315;ENSG00000203710;ENSG00000170385;ENSG00000139352;ENSG00000139687;ENSG00000145147;ENSG00000132842;ENSG00000174405;ENSG00000167178;ENSG00000163939;ENSG00000198836;ENSG00000100644;ENSG00000127603;ENSG00000204256;ENSG00000135919;ENSG00000163558;ENSG00000120659;ENSG00000149295;ENSG00000112902;ENSG00000157764;ENSG00000040341;ENSG00000112715;ENSG00000153707;ENSG00000008086;ENSG00000136040;ENSG00000117586;ENSG00000118260;ENSG00000126804;ENSG00000066336;ENSG00000139613;ENSG00000065526;ENSG00000174953;ENSG00000121966;ENSG00000253729;ENSG00000101665;ENSG00000103257;ENSG00000100697;ENSG00000007168;ENSG00000180694;ENSG00000198793;ENSG00000100503;ENSG00000185008;ENSG00000135387;ENSG00000169855;ENSG00000067606;ENSG00000102081;ENSG00000104312;ENSG00000108175;ENSG00000104290;ENSG00000081479;ENSG00000131724;ENSG00000117335;ENSG00000171150;ENSG00000171791;ENSG00000138795;ENSG00000004399;ENSG00000156642;ENSG00000100393;ENSG00000154229;ENSG00000164136;ENSG00000136630;ENSG00000204217;ENSG00000175505;ENSG00000187764;ENSG00000186298;ENSG00000157193;ENSG00000265763;ENSG00000118689;ENSG00000152192;ENSG00000173473;ENSG00000119401;ENSG00000130024;ENSG00000049618;ENSG00000105186;ENSG00000173402;ENSG00000198742;ENSG00000131095"
"GO","GOCC_GOLGI_APPARATUS_SUBCOMPARTMENT",3.82792076261693e-05,0.00246882660994684,0.557332238758646,-0.319317304294823,-1.53957318634351,387,"ENSG00000008513;ENSG00000198964;ENSG00000143641;ENSG00000144909;ENSG00000117280;ENSG00000162852;ENSG00000003056;ENSG00000078328;ENSG00000177752;ENSG00000112893;ENSG00000196549;ENSG00000177182;ENSG00000116729;ENSG00000081014;ENSG00000085365;ENSG00000176853;ENSG00000173905;ENSG00000017260;ENSG00000187210;ENSG00000130340;ENSG00000107036;ENSG00000033170;ENSG00000144583;ENSG00000084733;ENSG00000197081;ENSG00000110911;ENSG00000143515;ENSG00000165997;ENSG00000113384;ENSG00000169826;ENSG00000175073;ENSG00000041353;ENSG00000175229;ENSG00000198513;ENSG00000172915;ENSG00000124198;ENSG00000085382;ENSG00000106086;ENSG00000249931;ENSG00000168461;ENSG00000011405;ENSG00000138768;ENSG00000144645;ENSG00000151693;ENSG00000134851;ENSG00000175040;ENSG00000147533;ENSG00000164292;ENSG00000118276;ENSG00000038210;ENSG00000133103;ENSG00000172461;ENSG00000125149;ENSG00000131873;ENSG00000122126;ENSG00000083097;ENSG00000138078;ENSG00000128965;ENSG00000145740;ENSG00000151746;ENSG00000117859;ENSG00000182287;ENSG00000065923;ENSG00000188626;ENSG00000115760;ENSG00000071073;ENSG00000115540;ENSG00000104331;ENSG00000086062;ENSG00000185009;ENSG00000137642;ENSG00000134243;ENSG00000159289;ENSG00000163539;ENSG00000175582;ENSG00000135968;ENSG00000136813;ENSG00000066455;ENSG00000120008;ENSG00000119396;ENSG00000198108;ENSG00000120708;ENSG00000152291;ENSG00000148429;ENSG00000086598;ENSG00000128641;ENSG00000141367;ENSG00000152683;ENSG00000142192;ENSG00000070718;ENSG00000128294;ENSG00000141198;ENSG00000123191;ENSG00000130270;ENSG00000124120;ENSG00000165813;ENSG00000119844;ENSG00000143457;ENSG00000029364;ENSG00000134444;ENSG00000146352;ENSG00000036054;ENSG00000179562;ENSG00000049245;ENSG00000116299;ENSG00000153317;ENSG00000108587;ENSG00000162980;ENSG00000166747;ENSG00000079332;ENSG00000124406;ENSG00000140943;ENSG00000064270;ENSG00000124222;ENSG00000162695;ENSG00000196371;ENSG00000059378;ENSG00000123106;ENSG00000181652;ENSG00000164597;ENSG00000120805;ENSG00000081923;ENSG00000173230;ENSG00000184304;ENSG00000103769;ENSG00000137177;ENSG00000141429;ENSG00000005893;ENSG00000143952;ENSG00000181704;ENSG00000166377;ENSG00000198087;ENSG00000054793;ENSG00000070614;ENSG00000066777;ENSG00000136935;ENSG00000137573"
"GO","GOMF_METAL_ION_TRANSMEMBRANE_TRANSPORTER_ACTIVITY",3.91363949255419e-05,0.00247641695663635,0.557332238758646,-0.313858597936989,-1.52441780838326,424,"ENSG00000164626;ENSG00000157445;ENSG00000139209;ENSG00000152049;ENSG00000125675;ENSG00000115194;ENSG00000169282;ENSG00000182389;ENSG00000104635;ENSG00000174437;ENSG00000124249;ENSG00000183454;ENSG00000104154;ENSG00000136052;ENSG00000123700;ENSG00000177272;ENSG00000147454;ENSG00000017260;ENSG00000135750;ENSG00000158158;ENSG00000148842;ENSG00000198743;ENSG00000082482;ENSG00000169446;ENSG00000115665;ENSG00000167723;ENSG00000158445;ENSG00000110911;ENSG00000123104;ENSG00000149403;ENSG00000168389;ENSG00000198626;ENSG00000158966;ENSG00000033867;ENSG00000129159;ENSG00000184611;ENSG00000170385;ENSG00000144191;ENSG00000131389;ENSG00000196950;ENSG00000050438;ENSG00000026559;ENSG00000102158;ENSG00000108576;ENSG00000181804;ENSG00000092439;ENSG00000089057;ENSG00000133065;ENSG00000134851;ENSG00000166006;ENSG00000124532;ENSG00000153253;ENSG00000168575;ENSG00000187446;ENSG00000153956;ENSG00000152315;ENSG00000144136;ENSG00000163873;ENSG00000070961;ENSG00000145740;ENSG00000198689;ENSG00000182674;ENSG00000171189;ENSG00000204442;ENSG00000152705;ENSG00000130037;ENSG00000170113;ENSG00000115616;ENSG00000176076;ENSG00000134294;ENSG00000111319;ENSG00000065923;ENSG00000109689;ENSG00000166257;ENSG00000150625;ENSG00000131183;ENSG00000177054;ENSG00000089060;ENSG00000166266;ENSG00000221955;ENSG00000053918;ENSG00000150403;ENSG00000164037;ENSG00000152683;ENSG00000067842;ENSG00000138821;ENSG00000163399;ENSG00000014824;ENSG00000123191;ENSG00000158296;ENSG00000141424;ENSG00000150995;ENSG00000157551;ENSG00000104321;ENSG00000177807;ENSG00000110881;ENSG00000100433;ENSG00000074621;ENSG00000133195;ENSG00000064651;ENSG00000164756;ENSG00000058668;ENSG00000196876;ENSG00000029364;ENSG00000163293;ENSG00000149488;ENSG00000105464;ENSG00000180509;ENSG00000110436;ENSG00000183023;ENSG00000140157;ENSG00000116032;ENSG00000156113;ENSG00000095209;ENSG00000064270;ENSG00000182132;ENSG00000136868;ENSG00000102452;ENSG00000196660;ENSG00000198515;ENSG00000156026;ENSG00000169432;ENSG00000162695;ENSG00000148408;ENSG00000169427"
"GO","GOBP_ESTABLISHMENT_OF_PROTEIN_LOCALIZATION_TO_ORGANELLE",3.91906173315543e-05,0.00247641695663635,0.557332238758646,-0.306486632819311,-1.49768315095748,457,"ENSG00000051108;ENSG00000044574;ENSG00000134109;ENSG00000145675;ENSG00000101109;ENSG00000174599;ENSG00000111885;ENSG00000078081;ENSG00000129128;ENSG00000003056;ENSG00000096968;ENSG00000111670;ENSG00000153487;ENSG00000166128;ENSG00000102678;ENSG00000155975;ENSG00000124789;ENSG00000084733;ENSG00000113569;ENSG00000107643;ENSG00000128602;ENSG00000197081;ENSG00000097033;ENSG00000138760;ENSG00000133704;ENSG00000104133;ENSG00000198626;ENSG00000069248;ENSG00000113384;ENSG00000067167;ENSG00000137040;ENSG00000139174;ENSG00000266412;ENSG00000139496;ENSG00000196924;ENSG00000157500;ENSG00000205339;ENSG00000108424;ENSG00000132842;ENSG00000120709;ENSG00000196911;ENSG00000125686;ENSG00000196862;ENSG00000221823;ENSG00000213625;ENSG00000139618;ENSG00000083312;ENSG00000151612;ENSG00000118503;ENSG00000111231;ENSG00000159399;ENSG00000166913;ENSG00000197860;ENSG00000196455;ENSG00000187446;ENSG00000136044;ENSG00000008952;ENSG00000124486;ENSG00000132356;ENSG00000006451;ENSG00000061987;ENSG00000177034;ENSG00000118873;ENSG00000108559;ENSG00000027001;ENSG00000115839;ENSG00000025796;ENSG00000196712;ENSG00000039319;ENSG00000184357;ENSG00000095319;ENSG00000185009;ENSG00000205578;ENSG00000115966;ENSG00000137642;ENSG00000164190;ENSG00000129003;ENSG00000134243;ENSG00000101311;ENSG00000278771;ENSG00000065150;ENSG00000173210;ENSG00000135968;ENSG00000165943;ENSG00000065308;ENSG00000110395;ENSG00000074695;ENSG00000114346;ENSG00000118363;ENSG00000163002;ENSG00000085832;ENSG00000006715;ENSG00000153201;ENSG00000104765;ENSG00000113648;ENSG00000116688;ENSG00000070770;ENSG00000104517;ENSG00000064419;ENSG00000182093;ENSG00000108395;ENSG00000167987;ENSG00000078142;ENSG00000149547;ENSG00000112242;ENSG00000100393;ENSG00000048707;ENSG00000093000;ENSG00000143457;ENSG00000114030;ENSG00000120686;ENSG00000126775;ENSG00000175197;ENSG00000171033;ENSG00000169629;ENSG00000205981;ENSG00000141279;ENSG00000198742;ENSG00000154174;ENSG00000265354;ENSG00000114423;ENSG00000168610;ENSG00000174780;ENSG00000160710;ENSG00000140943;ENSG00000132286;ENSG00000166949;ENSG00000111875;ENSG00000104375;ENSG00000163251;ENSG00000120948;ENSG00000104381;ENSG00000168958;ENSG00000110713;ENSG00000138814;ENSG00000183255;ENSG00000196313;ENSG00000086200;ENSG00000136738;ENSG00000025800;ENSG00000124783;ENSG00000184304;ENSG00000215475;ENSG00000184156;ENSG00000107959;ENSG00000112164;ENSG00000156735;ENSG00000112210;ENSG00000100219;ENSG00000112425;ENSG00000103769"
"GO","GOBP_REGULATION_OF_ANATOMICAL_STRUCTURE_SIZE",3.94939502830369e-05,0.00247641695663635,0.557332238758646,-0.29968561710078,-1.46918256605247,475,"ENSG00000053108;ENSG00000171517;ENSG00000145050;ENSG00000103222;ENSG00000114166;ENSG00000114251;ENSG00000124126;ENSG00000115414;ENSG00000138594;ENSG00000175893;ENSG00000109458;ENSG00000036828;ENSG00000179295;ENSG00000001084;ENSG00000170214;ENSG00000138623;ENSG00000004468;ENSG00000130340;ENSG00000164327;ENSG00000165527;ENSG00000151348;ENSG00000099250;ENSG00000105887;ENSG00000169032;ENSG00000134318;ENSG00000183091;ENSG00000131711;ENSG00000109572;ENSG00000103187;ENSG00000161270;ENSG00000075711;ENSG00000084112;ENSG00000128872;ENSG00000078018;ENSG00000144566;ENSG00000145147;ENSG00000111664;ENSG00000127870;ENSG00000167178;ENSG00000145715;ENSG00000178301;ENSG00000107104;ENSG00000171560;ENSG00000124209;ENSG00000067900;ENSG00000108576;ENSG00000127603;ENSG00000011405;ENSG00000071909;ENSG00000130203;ENSG00000060237;ENSG00000177119;ENSG00000120756;ENSG00000198648;ENSG00000061676;ENSG00000116489;ENSG00000131779;ENSG00000100014;ENSG00000091129;ENSG00000151422;ENSG00000112902;ENSG00000117020;ENSG00000023909;ENSG00000070087;ENSG00000112715;ENSG00000163785;ENSG00000008086;ENSG00000136842;ENSG00000181104;ENSG00000070961;ENSG00000100852;ENSG00000118260;ENSG00000070182;ENSG00000097007;ENSG00000130037;ENSG00000164961;ENSG00000082701;ENSG00000151239;ENSG00000137872;ENSG00000115232;ENSG00000221866;ENSG00000146376;ENSG00000137710;ENSG00000128512;ENSG00000133104;ENSG00000007168;ENSG00000073921;ENSG00000105426;ENSG00000198793;ENSG00000050405;ENSG00000131023;ENSG00000163539;ENSG00000066084;ENSG00000197256;ENSG00000221955;ENSG00000148700;ENSG00000144891;ENSG00000104164;ENSG00000196632;ENSG00000166821;ENSG00000182197;ENSG00000134248;ENSG00000273749;ENSG00000100599;ENSG00000132359;ENSG00000172819;ENSG00000163794;ENSG00000158955;ENSG00000055917;ENSG00000204217;ENSG00000064651;ENSG00000187764;ENSG00000116138;ENSG00000150093;ENSG00000164116;ENSG00000198742;ENSG00000183023;ENSG00000075213;ENSG00000156113;ENSG00000088756;ENSG00000198898;ENSG00000163273;ENSG00000184349;ENSG00000161905;ENSG00000160007;ENSG00000132854;ENSG00000261371;ENSG00000166148;ENSG00000009694;ENSG00000152527;ENSG00000047597;ENSG00000184304;ENSG00000099337;ENSG00000156735;ENSG00000169252;ENSG00000151491;ENSG00000182372;ENSG00000071051;ENSG00000137478;ENSG00000169375;ENSG00000066777;ENSG00000010319;ENSG00000127483;ENSG00000167191;ENSG00000241360;ENSG00000151615;ENSG00000021826;ENSG00000087274;ENSG00000023287;ENSG00000101126;ENSG00000148926;ENSG00000003393;ENSG00000133789;ENSG00000169213;ENSG00000163932;ENSG00000141564;ENSG00000115310;ENSG00000213949;ENSG00000120937;ENSG00000136802;ENSG00000147459;ENSG00000186868;ENSG00000065320;ENSG00000123338;ENSG00000039068;ENSG00000106683;ENSG00000066044"
"GO","GOBP_REGULATION_OF_PROTEIN_CONTAINING_COMPLEX_ASSEMBLY",3.99555284320601e-05,0.00248237466552212,0.557332238758646,-0.310810918297938,-1.50575613283934,410,"ENSG00000044574;ENSG00000124126;ENSG00000204104;ENSG00000138594;ENSG00000239732;ENSG00000116675;ENSG00000129474;ENSG00000150457;ENSG00000036828;ENSG00000179295;ENSG00000165029;ENSG00000198718;ENSG00000075618;ENSG00000130779;ENSG00000130340;ENSG00000164327;ENSG00000165527;ENSG00000107643;ENSG00000154451;ENSG00000105887;ENSG00000097033;ENSG00000119906;ENSG00000131711;ENSG00000103187;ENSG00000164151;ENSG00000165617;ENSG00000114315;ENSG00000176749;ENSG00000157168;ENSG00000161270;ENSG00000075711;ENSG00000084112;ENSG00000128872;ENSG00000178104;ENSG00000078018;ENSG00000145147;ENSG00000166086;ENSG00000173404;ENSG00000113712;ENSG00000145715;ENSG00000168952;ENSG00000107104;ENSG00000157540;ENSG00000104833;ENSG00000130203;ENSG00000139116;ENSG00000151612;ENSG00000215301;ENSG00000061676;ENSG00000125814;ENSG00000074054;ENSG00000116489;ENSG00000073712;ENSG00000151422;ENSG00000118200;ENSG00000070087;ENSG00000150054;ENSG00000112715;ENSG00000152315;ENSG00000136842;ENSG00000217128;ENSG00000072274;ENSG00000067798;ENSG00000136628;ENSG00000118260;ENSG00000198060;ENSG00000005100;ENSG00000070182;ENSG00000125398;ENSG00000097007;ENSG00000164506;ENSG00000082701;ENSG00000151239;ENSG00000146376;ENSG00000130559;ENSG00000137710;ENSG00000117505;ENSG00000063978;ENSG00000175054;ENSG00000164402;ENSG00000198168;ENSG00000137642;ENSG00000198793;ENSG00000101311;ENSG00000131023;ENSG00000006607;ENSG00000163539;ENSG00000067606;ENSG00000197256;ENSG00000148700;ENSG00000186063;ENSG00000179941;ENSG00000006715;ENSG00000151414;ENSG00000273749;ENSG00000103335;ENSG00000111530;ENSG00000100393;ENSG00000068971;ENSG00000133302;ENSG00000052795;ENSG00000153094;ENSG00000116329;ENSG00000147874;ENSG00000105186;ENSG00000171522;ENSG00000131095;ENSG00000147162;ENSG00000197943;ENSG00000149311;ENSG00000079332;ENSG00000088756;ENSG00000198898;ENSG00000101367;ENSG00000161905;ENSG00000109171;ENSG00000165280;ENSG00000132854;ENSG00000009694;ENSG00000156599;ENSG00000184304;ENSG00000099337;ENSG00000156735;ENSG00000135316;ENSG00000151491;ENSG00000055332;ENSG00000144118;ENSG00000171368;ENSG00000071051;ENSG00000137478;ENSG00000005893;ENSG00000164808"
"GO","GOBP_POST_EMBRYONIC_DEVELOPMENT",4.06679796713146e-05,0.00250366871212857,0.557332238758646,-0.484075194029792,-1.93213806090008,87,"ENSG00000096968;ENSG00000157483;ENSG00000166224;ENSG00000197081;ENSG00000084674;ENSG00000204120;ENSG00000150347;ENSG00000118058;ENSG00000117054;ENSG00000056586;ENSG00000112715;ENSG00000097007;ENSG00000123908;ENSG00000067646;ENSG00000104331;ENSG00000136381;ENSG00000198793;ENSG00000117139;ENSG00000085224;ENSG00000116539;ENSG00000171791;ENSG00000075223;ENSG00000150995;ENSG00000066468;ENSG00000108588;ENSG00000114739;ENSG00000107679;ENSG00000115363;ENSG00000153094;ENSG00000163659;ENSG00000057657;ENSG00000175387;ENSG00000149311;ENSG00000146085;ENSG00000112294;ENSG00000128573;ENSG00000163273;ENSG00000163251;ENSG00000159256;ENSG00000169432;ENSG00000153234;ENSG00000126003;ENSG00000143952"
"GO","GOBP_CELLULAR_RESPONSE_TO_STARVATION",4.27102785813231e-05,0.00255959297834265,0.557332238758646,-0.384375811187905,-1.71790576564834,189,"ENSG00000044574;ENSG00000176641;ENSG00000141655;ENSG00000169174;ENSG00000139112;ENSG00000155090;ENSG00000172071;ENSG00000145545;ENSG00000096717;ENSG00000107643;ENSG00000097033;ENSG00000168389;ENSG00000143324;ENSG00000134245;ENSG00000150907;ENSG00000170027;ENSG00000185591;ENSG00000167196;ENSG00000165392;ENSG00000136874;ENSG00000112561;ENSG00000149212;ENSG00000196455;ENSG00000004799;ENSG00000217128;ENSG00000132356;ENSG00000102572;ENSG00000164603;ENSG00000133056;ENSG00000113742;ENSG00000134294;ENSG00000135821;ENSG00000103257;ENSG00000115966;ENSG00000198793;ENSG00000131183;ENSG00000100030;ENSG00000128829;ENSG00000145979;ENSG00000197442;ENSG00000149485;ENSG00000140941;ENSG00000006715;ENSG00000136319;ENSG00000134001;ENSG00000164924;ENSG00000171791;ENSG00000185290;ENSG00000078142;ENSG00000158955;ENSG00000164326;ENSG00000204217;ENSG00000126775;ENSG00000186951;ENSG00000090905;ENSG00000118689;ENSG00000119401;ENSG00000101349;ENSG00000116299;ENSG00000079332;ENSG00000181061;ENSG00000111203;ENSG00000156026;ENSG00000155876;ENSG00000183696;ENSG00000239282;ENSG00000184304;ENSG00000100219;ENSG00000265808;ENSG00000163545;ENSG00000055332;ENSG00000141682;ENSG00000164654;ENSG00000027075;ENSG00000005893;ENSG00000180370;ENSG00000170836;ENSG00000106617;ENSG00000198198;ENSG00000136758;ENSG00000117394;ENSG00000163328;ENSG00000025039;ENSG00000099940;ENSG00000116954;ENSG00000124333;ENSG00000124762;ENSG00000141564;ENSG00000104332;ENSG00000026103;ENSG00000077264;ENSG00000165699;ENSG00000100330;ENSG00000132382;ENSG00000162409"
"GO","GOBP_REGULATION_OF_CELLULAR_RESPONSE_TO_GROWTH_FACTOR_STIMULUS",4.25181145336797e-05,0.00255959297834265,0.557332238758646,-0.337718028611702,-1.59121269576858,304,"ENSG00000044574;ENSG00000053108;ENSG00000106070;ENSG00000011465;ENSG00000174106;ENSG00000114251;ENSG00000146197;ENSG00000117707;ENSG00000150457;ENSG00000092421;ENSG00000198947;ENSG00000134363;ENSG00000128791;ENSG00000153487;ENSG00000164659;ENSG00000062038;ENSG00000102678;ENSG00000128045;ENSG00000096717;ENSG00000099250;ENSG00000138336;ENSG00000164619;ENSG00000144730;ENSG00000114315;ENSG00000138685;ENSG00000145147;ENSG00000139146;ENSG00000148516;ENSG00000100644;ENSG00000150938;ENSG00000156427;ENSG00000100916;ENSG00000186908;ENSG00000129515;ENSG00000108389;ENSG00000069702;ENSG00000112715;ENSG00000072401;ENSG00000005339;ENSG00000147044;ENSG00000179915;ENSG00000157450;ENSG00000097007;ENSG00000020181;ENSG00000168214;ENSG00000180875;ENSG00000133059;ENSG00000067141;ENSG00000102804;ENSG00000101665;ENSG00000090863;ENSG00000180730;ENSG00000003402;ENSG00000133104;ENSG00000259207;ENSG00000137642;ENSG00000101311;ENSG00000131023;ENSG00000197323;ENSG00000140682;ENSG00000064393;ENSG00000169855;ENSG00000251493;ENSG00000166033;ENSG00000166147;ENSG00000137770;ENSG00000185551;ENSG00000054267;ENSG00000081479;ENSG00000162521;ENSG00000156642;ENSG00000273749;ENSG00000100393;ENSG00000171243;ENSG00000068971;ENSG00000085276;ENSG00000152684;ENSG00000058668;ENSG00000157613;ENSG00000186951;ENSG00000196396;ENSG00000150093;ENSG00000147883;ENSG00000157240;ENSG00000140479;ENSG00000198742;ENSG00000147162;ENSG00000178752;ENSG00000175387;ENSG00000112200;ENSG00000166949;ENSG00000140992;ENSG00000129757;ENSG00000242265"
"GO","GOBP_GLYCEROPHOSPHOLIPID_METABOLIC_PROCESS",4.26478808705126e-05,0.00255959297834265,0.557332238758646,-0.338432431919806,-1.58642349066581,290,"ENSG00000141506;ENSG00000003987;ENSG00000145675;ENSG00000122591;ENSG00000129474;ENSG00000204385;ENSG00000040933;ENSG00000058866;ENSG00000129353;ENSG00000174227;ENSG00000097033;ENSG00000153982;ENSG00000153933;ENSG00000100344;ENSG00000168389;ENSG00000102043;ENSG00000143398;ENSG00000184984;ENSG00000155744;ENSG00000123983;ENSG00000070748;ENSG00000011198;ENSG00000155189;ENSG00000100311;ENSG00000172197;ENSG00000161217;ENSG00000150867;ENSG00000111684;ENSG00000277161;ENSG00000157680;ENSG00000011405;ENSG00000165195;ENSG00000102230;ENSG00000078269;ENSG00000138018;ENSG00000144645;ENSG00000122335;ENSG00000068383;ENSG00000108389;ENSG00000138193;ENSG00000038210;ENSG00000196455;ENSG00000084710;ENSG00000198382;ENSG00000091039;ENSG00000122126;ENSG00000070214;ENSG00000110536;ENSG00000119927;ENSG00000087053;ENSG00000145740;ENSG00000186111;ENSG00000197601;ENSG00000063601;ENSG00000133056;ENSG00000163686;ENSG00000136960;ENSG00000143797;ENSG00000133731;ENSG00000104331;ENSG00000007168;ENSG00000123684;ENSG00000139144;ENSG00000162909;ENSG00000085719;ENSG00000182621;ENSG00000159082;ENSG00000143315;ENSG00000188313;ENSG00000168092;ENSG00000078142;ENSG00000135241;ENSG00000155099;ENSG00000130164;ENSG00000088766;ENSG00000117592;ENSG00000126775;ENSG00000101290;ENSG00000154822;ENSG00000157106;ENSG00000211456;ENSG00000109452;ENSG00000158201;ENSG00000125772;ENSG00000111897;ENSG00000205981;ENSG00000198825;ENSG00000060642;ENSG00000197943;ENSG00000100884;ENSG00000149311;ENSG00000075651;ENSG00000138744;ENSG00000197121;ENSG00000161905;ENSG00000115020"
"GO","GOBP_NEGATIVE_REGULATION_OF_TRANSFORMING_GROWTH_FACTOR_BETA_RECEPTOR_SIGNALING_PATHWAY",4.47142465466674e-05,0.00263308589229593,0.557332238758646,-0.463684861403152,-1.86110567597553,89,"ENSG00000044574;ENSG00000174106;ENSG00000153487;ENSG00000062038;ENSG00000128045;ENSG00000096717;ENSG00000138336;ENSG00000144730;ENSG00000139146;ENSG00000100916;ENSG00000129515;ENSG00000108389;ENSG00000069702;ENSG00000101665;ENSG00000090863;ENSG00000166033;ENSG00000166147;ENSG00000054267;ENSG00000162521;ENSG00000085276;ENSG00000186951;ENSG00000198742;ENSG00000147162;ENSG00000112200;ENSG00000140992;ENSG00000242265;ENSG00000119547;ENSG00000157933;ENSG00000100219;ENSG00000136603;ENSG00000135655;ENSG00000108854;ENSG00000197415;ENSG00000169375;ENSG00000109762;ENSG00000142611;ENSG00000164576;ENSG00000032219;ENSG00000164105"
"GO","GOMF_PHOSPHATASE_BINDING",4.45342930396281e-05,0.00263308589229593,0.557332238758646,-0.375814584977182,-1.67356938212736,185,"ENSG00000166598;ENSG00000166888;ENSG00000145675;ENSG00000162852;ENSG00000170558;ENSG00000172071;ENSG00000101096;ENSG00000188386;ENSG00000110075;ENSG00000105976;ENSG00000128989;ENSG00000107643;ENSG00000115808;ENSG00000013364;ENSG00000158615;ENSG00000150907;ENSG00000075711;ENSG00000132842;ENSG00000131323;ENSG00000023516;ENSG00000146535;ENSG00000266826;ENSG00000108061;ENSG00000221823;ENSG00000136874;ENSG00000060237;ENSG00000196792;ENSG00000008405;ENSG00000196090;ENSG00000124214;ENSG00000108389;ENSG00000119938;ENSG00000110925;ENSG00000151422;ENSG00000131437;ENSG00000101639;ENSG00000100030;ENSG00000173281;ENSG00000187866;ENSG00000143079;ENSG00000197442;ENSG00000053918;ENSG00000176170;ENSG00000164924;ENSG00000171791;ENSG00000133812;ENSG00000198561;ENSG00000186298;ENSG00000058668;ENSG00000186951;ENSG00000116698;ENSG00000196396;ENSG00000105656;ENSG00000179841;ENSG00000117602;ENSG00000168610;ENSG00000175387;ENSG00000169398;ENSG00000147324;ENSG00000166949;ENSG00000004897;ENSG00000154415"
"GO","GOBP_GLYCEROPHOSPHOLIPID_BIOSYNTHETIC_PROCESS",4.74128779538479e-05,0.00274427358549964,0.557332238758646,-0.372351816968483,-1.67534058226201,201,"ENSG00000003987;ENSG00000145675;ENSG00000122591;ENSG00000129474;ENSG00000204385;ENSG00000040933;ENSG00000058866;ENSG00000129353;ENSG00000174227;ENSG00000097033;ENSG00000153933;ENSG00000100344;ENSG00000168389;ENSG00000143398;ENSG00000155744;ENSG00000123983;ENSG00000070748;ENSG00000011198;ENSG00000155189;ENSG00000100311;ENSG00000161217;ENSG00000150867;ENSG00000111684;ENSG00000277161;ENSG00000157680;ENSG00000011405;ENSG00000165195;ENSG00000102230;ENSG00000078269;ENSG00000138018;ENSG00000108389;ENSG00000038210;ENSG00000196455;ENSG00000084710;ENSG00000198382;ENSG00000122126;ENSG00000070214;ENSG00000110536;ENSG00000119927;ENSG00000087053;ENSG00000145740;ENSG00000186111;ENSG00000197601;ENSG00000063601;ENSG00000133056;ENSG00000133731;ENSG00000104331;ENSG00000139144;ENSG00000162909;ENSG00000085719;ENSG00000159082;ENSG00000143315;ENSG00000188313;ENSG00000078142;ENSG00000088766;ENSG00000126775;ENSG00000101290;ENSG00000157106;ENSG00000211456;ENSG00000109452;ENSG00000158201;ENSG00000198825;ENSG00000060642;ENSG00000197943;ENSG00000100884;ENSG00000149311;ENSG00000075651;ENSG00000197121;ENSG00000161905;ENSG00000115020"
"GO","GOBP_CANONICAL_WNT_SIGNALING_PATHWAY",4.72638260818643e-05,0.00274427358549964,0.557332238758646,-0.335942106106473,-1.58655267141928,309,"ENSG00000261594;ENSG00000124766;ENSG00000109189;ENSG00000114251;ENSG00000183579;ENSG00000155760;ENSG00000121210;ENSG00000101109;ENSG00000109320;ENSG00000073711;ENSG00000144642;ENSG00000150457;ENSG00000083799;ENSG00000170558;ENSG00000154124;ENSG00000116729;ENSG00000062038;ENSG00000102678;ENSG00000133794;ENSG00000181449;ENSG00000165617;ENSG00000134245;ENSG00000150907;ENSG00000139174;ENSG00000081059;ENSG00000138685;ENSG00000144566;ENSG00000169118;ENSG00000205269;ENSG00000113712;ENSG00000108100;ENSG00000162998;ENSG00000107104;ENSG00000130203;ENSG00000060237;ENSG00000215301;ENSG00000145907;ENSG00000140807;ENSG00000112902;ENSG00000151490;ENSG00000015133;ENSG00000186767;ENSG00000163785;ENSG00000183762;ENSG00000178343;ENSG00000166167;ENSG00000134982;ENSG00000125398;ENSG00000020181;ENSG00000138592;ENSG00000106484;ENSG00000082701;ENSG00000168214;ENSG00000151292;ENSG00000123607;ENSG00000101665;ENSG00000138032;ENSG00000115464;ENSG00000180694;ENSG00000101311;ENSG00000107854;ENSG00000131023;ENSG00000251493;ENSG00000070018;ENSG00000018408;ENSG00000164930;ENSG00000196632;ENSG00000104290;ENSG00000119541;ENSG00000142192;ENSG00000182197;ENSG00000138795;ENSG00000104517;ENSG00000066468;ENSG00000115216;ENSG00000114904;ENSG00000181788;ENSG00000100393;ENSG00000171243;ENSG00000172819;ENSG00000158955;ENSG00000139697;ENSG00000173273;ENSG00000114030;ENSG00000101849;ENSG00000175197;ENSG00000111087;ENSG00000205213;ENSG00000118689;ENSG00000170242;ENSG00000019995;ENSG00000058091;ENSG00000157240"
"GO","GOBP_CARDIAC_CHAMBER_MORPHOGENESIS",4.93675306475533e-05,0.0028141475171899,0.557332238758646,-0.422322764116828,-1.76929656188178,117,"ENSG00000124766;ENSG00000101384;ENSG00000117707;ENSG00000115641;ENSG00000163513;ENSG00000164683;ENSG00000112175;ENSG00000099250;ENSG00000128602;ENSG00000112414;ENSG00000198626;ENSG00000115170;ENSG00000096696;ENSG00000114315;ENSG00000157168;ENSG00000145147;ENSG00000163909;ENSG00000125686;ENSG00000115904;ENSG00000100644;ENSG00000171316;ENSG00000069702;ENSG00000107779;ENSG00000151748;ENSG00000168214;ENSG00000101665;ENSG00000185008;ENSG00000169855;ENSG00000081479;ENSG00000075223;ENSG00000066468;ENSG00000127418;ENSG00000118257;ENSG00000113196;ENSG00000204217;ENSG00000057294;ENSG00000115363;ENSG00000152192;ENSG00000157240;ENSG00000135766;ENSG00000130939;ENSG00000135547;ENSG00000109685"
"GO","GOBP_AMEBOIDAL_TYPE_CELL_MIGRATION",4.94512041561721e-05,0.0028141475171899,0.557332238758646,-0.361585842200668,-1.64522173321048,220,"ENSG00000144711;ENSG00000143507;ENSG00000114251;ENSG00000115414;ENSG00000092421;ENSG00000170558;ENSG00000179295;ENSG00000163513;ENSG00000138623;ENSG00000168615;ENSG00000166224;ENSG00000165527;ENSG00000099250;ENSG00000123612;ENSG00000128602;ENSG00000179218;ENSG00000140832;ENSG00000115170;ENSG00000143398;ENSG00000138685;ENSG00000184292;ENSG00000157500;ENSG00000150347;ENSG00000146535;ENSG00000107104;ENSG00000100644;ENSG00000067900;ENSG00000127603;ENSG00000061676;ENSG00000074054;ENSG00000151422;ENSG00000112902;ENSG00000157764;ENSG00000136044;ENSG00000070087;ENSG00000112715;ENSG00000131375;ENSG00000130702;ENSG00000185728;ENSG00000213906;ENSG00000125398;ENSG00000123908;ENSG00000137872;ENSG00000115232;ENSG00000071054;ENSG00000136960;ENSG00000259207;ENSG00000007168;ENSG00000198793;ENSG00000101311;ENSG00000163539;ENSG00000197256;ENSG00000086570;ENSG00000139626;ENSG00000150760;ENSG00000075223;ENSG00000118257;ENSG00000114739;ENSG00000166974;ENSG00000204217;ENSG00000187764;ENSG00000113070;ENSG00000065243;ENSG00000150093;ENSG00000111961;ENSG00000188613;ENSG00000131095;ENSG00000197943;ENSG00000175387;ENSG00000169398;ENSG00000159346;ENSG00000107372;ENSG00000075213;ENSG00000166949;ENSG00000157927;ENSG00000167680;ENSG00000153233;ENSG00000153993;ENSG00000115109;ENSG00000156735;ENSG00000103769;ENSG00000108854;ENSG00000197712;ENSG00000166025;ENSG00000095203;ENSG00000144724;ENSG00000010319;ENSG00000162337;ENSG00000140575;ENSG00000135503"
"GO","GOBP_PROTEIN_FOLDING_IN_ENDOPLASMIC_RETICULUM",5.3339382582144e-05,0.00301011915705233,0.557332238758646,-0.801791718443779,-2.07791766343594,13,"ENSG00000044574;ENSG00000166598;ENSG00000102580;ENSG00000127022;ENSG00000179218;ENSG00000185615;ENSG00000077232;ENSG00000086619;ENSG00000167004;ENSG00000197930"
"GO","GOBP_PANCREAS_DEVELOPMENT",5.53519724812115e-05,0.00303321778567866,0.557332238758646,-0.492158413196964,-1.91631595153943,75,"ENSG00000124766;ENSG00000153162;ENSG00000114251;ENSG00000117707;ENSG00000170558;ENSG00000162992;ENSG00000116729;ENSG00000172071;ENSG00000105976;ENSG00000133794;ENSG00000112175;ENSG00000128602;ENSG00000284862;ENSG00000198843;ENSG00000114315;ENSG00000185002;ENSG00000173404;ENSG00000134852;ENSG00000141519;ENSG00000125398;ENSG00000082701"
"GO","GOBP_SYNCYTIUM_FORMATION",5.55403138547185e-05,0.00303321778567866,0.557332238758646,0.462118867435669,1.83389473502491,99,"ENSG00000249715;ENSG00000110047;ENSG00000198918;ENSG00000181790;ENSG00000265681;ENSG00000197958;ENSG00000167526;ENSG00000108298;ENSG00000144713;ENSG00000166441;ENSG00000010278;ENSG00000130255;ENSG00000161016;ENSG00000111913;ENSG00000109475;ENSG00000137270;ENSG00000172809;ENSG00000142541;ENSG00000163682;ENSG00000114391;ENSG00000122026;ENSG00000063177;ENSG00000198755;ENSG00000177600;ENSG00000089157;ENSG00000241343;ENSG00000142676;ENSG00000105640;ENSG00000136942;ENSG00000023902;ENSG00000134516;ENSG00000145592;ENSG00000122406;ENSG00000197756;ENSG00000174444;ENSG00000012061;ENSG00000108107;ENSG00000137818;ENSG00000188846;ENSG00000130513;ENSG00000071082;ENSG00000131469;ENSG00000162244;ENSG00000182899;ENSG00000156482;ENSG00000147604;ENSG00000148303;ENSG00000221983;ENSG00000198242;ENSG00000125691"
"GO","GOBP_IMPORT_INTO_NUCLEUS",5.42475334844453e-05,0.00303321778567866,0.557332238758646,-0.389852279666488,-1.72356740199688,172,"ENSG00000165868;ENSG00000145675;ENSG00000101109;ENSG00000096968;ENSG00000153487;ENSG00000102678;ENSG00000124789;ENSG00000113569;ENSG00000128602;ENSG00000133704;ENSG00000104133;ENSG00000069248;ENSG00000137040;ENSG00000139174;ENSG00000139496;ENSG00000196924;ENSG00000157500;ENSG00000205339;ENSG00000108424;ENSG00000120709;ENSG00000196911;ENSG00000125686;ENSG00000196862;ENSG00000221823;ENSG00000083312;ENSG00000111231;ENSG00000166913;ENSG00000187446;ENSG00000136044;ENSG00000108559;ENSG00000196712;ENSG00000095319;ENSG00000205578;ENSG00000115966;ENSG00000101311;ENSG00000065150;ENSG00000114346;ENSG00000163002;ENSG00000153201;ENSG00000104517;ENSG00000064419;ENSG00000149547;ENSG00000112242;ENSG00000100393;ENSG00000093000;ENSG00000114030;ENSG00000120686;ENSG00000171033;ENSG00000169629;ENSG00000114423;ENSG00000168610;ENSG00000160710;ENSG00000140943;ENSG00000166949;ENSG00000111875;ENSG00000104375;ENSG00000120948;ENSG00000110713;ENSG00000138814;ENSG00000183255;ENSG00000196313;ENSG00000086200;ENSG00000025800;ENSG00000184304;ENSG00000184156;ENSG00000112210;ENSG00000100219;ENSG00000112425;ENSG00000102753;ENSG00000112062;ENSG00000265972;ENSG00000157782;ENSG00000107882;ENSG00000198700;ENSG00000185467;ENSG00000124762;ENSG00000204764;ENSG00000163932;ENSG00000039068;ENSG00000066044"
"GO","GOCC_APICAL_PART_OF_CELL",5.51568333318627e-05,0.00303321778567866,0.557332238758646,-0.29939324504529,-1.47113348714992,484,"ENSG00000103222;ENSG00000116117;ENSG00000109756;ENSG00000171365;ENSG00000122756;ENSG00000137491;ENSG00000115414;ENSG00000101384;ENSG00000104635;ENSG00000080822;ENSG00000118242;ENSG00000239732;ENSG00000143921;ENSG00000154096;ENSG00000187240;ENSG00000170558;ENSG00000036828;ENSG00000204385;ENSG00000157483;ENSG00000196549;ENSG00000051523;ENSG00000139514;ENSG00000135750;ENSG00000198743;ENSG00000082482;ENSG00000187848;ENSG00000125257;ENSG00000158445;ENSG00000110911;ENSG00000115170;ENSG00000197405;ENSG00000033867;ENSG00000157168;ENSG00000075711;ENSG00000041353;ENSG00000118507;ENSG00000085563;ENSG00000149150;ENSG00000131389;ENSG00000120063;ENSG00000152778;ENSG00000196950;ENSG00000050438;ENSG00000188158;ENSG00000144410;ENSG00000157654;ENSG00000146535;ENSG00000086300;ENSG00000197208;ENSG00000023839;ENSG00000089057;ENSG00000120756;ENSG00000139350;ENSG00000163558;ENSG00000198648;ENSG00000158987;ENSG00000152413;ENSG00000166006;ENSG00000114770;ENSG00000133026;ENSG00000155097;ENSG00000147676;ENSG00000168575;ENSG00000151490;ENSG00000155850;ENSG00000114573;ENSG00000168502;ENSG00000154310;ENSG00000183067;ENSG00000132356;ENSG00000145740;ENSG00000173698;ENSG00000130037;ENSG00000115616;ENSG00000134294;ENSG00000111319;ENSG00000133059;ENSG00000137710;ENSG00000099246;ENSG00000103257;ENSG00000172940;ENSG00000259207;ENSG00000086062;ENSG00000147649;ENSG00000167306;ENSG00000131183;ENSG00000147100;ENSG00000050405;ENSG00000132874;ENSG00000100503;ENSG00000067606;ENSG00000135047;ENSG00000166900;ENSG00000087470;ENSG00000105738;ENSG00000148700;ENSG00000053918;ENSG00000164930;ENSG00000151229;ENSG00000104290;ENSG00000081479;ENSG00000085832;ENSG00000128641;ENSG00000074410;ENSG00000152683;ENSG00000138821;ENSG00000163399;ENSG00000104067;ENSG00000141424;ENSG00000104321;ENSG00000130164;ENSG00000204217;ENSG00000064651;ENSG00000035403;ENSG00000185920;ENSG00000180509;ENSG00000148498;ENSG00000163406;ENSG00000122545;ENSG00000128567;ENSG00000106789;ENSG00000159167;ENSG00000257743;ENSG00000174502;ENSG00000136888;ENSG00000092068;ENSG00000106100;ENSG00000075651;ENSG00000156113;ENSG00000160271;ENSG00000100373;ENSG00000198898;ENSG00000154556;ENSG00000172375"
"GO","GOBP_REGULATION_OF_CANONICAL_WNT_SIGNALING_PATHWAY",5.59971860022895e-05,0.00303370354886003,0.557332238758646,-0.347954201850905,-1.61161007408501,259,"ENSG00000261594;ENSG00000124766;ENSG00000109189;ENSG00000114251;ENSG00000183579;ENSG00000155760;ENSG00000121210;ENSG00000101109;ENSG00000109320;ENSG00000073711;ENSG00000144642;ENSG00000150457;ENSG00000083799;ENSG00000170558;ENSG00000154124;ENSG00000116729;ENSG00000062038;ENSG00000102678;ENSG00000133794;ENSG00000181449;ENSG00000165617;ENSG00000150907;ENSG00000139174;ENSG00000138685;ENSG00000169118;ENSG00000205269;ENSG00000113712;ENSG00000108100;ENSG00000162998;ENSG00000107104;ENSG00000130203;ENSG00000060237;ENSG00000215301;ENSG00000145907;ENSG00000140807;ENSG00000112902;ENSG00000151490;ENSG00000015133;ENSG00000186767;ENSG00000183762;ENSG00000178343;ENSG00000166167;ENSG00000134982;ENSG00000125398;ENSG00000020181;ENSG00000138592;ENSG00000106484;ENSG00000082701;ENSG00000168214;ENSG00000151292;ENSG00000123607;ENSG00000138032;ENSG00000115464;ENSG00000180694;ENSG00000101311;ENSG00000107854;ENSG00000131023;ENSG00000018408;ENSG00000164930;ENSG00000196632;ENSG00000142192;ENSG00000104517;ENSG00000066468;ENSG00000115216;ENSG00000114904;ENSG00000181788;ENSG00000171243;ENSG00000139697;ENSG00000173273;ENSG00000114030;ENSG00000101849;ENSG00000175197;ENSG00000111087;ENSG00000205213;ENSG00000118689;ENSG00000170242;ENSG00000019995;ENSG00000058091;ENSG00000157240"
"GO","GOMF_AMINOACYLTRANSFERASE_ACTIVITY",5.72658284373391e-05,0.00307781103315603,0.557332238758646,-0.301318470952585,-1.47935988364737,482,"ENSG00000176641;ENSG00000164616;ENSG00000183579;ENSG00000176407;ENSG00000071794;ENSG00000123124;ENSG00000009335;ENSG00000180628;ENSG00000100505;ENSG00000123091;ENSG00000138411;ENSG00000144357;ENSG00000198833;ENSG00000144583;ENSG00000153561;ENSG00000089234;ENSG00000101752;ENSG00000007944;ENSG00000198862;ENSG00000114062;ENSG00000146414;ENSG00000198642;ENSG00000154447;ENSG00000014123;ENSG00000198961;ENSG00000152503;ENSG00000119682;ENSG00000197329;ENSG00000127870;ENSG00000186660;ENSG00000085382;ENSG00000152242;ENSG00000065802;ENSG00000167196;ENSG00000131323;ENSG00000176624;ENSG00000152193;ENSG00000180233;ENSG00000196862;ENSG00000197361;ENSG00000001629;ENSG00000154493;ENSG00000164197;ENSG00000080802;ENSG00000139517;ENSG00000141034;ENSG00000135108;ENSG00000118503;ENSG00000145860;ENSG00000092148;ENSG00000095015;ENSG00000132256;ENSG00000056586;ENSG00000072401;ENSG00000239305;ENSG00000166167;ENSG00000166439;ENSG00000197579;ENSG00000170633;ENSG00000131263;ENSG00000198060;ENSG00000185619;ENSG00000165406;ENSG00000164080;ENSG00000157450;ENSG00000147912;ENSG00000110429;ENSG00000204977;ENSG00000170500;ENSG00000115760;ENSG00000168116;ENSG00000110315;ENSG00000063978;ENSG00000147364;ENSG00000131788;ENSG00000128731;ENSG00000104228;ENSG00000178222;ENSG00000159459;ENSG00000113595;ENSG00000196151;ENSG00000010318;ENSG00000197323;ENSG00000144744;ENSG00000180229;ENSG00000165188;ENSG00000166266;ENSG00000078747;ENSG00000163012;ENSG00000110395;ENSG00000122779;ENSG00000005812;ENSG00000151148;ENSG00000153827;ENSG00000119402;ENSG00000173064;ENSG00000108175;ENSG00000136536;ENSG00000110906;ENSG00000121060;ENSG00000153201;ENSG00000110344;ENSG00000145495;ENSG00000104517;ENSG00000077721;ENSG00000108395;ENSG00000181788;ENSG00000103657;ENSG00000137075;ENSG00000168411;ENSG00000012048;ENSG00000184634;ENSG00000132388;ENSG00000186591;ENSG00000189050;ENSG00000127481;ENSG00000134253;ENSG00000078140;ENSG00000125780;ENSG00000164758;ENSG00000119401;ENSG00000169629;ENSG00000151692;ENSG00000080561;ENSG00000198742;ENSG00000108375;ENSG00000114423;ENSG00000139946;ENSG00000036257;ENSG00000034677;ENSG00000138641;ENSG00000109654;ENSG00000181852;ENSG00000112200;ENSG00000130939;ENSG00000166326;ENSG00000179455;ENSG00000198373;ENSG00000107669;ENSG00000159579;ENSG00000122257;ENSG00000105879;ENSG00000215475;ENSG00000165338;ENSG00000005810;ENSG00000146373;ENSG00000183439;ENSG00000135679;ENSG00000108854;ENSG00000213186;ENSG00000183654;ENSG00000104343;ENSG00000024048;ENSG00000121481;ENSG00000215277;ENSG00000152944;ENSG00000100031;ENSG00000086758;ENSG00000012963;ENSG00000126107;ENSG00000118496;ENSG00000154710;ENSG00000133135;ENSG00000133606;ENSG00000069869;ENSG00000101871;ENSG00000146833;ENSG00000013561;ENSG00000094880;ENSG00000145782;ENSG00000177238;ENSG00000033800;ENSG00000128276;ENSG00000177889;ENSG00000138376;ENSG00000076321;ENSG00000106785;ENSG00000175104;ENSG00000148634;ENSG00000159202;ENSG00000183337;ENSG00000184787;ENSG00000092871;ENSG00000147854"
"GO","GOBP_REGULATION_OF_CELLULAR_RESPONSE_TO_TRANSFORMING_GROWTH_FACTOR_BETA_STIMULUS",5.79901622696767e-05,0.0030921998337815,0.557332238758646,-0.405104350217981,-1.73465610546082,139,"ENSG00000044574;ENSG00000174106;ENSG00000150457;ENSG00000128791;ENSG00000153487;ENSG00000062038;ENSG00000128045;ENSG00000096717;ENSG00000138336;ENSG00000144730;ENSG00000139146;ENSG00000148516;ENSG00000100916;ENSG00000129515;ENSG00000108389;ENSG00000069702;ENSG00000005339;ENSG00000157450;ENSG00000102804;ENSG00000101665;ENSG00000090863;ENSG00000003402;ENSG00000101311;ENSG00000131023;ENSG00000197323;ENSG00000140682;ENSG00000064393;ENSG00000166033;ENSG00000166147;ENSG00000054267;ENSG00000162521;ENSG00000100393;ENSG00000085276;ENSG00000186951;ENSG00000147883;ENSG00000198742;ENSG00000147162;ENSG00000175387;ENSG00000112200;ENSG00000166949;ENSG00000140992;ENSG00000129757;ENSG00000242265;ENSG00000119547;ENSG00000157933;ENSG00000141052;ENSG00000100219;ENSG00000136603;ENSG00000135655;ENSG00000108854;ENSG00000197415;ENSG00000169375;ENSG00000109762;ENSG00000142611;ENSG00000164576;ENSG00000032219;ENSG00000164105;ENSG00000173714;ENSG00000113083"
"GO","GOBP_PALLIUM_DEVELOPMENT",5.91390113724623e-05,0.00312882332042433,0.557332238758646,-0.379386614323475,-1.69560735401606,189,"ENSG00000145242;ENSG00000103222;ENSG00000174469;ENSG00000171094;ENSG00000118407;ENSG00000138162;ENSG00000112139;ENSG00000117707;ENSG00000170558;ENSG00000132640;ENSG00000162992;ENSG00000196549;ENSG00000112137;ENSG00000196159;ENSG00000085433;ENSG00000145545;ENSG00000180881;ENSG00000115844;ENSG00000196092;ENSG00000128602;ENSG00000168389;ENSG00000284862;ENSG00000176749;ENSG00000196924;ENSG00000139352;ENSG00000145147;ENSG00000159131;ENSG00000100644;ENSG00000166780;ENSG00000106692;ENSG00000153266;ENSG00000166579;ENSG00000040199;ENSG00000082701;ENSG00000134294;ENSG00000274211;ENSG00000196712;ENSG00000007168;ENSG00000105426;ENSG00000164305;ENSG00000169855;ENSG00000104164;ENSG00000108175;ENSG00000149557;ENSG00000182621;ENSG00000173406;ENSG00000138795;ENSG00000070770;ENSG00000084676;ENSG00000099942;ENSG00000066735;ENSG00000088930;ENSG00000157193;ENSG00000058668"
"GO","GOBP_RIBOSOME_BIOGENESIS",6.10873486174591e-05,0.00320684902974754,0.538434096309916,0.335019790563367,1.54312011209351,330,"ENSG00000167272;ENSG00000129347;ENSG00000129460;ENSG00000105373;ENSG00000112306;ENSG00000138382;ENSG00000005189;ENSG00000143947;ENSG00000105732;ENSG00000177954;ENSG00000275700;ENSG00000182583;ENSG00000140598;ENSG00000242372;ENSG00000133316;ENSG00000145425;ENSG00000278619;ENSG00000077348;ENSG00000138326;ENSG00000198034;ENSG00000198917;ENSG00000187531;ENSG00000182774;ENSG00000171858;ENSG00000170889;ENSG00000115268;ENSG00000104872;ENSG00000186468;ENSG00000172809;ENSG00000152464;ENSG00000139637;ENSG00000114391;ENSG00000130810;ENSG00000105193;ENSG00000166133;ENSG00000089157;ENSG00000145912;ENSG00000100138;ENSG00000184967;ENSG00000227057;ENSG00000123064;ENSG00000134419;ENSG00000156928;ENSG00000142676;ENSG00000142937;ENSG00000148824;ENSG00000164587;ENSG00000136942;ENSG00000149806;ENSG00000188739;ENSG00000233927;ENSG00000101546;ENSG00000110700;ENSG00000141456;ENSG00000179041;ENSG00000132591;ENSG00000188573;ENSG00000168028;ENSG00000122406;ENSG00000135828;ENSG00000105671;ENSG00000100294;ENSG00000107833;ENSG00000198492;ENSG00000171863;ENSG00000165792;ENSG00000083845;ENSG00000079313;ENSG00000273611;ENSG00000178952;ENSG00000171806;ENSG00000188846;ENSG00000105372;ENSG00000108592;ENSG00000130826;ENSG00000070814;ENSG00000130305;ENSG00000131469;ENSG00000175467;ENSG00000142684;ENSG00000185163;ENSG00000100029;ENSG00000143303;ENSG00000101361;ENSG00000182899;ENSG00000007520;ENSG00000196678;ENSG00000053372;ENSG00000141076;ENSG00000171103;ENSG00000182841;ENSG00000132275;ENSG00000197498;ENSG00000156990;ENSG00000114767;ENSG00000147604;ENSG00000148303;ENSG00000116455;ENSG00000118181;ENSG00000117419;ENSG00000048162;ENSG00000189306;ENSG00000176731;ENSG00000142534;ENSG00000161970;ENSG00000100865;ENSG00000101181;ENSG00000117597;ENSG00000109534;ENSG00000130713;ENSG00000105202;ENSG00000101945;ENSG00000122034;ENSG00000178605;ENSG00000241945;ENSG00000109536;ENSG00000254858;ENSG00000004779;ENSG00000182872;ENSG00000147889;ENSG00000141543;ENSG00000071462;ENSG00000188917;ENSG00000261236;ENSG00000085231;ENSG00000122140;ENSG00000172183;ENSG00000178718;ENSG00000185088;ENSG00000119616;ENSG00000162851;ENSG00000183751;ENSG00000160214;ENSG00000173113;ENSG00000272047;ENSG00000172301;ENSG00000143633;ENSG00000112578;ENSG00000182810;ENSG00000102309;ENSG00000172336;ENSG00000225921;ENSG00000178105;ENSG00000065268"
"GO","GOBP_PROTEIN_LOCALIZATION_TO_EARLY_ENDOSOME",6.50193505590492e-05,0.00321457781668933,0.538434096309916,-0.798552357593213,-2.06952255910298,13,"ENSG00000099250;ENSG00000134318;ENSG00000134108;ENSG00000144566;ENSG00000112715;ENSG00000137710;ENSG00000137642"
"GO","GOBP_NEGATIVE_REGULATION_OF_TRANSMEMBRANE_RECEPTOR_PROTEIN_SERINE_THREONINE_KINASE_SIGNALING_PATHWAY",6.2562114866305e-05,0.00321457781668933,0.538434096309916,-0.406186378305429,-1.74903817031903,144,"ENSG00000044574;ENSG00000174106;ENSG00000114251;ENSG00000134363;ENSG00000147255;ENSG00000128791;ENSG00000153487;ENSG00000062038;ENSG00000128045;ENSG00000096717;ENSG00000138336;ENSG00000115170;ENSG00000164619;ENSG00000144730;ENSG00000103226;ENSG00000139146;ENSG00000150938;ENSG00000100916;ENSG00000129515;ENSG00000108389;ENSG00000069702;ENSG00000072401;ENSG00000097007;ENSG00000180875;ENSG00000101665;ENSG00000090863;ENSG00000133104;ENSG00000137642;ENSG00000197323;ENSG00000064393;ENSG00000166033;ENSG00000166147;ENSG00000137770;ENSG00000054267;ENSG00000103512;ENSG00000081479;ENSG00000162521;ENSG00000122641;ENSG00000171243;ENSG00000099942;ENSG00000085276;ENSG00000186951;ENSG00000157240;ENSG00000198742;ENSG00000147162;ENSG00000178752;ENSG00000112200;ENSG00000140992;ENSG00000242265;ENSG00000119547;ENSG00000157933;ENSG00000100219;ENSG00000136603;ENSG00000135655;ENSG00000108854;ENSG00000197415;ENSG00000169375;ENSG00000164488;ENSG00000109762;ENSG00000142611;ENSG00000163328;ENSG00000164576;ENSG00000032219;ENSG00000164105"
"GO","GOBP_RESPONSE_TO_TRANSFORMING_GROWTH_FACTOR_BETA",6.41065961240947e-05,0.00321457781668933,0.538434096309916,-0.35163567551516,-1.62739952965925,258,"ENSG00000044574;ENSG00000174106;ENSG00000114251;ENSG00000010810;ENSG00000150457;ENSG00000111846;ENSG00000163513;ENSG00000152894;ENSG00000128791;ENSG00000153487;ENSG00000062038;ENSG00000168615;ENSG00000033170;ENSG00000128045;ENSG00000096717;ENSG00000138336;ENSG00000112679;ENSG00000134318;ENSG00000115170;ENSG00000144730;ENSG00000157500;ENSG00000266524;ENSG00000139146;ENSG00000148516;ENSG00000067900;ENSG00000100916;ENSG00000118058;ENSG00000157077;ENSG00000129515;ENSG00000108389;ENSG00000073712;ENSG00000069702;ENSG00000136044;ENSG00000176105;ENSG00000124486;ENSG00000140836;ENSG00000118260;ENSG00000005339;ENSG00000107779;ENSG00000114374;ENSG00000066336;ENSG00000157450;ENSG00000125398;ENSG00000097007;ENSG00000120868;ENSG00000102804;ENSG00000101665;ENSG00000197930;ENSG00000090863;ENSG00000003402;ENSG00000113580;ENSG00000101311;ENSG00000131023;ENSG00000197323;ENSG00000140682;ENSG00000064393;ENSG00000113658;ENSG00000166033;ENSG00000166147;ENSG00000054267;ENSG00000143799;ENSG00000108175;ENSG00000162521;ENSG00000066468;ENSG00000100393;ENSG00000099942;ENSG00000085276;ENSG00000170962;ENSG00000186951;ENSG00000150093;ENSG00000147883;ENSG00000198742;ENSG00000169756;ENSG00000147162;ENSG00000168610;ENSG00000175387;ENSG00000169398;ENSG00000112200;ENSG00000166949;ENSG00000140992;ENSG00000129757;ENSG00000242265;ENSG00000105855;ENSG00000119547;ENSG00000157933;ENSG00000115109;ENSG00000141052;ENSG00000100219;ENSG00000136603;ENSG00000135655;ENSG00000108854;ENSG00000197415;ENSG00000180370;ENSG00000134532;ENSG00000169375;ENSG00000198087;ENSG00000119681;ENSG00000139567;ENSG00000109762;ENSG00000142611"
"GO","GOMF_KINASE_REGULATOR_ACTIVITY",6.24778496667827e-05,0.00321457781668933,0.538434096309916,-0.329003508379461,-1.54721300838985,299,"ENSG00000044574;ENSG00000071575;ENSG00000171094;ENSG00000102580;ENSG00000114166;ENSG00000141506;ENSG00000124126;ENSG00000145675;ENSG00000101109;ENSG00000117280;ENSG00000151883;ENSG00000114978;ENSG00000129474;ENSG00000148841;ENSG00000163513;ENSG00000081237;ENSG00000135090;ENSG00000131370;ENSG00000164327;ENSG00000134352;ENSG00000142867;ENSG00000169032;ENSG00000128602;ENSG00000097033;ENSG00000112679;ENSG00000100583;ENSG00000091436;ENSG00000176749;ENSG00000157168;ENSG00000198961;ENSG00000113522;ENSG00000170027;ENSG00000169129;ENSG00000108100;ENSG00000134313;ENSG00000145192;ENSG00000060237;ENSG00000215301;ENSG00000166913;ENSG00000073712;ENSG00000187446;ENSG00000112715;ENSG00000160551;ENSG00000082146;ENSG00000107443;ENSG00000197045;ENSG00000151748;ENSG00000134982;ENSG00000097007;ENSG00000135083;ENSG00000167264;ENSG00000137494;ENSG00000104320;ENSG00000173542;ENSG00000129315;ENSG00000272398;ENSG00000164305;ENSG00000005700;ENSG00000109270;ENSG00000136754;ENSG00000070018;ENSG00000163781;ENSG00000138617;ENSG00000225830;ENSG00000176994;ENSG00000153201;ENSG00000114302;ENSG00000141198;ENSG00000113648"
"GO","GOBP_COGNITION",6.46011503854185e-05,0.00321457781668933,0.538434096309916,-0.324743347878922,-1.53408881542047,311,"ENSG00000103222;ENSG00000174469;ENSG00000114166;ENSG00000169282;ENSG00000135298;ENSG00000118515;ENSG00000166664;ENSG00000010810;ENSG00000158258;ENSG00000183454;ENSG00000113161;ENSG00000196549;ENSG00000164742;ENSG00000085788;ENSG00000106278;ENSG00000115183;ENSG00000082482;ENSG00000110911;ENSG00000168389;ENSG00000104133;ENSG00000197405;ENSG00000213585;ENSG00000198961;ENSG00000128872;ENSG00000171867;ENSG00000181965;ENSG00000136051;ENSG00000138031;ENSG00000171766;ENSG00000102158;ENSG00000110987;ENSG00000021645;ENSG00000100644;ENSG00000183775;ENSG00000108576;ENSG00000118058;ENSG00000130203;ENSG00000092051;ENSG00000149295;ENSG00000171316;ENSG00000157764;ENSG00000118260;ENSG00000197045;ENSG00000156395;ENSG00000140471;ENSG00000179915;ENSG00000097007;ENSG00000196712;ENSG00000007168;ENSG00000073921;ENSG00000164190;ENSG00000100030;ENSG00000168137;ENSG00000164305;ENSG00000151025;ENSG00000133703;ENSG00000128829;ENSG00000104164;ENSG00000182621;ENSG00000159082;ENSG00000157045;ENSG00000142192;ENSG00000273749;ENSG00000172216;ENSG00000198576;ENSG00000138138;ENSG00000110881;ENSG00000100393;ENSG00000154229;ENSG00000130164;ENSG00000163794;ENSG00000164326;ENSG00000186297;ENSG00000078725;ENSG00000197386;ENSG00000152969;ENSG00000183826;ENSG00000150093;ENSG00000101349;ENSG00000131094;ENSG00000146938;ENSG00000166206;ENSG00000198908;ENSG00000256061;ENSG00000124406;ENSG00000162736;ENSG00000128573;ENSG00000075073;ENSG00000165533;ENSG00000112164;ENSG00000112425;ENSG00000134138;ENSG00000126010;ENSG00000083937;ENSG00000148053;ENSG00000040531;ENSG00000182372;ENSG00000224470;ENSG00000106236;ENSG00000100600;ENSG00000115526;ENSG00000151012;ENSG00000166963;ENSG00000148730;ENSG00000101126;ENSG00000033800;ENSG00000104723;ENSG00000163328;ENSG00000132549;ENSG00000149658;ENSG00000188191;ENSG00000187902;ENSG00000100147;ENSG00000186868;ENSG00000185900;ENSG00000242441;ENSG00000155966;ENSG00000147852;ENSG00000165699;ENSG00000152495;ENSG00000169057;ENSG00000157404;ENSG00000133424;ENSG00000116752;ENSG00000104888;ENSG00000100678;ENSG00000104327;ENSG00000116147;ENSG00000107864"
"GO","GOMF_UBIQUITIN_LIKE_PROTEIN_LIGASE_ACTIVITY",6.37502975832776e-05,0.00321457781668933,0.538434096309916,-0.315769557921644,-1.51872026430874,375,"ENSG00000176641;ENSG00000183579;ENSG00000176407;ENSG00000071794;ENSG00000123124;ENSG00000009335;ENSG00000180628;ENSG00000100505;ENSG00000123091;ENSG00000138411;ENSG00000144357;ENSG00000144583;ENSG00000153561;ENSG00000089234;ENSG00000101752;ENSG00000007944;ENSG00000198862;ENSG00000114062;ENSG00000146414;ENSG00000154447;ENSG00000014123;ENSG00000198961;ENSG00000152503;ENSG00000119682;ENSG00000197329;ENSG00000127870;ENSG00000186660;ENSG00000085382;ENSG00000152242;ENSG00000065802;ENSG00000131323;ENSG00000176624;ENSG00000152193;ENSG00000180233;ENSG00000197361;ENSG00000001629;ENSG00000154493;ENSG00000164197;ENSG00000080802;ENSG00000141034;ENSG00000145860;ENSG00000092148;ENSG00000095015;ENSG00000132256;ENSG00000056586;ENSG00000072401;ENSG00000239305;ENSG00000166167;ENSG00000166439;ENSG00000197579;ENSG00000170633;ENSG00000131263;ENSG00000198060;ENSG00000185619;ENSG00000165406;ENSG00000164080;ENSG00000157450;ENSG00000204977;ENSG00000170500;ENSG00000168116;ENSG00000063978;ENSG00000131788;ENSG00000128731;ENSG00000104228;ENSG00000159459;ENSG00000113595;ENSG00000010318;ENSG00000197323;ENSG00000180229;ENSG00000165188;ENSG00000078747;ENSG00000163012;ENSG00000110395;ENSG00000122779;ENSG00000151148;ENSG00000153827;ENSG00000173064;ENSG00000108175;ENSG00000136536;ENSG00000121060;ENSG00000153201;ENSG00000110344;ENSG00000145495;ENSG00000104517;ENSG00000108395;ENSG00000181788;ENSG00000103657;ENSG00000137075;ENSG00000168411;ENSG00000012048;ENSG00000184634;ENSG00000189050;ENSG00000127481;ENSG00000134253;ENSG00000078140;ENSG00000164758;ENSG00000119401;ENSG00000151692;ENSG00000080561;ENSG00000198742;ENSG00000108375;ENSG00000114423;ENSG00000139946;ENSG00000036257;ENSG00000034677;ENSG00000138641;ENSG00000109654;ENSG00000181852;ENSG00000112200;ENSG00000130939;ENSG00000166326;ENSG00000179455;ENSG00000198373;ENSG00000122257;ENSG00000105879;ENSG00000215475;ENSG00000165338;ENSG00000005810;ENSG00000146373;ENSG00000183439;ENSG00000135679;ENSG00000108854;ENSG00000213186;ENSG00000183654;ENSG00000024048;ENSG00000121481;ENSG00000215277;ENSG00000152944;ENSG00000086758;ENSG00000012963;ENSG00000126107;ENSG00000118496;ENSG00000154710;ENSG00000133135;ENSG00000133606;ENSG00000069869;ENSG00000101871;ENSG00000146833;ENSG00000013561;ENSG00000145782;ENSG00000177238"
"GO","GOBP_MORPHOGENESIS_OF_AN_EPITHELIUM",6.34641503870368e-05,0.00321457781668933,0.538434096309916,-0.303882047378525,-1.48972081919017,476,"ENSG00000114251;ENSG00000204104;ENSG00000101109;ENSG00000101384;ENSG00000116106;ENSG00000167034;ENSG00000129474;ENSG00000117707;ENSG00000036828;ENSG00000163513;ENSG00000138136;ENSG00000134363;ENSG00000169379;ENSG00000170873;ENSG00000153936;ENSG00000105976;ENSG00000084733;ENSG00000125812;ENSG00000112175;ENSG00000099250;ENSG00000142867;ENSG00000101752;ENSG00000128602;ENSG00000125878;ENSG00000133816;ENSG00000284862;ENSG00000144824;ENSG00000198626;ENSG00000115170;ENSG00000171346;ENSG00000114315;ENSG00000134245;ENSG00000139174;ENSG00000075711;ENSG00000138802;ENSG00000196924;ENSG00000138685;ENSG00000184292;ENSG00000164066;ENSG00000145147;ENSG00000159184;ENSG00000078246;ENSG00000120063;ENSG00000125686;ENSG00000115904;ENSG00000198836;ENSG00000162998;ENSG00000128714;ENSG00000075275;ENSG00000100644;ENSG00000204256;ENSG00000011114;ENSG00000221823;ENSG00000061676;ENSG00000163093;ENSG00000140807;ENSG00000074054;ENSG00000129437;ENSG00000172817;ENSG00000100014;ENSG00000141519;ENSG00000073712;ENSG00000169641;ENSG00000112715;ENSG00000066933;ENSG00000130702;ENSG00000166167;ENSG00000006451;ENSG00000125398;ENSG00000097007;ENSG00000168214;ENSG00000120868;ENSG00000145536;ENSG00000187498;ENSG00000100714;ENSG00000259207;ENSG00000169018;ENSG00000007168;ENSG00000164741;ENSG00000198793;ENSG00000113580;ENSG00000170549;ENSG00000164305;ENSG00000101311;ENSG00000117139;ENSG00000140682;ENSG00000133703;ENSG00000163539;ENSG00000142875;ENSG00000251493;ENSG00000165322;ENSG00000144339;ENSG00000086598;ENSG00000164930;ENSG00000179528;ENSG00000125266;ENSG00000104290;ENSG00000081479;ENSG00000006059;ENSG00000148943;ENSG00000070367;ENSG00000214513;ENSG00000171791;ENSG00000182197;ENSG00000138795;ENSG00000004399;ENSG00000075223;ENSG00000066468;ENSG00000064195;ENSG00000138448;ENSG00000143878;ENSG00000113196;ENSG00000198561;ENSG00000093000;ENSG00000171243;ENSG00000172819;ENSG00000158955;ENSG00000184634;ENSG00000183943;ENSG00000035403;ENSG00000185920;ENSG00000113070;ENSG00000203883;ENSG00000205213;ENSG00000079482;ENSG00000150093;ENSG00000125780;ENSG00000150893;ENSG00000129514;ENSG00000173402"
"GO","GOBP_SKELETAL_SYSTEM_DEVELOPMENT",6.50320674669873e-05,0.00321457781668933,0.538434096309916,-0.299879112414688,-1.47634350052932,496,"ENSG00000082293;ENSG00000153162;ENSG00000114251;ENSG00000113389;ENSG00000104635;ENSG00000130287;ENSG00000179295;ENSG00000152785;ENSG00000116704;ENSG00000163513;ENSG00000081237;ENSG00000134363;ENSG00000156150;ENSG00000173068;ENSG00000172071;ENSG00000132196;ENSG00000145545;ENSG00000102678;ENSG00000101096;ENSG00000116678;ENSG00000144320;ENSG00000166224;ENSG00000151348;ENSG00000115844;ENSG00000112175;ENSG00000196092;ENSG00000156466;ENSG00000125878;ENSG00000162769;ENSG00000253293;ENSG00000116285;ENSG00000038427;ENSG00000112414;ENSG00000156103;ENSG00000118523;ENSG00000134245;ENSG00000075711;ENSG00000181965;ENSG00000138685;ENSG00000139687;ENSG00000167522;ENSG00000150347;ENSG00000266524;ENSG00000078246;ENSG00000176624;ENSG00000162998;ENSG00000128714;ENSG00000084073;ENSG00000148516;ENSG00000120451;ENSG00000145192;ENSG00000100644;ENSG00000086300;ENSG00000156427;ENSG00000120659;ENSG00000177103;ENSG00000107798;ENSG00000170776;ENSG00000171316;ENSG00000155850;ENSG00000114378;ENSG00000112715;ENSG00000163785;ENSG00000131873;ENSG00000184305;ENSG00000187676;ENSG00000130702;ENSG00000113594;ENSG00000158859;ENSG00000102174;ENSG00000136110;ENSG00000107779;ENSG00000180228;ENSG00000125398;ENSG00000138386;ENSG00000101665;ENSG00000143797;ENSG00000090863;ENSG00000174600;ENSG00000100714;ENSG00000104331;ENSG00000012174;ENSG00000007168;ENSG00000115966;ENSG00000164190;ENSG00000120332;ENSG00000164946;ENSG00000183688;ENSG00000182158;ENSG00000121989;ENSG00000113658;ENSG00000166147;ENSG00000137770;ENSG00000120708;ENSG00000116539;ENSG00000172007;ENSG00000157557;ENSG00000168283;ENSG00000182197;ENSG00000172845;ENSG00000066468;ENSG00000064195;ENSG00000127418;ENSG00000114739;ENSG00000113196;ENSG00000107679;ENSG00000172819;ENSG00000179111;ENSG00000173253;ENSG00000158955;ENSG00000116985;ENSG00000055917;ENSG00000204217;ENSG00000184634;ENSG00000187764;ENSG00000108984;ENSG00000100815;ENSG00000134253;ENSG00000163659;ENSG00000182492;ENSG00000011258;ENSG00000162607;ENSG00000173402;ENSG00000171522;ENSG00000177189;ENSG00000159167;ENSG00000175387;ENSG00000140092;ENSG00000107372;ENSG00000095209;ENSG00000166949;ENSG00000129757;ENSG00000163273;ENSG00000184675;ENSG00000109685;ENSG00000105855;ENSG00000102575;ENSG00000157933;ENSG00000183682;ENSG00000132692;ENSG00000114742;ENSG00000112559;ENSG00000053254;ENSG00000181652;ENSG00000197461;ENSG00000141627;ENSG00000112210;ENSG00000260027;ENSG00000134323;ENSG00000277893;ENSG00000134532;ENSG00000138801;ENSG00000070614;ENSG00000157796;ENSG00000182704;ENSG00000137573;ENSG00000112062;ENSG00000164761;ENSG00000162337"
"GO","GOBP_LEUKOCYTE_ADHESION_TO_VASCULAR_ENDOTHELIAL_CELL",7.03002812722612e-05,0.00342498924299103,0.538434096309916,-0.582011885751026,-2.023887877935,42,"ENSG00000116106;ENSG00000175893;ENSG00000134954;ENSG00000154721;ENSG00000187210;ENSG00000113384;ENSG00000151882;ENSG00000188404;ENSG00000067900;ENSG00000175040;ENSG00000172461;ENSG00000102908;ENSG00000115232;ENSG00000125266;ENSG00000139626;ENSG00000138821;ENSG00000182197"
"GO","GOBP_NEURON_RECOGNITION",6.99059917962642e-05,0.00342498924299103,0.538434096309916,-0.564712973556836,-2.02206341819754,49,"ENSG00000145242;ENSG00000174469;ENSG00000146072;ENSG00000116106;ENSG00000099250;ENSG00000154654;ENSG00000176749;ENSG00000183715;ENSG00000170571;ENSG00000144619;ENSG00000162614;ENSG00000177103;ENSG00000153266;ENSG00000091129;ENSG00000112902;ENSG00000129116;ENSG00000120332;ENSG00000164305;ENSG00000185008;ENSG00000169855;ENSG00000142192;ENSG00000164924;ENSG00000182197;ENSG00000004399;ENSG00000156642;ENSG00000118432;ENSG00000184349;ENSG00000160007"
"GO","GOBP_NEURON_PROJECTION_GUIDANCE",7.09203067369137e-05,0.00343051655158843,0.538434096309916,-0.352154422656853,-1.61225749301456,232,"ENSG00000145242;ENSG00000160145;ENSG00000114251;ENSG00000107731;ENSG00000116106;ENSG00000010810;ENSG00000092421;ENSG00000143590;ENSG00000138623;ENSG00000107187;ENSG00000156687;ENSG00000148357;ENSG00000144857;ENSG00000099250;ENSG00000128602;ENSG00000117407;ENSG00000118263;ENSG00000176749;ENSG00000163697;ENSG00000018236;ENSG00000170571;ENSG00000145147;ENSG00000144619;ENSG00000162614;ENSG00000115904;ENSG00000021645;ENSG00000163531;ENSG00000139116;ENSG00000177103;ENSG00000168280;ENSG00000153266;ENSG00000091129;ENSG00000133026;ENSG00000184613;ENSG00000112902;ENSG00000151490;ENSG00000112715;ENSG00000163785;ENSG00000105711;ENSG00000129116;ENSG00000179915;ENSG00000137872;ENSG00000221866;ENSG00000120729;ENSG00000149294;ENSG00000067141;ENSG00000170759;ENSG00000100784;ENSG00000185008;ENSG00000169855;ENSG00000251493;ENSG00000038382;ENSG00000099204;ENSG00000125266;ENSG00000104290;ENSG00000149557;ENSG00000142192;ENSG00000182197;ENSG00000170017;ENSG00000075223;ENSG00000156642;ENSG00000273749;ENSG00000118257;ENSG00000171055;ENSG00000204217;ENSG00000187764;ENSG00000132561;ENSG00000185920;ENSG00000079482;ENSG00000173402;ENSG00000077254;ENSG00000162068;ENSG00000169398;ENSG00000006468;ENSG00000075213;ENSG00000155980;ENSG00000167680;ENSG00000184349;ENSG00000160007;ENSG00000165533;ENSG00000153993;ENSG00000104967;ENSG00000005810;ENSG00000196569"
"GO","GOMF_PHOSPHATASE_ACTIVITY",7.21240700116737e-05,0.00346400143346847,0.538434096309916,-0.339854368856009,-1.57900906909209,269,"ENSG00000143507;ENSG00000170525;ENSG00000163629;ENSG00000167065;ENSG00000003987;ENSG00000164879;ENSG00000064655;ENSG00000116675;ENSG00000117600;ENSG00000179295;ENSG00000081237;ENSG00000152894;ENSG00000040933;ENSG00000106278;ENSG00000081377;ENSG00000154845;ENSG00000158161;ENSG00000112679;ENSG00000102043;ENSG00000126821;ENSG00000111696;ENSG00000075711;ENSG00000084112;ENSG00000196850;ENSG00000188542;ENSG00000163590;ENSG00000088179;ENSG00000221823;ENSG00000078269;ENSG00000196090;ENSG00000122643;ENSG00000068383;ENSG00000204179;ENSG00000108389;ENSG00000119938;ENSG00000151490;ENSG00000153707;ENSG00000122126;ENSG00000144362;ENSG00000110536;ENSG00000103381;ENSG00000087053;ENSG00000040199;ENSG00000063601;ENSG00000163082;ENSG00000206527;ENSG00000178425;ENSG00000152254;ENSG00000133731;ENSG00000104331;ENSG00000138032;ENSG00000120875;ENSG00000105426;ENSG00000173281;ENSG00000148123;ENSG00000137770;ENSG00000136205;ENSG00000159082;ENSG00000163399;ENSG00000132670;ENSG00000107789;ENSG00000155099;ENSG00000148660;ENSG00000144130;ENSG00000164951;ENSG00000186298;ENSG00000197386;ENSG00000196396;ENSG00000174606;ENSG00000211456;ENSG00000109452;ENSG00000129951;ENSG00000175215;ENSG00000138166;ENSG00000135318;ENSG00000155893;ENSG00000198825;ENSG00000197594;ENSG00000169398;ENSG00000111880;ENSG00000143727;ENSG00000115020;ENSG00000102575;ENSG00000138814;ENSG00000184545;ENSG00000153233;ENSG00000164086;ENSG00000127947;ENSG00000112425;ENSG00000145293;ENSG00000213639;ENSG00000081913;ENSG00000144724;ENSG00000170191;ENSG00000139505;ENSG00000120910;ENSG00000170836;ENSG00000119414;ENSG00000241360"
"GO","GOCC_PROTON_TRANSPORTING_ATP_SYNTHASE_COMPLEX",7.48994247897001e-05,0.0035223535046934,0.538434096309916,0.696343638150436,2.04294853172535,22,"ENSG00000154723;ENSG00000125375;ENSG00000099624;ENSG00000124172;ENSG00000135390;ENSG00000169020;ENSG00000249222;ENSG00000241837;ENSG00000156411;ENSG00000159199;ENSG00000167863;ENSG00000241468"
"GO","GOBP_CARDIAC_SEPTUM_DEVELOPMENT",7.44288276128613e-05,0.0035223535046934,0.538434096309916,-0.447927511949577,-1.84025845333477,103,"ENSG00000124766;ENSG00000114251;ENSG00000101384;ENSG00000117707;ENSG00000163513;ENSG00000164683;ENSG00000112175;ENSG00000099250;ENSG00000128602;ENSG00000115170;ENSG00000114315;ENSG00000145147;ENSG00000163909;ENSG00000049192;ENSG00000092148;ENSG00000133026;ENSG00000171316;ENSG00000069702;ENSG00000161021;ENSG00000169641;ENSG00000198081;ENSG00000107779;ENSG00000151748;ENSG00000168214;ENSG00000163703;ENSG00000101665;ENSG00000185008;ENSG00000169855;ENSG00000081479;ENSG00000004399;ENSG00000075223;ENSG00000066468;ENSG00000127418;ENSG00000118257;ENSG00000113196;ENSG00000204217;ENSG00000100815;ENSG00000057657;ENSG00000157240;ENSG00000135766;ENSG00000135547;ENSG00000109685"
"GO","GOBP_ORGAN_GROWTH",7.47161101654762e-05,0.0035223535046934,0.538434096309916,-0.385503943982011,-1.69003704561925,162,"ENSG00000104432;ENSG00000117152;ENSG00000101109;ENSG00000117707;ENSG00000150457;ENSG00000179295;ENSG00000163513;ENSG00000173068;ENSG00000189079;ENSG00000102678;ENSG00000116678;ENSG00000082482;ENSG00000128602;ENSG00000162769;ENSG00000114062;ENSG00000157168;ENSG00000138685;ENSG00000084073;ENSG00000047644;ENSG00000108576;ENSG00000144560;ENSG00000069702;ENSG00000107779;ENSG00000143194;ENSG00000151748;ENSG00000125398;ENSG00000097007;ENSG00000168214;ENSG00000113645;ENSG00000115966;ENSG00000131023;ENSG00000133703;ENSG00000137770;ENSG00000171791;ENSG00000182197;ENSG00000066468;ENSG00000114739;ENSG00000172819;ENSG00000100811;ENSG00000136630;ENSG00000186951;ENSG00000153094;ENSG00000111087;ENSG00000108946;ENSG00000154174;ENSG00000146938;ENSG00000159167;ENSG00000175387;ENSG00000140092;ENSG00000078579;ENSG00000095209;ENSG00000154556;ENSG00000104375;ENSG00000163273;ENSG00000135547;ENSG00000181744;ENSG00000076555;ENSG00000157933;ENSG00000060138;ENSG00000163110;ENSG00000175097;ENSG00000182704;ENSG00000149256;ENSG00000112062"
"GO","GOBP_CONNECTIVE_TISSUE_DEVELOPMENT",7.55524225593201e-05,0.00352855865911528,0.538434096309916,-0.330262207678228,-1.54807851596279,293,"ENSG00000153162;ENSG00000114251;ENSG00000104635;ENSG00000075391;ENSG00000036828;ENSG00000179295;ENSG00000152785;ENSG00000163513;ENSG00000172071;ENSG00000102678;ENSG00000101096;ENSG00000144320;ENSG00000096717;ENSG00000115844;ENSG00000112175;ENSG00000156466;ENSG00000116285;ENSG00000118263;ENSG00000112414;ENSG00000118523;ENSG00000185305;ENSG00000134245;ENSG00000138685;ENSG00000143365;ENSG00000139687;ENSG00000150347;ENSG00000100311;ENSG00000176624;ENSG00000162998;ENSG00000084073;ENSG00000148516;ENSG00000120451;ENSG00000100644;ENSG00000156427;ENSG00000100596;ENSG00000107798;ENSG00000155850;ENSG00000114378;ENSG00000131873;ENSG00000136110;ENSG00000132356;ENSG00000107779;ENSG00000066336;ENSG00000125398;ENSG00000101665;ENSG00000134240;ENSG00000143797;ENSG00000105835;ENSG00000090863;ENSG00000003402;ENSG00000133104;ENSG00000259207;ENSG00000104331;ENSG00000115966;ENSG00000137642;ENSG00000183688;ENSG00000182158;ENSG00000113658;ENSG00000251493;ENSG00000137770;ENSG00000143799;ENSG00000120708;ENSG00000182197;ENSG00000084676;ENSG00000114739;ENSG00000113196;ENSG00000140396;ENSG00000172819;ENSG00000116985;ENSG00000055917;ENSG00000170962;ENSG00000204217;ENSG00000100815;ENSG00000182492;ENSG00000129514;ENSG00000173402;ENSG00000140718;ENSG00000159167;ENSG00000101493;ENSG00000166949;ENSG00000163273;ENSG00000184675;ENSG00000105855;ENSG00000139269;ENSG00000183682;ENSG00000157212;ENSG00000158290;ENSG00000197461;ENSG00000100219;ENSG00000171509;ENSG00000134323;ENSG00000134532;ENSG00000174059;ENSG00000198087;ENSG00000182704;ENSG00000177565;ENSG00000137573;ENSG00000112062;ENSG00000162337;ENSG00000139567;ENSG00000151615;ENSG00000147689;ENSG00000132549;ENSG00000164040;ENSG00000113369;ENSG00000138381;ENSG00000106799;ENSG00000083720;ENSG00000113083;ENSG00000132031;ENSG00000168036;ENSG00000134013"
"GO","GOBP_PROTEIN_LOCALIZATION_TO_MEMBRANE",7.69041511238417e-05,0.00356708843431956,0.538434096309916,-0.299690518834661,-1.46237991010307,450,"ENSG00000166598;ENSG00000109756;ENSG00000184307;ENSG00000145675;ENSG00000131626;ENSG00000117280;ENSG00000166402;ENSG00000137145;ENSG00000162852;ENSG00000122591;ENSG00000154096;ENSG00000010810;ENSG00000117228;ENSG00000183454;ENSG00000170558;ENSG00000121871;ENSG00000169379;ENSG00000166128;ENSG00000175497;ENSG00000017260;ENSG00000108219;ENSG00000198743;ENSG00000084733;ENSG00000165527;ENSG00000113569;ENSG00000169032;ENSG00000158445;ENSG00000097033;ENSG00000138760;ENSG00000116285;ENSG00000165997;ENSG00000134318;ENSG00000113384;ENSG00000143398;ENSG00000185482;ENSG00000104219;ENSG00000075711;ENSG00000084112;ENSG00000171867;ENSG00000196924;ENSG00000170385;ENSG00000155744;ENSG00000123983;ENSG00000157500;ENSG00000183098;ENSG00000277161;ENSG00000168461;ENSG00000260230;ENSG00000124313;ENSG00000067900;ENSG00000127603;ENSG00000130203;ENSG00000060237;ENSG00000120756;ENSG00000163558;ENSG00000013016;ENSG00000171208;ENSG00000158987;ENSG00000147533;ENSG00000073712;ENSG00000100934;ENSG00000082397;ENSG00000084710;ENSG00000197535;ENSG00000125149;ENSG00000079950;ENSG00000137845;ENSG00000130702;ENSG00000132356;ENSG00000138078;ENSG00000116171;ENSG00000182674;ENSG00000163681;ENSG00000179915;ENSG00000165985;ENSG00000106484;ENSG00000184811;ENSG00000115232;ENSG00000076716;ENSG00000170759;ENSG00000137710;ENSG00000113966;ENSG00000166257;ENSG00000173163;ENSG00000140254;ENSG00000073921;ENSG00000137642;ENSG00000272398;ENSG00000125304;ENSG00000120992;ENSG00000081277;ENSG00000151025;ENSG00000166415;ENSG00000175582;ENSG00000135968;ENSG00000130226;ENSG00000067606;ENSG00000166900;ENSG00000070018;ENSG00000086598;ENSG00000196632;ENSG00000139626;ENSG00000141367;ENSG00000157978;ENSG00000070367;ENSG00000128594;ENSG00000157107;ENSG00000099942;ENSG00000143457;ENSG00000066027;ENSG00000057294;ENSG00000148660;ENSG00000109738;ENSG00000101337;ENSG00000058668;ENSG00000185920;ENSG00000168785;ENSG00000211456;ENSG00000077147;ENSG00000150093;ENSG00000179841;ENSG00000173402;ENSG00000198742;ENSG00000049245;ENSG00000147162;ENSG00000150672;ENSG00000162980"
"GO","GOBP_ENTEROENDOCRINE_CELL_DIFFERENTIATION",8.38822681363739e-05,0.00386429061101717,0.538434096309916,-0.623662966544053,-2.04573562732319,33,"ENSG00000153162;ENSG00000114251;ENSG00000170558;ENSG00000162992;ENSG00000133794;ENSG00000112175;ENSG00000128602;ENSG00000114315;ENSG00000185002;ENSG00000139352;ENSG00000173404;ENSG00000134852"
"GO","GOBP_RNA_LOCALIZATION",8.64799787988028e-05,0.0039570433542263,0.538434096309916,-0.358713867271378,-1.62175848571683,208,"ENSG00000107164;ENSG00000051596;ENSG00000078328;ENSG00000144736;ENSG00000145414;ENSG00000163513;ENSG00000124789;ENSG00000113569;ENSG00000181555;ENSG00000037474;ENSG00000111224;ENSG00000013364;ENSG00000155561;ENSG00000069248;ENSG00000139496;ENSG00000030066;ENSG00000108424;ENSG00000153207;ENSG00000138757;ENSG00000060237;ENSG00000124214;ENSG00000168280;ENSG00000040341;ENSG00000184575;ENSG00000163904;ENSG00000151746;ENSG00000108559;ENSG00000174953;ENSG00000136937;ENSG00000095319;ENSG00000175054;ENSG00000205578;ENSG00000119720;ENSG00000136231;ENSG00000135387;ENSG00000125676;ENSG00000102081;ENSG00000172795;ENSG00000163002;ENSG00000185963;ENSG00000153201;ENSG00000122068;ENSG00000198576;ENSG00000148584;ENSG00000093000;ENSG00000100811;ENSG00000055917;ENSG00000173273;ENSG00000116698;ENSG00000157106;ENSG00000173744;ENSG00000047621;ENSG00000151461;ENSG00000149311;ENSG00000242265;ENSG00000184863;ENSG00000110713;ENSG00000196313;ENSG00000138095;ENSG00000083896;ENSG00000058673;ENSG00000136450;ENSG00000126226;ENSG00000132182"
"GO","GOBP_VASCULAR_TRANSPORT",8.90209835913158e-05,0.00404597383141202,0.538434096309916,-0.466175408935525,-1.85615685556309,85,"ENSG00000103222;ENSG00000137491;ENSG00000139514;ENSG00000198743;ENSG00000116678;ENSG00000125257;ENSG00000168389;ENSG00000003989;ENSG00000085563;ENSG00000131389;ENSG00000050438;ENSG00000023839;ENSG00000130203;ENSG00000114770;ENSG00000070214;ENSG00000072274;ENSG00000134294;ENSG00000103257;ENSG00000118596;ENSG00000147100;ENSG00000151229;ENSG00000081479;ENSG00000158296;ENSG00000064651;ENSG00000058668;ENSG00000110436;ENSG00000163406;ENSG00000092068;ENSG00000124406;ENSG00000197106;ENSG00000166148;ENSG00000105281;ENSG00000017483;ENSG00000138074;ENSG00000165349;ENSG00000197375;ENSG00000080493;ENSG00000117394"
"GO","GOBP_VASCULAR_PROCESS_IN_CIRCULATORY_SYSTEM",9.10258715095742e-05,0.00410951467908558,0.538434096309916,-0.344068467609554,-1.58982166113373,255,"ENSG00000145050;ENSG00000103222;ENSG00000153162;ENSG00000114166;ENSG00000137491;ENSG00000175893;ENSG00000109458;ENSG00000036828;ENSG00000179295;ENSG00000001084;ENSG00000170214;ENSG00000139514;ENSG00000004468;ENSG00000198743;ENSG00000116678;ENSG00000151348;ENSG00000125257;ENSG00000169032;ENSG00000168389;ENSG00000134318;ENSG00000003989;ENSG00000145147;ENSG00000085563;ENSG00000131389;ENSG00000050438;ENSG00000171560;ENSG00000067900;ENSG00000108576;ENSG00000011405;ENSG00000023839;ENSG00000130203;ENSG00000114770;ENSG00000073712;ENSG00000023909;ENSG00000112715;ENSG00000176105;ENSG00000070214;ENSG00000181104;ENSG00000072274;ENSG00000070961;ENSG00000132356;ENSG00000097007;ENSG00000130037;ENSG00000186716;ENSG00000115232;ENSG00000134294;ENSG00000103257;ENSG00000128512;ENSG00000118596;ENSG00000147100;ENSG00000148700;ENSG00000144891;ENSG00000198535;ENSG00000104164;ENSG00000151229;ENSG00000081479;ENSG00000104067;ENSG00000182197;ENSG00000158296;ENSG00000163794;ENSG00000204217;ENSG00000064651;ENSG00000058668;ENSG00000150093;ENSG00000110436;ENSG00000163406;ENSG00000164116;ENSG00000183023;ENSG00000092068;ENSG00000124406;ENSG00000156113;ENSG00000163273;ENSG00000075073;ENSG00000160007;ENSG00000197106;ENSG00000261371;ENSG00000166148;ENSG00000105281;ENSG00000017483;ENSG00000169252;ENSG00000138074;ENSG00000165349"
"GO","GOBP_TISSUE_HOMEOSTASIS",9.45381256436502e-05,0.00423981580701191,0.538434096309916,-0.348036171304692,-1.61074072093473,258,"ENSG00000103222;ENSG00000104432;ENSG00000167065;ENSG00000141655;ENSG00000139323;ENSG00000166402;ENSG00000239732;ENSG00000166603;ENSG00000154721;ENSG00000111846;ENSG00000179295;ENSG00000198947;ENSG00000162992;ENSG00000135338;ENSG00000062038;ENSG00000004468;ENSG00000154639;ENSG00000128602;ENSG00000116285;ENSG00000168389;ENSG00000118523;ENSG00000109572;ENSG00000204120;ENSG00000164244;ENSG00000139174;ENSG00000163697;ENSG00000278540;ENSG00000139687;ENSG00000166086;ENSG00000157224;ENSG00000086300;ENSG00000130045;ENSG00000118058;ENSG00000198648;ENSG00000120659;ENSG00000118503;ENSG00000139988;ENSG00000197372;ENSG00000107798;ENSG00000117020;ENSG00000112715;ENSG00000004799;ENSG00000181104;ENSG00000123552;ENSG00000125398;ENSG00000196712;ENSG00000259207;ENSG00000180694;ENSG00000164946;ENSG00000133703;ENSG00000107736;ENSG00000018408;ENSG00000225830;ENSG00000179941;ENSG00000196632;ENSG00000174564;ENSG00000138821;ENSG00000104067;ENSG00000171791;ENSG00000182197;ENSG00000152223;ENSG00000154229;ENSG00000164326;ENSG00000064651;ENSG00000078725;ENSG00000035403;ENSG00000150093;ENSG00000150893;ENSG00000111837;ENSG00000119401;ENSG00000188613;ENSG00000135318;ENSG00000173226;ENSG00000016402;ENSG00000105514;ENSG00000164199;ENSG00000102575;ENSG00000261371;ENSG00000138759;ENSG00000196569;ENSG00000132383;ENSG00000077585;ENSG00000169252;ENSG00000182372;ENSG00000135862;ENSG00000143952;ENSG00000197375;ENSG00000174059;ENSG00000198087"
"GO","GOBP_REGULATION_OF_PROTEIN_TRANSPORT",9.60841417121775e-05,0.00428080136628201,0.538434096309916,-0.305642446500337,-1.48180730890506,416,"ENSG00000145242;ENSG00000124766;ENSG00000153162;ENSG00000134109;ENSG00000173175;ENSG00000145675;ENSG00000117280;ENSG00000162852;ENSG00000272636;ENSG00000001630;ENSG00000036828;ENSG00000179295;ENSG00000096968;ENSG00000113161;ENSG00000162992;ENSG00000116729;ENSG00000017260;ENSG00000136573;ENSG00000004468;ENSG00000168615;ENSG00000134352;ENSG00000198833;ENSG00000165527;ENSG00000133794;ENSG00000123612;ENSG00000128602;ENSG00000158445;ENSG00000007171;ENSG00000118263;ENSG00000164151;ENSG00000113384;ENSG00000185002;ENSG00000150907;ENSG00000104219;ENSG00000152332;ENSG00000138802;ENSG00000139496;ENSG00000196924;ENSG00000147164;ENSG00000123983;ENSG00000135631;ENSG00000150961;ENSG00000134852;ENSG00000064115;ENSG00000171560;ENSG00000132953;ENSG00000100644;ENSG00000169047;ENSG00000130203;ENSG00000170348;ENSG00000149295;ENSG00000120341;ENSG00000166913;ENSG00000110090;ENSG00000133026;ENSG00000187446;ENSG00000143450;ENSG00000181104;ENSG00000166579;ENSG00000134321;ENSG00000128266;ENSG00000130037;ENSG00000082701;ENSG00000068366;ENSG00000067141;ENSG00000196968;ENSG00000196712;ENSG00000152254;ENSG00000182107;ENSG00000173163;ENSG00000164402;ENSG00000198168;ENSG00000011347;ENSG00000137642;ENSG00000120992;ENSG00000101311;ENSG00000065150;ENSG00000142875;ENSG00000089060;ENSG00000135968;ENSG00000137770;ENSG00000126266;ENSG00000163032;ENSG00000087470;ENSG00000112739;ENSG00000114346;ENSG00000142192;ENSG00000091428;ENSG00000104517;ENSG00000104321;ENSG00000109255;ENSG00000149547;ENSG00000110723;ENSG00000100393;ENSG00000154229;ENSG00000143457;ENSG00000172728;ENSG00000138674;ENSG00000164326;ENSG00000064651;ENSG00000165219;ENSG00000120686;ENSG00000164756;ENSG00000101337;ENSG00000166263;ENSG00000196396;ENSG00000171033;ENSG00000179841;ENSG00000167332;ENSG00000079332;ENSG00000080298;ENSG00000166949;ENSG00000172375;ENSG00000006740;ENSG00000184349;ENSG00000136167;ENSG00000120948;ENSG00000156026;ENSG00000113811;ENSG00000072849;ENSG00000183682;ENSG00000009694;ENSG00000170837;ENSG00000184304;ENSG00000112210;ENSG00000100219;ENSG00000112425;ENSG00000103769;ENSG00000113615;ENSG00000077458;ENSG00000081760;ENSG00000008196;ENSG00000198087;ENSG00000112062;ENSG00000162337;ENSG00000156675;ENSG00000151012;ENSG00000157782;ENSG00000068912;ENSG00000164144;ENSG00000107882;ENSG00000198707;ENSG00000138376;ENSG00000112697;ENSG00000257315;ENSG00000163932;ENSG00000110048;ENSG00000136802;ENSG00000117385;ENSG00000083720;ENSG00000184787;ENSG00000123836;ENSG00000039068"
"GO","GOBP_GLYCEROLIPID_BIOSYNTHETIC_PROCESS",9.67756443432505e-05,0.00428342917315354,0.538434096309916,-0.350405427022522,-1.60622932409047,237,"ENSG00000003987;ENSG00000145675;ENSG00000122591;ENSG00000129474;ENSG00000204385;ENSG00000040933;ENSG00000058866;ENSG00000129353;ENSG00000096717;ENSG00000174227;ENSG00000097033;ENSG00000153933;ENSG00000100344;ENSG00000168389;ENSG00000143398;ENSG00000155744;ENSG00000123983;ENSG00000070748;ENSG00000011198;ENSG00000155189;ENSG00000100311;ENSG00000161217;ENSG00000150867;ENSG00000111684;ENSG00000277161;ENSG00000157680;ENSG00000011405;ENSG00000165195;ENSG00000102230;ENSG00000078269;ENSG00000138018;ENSG00000108389;ENSG00000138193;ENSG00000038210;ENSG00000196455;ENSG00000084710;ENSG00000198382;ENSG00000163586;ENSG00000122126;ENSG00000070214;ENSG00000110536;ENSG00000119927;ENSG00000087053;ENSG00000145740;ENSG00000116171;ENSG00000186111;ENSG00000139921;ENSG00000197601;ENSG00000063601;ENSG00000133056;ENSG00000133731;ENSG00000104331;ENSG00000198814;ENSG00000123684;ENSG00000139144;ENSG00000162909;ENSG00000085719;ENSG00000159082;ENSG00000143315;ENSG00000188313;ENSG00000078142;ENSG00000130164;ENSG00000205423;ENSG00000088766;ENSG00000126775;ENSG00000101290;ENSG00000157106;ENSG00000211456;ENSG00000109452;ENSG00000158201;ENSG00000198825;ENSG00000060642;ENSG00000197943;ENSG00000100884;ENSG00000149311;ENSG00000075651;ENSG00000197121;ENSG00000161905;ENSG00000115020"
"GO","GOBP_PROTEIN_DEGLYCOSYLATION",0.000106540670041335,0.00459549947464918,0.538434096309916,-0.738685175514026,-2.05120036357299,17,"ENSG00000134109;ENSG00000111885;ENSG00000102595;ENSG00000239305;ENSG00000136731;ENSG00000116406;ENSG00000204977;ENSG00000145495"
"GO","GOBP_ER_OVERLOAD_RESPONSE",0.000105320907998814,0.00459549947464918,0.538434096309916,-0.819890089796882,-2.02924655277391,11,"ENSG00000044574;ENSG00000172071;ENSG00000158615;ENSG00000082701;ENSG00000108588;ENSG00000175197"
"GO","GOCC_UBIQUITIN_LIGASE_COMPLEX",0.000105992989294224,0.00459549947464918,0.538434096309916,-0.305318987912349,-1.47364855610044,391,"ENSG00000051108;ENSG00000165192;ENSG00000119771;ENSG00000071537;ENSG00000164616;ENSG00000176407;ENSG00000154124;ENSG00000180628;ENSG00000186231;ENSG00000163602;ENSG00000183475;ENSG00000178502;ENSG00000123091;ENSG00000144357;ENSG00000072803;ENSG00000198833;ENSG00000239474;ENSG00000153561;ENSG00000089234;ENSG00000135686;ENSG00000115827;ENSG00000170775;ENSG00000198642;ENSG00000145868;ENSG00000185915;ENSG00000162378;ENSG00000127334;ENSG00000145604;ENSG00000065802;ENSG00000167196;ENSG00000131323;ENSG00000114796;ENSG00000143756;ENSG00000197361;ENSG00000001629;ENSG00000174197;ENSG00000153832;ENSG00000139618;ENSG00000141034;ENSG00000043093;ENSG00000135108;ENSG00000153107;ENSG00000130449;ENSG00000198176;ENSG00000166167;ENSG00000128607;ENSG00000197579;ENSG00000010017;ENSG00000185619;ENSG00000116679;ENSG00000147912;ENSG00000110429;ENSG00000213160;ENSG00000274211;ENSG00000163376;ENSG00000173163;ENSG00000169018;ENSG00000147364;ENSG00000159459;ENSG00000145332;ENSG00000166266;ENSG00000261609;ENSG00000165355;ENSG00000145743;ENSG00000005812;ENSG00000214050;ENSG00000119402;ENSG00000110906;ENSG00000110344;ENSG00000168283;ENSG00000085185;ENSG00000145495;ENSG00000070770;ENSG00000124743;ENSG00000077721;ENSG00000111530;ENSG00000174010;ENSG00000146247;ENSG00000012048;ENSG00000162923;ENSG00000184634;ENSG00000188215;ENSG00000224831;ENSG00000164934;ENSG00000127481;ENSG00000197429;ENSG00000109790;ENSG00000164758;ENSG00000170242;ENSG00000151692;ENSG00000109466;ENSG00000077254;ENSG00000102048;ENSG00000036257;ENSG00000034677;ENSG00000130939;ENSG00000112234;ENSG00000004897;ENSG00000198373;ENSG00000198876;ENSG00000122741;ENSG00000136485;ENSG00000165280;ENSG00000127585;ENSG00000101266;ENSG00000105879;ENSG00000145041;ENSG00000158290;ENSG00000005810;ENSG00000146373;ENSG00000173889;ENSG00000121067;ENSG00000108854;ENSG00000144228;ENSG00000137414;ENSG00000024048;ENSG00000121481;ENSG00000152944;ENSG00000118496;ENSG00000049167;ENSG00000167977;ENSG00000069869;ENSG00000013561;ENSG00000094880;ENSG00000162415;ENSG00000158019;ENSG00000197705;ENSG00000150401;ENSG00000177889;ENSG00000164287;ENSG00000187555;ENSG00000138376;ENSG00000150361"
"GO","GOBP_VESICLE_ORGANIZATION",0.000104619645791827,0.00459549947464918,0.538434096309916,-0.304783531319224,-1.47351063980422,399,"ENSG00000197959;ENSG00000139323;ENSG00000117280;ENSG00000272636;ENSG00000177752;ENSG00000143858;ENSG00000124164;ENSG00000179331;ENSG00000165029;ENSG00000145920;ENSG00000155975;ENSG00000156875;ENSG00000231991;ENSG00000115827;ENSG00000039600;ENSG00000138760;ENSG00000104133;ENSG00000109572;ENSG00000113384;ENSG00000147894;ENSG00000104219;ENSG00000134108;ENSG00000102189;ENSG00000138802;ENSG00000136051;ENSG00000165972;ENSG00000132842;ENSG00000150961;ENSG00000124198;ENSG00000128596;ENSG00000168952;ENSG00000180233;ENSG00000178301;ENSG00000150867;ENSG00000120451;ENSG00000124209;ENSG00000086300;ENSG00000137942;ENSG00000135919;ENSG00000130203;ENSG00000136874;ENSG00000170348;ENSG00000170743;ENSG00000163558;ENSG00000138246;ENSG00000138768;ENSG00000129515;ENSG00000100934;ENSG00000038210;ENSG00000155097;ENSG00000136449;ENSG00000198382;ENSG00000114573;ENSG00000163586;ENSG00000079950;ENSG00000181104;ENSG00000134709;ENSG00000125875;ENSG00000118260;ENSG00000019505;ENSG00000185722;ENSG00000154305;ENSG00000089169;ENSG00000138592;ENSG00000164961;ENSG00000184811;ENSG00000153339;ENSG00000182287;ENSG00000189195;ENSG00000039319;ENSG00000255112;ENSG00000185009;ENSG00000164402;ENSG00000007168;ENSG00000028839;ENSG00000011347;ENSG00000073921;ENSG00000134243;ENSG00000143669;ENSG00000180776;ENSG00000213023;ENSG00000110756;ENSG00000166900;ENSG00000119396;ENSG00000086598;ENSG00000104164;ENSG00000176170;ENSG00000159082;ENSG00000085832;ENSG00000119541;ENSG00000006715;ENSG00000070718;ENSG00000157601;ENSG00000171791;ENSG00000256060;ENSG00000167987;ENSG00000078142;ENSG00000160218;ENSG00000143457;ENSG00000138674;ENSG00000144747;ENSG00000111450;ENSG00000170248;ENSG00000127481;ENSG00000205413;ENSG00000180509;ENSG00000173744;ENSG00000105186;ENSG00000049245;ENSG00000108587;ENSG00000188428;ENSG00000166747;ENSG00000036257;ENSG00000079332;ENSG00000136888;ENSG00000143418;ENSG00000124222;ENSG00000115020;ENSG00000137812;ENSG00000136738;ENSG00000101310;ENSG00000147416;ENSG00000103769;ENSG00000265808;ENSG00000083937;ENSG00000137177;ENSG00000113615;ENSG00000115145;ENSG00000113597;ENSG00000174059;ENSG00000111540;ENSG00000176732;ENSG00000156931;ENSG00000118308;ENSG00000116903;ENSG00000265190;ENSG00000119414;ENSG00000106299;ENSG00000163755;ENSG00000139719;ENSG00000164695;ENSG00000157823;ENSG00000108774;ENSG00000132549;ENSG00000170236;ENSG00000003393;ENSG00000102383;ENSG00000099940"
"GO","GOBP_PROTEIN_DEMANNOSYLATION",0.000109351950040994,0.00467474980198082,0.538434096309916,-0.770745772899734,-2.06732439394473,15,"ENSG00000134109;ENSG00000111885;ENSG00000102595;ENSG00000239305;ENSG00000136731;ENSG00000116406;ENSG00000204977;ENSG00000145495"
"GO","GOBP_SEX_DIFFERENTIATION",0.000109758596945504,0.00467474980198082,0.538434096309916,-0.343416564600677,-1.58454980997732,252,"ENSG00000153162;ENSG00000122756;ENSG00000114251;ENSG00000174948;ENSG00000136492;ENSG00000167034;ENSG00000239732;ENSG00000138769;ENSG00000179295;ENSG00000134363;ENSG00000276644;ENSG00000145545;ENSG00000102678;ENSG00000166224;ENSG00000096717;ENSG00000112175;ENSG00000081051;ENSG00000253293;ENSG00000114062;ENSG00000134245;ENSG00000266412;ENSG00000181965;ENSG00000106144;ENSG00000133835;ENSG00000196924;ENSG00000145147;ENSG00000150347;ENSG00000065802;ENSG00000145685;ENSG00000128714;ENSG00000102531;ENSG00000139618;ENSG00000102230;ENSG00000151422;ENSG00000164292;ENSG00000171316;ENSG00000112715;ENSG00000144580;ENSG00000102384;ENSG00000095002;ENSG00000125875;ENSG00000107779;ENSG00000125398;ENSG00000116133;ENSG00000067646;ENSG00000164190;ENSG00000134698;ENSG00000164305;ENSG00000121989;ENSG00000185008;ENSG00000113658;ENSG00000110395;ENSG00000185551;ENSG00000054267;ENSG00000085224;ENSG00000081479;ENSG00000171791;ENSG00000172216;ENSG00000084676;ENSG00000107679;ENSG00000122641;ENSG00000099942;ENSG00000173253;ENSG00000158955;ENSG00000144747;ENSG00000126733;ENSG00000153094;ENSG00000205213;ENSG00000118689;ENSG00000163659;ENSG00000138413;ENSG00000205981"
"GO","GOBP_COLUMNAR_CUBOIDAL_EPITHELIAL_CELL_DIFFERENTIATION",0.000112600968007014,0.00476583597089688,0.538434096309916,-0.473071967123881,-1.88821977349384,87,"ENSG00000124766;ENSG00000239732;ENSG00000117707;ENSG00000170558;ENSG00000132464;ENSG00000134352;ENSG00000078699;ENSG00000131711;ENSG00000114315;ENSG00000185002;ENSG00000138685;ENSG00000139352;ENSG00000205339;ENSG00000173404;ENSG00000100644;ENSG00000151748;ENSG00000097007;ENSG00000182923;ENSG00000081277;ENSG00000124664;ENSG00000165325;ENSG00000104067;ENSG00000182197;ENSG00000138795;ENSG00000172216;ENSG00000066468;ENSG00000064195;ENSG00000172819;ENSG00000057657;ENSG00000129514;ENSG00000175387;ENSG00000165533;ENSG00000106392"
"GO","GOMF_RRNA_BINDING",0.000115518706001918,0.00485896072698752,0.538434096309916,0.507411080052152,1.88775049118175,69,"ENSG00000105373;ENSG00000166902;ENSG00000197958;ENSG00000125445;ENSG00000198034;ENSG00000174547;ENSG00000231500;ENSG00000161016;ENSG00000170889;ENSG00000163682;ENSG00000130810;ENSG00000089157;ENSG00000096080;ENSG00000142676;ENSG00000214274;ENSG00000239789;ENSG00000101546;ENSG00000110700;ENSG00000179041;ENSG00000132591;ENSG00000145592;ENSG00000122406;ENSG00000135828;ENSG00000083845;ENSG00000242485;ENSG00000163319;ENSG00000129824;ENSG00000099622;ENSG00000197498;ENSG00000142534;ENSG00000198242;ENSG00000125691;ENSG00000117597;ENSG00000149273;ENSG00000122034"
"GO","GOBP_T_CELL_DIFFERENTIATION",0.000118131146133341,0.00493817359021597,0.538434096309916,-0.326966616601328,-1.53291806096602,292,"ENSG00000124766;ENSG00000166888;ENSG00000143507;ENSG00000130584;ENSG00000104432;ENSG00000124126;ENSG00000069667;ENSG00000155760;ENSG00000121210;ENSG00000145675;ENSG00000138378;ENSG00000198018;ENSG00000083799;ENSG00000163513;ENSG00000081237;ENSG00000189079;ENSG00000116678;ENSG00000134352;ENSG00000072736;ENSG00000154447;ENSG00000136518;ENSG00000203710;ENSG00000081059;ENSG00000143365;ENSG00000132842;ENSG00000174405;ENSG00000073861;ENSG00000115904;ENSG00000163939;ENSG00000198836;ENSG00000148516;ENSG00000204256;ENSG00000100485;ENSG00000136504;ENSG00000118058;ENSG00000107798;ENSG00000171316;ENSG00000157764;ENSG00000056586;ENSG00000117586;ENSG00000126804;ENSG00000066336;ENSG00000139613;ENSG00000134321;ENSG00000097007;ENSG00000253729;ENSG00000101665;ENSG00000144840;ENSG00000115966;ENSG00000198793;ENSG00000222028;ENSG00000067606;ENSG00000135047;ENSG00000115604;ENSG00000104312;ENSG00000108175;ENSG00000117335;ENSG00000171150;ENSG00000168283;ENSG00000171791;ENSG00000138795;ENSG00000172845;ENSG00000100393;ENSG00000164136;ENSG00000100811;ENSG00000136630;ENSG00000113360;ENSG00000113303;ENSG00000118689;ENSG00000173473;ENSG00000130024;ENSG00000057657;ENSG00000049618;ENSG00000171522"
"GO","GOBP_LEUKOCYTE_TETHERING_OR_ROLLING",0.000120843834100082,0.00502057941426842,0.538434096309916,-0.664698252936011,-2.02478458299561,24,"ENSG00000154721;ENSG00000187210;ENSG00000113384;ENSG00000151882;ENSG00000188404;ENSG00000067900;ENSG00000175040;ENSG00000172461;ENSG00000115232;ENSG00000139626;ENSG00000182197;ENSG00000150093;ENSG00000196371"
"GO","GOMF_INTEGRIN_BINDING",0.000121970908829916,0.00503650606461092,0.538434096309916,-0.39172777183243,-1.67644982472334,137,"ENSG00000115414;ENSG00000171914;ENSG00000213694;ENSG00000154096;ENSG00000169031;ENSG00000154721;ENSG00000036828;ENSG00000152818;ENSG00000106278;ENSG00000138623;ENSG00000168615;ENSG00000154639;ENSG00000179218;ENSG00000118523;ENSG00000157168;ENSG00000138685;ENSG00000166086;ENSG00000008277;ENSG00000108576;ENSG00000106823;ENSG00000136235;ENSG00000134917;ENSG00000073712;ENSG00000154736;ENSG00000137845;ENSG00000130702;ENSG00000115232;ENSG00000147650;ENSG00000259207;ENSG00000113296;ENSG00000120332;ENSG00000130402;ENSG00000101311;ENSG00000151914;ENSG00000166147;ENSG00000120708;ENSG00000198759;ENSG00000139626;ENSG00000114948;ENSG00000142192;ENSG00000138448;ENSG00000154229;ENSG00000116977;ENSG00000150093;ENSG00000131095;ENSG00000169398;ENSG00000140092;ENSG00000136167;ENSG00000105855"
"GO","GOBP_ENDOCRINE_PANCREAS_DEVELOPMENT",0.000122896021048194,0.00504395063356589,0.518848077743792,-0.570065100933255,-1.98234413361476,42,"ENSG00000124766;ENSG00000153162;ENSG00000114251;ENSG00000170558;ENSG00000162992;ENSG00000172071;ENSG00000133794;ENSG00000112175;ENSG00000128602;ENSG00000114315;ENSG00000185002;ENSG00000173404;ENSG00000134852;ENSG00000125398;ENSG00000082701"
"GO","GOBP_PROTEIN_LOCALIZATION_TO_EXTRACELLULAR_REGION",0.000125390281666824,0.00511531920149237,0.518848077743792,-0.311638685406622,-1.49408405118209,361,"ENSG00000155660;ENSG00000145242;ENSG00000124766;ENSG00000071537;ENSG00000153162;ENSG00000173175;ENSG00000003056;ENSG00000272636;ENSG00000166603;ENSG00000001630;ENSG00000141433;ENSG00000036828;ENSG00000179295;ENSG00000096968;ENSG00000113161;ENSG00000165029;ENSG00000162992;ENSG00000116729;ENSG00000111670;ENSG00000115107;ENSG00000127022;ENSG00000136573;ENSG00000004468;ENSG00000168615;ENSG00000134352;ENSG00000180881;ENSG00000165527;ENSG00000133794;ENSG00000123612;ENSG00000158445;ENSG00000007171;ENSG00000118263;ENSG00000198843;ENSG00000113384;ENSG00000185002;ENSG00000150907;ENSG00000135631;ENSG00000166676;ENSG00000134852;ENSG00000064115;ENSG00000050438;ENSG00000120451;ENSG00000171560;ENSG00000100644;ENSG00000186472;ENSG00000169047;ENSG00000130203;ENSG00000170348;ENSG00000107560;ENSG00000149295;ENSG00000110090;ENSG00000133026;ENSG00000187676;ENSG00000181104;ENSG00000136731;ENSG00000154305;ENSG00000134321;ENSG00000128266;ENSG00000130037;ENSG00000068366;ENSG00000067141;ENSG00000196968;ENSG00000152254;ENSG00000007168;ENSG00000011347;ENSG00000171928;ENSG00000142875;ENSG00000089060;ENSG00000166147;ENSG00000126266;ENSG00000163032;ENSG00000087470;ENSG00000086598;ENSG00000104164;ENSG00000091428;ENSG00000236761;ENSG00000104321;ENSG00000109255;ENSG00000114739;ENSG00000110723;ENSG00000165813;ENSG00000154229;ENSG00000143457;ENSG00000172728;ENSG00000164326;ENSG00000064651;ENSG00000148660;ENSG00000054803;ENSG00000164756;ENSG00000069482;ENSG00000166263;ENSG00000065615;ENSG00000271079;ENSG00000167332;ENSG00000166747;ENSG00000102312;ENSG00000175387;ENSG00000147262;ENSG00000080298;ENSG00000172375;ENSG00000176406;ENSG00000184349;ENSG00000120948;ENSG00000075073;ENSG00000150527"
"GO","GOMF_NUCLEAR_RECEPTOR_BINDING",0.000129305905157462,0.00524347059716369,0.518848077743792,-0.398136402024624,-1.6972558263937,134,"ENSG00000138162;ENSG00000167034;ENSG00000117707;ENSG00000108510;ENSG00000096717;ENSG00000165671;ENSG00000179218;ENSG00000115808;ENSG00000127870;ENSG00000111912;ENSG00000125686;ENSG00000141027;ENSG00000196233;ENSG00000100644;ENSG00000008405;ENSG00000171988;ENSG00000130402;ENSG00000131023;ENSG00000140682;ENSG00000198646;ENSG00000143799;ENSG00000122779;ENSG00000121931;ENSG00000153827;ENSG00000124151;ENSG00000157557;ENSG00000014824;ENSG00000138795;ENSG00000172216;ENSG00000084676;ENSG00000054118;ENSG00000140396;ENSG00000100393;ENSG00000172819;ENSG00000184634;ENSG00000144747;ENSG00000136146;ENSG00000076108;ENSG00000164934;ENSG00000125107;ENSG00000164758;ENSG00000134533;ENSG00000180182;ENSG00000168610;ENSG00000256061;ENSG00000166949;ENSG00000180530;ENSG00000160310;ENSG00000183864;ENSG00000145041;ENSG00000153234;ENSG00000100219;ENSG00000108654;ENSG00000115548;ENSG00000147526;ENSG00000119508;ENSG00000122025;ENSG00000013561;ENSG00000107077"
"GO","GOBP_CARDIAC_SEPTUM_MORPHOGENESIS",0.000137994157838659,0.00556247879097261,0.518848077743792,-0.501715518044567,-1.9097460350596,67,"ENSG00000124766;ENSG00000101384;ENSG00000117707;ENSG00000163513;ENSG00000164683;ENSG00000112175;ENSG00000099250;ENSG00000128602;ENSG00000115170;ENSG00000114315;ENSG00000145147;ENSG00000163909;ENSG00000171316;ENSG00000069702;ENSG00000107779;ENSG00000151748;ENSG00000168214;ENSG00000101665;ENSG00000185008;ENSG00000169855;ENSG00000081479;ENSG00000075223;ENSG00000066468;ENSG00000127418;ENSG00000118257;ENSG00000113196;ENSG00000204217;ENSG00000157240;ENSG00000135766;ENSG00000135547;ENSG00000109685"
"GO","GOCC_CELL_SUBSTRATE_JUNCTION",0.000142044006606619,0.00569184622923092,0.518848077743792,-0.30563626404976,-1.48151112794849,411,"ENSG00000149428;ENSG00000044574;ENSG00000166598;ENSG00000053747;ENSG00000171914;ENSG00000131626;ENSG00000140945;ENSG00000154096;ENSG00000129474;ENSG00000115641;ENSG00000170558;ENSG00000179295;ENSG00000198947;ENSG00000081237;ENSG00000196549;ENSG00000051523;ENSG00000172403;ENSG00000110841;ENSG00000168615;ENSG00000084733;ENSG00000165527;ENSG00000099250;ENSG00000169032;ENSG00000197081;ENSG00000179218;ENSG00000138760;ENSG00000144824;ENSG00000137936;ENSG00000100266;ENSG00000143398;ENSG00000117519;ENSG00000161270;ENSG00000135269;ENSG00000196924;ENSG00000170027;ENSG00000120913;ENSG00000120063;ENSG00000162614;ENSG00000188158;ENSG00000146535;ENSG00000088280;ENSG00000275342;ENSG00000108576;ENSG00000163531;ENSG00000112851;ENSG00000013016;ENSG00000058272;ENSG00000061676;ENSG00000145907;ENSG00000074054;ENSG00000166913;ENSG00000073712;ENSG00000076706;ENSG00000152219;ENSG00000187446;ENSG00000176105;ENSG00000137845;ENSG00000129116;ENSG00000006451;ENSG00000186111;ENSG00000167460;ENSG00000147044;ENSG00000151239;ENSG00000115232;ENSG00000071054;ENSG00000167004;ENSG00000110031;ENSG00000137710;ENSG00000259207;ENSG00000138071;ENSG00000164741;ENSG00000073008;ENSG00000100030;ENSG00000050405;ENSG00000130402;ENSG00000101311;ENSG00000151914;ENSG00000140682;ENSG00000133703;ENSG00000163539;ENSG00000109270;ENSG00000110395;ENSG00000136205;ENSG00000162909;ENSG00000085719;ENSG00000104164;ENSG00000125266;ENSG00000139626;ENSG00000141367;ENSG00000114302;ENSG00000117335;ENSG00000070756;ENSG00000164924;ENSG00000065618;ENSG00000170017;ENSG00000132670;ENSG00000074696;ENSG00000273749;ENSG00000133030;ENSG00000138448;ENSG00000143878;ENSG00000166974;ENSG00000132912;ENSG00000116641;ENSG00000011105;ENSG00000132613;ENSG00000079819;ENSG00000186298;ENSG00000035403;ENSG00000170248;ENSG00000173517;ENSG00000150093;ENSG00000157240;ENSG00000173402;ENSG00000169756;ENSG00000169398;ENSG00000162736;ENSG00000140992;ENSG00000277443;ENSG00000154556;ENSG00000126500;ENSG00000149260;ENSG00000101367;ENSG00000124222;ENSG00000136167;ENSG00000105855;ENSG00000115091;ENSG00000165119;ENSG00000148484;ENSG00000168807;ENSG00000115109;ENSG00000022267;ENSG00000143341;ENSG00000162434;ENSG00000127947;ENSG00000197893"
"GO","GOBP_INTRACELLULAR_RECEPTOR_SIGNALING_PATHWAY",0.000143467980484232,0.00571508919905424,0.518848077743792,-0.306114139509688,-1.47766901866132,394,"ENSG00000137509;ENSG00000196482;ENSG00000069667;ENSG00000167034;ENSG00000239732;ENSG00000150457;ENSG00000083799;ENSG00000144736;ENSG00000154124;ENSG00000036828;ENSG00000096968;ENSG00000110057;ENSG00000063438;ENSG00000111727;ENSG00000096717;ENSG00000164749;ENSG00000133794;ENSG00000198963;ENSG00000107643;ENSG00000154451;ENSG00000135077;ENSG00000179218;ENSG00000116285;ENSG00000114062;ENSG00000100320;ENSG00000105939;ENSG00000014123;ENSG00000266412;ENSG00000136051;ENSG00000143365;ENSG00000197329;ENSG00000145604;ENSG00000127870;ENSG00000155629;ENSG00000163909;ENSG00000113712;ENSG00000134852;ENSG00000125686;ENSG00000141027;ENSG00000172594;ENSG00000112851;ENSG00000215301;ENSG00000179630;ENSG00000196792;ENSG00000008405;ENSG00000118503;ENSG00000177463;ENSG00000172817;ENSG00000143970;ENSG00000085449;ENSG00000148200;ENSG00000152315;ENSG00000144580;ENSG00000140526;ENSG00000164430;ENSG00000170633;ENSG00000198060;ENSG00000005100;ENSG00000134321;ENSG00000100201;ENSG00000164463;ENSG00000257103;ENSG00000253729;ENSG00000057019;ENSG00000173409;ENSG00000105426;ENSG00000113580;ENSG00000130402;ENSG00000131023;ENSG00000065150;ENSG00000078747;ENSG00000197256;ENSG00000185551;ENSG00000143799;ENSG00000122779;ENSG00000167258;ENSG00000104312;ENSG00000108175;ENSG00000124151;ENSG00000121060;ENSG00000134644;ENSG00000151414;ENSG00000104517;ENSG00000152223;ENSG00000084676;ENSG00000140396;ENSG00000100393;ENSG00000172819;ENSG00000099942;ENSG00000055917;ENSG00000012048;ENSG00000144747;ENSG00000135018;ENSG00000167548;ENSG00000108984;ENSG00000120686;ENSG00000106546;ENSG00000125107;ENSG00000186951;ENSG00000163406;ENSG00000129514;ENSG00000111331;ENSG00000167332;ENSG00000147162;ENSG00000197943;ENSG00000168610;ENSG00000256061;ENSG00000106100;ENSG00000160310;ENSG00000161905;ENSG00000168267;ENSG00000174738;ENSG00000156599;ENSG00000184304;ENSG00000099337;ENSG00000153234;ENSG00000009790;ENSG00000135655;ENSG00000055332;ENSG00000108654;ENSG00000005893;ENSG00000115548;ENSG00000128604;ENSG00000175745;ENSG00000086758;ENSG00000119508;ENSG00000112584;ENSG00000183735;ENSG00000132466;ENSG00000119414;ENSG00000069869;ENSG00000214456;ENSG00000151615;ENSG00000013561;ENSG00000153786;ENSG00000163291;ENSG00000107077;ENSG00000101782;ENSG00000170236;ENSG00000111596;ENSG00000164040"
"GO","GOBP_MAINTENANCE_OF_CELL_NUMBER",0.000147181052935497,0.00582871397941043,0.518848077743792,-0.367201412431063,-1.64189221336687,190,"ENSG00000124766;ENSG00000155760;ENSG00000101384;ENSG00000117707;ENSG00000170558;ENSG00000155090;ENSG00000153487;ENSG00000085433;ENSG00000128602;ENSG00000125878;ENSG00000138336;ENSG00000181449;ENSG00000136518;ENSG00000114315;ENSG00000150907;ENSG00000174405;ENSG00000110987;ENSG00000139146;ENSG00000100916;ENSG00000134371;ENSG00000157764;ENSG00000072501;ENSG00000141380;ENSG00000107779;ENSG00000066336;ENSG00000151748;ENSG00000125398;ENSG00000168214;ENSG00000163811;ENSG00000164190;ENSG00000110367;ENSG00000054267;ENSG00000046604;ENSG00000123200;ENSG00000162521;ENSG00000124151;ENSG00000181315;ENSG00000080345;ENSG00000137815;ENSG00000158955;ENSG00000184634;ENSG00000152684;ENSG00000125107;ENSG00000135801;ENSG00000118689;ENSG00000173473;ENSG00000164758;ENSG00000130024;ENSG00000180182;ENSG00000147162;ENSG00000168610;ENSG00000178764;ENSG00000143033;ENSG00000188909;ENSG00000066117;ENSG00000198730;ENSG00000157933;ENSG00000134744;ENSG00000158290;ENSG00000115548;ENSG00000169375;ENSG00000152944;ENSG00000162337;ENSG00000136758;ENSG00000107077;ENSG00000164576;ENSG00000133997;ENSG00000198887;ENSG00000032219;ENSG00000111596;ENSG00000164105;ENSG00000204531;ENSG00000198719;ENSG00000066044;ENSG00000104332;ENSG00000168036;ENSG00000134013;ENSG00000198728;ENSG00000157404;ENSG00000066279;ENSG00000184058;ENSG00000168172;ENSG00000117713;ENSG00000196591;ENSG00000111707"
"GO","GOCC_NADH_DEHYDROGENASE_COMPLEX",0.000148990951935045,0.00586608561921004,0.518848077743792,0.55451196966081,1.91984634672518,47,"ENSG00000167792;ENSG00000183648;ENSG00000136521;ENSG00000110717;ENSG00000145494;ENSG00000099795;ENSG00000213619;ENSG00000174886;ENSG00000147123;ENSG00000115286;ENSG00000186010;ENSG00000164258;ENSG00000160194;ENSG00000140990;ENSG00000065518;ENSG00000090266;ENSG00000168653;ENSG00000189043;ENSG00000109390;ENSG00000165264;ENSG00000004779;ENSG00000139180;ENSG00000267855;ENSG00000125356;ENSG00000166136;ENSG00000198840;ENSG00000130414;ENSG00000170906"
"GO","GOBP_REGULATION_OF_CELL_GROWTH",0.000151395821182688,0.00592631503496625,0.518848077743792,-0.301393275525031,-1.45512494805601,390,"ENSG00000152377;ENSG00000053108;ENSG00000171517;ENSG00000114251;ENSG00000115414;ENSG00000117152;ENSG00000118515;ENSG00000150457;ENSG00000143858;ENSG00000204385;ENSG00000104205;ENSG00000173848;ENSG00000051523;ENSG00000153487;ENSG00000138623;ENSG00000004468;ENSG00000138688;ENSG00000164327;ENSG00000099250;ENSG00000105887;ENSG00000137142;ENSG00000168389;ENSG00000145088;ENSG00000131711;ENSG00000133639;ENSG00000157168;ENSG00000198399;ENSG00000078018;ENSG00000139687;ENSG00000145147;ENSG00000127870;ENSG00000163453;ENSG00000007341;ENSG00000102221;ENSG00000167178;ENSG00000162998;ENSG00000127603;ENSG00000136504;ENSG00000135919;ENSG00000130203;ENSG00000089057;ENSG00000215301;ENSG00000164823;ENSG00000134371;ENSG00000171612;ENSG00000091129;ENSG00000144560;ENSG00000101843;ENSG00000112902;ENSG00000114378;ENSG00000112715;ENSG00000163785;ENSG00000008086;ENSG00000137845;ENSG00000072274;ENSG00000176390;ENSG00000097007;ENSG00000132694;ENSG00000179833;ENSG00000082701;ENSG00000068366;ENSG00000137872;ENSG00000221866;ENSG00000136937;ENSG00000130147;ENSG00000101665;ENSG00000187079;ENSG00000133104;ENSG00000057019;ENSG00000007168;ENSG00000105426;ENSG00000198793;ENSG00000187866;ENSG00000163539;ENSG00000213023;ENSG00000066084;ENSG00000078747;ENSG00000144891;ENSG00000176170;ENSG00000172007;ENSG00000130477;ENSG00000171791;ENSG00000168564;ENSG00000149547;ENSG00000122641;ENSG00000099942;ENSG00000163794;ENSG00000066735;ENSG00000100811;ENSG00000055917;ENSG00000012048;ENSG00000204217;ENSG00000128908;ENSG00000188215;ENSG00000187764;ENSG00000101079;ENSG00000113070;ENSG00000186951;ENSG00000119401;ENSG00000101349;ENSG00000134533;ENSG00000188613;ENSG00000198742;ENSG00000154174;ENSG00000177189;ENSG00000197594;ENSG00000100884;ENSG00000159346;ENSG00000075213;ENSG00000166949;ENSG00000104375;ENSG00000176406;ENSG00000184349"
"GO","GOBP_TISSUE_MIGRATION",0.000160011659220761,0.00622758020829307,0.518848077743792,-0.447756485532673,-1.79423407185719,88,"ENSG00000144711;ENSG00000143507;ENSG00000179295;ENSG00000163513;ENSG00000168615;ENSG00000165527;ENSG00000140832;ENSG00000184292;ENSG00000107104;ENSG00000100644;ENSG00000067900;ENSG00000127603;ENSG00000074054;ENSG00000070087;ENSG00000131375;ENSG00000213906;ENSG00000125398;ENSG00000071054;ENSG00000136960;ENSG00000198793;ENSG00000101311;ENSG00000163539;ENSG00000197256;ENSG00000086570;ENSG00000150760;ENSG00000166974;ENSG00000204217;ENSG00000113070;ENSG00000065243;ENSG00000111961;ENSG00000188613;ENSG00000197943;ENSG00000169398;ENSG00000159346;ENSG00000153233;ENSG00000115109;ENSG00000103769;ENSG00000095203;ENSG00000144724"
"GO","GOBP_VASCULAR_ENDOTHELIAL_CELL_RESPONSE_TO_LAMINAR_FLUID_SHEAR_STRESS",0.000164829599664918,0.0062897369238319,0.518848077743792,-0.690686268029627,-2.02762927252286,21,"ENSG00000173175;ENSG00000164742;ENSG00000078295;ENSG00000138031;ENSG00000162104;ENSG00000198793;ENSG00000142875;ENSG00000162909;ENSG00000114302;ENSG00000108946;ENSG00000065243;ENSG00000140992"
"GO","GOBP_ORGANIC_ACID_CATABOLIC_PROCESS",0.000164937520355132,0.0062897369238319,0.518848077743792,0.354078568893323,1.57922013823242,238,"ENSG00000203797;ENSG00000160282;ENSG00000100033;ENSG00000132793;ENSG00000072778;ENSG00000117305;ENSG00000101323;ENSG00000167701;ENSG00000151224;ENSG00000132330;ENSG00000117448;ENSG00000140287;ENSG00000015413;ENSG00000172482;ENSG00000167799;ENSG00000179761;ENSG00000169738;ENSG00000162066;ENSG00000186204;ENSG00000205560;ENSG00000128683;ENSG00000160200;ENSG00000186115;ENSG00000101473;ENSG00000139631;ENSG00000175701;ENSG00000101986;ENSG00000129596;ENSG00000162882;ENSG00000242612;ENSG00000151552;ENSG00000119688;ENSG00000112033;ENSG00000103507;ENSG00000005421;ENSG00000162174;ENSG00000060971;ENSG00000163644;ENSG00000176715;ENSG00000104823;ENSG00000111271;ENSG00000140876;ENSG00000135423;ENSG00000139344;ENSG00000113924;ENSG00000103066;ENSG00000036473;ENSG00000139197;ENSG00000127884;ENSG00000198130;ENSG00000124357;ENSG00000100294;ENSG00000105552;ENSG00000112357;ENSG00000104325;ENSG00000250799;ENSG00000122971;ENSG00000124370;ENSG00000168306;ENSG00000107537;ENSG00000105221;ENSG00000072506;ENSG00000167114;ENSG00000100348;ENSG00000171097;ENSG00000153086;ENSG00000120053;ENSG00000128309;ENSG00000144908;ENSG00000113552;ENSG00000145020;ENSG00000117480;ENSG00000103485;ENSG00000167969;ENSG00000105379;ENSG00000078070;ENSG00000121310;ENSG00000084754;ENSG00000100116;ENSG00000122691;ENSG00000117009;ENSG00000100372;ENSG00000128311;ENSG00000128928;ENSG00000105135;ENSG00000089250;ENSG00000188266;ENSG00000186529;ENSG00000157184;ENSG00000104951;ENSG00000177465;ENSG00000138796;ENSG00000005469;ENSG00000105607"
"GO","GOBP_REPRODUCTIVE_SYSTEM_DEVELOPMENT",0.00016495174663505,0.0062897369238319,0.518848077743792,-0.329573044028,-1.53624436132174,279,"ENSG00000153162;ENSG00000114251;ENSG00000174948;ENSG00000136492;ENSG00000167034;ENSG00000239732;ENSG00000179295;ENSG00000134363;ENSG00000145545;ENSG00000102678;ENSG00000166224;ENSG00000096717;ENSG00000112175;ENSG00000081051;ENSG00000253293;ENSG00000116285;ENSG00000114062;ENSG00000145088;ENSG00000134245;ENSG00000266412;ENSG00000075711;ENSG00000181965;ENSG00000106144;ENSG00000133835;ENSG00000196924;ENSG00000145147;ENSG00000159184;ENSG00000150347;ENSG00000065802;ENSG00000128714;ENSG00000102531;ENSG00000135919;ENSG00000139618;ENSG00000163297;ENSG00000102230;ENSG00000172817;ENSG00000151422;ENSG00000164292;ENSG00000171316;ENSG00000112715;ENSG00000095002;ENSG00000125875;ENSG00000125398;ENSG00000116133;ENSG00000067646;ENSG00000169018;ENSG00000164190;ENSG00000134698;ENSG00000164305;ENSG00000117139;ENSG00000121989;ENSG00000185008;ENSG00000110395;ENSG00000185551;ENSG00000054267;ENSG00000085224;ENSG00000116539;ENSG00000081479;ENSG00000171791;ENSG00000172216;ENSG00000066468;ENSG00000084676;ENSG00000107679;ENSG00000122641;ENSG00000052126;ENSG00000172819;ENSG00000099942;ENSG00000158955;ENSG00000144747;ENSG00000185920;ENSG00000153094;ENSG00000111087;ENSG00000205213;ENSG00000118689;ENSG00000163659;ENSG00000138413;ENSG00000173473;ENSG00000129514;ENSG00000205981;ENSG00000149311;ENSG00000129757;ENSG00000180530;ENSG00000163273;ENSG00000114742;ENSG00000141052;ENSG00000060138;ENSG00000130699;ENSG00000277893;ENSG00000177551;ENSG00000044115;ENSG00000148935;ENSG00000150990;ENSG00000198087;ENSG00000157796;ENSG00000137573"
"GO","GOMF_PROTEIN_SERINE_KINASE_ACTIVITY",0.000165323858895759,0.0062897369238319,0.518848077743792,-0.313272516351918,-1.49986620213556,357,"ENSG00000071242;ENSG00000160145;ENSG00000136383;ENSG00000101109;ENSG00000118515;ENSG00000150457;ENSG00000138769;ENSG00000104205;ENSG00000143479;ENSG00000172071;ENSG00000135090;ENSG00000107968;ENSG00000196730;ENSG00000107643;ENSG00000169032;ENSG00000143674;ENSG00000134318;ENSG00000074590;ENSG00000091436;ENSG00000028116;ENSG00000102096;ENSG00000152332;ENSG00000127334;ENSG00000137601;ENSG00000169118;ENSG00000113712;ENSG00000096063;ENSG00000123374;ENSG00000163788;ENSG00000067900;ENSG00000196335;ENSG00000157540;ENSG00000164715;ENSG00000071909;ENSG00000092439;ENSG00000060237;ENSG00000163558;ENSG00000198648;ENSG00000169967;ENSG00000095015;ENSG00000196455;ENSG00000117020;ENSG00000157764;ENSG00000160551;ENSG00000008086;ENSG00000128881;ENSG00000154310;ENSG00000132356;ENSG00000211455;ENSG00000102572;ENSG00000147044;ENSG00000175087;ENSG00000059758;ENSG00000082701;ENSG00000186716;ENSG00000071054;ENSG00000133059;ENSG00000170209;ENSG00000151292;ENSG00000253729;ENSG00000171435;ENSG00000100784;ENSG00000175054;ENSG00000006432;ENSG00000065613;ENSG00000176601;ENSG00000198793;ENSG00000100030;ENSG00000011566;ENSG00000035664;ENSG00000131023;ENSG00000169302;ENSG00000152953;ENSG00000064393;ENSG00000142875;ENSG00000128829;ENSG00000097046;ENSG00000038382;ENSG00000067606;ENSG00000112144;ENSG00000112739;ENSG00000197442;ENSG00000167258;ENSG00000010219;ENSG00000146872;ENSG00000104312;ENSG00000196632;ENSG00000205111;ENSG00000151414;ENSG00000070770;ENSG00000114904;ENSG00000178607;ENSG00000154229;ENSG00000143776;ENSG00000179335;ENSG00000115825;ENSG00000148660;ENSG00000065559;ENSG00000108984;ENSG00000183943;ENSG00000133083;ENSG00000157106;ENSG00000065243;ENSG00000110422;ENSG00000111837;ENSG00000101349;ENSG00000081320;ENSG00000058091;ENSG00000183049;ENSG00000177189;ENSG00000135250;ENSG00000149311;ENSG00000162889;ENSG00000069956;ENSG00000140992;ENSG00000104375"
"GO","GOCC_ENDOCYTIC_VESICLE",0.000167098072764724,0.00632172150146767,0.518848077743792,-0.316787038505877,-1.50467937245718,329,"ENSG00000149428;ENSG00000166598;ENSG00000109756;ENSG00000125675;ENSG00000114251;ENSG00000198018;ENSG00000003056;ENSG00000239732;ENSG00000143858;ENSG00000179331;ENSG00000165029;ENSG00000157483;ENSG00000116729;ENSG00000170873;ENSG00000051523;ENSG00000166128;ENSG00000173905;ENSG00000110057;ENSG00000008869;ENSG00000118473;ENSG00000084733;ENSG00000165527;ENSG00000128602;ENSG00000197081;ENSG00000179218;ENSG00000138760;ENSG00000084674;ENSG00000109572;ENSG00000064547;ENSG00000152578;ENSG00000144566;ENSG00000157500;ENSG00000010327;ENSG00000135631;ENSG00000129493;ENSG00000168461;ENSG00000124209;ENSG00000181804;ENSG00000130203;ENSG00000170743;ENSG00000013016;ENSG00000158987;ENSG00000108389;ENSG00000149295;ENSG00000196455;ENSG00000136044;ENSG00000198382;ENSG00000122126;ENSG00000079950;ENSG00000072274;ENSG00000006451;ENSG00000179915;ENSG00000133056;ENSG00000131242;ENSG00000185344;ENSG00000167004;ENSG00000170759;ENSG00000144635;ENSG00000189195;ENSG00000011347;ENSG00000073921;ENSG00000198793;ENSG00000243244;ENSG00000136813;ENSG00000123570;ENSG00000135047;ENSG00000119396;ENSG00000152291;ENSG00000168216;ENSG00000176170;ENSG00000081479;ENSG00000085832;ENSG00000141367;ENSG00000157978;ENSG00000100599;ENSG00000138448;ENSG00000078142;ENSG00000155099;ENSG00000130164;ENSG00000131374;ENSG00000148660;ENSG00000165219;ENSG00000126775;ENSG00000185920;ENSG00000113070;ENSG00000166263;ENSG00000163406;ENSG00000049245;ENSG00000198825;ENSG00000100884;ENSG00000106100;ENSG00000075651;ENSG00000111737;ENSG00000163251;ENSG00000115020;ENSG00000166148;ENSG00000156599;ENSG00000112210;ENSG00000122852;ENSG00000135679;ENSG00000103769;ENSG00000169252;ENSG00000265808;ENSG00000151502;ENSG00000005893;ENSG00000115145;ENSG00000111540;ENSG00000154710;ENSG00000156675;ENSG00000120251;ENSG00000136856;ENSG00000143147;ENSG00000106299;ENSG00000145782;ENSG00000204642;ENSG00000108774;ENSG00000174804;ENSG00000124333;ENSG00000107165;ENSG00000204525;ENSG00000106785;ENSG00000140022"
"GO","GOBP_SOMITE_DEVELOPMENT",0.000170912714143498,0.00634535240150599,0.518848077743792,-0.468400012908902,-1.81952262553192,74,"ENSG00000114251;ENSG00000073711;ENSG00000167034;ENSG00000101752;ENSG00000128602;ENSG00000125878;ENSG00000069248;ENSG00000162998;ENSG00000061676;ENSG00000140807;ENSG00000163389;ENSG00000107779;ENSG00000076356;ENSG00000168214;ENSG00000253729;ENSG00000100714;ENSG00000083093;ENSG00000136754;ENSG00000086598;ENSG00000182185;ENSG00000138795;ENSG00000075223;ENSG00000100393;ENSG00000179111;ENSG00000173253;ENSG00000184634;ENSG00000185920;ENSG00000149311;ENSG00000166949;ENSG00000196584;ENSG00000122257;ENSG00000115109;ENSG00000157796;ENSG00000106003;ENSG00000188095;ENSG00000198719;ENSG00000112837;ENSG00000104332;ENSG00000136099"
"GO","GOBP_CENTRAL_NERVOUS_SYSTEM_NEURON_DEVELOPMENT",0.000171470686573478,0.00634535240150599,0.518848077743792,-0.435196552777115,-1.7697612318508,97,"ENSG00000109756;ENSG00000114251;ENSG00000116106;ENSG00000197381;ENSG00000186094;ENSG00000085433;ENSG00000099250;ENSG00000104133;ENSG00000078018;ENSG00000139352;ENSG00000145147;ENSG00000153266;ENSG00000149295;ENSG00000118276;ENSG00000160551;ENSG00000105711;ENSG00000166579;ENSG00000221866;ENSG00000007168;ENSG00000100503;ENSG00000185008;ENSG00000169855;ENSG00000108175;ENSG00000066468;ENSG00000135049;ENSG00000118257;ENSG00000154229;ENSG00000099942;ENSG00000078725;ENSG00000021574;ENSG00000188613;ENSG00000160007;ENSG00000104967;ENSG00000005810;ENSG00000153234;ENSG00000182580;ENSG00000148053;ENSG00000177551;ENSG00000182704;ENSG00000198198;ENSG00000114554;ENSG00000186868;ENSG00000154928;ENSG00000170381;ENSG00000105953;ENSG00000173376;ENSG00000167193;ENSG00000158470;ENSG00000122585"
"GO","GOBP_PROTEIN_N_LINKED_GLYCOSYLATION",0.00017049471506496,0.00634535240150599,0.518848077743792,-0.44072552447328,-1.76895310462025,89,"ENSG00000008513;ENSG00000175548;ENSG00000253710;ENSG00000111885;ENSG00000131459;ENSG00000112893;ENSG00000111670;ENSG00000163527;ENSG00000198833;ENSG00000033170;ENSG00000151348;ENSG00000102595;ENSG00000198162;ENSG00000153989;ENSG00000214013;ENSG00000102158;ENSG00000187097;ENSG00000134851;ENSG00000167130;ENSG00000172461;ENSG00000136731;ENSG00000196968;ENSG00000071073;ENSG00000086062;ENSG00000182050;ENSG00000101901;ENSG00000139133;ENSG00000138821;ENSG00000086848;ENSG00000172728;ENSG00000118705"
"GO","GOBP_SYNAPSE_ASSEMBLY",0.000168885200983272,0.00634535240150599,0.518848077743792,-0.341450328184879,-1.5873659288556,274,"ENSG00000197959;ENSG00000163629;ENSG00000114251;ENSG00000135905;ENSG00000141668;ENSG00000117280;ENSG00000144847;ENSG00000134909;ENSG00000135298;ENSG00000112139;ENSG00000112852;ENSG00000158258;ENSG00000197479;ENSG00000185924;ENSG00000170558;ENSG00000121871;ENSG00000173114;ENSG00000175928;ENSG00000198844;ENSG00000165527;ENSG00000125249;ENSG00000131711;ENSG00000104219;ENSG00000139174;ENSG00000183715;ENSG00000131089;ENSG00000120063;ENSG00000021645;ENSG00000069188;ENSG00000186472;ENSG00000124313;ENSG00000011677;ENSG00000185565;ENSG00000120324;ENSG00000149295;ENSG00000091129;ENSG00000040341;ENSG00000163785;ENSG00000153707;ENSG00000136040;ENSG00000179915;ENSG00000076356;ENSG00000097007;ENSG00000165985;ENSG00000118946;ENSG00000076716;ENSG00000221866;ENSG00000187372;ENSG00000128512;ENSG00000150625;ENSG00000105426;ENSG00000168137;ENSG00000131023;ENSG00000185008;ENSG00000135387;ENSG00000113262;ENSG00000151148;ENSG00000125266;ENSG00000148943;ENSG00000150760;ENSG00000142192;ENSG00000152208;ENSG00000004399;ENSG00000156642;ENSG00000128594;ENSG00000110881;ENSG00000154229;ENSG00000099942;ENSG00000055917;ENSG00000187764;ENSG00000186297;ENSG00000054803;ENSG00000196396;ENSG00000152192;ENSG00000179841;ENSG00000157240;ENSG00000173402;ENSG00000147162;ENSG00000146938;ENSG00000166206;ENSG00000139211;ENSG00000198908;ENSG00000126500;ENSG00000186907;ENSG00000184349;ENSG00000163251;ENSG00000196083;ENSG00000103319;ENSG00000005810;ENSG00000113211;ENSG00000164209;ENSG00000182580;ENSG00000148053;ENSG00000185070;ENSG00000163110;ENSG00000196369;ENSG00000177707;ENSG00000105376;ENSG00000225968;ENSG00000152767;ENSG00000181754;ENSG00000162951;ENSG00000171603;ENSG00000101126;ENSG00000185737;ENSG00000169306;ENSG00000114867;ENSG00000115310;ENSG00000114554;ENSG00000186868;ENSG00000151834;ENSG00000196935;ENSG00000065320;ENSG00000039068;ENSG00000146555;ENSG00000154928;ENSG00000147852;ENSG00000168036;ENSG00000169057;ENSG00000172260;ENSG00000111052;ENSG00000133424;ENSG00000116906;ENSG00000101463;ENSG00000107864"
"GO","GOBP_PRO_B_CELL_DIFFERENTIATION",0.000173661357752475,0.00639149301467263,0.518848077743792,-0.789096079200836,-1.99864863447302,12,"ENSG00000124766;ENSG00000167005;ENSG00000114315;ENSG00000174405;ENSG00000115904;ENSG00000100485;ENSG00000217128;ENSG00000253729"
"GO","GOBP_ENDOSOMAL_TRANSPORT",0.000175397142344382,0.0064204835024657,0.518848077743792,-0.316105616428792,-1.49328413906667,311,"ENSG00000142188;ENSG00000132405;ENSG00000117280;ENSG00000111647;ENSG00000148158;ENSG00000114331;ENSG00000165029;ENSG00000166128;ENSG00000008869;ENSG00000130340;ENSG00000138688;ENSG00000155975;ENSG00000107036;ENSG00000084733;ENSG00000165527;ENSG00000151458;ENSG00000122574;ENSG00000169032;ENSG00000138760;ENSG00000104660;ENSG00000198399;ENSG00000104219;ENSG00000134108;ENSG00000102189;ENSG00000136051;ENSG00000147164;ENSG00000144566;ENSG00000091317;ENSG00000129493;ENSG00000164715;ENSG00000213625;ENSG00000138246;ENSG00000013016;ENSG00000082805;ENSG00000157077;ENSG00000129515;ENSG00000108389;ENSG00000164292;ENSG00000099290;ENSG00000196455;ENSG00000115504;ENSG00000134709;ENSG00000087053;ENSG00000138078;ENSG00000061987;ENSG00000008294;ENSG00000185722;ENSG00000131242;ENSG00000164961;ENSG00000053770;ENSG00000184811;ENSG00000144635;ENSG00000189195;ENSG00000137710;ENSG00000039319;ENSG00000255112;ENSG00000173163;ENSG00000073921;ENSG00000137642;ENSG00000116127;ENSG00000167306;ENSG00000134243;ENSG00000100030;ENSG00000143669;ENSG00000175582;ENSG00000135968;ENSG00000123570;ENSG00000074695;ENSG00000119396;ENSG00000143376;ENSG00000085832;ENSG00000119541;ENSG00000141367;ENSG00000152223;ENSG00000167987;ENSG00000078142;ENSG00000160218;ENSG00000131374;ENSG00000126775;ENSG00000133083;ENSG00000036054;ENSG00000179841;ENSG00000105186;ENSG00000049245;ENSG00000198825;ENSG00000108587;ENSG00000111737;ENSG00000006740;ENSG00000124222;ENSG00000115020;ENSG00000165280;ENSG00000131381;ENSG00000169891;ENSG00000155974;ENSG00000136738;ENSG00000120805;ENSG00000157538;ENSG00000067208;ENSG00000103769;ENSG00000125633;ENSG00000151502;ENSG00000083937;ENSG00000115145;ENSG00000143952;ENSG00000112276;ENSG00000054793;ENSG00000111540;ENSG00000154710;ENSG00000114744;ENSG00000265190;ENSG00000184014;ENSG00000111711;ENSG00000176658;ENSG00000164695;ENSG00000164144;ENSG00000107185;ENSG00000108774;ENSG00000132549;ENSG00000187555;ENSG00000003393"
"GO","GOBP_CELLULAR_RESPONSE_TO_UNFOLDED_PROTEIN",0.000184656462467887,0.00672308367651898,0.518848077743792,-0.42330793839268,-1.74773467531725,107,"ENSG00000051108;ENSG00000044574;ENSG00000165192;ENSG00000145050;ENSG00000145675;ENSG00000152137;ENSG00000151883;ENSG00000124164;ENSG00000172071;ENSG00000096717;ENSG00000122557;ENSG00000014123;ENSG00000158615;ENSG00000118217;ENSG00000064115;ENSG00000144468;ENSG00000117020;ENSG00000077232;ENSG00000116406;ENSG00000164463;ENSG00000197930;ENSG00000012174;ENSG00000138617;ENSG00000086598;ENSG00000134001;ENSG00000178607;ENSG00000136986;ENSG00000157613;ENSG00000175197;ENSG00000153094;ENSG00000196396;ENSG00000128590;ENSG00000168610;ENSG00000135776;ENSG00000140943;ENSG00000165280;ENSG00000072849;ENSG00000099219;ENSG00000198855;ENSG00000100219;ENSG00000055332;ENSG00000071051"
"GO","GOBP_REGULATION_OF_NEURON_DIFFERENTIATION",0.000185731905100127,0.00672607733335862,0.518848077743792,-0.374594724536906,-1.6567693271294,175,"ENSG00000171094;ENSG00000153162;ENSG00000108960;ENSG00000101384;ENSG00000117707;ENSG00000198947;ENSG00000138136;ENSG00000162992;ENSG00000130940;ENSG00000164683;ENSG00000115844;ENSG00000156299;ENSG00000101752;ENSG00000156466;ENSG00000179218;ENSG00000131711;ENSG00000181449;ENSG00000114315;ENSG00000176749;ENSG00000116990;ENSG00000181965;ENSG00000170027;ENSG00000139352;ENSG00000144619;ENSG00000163909;ENSG00000125686;ENSG00000148516;ENSG00000067900;ENSG00000108576;ENSG00000108061;ENSG00000153266;ENSG00000091129;ENSG00000196628;ENSG00000140836;ENSG00000008294;ENSG00000125398;ENSG00000082701;ENSG00000140254;ENSG00000110367;ENSG00000128829;ENSG00000114346;ENSG00000122859;ENSG00000142192;ENSG00000140382;ENSG00000171791;ENSG00000173406;ENSG00000084676;ENSG00000078725;ENSG00000118689;ENSG00000119401;ENSG00000129514;ENSG00000104413;ENSG00000178764;ENSG00000078579;ENSG00000163608;ENSG00000135547"
"GO","GOMF_NUCLEOSIDE_TRIPHOSPHATASE_REGULATOR_ACTIVITY",0.000188251421824015,0.00678105653506506,0.518848077743792,-0.29038083434574,-1.42765145371346,489,"ENSG00000137962;ENSG00000144711;ENSG00000109756;ENSG00000160145;ENSG00000132405;ENSG00000124126;ENSG00000117152;ENSG00000135905;ENSG00000145675;ENSG00000278599;ENSG00000137145;ENSG00000134909;ENSG00000135298;ENSG00000088387;ENSG00000154096;ENSG00000075391;ENSG00000114331;ENSG00000113161;ENSG00000174485;ENSG00000173848;ENSG00000110237;ENSG00000188419;ENSG00000111490;ENSG00000165553;ENSG00000131370;ENSG00000116991;ENSG00000107036;ENSG00000198844;ENSG00000088538;ENSG00000099250;ENSG00000156299;ENSG00000116285;ENSG00000137936;ENSG00000031003;ENSG00000257093;ENSG00000145087;ENSG00000147894;ENSG00000170471;ENSG00000198399;ENSG00000146005;ENSG00000131089;ENSG00000205339;ENSG00000174373;ENSG00000145147;ENSG00000185989;ENSG00000124198;ENSG00000197622;ENSG00000120063;ENSG00000109436;ENSG00000145715;ENSG00000143248;ENSG00000115904;ENSG00000088280;ENSG00000124313;ENSG00000100485;ENSG00000143344;ENSG00000127328;ENSG00000151693;ENSG00000158987;ENSG00000170776;ENSG00000100934;ENSG00000138193;ENSG00000015133;ENSG00000023892;ENSG00000122126;ENSG00000137727;ENSG00000066933;ENSG00000011454;ENSG00000100852;ENSG00000125875;ENSG00000061987;ENSG00000118873;ENSG00000132694;ENSG00000164506;ENSG00000152061;ENSG00000136111;ENSG00000186716;ENSG00000180263;ENSG00000115839;ENSG00000146376;ENSG00000130147;ENSG00000196712;ENSG00000008256;ENSG00000128512;ENSG00000128731;ENSG00000164741;ENSG00000140750;ENSG00000006607;ENSG00000065150;ENSG00000109270;ENSG00000038382;ENSG00000087470;ENSG00000165322;ENSG00000188559;ENSG00000105738;ENSG00000114346;ENSG00000145979;ENSG00000148429;ENSG00000176994;ENSG00000182621;ENSG00000150760;ENSG00000148908;ENSG00000102218;ENSG00000091428;ENSG00000134248;ENSG00000097096;ENSG00000074696;ENSG00000133138;ENSG00000100599;ENSG00000136895;ENSG00000156011;ENSG00000133812;ENSG00000132359;ENSG00000160218;ENSG00000103657;ENSG00000116641;ENSG00000132613;ENSG00000136161;ENSG00000131374;ENSG00000165219;ENSG00000111785;ENSG00000155903;ENSG00000137449;ENSG00000196914;ENSG00000139132;ENSG00000116191;ENSG00000079482;ENSG00000173744;ENSG00000253148;ENSG00000105186;ENSG00000182957;ENSG00000153317;ENSG00000157985;ENSG00000066248;ENSG00000115355;ENSG00000160271;ENSG00000088756;ENSG00000179387;ENSG00000006740;ENSG00000170456;ENSG00000160007;ENSG00000182901;ENSG00000107863;ENSG00000133121;ENSG00000183155;ENSG00000115459"
"GO","GOBP_NEGATIVE_REGULATION_OF_CELL_CYCLE_G1_S_PHASE_TRANSITION",0.000194533406826709,0.00695596731522851,0.518848077743792,-0.493905713530506,-1.85308375600122,61,"ENSG00000182389;ENSG00000115170;ENSG00000181449;ENSG00000165617;ENSG00000204120;ENSG00000075711;ENSG00000139687;ENSG00000123374;ENSG00000136235;ENSG00000134371;ENSG00000176390;ENSG00000134982;ENSG00000253729;ENSG00000103479;ENSG00000172716;ENSG00000197256;ENSG00000108691;ENSG00000171791;ENSG00000122641;ENSG00000168411;ENSG00000143751;ENSG00000188215;ENSG00000175215;ENSG00000147883;ENSG00000165891;ENSG00000160310;ENSG00000022267;ENSG00000118762;ENSG00000124508;ENSG00000080839"
"GO","GOMF_HISTONE_MODIFYING_ACTIVITY",0.00019516151652295,0.00695596731522851,0.518848077743792,-0.353834696693378,-1.59518218741192,205,"ENSG00000114166;ENSG00000064655;ENSG00000172943;ENSG00000008083;ENSG00000071794;ENSG00000096968;ENSG00000180628;ENSG00000009954;ENSG00000096717;ENSG00000165671;ENSG00000005483;ENSG00000183576;ENSG00000158161;ENSG00000181555;ENSG00000152217;ENSG00000134852;ENSG00000123374;ENSG00000116731;ENSG00000157540;ENSG00000136504;ENSG00000118058;ENSG00000139618;ENSG00000156650;ENSG00000164169;ENSG00000083168;ENSG00000165097;ENSG00000006459;ENSG00000110066;ENSG00000171988;ENSG00000055609;ENSG00000132356;ENSG00000122728;ENSG00000005339;ENSG00000185619;ENSG00000125484;ENSG00000073614;ENSG00000170854;ENSG00000147548;ENSG00000253729;ENSG00000100784;ENSG00000175054;ENSG00000115966;ENSG00000119318;ENSG00000168137;ENSG00000117139;ENSG00000183878;ENSG00000120733;ENSG00000116539;ENSG00000124151;ENSG00000100425;ENSG00000108395;ENSG00000121579;ENSG00000197724;ENSG00000100393;ENSG00000154229;ENSG00000085276;ENSG00000012048;ENSG00000167548;ENSG00000152455;ENSG00000130024;ENSG00000149311;ENSG00000168453;ENSG00000160310;ENSG00000109685;ENSG00000145041;ENSG00000112238;ENSG00000147050;ENSG00000081019;ENSG00000198160;ENSG00000024048;ENSG00000121481;ENSG00000164663;ENSG00000115548;ENSG00000126012;ENSG00000086758;ENSG00000162601;ENSG00000186280;ENSG00000142611;ENSG00000247746;ENSG00000107077;ENSG00000138376;ENSG00000155545;ENSG00000156983"
"GO","GOBP_REGULATION_OF_MEMBRANE_POTENTIAL",0.00020239204567707,0.00717591064568126,0.518848077743792,-0.296680948250085,-1.44512545379207,445,"ENSG00000164626;ENSG00000103222;ENSG00000163377;ENSG00000152049;ENSG00000125675;ENSG00000011465;ENSG00000117152;ENSG00000182389;ENSG00000166664;ENSG00000174437;ENSG00000243335;ENSG00000183454;ENSG00000036828;ENSG00000198947;ENSG00000123700;ENSG00000177272;ENSG00000182771;ENSG00000001084;ENSG00000135750;ENSG00000105976;ENSG00000154639;ENSG00000082482;ENSG00000187848;ENSG00000113569;ENSG00000158445;ENSG00000149403;ENSG00000198626;ENSG00000096696;ENSG00000152578;ENSG00000198929;ENSG00000129159;ENSG00000184611;ENSG00000075711;ENSG00000084112;ENSG00000196924;ENSG00000118507;ENSG00000080644;ENSG00000169684;ENSG00000050438;ENSG00000026559;ENSG00000164180;ENSG00000084073;ENSG00000108576;ENSG00000118058;ENSG00000011677;ENSG00000013016;ENSG00000149295;ENSG00000166006;ENSG00000091129;ENSG00000107798;ENSG00000153253;ENSG00000023909;ENSG00000153956;ENSG00000152315;ENSG00000105711;ENSG00000163873;ENSG00000087053;ENSG00000118260;ENSG00000138435;ENSG00000182674;ENSG00000171189;ENSG00000204442;ENSG00000163681;ENSG00000179915;ENSG00000097007;ENSG00000130037;ENSG00000082701;ENSG00000115839;ENSG00000176076;ENSG00000171109;ENSG00000170759;ENSG00000101665;ENSG00000133104;ENSG00000166257;ENSG00000198793;ENSG00000131183;ENSG00000089060;ENSG00000067606;ENSG00000152642;ENSG00000102081;ENSG00000143799;ENSG00000046604;ENSG00000053918;ENSG00000179941;ENSG00000142192;ENSG00000138821;ENSG00000163399;ENSG00000171791;ENSG00000152208;ENSG00000103335;ENSG00000104321;ENSG00000177807;ENSG00000110881;ENSG00000011105;ENSG00000057294;ENSG00000186297;ENSG00000145390;ENSG00000063015;ENSG00000109738;ENSG00000196876;ENSG00000105464;ENSG00000180509;ENSG00000116329;ENSG00000183023;ENSG00000146938;ENSG00000166206;ENSG00000116032;ENSG00000156113;ENSG00000166949;ENSG00000176406;ENSG00000182132;ENSG00000102452;ENSG00000198373;ENSG00000039987;ENSG00000182901;ENSG00000138814;ENSG00000186479;ENSG00000165280;ENSG00000169432;ENSG00000169427;ENSG00000145451;ENSG00000022267;ENSG00000187730;ENSG00000184156;ENSG00000099337;ENSG00000161610;ENSG00000169252;ENSG00000170745;ENSG00000125779;ENSG00000141682;ENSG00000148053;ENSG00000101040;ENSG00000164794;ENSG00000151150"
"GO","GOMF_MANNOSYL_OLIGOSACCHARIDE_MANNOSIDASE_ACTIVITY",0.000204074323589103,0.007197871454924,0.518848077743792,-0.841517940056298,-2.03105470844164,10,"ENSG00000134109;ENSG00000111885;ENSG00000112893;ENSG00000198162;ENSG00000116406"
"GO","GOBP_POSTSYNAPSE_ORGANIZATION",0.000214785822409943,0.00749757520288728,0.518848077743792,-0.341935151490776,-1.56740228577139,237,"ENSG00000114251;ENSG00000135905;ENSG00000116106;ENSG00000138311;ENSG00000134909;ENSG00000010810;ENSG00000170558;ENSG00000117600;ENSG00000121871;ENSG00000107362;ENSG00000182771;ENSG00000115183;ENSG00000198844;ENSG00000165527;ENSG00000099250;ENSG00000149970;ENSG00000131711;ENSG00000176749;ENSG00000198929;ENSG00000104219;ENSG00000139174;ENSG00000075711;ENSG00000084112;ENSG00000171867;ENSG00000170385;ENSG00000131089;ENSG00000120063;ENSG00000021645;ENSG00000260230;ENSG00000130203;ENSG00000152413;ENSG00000091129;ENSG00000133026;ENSG00000040341;ENSG00000153707;ENSG00000008086;ENSG00000137845;ENSG00000130702;ENSG00000087053;ENSG00000179915;ENSG00000097007;ENSG00000165985;ENSG00000174953;ENSG00000196712;ENSG00000128512;ENSG00000100784;ENSG00000259207;ENSG00000007168;ENSG00000105426;ENSG00000222038;ENSG00000131023;ENSG00000135387;ENSG00000151148;ENSG00000136379;ENSG00000150760;ENSG00000142192;ENSG00000152208;ENSG00000128594;ENSG00000198576;ENSG00000118257;ENSG00000110881;ENSG00000099942;ENSG00000055917;ENSG00000109738;ENSG00000157193;ENSG00000196396;ENSG00000079482;ENSG00000160305;ENSG00000173402;ENSG00000166206;ENSG00000100884;ENSG00000198908;ENSG00000066248;ENSG00000166949;ENSG00000140443;ENSG00000006740;ENSG00000196083;ENSG00000103319;ENSG00000139220;ENSG00000182580;ENSG00000196604;ENSG00000135862;ENSG00000101040;ENSG00000163110;ENSG00000177707;ENSG00000100600;ENSG00000151012;ENSG00000152767;ENSG00000106299;ENSG00000072110"
"GO","GOBP_REGULATION_OF_AUTOPHAGY",0.000214396467103036,0.00749757520288728,0.518848077743792,-0.310660870117728,-1.49140350174752,369,"ENSG00000176641;ENSG00000011465;ENSG00000132405;ENSG00000152137;ENSG00000078081;ENSG00000239732;ENSG00000148158;ENSG00000135093;ENSG00000141458;ENSG00000116678;ENSG00000105976;ENSG00000096717;ENSG00000196730;ENSG00000136048;ENSG00000107643;ENSG00000169032;ENSG00000097033;ENSG00000181555;ENSG00000102043;ENSG00000075151;ENSG00000014123;ENSG00000213585;ENSG00000176749;ENSG00000102096;ENSG00000147894;ENSG00000150907;ENSG00000196850;ENSG00000090054;ENSG00000157625;ENSG00000118217;ENSG00000108100;ENSG00000150867;ENSG00000084073;ENSG00000100644;ENSG00000067900;ENSG00000011405;ENSG00000100596;ENSG00000060237;ENSG00000112561;ENSG00000129515;ENSG00000159399;ENSG00000149212;ENSG00000155097;ENSG00000164938;ENSG00000196455;ENSG00000164916;ENSG00000198382;ENSG00000114573;ENSG00000168502;ENSG00000132356;ENSG00000211455;ENSG00000118873;ENSG00000097007;ENSG00000082701;ENSG00000185344;ENSG00000149639;ENSG00000115839;ENSG00000204977;ENSG00000130147;ENSG00000103257;ENSG00000147649;ENSG00000198168;ENSG00000129003;ENSG00000198793;ENSG00000113595;ENSG00000120992;ENSG00000164305;ENSG00000035664;ENSG00000165943;ENSG00000087470;ENSG00000146872;ENSG00000104312;ENSG00000176994;ENSG00000149557;ENSG00000104765;ENSG00000171791;ENSG00000070770;ENSG00000150995;ENSG00000077721;ENSG00000168092;ENSG00000078142;ENSG00000171055;ENSG00000178607;ENSG00000100393;ENSG00000048707;ENSG00000103657;ENSG00000177076;ENSG00000135018;ENSG00000173083;ENSG00000126775;ENSG00000197386;ENSG00000127481;ENSG00000175197;ENSG00000176142;ENSG00000118689;ENSG00000119401;ENSG00000188021;ENSG00000080561;ENSG00000077254;ENSG00000116299;ENSG00000131095;ENSG00000178752;ENSG00000168610;ENSG00000149311;ENSG00000136888;ENSG00000106100;ENSG00000181852;ENSG00000112234;ENSG00000163251;ENSG00000214338;ENSG00000198876;ENSG00000101266;ENSG00000155876;ENSG00000158290;ENSG00000184304;ENSG00000164073;ENSG00000100219;ENSG00000112425;ENSG00000077585;ENSG00000147416;ENSG00000169252;ENSG00000265808;ENSG00000151502;ENSG00000144118;ENSG00000110321;ENSG00000163331;ENSG00000086758;ENSG00000143322"
"GO","GOBP_HEART_MORPHOGENESIS",0.000217196841998232,0.00754285648211297,0.518848077743792,-0.333000916335184,-1.53486708416109,247,"ENSG00000124766;ENSG00000114251;ENSG00000101384;ENSG00000117707;ENSG00000115641;ENSG00000163513;ENSG00000138136;ENSG00000189079;ENSG00000169379;ENSG00000164683;ENSG00000112175;ENSG00000099250;ENSG00000101752;ENSG00000128602;ENSG00000133816;ENSG00000284862;ENSG00000112414;ENSG00000198626;ENSG00000115170;ENSG00000096696;ENSG00000114315;ENSG00000157168;ENSG00000139174;ENSG00000138802;ENSG00000145147;ENSG00000163909;ENSG00000125686;ENSG00000115904;ENSG00000084073;ENSG00000100644;ENSG00000163093;ENSG00000141519;ENSG00000154736;ENSG00000171316;ENSG00000069702;ENSG00000112715;ENSG00000107779;ENSG00000151748;ENSG00000134982;ENSG00000125398;ENSG00000168214;ENSG00000101665;ENSG00000115966;ENSG00000164190;ENSG00000164741;ENSG00000198793;ENSG00000185008;ENSG00000169855;ENSG00000086598;ENSG00000108175;ENSG00000081479;ENSG00000214513;ENSG00000182197;ENSG00000004399;ENSG00000075223;ENSG00000066468;ENSG00000127418;ENSG00000118257;ENSG00000113196;ENSG00000099942;ENSG00000204217;ENSG00000057294;ENSG00000203867;ENSG00000115363;ENSG00000185920;ENSG00000203883;ENSG00000152192;ENSG00000157240;ENSG00000173402;ENSG00000175387;ENSG00000169398;ENSG00000135766;ENSG00000130939;ENSG00000166949;ENSG00000135547;ENSG00000109685;ENSG00000168014"
"GO","GOBP_REGULATION_OF_EPITHELIAL_CELL_PROLIFERATION",0.000218342391103556,0.00754395241098612,0.518848077743792,-0.323946653223958,-1.52201370363806,297,"ENSG00000143507;ENSG00000153162;ENSG00000114251;ENSG00000155760;ENSG00000140945;ENSG00000167034;ENSG00000117707;ENSG00000169031;ENSG00000186810;ENSG00000152894;ENSG00000170873;ENSG00000051523;ENSG00000062038;ENSG00000164327;ENSG00000102678;ENSG00000096717;ENSG00000112175;ENSG00000099250;ENSG00000128602;ENSG00000140832;ENSG00000116285;ENSG00000145088;ENSG00000197405;ENSG00000114315;ENSG00000075711;ENSG00000138685;ENSG00000184292;ENSG00000164066;ENSG00000139687;ENSG00000185591;ENSG00000153989;ENSG00000213281;ENSG00000100311;ENSG00000125686;ENSG00000178301;ENSG00000100644;ENSG00000156427;ENSG00000130203;ENSG00000139618;ENSG00000118503;ENSG00000172817;ENSG00000134371;ENSG00000112902;ENSG00000117020;ENSG00000069702;ENSG00000112715;ENSG00000131845;ENSG00000136110;ENSG00000107779;ENSG00000147044;ENSG00000163082;ENSG00000151748;ENSG00000125398;ENSG00000115232;ENSG00000253729;ENSG00000196712;ENSG00000003402;ENSG00000259207;ENSG00000113296;ENSG00000086062;ENSG00000117139;ENSG00000169855;ENSG00000185551;ENSG00000144891;ENSG00000125266;ENSG00000172007;ENSG00000108691;ENSG00000066468;ENSG00000101445;ENSG00000118257;ENSG00000154229;ENSG00000164326;ENSG00000185920;ENSG00000029364;ENSG00000166263;ENSG00000111087"
"GO","GOBP_VIRAL_PROCESS",0.000222289944717449,0.00764135789658153,0.518848077743792,-0.307706740007502,-1.47050866766112,351,"ENSG00000008513;ENSG00000078081;ENSG00000129128;ENSG00000166471;ENSG00000117707;ENSG00000197381;ENSG00000124164;ENSG00000123124;ENSG00000112893;ENSG00000127022;ENSG00000141458;ENSG00000139514;ENSG00000111727;ENSG00000155975;ENSG00000124789;ENSG00000033170;ENSG00000154639;ENSG00000099250;ENSG00000138760;ENSG00000143324;ENSG00000048649;ENSG00000105939;ENSG00000184697;ENSG00000134108;ENSG00000203710;ENSG00000174405;ENSG00000152242;ENSG00000113712;ENSG00000152778;ENSG00000096063;ENSG00000130203;ENSG00000215301;ENSG00000111335;ENSG00000124214;ENSG00000133026;ENSG00000132256;ENSG00000249853;ENSG00000168575;ENSG00000198382;ENSG00000143450;ENSG00000072274;ENSG00000125875;ENSG00000206053;ENSG00000117322;ENSG00000151746;ENSG00000134321;ENSG00000082701;ENSG00000149294;ENSG00000204977;ENSG00000121966;ENSG00000071073;ENSG00000255112;ENSG00000259207;ENSG00000073008;ENSG00000110367;ENSG00000128829;ENSG00000078747;ENSG00000182050;ENSG00000135047;ENSG00000102081;ENSG00000110395;ENSG00000138617;ENSG00000137648;ENSG00000144891;ENSG00000148429;ENSG00000184012;ENSG00000125266;ENSG00000139626;ENSG00000085832;ENSG00000119541;ENSG00000121060;ENSG00000108691;ENSG00000184005;ENSG00000157601;ENSG00000117335;ENSG00000070756;ENSG00000171791;ENSG00000198791;ENSG00000123191;ENSG00000134248;ENSG00000188313;ENSG00000074696;ENSG00000138448;ENSG00000167987;ENSG00000102921;ENSG00000130164;ENSG00000119912;ENSG00000170248;ENSG00000163029;ENSG00000077097;ENSG00000176142;ENSG00000065243;ENSG00000150093;ENSG00000119401;ENSG00000080561;ENSG00000173402;ENSG00000111331"
"GO","GOBP_REGULATION_OF_EPITHELIAL_CELL_MIGRATION",0.000228770610729653,0.00773886726985323,0.518848077743792,-0.490196646871539,-1.83916771699343,61,"ENSG00000144711;ENSG00000143507;ENSG00000163513;ENSG00000168615;ENSG00000165527;ENSG00000140832;ENSG00000184292;ENSG00000100644;ENSG00000127603;ENSG00000074054;ENSG00000070087;ENSG00000131375;ENSG00000125398;ENSG00000071054;ENSG00000136960;ENSG00000198793;ENSG00000163539;ENSG00000150760;ENSG00000166974;ENSG00000204217;ENSG00000113070;ENSG00000111961;ENSG00000197943;ENSG00000169398;ENSG00000159346;ENSG00000153233;ENSG00000115109;ENSG00000103769;ENSG00000095203;ENSG00000144724;ENSG00000122694;ENSG00000115310;ENSG00000147459"
"GO","GOBP_NEGATIVE_REGULATION_OF_NEURON_PROJECTION_DEVELOPMENT",0.000229697625700015,0.00773886726985323,0.518848077743792,-0.399465522190721,-1.68920645300636,126,"ENSG00000152377;ENSG00000053108;ENSG00000114251;ENSG00000117280;ENSG00000116106;ENSG00000138311;ENSG00000154096;ENSG00000185924;ENSG00000204099;ENSG00000115993;ENSG00000004468;ENSG00000165527;ENSG00000099250;ENSG00000165323;ENSG00000007944;ENSG00000078699;ENSG00000114315;ENSG00000078018;ENSG00000145147;ENSG00000127870;ENSG00000107104;ENSG00000166170;ENSG00000275342;ENSG00000130203;ENSG00000112902;ENSG00000151490;ENSG00000163785;ENSG00000183762;ENSG00000137872;ENSG00000067141;ENSG00000133104;ENSG00000007168;ENSG00000105426;ENSG00000066084;ENSG00000125676;ENSG00000162676;ENSG00000125266;ENSG00000173406;ENSG00000196396;ENSG00000198825;ENSG00000131095;ENSG00000198799;ENSG00000066248;ENSG00000075213;ENSG00000186907;ENSG00000143418"
"GO","GOBP_VESICLE_MEDIATED_TRANSPORT_IN_SYNAPSE",0.000227939918663694,0.00773886726985323,0.518848077743792,-0.339208509681873,-1.5615044785833,245,"ENSG00000144711;ENSG00000197959;ENSG00000109189;ENSG00000182389;ENSG00000065534;ENSG00000272636;ENSG00000116675;ENSG00000174437;ENSG00000143858;ENSG00000170558;ENSG00000163618;ENSG00000127022;ENSG00000145920;ENSG00000138688;ENSG00000118473;ENSG00000165527;ENSG00000109572;ENSG00000129204;ENSG00000157168;ENSG00000147894;ENSG00000198399;ENSG00000041353;ENSG00000144566;ENSG00000050438;ENSG00000186472;ENSG00000185518;ENSG00000124313;ENSG00000067900;ENSG00000221823;ENSG00000170743;ENSG00000078269;ENSG00000125814;ENSG00000155097;ENSG00000157764;ENSG00000114573;ENSG00000070087;ENSG00000138078;ENSG00000006451;ENSG00000186111;ENSG00000019505;ENSG00000147044;ENSG00000179915;ENSG00000089169;ENSG00000164506;ENSG00000118946;ENSG00000127946;ENSG00000115839;ENSG00000189195;ENSG00000259207;ENSG00000185009;ENSG00000011347;ENSG00000136193;ENSG00000243244;ENSG00000164305;ENSG00000102081;ENSG00000162909;ENSG00000104164;ENSG00000125266;ENSG00000114646;ENSG00000159082;ENSG00000085832;ENSG00000070718;ENSG00000157601;ENSG00000130477;ENSG00000091428;ENSG00000198576;ENSG00000078142;ENSG00000138138;ENSG00000157107"
"GO","GOBP_POSITIVE_REGULATION_OF_NERVOUS_SYSTEM_DEVELOPMENT",0.000227729592828521,0.00773886726985323,0.518848077743792,-0.328160255913826,-1.52101418122298,262,"ENSG00000171517;ENSG00000115414;ENSG00000141668;ENSG00000116106;ENSG00000138311;ENSG00000135298;ENSG00000158258;ENSG00000185924;ENSG00000121871;ENSG00000112893;ENSG00000196549;ENSG00000106278;ENSG00000138623;ENSG00000173114;ENSG00000175928;ENSG00000134352;ENSG00000099250;ENSG00000156299;ENSG00000169032;ENSG00000128602;ENSG00000171533;ENSG00000131711;ENSG00000014123;ENSG00000114315;ENSG00000170385;ENSG00000139352;ENSG00000145147;ENSG00000174405;ENSG00000167178;ENSG00000100644;ENSG00000124313;ENSG00000127603;ENSG00000135919;ENSG00000163558;ENSG00000149295;ENSG00000112902;ENSG00000157764;ENSG00000040341;ENSG00000112715;ENSG00000153707;ENSG00000008086;ENSG00000136040;ENSG00000179915;ENSG00000065526;ENSG00000174953;ENSG00000121966;ENSG00000103257;ENSG00000100697;ENSG00000007168;ENSG00000198793;ENSG00000100503;ENSG00000185008;ENSG00000135387;ENSG00000169855;ENSG00000102081;ENSG00000104290;ENSG00000081479;ENSG00000152208;ENSG00000004399;ENSG00000156642;ENSG00000154229;ENSG00000204217;ENSG00000175505;ENSG00000187764;ENSG00000186298;ENSG00000157193;ENSG00000265763;ENSG00000119401;ENSG00000105186;ENSG00000173402;ENSG00000198742;ENSG00000131095;ENSG00000139211;ENSG00000198908;ENSG00000126500;ENSG00000186907;ENSG00000184349;ENSG00000196083;ENSG00000196584;ENSG00000103319;ENSG00000136603;ENSG00000182580;ENSG00000148053;ENSG00000185070;ENSG00000027075;ENSG00000184402;ENSG00000112531;ENSG00000149256;ENSG00000151615;ENSG00000181754;ENSG00000162951;ENSG00000171603;ENSG00000101126;ENSG00000174804;ENSG00000079246;ENSG00000105989;ENSG00000169306;ENSG00000100462;ENSG00000186868;ENSG00000065320;ENSG00000106683;ENSG00000133961;ENSG00000180613;ENSG00000154928;ENSG00000168036"
"GO","GOCC_POSTSYNAPTIC_DENSITY_MEMBRANE",0.000233083721636283,0.00781007790868326,0.518848077743792,-0.404703823686399,-1.70550355798122,121,"ENSG00000144711;ENSG00000125675;ENSG00000116106;ENSG00000135298;ENSG00000158258;ENSG00000183454;ENSG00000117600;ENSG00000121871;ENSG00000107362;ENSG00000164742;ENSG00000182771;ENSG00000082482;ENSG00000149970;ENSG00000149403;ENSG00000152578;ENSG00000075711;ENSG00000170385;ENSG00000008277;ENSG00000124313;ENSG00000171208;ENSG00000091129;ENSG00000151490;ENSG00000163785;ENSG00000163873;ENSG00000171189;ENSG00000156395;ENSG00000067141;ENSG00000118596;ENSG00000105426;ENSG00000151025;ENSG00000125266;ENSG00000136379;ENSG00000148943;ENSG00000152208;ENSG00000128594;ENSG00000110881;ENSG00000157193;ENSG00000243902;ENSG00000105464;ENSG00000116329;ENSG00000150672;ENSG00000146938;ENSG00000116032"
"GO","GOBP_CELLULAR_RESPONSE_TO_TOPOLOGICALLY_INCORRECT_PROTEIN",0.000234117810907074,0.00781007790868326,0.518848077743792,-0.403703662805311,-1.70200430787245,122,"ENSG00000051108;ENSG00000044574;ENSG00000165192;ENSG00000145050;ENSG00000145675;ENSG00000152137;ENSG00000151883;ENSG00000124164;ENSG00000172071;ENSG00000096717;ENSG00000122557;ENSG00000014123;ENSG00000158615;ENSG00000118217;ENSG00000064115;ENSG00000144468;ENSG00000117020;ENSG00000077232;ENSG00000116406;ENSG00000164463;ENSG00000197930;ENSG00000012174;ENSG00000138617;ENSG00000170464;ENSG00000086598;ENSG00000134001;ENSG00000104517;ENSG00000178607;ENSG00000174010;ENSG00000136986;ENSG00000157613;ENSG00000127481;ENSG00000175197;ENSG00000153094;ENSG00000196396;ENSG00000128590;ENSG00000036257;ENSG00000168610;ENSG00000135776;ENSG00000164031;ENSG00000140943;ENSG00000165280;ENSG00000072849;ENSG00000099219;ENSG00000198855;ENSG00000100219;ENSG00000055332;ENSG00000104343;ENSG00000071051"
"GO","GOBP_MUSCLE_TISSUE_DEVELOPMENT",0.000246702954577337,0.00818957062940061,0.49849310876659,-0.303093645876639,-1.46594343623717,402,"ENSG00000112183;ENSG00000082293;ENSG00000117152;ENSG00000155760;ENSG00000136383;ENSG00000064655;ENSG00000065534;ENSG00000179456;ENSG00000140795;ENSG00000117707;ENSG00000115641;ENSG00000108924;ENSG00000198947;ENSG00000189079;ENSG00000102678;ENSG00000144821;ENSG00000164683;ENSG00000239474;ENSG00000154639;ENSG00000133794;ENSG00000082482;ENSG00000112175;ENSG00000187848;ENSG00000196092;ENSG00000105887;ENSG00000128602;ENSG00000179218;ENSG00000104133;ENSG00000183091;ENSG00000198626;ENSG00000115170;ENSG00000096696;ENSG00000170162;ENSG00000157168;ENSG00000185482;ENSG00000139174;ENSG00000161270;ENSG00000075711;ENSG00000138685;ENSG00000139687;ENSG00000167196;ENSG00000163909;ENSG00000163069;ENSG00000125686;ENSG00000084073;ENSG00000170802;ENSG00000023839;ENSG00000117054;ENSG00000106692;ENSG00000152413;ENSG00000144560;ENSG00000133026;ENSG00000170776;ENSG00000171316;ENSG00000069702;ENSG00000163586;ENSG00000161021;ENSG00000112715;ENSG00000163389;ENSG00000132356;ENSG00000118260;ENSG00000107779;ENSG00000138435;ENSG00000151748;ENSG00000100201;ENSG00000125398;ENSG00000097007;ENSG00000168214;ENSG00000101665;ENSG00000197930;ENSG00000196712;ENSG00000003402;ENSG00000120332;ENSG00000198793;ENSG00000102974;ENSG00000133703;ENSG00000113658;ENSG00000185551;ENSG00000046604;ENSG00000125266;ENSG00000081479;ENSG00000171791;ENSG00000138795;ENSG00000075223;ENSG00000066468;ENSG00000113196;ENSG00000100393;ENSG00000100811;ENSG00000136630;ENSG00000204217;ENSG00000057294;ENSG00000185920;ENSG00000186951;ENSG00000111087;ENSG00000124641;ENSG00000108946;ENSG00000163659;ENSG00000152192;ENSG00000150093;ENSG00000125772;ENSG00000174574;ENSG00000183023;ENSG00000154174;ENSG00000135766;ENSG00000107372;ENSG00000130939;ENSG00000078579;ENSG00000166949;ENSG00000154556;ENSG00000128573;ENSG00000180209;ENSG00000135547;ENSG00000138814;ENSG00000174738;ENSG00000181744;ENSG00000157933;ENSG00000047597;ENSG00000141052;ENSG00000197893;ENSG00000060138;ENSG00000136603;ENSG00000118762;ENSG00000177508;ENSG00000108654;ENSG00000162729;ENSG00000163110;ENSG00000143952;ENSG00000112276;ENSG00000008196;ENSG00000149256;ENSG00000112062"
"GO","GOBP_REGULATION_OF_MONOATOMIC_ION_TRANSMEMBRANE_TRANSPORT",0.000248293425557959,0.00820216135550488,0.49849310876659,-0.332585614180297,-1.53613710372992,254,"ENSG00000184588;ENSG00000104369;ENSG00000117152;ENSG00000169282;ENSG00000169174;ENSG00000239732;ENSG00000154096;ENSG00000010810;ENSG00000186810;ENSG00000183454;ENSG00000198947;ENSG00000123700;ENSG00000152818;ENSG00000051523;ENSG00000175497;ENSG00000144357;ENSG00000188386;ENSG00000187848;ENSG00000198626;ENSG00000213585;ENSG00000198929;ENSG00000155962;ENSG00000129159;ENSG00000185482;ENSG00000075711;ENSG00000171867;ENSG00000196924;ENSG00000170385;ENSG00000118507;ENSG00000026559;ENSG00000221823;ENSG00000060237;ENSG00000177119;ENSG00000198648;ENSG00000092051;ENSG00000166006;ENSG00000171316;ENSG00000187446;ENSG00000153956;ENSG00000169248;ENSG00000105711;ENSG00000181104;ENSG00000143801;ENSG00000163681;ENSG00000097007;ENSG00000176076;ENSG00000109689;ENSG00000259207;ENSG00000173163;ENSG00000130402;ENSG00000113262;ENSG00000130226;ENSG00000102081;ENSG00000187231;ENSG00000053918;ENSG00000196632;ENSG00000142192;ENSG00000171791;ENSG00000047932;ENSG00000115216;ENSG00000150756;ENSG00000114904;ENSG00000198420;ENSG00000135018;ENSG00000058668;ENSG00000149488;ENSG00000105464;ENSG00000180509;ENSG00000179841;ENSG00000183023;ENSG00000137731;ENSG00000095209;ENSG00000140992;ENSG00000062716;ENSG00000182132;ENSG00000198373;ENSG00000138814;ENSG00000135932;ENSG00000022267;ENSG00000184304"
"GO","GOBP_NUCLEOBASE_CONTAINING_COMPOUND_TRANSPORT",0.000251459493861947,0.00826642569142284,0.49849310876659,-0.339173167305794,-1.55386323355471,234,"ENSG00000103222;ENSG00000138172;ENSG00000051596;ENSG00000078328;ENSG00000116704;ENSG00000163513;ENSG00000124789;ENSG00000198246;ENSG00000113569;ENSG00000125257;ENSG00000134490;ENSG00000164933;ENSG00000181555;ENSG00000037474;ENSG00000111224;ENSG00000013364;ENSG00000155561;ENSG00000069248;ENSG00000197147;ENSG00000203710;ENSG00000139496;ENSG00000030066;ENSG00000108424;ENSG00000153207;ENSG00000138757;ENSG00000108061;ENSG00000060237;ENSG00000168280;ENSG00000171612;ENSG00000171488;ENSG00000114770;ENSG00000184575;ENSG00000163904;ENSG00000108559;ENSG00000171492;ENSG00000136937;ENSG00000196776;ENSG00000095319;ENSG00000205578;ENSG00000119720;ENSG00000136231;ENSG00000125676;ENSG00000102081;ENSG00000163002;ENSG00000185963;ENSG00000153201;ENSG00000152223;ENSG00000122068;ENSG00000198576;ENSG00000093000;ENSG00000173273;ENSG00000116698;ENSG00000157106;ENSG00000173744;ENSG00000151461;ENSG00000114120;ENSG00000242265;ENSG00000184863;ENSG00000110713;ENSG00000269743;ENSG00000164414;ENSG00000196313;ENSG00000138095;ENSG00000083896;ENSG00000058673;ENSG00000136450;ENSG00000126226;ENSG00000132182;ENSG00000205060"
"GO","GOBP_POSITIVE_REGULATION_OF_MRNA_METABOLIC_PROCESS",0.000252925579985257,0.00827445423990415,0.49849310876659,-0.390701390121776,-1.68235982548349,144,"ENSG00000112183;ENSG00000020577;ENSG00000134318;ENSG00000105939;ENSG00000204120;ENSG00000272886;ENSG00000067900;ENSG00000080802;ENSG00000134371;ENSG00000114127;ENSG00000198265;ENSG00000113300;ENSG00000121274;ENSG00000056586;ENSG00000144580;ENSG00000185728;ENSG00000126070;ENSG00000123908;ENSG00000174953;ENSG00000092847;ENSG00000152520;ENSG00000136937;ENSG00000166889;ENSG00000134698;ENSG00000110367;ENSG00000135387;ENSG00000172795;ENSG00000138767;ENSG00000172239;ENSG00000134644;ENSG00000136319;ENSG00000070756;ENSG00000198791;ENSG00000054118;ENSG00000055917;ENSG00000149187;ENSG00000117592;ENSG00000078687;ENSG00000125107;ENSG00000090905;ENSG00000188613;ENSG00000140718;ENSG00000083223;ENSG00000120948;ENSG00000110713;ENSG00000187556;ENSG00000158435;ENSG00000149289;ENSG00000134744;ENSG00000146453;ENSG00000135316;ENSG00000179134;ENSG00000112941;ENSG00000136527;ENSG00000256453;ENSG00000112531;ENSG00000009307;ENSG00000083520;ENSG00000111596;ENSG00000181588;ENSG00000149658;ENSG00000100462;ENSG00000066044"
"GO","GOMF_CORECEPTOR_ACTIVITY",0.000255309048439118,0.00831227344245052,0.49849310876659,-0.507790862481316,-1.828196428092,50,"ENSG00000185483;ENSG00000134352;ENSG00000254126;ENSG00000099250;ENSG00000081985;ENSG00000183098;ENSG00000069702;ENSG00000174136;ENSG00000163785;ENSG00000243646;ENSG00000115232;ENSG00000076716;ENSG00000121966;ENSG00000259207;ENSG00000121989;ENSG00000070018;ENSG00000138448;ENSG00000150093;ENSG00000196083"
"GO","GOBP_CELL_JUNCTION_DISASSEMBLY",0.000258403665910645,0.00834904950425875,0.49849310876659,-0.585977379576904,-1.96153554180876,36,"ENSG00000144711;ENSG00000145675;ENSG00000116106;ENSG00000135298;ENSG00000140795;ENSG00000165527;ENSG00000139174;ENSG00000151422;ENSG00000152315;ENSG00000136040;ENSG00000071054;ENSG00000243244;ENSG00000166266;ENSG00000166974;ENSG00000150093;ENSG00000131094;ENSG00000066248"
"GO","GOMF_CHROMATIN_PROTEIN_ADAPTOR_ACTIVITY",0.000258904370332891,0.00834904950425875,0.49849310876659,-0.397758795942288,-1.68664761053331,128,"ENSG00000166446;ENSG00000206559;ENSG00000165632;ENSG00000153046;ENSG00000172943;ENSG00000008083;ENSG00000071794;ENSG00000170234;ENSG00000153487;ENSG00000204271;ENSG00000153922;ENSG00000005483;ENSG00000102241;ENSG00000119778;ENSG00000106723;ENSG00000138685;ENSG00000165972;ENSG00000102221;ENSG00000204256;ENSG00000186767;ENSG00000122728;ENSG00000166439;ENSG00000178691;ENSG00000137337;ENSG00000104320;ENSG00000213468;ENSG00000102081;ENSG00000163781;ENSG00000085224;ENSG00000122779;ENSG00000225830;ENSG00000100425;ENSG00000116254;ENSG00000157657;ENSG00000197724;ENSG00000146918;ENSG00000015171;ENSG00000146247;ENSG00000012048;ENSG00000151503;ENSG00000076108;ENSG00000011258;ENSG00000130816;ENSG00000143033;ENSG00000169925;ENSG00000196199;ENSG00000159256;ENSG00000132383;ENSG00000135655;ENSG00000101040;ENSG00000175097;ENSG00000142611;ENSG00000281128;ENSG00000138376;ENSG00000156983;ENSG00000143815;ENSG00000147854;ENSG00000100888;ENSG00000182095"
"GO","GOMF_MANNOSIDASE_ACTIVITY",0.000267484079569685,0.00850423561899485,0.49849310876659,-0.754492627581898,-2.02372957322003,15,"ENSG00000134109;ENSG00000111885;ENSG00000109323;ENSG00000112893;ENSG00000198162;ENSG00000172469;ENSG00000116406"
"GO","GOBP_NEGATIVE_REGULATION_OF_CELL_SUBSTRATE_ADHESION",0.000266836638782619,0.00850423561899485,0.49849310876659,-0.499249340750666,-1.86638616999624,59,"ENSG00000152377;ENSG00000155760;ENSG00000145675;ENSG00000101384;ENSG00000117228;ENSG00000111846;ENSG00000112679;ENSG00000144824;ENSG00000184292;ENSG00000145715;ENSG00000107104;ENSG00000151490;ENSG00000050030;ENSG00000147044;ENSG00000071054;ENSG00000196712;ENSG00000164741;ENSG00000130402;ENSG00000163539;ENSG00000166266"
"GO","GOBP_REGULATION_OF_CELL_SUBSTRATE_JUNCTION_ORGANIZATION",0.000266976622006408,0.00850423561899485,0.49849310876659,-0.465025642359501,-1.79250218420522,71,"ENSG00000064042;ENSG00000144711;ENSG00000145675;ENSG00000154096;ENSG00000165527;ENSG00000099250;ENSG00000112679;ENSG00000144824;ENSG00000134318;ENSG00000046653;ENSG00000067900;ENSG00000127603;ENSG00000074054;ENSG00000073712;ENSG00000112715;ENSG00000097007;ENSG00000071054;ENSG00000065613;ENSG00000164741;ENSG00000163539;ENSG00000166266;ENSG00000206560;ENSG00000132670;ENSG00000166974;ENSG00000035403;ENSG00000173517;ENSG00000169398;ENSG00000166949;ENSG00000184349;ENSG00000115109"
"GO","GOBP_REGULATION_OF_PHOSPHORYLATION",0.000268901770892834,0.00850935884339378,0.49849310876659,-0.304235441361198,-1.4745558907827,412,"ENSG00000071575;ENSG00000064042;ENSG00000106070;ENSG00000104432;ENSG00000109756;ENSG00000102580;ENSG00000163629;ENSG00000108960;ENSG00000141506;ENSG00000114251;ENSG00000115414;ENSG00000155760;ENSG00000204104;ENSG00000101109;ENSG00000154096;ENSG00000197381;ENSG00000141433;ENSG00000150457;ENSG00000096968;ENSG00000081237;ENSG00000172403;ENSG00000151893;ENSG00000135090;ENSG00000130340;ENSG00000153064;ENSG00000135842;ENSG00000096717;ENSG00000196730;ENSG00000165671;ENSG00000099250;ENSG00000142867;ENSG00000169032;ENSG00000128602;ENSG00000116285;ENSG00000158615;ENSG00000114315;ENSG00000176749;ENSG00000157168;ENSG00000147894;ENSG00000123728;ENSG00000138685;ENSG00000170027;ENSG00000139687;ENSG00000145147;ENSG00000186660;ENSG00000173404;ENSG00000100311;ENSG00000108100;ENSG00000156427;ENSG00000180008;ENSG00000112078;ENSG00000129515;ENSG00000101843;ENSG00000151422;ENSG00000157764;ENSG00000187446;ENSG00000198382;ENSG00000112715;ENSG00000144580;ENSG00000243646;ENSG00000082146;ENSG00000134982;ENSG00000133059;ENSG00000253729;ENSG00000173542;ENSG00000103479;ENSG00000113296;ENSG00000129315;ENSG00000198793;ENSG00000100030;ENSG00000170581;ENSG00000131023;ENSG00000005700;ENSG00000121989;ENSG00000136754;ENSG00000114346;ENSG00000167258;ENSG00000186063;ENSG00000225830;ENSG00000104312;ENSG00000196632;ENSG00000131724;ENSG00000114302;ENSG00000141198;ENSG00000171150;ENSG00000214102;ENSG00000198791;ENSG00000151414;ENSG00000124743;ENSG00000156642;ENSG00000122641;ENSG00000164136;ENSG00000146247;ENSG00000187764;ENSG00000126775;ENSG00000196396;ENSG00000078140;ENSG00000108946;ENSG00000148498;ENSG00000171033;ENSG00000110422;ENSG00000111961"
"GO","GOBP_CELLULAR_RESPONSE_TO_ABIOTIC_STIMULUS",0.000279204471746206,0.00879429154728049,0.49849310876659,-0.309055948375354,-1.46831470647589,328,"ENSG00000153162;ENSG00000145675;ENSG00000109320;ENSG00000065534;ENSG00000109458;ENSG00000124249;ENSG00000179295;ENSG00000152894;ENSG00000123700;ENSG00000173848;ENSG00000196549;ENSG00000185115;ENSG00000051523;ENSG00000001084;ENSG00000203737;ENSG00000135750;ENSG00000120949;ENSG00000096717;ENSG00000107643;ENSG00000142867;ENSG00000167723;ENSG00000179218;ENSG00000116285;ENSG00000091436;ENSG00000106144;ENSG00000138685;ENSG00000139352;ENSG00000135631;ENSG00000174405;ENSG00000180543;ENSG00000134852;ENSG00000165392;ENSG00000084073;ENSG00000048028;ENSG00000165802;ENSG00000060237;ENSG00000139618;ENSG00000215301;ENSG00000008405;ENSG00000198648;ENSG00000113456;ENSG00000169967;ENSG00000144468;ENSG00000171488;ENSG00000095015;ENSG00000101868;ENSG00000164938;ENSG00000187446;ENSG00000114378;ENSG00000073756;ENSG00000005339;ENSG00000126804;ENSG00000102908;ENSG00000187554;ENSG00000125398;ENSG00000174953;ENSG00000134294;ENSG00000111319;ENSG00000171492;ENSG00000259207;ENSG00000175054;ENSG00000164190;ENSG00000198793;ENSG00000164305;ENSG00000128829;ENSG00000143493;ENSG00000143799;ENSG00000114346;ENSG00000146872;ENSG00000196632;ENSG00000069275;ENSG00000163399;ENSG00000134001;ENSG00000122008;ENSG00000103335;ENSG00000143878;ENSG00000149547;ENSG00000102921;ENSG00000110881;ENSG00000100393;ENSG00000100811;ENSG00000143751;ENSG00000012048;ENSG00000128908;ENSG00000065559"
"GO","GOBP_POSITIVE_REGULATION_OF_CELL_ADHESION",0.000280653056621745,0.00879899305297435,0.49849310876659,-0.302947279376469,-1.47008085935726,420,"ENSG00000124766;ENSG00000143507;ENSG00000104432;ENSG00000114251;ENSG00000124126;ENSG00000115414;ENSG00000101109;ENSG00000116106;ENSG00000140945;ENSG00000134954;ENSG00000154096;ENSG00000010810;ENSG00000083799;ENSG00000111846;ENSG00000179295;ENSG00000096968;ENSG00000163513;ENSG00000151276;ENSG00000081237;ENSG00000152818;ENSG00000189079;ENSG00000139514;ENSG00000187210;ENSG00000107968;ENSG00000168615;ENSG00000134352;ENSG00000099250;ENSG00000142867;ENSG00000135077;ENSG00000179218;ENSG00000136518;ENSG00000114315;ENSG00000157168;ENSG00000145868;ENSG00000081985;ENSG00000203710;ENSG00000196924;ENSG00000151882;ENSG00000170027;ENSG00000149084;ENSG00000132842;ENSG00000100311;ENSG00000146904;ENSG00000163939;ENSG00000198836;ENSG00000171560;ENSG00000067900;ENSG00000135074;ENSG00000204256;ENSG00000106823;ENSG00000120659;ENSG00000175040;ENSG00000073712;ENSG00000157764;ENSG00000114378;ENSG00000112715;ENSG00000176105;ENSG00000072274;ENSG00000132356;ENSG00000140836;ENSG00000119927;ENSG00000117586;ENSG00000126804;ENSG00000139613;ENSG00000102908;ENSG00000097007;ENSG00000082701;ENSG00000115232;ENSG00000071054;ENSG00000196776;ENSG00000101665;ENSG00000145555;ENSG00000008256;ENSG00000259207;ENSG00000272398;ENSG00000198793;ENSG00000081277;ENSG00000242574;ENSG00000101311;ENSG00000067606;ENSG00000166900;ENSG00000046604;ENSG00000104312;ENSG00000198759;ENSG00000125266;ENSG00000108175;ENSG00000114646;ENSG00000150760;ENSG00000108691;ENSG00000117335;ENSG00000104067;ENSG00000171150;ENSG00000168283;ENSG00000206560;ENSG00000138795;ENSG00000138448;ENSG00000103335;ENSG00000100393;ENSG00000154229;ENSG00000099942;ENSG00000164136;ENSG00000136630;ENSG00000173083;ENSG00000116977;ENSG00000118689;ENSG00000173473;ENSG00000130024;ENSG00000129514;ENSG00000049618;ENSG00000173402;ENSG00000128567;ENSG00000149311;ENSG00000169398;ENSG00000166949;ENSG00000140992;ENSG00000161905;ENSG00000066117;ENSG00000130396;ENSG00000138814;ENSG00000196371;ENSG00000113811;ENSG00000115109;ENSG00000162434;ENSG00000156735;ENSG00000196569;ENSG00000100219;ENSG00000185338;ENSG00000071051;ENSG00000135862;ENSG00000171877;ENSG00000151150;ENSG00000124508;ENSG00000095203;ENSG00000119508;ENSG00000143322"
"GO","GOMF_PROTEIN_PHOSPHATASE_BINDING",0.000287725138222462,0.00897914578821433,0.49849310876659,-0.384415371332979,-1.64606593475713,139,"ENSG00000166598;ENSG00000166888;ENSG00000145675;ENSG00000170558;ENSG00000172071;ENSG00000110075;ENSG00000105976;ENSG00000128989;ENSG00000107643;ENSG00000115808;ENSG00000013364;ENSG00000158615;ENSG00000150907;ENSG00000132842;ENSG00000131323;ENSG00000023516;ENSG00000146535;ENSG00000266826;ENSG00000108061;ENSG00000136874;ENSG00000196792;ENSG00000196090;ENSG00000124214;ENSG00000108389;ENSG00000119938;ENSG00000151422;ENSG00000131437;ENSG00000173281;ENSG00000187866;ENSG00000143079;ENSG00000197442;ENSG00000053918;ENSG00000176170;ENSG00000164924;ENSG00000171791;ENSG00000186298;ENSG00000058668;ENSG00000116698;ENSG00000196396;ENSG00000179841;ENSG00000168610;ENSG00000169398;ENSG00000147324;ENSG00000004897;ENSG00000154415;ENSG00000165280"
"GO","GOCC_CYTOPLASMIC_RIBONUCLEOPROTEIN_GRANULE",0.000293825545749262,0.00912746144868809,0.49849310876659,-0.337466446839427,-1.54691811544136,237,"ENSG00000020577;ENSG00000129474;ENSG00000078328;ENSG00000143479;ENSG00000183496;ENSG00000133794;ENSG00000037474;ENSG00000134318;ENSG00000204120;ENSG00000147894;ENSG00000152332;ENSG00000108424;ENSG00000272886;ENSG00000134852;ENSG00000205571;ENSG00000138757;ENSG00000161813;ENSG00000067900;ENSG00000215301;ENSG00000145907;ENSG00000124214;ENSG00000156414;ENSG00000114127;ENSG00000198265;ENSG00000132256;ENSG00000056586;ENSG00000117523;ENSG00000040341;ENSG00000144580;ENSG00000185728;ENSG00000126070;ENSG00000143194;ENSG00000152601;ENSG00000123908;ENSG00000174953;ENSG00000257103;ENSG00000092847;ENSG00000152520;ENSG00000162639;ENSG00000166889;ENSG00000134698;ENSG00000136231;ENSG00000081277;ENSG00000110367;ENSG00000064393;ENSG00000135387;ENSG00000064726;ENSG00000102081;ENSG00000172795;ENSG00000108256;ENSG00000121060;ENSG00000134644;ENSG00000158560;ENSG00000134001;ENSG00000070756;ENSG00000198791;ENSG00000116001;ENSG00000198576;ENSG00000138709;ENSG00000198900;ENSG00000067048;ENSG00000055917;ENSG00000149187;ENSG00000203867;ENSG00000078687;ENSG00000125107;ENSG00000157106;ENSG00000090905;ENSG00000224543;ENSG00000087263;ENSG00000111879;ENSG00000120948;ENSG00000187556;ENSG00000165280;ENSG00000165119;ENSG00000059378;ENSG00000149289;ENSG00000134744;ENSG00000157110;ENSG00000189266;ENSG00000179134;ENSG00000112531;ENSG00000178997;ENSG00000009307;ENSG00000140575;ENSG00000148730;ENSG00000183283;ENSG00000111596;ENSG00000149658;ENSG00000143569;ENSG00000114867;ENSG00000141564;ENSG00000189127;ENSG00000186868;ENSG00000254726;ENSG00000066044"
"GO","GOMF_OXIDOREDUCTION_DRIVEN_ACTIVE_TRANSMEMBRANE_TRANSPORTER_ACTIVITY",0.000308181620452923,0.00940092762931168,0.49849310876659,0.491918919318791,1.81536690956294,66,"ENSG00000167792;ENSG00000183648;ENSG00000136521;ENSG00000110717;ENSG00000145494;ENSG00000126267;ENSG00000099795;ENSG00000213619;ENSG00000184076;ENSG00000114395;ENSG00000131143;ENSG00000115286;ENSG00000164258;ENSG00000179091;ENSG00000160194;ENSG00000140990;ENSG00000065518;ENSG00000090266;ENSG00000168653;ENSG00000148290;ENSG00000010256;ENSG00000135940;ENSG00000162144;ENSG00000189043;ENSG00000109390;ENSG00000165264;ENSG00000139180;ENSG00000267855;ENSG00000125356;ENSG00000178741;ENSG00000173660;ENSG00000166136;ENSG00000198840"
"GO","GOBP_POSITIVE_REGULATION_OF_NEURON_PROJECTION_DEVELOPMENT",0.000305131351773616,0.00940092762931168,0.49849310876659,-0.384507235039064,-1.65826641639379,145,"ENSG00000171094;ENSG00000109756;ENSG00000114166;ENSG00000114251;ENSG00000010810;ENSG00000198947;ENSG00000107290;ENSG00000165527;ENSG00000112175;ENSG00000138760;ENSG00000078699;ENSG00000145868;ENSG00000018236;ENSG00000170385;ENSG00000119283;ENSG00000134313;ENSG00000218336;ENSG00000108061;ENSG00000130203;ENSG00000163558;ENSG00000157764;ENSG00000172461;ENSG00000040341;ENSG00000163785;ENSG00000153707;ENSG00000123268;ENSG00000105711;ENSG00000107779;ENSG00000106460;ENSG00000097007;ENSG00000164961;ENSG00000174953;ENSG00000151239;ENSG00000003402;ENSG00000007168;ENSG00000120332;ENSG00000135387;ENSG00000149557;ENSG00000156642;ENSG00000100393;ENSG00000068971;ENSG00000055917;ENSG00000157193;ENSG00000157240;ENSG00000183049;ENSG00000198908;ENSG00000160007;ENSG00000103319;ENSG00000184304;ENSG00000148053;ENSG00000143322;ENSG00000181754;ENSG00000101126;ENSG00000113657;ENSG00000102383;ENSG00000112697;ENSG00000117598;ENSG00000169306;ENSG00000091409;ENSG00000117385;ENSG00000116473;ENSG00000132932;ENSG00000147852;ENSG00000162733;ENSG00000172260;ENSG00000198846;ENSG00000130427;ENSG00000158092;ENSG00000062524;ENSG00000173376;ENSG00000113273"
"GO","GOMF_PHOSPHORIC_ESTER_HYDROLASE_ACTIVITY",0.000308023996676903,0.00940092762931168,0.49849310876659,-0.30743209470092,-1.47190380331883,357,"ENSG00000184588;ENSG00000143507;ENSG00000170525;ENSG00000163629;ENSG00000167065;ENSG00000003987;ENSG00000164879;ENSG00000064655;ENSG00000138735;ENSG00000116675;ENSG00000117600;ENSG00000179295;ENSG00000081237;ENSG00000152894;ENSG00000040933;ENSG00000106278;ENSG00000081377;ENSG00000154845;ENSG00000153982;ENSG00000158161;ENSG00000112679;ENSG00000102043;ENSG00000126821;ENSG00000111696;ENSG00000075711;ENSG00000084112;ENSG00000184984;ENSG00000196850;ENSG00000188542;ENSG00000163590;ENSG00000088179;ENSG00000172594;ENSG00000240891;ENSG00000221823;ENSG00000078269;ENSG00000196090;ENSG00000122643;ENSG00000068383;ENSG00000204179;ENSG00000108389;ENSG00000119938;ENSG00000138193;ENSG00000151490;ENSG00000095464;ENSG00000153707;ENSG00000122126;ENSG00000144362;ENSG00000110536;ENSG00000103381;ENSG00000087053;ENSG00000040199;ENSG00000063601;ENSG00000163082;ENSG00000206527;ENSG00000167004;ENSG00000168143;ENSG00000178425;ENSG00000136960;ENSG00000152254;ENSG00000133731;ENSG00000104331;ENSG00000138032;ENSG00000120875;ENSG00000133019;ENSG00000105426;ENSG00000173281;ENSG00000148123;ENSG00000137770;ENSG00000136205;ENSG00000182621;ENSG00000159082;ENSG00000163399;ENSG00000132670;ENSG00000107789;ENSG00000155099;ENSG00000105650;ENSG00000148660;ENSG00000144130;ENSG00000164951;ENSG00000186298;ENSG00000197386;ENSG00000154822;ENSG00000196396;ENSG00000182836;ENSG00000174606;ENSG00000211456;ENSG00000109452;ENSG00000129951;ENSG00000175215;ENSG00000125772;ENSG00000138166;ENSG00000135318;ENSG00000155893;ENSG00000198825;ENSG00000197594;ENSG00000197943;ENSG00000169398;ENSG00000075651;ENSG00000111880;ENSG00000143727;ENSG00000115020;ENSG00000102575;ENSG00000138814;ENSG00000184545;ENSG00000186732;ENSG00000153233;ENSG00000164086;ENSG00000198855;ENSG00000127947;ENSG00000112425;ENSG00000145293;ENSG00000213639;ENSG00000081913;ENSG00000101333;ENSG00000144724;ENSG00000170191;ENSG00000179598;ENSG00000139505;ENSG00000120910;ENSG00000170836;ENSG00000119414;ENSG00000241360"
"GO","GOCC_POSTSYNAPTIC_SPECIALIZATION",0.000305535997792713,0.00940092762931168,0.49849310876659,-0.303125970252224,-1.45952773107217,379,"ENSG00000152377;ENSG00000144711;ENSG00000184588;ENSG00000197959;ENSG00000125675;ENSG00000160145;ENSG00000116106;ENSG00000134909;ENSG00000135298;ENSG00000116675;ENSG00000144283;ENSG00000010810;ENSG00000158258;ENSG00000183454;ENSG00000117600;ENSG00000121871;ENSG00000107362;ENSG00000164742;ENSG00000182771;ENSG00000040933;ENSG00000115183;ENSG00000196730;ENSG00000082482;ENSG00000169032;ENSG00000101752;ENSG00000158445;ENSG00000149970;ENSG00000149403;ENSG00000115808;ENSG00000131711;ENSG00000129204;ENSG00000152578;ENSG00000176749;ENSG00000104219;ENSG00000139174;ENSG00000075711;ENSG00000198961;ENSG00000171867;ENSG00000183715;ENSG00000170385;ENSG00000131089;ENSG00000115904;ENSG00000170579;ENSG00000157680;ENSG00000008277;ENSG00000186472;ENSG00000124313;ENSG00000165802;ENSG00000011677;ENSG00000112851;ENSG00000158528;ENSG00000171208;ENSG00000152413;ENSG00000091129;ENSG00000151490;ENSG00000163785;ENSG00000137845;ENSG00000163873;ENSG00000154310;ENSG00000087053;ENSG00000138435;ENSG00000171189;ENSG00000156395;ENSG00000113742;ENSG00000097007;ENSG00000138592;ENSG00000186716;ENSG00000067141;ENSG00000118596;ENSG00000105426;ENSG00000164305;ENSG00000151025;ENSG00000136754;ENSG00000102081;ENSG00000105738;ENSG00000148700;ENSG00000151148;ENSG00000099204;ENSG00000125266;ENSG00000136379;ENSG00000148943;ENSG00000163399;ENSG00000152208;ENSG00000150995;ENSG00000156642;ENSG00000128594;ENSG00000047932;ENSG00000198576;ENSG00000156011;ENSG00000110881;ENSG00000052126;ENSG00000204217;ENSG00000113360;ENSG00000148660;ENSG00000114030;ENSG00000186297;ENSG00000109738;ENSG00000157193;ENSG00000243902;ENSG00000105464;ENSG00000116329;ENSG00000179841;ENSG00000183023;ENSG00000150672;ENSG00000146938;ENSG00000166206;ENSG00000168610;ENSG00000135766;ENSG00000116032"
"GO","GOBP_REGULATION_OF_ENDOTHELIAL_CELL_DIFFERENTIATION",0.0003156502011612,0.00947782813753766,0.49849310876659,-0.589539493485629,-1.9175766116777,32,"ENSG00000153162;ENSG00000101384;ENSG00000213694;ENSG00000175893;ENSG00000134318;ENSG00000133639;ENSG00000148516;ENSG00000067900;ENSG00000058272;ENSG00000112715;ENSG00000105672;ENSG00000046604;ENSG00000182621;ENSG00000035403"
"GO","GOBP_L_AMINO_ACID_CATABOLIC_PROCESS",0.000316300820892426,0.00947782813753766,0.49849310876659,0.45997519378341,1.77558779567215,85,"ENSG00000203797;ENSG00000160282;ENSG00000100033;ENSG00000117305;ENSG00000167701;ENSG00000151224;ENSG00000140287;ENSG00000172482;ENSG00000179761;ENSG00000128683;ENSG00000160200;ENSG00000139631;ENSG00000129596;ENSG00000162882;ENSG00000151552;ENSG00000103507;ENSG00000162174;ENSG00000135423;ENSG00000139344;ENSG00000113924;ENSG00000036473;ENSG00000127884;ENSG00000198130;ENSG00000105552;ENSG00000250799;ENSG00000072506;ENSG00000171097;ENSG00000153086;ENSG00000120053;ENSG00000078070;ENSG00000100116;ENSG00000117009;ENSG00000128928;ENSG00000089250;ENSG00000104951;ENSG00000105607;ENSG00000119689"
"GO","GOCC_CLATHRIN_COATED_VESICLE",0.000316241113819392,0.00947782813753766,0.49849310876659,-0.343473980513766,-1.55253577066869,209,"ENSG00000114251;ENSG00000003056;ENSG00000116675;ENSG00000143858;ENSG00000163749;ENSG00000157483;ENSG00000177182;ENSG00000085365;ENSG00000166128;ENSG00000008869;ENSG00000130340;ENSG00000115255;ENSG00000118473;ENSG00000197081;ENSG00000138760;ENSG00000084674;ENSG00000041353;ENSG00000144566;ENSG00000132842;ENSG00000049283;ENSG00000011405;ENSG00000130203;ENSG00000170348;ENSG00000170743;ENSG00000155097;ENSG00000136449;ENSG00000114573;ENSG00000122126;ENSG00000137845;ENSG00000072274;ENSG00000127946;ENSG00000182287;ENSG00000130147;ENSG00000189195;ENSG00000185009;ENSG00000073921;ENSG00000243244;ENSG00000134243;ENSG00000136750;ENSG00000119396;ENSG00000152291;ENSG00000168216;ENSG00000081479;ENSG00000085832;ENSG00000141367;ENSG00000006715;ENSG00000070718;ENSG00000157978;ENSG00000148358;ENSG00000144063;ENSG00000047932;ENSG00000198576;ENSG00000157107;ENSG00000119844;ENSG00000130164;ENSG00000131374;ENSG00000113282;ENSG00000113070;ENSG00000146352;ENSG00000049245;ENSG00000198825;ENSG00000166747;ENSG00000100884;ENSG00000111737;ENSG00000163251"
"GO","GOBP_SMALL_MOLECULE_CATABOLIC_PROCESS",0.0003126941551352,0.00947782813753766,0.49849310876659,0.318093141849132,1.4744469732491,354,"ENSG00000087076;ENSG00000203797;ENSG00000160282;ENSG00000100033;ENSG00000132793;ENSG00000072778;ENSG00000117305;ENSG00000101323;ENSG00000167701;ENSG00000104808;ENSG00000151224;ENSG00000132330;ENSG00000117448;ENSG00000140287;ENSG00000015413;ENSG00000117308;ENSG00000172482;ENSG00000167799;ENSG00000131446;ENSG00000179761;ENSG00000169738;ENSG00000162066;ENSG00000177225;ENSG00000213930;ENSG00000146233;ENSG00000186204;ENSG00000205560;ENSG00000149925;ENSG00000128683;ENSG00000160200;ENSG00000186115;ENSG00000141959;ENSG00000101473;ENSG00000139631;ENSG00000175701;ENSG00000101986;ENSG00000129596;ENSG00000162882;ENSG00000242612;ENSG00000151552;ENSG00000119688;ENSG00000112033;ENSG00000063854;ENSG00000127838;ENSG00000103507;ENSG00000005421;ENSG00000162174;ENSG00000060971;ENSG00000163644;ENSG00000176715;ENSG00000196502;ENSG00000104823;ENSG00000111271;ENSG00000140876;ENSG00000135423;ENSG00000139344;ENSG00000113924;ENSG00000103066;ENSG00000036473;ENSG00000002330;ENSG00000139197;ENSG00000143891;ENSG00000127884;ENSG00000198130;ENSG00000124357;ENSG00000100294;ENSG00000105552;ENSG00000163521;ENSG00000112357;ENSG00000111640;ENSG00000104325;ENSG00000250799;ENSG00000122971;ENSG00000124370;ENSG00000164708;ENSG00000156515;ENSG00000168306;ENSG00000074660;ENSG00000107537;ENSG00000186526;ENSG00000168237;ENSG00000105221;ENSG00000139684;ENSG00000140465;ENSG00000072506;ENSG00000167114;ENSG00000100348;ENSG00000171097;ENSG00000153086;ENSG00000137124;ENSG00000074800;ENSG00000108515;ENSG00000135929;ENSG00000120053;ENSG00000100253;ENSG00000128309;ENSG00000144908;ENSG00000106268;ENSG00000196139;ENSG00000113552;ENSG00000116288;ENSG00000145020;ENSG00000117480;ENSG00000103485;ENSG00000167969;ENSG00000105379;ENSG00000036530;ENSG00000078070;ENSG00000121310;ENSG00000115234;ENSG00000084754;ENSG00000111669;ENSG00000100116;ENSG00000122691;ENSG00000099968;ENSG00000117009;ENSG00000111674;ENSG00000100372;ENSG00000128311;ENSG00000128928;ENSG00000105135;ENSG00000089250;ENSG00000188266;ENSG00000186529;ENSG00000157184;ENSG00000160883;ENSG00000128039;ENSG00000025423;ENSG00000104951;ENSG00000177465;ENSG00000138796;ENSG00000005469;ENSG00000105607"
"GO","GOCC_ADHERENS_JUNCTION",0.000323233561459698,0.00964289726081529,0.49849310876659,-0.357546786467259,-1.60788051989832,198,"ENSG00000116117;ENSG00000053747;ENSG00000101384;ENSG00000116106;ENSG00000140945;ENSG00000138594;ENSG00000129474;ENSG00000144283;ENSG00000170558;ENSG00000151276;ENSG00000157483;ENSG00000152894;ENSG00000117155;ENSG00000196159;ENSG00000062038;ENSG00000084733;ENSG00000154639;ENSG00000165323;ENSG00000096696;ENSG00000100266;ENSG00000117519;ENSG00000075711;ENSG00000166689;ENSG00000120913;ENSG00000162614;ENSG00000168952;ENSG00000114796;ENSG00000075275;ENSG00000081138;ENSG00000073712;ENSG00000151422;ENSG00000150054;ENSG00000112715;ENSG00000137845;ENSG00000186111;ENSG00000134982;ENSG00000143126;ENSG00000101665;ENSG00000137710;ENSG00000008256;ENSG00000073008;ENSG00000124429;ENSG00000081277;ENSG00000113361;ENSG00000110367;ENSG00000086570;ENSG00000104419;ENSG00000196632;ENSG00000125266;ENSG00000148943;ENSG00000055813;ENSG00000028203;ENSG00000104067;ENSG00000198561;ENSG00000204217;ENSG00000057294;ENSG00000035403;ENSG00000148498;ENSG00000173402;ENSG00000150672"
"GO","GOBP_AMINO_ACID_IMPORT_ACROSS_PLASMA_MEMBRANE",0.000332970046064105,0.0097884531427009,0.49849310876659,-0.519869380191584,-1.89037598282452,53,"ENSG00000139209;ENSG00000117152;ENSG00000139514;ENSG00000003989;ENSG00000103064;ENSG00000149150;ENSG00000131389;ENSG00000180773;ENSG00000197208;ENSG00000134294;ENSG00000103257;ENSG00000147100;ENSG00000177807;ENSG00000150093;ENSG00000110436;ENSG00000131095;ENSG00000092068;ENSG00000168385;ENSG00000105281;ENSG00000017483;ENSG00000123643;ENSG00000182372;ENSG00000165349;ENSG00000151012"
"GO","GOBP_ESTABLISHMENT_OF_PROTEIN_LOCALIZATION_TO_ENDOPLASMIC_RETICULUM",0.000333894370343164,0.0097884531427009,0.49849310876659,-0.505691820579721,-1.82517000351362,51,"ENSG00000051108;ENSG00000044574;ENSG00000134109;ENSG00000174599;ENSG00000111885;ENSG00000129128;ENSG00000084733;ENSG00000198626;ENSG00000067167;ENSG00000197860;ENSG00000008952;ENSG00000118873;ENSG00000115839;ENSG00000025796;ENSG00000278771;ENSG00000065308;ENSG00000118363;ENSG00000182093"
"GO","GOBP_REGULATORY_NCRNA_MEDIATED_GENE_SILENCING",0.000329941770954216,0.0097884531427009,0.49849310876659,-0.364661199762136,-1.58580440353288,154,"ENSG00000129474;ENSG00000113569;ENSG00000122299;ENSG00000211460;ENSG00000186666;ENSG00000106723;ENSG00000162927;ENSG00000084073;ENSG00000124214;ENSG00000156414;ENSG00000198265;ENSG00000113300;ENSG00000144580;ENSG00000126070;ENSG00000143194;ENSG00000180228;ENSG00000100201;ENSG00000065526;ENSG00000123908;ENSG00000165832;ENSG00000092847;ENSG00000136937;ENSG00000133863;ENSG00000162639;ENSG00000100697;ENSG00000119720;ENSG00000134698;ENSG00000110367;ENSG00000102081;ENSG00000138767;ENSG00000134644;ENSG00000070756;ENSG00000247556;ENSG00000198791;ENSG00000203709;ENSG00000113391;ENSG00000055917;ENSG00000113360;ENSG00000269959;ENSG00000149187;ENSG00000078687;ENSG00000125107;ENSG00000090905;ENSG00000168610;ENSG00000175387;ENSG00000160710;ENSG00000166949;ENSG00000083223;ENSG00000198876;ENSG00000165119;ENSG00000158435;ENSG00000134744;ENSG00000158290;ENSG00000146453;ENSG00000256453;ENSG00000108654;ENSG00000179598;ENSG00000178997;ENSG00000074356;ENSG00000281128;ENSG00000111596;ENSG00000114867;ENSG00000066044;ENSG00000116918;ENSG00000184571;ENSG00000100354;ENSG00000100403;ENSG00000135829;ENSG00000154582"
"GO","GOBP_NEGATIVE_REGULATION_OF_LOCOMOTION",0.000332525707968206,0.0097884531427009,0.49849310876659,-0.317958417806106,-1.49811211802755,304,"ENSG00000064042;ENSG00000143507;ENSG00000011465;ENSG00000114251;ENSG00000101384;ENSG00000116106;ENSG00000154096;ENSG00000197381;ENSG00000152894;ENSG00000189079;ENSG00000276644;ENSG00000153487;ENSG00000125249;ENSG00000112175;ENSG00000099250;ENSG00000123612;ENSG00000179218;ENSG00000138336;ENSG00000140832;ENSG00000112679;ENSG00000144824;ENSG00000123728;ENSG00000138685;ENSG00000184292;ENSG00000151882;ENSG00000145147;ENSG00000146904;ENSG00000139146;ENSG00000146535;ENSG00000107104;ENSG00000100916;ENSG00000130203;ENSG00000166780;ENSG00000196090;ENSG00000074054;ENSG00000149295;ENSG00000112902;ENSG00000164938;ENSG00000069702;ENSG00000157764;ENSG00000151490;ENSG00000050030;ENSG00000070087;ENSG00000163785;ENSG00000091039;ENSG00000140526;ENSG00000067798;ENSG00000107779;ENSG00000102572;ENSG00000154305;ENSG00000163686;ENSG00000082701;ENSG00000137872;ENSG00000186716;ENSG00000101665;ENSG00000196712;ENSG00000164741;ENSG00000120332;ENSG00000050405;ENSG00000163539;ENSG00000185008;ENSG00000169855;ENSG00000185551;ENSG00000054267;ENSG00000187098;ENSG00000144339;ENSG00000183323;ENSG00000182621;ENSG00000162521;ENSG00000108691;ENSG00000171791;ENSG00000100599;ENSG00000143878;ENSG00000164326;ENSG00000198420;ENSG00000035403;ENSG00000058668;ENSG00000196396;ENSG00000118689;ENSG00000173402;ENSG00000171522;ENSG00000147162;ENSG00000159167;ENSG00000168610;ENSG00000159346;ENSG00000181852;ENSG00000143418;ENSG00000175471;ENSG00000130396;ENSG00000133121;ENSG00000153233;ENSG00000141052;ENSG00000173611;ENSG00000138660;ENSG00000169504;ENSG00000101040;ENSG00000171877;ENSG00000169375;ENSG00000196369;ENSG00000044115;ENSG00000144724;ENSG00000154710;ENSG00000137573;ENSG00000001631;ENSG00000139567;ENSG00000106299;ENSG00000113657;ENSG00000164576;ENSG00000185737;ENSG00000032219;ENSG00000164105;ENSG00000113369;ENSG00000185885;ENSG00000106799"
"GO","GOCC_ENDOPLASMIC_RETICULUM_CHAPERONE_COMPLEX",0.000336657647932732,0.00982692065431234,0.49849310876659,-0.828909298436499,-2.0006229853494,10,"ENSG00000149428;ENSG00000044574;ENSG00000166598;ENSG00000143870;ENSG00000090520"
"GO","GOBP_LIPID_EXPORT_FROM_CELL",0.000341405863757241,0.00992274896722764,0.49849310876659,-0.532368895747596,-1.88365384829931,46,"ENSG00000153162;ENSG00000141655;ENSG00000167034;ENSG00000179295;ENSG00000125257;ENSG00000007171;ENSG00000148344;ENSG00000008405;ENSG00000120659;ENSG00000073756;ENSG00000068366;ENSG00000117139;ENSG00000144891;ENSG00000053918;ENSG00000173918;ENSG00000122641;ENSG00000144747;ENSG00000069482;ENSG00000166573"
"GO","GOCC_MEMBRANE_MICRODOMAIN",0.000349916642541198,0.010126647449953,0.49849310876659,-0.330513946349654,-1.53653211857933,270,"ENSG00000107731;ENSG00000141655;ENSG00000140945;ENSG00000076641;ENSG00000154096;ENSG00000010810;ENSG00000185924;ENSG00000170558;ENSG00000198947;ENSG00000096968;ENSG00000163513;ENSG00000165029;ENSG00000081237;ENSG00000196549;ENSG00000164742;ENSG00000141458;ENSG00000170214;ENSG00000135090;ENSG00000078295;ENSG00000134352;ENSG00000154639;ENSG00000142867;ENSG00000128602;ENSG00000100266;ENSG00000213585;ENSG00000198929;ENSG00000203710;ENSG00000075711;ENSG00000171867;ENSG00000144566;ENSG00000080644;ENSG00000046653;ENSG00000108576;ENSG00000169047;ENSG00000078269;ENSG00000147676;ENSG00000187446;ENSG00000174136;ENSG00000181104;ENSG00000107779;ENSG00000130037;ENSG00000164741;ENSG00000272398;ENSG00000100030;ENSG00000137713;ENSG00000110395;ENSG00000070018;ENSG00000162909;ENSG00000147475;ENSG00000053918;ENSG00000142192;ENSG00000163399;ENSG00000114302;ENSG00000141424;ENSG00000188313;ENSG00000144063;ENSG00000198576;ENSG00000204217;ENSG00000173083;ENSG00000157193;ENSG00000035403;ENSG00000058668;ENSG00000185920;ENSG00000142634;ENSG00000180509;ENSG00000108946;ENSG00000150093;ENSG00000110436;ENSG00000179841;ENSG00000118432;ENSG00000173402;ENSG00000128567;ENSG00000114423;ENSG00000197943;ENSG00000033327;ENSG00000156113;ENSG00000186907;ENSG00000184349;ENSG00000115020"
"GO","GOBP_POSITIVE_REGULATION_OF_MONOATOMIC_ION_TRANSPORT",0.000355612312103033,0.0102042651591599,0.49849310876659,-0.371493701391807,-1.63133174219343,163,"ENSG00000171517;ENSG00000065534;ENSG00000154096;ENSG00000186810;ENSG00000036828;ENSG00000123700;ENSG00000188386;ENSG00000187848;ENSG00000167723;ENSG00000198929;ENSG00000129159;ENSG00000185482;ENSG00000075711;ENSG00000018236;ENSG00000196924;ENSG00000118507;ENSG00000100311;ENSG00000108576;ENSG00000221823;ENSG00000177119;ENSG00000198648;ENSG00000152413;ENSG00000166006;ENSG00000187446;ENSG00000169248;ENSG00000105711;ENSG00000181104;ENSG00000070961;ENSG00000147044;ENSG00000097007;ENSG00000176076;ENSG00000109689;ENSG00000170759;ENSG00000166257;ENSG00000130402;ENSG00000113262;ENSG00000126266;ENSG00000152642;ENSG00000053918;ENSG00000196632;ENSG00000108691;ENSG00000150756;ENSG00000104321;ENSG00000163794;ENSG00000198420;ENSG00000057294;ENSG00000180509;ENSG00000179841;ENSG00000137731;ENSG00000159167;ENSG00000140992;ENSG00000062716;ENSG00000064270;ENSG00000075073;ENSG00000138814;ENSG00000022267;ENSG00000161610;ENSG00000137672;ENSG00000151150;ENSG00000168710;ENSG00000120910;ENSG00000181754;ENSG00000213533;ENSG00000114279;ENSG00000092529"
"GO","GOBP_EPITHELIAL_TUBE_MORPHOGENESIS",0.000354237647085896,0.0102042651591599,0.49849310876659,-0.316711848954199,-1.49751141071917,315,"ENSG00000114251;ENSG00000101109;ENSG00000116106;ENSG00000167034;ENSG00000117707;ENSG00000036828;ENSG00000163513;ENSG00000138136;ENSG00000169379;ENSG00000170873;ENSG00000153936;ENSG00000105976;ENSG00000125812;ENSG00000112175;ENSG00000099250;ENSG00000142867;ENSG00000101752;ENSG00000128602;ENSG00000133816;ENSG00000284862;ENSG00000198626;ENSG00000115170;ENSG00000114315;ENSG00000134245;ENSG00000139174;ENSG00000075711;ENSG00000138802;ENSG00000138685;ENSG00000184292;ENSG00000145147;ENSG00000078246;ENSG00000120063;ENSG00000125686;ENSG00000198836;ENSG00000075275;ENSG00000100644;ENSG00000204256;ENSG00000221823;ENSG00000061676;ENSG00000163093;ENSG00000100014;ENSG00000141519;ENSG00000169641;ENSG00000112715;ENSG00000130702;ENSG00000166167;ENSG00000006451;ENSG00000125398;ENSG00000097007;ENSG00000168214;ENSG00000120868;ENSG00000145536;ENSG00000187498;ENSG00000100714;ENSG00000164741;ENSG00000113580;ENSG00000170549;ENSG00000164305;ENSG00000117139;ENSG00000133703;ENSG00000142875;ENSG00000251493;ENSG00000086598;ENSG00000164930;ENSG00000125266;ENSG00000104290;ENSG00000081479;ENSG00000214513;ENSG00000171791;ENSG00000182197;ENSG00000138795;ENSG00000004399;ENSG00000066468;ENSG00000143878;ENSG00000113196;ENSG00000198561;ENSG00000093000;ENSG00000171243;ENSG00000172819;ENSG00000158955;ENSG00000184634;ENSG00000183943;ENSG00000185920;ENSG00000203883;ENSG00000205213"
"GO","GOBP_ESTABLISHMENT_OF_RNA_LOCALIZATION",0.000361315395635075,0.0103241681824503,0.49849310876659,-0.369960772724815,-1.62747950048482,165,"ENSG00000051596;ENSG00000078328;ENSG00000163513;ENSG00000124789;ENSG00000113569;ENSG00000181555;ENSG00000037474;ENSG00000111224;ENSG00000013364;ENSG00000155561;ENSG00000069248;ENSG00000139496;ENSG00000030066;ENSG00000108424;ENSG00000153207;ENSG00000138757;ENSG00000060237;ENSG00000168280;ENSG00000184575;ENSG00000163904;ENSG00000108559;ENSG00000136937;ENSG00000095319;ENSG00000175054;ENSG00000205578;ENSG00000119720;ENSG00000136231;ENSG00000125676;ENSG00000102081;ENSG00000163002;ENSG00000185963;ENSG00000153201;ENSG00000122068;ENSG00000198576;ENSG00000093000;ENSG00000173273;ENSG00000116698;ENSG00000157106;ENSG00000173744;ENSG00000151461;ENSG00000149311;ENSG00000242265;ENSG00000184863;ENSG00000110713;ENSG00000196313;ENSG00000138095;ENSG00000083896;ENSG00000058673;ENSG00000136450;ENSG00000126226;ENSG00000132182"
"GO","GOMF_RNA_POLYMERASE_II_SPECIFIC_DNA_BINDING_TRANSCRIPTION_FACTOR_BINDING",0.000365594212858345,0.0104025378549442,0.49849310876659,-0.315199896994875,-1.49905221684246,334,"ENSG00000071575;ENSG00000101109;ENSG00000138162;ENSG00000167034;ENSG00000134954;ENSG00000139112;ENSG00000117707;ENSG00000162992;ENSG00000107187;ENSG00000164683;ENSG00000108510;ENSG00000096717;ENSG00000165671;ENSG00000133794;ENSG00000142867;ENSG00000183576;ENSG00000179218;ENSG00000115808;ENSG00000165617;ENSG00000114315;ENSG00000068305;ENSG00000139687;ENSG00000185591;ENSG00000127870;ENSG00000111912;ENSG00000125686;ENSG00000141027;ENSG00000196233;ENSG00000134107;ENSG00000143514;ENSG00000100644;ENSG00000008405;ENSG00000196090;ENSG00000163093;ENSG00000101843;ENSG00000263001;ENSG00000171988;ENSG00000118260;ENSG00000005339;ENSG00000066336;ENSG00000065526;ENSG00000082701;ENSG00000168214;ENSG00000253729;ENSG00000137494;ENSG00000115966;ENSG00000147649;ENSG00000119318;ENSG00000130402;ENSG00000131023;ENSG00000140682;ENSG00000064393;ENSG00000198646;ENSG00000143799;ENSG00000122779;ENSG00000121931;ENSG00000153827;ENSG00000179941;ENSG00000163960;ENSG00000124151;ENSG00000157557;ENSG00000113649;ENSG00000014824;ENSG00000138795;ENSG00000172216;ENSG00000172845;ENSG00000084676;ENSG00000054118;ENSG00000113196;ENSG00000140396;ENSG00000100393;ENSG00000172819;ENSG00000099942;ENSG00000184634;ENSG00000144747;ENSG00000136146;ENSG00000076108;ENSG00000106546;ENSG00000164934;ENSG00000125107;ENSG00000186951;ENSG00000175197;ENSG00000152192;ENSG00000164758;ENSG00000119401;ENSG00000134533;ENSG00000165417;ENSG00000180182;ENSG00000168610;ENSG00000175387;ENSG00000256061;ENSG00000166949;ENSG00000180530;ENSG00000160310;ENSG00000135547;ENSG00000183864;ENSG00000198373;ENSG00000165533;ENSG00000141384;ENSG00000145041;ENSG00000141052;ENSG00000112238;ENSG00000153234;ENSG00000100219;ENSG00000126767;ENSG00000130699;ENSG00000108654;ENSG00000177551;ENSG00000115548;ENSG00000147526;ENSG00000169375;ENSG00000119508;ENSG00000174059;ENSG00000112062;ENSG00000183735;ENSG00000122025;ENSG00000013561;ENSG00000087274"
"GO","GOBP_PROTEIN_LOCALIZATION_TO_ENDOSOME",0.000372641735876749,0.0105147076473223,0.49849310876659,-0.624008599658388,-1.95205485021223,27,"ENSG00000107362;ENSG00000165527;ENSG00000099250;ENSG00000134318;ENSG00000100266;ENSG00000134108;ENSG00000144566;ENSG00000023516;ENSG00000099290;ENSG00000112715;ENSG00000137710;ENSG00000137642;ENSG00000136379"
"GO","GOBP_AMYLOID_BETA_CLEARANCE",0.000371286675019016,0.0105147076473223,0.49849310876659,-0.56587834083108,-1.90117815268199,37,"ENSG00000103222;ENSG00000001630;ENSG00000113161;ENSG00000196549;ENSG00000197405;ENSG00000144566;ENSG00000067900;ENSG00000130203;ENSG00000073921;ENSG00000081479;ENSG00000141367;ENSG00000142192;ENSG00000130164;ENSG00000119912;ENSG00000140443;ENSG00000141052;ENSG00000103769"
"GO","GOBP_HIPPO_SIGNALING",0.000377262110726555,0.0105609333145917,0.49849310876659,-0.479646304102458,-1.79958390925434,61,"ENSG00000101109;ENSG00000114978;ENSG00000129474;ENSG00000150457;ENSG00000196159;ENSG00000096717;ENSG00000128578;ENSG00000115808;ENSG00000052723;ENSG00000047644;ENSG00000196792;ENSG00000144560;ENSG00000163681;ENSG00000151748;ENSG00000071054;ENSG00000113645;ENSG00000187079;ENSG00000173542;ENSG00000115540;ENSG00000131023;ENSG00000112739;ENSG00000018408"
"GO","GOBP_MESENCHYMAL_CELL_DIFFERENTIATION",0.00038051797530425,0.0105609333145917,0.49849310876659,-0.336477537468665,-1.53561633106357,227,"ENSG00000114251;ENSG00000115414;ENSG00000101384;ENSG00000116106;ENSG00000092421;ENSG00000111846;ENSG00000170558;ENSG00000163513;ENSG00000138623;ENSG00000164683;ENSG00000112175;ENSG00000099250;ENSG00000156299;ENSG00000128602;ENSG00000134318;ENSG00000115170;ENSG00000144730;ENSG00000114315;ENSG00000157168;ENSG00000163909;ENSG00000196950;ENSG00000162998;ENSG00000100644;ENSG00000067900;ENSG00000221823;ENSG00000073712;ENSG00000112902;ENSG00000069702;ENSG00000112715;ENSG00000130702;ENSG00000107779;ENSG00000100201;ENSG00000125398;ENSG00000082701;ENSG00000168214;ENSG00000137872;ENSG00000149294;ENSG00000101665;ENSG00000163376;ENSG00000020256;ENSG00000198793;ENSG00000100030;ENSG00000183688;ENSG00000140682;ENSG00000070018;ENSG00000018408;ENSG00000046604;ENSG00000145743;ENSG00000125630;ENSG00000106948;ENSG00000171791;ENSG00000182197;ENSG00000138795;ENSG00000141424;ENSG00000075223;ENSG00000066468;ENSG00000118257;ENSG00000113391;ENSG00000176542;ENSG00000187764;ENSG00000129514;ENSG00000131095;ENSG00000175387;ENSG00000169398;ENSG00000159346;ENSG00000075213;ENSG00000166949;ENSG00000157927;ENSG00000135547;ENSG00000167680;ENSG00000184675;ENSG00000153993;ENSG00000166197;ENSG00000115109"
"GO","GOBP_REGULATION_OF_ORGANELLE_ASSEMBLY",0.000379484496797849,0.0105609333145917,0.49849310876659,-0.327902649350439,-1.51647583203583,256,"ENSG00000114166;ENSG00000132405;ENSG00000139323;ENSG00000117280;ENSG00000148158;ENSG00000083799;ENSG00000111490;ENSG00000075618;ENSG00000084733;ENSG00000097033;ENSG00000147894;ENSG00000139174;ENSG00000164066;ENSG00000131089;ENSG00000144566;ENSG00000150867;ENSG00000182504;ENSG00000154493;ENSG00000103540;ENSG00000113300;ENSG00000169641;ENSG00000153707;ENSG00000008086;ENSG00000128881;ENSG00000011454;ENSG00000132356;ENSG00000051825;ENSG00000125875;ENSG00000118873;ENSG00000097007;ENSG00000152520;ENSG00000082701;ENSG00000115839;ENSG00000145536;ENSG00000137710;ENSG00000255112;ENSG00000063978;ENSG00000144840;ENSG00000116127;ENSG00000105426;ENSG00000198793;ENSG00000050405;ENSG00000131023;ENSG00000135387;ENSG00000131725;ENSG00000165943;ENSG00000145979;ENSG00000138767;ENSG00000148429;ENSG00000136536;ENSG00000176994;ENSG00000149557;ENSG00000119541;ENSG00000166454;ENSG00000214513;ENSG00000152208;ENSG00000108395;ENSG00000197102;ENSG00000171055;ENSG00000154429;ENSG00000012048;ENSG00000131374;ENSG00000101624;ENSG00000197386;ENSG00000125107;ENSG00000170248;ENSG00000176142;ENSG00000111837;ENSG00000119401;ENSG00000188021;ENSG00000122545;ENSG00000122417;ENSG00000077254;ENSG00000116299;ENSG00000149311;ENSG00000115355;ENSG00000047849;ENSG00000196083;ENSG00000160007;ENSG00000115020;ENSG00000136738;ENSG00000067208;ENSG00000103769;ENSG00000265808;ENSG00000083937;ENSG00000144118;ENSG00000163611"
"GO","GOBP_SENSORY_SYSTEM_DEVELOPMENT",0.000379025706335275,0.0105609333145917,0.49849310876659,-0.29313982301474,-1.42014665604754,410,"ENSG00000124766;ENSG00000153162;ENSG00000114251;ENSG00000204104;ENSG00000101384;ENSG00000166402;ENSG00000073711;ENSG00000154096;ENSG00000117707;ENSG00000198947;ENSG00000204385;ENSG00000163513;ENSG00000162992;ENSG00000112893;ENSG00000128791;ENSG00000160111;ENSG00000115159;ENSG00000102678;ENSG00000144821;ENSG00000198844;ENSG00000115844;ENSG00000099250;ENSG00000198963;ENSG00000165323;ENSG00000166575;ENSG00000168389;ENSG00000137936;ENSG00000130508;ENSG00000181449;ENSG00000136518;ENSG00000134245;ENSG00000139174;ENSG00000075711;ENSG00000184302;ENSG00000106144;ENSG00000138685;ENSG00000144191;ENSG00000118217;ENSG00000163069;ENSG00000078246;ENSG00000125686;ENSG00000115904;ENSG00000218336;ENSG00000188158;ENSG00000148516;ENSG00000069188;ENSG00000100644;ENSG00000080200;ENSG00000119685;ENSG00000163558;ENSG00000140807;ENSG00000149295;ENSG00000133026;ENSG00000171316;ENSG00000040341;ENSG00000095464;ENSG00000112715;ENSG00000136842;ENSG00000187676;ENSG00000152359;ENSG00000123552;ENSG00000125875;ENSG00000197579;ENSG00000125398;ENSG00000182187;ENSG00000131242;ENSG00000115839;ENSG00000187498;ENSG00000196712;ENSG00000099246;ENSG00000113966;ENSG00000171812;ENSG00000150625;ENSG00000164190;ENSG00000117139;ENSG00000127377;ENSG00000064393;ENSG00000113262;ENSG00000166147;ENSG00000100053;ENSG00000105738;ENSG00000187098;ENSG00000179941;ENSG00000171791;ENSG00000116688;ENSG00000172845;ENSG00000135049;ENSG00000114739;ENSG00000122641;ENSG00000172819;ENSG00000078369;ENSG00000158955;ENSG00000100811;ENSG00000204217;ENSG00000088930;ENSG00000058668;ENSG00000152192;ENSG00000150893;ENSG00000057657;ENSG00000173402;ENSG00000168610;ENSG00000178764;ENSG00000075213;ENSG00000166949;ENSG00000160439;ENSG00000129757;ENSG00000196431;ENSG00000128573;ENSG00000184349;ENSG00000163251;ENSG00000160007;ENSG00000165533;ENSG00000168267;ENSG00000157933;ENSG00000153395;ENSG00000160199;ENSG00000164073;ENSG00000140386;ENSG00000136603;ENSG00000134138;ENSG00000123096;ENSG00000169504;ENSG00000148053;ENSG00000040531;ENSG00000182372;ENSG00000177707;ENSG00000008196;ENSG00000157796;ENSG00000182704;ENSG00000162337;ENSG00000181291;ENSG00000077279;ENSG00000175544;ENSG00000139567;ENSG00000151615;ENSG00000143995;ENSG00000146350;ENSG00000111554"
"GO","GOBP_POSITIVE_REGULATION_OF_WNT_SIGNALING_PATHWAY",0.000401286079569728,0.0110918748197804,0.49849310876659,-0.379858221849067,-1.64295575986337,148,"ENSG00000166598;ENSG00000124766;ENSG00000109189;ENSG00000114251;ENSG00000109320;ENSG00000073711;ENSG00000116729;ENSG00000062038;ENSG00000102678;ENSG00000133794;ENSG00000165617;ENSG00000106723;ENSG00000138685;ENSG00000169118;ENSG00000107104;ENSG00000127603;ENSG00000060237;ENSG00000215301;ENSG00000140807;ENSG00000134371;ENSG00000112902;ENSG00000186767;ENSG00000097007;ENSG00000020181;ENSG00000138592;ENSG00000168214;ENSG00000151292;ENSG00000123607;ENSG00000138032;ENSG00000115464;ENSG00000107854;ENSG00000196632;ENSG00000179528;ENSG00000138795;ENSG00000104517;ENSG00000066468;ENSG00000115216;ENSG00000114904;ENSG00000139697;ENSG00000173273;ENSG00000101849;ENSG00000205213;ENSG00000170242;ENSG00000019995;ENSG00000166949;ENSG00000100744;ENSG00000184675;ENSG00000165280;ENSG00000101266;ENSG00000157933;ENSG00000114742"
"GO","GOBP_CELLULAR_RESPONSE_TO_ETHANOL",0.000408328060989463,0.0112275263222065,0.49849310876659,-0.760209272788344,-1.97015289569301,13,"ENSG00000123104;ENSG00000089057;ENSG00000149295;ENSG00000164938;ENSG00000132356;ENSG00000066336"
"GO","GOBP_REGULATION_OF_DENDRITE_DEVELOPMENT",0.000410846903052811,0.0112275263222065,0.49849310876659,-0.420821640341309,-1.70807035758012,95,"ENSG00000171094;ENSG00000109756;ENSG00000124126;ENSG00000116106;ENSG00000135298;ENSG00000138411;ENSG00000058866;ENSG00000165527;ENSG00000125249;ENSG00000112175;ENSG00000165323;ENSG00000168389;ENSG00000170385;ENSG00000080644;ENSG00000165802;ENSG00000118200;ENSG00000040341;ENSG00000153707;ENSG00000008086;ENSG00000154310;ENSG00000107779;ENSG00000106460;ENSG00000115297;ENSG00000097007;ENSG00000174953;ENSG00000082701;ENSG00000007168;ENSG00000135387;ENSG00000122859;ENSG00000099942;ENSG00000187764;ENSG00000063015;ENSG00000157193;ENSG00000105186;ENSG00000183049;ENSG00000198908;ENSG00000138814;ENSG00000103319"
"GO","GOBP_REGULATION_OF_CELLULAR_COMPONENT_SIZE",0.000411167532177674,0.0112275263222065,0.49849310876659,-0.307489651996323,-1.46512432178871,342,"ENSG00000053108;ENSG00000171517;ENSG00000114251;ENSG00000124126;ENSG00000115414;ENSG00000138594;ENSG00000138623;ENSG00000130340;ENSG00000164327;ENSG00000165527;ENSG00000099250;ENSG00000105887;ENSG00000183091;ENSG00000131711;ENSG00000109572;ENSG00000103187;ENSG00000161270;ENSG00000075711;ENSG00000084112;ENSG00000128872;ENSG00000078018;ENSG00000144566;ENSG00000145147;ENSG00000111664;ENSG00000127870;ENSG00000167178;ENSG00000145715;ENSG00000178301;ENSG00000107104;ENSG00000124209;ENSG00000127603;ENSG00000071909;ENSG00000130203;ENSG00000060237;ENSG00000177119;ENSG00000120756;ENSG00000198648;ENSG00000061676;ENSG00000116489;ENSG00000131779;ENSG00000100014;ENSG00000091129;ENSG00000151422;ENSG00000112902;ENSG00000117020;ENSG00000070087;ENSG00000112715;ENSG00000163785;ENSG00000008086;ENSG00000136842;ENSG00000100852;ENSG00000118260;ENSG00000070182;ENSG00000097007;ENSG00000164961;ENSG00000082701;ENSG00000151239;ENSG00000137872;ENSG00000221866;ENSG00000146376;ENSG00000137710;ENSG00000133104;ENSG00000007168;ENSG00000073921;ENSG00000105426;ENSG00000198793;ENSG00000050405;ENSG00000131023;ENSG00000163539;ENSG00000066084;ENSG00000197256;ENSG00000221955;ENSG00000148700;ENSG00000196632;ENSG00000166821;ENSG00000134248;ENSG00000273749;ENSG00000100599;ENSG00000132359;ENSG00000172819;ENSG00000163794;ENSG00000055917;ENSG00000204217;ENSG00000064651;ENSG00000187764;ENSG00000116138;ENSG00000198742;ENSG00000075213;ENSG00000156113;ENSG00000088756;ENSG00000198898;ENSG00000184349;ENSG00000161905;ENSG00000160007;ENSG00000132854;ENSG00000009694;ENSG00000152527;ENSG00000047597;ENSG00000184304;ENSG00000099337;ENSG00000156735;ENSG00000151491;ENSG00000182372;ENSG00000071051;ENSG00000137478;ENSG00000169375;ENSG00000066777;ENSG00000010319;ENSG00000127483;ENSG00000167191;ENSG00000241360;ENSG00000151615;ENSG00000087274;ENSG00000023287;ENSG00000101126;ENSG00000003393;ENSG00000133789;ENSG00000169213;ENSG00000163932;ENSG00000141564;ENSG00000115310;ENSG00000136802;ENSG00000186868;ENSG00000065320;ENSG00000123338;ENSG00000039068;ENSG00000106683;ENSG00000066044"
"GO","GOBP_NUCLEAR_TRANSPORT",0.000414338720960297,0.0112686820013781,0.49849310876659,-0.314294177054705,-1.49474472341656,334,"ENSG00000165868;ENSG00000145675;ENSG00000101109;ENSG00000051596;ENSG00000179295;ENSG00000096968;ENSG00000153487;ENSG00000130227;ENSG00000102678;ENSG00000124789;ENSG00000113569;ENSG00000128602;ENSG00000179218;ENSG00000181555;ENSG00000133704;ENSG00000104133;ENSG00000037474;ENSG00000155561;ENSG00000069248;ENSG00000137040;ENSG00000139174;ENSG00000152332;ENSG00000139496;ENSG00000030066;ENSG00000136051;ENSG00000196924;ENSG00000157500;ENSG00000205339;ENSG00000108424;ENSG00000153207;ENSG00000120709;ENSG00000196911;ENSG00000167196;ENSG00000125686;ENSG00000196862;ENSG00000132953;ENSG00000221823;ENSG00000060237;ENSG00000083312;ENSG00000111231;ENSG00000058272;ENSG00000166913;ENSG00000187446;ENSG00000136044;ENSG00000184575;ENSG00000082146;ENSG00000108559;ENSG00000082701;ENSG00000136937;ENSG00000196712;ENSG00000095319;ENSG00000205578;ENSG00000119720;ENSG00000115966;ENSG00000101311;ENSG00000065150;ENSG00000137770;ENSG00000125676;ENSG00000102081;ENSG00000112739;ENSG00000114346;ENSG00000163002;ENSG00000153201;ENSG00000104517;ENSG00000064419;ENSG00000122068;ENSG00000149547;ENSG00000112242;ENSG00000100393;ENSG00000093000;ENSG00000114030;ENSG00000120686;ENSG00000186298;ENSG00000116698;ENSG00000157106;ENSG00000171033;ENSG00000169629;ENSG00000173744;ENSG00000198742;ENSG00000114423;ENSG00000151461;ENSG00000168610;ENSG00000160710;ENSG00000140943;ENSG00000166949;ENSG00000111875;ENSG00000104375;ENSG00000184863;ENSG00000120948;ENSG00000110713;ENSG00000138814;ENSG00000183255;ENSG00000196313;ENSG00000086200;ENSG00000083896;ENSG00000058673;ENSG00000025800;ENSG00000126226;ENSG00000184304;ENSG00000132182;ENSG00000184156;ENSG00000112210;ENSG00000100219;ENSG00000112425;ENSG00000169251;ENSG00000077458;ENSG00000102753;ENSG00000168710;ENSG00000259956;ENSG00000112062;ENSG00000265972;ENSG00000069869;ENSG00000157782;ENSG00000107882;ENSG00000074356;ENSG00000198700;ENSG00000138376;ENSG00000185467;ENSG00000124762;ENSG00000204764;ENSG00000163932"
"GO","GOBP_CARDIAC_VENTRICLE_DEVELOPMENT",0.000423320050487046,0.0113758864361043,0.49849310876659,-0.39440401268901,-1.65879223672385,120,"ENSG00000124766;ENSG00000114251;ENSG00000101384;ENSG00000117707;ENSG00000163513;ENSG00000164683;ENSG00000082482;ENSG00000198626;ENSG00000115170;ENSG00000096696;ENSG00000114315;ENSG00000157168;ENSG00000145147;ENSG00000163909;ENSG00000125686;ENSG00000084073;ENSG00000100644;ENSG00000092148;ENSG00000171316;ENSG00000069702;ENSG00000169641;ENSG00000107779;ENSG00000151748;ENSG00000168214;ENSG00000101665;ENSG00000185008;ENSG00000169855;ENSG00000081479;ENSG00000075223;ENSG00000066468;ENSG00000127418;ENSG00000113196;ENSG00000204217;ENSG00000057294;ENSG00000115363;ENSG00000100815;ENSG00000152192;ENSG00000057657;ENSG00000157240;ENSG00000135766;ENSG00000130939;ENSG00000135547;ENSG00000109685"
"GO","GOBP_DEVELOPMENTAL_GROWTH_INVOLVED_IN_MORPHOGENESIS",0.000421420584794563,0.0113758864361043,0.49849310876659,-0.332563815453579,-1.52358363059448,234,"ENSG00000053108;ENSG00000171517;ENSG00000114251;ENSG00000115414;ENSG00000073711;ENSG00000143858;ENSG00000163513;ENSG00000138623;ENSG00000099250;ENSG00000104133;ENSG00000131711;ENSG00000147894;ENSG00000198399;ENSG00000139174;ENSG00000078018;ENSG00000145147;ENSG00000127870;ENSG00000167178;ENSG00000125686;ENSG00000128714;ENSG00000127603;ENSG00000130203;ENSG00000089057;ENSG00000140807;ENSG00000091129;ENSG00000112902;ENSG00000112715;ENSG00000163785;ENSG00000008086;ENSG00000124486;ENSG00000166579;ENSG00000198689;ENSG00000125398;ENSG00000097007;ENSG00000082701;ENSG00000137872;ENSG00000115232;ENSG00000221866;ENSG00000133104;ENSG00000007168;ENSG00000120332;ENSG00000105426;ENSG00000100503;ENSG00000117139;ENSG00000163539;ENSG00000128829;ENSG00000213023;ENSG00000066084;ENSG00000137770;ENSG00000067606;ENSG00000142192;ENSG00000130477;ENSG00000170017;ENSG00000273749;ENSG00000066468;ENSG00000118257;ENSG00000172819;ENSG00000055917;ENSG00000204217;ENSG00000184634;ENSG00000187764;ENSG00000035403;ENSG00000133083;ENSG00000150093;ENSG00000198742;ENSG00000100884;ENSG00000075213;ENSG00000126500;ENSG00000176406;ENSG00000184349"
"GO","GOBP_REGULATION_OF_INTRACELLULAR_TRANSPORT",0.000422927826430512,0.0113758864361043,0.49849310876659,-0.319964118350394,-1.48825887068868,271,"ENSG00000134109;ENSG00000145675;ENSG00000117280;ENSG00000169174;ENSG00000179295;ENSG00000096968;ENSG00000124789;ENSG00000198833;ENSG00000169032;ENSG00000128602;ENSG00000181555;ENSG00000037474;ENSG00000131711;ENSG00000164151;ENSG00000104219;ENSG00000152332;ENSG00000138802;ENSG00000139496;ENSG00000078018;ENSG00000196924;ENSG00000147164;ENSG00000153989;ENSG00000150961;ENSG00000132953;ENSG00000060237;ENSG00000138246;ENSG00000058272;ENSG00000108389;ENSG00000120341;ENSG00000166913;ENSG00000187446;ENSG00000143450;ENSG00000165169;ENSG00000087053;ENSG00000125875;ENSG00000116171;ENSG00000166579;ENSG00000061987;ENSG00000082701;ENSG00000144635;ENSG00000123607;ENSG00000196712;ENSG00000137710;ENSG00000182107;ENSG00000173163;ENSG00000164402;ENSG00000119720;ENSG00000173409;ENSG00000198168;ENSG00000137642;ENSG00000100030;ENSG00000101311;ENSG00000065150;ENSG00000135968;ENSG00000137770;ENSG00000125676;ENSG00000112739;ENSG00000114346;ENSG00000149557;ENSG00000158560;ENSG00000157978;ENSG00000104517;ENSG00000197102;ENSG00000149547;ENSG00000100393;ENSG00000138674;ENSG00000077380;ENSG00000120686;ENSG00000186298;ENSG00000101337;ENSG00000196396;ENSG00000171033;ENSG00000179841;ENSG00000198825;ENSG00000079332;ENSG00000166949;ENSG00000197121;ENSG00000006740;ENSG00000136167;ENSG00000120948;ENSG00000072849;ENSG00000009694;ENSG00000264364;ENSG00000184304;ENSG00000112210;ENSG00000100219;ENSG00000112425;ENSG00000103769;ENSG00000113615;ENSG00000077458;ENSG00000112276;ENSG00000054793;ENSG00000112062;ENSG00000069869;ENSG00000157782;ENSG00000068912;ENSG00000164144;ENSG00000107882;ENSG00000198707;ENSG00000187555;ENSG00000138376;ENSG00000112697"
"GO","GOBP_POSITIVE_REGULATION_OF_CELL_CELL_ADHESION",0.000425991041011129,0.0114024163230331,0.49849310876659,-0.321821527673015,-1.50011208804326,279,"ENSG00000124766;ENSG00000143507;ENSG00000104432;ENSG00000114251;ENSG00000116106;ENSG00000134954;ENSG00000154096;ENSG00000010810;ENSG00000083799;ENSG00000111846;ENSG00000179295;ENSG00000096968;ENSG00000163513;ENSG00000151276;ENSG00000081237;ENSG00000189079;ENSG00000139514;ENSG00000187210;ENSG00000107968;ENSG00000134352;ENSG00000142867;ENSG00000135077;ENSG00000136518;ENSG00000114315;ENSG00000145868;ENSG00000081985;ENSG00000203710;ENSG00000170027;ENSG00000132842;ENSG00000163939;ENSG00000198836;ENSG00000171560;ENSG00000135074;ENSG00000204256;ENSG00000120659;ENSG00000175040;ENSG00000176105;ENSG00000072274;ENSG00000132356;ENSG00000119927;ENSG00000117586;ENSG00000126804;ENSG00000139613;ENSG00000102908;ENSG00000097007;ENSG00000115232;ENSG00000196776;ENSG00000101665;ENSG00000145555;ENSG00000272398;ENSG00000198793;ENSG00000081277;ENSG00000242574;ENSG00000067606;ENSG00000104312;ENSG00000125266;ENSG00000108175;ENSG00000108691;ENSG00000117335;ENSG00000104067;ENSG00000171150;ENSG00000168283;ENSG00000138795;ENSG00000103335;ENSG00000100393;ENSG00000164136;ENSG00000136630;ENSG00000116977;ENSG00000118689;ENSG00000173473;ENSG00000130024;ENSG00000129514;ENSG00000049618;ENSG00000128567;ENSG00000169398;ENSG00000140992;ENSG00000066117;ENSG00000130396;ENSG00000138814;ENSG00000196371;ENSG00000113811;ENSG00000162434;ENSG00000100219;ENSG00000185338;ENSG00000071051;ENSG00000151150;ENSG00000124508;ENSG00000119508;ENSG00000143322"
"GO","GOBP_ADULT_BEHAVIOR",0.000441137405160978,0.0117175259773088,0.49849310876659,-0.360305762771209,-1.56686388788705,154,"ENSG00000174469;ENSG00000171094;ENSG00000197587;ENSG00000109189;ENSG00000182389;ENSG00000116106;ENSG00000141458;ENSG00000085433;ENSG00000196092;ENSG00000109572;ENSG00000204120;ENSG00000138685;ENSG00000080644;ENSG00000169684;ENSG00000021645;ENSG00000084073;ENSG00000108576;ENSG00000164197;ENSG00000152413;ENSG00000149295;ENSG00000171316;ENSG00000163586;ENSG00000136842;ENSG00000179915;ENSG00000118946;ENSG00000095139;ENSG00000007168;ENSG00000064393;ENSG00000157045;ENSG00000134644;ENSG00000142192;ENSG00000173406;ENSG00000135049;ENSG00000177807;ENSG00000164326;ENSG00000063015;ENSG00000109738;ENSG00000069482;ENSG00000183826;ENSG00000186951;ENSG00000105464;ENSG00000110436;ENSG00000116329;ENSG00000198825;ENSG00000146938;ENSG00000162736;ENSG00000153234;ENSG00000100095;ENSG00000161610;ENSG00000151491;ENSG00000040531;ENSG00000182372;ENSG00000119508;ENSG00000151012;ENSG00000164082;ENSG00000114279;ENSG00000164900;ENSG00000150361;ENSG00000146555;ENSG00000102239;ENSG00000197969;ENSG00000165699;ENSG00000169057"
"GO","GOBP_CALCIUM_ION_TRANSPORT",0.000441224028974267,0.0117175259773088,0.49849310876659,-0.300560761364932,-1.44913940723112,387,"ENSG00000157445;ENSG00000171517;ENSG00000184588;ENSG00000104369;ENSG00000117152;ENSG00000182389;ENSG00000065534;ENSG00000138172;ENSG00000239732;ENSG00000154096;ENSG00000174437;ENSG00000010810;ENSG00000186810;ENSG00000183454;ENSG00000036828;ENSG00000198947;ENSG00000081237;ENSG00000051523;ENSG00000017260;ENSG00000144357;ENSG00000188386;ENSG00000187848;ENSG00000167723;ENSG00000123104;ENSG00000104133;ENSG00000198626;ENSG00000158966;ENSG00000213585;ENSG00000114315;ENSG00000198929;ENSG00000155962;ENSG00000171867;ENSG00000196924;ENSG00000138685;ENSG00000170385;ENSG00000144191;ENSG00000159023;ENSG00000100311;ENSG00000084073;ENSG00000221823;ENSG00000092439;ENSG00000177119;ENSG00000092051;ENSG00000134851;ENSG00000152413;ENSG00000149295;ENSG00000138193;ENSG00000171316;ENSG00000153956;ENSG00000169248;ENSG00000181104;ENSG00000070961;ENSG00000139921;ENSG00000143801;ENSG00000204442;ENSG00000147044;ENSG00000152705;ENSG00000097007;ENSG00000050393;ENSG00000109689;ENSG00000133872;ENSG00000163576;ENSG00000197930;ENSG00000259207;ENSG00000150625;ENSG00000064989;ENSG00000005700;ENSG00000176273;ENSG00000089060;ENSG00000113262;ENSG00000166266;ENSG00000107736;ENSG00000126266;ENSG00000102081;ENSG00000087470;ENSG00000187231;ENSG00000196632;ENSG00000182621;ENSG00000108691;ENSG00000142192;ENSG00000067842;ENSG00000171791;ENSG00000150995;ENSG00000138448;ENSG00000104321;ENSG00000110881;ENSG00000074621;ENSG00000163794;ENSG00000148660;ENSG00000135018;ENSG00000058668;ENSG00000154822;ENSG00000175197;ENSG00000149488;ENSG00000105464;ENSG00000116329;ENSG00000179841;ENSG00000183023;ENSG00000197943;ENSG00000159167;ENSG00000116032;ENSG00000095209;ENSG00000140992;ENSG00000064270;ENSG00000102452;ENSG00000198515;ENSG00000138814;ENSG00000156026;ENSG00000148408;ENSG00000113811"
"GO","GOBP_CILIUM_ORGANIZATION",0.000444384333260087,0.0117553543157707,0.49849310876659,-0.285477872751041,-1.39871093199649,468,"ENSG00000158486;ENSG00000132405;ENSG00000204104;ENSG00000139323;ENSG00000117280;ENSG00000166402;ENSG00000132122;ENSG00000187240;ENSG00000156050;ENSG00000083799;ENSG00000164675;ENSG00000198947;ENSG00000117155;ENSG00000169379;ENSG00000198718;ENSG00000111490;ENSG00000135338;ENSG00000166128;ENSG00000081377;ENSG00000171811;ENSG00000084733;ENSG00000105948;ENSG00000104450;ENSG00000125257;ENSG00000070761;ENSG00000284862;ENSG00000139174;ENSG00000118965;ENSG00000196924;ENSG00000165972;ENSG00000164066;ENSG00000137601;ENSG00000156787;ENSG00000105792;ENSG00000182504;ENSG00000086300;ENSG00000137942;ENSG00000119685;ENSG00000103540;ENSG00000118997;ENSG00000013016;ENSG00000163093;ENSG00000197748;ENSG00000127328;ENSG00000141519;ENSG00000165115;ENSG00000166246;ENSG00000136449;ENSG00000015133;ENSG00000169641;ENSG00000131437;ENSG00000008086;ENSG00000165169;ENSG00000128881;ENSG00000124486;ENSG00000187676;ENSG00000122126;ENSG00000197603;ENSG00000130702;ENSG00000011454;ENSG00000135837;ENSG00000051825;ENSG00000125875;ENSG00000165698;ENSG00000082701;ENSG00000145536;ENSG00000101350;ENSG00000143126;ENSG00000168778;ENSG00000123607;ENSG00000114841;ENSG00000155755;ENSG00000113966;ENSG00000157856;ENSG00000138071;ENSG00000144840;ENSG00000183914;ENSG00000050405;ENSG00000173013;ENSG00000131725;ENSG00000173210;ENSG00000106477;ENSG00000112144;ENSG00000018408;ENSG00000120008;ENSG00000145979;ENSG00000053918;ENSG00000148429;ENSG00000104164;ENSG00000179941;ENSG00000099204;ENSG00000136536;ENSG00000118096;ENSG00000166454;ENSG00000070367;ENSG00000214513;ENSG00000102218;ENSG00000177807;ENSG00000133393;ENSG00000052841;ENSG00000073464;ENSG00000186710;ENSG00000131374;ENSG00000197386;ENSG00000111837;ENSG00000119401;ENSG00000173226;ENSG00000122545;ENSG00000197557;ENSG00000122417;ENSG00000153317;ENSG00000172426;ENSG00000256061;ENSG00000080298;ENSG00000115355;ENSG00000101367;ENSG00000047849;ENSG00000163075;ENSG00000160007;ENSG00000115091;ENSG00000165533;ENSG00000168385;ENSG00000168014;ENSG00000119547;ENSG00000119661;ENSG00000115459;ENSG00000163879;ENSG00000264364;ENSG00000261949;ENSG00000156042;ENSG00000083535;ENSG00000112210;ENSG00000067208;ENSG00000103769;ENSG00000118762;ENSG00000204815;ENSG00000234409"
"GO","GOBP_ENDOTHELIAL_CELL_DIFFERENTIATION",0.000452537447072959,0.0119244497726774,0.49849310876659,-0.408729351340618,-1.68754326429678,107,"ENSG00000109756;ENSG00000153162;ENSG00000101384;ENSG00000213694;ENSG00000175893;ENSG00000117707;ENSG00000151276;ENSG00000164683;ENSG00000105976;ENSG00000099250;ENSG00000134318;ENSG00000115170;ENSG00000133639;ENSG00000157168;ENSG00000123728;ENSG00000148516;ENSG00000067900;ENSG00000058272;ENSG00000158987;ENSG00000107798;ENSG00000112715;ENSG00000168214;ENSG00000137710;ENSG00000105426;ENSG00000105672;ENSG00000185551;ENSG00000046604;ENSG00000182621;ENSG00000104067;ENSG00000101445;ENSG00000114739;ENSG00000204217;ENSG00000173083;ENSG00000035403;ENSG00000203883;ENSG00000159167;ENSG00000135547;ENSG00000130396;ENSG00000261371;ENSG00000169504;ENSG00000136451;ENSG00000139567;ENSG00000087274;ENSG00000174804;ENSG00000182871;ENSG00000116473;ENSG00000198719;ENSG00000138069;ENSG00000168036;ENSG00000114790"
"GO","GOBP_POSITIVE_REGULATION_OF_LEUKOCYTE_CELL_CELL_ADHESION",0.000455026599778359,0.0119435664096862,0.49849310876659,-0.337357103729226,-1.54424017162618,231,"ENSG00000124766;ENSG00000143507;ENSG00000104432;ENSG00000116106;ENSG00000134954;ENSG00000154096;ENSG00000010810;ENSG00000083799;ENSG00000179295;ENSG00000096968;ENSG00000163513;ENSG00000081237;ENSG00000189079;ENSG00000139514;ENSG00000187210;ENSG00000107968;ENSG00000134352;ENSG00000142867;ENSG00000135077;ENSG00000136518;ENSG00000114315;ENSG00000145868;ENSG00000081985;ENSG00000203710;ENSG00000170027;ENSG00000132842;ENSG00000163939;ENSG00000198836;ENSG00000204256;ENSG00000120659;ENSG00000175040;ENSG00000176105;ENSG00000072274;ENSG00000132356;ENSG00000119927;ENSG00000117586;ENSG00000126804;ENSG00000139613;ENSG00000102908;ENSG00000097007;ENSG00000115232;ENSG00000196776;ENSG00000272398;ENSG00000198793;ENSG00000242574;ENSG00000067606;ENSG00000104312;ENSG00000125266;ENSG00000108175;ENSG00000108691;ENSG00000117335;ENSG00000171150;ENSG00000168283;ENSG00000138795;ENSG00000100393;ENSG00000164136;ENSG00000136630;ENSG00000116977;ENSG00000118689;ENSG00000173473;ENSG00000130024;ENSG00000049618"
"GO","GOBP_LEARNING_OR_MEMORY",0.00045940367626899,0.0120118984389714,0.49849310876659,-0.321887850736922,-1.492220825146,266,"ENSG00000103222;ENSG00000174469;ENSG00000114166;ENSG00000169282;ENSG00000135298;ENSG00000118515;ENSG00000010810;ENSG00000158258;ENSG00000183454;ENSG00000113161;ENSG00000196549;ENSG00000164742;ENSG00000085788;ENSG00000106278;ENSG00000115183;ENSG00000082482;ENSG00000110911;ENSG00000104133;ENSG00000213585;ENSG00000198961;ENSG00000128872;ENSG00000171867;ENSG00000181965;ENSG00000138031;ENSG00000171766;ENSG00000021645;ENSG00000100644;ENSG00000183775;ENSG00000108576;ENSG00000118058;ENSG00000130203;ENSG00000092051;ENSG00000149295;ENSG00000157764;ENSG00000118260;ENSG00000197045;ENSG00000156395;ENSG00000179915;ENSG00000097007;ENSG00000196712;ENSG00000007168;ENSG00000073921;ENSG00000100030;ENSG00000164305;ENSG00000133703;ENSG00000128829;ENSG00000104164;ENSG00000182621;ENSG00000159082;ENSG00000157045;ENSG00000142192;ENSG00000172216;ENSG00000198576;ENSG00000138138;ENSG00000110881;ENSG00000100393;ENSG00000154229;ENSG00000130164;ENSG00000163794;ENSG00000164326;ENSG00000186297;ENSG00000078725;ENSG00000197386;ENSG00000183826;ENSG00000150093;ENSG00000101349;ENSG00000131094;ENSG00000146938;ENSG00000166206;ENSG00000198908;ENSG00000256061;ENSG00000124406;ENSG00000162736;ENSG00000128573;ENSG00000075073;ENSG00000112164;ENSG00000112425;ENSG00000134138;ENSG00000126010;ENSG00000148053;ENSG00000040531;ENSG00000182372;ENSG00000224470;ENSG00000106236;ENSG00000100600;ENSG00000115526;ENSG00000151012;ENSG00000166963;ENSG00000148730;ENSG00000101126;ENSG00000033800;ENSG00000132549;ENSG00000149658;ENSG00000188191;ENSG00000187902;ENSG00000100147;ENSG00000186868;ENSG00000185900;ENSG00000155966;ENSG00000147852;ENSG00000165699;ENSG00000152495;ENSG00000169057;ENSG00000157404;ENSG00000133424;ENSG00000116752;ENSG00000104888;ENSG00000100678;ENSG00000104327;ENSG00000116147;ENSG00000107864"
"GO","GOBP_REGULATION_OF_T_CELL_ACTIVATION",0.000462297908297823,0.0120410824422802,0.49849310876659,-0.311332480083963,-1.48077495516926,333,"ENSG00000124766;ENSG00000143507;ENSG00000104432;ENSG00000146072;ENSG00000121210;ENSG00000076641;ENSG00000154096;ENSG00000010810;ENSG00000083799;ENSG00000179295;ENSG00000096968;ENSG00000163513;ENSG00000081237;ENSG00000189079;ENSG00000128791;ENSG00000139514;ENSG00000186265;ENSG00000107968;ENSG00000134352;ENSG00000142867;ENSG00000135077;ENSG00000112679;ENSG00000154447;ENSG00000014123;ENSG00000136518;ENSG00000114315;ENSG00000145868;ENSG00000081985;ENSG00000203710;ENSG00000075711;ENSG00000171867;ENSG00000081059;ENSG00000170027;ENSG00000197329;ENSG00000132842;ENSG00000073861;ENSG00000115904;ENSG00000163939;ENSG00000198836;ENSG00000148516;ENSG00000204256;ENSG00000100485;ENSG00000120659;ENSG00000136235;ENSG00000157764;ENSG00000056586;ENSG00000176105;ENSG00000072274;ENSG00000164430;ENSG00000132356;ENSG00000081181;ENSG00000119927;ENSG00000117586;ENSG00000126804;ENSG00000139613;ENSG00000097007;ENSG00000196776;ENSG00000101665;ENSG00000272398;ENSG00000198793;ENSG00000164305;ENSG00000242574;ENSG00000067606;ENSG00000078747;ENSG00000110395;ENSG00000104312;ENSG00000125266;ENSG00000108175;ENSG00000136536;ENSG00000108691;ENSG00000174564;ENSG00000117335;ENSG00000171150;ENSG00000168283;ENSG00000138795;ENSG00000172216;ENSG00000100393;ENSG00000164136;ENSG00000136630;ENSG00000113360;ENSG00000116977;ENSG00000118689;ENSG00000108946;ENSG00000173473;ENSG00000130024;ENSG00000057657;ENSG00000049618"
"GO","GOBP_PROTEIN_LOCALIZATION_TO_PLASMA_MEMBRANE",0.000465751132433067,0.0120845466238955,0.49849310876659,-0.313950830248395,-1.47189613100424,292,"ENSG00000166598;ENSG00000109756;ENSG00000184307;ENSG00000145675;ENSG00000131626;ENSG00000137145;ENSG00000162852;ENSG00000122591;ENSG00000117228;ENSG00000175497;ENSG00000017260;ENSG00000108219;ENSG00000084733;ENSG00000165527;ENSG00000158445;ENSG00000138760;ENSG00000116285;ENSG00000134318;ENSG00000113384;ENSG00000143398;ENSG00000185482;ENSG00000104219;ENSG00000075711;ENSG00000171867;ENSG00000196924;ENSG00000155744;ENSG00000123983;ENSG00000157500;ENSG00000277161;ENSG00000168461;ENSG00000067900;ENSG00000127603;ENSG00000060237;ENSG00000120756;ENSG00000163558;ENSG00000013016;ENSG00000158987;ENSG00000147533;ENSG00000100934;ENSG00000082397;ENSG00000084710;ENSG00000197535;ENSG00000125149;ENSG00000079950;ENSG00000130702;ENSG00000132356;ENSG00000138078;ENSG00000116171;ENSG00000182674;ENSG00000163681;ENSG00000179915;ENSG00000106484;ENSG00000184811;ENSG00000170759;ENSG00000137710;ENSG00000113966;ENSG00000166257;ENSG00000173163;ENSG00000140254;ENSG00000073921;ENSG00000137642;ENSG00000120992;ENSG00000081277;ENSG00000151025;ENSG00000166415;ENSG00000135968;ENSG00000130226;ENSG00000067606;ENSG00000166900;ENSG00000070018;ENSG00000086598;ENSG00000196632;ENSG00000141367;ENSG00000157978;ENSG00000070367;ENSG00000157107;ENSG00000143457;ENSG00000066027;ENSG00000057294;ENSG00000148660;ENSG00000058668;ENSG00000185920;ENSG00000168785;ENSG00000150093;ENSG00000179841;ENSG00000198742;ENSG00000049245;ENSG00000115355;ENSG00000140992;ENSG00000064270;ENSG00000006740"
"GO","GOCC_COATED_VESICLE",0.000472083343152123,0.0122020931291075,0.49849310876659,-0.315941002732728,-1.49209352678651,309,"ENSG00000114251;ENSG00000169174;ENSG00000003056;ENSG00000116675;ENSG00000143858;ENSG00000163749;ENSG00000157483;ENSG00000177182;ENSG00000085788;ENSG00000085365;ENSG00000166128;ENSG00000008869;ENSG00000134970;ENSG00000130340;ENSG00000180398;ENSG00000115255;ENSG00000118473;ENSG00000197081;ENSG00000138760;ENSG00000084674;ENSG00000138802;ENSG00000041353;ENSG00000144566;ENSG00000132842;ENSG00000150961;ENSG00000049283;ENSG00000011405;ENSG00000130203;ENSG00000136874;ENSG00000170348;ENSG00000170743;ENSG00000138768;ENSG00000107651;ENSG00000120341;ENSG00000100934;ENSG00000155097;ENSG00000136449;ENSG00000114573;ENSG00000122126;ENSG00000137845;ENSG00000072274;ENSG00000145740;ENSG00000127946;ENSG00000182287;ENSG00000095139;ENSG00000130147;ENSG00000189195;ENSG00000185009;ENSG00000073921;ENSG00000243244;ENSG00000134243;ENSG00000122218;ENSG00000136813;ENSG00000136750;ENSG00000074695;ENSG00000119396;ENSG00000152291;ENSG00000086598;ENSG00000168216;ENSG00000081479;ENSG00000085832;ENSG00000184432;ENSG00000141367;ENSG00000006715;ENSG00000070718;ENSG00000157978;ENSG00000148358;ENSG00000144063;ENSG00000047932;ENSG00000198576;ENSG00000157107;ENSG00000129083;ENSG00000119844;ENSG00000130164;ENSG00000138674;ENSG00000131374;ENSG00000100196;ENSG00000113282;ENSG00000113070;ENSG00000146352;ENSG00000117500;ENSG00000049245;ENSG00000198825;ENSG00000166747;ENSG00000100884;ENSG00000079332;ENSG00000111737"
"GO","GOBP_RESPONSE_TO_ALCOHOL",0.000477141113631578,0.0122859301198215,0.49849310876659,-0.329284677650909,-1.52151086917654,255,"ENSG00000109189;ENSG00000117152;ENSG00000173175;ENSG00000164879;ENSG00000141655;ENSG00000118515;ENSG00000010810;ENSG00000183454;ENSG00000163513;ENSG00000165029;ENSG00000081237;ENSG00000164742;ENSG00000051523;ENSG00000096060;ENSG00000078295;ENSG00000186912;ENSG00000128602;ENSG00000123104;ENSG00000154447;ENSG00000113384;ENSG00000138685;ENSG00000278540;ENSG00000138031;ENSG00000145147;ENSG00000163453;ENSG00000089057;ENSG00000198648;ENSG00000151632;ENSG00000114127;ENSG00000149295;ENSG00000166006;ENSG00000110090;ENSG00000107798;ENSG00000164938;ENSG00000069702;ENSG00000163586;ENSG00000132356;ENSG00000117586;ENSG00000118260;ENSG00000066336;ENSG00000111319;ENSG00000134240;ENSG00000113580;ENSG00000164305;ENSG00000110395;ENSG00000070018;ENSG00000186469;ENSG00000143799;ENSG00000142192;ENSG00000066468;ENSG00000122641;ENSG00000154229;ENSG00000078369;ENSG00000127955;ENSG00000012048;ENSG00000164326;ENSG00000106546;ENSG00000185920;ENSG00000069482;ENSG00000186951;ENSG00000118689;ENSG00000116329;ENSG00000173402;ENSG00000171522;ENSG00000131095;ENSG00000168610;ENSG00000175387;ENSG00000166949;ENSG00000023171;ENSG00000163273;ENSG00000184349;ENSG00000198727;ENSG00000118454;ENSG00000166148;ENSG00000137714;ENSG00000160951;ENSG00000184304;ENSG00000151790;ENSG00000126767;ENSG00000161610;ENSG00000151491"
"GO","GOBP_KIDNEY_EPITHELIUM_DEVELOPMENT",0.00048021154719873,0.0123181537789007,0.49849310876659,-0.37314103028889,-1.59690545272978,137,"ENSG00000101384;ENSG00000116106;ENSG00000163884;ENSG00000157483;ENSG00000170873;ENSG00000153936;ENSG00000125812;ENSG00000128602;ENSG00000164619;ENSG00000114315;ENSG00000134245;ENSG00000161270;ENSG00000075711;ENSG00000138685;ENSG00000184292;ENSG00000145147;ENSG00000163909;ENSG00000178301;ENSG00000023839;ENSG00000151490;ENSG00000112715;ENSG00000130702;ENSG00000081181;ENSG00000125398;ENSG00000145536;ENSG00000101665;ENSG00000272398;ENSG00000170549;ENSG00000185008;ENSG00000113658;ENSG00000251493;ENSG00000197256;ENSG00000018408;ENSG00000125266;ENSG00000171791;ENSG00000182197;ENSG00000066468;ENSG00000112246;ENSG00000158955;ENSG00000185920;ENSG00000205213;ENSG00000128567;ENSG00000175387;ENSG00000166949;ENSG00000261371;ENSG00000170561;ENSG00000260027;ENSG00000118762;ENSG00000177508;ENSG00000113578;ENSG00000174059;ENSG00000008196;ENSG00000198087"
"GO","GOMF_TUBULIN_BINDING",0.000491443600285643,0.0125587021174882,0.477270815362862,-0.299275998473595,-1.44294498409242,387,"ENSG00000184588;ENSG00000134278;ENSG00000197959;ENSG00000204104;ENSG00000139112;ENSG00000010810;ENSG00000186094;ENSG00000124164;ENSG00000198718;ENSG00000137822;ENSG00000129680;ENSG00000130779;ENSG00000072803;ENSG00000118473;ENSG00000122574;ENSG00000171533;ENSG00000181555;ENSG00000164114;ENSG00000131711;ENSG00000176749;ENSG00000134108;ENSG00000171867;ENSG00000078018;ENSG00000166503;ENSG00000107771;ENSG00000152503;ENSG00000137941;ENSG00000157500;ENSG00000135631;ENSG00000159433;ENSG00000198836;ENSG00000127603;ENSG00000157540;ENSG00000119685;ENSG00000103540;ENSG00000139116;ENSG00000139618;ENSG00000215301;ENSG00000139350;ENSG00000168280;ENSG00000074054;ENSG00000054523;ENSG00000165115;ENSG00000118200;ENSG00000187446;ENSG00000015133;ENSG00000169641;ENSG00000131437;ENSG00000160551;ENSG00000128881;ENSG00000168502;ENSG00000134709;ENSG00000011454;ENSG00000067798;ENSG00000135837;ENSG00000150628;ENSG00000166579;ENSG00000214595;ENSG00000197653;ENSG00000134982;ENSG00000165698;ENSG00000068796;ENSG00000071054;ENSG00000164118;ENSG00000101350;ENSG00000170759;ENSG00000130559;ENSG00000086062;ENSG00000156531;ENSG00000007168;ENSG00000165521;ENSG00000165209;ENSG00000100503;ENSG00000151914;ENSG00000163539;ENSG00000066084;ENSG00000126216;ENSG00000102081;ENSG00000087470;ENSG00000104419;ENSG00000163322;ENSG00000149557;ENSG00000140941;ENSG00000006715;ENSG00000158560;ENSG00000157601;ENSG00000135049;ENSG00000154429;ENSG00000166974;ENSG00000066735;ENSG00000131044;ENSG00000012048;ENSG00000128908;ENSG00000197386;ENSG00000152969;ENSG00000153094;ENSG00000021574;ENSG00000111087;ENSG00000147874;ENSG00000080561;ENSG00000173402;ENSG00000115355;ENSG00000155980;ENSG00000101367;ENSG00000047849;ENSG00000115841;ENSG00000176623;ENSG00000143494;ENSG00000137812;ENSG00000119661;ENSG00000188385;ENSG00000165476;ENSG00000138778;ENSG00000138095;ENSG00000170703;ENSG00000164972;ENSG00000084731;ENSG00000010244;ENSG00000068615;ENSG00000212916;ENSG00000103769;ENSG00000137177;ENSG00000171368;ENSG00000143924;ENSG00000102781;ENSG00000148935;ENSG00000175764;ENSG00000197892;ENSG00000001631;ENSG00000154114;ENSG00000077279;ENSG00000118308;ENSG00000116852;ENSG00000101871;ENSG00000166963"
"GO","GOBP_INSULIN_RECEPTOR_SIGNALING_PATHWAY",0.000496336768862987,0.0126360624012788,0.477270815362862,-0.379842880341236,-1.61490935388227,132,"ENSG00000106070;ENSG00000145675;ENSG00000104635;ENSG00000109458;ENSG00000179295;ENSG00000096717;ENSG00000169032;ENSG00000137936;ENSG00000150907;ENSG00000157500;ENSG00000115904;ENSG00000150867;ENSG00000107104;ENSG00000145192;ENSG00000169047;ENSG00000100485;ENSG00000011405;ENSG00000103994;ENSG00000149212;ENSG00000151422;ENSG00000117020;ENSG00000091039;ENSG00000004799;ENSG00000132356;ENSG00000166579;ENSG00000134982;ENSG00000082701;ENSG00000149639;ENSG00000274211;ENSG00000105835;ENSG00000137642;ENSG00000198793;ENSG00000100030;ENSG00000067606;ENSG00000069275;ENSG00000146247;ENSG00000119912;ENSG00000166263;ENSG00000196396;ENSG00000173473;ENSG00000147162;ENSG00000197594;ENSG00000178752;ENSG00000159346;ENSG00000184481;ENSG00000140992;ENSG00000140443"
"GO","GOBP_NEURON_MIGRATION",0.000515609159481482,0.0130775476704442,0.477270815362862,-0.354337087983207,-1.57571830857094,181,"ENSG00000152377;ENSG00000109756;ENSG00000152580;ENSG00000118407;ENSG00000112139;ENSG00000010810;ENSG00000092421;ENSG00000112137;ENSG00000156687;ENSG00000099250;ENSG00000165323;ENSG00000154447;ENSG00000131711;ENSG00000111860;ENSG00000176749;ENSG00000163697;ENSG00000196924;ENSG00000139352;ENSG00000075275;ENSG00000134369;ENSG00000165802;ENSG00000261678;ENSG00000153266;ENSG00000149295;ENSG00000091129;ENSG00000133026;ENSG00000050030;ENSG00000112715;ENSG00000008086;ENSG00000124486;ENSG00000166579;ENSG00000134014;ENSG00000106484;ENSG00000143126;ENSG00000067141;ENSG00000274211;ENSG00000147650;ENSG00000007168;ENSG00000150625;ENSG00000164190;ENSG00000120332;ENSG00000166266;ENSG00000136754;ENSG00000185551;ENSG00000108175;ENSG00000104290;ENSG00000173406;ENSG00000118257;ENSG00000099942;ENSG00000066735;ENSG00000132561;ENSG00000180357;ENSG00000077097;ENSG00000168610;ENSG00000256061;ENSG00000198799;ENSG00000075213"
"GO","GOCC_MITOCHONDRIAL_LARGE_RIBOSOMAL_SUBUNIT",0.0005196317757989,0.0131027363795701,0.477270815362862,0.505807826637552,1.78550246424717,52,"ENSG00000162910;ENSG00000214026;ENSG00000171421;ENSG00000166902;ENSG00000112651;ENSG00000172590;ENSG00000105364;ENSG00000174547;ENSG00000172172;ENSG00000096080;ENSG00000183617;ENSG00000204822;ENSG00000111639;ENSG00000143314;ENSG00000180992;ENSG00000167862;ENSG00000086504;ENSG00000242485;ENSG00000204316;ENSG00000262814;ENSG00000130312;ENSG00000136522;ENSG00000259494;ENSG00000169288;ENSG00000185608;ENSG00000116221;ENSG00000055950"
"GO","GOBP_NEGATIVE_REGULATION_OF_TRANSLATION",0.000522406795995856,0.0131027363795701,0.477270815362862,-0.383255370921375,-1.63554598858746,135,"ENSG00000112183;ENSG00000020577;ENSG00000102580;ENSG00000116106;ENSG00000129474;ENSG00000124374;ENSG00000172071;ENSG00000153064;ENSG00000196730;ENSG00000179218;ENSG00000091436;ENSG00000204120;ENSG00000215301;ENSG00000114127;ENSG00000198265;ENSG00000144580;ENSG00000126070;ENSG00000136628;ENSG00000091127;ENSG00000113742;ENSG00000123908;ENSG00000174953;ENSG00000257103;ENSG00000092847;ENSG00000136381;ENSG00000134698;ENSG00000136231;ENSG00000110367;ENSG00000128829;ENSG00000135387;ENSG00000102081;ENSG00000138617;ENSG00000134001;ENSG00000116001;ENSG00000273749;ENSG00000154229;ENSG00000149187;ENSG00000078687;ENSG00000137449;ENSG00000125107;ENSG00000090905;ENSG00000188613;ENSG00000185129;ENSG00000142864;ENSG00000187556;ENSG00000101266;ENSG00000135316;ENSG00000179134;ENSG00000055332;ENSG00000027075;ENSG00000163331;ENSG00000112531"
"GO","GOMF_PHOSPHOPROTEIN_PHOSPHATASE_ACTIVITY",0.000522177340768599,0.0131027363795701,0.477270815362862,-0.358932564967468,-1.58362274259755,170,"ENSG00000143507;ENSG00000163629;ENSG00000167065;ENSG00000003987;ENSG00000064655;ENSG00000116675;ENSG00000179295;ENSG00000081237;ENSG00000152894;ENSG00000106278;ENSG00000081377;ENSG00000154845;ENSG00000158161;ENSG00000112679;ENSG00000075711;ENSG00000084112;ENSG00000196850;ENSG00000188542;ENSG00000163590;ENSG00000088179;ENSG00000221823;ENSG00000196090;ENSG00000204179;ENSG00000108389;ENSG00000119938;ENSG00000151490;ENSG00000153707;ENSG00000110536;ENSG00000103381;ENSG00000040199;ENSG00000206527;ENSG00000138032;ENSG00000120875;ENSG00000105426;ENSG00000173281;ENSG00000137770;ENSG00000136205;ENSG00000132670;ENSG00000148660;ENSG00000164951;ENSG00000186298;ENSG00000197386;ENSG00000196396;ENSG00000175215;ENSG00000138166;ENSG00000169398;ENSG00000111880;ENSG00000143727;ENSG00000138814;ENSG00000184545;ENSG00000153233;ENSG00000164086;ENSG00000127947;ENSG00000112425;ENSG00000213639;ENSG00000081913;ENSG00000144724;ENSG00000139505;ENSG00000120910;ENSG00000170836;ENSG00000119414;ENSG00000241360"
"GO","GOBP_ELECTRON_TRANSPORT_CHAIN",0.000528118884338514,0.0131486069291927,0.477270815362862,0.412510136686916,1.69517335131365,123,"ENSG00000145335;ENSG00000167792;ENSG00000233954;ENSG00000188566;ENSG00000183648;ENSG00000136521;ENSG00000110717;ENSG00000145494;ENSG00000164919;ENSG00000140740;ENSG00000126267;ENSG00000100867;ENSG00000099795;ENSG00000213619;ENSG00000184076;ENSG00000174886;ENSG00000106153;ENSG00000131143;ENSG00000115286;ENSG00000164258;ENSG00000179091;ENSG00000160194;ENSG00000140990;ENSG00000065518;ENSG00000127948;ENSG00000090266;ENSG00000112695;ENSG00000168653;ENSG00000204922;ENSG00000010256;ENSG00000135940;ENSG00000189043;ENSG00000127184;ENSG00000109390;ENSG00000117118;ENSG00000127540;ENSG00000116288;ENSG00000088682;ENSG00000167985;ENSG00000105379;ENSG00000170516;ENSG00000165264;ENSG00000004779;ENSG00000139180;ENSG00000267855;ENSG00000125356;ENSG00000178741;ENSG00000173660;ENSG00000158828;ENSG00000111775;ENSG00000166136;ENSG00000198840;ENSG00000136003;ENSG00000114956;ENSG00000130414;ENSG00000177628;ENSG00000170906"
"GO","GOCC_ENDOPLASMIC_RETICULUM_LUMEN",0.000527850214505081,0.0131486069291927,0.477270815362862,-0.308374795456755,-1.45479726110844,306,"ENSG00000155660;ENSG00000149428;ENSG00000044574;ENSG00000166598;ENSG00000082293;ENSG00000145050;ENSG00000143870;ENSG00000102580;ENSG00000114251;ENSG00000115414;ENSG00000090520;ENSG00000164307;ENSG00000169174;ENSG00000169031;ENSG00000170558;ENSG00000132464;ENSG00000023318;ENSG00000127022;ENSG00000140284;ENSG00000108219;ENSG00000188517;ENSG00000079150;ENSG00000081051;ENSG00000179218;ENSG00000087301;ENSG00000038427;ENSG00000102595;ENSG00000084674;ENSG00000081052;ENSG00000164291;ENSG00000175073;ENSG00000185615;ENSG00000163453;ENSG00000100311;ENSG00000128595;ENSG00000145192;ENSG00000171560;ENSG00000124749;ENSG00000130203;ENSG00000154736;ENSG00000072682;ENSG00000137845;ENSG00000163389;ENSG00000136731;ENSG00000077232;ENSG00000073756;ENSG00000116406;ENSG00000154305;ENSG00000086619;ENSG00000167004;ENSG00000134901;ENSG00000187498;ENSG00000197930;ENSG00000071073;ENSG00000065485;ENSG00000171812;ENSG00000100030;ENSG00000239264;ENSG00000166147;ENSG00000178031;ENSG00000152291;ENSG00000142192;ENSG00000084234;ENSG00000065618;ENSG00000107789;ENSG00000170962;ENSG00000104112;ENSG00000163378;ENSG00000115363;ENSG00000168785;ENSG00000128590;ENSG00000197565;ENSG00000178522;ENSG00000150687;ENSG00000173402;ENSG00000143382"
"GO","GOBP_REGULATION_OF_HEMATOPOIETIC_PROGENITOR_CELL_DIFFERENTIATION",0.000543816483616699,0.0132564156034092,0.477270815362862,-0.556852289784158,-1.88304851576871,38,"ENSG00000167005;ENSG00000125878;ENSG00000114315;ENSG00000115904;ENSG00000100485;ENSG00000112715;ENSG00000217128;ENSG00000126804;ENSG00000091127;ENSG00000066336;ENSG00000097007;ENSG00000071994;ENSG00000174953;ENSG00000253729;ENSG00000078747"
"GO","GOBP_ADHERENS_JUNCTION_ORGANIZATION",0.000539311631692092,0.0132564156034092,0.477270815362862,-0.492143075107146,-1.83366398046349,58,"ENSG00000153162;ENSG00000116106;ENSG00000140945;ENSG00000170558;ENSG00000170873;ENSG00000062038;ENSG00000096696;ENSG00000166086;ENSG00000166689;ENSG00000081138;ENSG00000100014;ENSG00000073712;ENSG00000151422;ENSG00000112715;ENSG00000137845;ENSG00000186111;ENSG00000101665;ENSG00000137710;ENSG00000113361;ENSG00000125266;ENSG00000104067"
"GO","GOBP_RIBOSOME_ASSEMBLY",0.000540561986881935,0.0132564156034092,0.477270815362862,0.476464801961147,1.76630691433567,68,"ENSG00000105373;ENSG00000105732;ENSG00000177954;ENSG00000182583;ENSG00000140598;ENSG00000242372;ENSG00000115268;ENSG00000172809;ENSG00000114391;ENSG00000156928;ENSG00000142676;ENSG00000148824;ENSG00000164587;ENSG00000149806;ENSG00000233927;ENSG00000101546;ENSG00000179041;ENSG00000132591;ENSG00000168028;ENSG00000122406;ENSG00000100294;ENSG00000165792;ENSG00000178952;ENSG00000105372;ENSG00000053372;ENSG00000182841;ENSG00000197498;ENSG00000189306;ENSG00000101181;ENSG00000178605;ENSG00000241945;ENSG00000254858;ENSG00000004779;ENSG00000261236;ENSG00000122140;ENSG00000185088"
"GO","GOBP_MITOCHONDRIAL_RESPIRATORY_CHAIN_COMPLEX_ASSEMBLY",0.000536091223903271,0.0132564156034092,0.477270815362862,0.428830399914292,1.70179117980057,99,"ENSG00000110074;ENSG00000163528;ENSG00000174109;ENSG00000137288;ENSG00000099624;ENSG00000164898;ENSG00000205138;ENSG00000110717;ENSG00000130159;ENSG00000145494;ENSG00000178449;ENSG00000168273;ENSG00000178057;ENSG00000074582;ENSG00000137038;ENSG00000224877;ENSG00000215712;ENSG00000213619;ENSG00000256053;ENSG00000115286;ENSG00000186010;ENSG00000183978;ENSG00000171202;ENSG00000164258;ENSG00000168653;ENSG00000148290;ENSG00000177646;ENSG00000204922;ENSG00000203667;ENSG00000105341;ENSG00000171953;ENSG00000138495;ENSG00000181924;ENSG00000154079;ENSG00000250317;ENSG00000184857;ENSG00000168569;ENSG00000146066;ENSG00000167985"
"GO","GOBP_REGULATION_OF_MRNA_CATABOLIC_PROCESS",0.000543147565691361,0.0132564156034092,0.477270815362862,-0.338813402598826,-1.53653229426255,214,"ENSG00000112183;ENSG00000020577;ENSG00000134318;ENSG00000105939;ENSG00000204120;ENSG00000272886;ENSG00000067900;ENSG00000080802;ENSG00000114127;ENSG00000151779;ENSG00000198265;ENSG00000029363;ENSG00000113300;ENSG00000121274;ENSG00000056586;ENSG00000144580;ENSG00000185728;ENSG00000126070;ENSG00000123908;ENSG00000174953;ENSG00000092847;ENSG00000152520;ENSG00000100722;ENSG00000215251;ENSG00000166889;ENSG00000136381;ENSG00000119720;ENSG00000134698;ENSG00000136231;ENSG00000081277;ENSG00000110367;ENSG00000135387;ENSG00000102081;ENSG00000172795;ENSG00000138767;ENSG00000172239;ENSG00000134644;ENSG00000136319;ENSG00000070756;ENSG00000198791;ENSG00000260032;ENSG00000148584;ENSG00000054118;ENSG00000154229;ENSG00000138709;ENSG00000055917;ENSG00000149187;ENSG00000078687;ENSG00000125107;ENSG00000157106;ENSG00000090905;ENSG00000174606;ENSG00000188613;ENSG00000140718;ENSG00000162889;ENSG00000004948;ENSG00000142864;ENSG00000184863;ENSG00000083223;ENSG00000120948;ENSG00000079387;ENSG00000187556;ENSG00000152430;ENSG00000158435;ENSG00000149289;ENSG00000134744;ENSG00000138095;ENSG00000136450;ENSG00000146453;ENSG00000135316;ENSG00000060138;ENSG00000179134;ENSG00000112941;ENSG00000077458;ENSG00000256453;ENSG00000112531;ENSG00000112062;ENSG00000118246;ENSG00000009307;ENSG00000083520;ENSG00000184363;ENSG00000111596;ENSG00000181588;ENSG00000149658;ENSG00000163932"
"GO","GOBP_REGULATION_OF_MUSCLE_SYSTEM_PROCESS",0.000544194261333101,0.0132564156034092,0.477270815362862,-0.325715240406243,-1.49142467332585,233,"ENSG00000157445;ENSG00000184588;ENSG00000104369;ENSG00000117152;ENSG00000113389;ENSG00000182389;ENSG00000175893;ENSG00000174437;ENSG00000198947;ENSG00000123700;ENSG00000170214;ENSG00000134352;ENSG00000183576;ENSG00000105887;ENSG00000169032;ENSG00000116285;ENSG00000134318;ENSG00000198626;ENSG00000096696;ENSG00000155962;ENSG00000150907;ENSG00000075711;ENSG00000181965;ENSG00000068305;ENSG00000080644;ENSG00000067900;ENSG00000013016;ENSG00000092051;ENSG00000153956;ENSG00000181104;ENSG00000070961;ENSG00000182674;ENSG00000151239;ENSG00000101665;ENSG00000128512;ENSG00000133019;ENSG00000143799;ENSG00000046604;ENSG00000132911;ENSG00000053918;ENSG00000176170;ENSG00000077157;ENSG00000163399;ENSG00000109255;ENSG00000154229;ENSG00000163794;ENSG00000100811;ENSG00000127955;ENSG00000164326;ENSG00000057294;ENSG00000148660;ENSG00000058668;ENSG00000186951;ENSG00000118689;ENSG00000164116;ENSG00000173402;ENSG00000183023;ENSG00000154174;ENSG00000159167;ENSG00000130595;ENSG00000095209;ENSG00000166949;ENSG00000075073;ENSG00000138814"
"GO","GOCC_POSTSYNAPTIC_MEMBRANE",0.000549872378128553,0.013346723099235,0.477270815362862,-0.315058377043779,-1.48230605203777,302,"ENSG00000144711;ENSG00000125675;ENSG00000116106;ENSG00000135298;ENSG00000178695;ENSG00000166664;ENSG00000158258;ENSG00000183454;ENSG00000117600;ENSG00000198947;ENSG00000121871;ENSG00000107362;ENSG00000123700;ENSG00000152818;ENSG00000164742;ENSG00000182771;ENSG00000082482;ENSG00000099250;ENSG00000158445;ENSG00000149970;ENSG00000149403;ENSG00000115808;ENSG00000152578;ENSG00000129159;ENSG00000075711;ENSG00000184984;ENSG00000018236;ENSG00000170385;ENSG00000080644;ENSG00000131389;ENSG00000169684;ENSG00000008277;ENSG00000183775;ENSG00000124313;ENSG00000108576;ENSG00000011677;ENSG00000198934;ENSG00000171208;ENSG00000149295;ENSG00000166006;ENSG00000091129;ENSG00000151490;ENSG00000163785;ENSG00000181104;ENSG00000163873;ENSG00000138435;ENSG00000171189;ENSG00000156395;ENSG00000089169;ENSG00000163686;ENSG00000118946;ENSG00000187372;ENSG00000067141;ENSG00000259207;ENSG00000118596;ENSG00000073921;ENSG00000133019;ENSG00000105426;ENSG00000151025;ENSG00000102081;ENSG00000125266;ENSG00000114646;ENSG00000136379;ENSG00000148943;ENSG00000152208;ENSG00000128594;ENSG00000198576;ENSG00000118257;ENSG00000138138;ENSG00000110881;ENSG00000099942;ENSG00000187764;ENSG00000186297;ENSG00000109738;ENSG00000157193;ENSG00000185920;ENSG00000243902;ENSG00000105464;ENSG00000116329;ENSG00000179841;ENSG00000173402;ENSG00000150672;ENSG00000146938;ENSG00000166206;ENSG00000116032;ENSG00000156113;ENSG00000182901;ENSG00000186479;ENSG00000145451;ENSG00000155974;ENSG00000187730;ENSG00000123096;ENSG00000234965;ENSG00000185070;ENSG00000151150;ENSG00000136267;ENSG00000177707;ENSG00000225968;ENSG00000120251;ENSG00000152767;ENSG00000164082;ENSG00000145934;ENSG00000198785;ENSG00000162951;ENSG00000171603"
"GO","GOBP_CYTOSKELETON_DEPENDENT_INTRACELLULAR_TRANSPORT",0.00056394301643114,0.0135908260045256,0.477270815362862,-0.334233687559182,-1.52017769727696,222,"ENSG00000204104;ENSG00000166402;ENSG00000164142;ENSG00000118242;ENSG00000187240;ENSG00000186094;ENSG00000117155;ENSG00000115993;ENSG00000135338;ENSG00000072803;ENSG00000105948;ENSG00000169032;ENSG00000171533;ENSG00000104133;ENSG00000131711;ENSG00000139174;ENSG00000134108;ENSG00000041353;ENSG00000118965;ENSG00000078018;ENSG00000164066;ENSG00000132842;ENSG00000198836;ENSG00000100644;ENSG00000137942;ENSG00000139116;ENSG00000124214;ENSG00000168280;ENSG00000054523;ENSG00000197535;ENSG00000015133;ENSG00000040341;ENSG00000131437;ENSG00000165169;ENSG00000134709;ENSG00000166579;ENSG00000151746;ENSG00000101350;ENSG00000170759;ENSG00000123607;ENSG00000145555;ENSG00000185009;ENSG00000007168;ENSG00000182606;ENSG00000130402;ENSG00000151914;ENSG00000175582;ENSG00000112144;ENSG00000131966;ENSG00000104164;ENSG00000118096;ENSG00000149557;ENSG00000185963;ENSG00000142192;ENSG00000070718;ENSG00000158560;ENSG00000135049;ENSG00000107282;ENSG00000197102;ENSG00000165813;ENSG00000077380;ENSG00000197386;ENSG00000021574;ENSG00000111837;ENSG00000128833;ENSG00000197557;ENSG00000188428;ENSG00000150672;ENSG00000126858;ENSG00000185129;ENSG00000115355;ENSG00000155980"
"GO","GOBP_EPIDERMIS_DEVELOPMENT",0.000563569599976213,0.0135908260045256,0.477270815362862,-0.312975347356466,-1.47819530649902,310,"ENSG00000114251;ENSG00000101109;ENSG00000053747;ENSG00000101384;ENSG00000175893;ENSG00000174437;ENSG00000150457;ENSG00000204385;ENSG00000134363;ENSG00000164659;ENSG00000062038;ENSG00000017260;ENSG00000168615;ENSG00000169032;ENSG00000128602;ENSG00000116285;ENSG00000118263;ENSG00000037474;ENSG00000148154;ENSG00000134318;ENSG00000118523;ENSG00000096696;ENSG00000171346;ENSG00000114315;ENSG00000033867;ENSG00000143398;ENSG00000126821;ENSG00000138802;ENSG00000116990;ENSG00000164066;ENSG00000159184;ENSG00000132842;ENSG00000125686;ENSG00000115904;ENSG00000084073;ENSG00000067900;ENSG00000120756;ENSG00000129437;ENSG00000198176;ENSG00000196937;ENSG00000084090;ENSG00000127863;ENSG00000130702;ENSG00000129116;ENSG00000151748;ENSG00000125398;ENSG00000138386;ENSG00000168214;ENSG00000186716;ENSG00000196712;ENSG00000007168;ENSG00000186862;ENSG00000081277;ENSG00000164305;ENSG00000101311;ENSG00000131023;ENSG00000107736;ENSG00000053918;ENSG00000164930;ENSG00000104290;ENSG00000124151;ENSG00000134531;ENSG00000113648;ENSG00000065618;ENSG00000171791;ENSG00000182197;ENSG00000066468;ENSG00000064195;ENSG00000110723;ENSG00000122641;ENSG00000171243;ENSG00000055917;ENSG00000154227;ENSG00000186297;ENSG00000173083;ENSG00000185920;ENSG00000069482;ENSG00000186951;ENSG00000203883;ENSG00000204928;ENSG00000111087;ENSG00000205213;ENSG00000125780"
"GO","GOBP_VENTRICULAR_SEPTUM_MORPHOGENESIS",0.000571602061945311,0.0137059462361131,0.477270815362862,-0.541424493757064,-1.86981813917085,41,"ENSG00000124766;ENSG00000117707;ENSG00000163513;ENSG00000164683;ENSG00000115170;ENSG00000114315;ENSG00000145147;ENSG00000163909;ENSG00000069702;ENSG00000107779;ENSG00000151748;ENSG00000168214;ENSG00000101665;ENSG00000185008;ENSG00000169855;ENSG00000066468;ENSG00000127418;ENSG00000204217;ENSG00000157240;ENSG00000135766;ENSG00000135547;ENSG00000109685"
"GO","GOBP_DENDRITE_MORPHOGENESIS",0.000572767688248673,0.0137059462361131,0.477270815362862,-0.378779650815644,-1.62437257683563,140,"ENSG00000109756;ENSG00000135905;ENSG00000116106;ENSG00000138311;ENSG00000134909;ENSG00000135298;ENSG00000010810;ENSG00000132640;ENSG00000112137;ENSG00000115993;ENSG00000138411;ENSG00000125249;ENSG00000099250;ENSG00000171533;ENSG00000110911;ENSG00000118263;ENSG00000176749;ENSG00000078018;ENSG00000068305;ENSG00000170385;ENSG00000080644;ENSG00000165802;ENSG00000040341;ENSG00000153707;ENSG00000008086;ENSG00000154310;ENSG00000106460;ENSG00000115297;ENSG00000174953;ENSG00000082701;ENSG00000143126;ENSG00000007168;ENSG00000073921;ENSG00000135387;ENSG00000136754;ENSG00000122859;ENSG00000198576;ENSG00000187764;ENSG00000157193;ENSG00000150093;ENSG00000160305;ENSG00000105186;ENSG00000166206;ENSG00000198908;ENSG00000066248;ENSG00000075213;ENSG00000166949;ENSG00000006740;ENSG00000138814;ENSG00000103319;ENSG00000139220;ENSG00000182580;ENSG00000163110;ENSG00000184402;ENSG00000152767;ENSG00000106299;ENSG00000069869;ENSG00000174804;ENSG00000102383;ENSG00000169306;ENSG00000066032;ENSG00000154928;ENSG00000147852;ENSG00000077264"
"GO","GOBP_NEGATIVE_REGULATION_OF_TOR_SIGNALING",0.000593864886627314,0.0141110632008427,0.477270815362862,-0.453269783365888,-1.74718768753287,71,"ENSG00000176641;ENSG00000124126;ENSG00000141458;ENSG00000096717;ENSG00000133794;ENSG00000114062;ENSG00000170027;ENSG00000197329;ENSG00000100644;ENSG00000149212;ENSG00000072401;ENSG00000217128;ENSG00000132356;ENSG00000082701;ENSG00000130147;ENSG00000159459;ENSG00000142875;ENSG00000145979;ENSG00000164924;ENSG00000052795;ENSG00000149311;ENSG00000079332;ENSG00000274070;ENSG00000111203;ENSG00000239282;ENSG00000169330;ENSG00000112425;ENSG00000164654;ENSG00000104343;ENSG00000024048;ENSG00000183735;ENSG00000198198;ENSG00000171100;ENSG00000177889;ENSG00000187555"
"GO","GOBP_REGULATION_OF_TRANSMEMBRANE_TRANSPORT",0.000592920866713794,0.0141110632008427,0.477270815362862,-0.30010361195236,-1.44595412305116,384,"ENSG00000106070;ENSG00000184588;ENSG00000104369;ENSG00000117152;ENSG00000145675;ENSG00000169282;ENSG00000169174;ENSG00000163884;ENSG00000239732;ENSG00000154096;ENSG00000010810;ENSG00000186810;ENSG00000183454;ENSG00000179295;ENSG00000198947;ENSG00000123700;ENSG00000152818;ENSG00000051523;ENSG00000175497;ENSG00000144357;ENSG00000188386;ENSG00000196730;ENSG00000187848;ENSG00000128989;ENSG00000198626;ENSG00000213585;ENSG00000198929;ENSG00000155962;ENSG00000129159;ENSG00000185482;ENSG00000075711;ENSG00000171867;ENSG00000196924;ENSG00000068305;ENSG00000170385;ENSG00000157500;ENSG00000118507;ENSG00000149150;ENSG00000026559;ENSG00000169047;ENSG00000221823;ENSG00000060237;ENSG00000177119;ENSG00000163558;ENSG00000198648;ENSG00000155096;ENSG00000159399;ENSG00000092051;ENSG00000166006;ENSG00000171316;ENSG00000157764;ENSG00000187446;ENSG00000136044;ENSG00000153956;ENSG00000169248;ENSG00000143450;ENSG00000176105;ENSG00000091039;ENSG00000105711;ENSG00000181104;ENSG00000143801;ENSG00000163681;ENSG00000097007;ENSG00000176076;ENSG00000109689;ENSG00000103257;ENSG00000259207;ENSG00000173163;ENSG00000131183;ENSG00000130402;ENSG00000143079;ENSG00000113262;ENSG00000130226;ENSG00000102081;ENSG00000187231;ENSG00000053918;ENSG00000196632;ENSG00000142192;ENSG00000171791;ENSG00000047932;ENSG00000115216;ENSG00000150756;ENSG00000114904;ENSG00000198561;ENSG00000164326;ENSG00000198420;ENSG00000135018;ENSG00000058668;ENSG00000166263;ENSG00000149488;ENSG00000105464;ENSG00000180509;ENSG00000150093;ENSG00000110436;ENSG00000179841;ENSG00000183023;ENSG00000137731;ENSG00000197594;ENSG00000178752;ENSG00000095209;ENSG00000140992;ENSG00000062716;ENSG00000182132;ENSG00000198373;ENSG00000168385;ENSG00000138814"
"GO","GOBP_POSITIVE_REGULATION_OF_POTASSIUM_ION_TRANSMEMBRANE_TRANSPORT",0.000596575441152067,0.0141259052009853,0.477270815362862,-0.644846727044898,-1.9424723745747,23,"ENSG00000123700;ENSG00000198929;ENSG00000129159;ENSG00000196924;ENSG00000118507;ENSG00000198648;ENSG00000166006;ENSG00000176076;ENSG00000053918;ENSG00000180509;ENSG00000022267;ENSG00000181754"
"GO","GOMF_1_PHOSPHATIDYLINOSITOL_BINDING",0.000611517750575928,0.0144050304576128,0.477270815362862,-0.736428381141641,-1.97527694637827,15,"ENSG00000130340;ENSG00000102189;ENSG00000159023;ENSG00000086300;ENSG00000157077;ENSG00000085449;ENSG00000039319;ENSG00000073921;ENSG00000187231;ENSG00000163625"
"GO","GOBP_POSITIVE_REGULATION_OF_MESENCHYMAL_CELL_PROLIFERATION",0.000614745097792394,0.0144050304576128,0.477270815362862,-0.644181981104529,-1.94046995978197,23,"ENSG00000114251;ENSG00000163513;ENSG00000102678;ENSG00000128602;ENSG00000100852;ENSG00000107779;ENSG00000125398;ENSG00000066468;ENSG00000128573;ENSG00000197461;ENSG00000134323;ENSG00000162337;ENSG00000105989;ENSG00000168036;ENSG00000184058"
"GO","GOBP_PROTEIN_LOCALIZATION_TO_CELL_JUNCTION",0.000614288462715008,0.0144050304576128,0.477270815362862,-0.386672504496512,-1.62627490587713,120,"ENSG00000114251;ENSG00000183454;ENSG00000121871;ENSG00000107362;ENSG00000169032;ENSG00000140832;ENSG00000096696;ENSG00000104219;ENSG00000161270;ENSG00000075711;ENSG00000041353;ENSG00000196924;ENSG00000183098;ENSG00000166086;ENSG00000021645;ENSG00000186472;ENSG00000124313;ENSG00000124214;ENSG00000171208;ENSG00000168280;ENSG00000073712;ENSG00000082397;ENSG00000150054;ENSG00000040341;ENSG00000131437;ENSG00000137845;ENSG00000179915;ENSG00000165985;ENSG00000076716;ENSG00000170759;ENSG00000109270;ENSG00000166900;ENSG00000046604;ENSG00000104067;ENSG00000198561;ENSG00000035403;ENSG00000211456;ENSG00000173402;ENSG00000147162;ENSG00000150672;ENSG00000155980;ENSG00000006740;ENSG00000261371;ENSG00000155974;ENSG00000162434;ENSG00000103769;ENSG00000151502;ENSG00000180370;ENSG00000177707;ENSG00000166963;ENSG00000153786;ENSG00000162951;ENSG00000171603;ENSG00000102383;ENSG00000175104;ENSG00000186868;ENSG00000116473"
"GO","GOBP_NEGATIVE_REGULATION_OF_EXTRINSIC_APOPTOTIC_SIGNALING_PATHWAY",0.000627908893298833,0.0145623254295195,0.477270815362862,-0.412704439885542,-1.66401922915717,91,"ENSG00000104432;ENSG00000107731;ENSG00000064655;ENSG00000148841;ENSG00000010810;ENSG00000104205;ENSG00000001084;ENSG00000112175;ENSG00000099250;ENSG00000158161;ENSG00000154447;ENSG00000115170;ENSG00000157168;ENSG00000171560;ENSG00000131467;ENSG00000215301;ENSG00000118503;ENSG00000023909;ENSG00000082146;ENSG00000170633;ENSG00000082701;ENSG00000115760;ENSG00000003402;ENSG00000171791;ENSG00000138448;ENSG00000181788;ENSG00000015171;ENSG00000146247;ENSG00000012048;ENSG00000197386;ENSG00000101349"
"GO","GOBP_PHOSPHATIDYLINOSITOL_METABOLIC_PROCESS",0.000626237978162529,0.0145623254295195,0.477270815362862,-0.374064586904778,-1.61546511795947,146,"ENSG00000141506;ENSG00000003987;ENSG00000145675;ENSG00000122591;ENSG00000040933;ENSG00000174227;ENSG00000153933;ENSG00000102043;ENSG00000143398;ENSG00000184984;ENSG00000155744;ENSG00000155189;ENSG00000100311;ENSG00000150867;ENSG00000277161;ENSG00000011405;ENSG00000165195;ENSG00000078269;ENSG00000068383;ENSG00000108389;ENSG00000138193;ENSG00000038210;ENSG00000196455;ENSG00000084710;ENSG00000198382;ENSG00000122126;ENSG00000087053;ENSG00000145740;ENSG00000186111;ENSG00000063601;ENSG00000133056;ENSG00000133731;ENSG00000104331;ENSG00000123684;ENSG00000139144;ENSG00000182621;ENSG00000159082;ENSG00000143315;ENSG00000078142;ENSG00000155099;ENSG00000126775;ENSG00000154822;ENSG00000157106;ENSG00000211456;ENSG00000109452;ENSG00000198825;ENSG00000060642;ENSG00000197943;ENSG00000149311;ENSG00000197121;ENSG00000115020"
"GO","GOBP_LYMPHOCYTE_DIFFERENTIATION",0.000627754265809163,0.0145623254295195,0.477270815362862,-0.302392616601568,-1.45815169624553,388,"ENSG00000008513;ENSG00000124766;ENSG00000166888;ENSG00000143507;ENSG00000130584;ENSG00000104432;ENSG00000124126;ENSG00000069667;ENSG00000155760;ENSG00000121210;ENSG00000135905;ENSG00000145675;ENSG00000138378;ENSG00000198018;ENSG00000239732;ENSG00000083799;ENSG00000163513;ENSG00000081237;ENSG00000189079;ENSG00000116678;ENSG00000134352;ENSG00000072736;ENSG00000196092;ENSG00000110777;ENSG00000154447;ENSG00000136518;ENSG00000203710;ENSG00000081059;ENSG00000143365;ENSG00000132842;ENSG00000174405;ENSG00000073861;ENSG00000115904;ENSG00000163939;ENSG00000198836;ENSG00000148516;ENSG00000204256;ENSG00000100485;ENSG00000136504;ENSG00000118058;ENSG00000107798;ENSG00000171316;ENSG00000157764;ENSG00000056586;ENSG00000095002;ENSG00000217128;ENSG00000117586;ENSG00000117322;ENSG00000126804;ENSG00000066336;ENSG00000139613;ENSG00000153879;ENSG00000134321;ENSG00000097007;ENSG00000168214;ENSG00000115232;ENSG00000253729;ENSG00000101665;ENSG00000144840;ENSG00000115966;ENSG00000198793;ENSG00000222028;ENSG00000067606;ENSG00000135047;ENSG00000115604;ENSG00000104312;ENSG00000108175;ENSG00000117335;ENSG00000171150;ENSG00000168283;ENSG00000171791;ENSG00000138795;ENSG00000172845;ENSG00000100393;ENSG00000122641;ENSG00000164136;ENSG00000100811;ENSG00000136630;ENSG00000113360;ENSG00000113303;ENSG00000175505;ENSG00000116977;ENSG00000154822;ENSG00000077097;ENSG00000118689;ENSG00000128590;ENSG00000150093;ENSG00000173473;ENSG00000130024;ENSG00000057657;ENSG00000049618;ENSG00000171522;ENSG00000197943;ENSG00000168610;ENSG00000149311"
"GO","GOBP_REGULATION_OF_ORGAN_GROWTH",0.000634709574595154,0.0146698062769911,0.477270815362862,-0.435435378862093,-1.72708019063937,83,"ENSG00000104432;ENSG00000117152;ENSG00000101109;ENSG00000117707;ENSG00000150457;ENSG00000102678;ENSG00000082482;ENSG00000128602;ENSG00000162769;ENSG00000157168;ENSG00000138685;ENSG00000047644;ENSG00000108576;ENSG00000144560;ENSG00000069702;ENSG00000107779;ENSG00000143194;ENSG00000151748;ENSG00000168214;ENSG00000113645;ENSG00000131023;ENSG00000066468;ENSG00000100811;ENSG00000136630;ENSG00000186951;ENSG00000153094;ENSG00000111087;ENSG00000154174;ENSG00000078579;ENSG00000104375;ENSG00000135547;ENSG00000076555"
"GO","GOBP_TYPE_B_PANCREATIC_CELL_DIFFERENTIATION",0.000637310086081144,0.0146798091936786,0.477270815362862,-0.609165070490321,-1.9056205813213,27,"ENSG00000153162;ENSG00000114251;ENSG00000170558;ENSG00000133794;ENSG00000112175;ENSG00000128602;ENSG00000185002;ENSG00000173404;ENSG00000134852;ENSG00000082701"
"GO","GOBP_MITOCHONDRION_ORGANIZATION",0.000642654634744695,0.0147270973159481,0.477270815362862,0.305657271944633,1.43844588063717,408,"ENSG00000110074;ENSG00000117305;ENSG00000188906;ENSG00000175793;ENSG00000102125;ENSG00000163528;ENSG00000174109;ENSG00000115317;ENSG00000108797;ENSG00000137288;ENSG00000099624;ENSG00000166323;ENSG00000145335;ENSG00000164898;ENSG00000196683;ENSG00000160789;ENSG00000205138;ENSG00000175567;ENSG00000110717;ENSG00000130159;ENSG00000177427;ENSG00000128654;ENSG00000250479;ENSG00000145494;ENSG00000215021;ENSG00000214253;ENSG00000242114;ENSG00000148343;ENSG00000197785;ENSG00000171246;ENSG00000178449;ENSG00000135537;ENSG00000158941;ENSG00000215915;ENSG00000168273;ENSG00000186642;ENSG00000178057;ENSG00000160072;ENSG00000074582;ENSG00000187531;ENSG00000137038;ENSG00000245848;ENSG00000156502;ENSG00000103024;ENSG00000224877;ENSG00000124523;ENSG00000184831;ENSG00000197912;ENSG00000164362;ENSG00000215712;ENSG00000213619;ENSG00000125995;ENSG00000030110;ENSG00000151729;ENSG00000140983;ENSG00000103490;ENSG00000004142;ENSG00000167085;ENSG00000233276;ENSG00000214736;ENSG00000256525;ENSG00000196296;ENSG00000106153;ENSG00000163644;ENSG00000137463;ENSG00000221829;ENSG00000256053;ENSG00000174917;ENSG00000115286;ENSG00000161011;ENSG00000186010;ENSG00000183978;ENSG00000171202;ENSG00000002330;ENSG00000164258;ENSG00000089163;ENSG00000139197;ENSG00000165283;ENSG00000137409;ENSG00000087088;ENSG00000162972;ENSG00000119705;ENSG00000132361;ENSG00000078401;ENSG00000168653;ENSG00000148290;ENSG00000177646;ENSG00000071889;ENSG00000204922;ENSG00000173171;ENSG00000112290;ENSG00000203667;ENSG00000105341;ENSG00000125459;ENSG00000171953;ENSG00000179526;ENSG00000105327;ENSG00000143575;ENSG00000184990;ENSG00000160014;ENSG00000169230;ENSG00000278259;ENSG00000138495;ENSG00000237693;ENSG00000181924;ENSG00000072506;ENSG00000204389;ENSG00000159445;ENSG00000181284;ENSG00000105197;ENSG00000130204;ENSG00000173436;ENSG00000099800;ENSG00000178307;ENSG00000154079;ENSG00000100575;ENSG00000143543;ENSG00000125656;ENSG00000250317;ENSG00000184857;ENSG00000116288;ENSG00000105357;ENSG00000168569;ENSG00000120885;ENSG00000106028;ENSG00000146066;ENSG00000017797;ENSG00000105971;ENSG00000123892;ENSG00000167985;ENSG00000100290;ENSG00000159363;ENSG00000125652;ENSG00000213190"
"GO","GOBP_IN_UTERO_EMBRYONIC_DEVELOPMENT",0.000643712463898501,0.0147270973159481,0.477270815362862,-0.291933093046724,-1.41138373472272,399,"ENSG00000101109;ENSG00000119698;ENSG00000150457;ENSG00000186094;ENSG00000163513;ENSG00000157483;ENSG00000112893;ENSG00000144357;ENSG00000164683;ENSG00000033170;ENSG00000112175;ENSG00000123612;ENSG00000169032;ENSG00000115665;ENSG00000101752;ENSG00000169908;ENSG00000128602;ENSG00000162769;ENSG00000131149;ENSG00000138336;ENSG00000037474;ENSG00000084674;ENSG00000115170;ENSG00000136518;ENSG00000114315;ENSG00000170385;ENSG00000150961;ENSG00000174405;ENSG00000162104;ENSG00000100311;ENSG00000120063;ENSG00000134762;ENSG00000125686;ENSG00000146535;ENSG00000100644;ENSG00000139618;ENSG00000112561;ENSG00000154727;ENSG00000061676;ENSG00000133026;ENSG00000267041;ENSG00000171316;ENSG00000034053;ENSG00000112715;ENSG00000122126;ENSG00000095002;ENSG00000137845;ENSG00000166579;ENSG00000107779;ENSG00000152601;ENSG00000163904;ENSG00000168214;ENSG00000104320;ENSG00000115760;ENSG00000163683;ENSG00000156531;ENSG00000115966;ENSG00000083093;ENSG00000171634;ENSG00000102974;ENSG00000100030;ENSG00000039537;ENSG00000105672;ENSG00000131023;ENSG00000125676;ENSG00000185551;ENSG00000074695;ENSG00000162909;ENSG00000162461;ENSG00000086598;ENSG00000108175;ENSG00000182185;ENSG00000085721;ENSG00000168283;ENSG00000138795;ENSG00000116688;ENSG00000172216;ENSG00000172845;ENSG00000066468;ENSG00000084676;ENSG00000107282;ENSG00000137815;ENSG00000113196;ENSG00000146918;ENSG00000158955;ENSG00000152684;ENSG00000186298;ENSG00000185920;ENSG00000125107;ENSG00000203883;ENSG00000153094;ENSG00000105656;ENSG00000150093;ENSG00000057657;ENSG00000165891;ENSG00000149308;ENSG00000036257;ENSG00000175387;ENSG00000135766;ENSG00000107372;ENSG00000166949;ENSG00000129757;ENSG00000104375;ENSG00000135547;ENSG00000163251;ENSG00000196584;ENSG00000143494;ENSG00000168014;ENSG00000198730;ENSG00000153233;ENSG00000122257;ENSG00000115109;ENSG00000083896;ENSG00000136450;ENSG00000112559;ENSG00000278311;ENSG00000146453;ENSG00000101452;ENSG00000132383;ENSG00000060138;ENSG00000136603;ENSG00000125633;ENSG00000167693;ENSG00000118762;ENSG00000143952;ENSG00000169375;ENSG00000152944;ENSG00000013275;ENSG00000157796;ENSG00000177565;ENSG00000139567;ENSG00000135503;ENSG00000107077;ENSG00000100024;ENSG00000113163;ENSG00000148926;ENSG00000111596;ENSG00000250120;ENSG00000185467;ENSG00000105989;ENSG00000166200;ENSG00000124762;ENSG00000100345;ENSG00000257315;ENSG00000204531;ENSG00000106799;ENSG00000175104;ENSG00000115310;ENSG00000183337;ENSG00000204103;ENSG00000100888;ENSG00000147536"
"GO","GOBP_PROTEIN_LOCALIZATION_TO_CELL_PERIPHERY",0.000656195811328118,0.0149621482636836,0.477270815362862,-0.303608481141117,-1.45423387056725,358,"ENSG00000166598;ENSG00000109756;ENSG00000184307;ENSG00000145675;ENSG00000131626;ENSG00000117280;ENSG00000166402;ENSG00000137145;ENSG00000162852;ENSG00000122591;ENSG00000117228;ENSG00000183454;ENSG00000169379;ENSG00000175497;ENSG00000017260;ENSG00000108219;ENSG00000084733;ENSG00000165527;ENSG00000169032;ENSG00000158445;ENSG00000138760;ENSG00000116285;ENSG00000134318;ENSG00000113384;ENSG00000143398;ENSG00000185482;ENSG00000104219;ENSG00000075711;ENSG00000171867;ENSG00000196924;ENSG00000155744;ENSG00000123983;ENSG00000157500;ENSG00000159023;ENSG00000183098;ENSG00000277161;ENSG00000168461;ENSG00000124313;ENSG00000067900;ENSG00000127603;ENSG00000060237;ENSG00000120756;ENSG00000163558;ENSG00000013016;ENSG00000171208;ENSG00000158987;ENSG00000147533;ENSG00000100934;ENSG00000082397;ENSG00000084710;ENSG00000197535;ENSG00000125149;ENSG00000079950;ENSG00000137845;ENSG00000130702;ENSG00000132356;ENSG00000138078;ENSG00000116171;ENSG00000182674;ENSG00000163681;ENSG00000179915;ENSG00000165985;ENSG00000106484;ENSG00000184811;ENSG00000076716;ENSG00000170759;ENSG00000137710;ENSG00000113966;ENSG00000166257;ENSG00000173163;ENSG00000140254;ENSG00000073921;ENSG00000137642;ENSG00000120992;ENSG00000081277;ENSG00000151025;ENSG00000166415;ENSG00000135968;ENSG00000130226;ENSG00000067606;ENSG00000166900;ENSG00000070018;ENSG00000086598;ENSG00000196632;ENSG00000141367;ENSG00000157978;ENSG00000070367;ENSG00000157107;ENSG00000143457;ENSG00000066027;ENSG00000127955;ENSG00000057294;ENSG00000148660;ENSG00000079819;ENSG00000058668;ENSG00000185920;ENSG00000168785;ENSG00000211456;ENSG00000150093;ENSG00000179841;ENSG00000173402;ENSG00000198742;ENSG00000049245;ENSG00000147162"
"GO","GOBP_FOCAL_ADHESION_ASSEMBLY",0.000658783376797325,0.0149707417035956,0.477270815362862,-0.430368443260228,-1.70959476738056,84,"ENSG00000064042;ENSG00000154096;ENSG00000129474;ENSG00000152894;ENSG00000099250;ENSG00000112679;ENSG00000144824;ENSG00000134318;ENSG00000143398;ENSG00000046653;ENSG00000067900;ENSG00000127603;ENSG00000074054;ENSG00000073712;ENSG00000112715;ENSG00000097007;ENSG00000186716;ENSG00000071054;ENSG00000065613;ENSG00000164741;ENSG00000243244;ENSG00000163539;ENSG00000166266;ENSG00000171791;ENSG00000206560;ENSG00000132670;ENSG00000035403;ENSG00000173517;ENSG00000169398;ENSG00000166949;ENSG00000184349;ENSG00000115109"
"GO","GOBP_ENDOTHELIUM_DEVELOPMENT",0.000665006805771947,0.0149744188402427,0.477270815362862,-0.3847671748638,-1.63239945447935,129,"ENSG00000103222;ENSG00000109756;ENSG00000153162;ENSG00000101384;ENSG00000213694;ENSG00000175893;ENSG00000117707;ENSG00000151276;ENSG00000164683;ENSG00000105976;ENSG00000099250;ENSG00000134318;ENSG00000115170;ENSG00000133639;ENSG00000157168;ENSG00000123728;ENSG00000148516;ENSG00000067900;ENSG00000058272;ENSG00000158987;ENSG00000107798;ENSG00000112715;ENSG00000168214;ENSG00000137710;ENSG00000105426;ENSG00000105672;ENSG00000185551;ENSG00000046604;ENSG00000104164;ENSG00000182621;ENSG00000104067;ENSG00000101445;ENSG00000114739;ENSG00000143878;ENSG00000204217;ENSG00000173083;ENSG00000035403;ENSG00000203883;ENSG00000159167;ENSG00000135547;ENSG00000130396;ENSG00000133121;ENSG00000261371;ENSG00000169504;ENSG00000113578;ENSG00000174059;ENSG00000198087;ENSG00000136451;ENSG00000001631;ENSG00000139567;ENSG00000087274;ENSG00000174804;ENSG00000182871;ENSG00000116473;ENSG00000198719;ENSG00000138069;ENSG00000168036;ENSG00000114790"
"GO","GOCC_EARLY_ENDOSOME_MEMBRANE",0.000665578864576649,0.0149744188402427,0.477270815362862,-0.339995560344468,-1.53279163046754,205,"ENSG00000116106;ENSG00000104635;ENSG00000078081;ENSG00000239732;ENSG00000148158;ENSG00000177182;ENSG00000116729;ENSG00000040933;ENSG00000165527;ENSG00000169446;ENSG00000115665;ENSG00000110911;ENSG00000058063;ENSG00000071189;ENSG00000109572;ENSG00000133657;ENSG00000134108;ENSG00000102189;ENSG00000136051;ENSG00000147164;ENSG00000144566;ENSG00000157500;ENSG00000135631;ENSG00000091317;ENSG00000084073;ENSG00000120451;ENSG00000168461;ENSG00000181804;ENSG00000138246;ENSG00000136235;ENSG00000157077;ENSG00000175348;ENSG00000129515;ENSG00000108389;ENSG00000038210;ENSG00000099290;ENSG00000136044;ENSG00000122126;ENSG00000079950;ENSG00000087053;ENSG00000061987;ENSG00000198689;ENSG00000165406;ENSG00000164961;ENSG00000039319;ENSG00000137642;ENSG00000078747;ENSG00000070018;ENSG00000119396;ENSG00000143376;ENSG00000176170;ENSG00000085832;ENSG00000006715;ENSG00000142192;ENSG00000198576;ENSG00000073464;ENSG00000146352;ENSG00000167332;ENSG00000049245;ENSG00000198825;ENSG00000163251;ENSG00000136868;ENSG00000115020;ENSG00000196660;ENSG00000131381"
"GO","GOMF_GTPASE_ACTIVATOR_ACTIVITY",0.000662502536840522,0.0149744188402427,0.477270815362862,-0.319639944301775,-1.48354777622077,267,"ENSG00000137962;ENSG00000109756;ENSG00000132405;ENSG00000124126;ENSG00000117152;ENSG00000145675;ENSG00000278599;ENSG00000134909;ENSG00000135298;ENSG00000154096;ENSG00000075391;ENSG00000114331;ENSG00000188419;ENSG00000111490;ENSG00000116991;ENSG00000198844;ENSG00000088538;ENSG00000099250;ENSG00000116285;ENSG00000031003;ENSG00000145087;ENSG00000147894;ENSG00000170471;ENSG00000174373;ENSG00000185989;ENSG00000109436;ENSG00000145715;ENSG00000143248;ENSG00000115904;ENSG00000088280;ENSG00000151693;ENSG00000100934;ENSG00000122126;ENSG00000137727;ENSG00000066933;ENSG00000011454;ENSG00000100852;ENSG00000125875;ENSG00000118873;ENSG00000132694;ENSG00000164506;ENSG00000152061;ENSG00000136111;ENSG00000186716;ENSG00000115839;ENSG00000146376;ENSG00000196712;ENSG00000128512;ENSG00000164741;ENSG00000140750;ENSG00000087470;ENSG00000165322;ENSG00000188559;ENSG00000105738;ENSG00000114346;ENSG00000145979;ENSG00000148429;ENSG00000176994;ENSG00000182621;ENSG00000150760;ENSG00000148908;ENSG00000102218;ENSG00000097096;ENSG00000074696;ENSG00000133138;ENSG00000100599;ENSG00000136895;ENSG00000132359;ENSG00000116641;ENSG00000132613;ENSG00000131374;ENSG00000165219;ENSG00000155903;ENSG00000196914;ENSG00000079482;ENSG00000173744;ENSG00000253148;ENSG00000105186;ENSG00000153317;ENSG00000157985;ENSG00000088756;ENSG00000179387;ENSG00000006740;ENSG00000160007;ENSG00000182901;ENSG00000107863;ENSG00000133121;ENSG00000115459"
"GO","GOBP_CEREBRAL_CORTEX_DEVELOPMENT",0.000671058843445722,0.0150477168470677,0.477270815362862,-0.388098033927191,-1.63621137601484,122,"ENSG00000174469;ENSG00000118407;ENSG00000138162;ENSG00000112139;ENSG00000170558;ENSG00000132640;ENSG00000112137;ENSG00000196159;ENSG00000085433;ENSG00000145545;ENSG00000196092;ENSG00000128602;ENSG00000284862;ENSG00000176749;ENSG00000196924;ENSG00000139352;ENSG00000145147;ENSG00000159131;ENSG00000100644;ENSG00000166780;ENSG00000106692;ENSG00000166579;ENSG00000082701;ENSG00000134294;ENSG00000274211;ENSG00000196712;ENSG00000007168;ENSG00000105426;ENSG00000169855;ENSG00000108175;ENSG00000182621;ENSG00000173406;ENSG00000070770;ENSG00000084676;ENSG00000099942;ENSG00000066735;ENSG00000157193"
"GO","GOBP_TOR_SIGNALING",0.000679777966788635,0.01514294865491,0.477270815362862,-0.348521572207154,-1.54279719935145,176,"ENSG00000176641;ENSG00000071242;ENSG00000124126;ENSG00000144736;ENSG00000143479;ENSG00000141458;ENSG00000164327;ENSG00000096717;ENSG00000133794;ENSG00000114062;ENSG00000113384;ENSG00000147894;ENSG00000170027;ENSG00000197329;ENSG00000113712;ENSG00000146535;ENSG00000084073;ENSG00000100644;ENSG00000149212;ENSG00000107798;ENSG00000117020;ENSG00000072401;ENSG00000124486;ENSG00000217128;ENSG00000132356;ENSG00000164603;ENSG00000082701;ENSG00000130147;ENSG00000100784;ENSG00000198793;ENSG00000159459;ENSG00000142875;ENSG00000109270;ENSG00000145979;ENSG00000176994;ENSG00000164924;ENSG00000134248;ENSG00000100393;ENSG00000170832;ENSG00000115363;ENSG00000052795;ENSG00000177189;ENSG00000147162;ENSG00000036257;ENSG00000149311;ENSG00000079332;ENSG00000274070;ENSG00000115355;ENSG00000111203;ENSG00000140950;ENSG00000155876;ENSG00000139971;ENSG00000239282;ENSG00000164073;ENSG00000169330;ENSG00000100219;ENSG00000112425;ENSG00000077585;ENSG00000164654;ENSG00000040531;ENSG00000104343;ENSG00000024048;ENSG00000183735;ENSG00000145348;ENSG00000198198;ENSG00000148730;ENSG00000163328;ENSG00000171100;ENSG00000025039;ENSG00000177889;ENSG00000187555;ENSG00000116954;ENSG00000141564;ENSG00000092871;ENSG00000123338;ENSG00000114316;ENSG00000168209"
"GO","GOCC_CELL_CORTEX",0.000678832059749541,0.01514294865491,0.477270815362862,-0.312482513349693,-1.4757601304364,309,"ENSG00000116117;ENSG00000134278;ENSG00000077063;ENSG00000131626;ENSG00000134909;ENSG00000061918;ENSG00000170558;ENSG00000110841;ENSG00000075618;ENSG00000130779;ENSG00000075539;ENSG00000130340;ENSG00000148357;ENSG00000084733;ENSG00000165527;ENSG00000169032;ENSG00000123104;ENSG00000007171;ENSG00000144824;ENSG00000112685;ENSG00000103187;ENSG00000178104;ENSG00000172137;ENSG00000196924;ENSG00000159023;ENSG00000185215;ENSG00000241399;ENSG00000039560;ENSG00000107104;ENSG00000187239;ENSG00000186472;ENSG00000138758;ENSG00000144036;ENSG00000137942;ENSG00000165802;ENSG00000139116;ENSG00000120756;ENSG00000198648;ENSG00000082805;ENSG00000074054;ENSG00000116489;ENSG00000133026;ENSG00000073712;ENSG00000170776;ENSG00000151422;ENSG00000150054;ENSG00000091039;ENSG00000136842;ENSG00000167460;ENSG00000197045;ENSG00000070601;ENSG00000070182;ENSG00000127946;ENSG00000145555;ENSG00000186522;ENSG00000137710;ENSG00000164402;ENSG00000007168;ENSG00000138071;ENSG00000173409;ENSG00000164741;ENSG00000167306;ENSG00000182606;ENSG00000130402;ENSG00000151914;ENSG00000163539;ENSG00000067606;ENSG00000078747;ENSG00000114346;ENSG00000162909;ENSG00000148700;ENSG00000070367;ENSG00000066468;ENSG00000115216;ENSG00000198576;ENSG00000103335;ENSG00000197102;ENSG00000132912;ENSG00000132613;ENSG00000127955;ENSG00000073910;ENSG00000079819;ENSG00000111785;ENSG00000035403;ENSG00000149488;ENSG00000148498;ENSG00000122545;ENSG00000243156;ENSG00000169398;ENSG00000198898;ENSG00000277443;ENSG00000172375;ENSG00000101367;ENSG00000176406;ENSG00000168385;ENSG00000108387;ENSG00000082438;ENSG00000152527;ENSG00000143341;ENSG00000184304;ENSG00000151491;ENSG00000118762;ENSG00000196604;ENSG00000113578;ENSG00000111713;ENSG00000176732;ENSG00000116903;ENSG00000106299;ENSG00000069869;ENSG00000176658;ENSG00000157782;ENSG00000072110;ENSG00000140575;ENSG00000263155;ENSG00000213533;ENSG00000117394;ENSG00000138190;ENSG00000125388;ENSG00000100345;ENSG00000148219;ENSG00000180096;ENSG00000175104"
"GO","GOBP_AXONAL_FASCICULATION",0.000698300215898799,0.0154538858237473,0.477270815362862,-0.637567032180719,-1.9205437432024,23,"ENSG00000145242;ENSG00000146072;ENSG00000116106;ENSG00000099250;ENSG00000154654;ENSG00000176749;ENSG00000144619;ENSG00000153266;ENSG00000091129;ENSG00000112902;ENSG00000164305;ENSG00000118432;ENSG00000184349;ENSG00000160007;ENSG00000182580;ENSG00000181754;ENSG00000115310;ENSG00000105429"
"GO","GOBP_LIPOPROTEIN_METABOLIC_PROCESS",0.000698156053368006,0.0154538858237473,0.477270815362862,-0.432070041993765,-1.72178003710938,86,"ENSG00000101670;ENSG00000184307;ENSG00000169174;ENSG00000175893;ENSG00000165029;ENSG00000107362;ENSG00000221963;ENSG00000148154;ENSG00000084674;ENSG00000104219;ENSG00000130203;ENSG00000186908;ENSG00000147533;ENSG00000107798;ENSG00000163586;ENSG00000116171;ENSG00000118873;ENSG00000115839;ENSG00000135821;ENSG00000259207;ENSG00000138032;ENSG00000144840;ENSG00000198168;ENSG00000120992;ENSG00000180776;ENSG00000136379;ENSG00000142192;ENSG00000138448;ENSG00000078142;ENSG00000130164;ENSG00000186951;ENSG00000144827;ENSG00000102312;ENSG00000149311;ENSG00000177669;ENSG00000113811;ENSG00000156599"
"GO","GOBP_REGULATION_OF_ACTIN_FILAMENT_BASED_PROCESS",0.000703293360475301,0.0155136893717874,0.477270815362862,-0.297748227192167,-1.43193606552719,373,"ENSG00000064042;ENSG00000184588;ENSG00000124126;ENSG00000117152;ENSG00000145675;ENSG00000131626;ENSG00000138594;ENSG00000140795;ENSG00000117707;ENSG00000174437;ENSG00000131941;ENSG00000123700;ENSG00000170873;ENSG00000172403;ENSG00000075618;ENSG00000130340;ENSG00000164327;ENSG00000198844;ENSG00000165527;ENSG00000099250;ENSG00000105887;ENSG00000144824;ENSG00000134318;ENSG00000183091;ENSG00000198626;ENSG00000118523;ENSG00000096696;ENSG00000103187;ENSG00000176749;ENSG00000147894;ENSG00000161270;ENSG00000075711;ENSG00000084112;ENSG00000128872;ENSG00000136051;ENSG00000196924;ENSG00000184292;ENSG00000145147;ENSG00000166086;ENSG00000145715;ENSG00000046653;ENSG00000146904;ENSG00000088280;ENSG00000107104;ENSG00000075275;ENSG00000067900;ENSG00000071909;ENSG00000061676;ENSG00000074054;ENSG00000116489;ENSG00000100014;ENSG00000073712;ENSG00000170776;ENSG00000151422;ENSG00000112902;ENSG00000099290;ENSG00000157764;ENSG00000070087;ENSG00000040341;ENSG00000143450;ENSG00000160551;ENSG00000136842;ENSG00000006451;ENSG00000197045;ENSG00000070182;ENSG00000097007;ENSG00000164961;ENSG00000151239;ENSG00000196776;ENSG00000146376;ENSG00000137710;ENSG00000259207;ENSG00000116127;ENSG00000164741;ENSG00000198793;ENSG00000050405;ENSG00000140750;ENSG00000131023;ENSG00000163539;ENSG00000197256;ENSG00000114346;ENSG00000046604;ENSG00000148700;ENSG00000144339"
"GO","GOBP_VIRAL_LIFE_CYCLE",0.000709679746824282,0.0156037378100456,0.477270815362862,-0.31671284079207,-1.47149041982885,269,"ENSG00000078081;ENSG00000166471;ENSG00000117707;ENSG00000197381;ENSG00000124164;ENSG00000123124;ENSG00000141458;ENSG00000139514;ENSG00000155975;ENSG00000124789;ENSG00000154639;ENSG00000099250;ENSG00000138760;ENSG00000143324;ENSG00000105939;ENSG00000184697;ENSG00000134108;ENSG00000203710;ENSG00000152242;ENSG00000152778;ENSG00000096063;ENSG00000130203;ENSG00000215301;ENSG00000111335;ENSG00000124214;ENSG00000133026;ENSG00000132256;ENSG00000249853;ENSG00000168575;ENSG00000198382;ENSG00000072274;ENSG00000125875;ENSG00000206053;ENSG00000117322;ENSG00000151746;ENSG00000134321;ENSG00000149294;ENSG00000121966;ENSG00000255112;ENSG00000259207;ENSG00000073008;ENSG00000110367;ENSG00000128829;ENSG00000078747;ENSG00000135047;ENSG00000102081;ENSG00000110395;ENSG00000137648;ENSG00000144891;ENSG00000148429;ENSG00000184012;ENSG00000125266;ENSG00000139626;ENSG00000085832;ENSG00000119541;ENSG00000121060;ENSG00000108691;ENSG00000157601;ENSG00000117335;ENSG00000070756;ENSG00000171791;ENSG00000198791;ENSG00000134248;ENSG00000188313;ENSG00000074696;ENSG00000138448;ENSG00000167987;ENSG00000102921;ENSG00000130164;ENSG00000119912;ENSG00000170248;ENSG00000163029;ENSG00000077097;ENSG00000176142;ENSG00000065243;ENSG00000150093;ENSG00000173402;ENSG00000111331;ENSG00000135250;ENSG00000160710;ENSG00000198373;ENSG00000115020;ENSG00000165280;ENSG00000025800;ENSG00000105281;ENSG00000131747"
"GO","GOBP_REGULATION_OF_LYMPHOCYTE_ACTIVATION",0.000713775958613724,0.0156430122709778,0.477270815362862,-0.282179359859061,-1.37580533894207,448,"ENSG00000124766;ENSG00000166888;ENSG00000143507;ENSG00000104432;ENSG00000146072;ENSG00000121210;ENSG00000076641;ENSG00000239732;ENSG00000154096;ENSG00000010810;ENSG00000083799;ENSG00000179295;ENSG00000096968;ENSG00000163513;ENSG00000081237;ENSG00000189079;ENSG00000128791;ENSG00000139514;ENSG00000186265;ENSG00000004468;ENSG00000153064;ENSG00000107968;ENSG00000101096;ENSG00000134352;ENSG00000142867;ENSG00000135077;ENSG00000112679;ENSG00000154447;ENSG00000014123;ENSG00000136518;ENSG00000114315;ENSG00000145868;ENSG00000081985;ENSG00000203710;ENSG00000075711;ENSG00000171867;ENSG00000081059;ENSG00000170027;ENSG00000197329;ENSG00000132842;ENSG00000073861;ENSG00000196950;ENSG00000115904;ENSG00000163939;ENSG00000198836;ENSG00000148516;ENSG00000204256;ENSG00000100485;ENSG00000120659;ENSG00000118503;ENSG00000136235;ENSG00000110066;ENSG00000157764;ENSG00000056586;ENSG00000176105;ENSG00000095002;ENSG00000072274;ENSG00000164430;ENSG00000132356;ENSG00000081181;ENSG00000119927;ENSG00000117586;ENSG00000126804;ENSG00000066336;ENSG00000139613;ENSG00000097007;ENSG00000196776;ENSG00000253729;ENSG00000101665;ENSG00000272398;ENSG00000198793;ENSG00000164305;ENSG00000242574;ENSG00000067606;ENSG00000078747;ENSG00000110395;ENSG00000104164;ENSG00000104312;ENSG00000125266;ENSG00000108175;ENSG00000136536;ENSG00000108691;ENSG00000174564;ENSG00000117335;ENSG00000171150;ENSG00000080345;ENSG00000168283;ENSG00000171791;ENSG00000138795;ENSG00000172216;ENSG00000100393;ENSG00000122641;ENSG00000164136;ENSG00000136630;ENSG00000113360;ENSG00000175505;ENSG00000106546;ENSG00000116977;ENSG00000069482;ENSG00000118689;ENSG00000108946;ENSG00000173473;ENSG00000130024;ENSG00000057657;ENSG00000049618;ENSG00000114423;ENSG00000149311;ENSG00000181852;ENSG00000140992;ENSG00000109685;ENSG00000066117;ENSG00000170677;ENSG00000138814;ENSG00000113811;ENSG00000122512;ENSG00000157212;ENSG00000158290;ENSG00000126226;ENSG00000169621;ENSG00000083535;ENSG00000122376;ENSG00000100219;ENSG00000029993;ENSG00000185338;ENSG00000071051;ENSG00000124508;ENSG00000163331;ENSG00000175097"
"GO","GOBP_POST_GOLGI_VESICLE_MEDIATED_TRANSPORT",0.000718044412338608,0.0156857960011518,0.477270815362862,-0.390384477571154,-1.64515894466608,121,"ENSG00000108018;ENSG00000162852;ENSG00000085365;ENSG00000017260;ENSG00000084733;ENSG00000112685;ENSG00000113384;ENSG00000145087;ENSG00000123983;ENSG00000124198;ENSG00000168461;ENSG00000120029;ENSG00000144036;ENSG00000127603;ENSG00000013016;ENSG00000127328;ENSG00000147533;ENSG00000197535;ENSG00000125149;ENSG00000083097;ENSG00000138078;ENSG00000061987;ENSG00000185722;ENSG00000164506;ENSG00000173163;ENSG00000185009;ENSG00000137642;ENSG00000129003;ENSG00000134243;ENSG00000120992;ENSG00000135968;ENSG00000119396;ENSG00000085832;ENSG00000128641;ENSG00000070718;ENSG00000070367;ENSG00000102218;ENSG00000047932;ENSG00000143457;ENSG00000049245;ENSG00000166747;ENSG00000131381;ENSG00000183155;ENSG00000123106;ENSG00000103769;ENSG00000138660;ENSG00000125633;ENSG00000137177;ENSG00000151150;ENSG00000143952;ENSG00000054793;ENSG00000021762;ENSG00000116903;ENSG00000157823;ENSG00000138190;ENSG00000073969;ENSG00000076321"
"GO","GOBP_GLYCOSPHINGOLIPID_BIOSYNTHETIC_PROCESS",0.000729565843344532,0.0158862375920552,0.477270815362862,-0.51811580945341,-1.81717900274243,44,"ENSG00000008513;ENSG00000100422;ENSG00000148154;ENSG00000176597;ENSG00000090054;ENSG00000106086;ENSG00000100596;ENSG00000118276;ENSG00000172461;ENSG00000162630;ENSG00000132356;ENSG00000125304;ENSG00000115525;ENSG00000143753;ENSG00000184005;ENSG00000174607;ENSG00000143418;ENSG00000196371;ENSG00000119537;ENSG00000101638;ENSG00000169255;ENSG00000111728;ENSG00000136840;ENSG00000176920;ENSG00000133424;ENSG00000158470;ENSG00000140557"
"GO","GOBP_HEPATICOBILIARY_SYSTEM_DEVELOPMENT",0.000735589388929687,0.0159609372958492,0.477270815362862,-0.370388889701267,-1.59068130034587,141,"ENSG00000165868;ENSG00000164879;ENSG00000169174;ENSG00000008083;ENSG00000117707;ENSG00000112893;ENSG00000141458;ENSG00000145545;ENSG00000105976;ENSG00000165527;ENSG00000197081;ENSG00000116285;ENSG00000284862;ENSG00000114315;ENSG00000150347;ENSG00000125686;ENSG00000162998;ENSG00000084073;ENSG00000197208;ENSG00000117054;ENSG00000118503;ENSG00000141519;ENSG00000110090;ENSG00000107798;ENSG00000069702;ENSG00000163586;ENSG00000153879;ENSG00000125398;ENSG00000025796;ENSG00000196712;ENSG00000134240;ENSG00000103257;ENSG00000003402;ENSG00000173409;ENSG00000115966;ENSG00000164190;ENSG00000133703;ENSG00000070770;ENSG00000172216;ENSG00000172845;ENSG00000197724;ENSG00000136630;ENSG00000136161;ENSG00000185920;ENSG00000111087;ENSG00000165891;ENSG00000036257;ENSG00000151461;ENSG00000166949;ENSG00000119547;ENSG00000100219;ENSG00000126767;ENSG00000118762;ENSG00000198087;ENSG00000122025;ENSG00000021826;ENSG00000023287;ENSG00000049883;ENSG00000100024;ENSG00000115310;ENSG00000100462;ENSG00000116473"
"GO","GOBP_REGULATION_OF_CELL_MORPHOGENESIS",0.000737710185115297,0.0159609372958492,0.477270815362862,-0.328251107445842,-1.50282169843874,232,"ENSG00000114251;ENSG00000115414;ENSG00000116106;ENSG00000148468;ENSG00000010810;ENSG00000143858;ENSG00000168389;ENSG00000128578;ENSG00000198399;ENSG00000075711;ENSG00000170385;ENSG00000165288;ENSG00000197622;ENSG00000120063;ENSG00000145715;ENSG00000161813;ENSG00000157654;ENSG00000146535;ENSG00000107104;ENSG00000084073;ENSG00000275342;ENSG00000127603;ENSG00000089057;ENSG00000133026;ENSG00000073712;ENSG00000082397;ENSG00000040341;ENSG00000112715;ENSG00000153707;ENSG00000008086;ENSG00000136040;ENSG00000066933;ENSG00000070182;ENSG00000174953;ENSG00000180263;ENSG00000146376;ENSG00000253729;ENSG00000145555;ENSG00000130559;ENSG00000136960;ENSG00000137710;ENSG00000007168;ENSG00000134698;ENSG00000135387;ENSG00000213023;ENSG00000108691;ENSG00000130477;ENSG00000004399;ENSG00000273749;ENSG00000198576;ENSG00000196504;ENSG00000157827;ENSG00000146247;ENSG00000187764;ENSG00000157193;ENSG00000139132;ENSG00000161791;ENSG00000019995;ENSG00000122545;ENSG00000105186;ENSG00000198742;ENSG00000109686;ENSG00000100884;ENSG00000169398;ENSG00000198908;ENSG00000146463;ENSG00000176406;ENSG00000184349;ENSG00000160007;ENSG00000103319;ENSG00000158985;ENSG00000155974;ENSG00000197296;ENSG00000113838;ENSG00000151491;ENSG00000112276;ENSG00000148935;ENSG00000184402"
"GO","GOBP_MIRNA_PROCESSING",0.000740992399375898,0.0159808934031006,0.477270815362862,-0.515339194866332,-1.81834655222733,45,"ENSG00000113569;ENSG00000122299;ENSG00000186666;ENSG00000162927;ENSG00000084073;ENSG00000126070;ENSG00000180228;ENSG00000123908;ENSG00000165832;ENSG00000092847;ENSG00000136937;ENSG00000100697;ENSG00000134698;ENSG00000134644;ENSG00000055917;ENSG00000113360;ENSG00000078687;ENSG00000090905;ENSG00000168610;ENSG00000175387;ENSG00000160710;ENSG00000166949;ENSG00000083223;ENSG00000134744;ENSG00000108654"
"GO","GOBP_POSITIVE_REGULATION_OF_PROTEIN_LOCALIZATION",0.000763922541983161,0.0164231220771745,0.477270815362862,-0.287091140538444,-1.39509471822286,427,"ENSG00000124766;ENSG00000153162;ENSG00000134109;ENSG00000114251;ENSG00000145675;ENSG00000182389;ENSG00000117280;ENSG00000162852;ENSG00000272636;ENSG00000010810;ENSG00000083799;ENSG00000036828;ENSG00000096968;ENSG00000107362;ENSG00000162992;ENSG00000116729;ENSG00000175497;ENSG00000172071;ENSG00000017260;ENSG00000136573;ENSG00000004468;ENSG00000198743;ENSG00000168615;ENSG00000165527;ENSG00000128602;ENSG00000134318;ENSG00000164151;ENSG00000113384;ENSG00000185002;ENSG00000185482;ENSG00000104219;ENSG00000075711;ENSG00000084112;ENSG00000171867;ENSG00000138802;ENSG00000196924;ENSG00000123983;ENSG00000205339;ENSG00000159023;ENSG00000150961;ENSG00000064115;ENSG00000171560;ENSG00000132953;ENSG00000100644;ENSG00000136504;ENSG00000130203;ENSG00000170348;ENSG00000120756;ENSG00000163558;ENSG00000120341;ENSG00000133026;ENSG00000073712;ENSG00000187446;ENSG00000112715;ENSG00000143450;ENSG00000072274;ENSG00000132356;ENSG00000005339;ENSG00000151746;ENSG00000179915;ENSG00000134982;ENSG00000082701;ENSG00000068366;ENSG00000170759;ENSG00000196968;ENSG00000137710;ENSG00000182107;ENSG00000173163;ENSG00000137642;ENSG00000081277;ENSG00000065150;ENSG00000142875;ENSG00000137770;ENSG00000126266;ENSG00000163032;ENSG00000152642;ENSG00000166900;ENSG00000087470;ENSG00000112739;ENSG00000143799;ENSG00000018408;ENSG00000114346;ENSG00000046604;ENSG00000196632;ENSG00000136379;ENSG00000142192;ENSG00000091428;ENSG00000134248;ENSG00000104517;ENSG00000104321;ENSG00000109255;ENSG00000198561;ENSG00000110723;ENSG00000100393;ENSG00000154229;ENSG00000143457;ENSG00000172728;ENSG00000138674;ENSG00000127955;ENSG00000164326;ENSG00000079819;ENSG00000164756;ENSG00000101337;ENSG00000058668;ENSG00000150093;ENSG00000179841;ENSG00000173402;ENSG00000167332;ENSG00000031691;ENSG00000079332;ENSG00000198799;ENSG00000115355;ENSG00000166949;ENSG00000140992;ENSG00000172375;ENSG00000184349;ENSG00000120948;ENSG00000156026;ENSG00000140950;ENSG00000261371;ENSG00000009694;ENSG00000156599;ENSG00000170837;ENSG00000184304;ENSG00000162434;ENSG00000100219;ENSG00000077585;ENSG00000103769;ENSG00000169251;ENSG00000113615;ENSG00000135862;ENSG00000027075"
"GO","GOBP_AUTONOMIC_NERVOUS_SYSTEM_DEVELOPMENT",0.000775320306235909,0.0166154085880683,0.477270815362862,-0.559208934777063,-1.87192925715704,36,"ENSG00000124766;ENSG00000115414;ENSG00000197381;ENSG00000099250;ENSG00000114315;ENSG00000139352;ENSG00000173404;ENSG00000108576;ENSG00000115297;ENSG00000221866;ENSG00000196712;ENSG00000104290;ENSG00000118257;ENSG00000066735;ENSG00000136630;ENSG00000131095;ENSG00000075213"
"GO","GOBP_REGULATION_OF_EPITHELIAL_CELL_DIFFERENTIATION",0.00078480643878833,0.0167656441749986,0.477270815362862,-0.380668351599945,-1.6290845777497,138,"ENSG00000153162;ENSG00000101384;ENSG00000213694;ENSG00000175893;ENSG00000239732;ENSG00000138688;ENSG00000128602;ENSG00000116285;ENSG00000118263;ENSG00000134318;ENSG00000133639;ENSG00000114315;ENSG00000126821;ENSG00000116990;ENSG00000138685;ENSG00000139352;ENSG00000205339;ENSG00000125686;ENSG00000162998;ENSG00000148516;ENSG00000067900;ENSG00000058272;ENSG00000112715;ENSG00000125398;ENSG00000272398;ENSG00000081277;ENSG00000105672;ENSG00000018408;ENSG00000046604;ENSG00000182621;ENSG00000124151;ENSG00000113648;ENSG00000138795;ENSG00000172216;ENSG00000158955;ENSG00000183943;ENSG00000035403;ENSG00000185920;ENSG00000104413;ENSG00000080298;ENSG00000129757;ENSG00000135547;ENSG00000134323;ENSG00000027075;ENSG00000136451;ENSG00000139567;ENSG00000087274;ENSG00000082641;ENSG00000141564;ENSG00000198719;ENSG00000113494;ENSG00000168036;ENSG00000152591;ENSG00000196581;ENSG00000105261"
"GO","GOBP_RIBOSOMAL_SMALL_SUBUNIT_BIOGENESIS",0.000823457719101154,0.0174810522688182,0.477270815362862,0.40700925803924,1.65129878858622,113,"ENSG00000129347;ENSG00000129460;ENSG00000112306;ENSG00000143947;ENSG00000177954;ENSG00000275700;ENSG00000145425;ENSG00000138326;ENSG00000198034;ENSG00000182774;ENSG00000171858;ENSG00000170889;ENSG00000115268;ENSG00000186468;ENSG00000105193;ENSG00000100138;ENSG00000184967;ENSG00000227057;ENSG00000134419;ENSG00000142937;ENSG00000164587;ENSG00000149806;ENSG00000233927;ENSG00000101546;ENSG00000110700;ENSG00000179041;ENSG00000132591;ENSG00000168028;ENSG00000100294;ENSG00000171863;ENSG00000165792;ENSG00000083845;ENSG00000105372;ENSG00000101361;ENSG00000007520;ENSG00000141076;ENSG00000182841;ENSG00000114767;ENSG00000118181;ENSG00000189306;ENSG00000142534;ENSG00000117597;ENSG00000105202;ENSG00000241945;ENSG00000085231;ENSG00000185088;ENSG00000119616;ENSG00000183751;ENSG00000173113;ENSG00000272047;ENSG00000143633;ENSG00000112578;ENSG00000225921;ENSG00000124541;ENSG00000158526;ENSG00000104884;ENSG00000124784;ENSG00000181163;ENSG00000137154;ENSG00000187051"
"GO","GOBP_REGULATION_OF_SUPRAMOLECULAR_FIBER_ORGANIZATION",0.000821825620549717,0.0174810522688182,0.477270815362862,-0.299862660452214,-1.43833076986833,368,"ENSG00000064042;ENSG00000124126;ENSG00000117152;ENSG00000145675;ENSG00000131626;ENSG00000138594;ENSG00000140795;ENSG00000117707;ENSG00000131941;ENSG00000198718;ENSG00000170873;ENSG00000172403;ENSG00000130779;ENSG00000085433;ENSG00000130340;ENSG00000164327;ENSG00000198844;ENSG00000165527;ENSG00000099250;ENSG00000105887;ENSG00000144824;ENSG00000134318;ENSG00000131711;ENSG00000118523;ENSG00000103187;ENSG00000176749;ENSG00000147894;ENSG00000161270;ENSG00000075711;ENSG00000084112;ENSG00000128872;ENSG00000178104;ENSG00000136051;ENSG00000078018;ENSG00000166503;ENSG00000196924;ENSG00000184292;ENSG00000145147;ENSG00000145715;ENSG00000146904;ENSG00000088280;ENSG00000107104;ENSG00000067900;ENSG00000157540;ENSG00000104833;ENSG00000130203;ENSG00000139116;ENSG00000166780;ENSG00000061676;ENSG00000074054;ENSG00000116489;ENSG00000100014;ENSG00000073712;ENSG00000170776;ENSG00000151422;ENSG00000165175;ENSG00000118200;ENSG00000112902;ENSG00000099290;ENSG00000157764;ENSG00000015133;ENSG00000070087;ENSG00000143450;ENSG00000160551;ENSG00000136842;ENSG00000128881;ENSG00000067798;ENSG00000197045;ENSG00000070182;ENSG00000134982;ENSG00000097007;ENSG00000138592;ENSG00000164961;ENSG00000151239;ENSG00000196776;ENSG00000146376;ENSG00000130559;ENSG00000137710;ENSG00000116127;ENSG00000164741;ENSG00000198793;ENSG00000050405;ENSG00000131023;ENSG00000163539;ENSG00000197256;ENSG00000148700;ENSG00000144339"
"GO","GOBP_PHOSPHATIDYLINOSITOL_3_KINASE_PROTEIN_KINASE_B_SIGNAL_TRANSDUCTION",0.00083432757444124,0.0176437842904612,0.477270815362862,-0.310127623011105,-1.4561167573855,296,"ENSG00000163629;ENSG00000011465;ENSG00000141506;ENSG00000114251;ENSG00000115414;ENSG00000107731;ENSG00000145675;ENSG00000167034;ENSG00000109458;ENSG00000010810;ENSG00000111846;ENSG00000179295;ENSG00000096968;ENSG00000153064;ENSG00000096060;ENSG00000164327;ENSG00000096717;ENSG00000116285;ENSG00000114062;ENSG00000111252;ENSG00000143398;ENSG00000075711;ENSG00000138685;ENSG00000155629;ENSG00000180543;ENSG00000100311;ENSG00000169047;ENSG00000011405;ENSG00000023839;ENSG00000135919;ENSG00000120659;ENSG00000144460;ENSG00000100014;ENSG00000149212;ENSG00000151632;ENSG00000149295;ENSG00000073712;ENSG00000151422;ENSG00000112902;ENSG00000196937;ENSG00000196455;ENSG00000112715;ENSG00000163785;ENSG00000091039;ENSG00000181104;ENSG00000186111;ENSG00000179915;ENSG00000133056;ENSG00000127946;ENSG00000196712;ENSG00000147649;ENSG00000198793;ENSG00000110395;ENSG00000139144;ENSG00000173918;ENSG00000081479;ENSG00000142192;ENSG00000101445;ENSG00000078142;ENSG00000107679;ENSG00000184500;ENSG00000170962;ENSG00000187764;ENSG00000173083;ENSG00000126775;ENSG00000113070;ENSG00000186951;ENSG00000175197;ENSG00000196396;ENSG00000150093;ENSG00000173402;ENSG00000198825;ENSG00000178752;ENSG00000033327;ENSG00000168610;ENSG00000135250;ENSG00000169398;ENSG00000147324;ENSG00000115355;ENSG00000181852;ENSG00000140992;ENSG00000140443;ENSG00000004948;ENSG00000104375;ENSG00000184349;ENSG00000181744;ENSG00000261371;ENSG00000197461;ENSG00000184304;ENSG00000156735;ENSG00000100219;ENSG00000164078;ENSG00000148053;ENSG00000164663;ENSG00000124508;ENSG00000081913;ENSG00000074842;ENSG00000198087;ENSG00000145016;ENSG00000066777;ENSG00000164082;ENSG00000122025;ENSG00000069869;ENSG00000169914;ENSG00000187800;ENSG00000115594;ENSG00000171100"
"GO","GOMF_DNA_BINDING_TRANSCRIPTION_REPRESSOR_ACTIVITY",0.000836334134264331,0.0176437842904612,0.477270815362862,-0.308042055371804,-1.44419401321418,292,"ENSG00000130584;ENSG00000173276;ENSG00000197587;ENSG00000109320;ENSG00000177125;ENSG00000179456;ENSG00000117707;ENSG00000276644;ENSG00000101096;ENSG00000164683;ENSG00000095951;ENSG00000182568;ENSG00000125812;ENSG00000072736;ENSG00000039600;ENSG00000114315;ENSG00000150907;ENSG00000159905;ENSG00000081059;ENSG00000166860;ENSG00000143365;ENSG00000139352;ENSG00000159184;ENSG00000073861;ENSG00000173404;ENSG00000163909;ENSG00000177932;ENSG00000118922;ENSG00000116731;ENSG00000134107;ENSG00000148516;ENSG00000100644;ENSG00000261678;ENSG00000138738;ENSG00000153266;ENSG00000164916;ENSG00000148200;ENSG00000102349;ENSG00000198081;ENSG00000140836;ENSG00000126804;ENSG00000066336;ENSG00000162702;ENSG00000105967;ENSG00000095574;ENSG00000113580;ENSG00000102974;ENSG00000170549;ENSG00000205189;ENSG00000113658;ENSG00000095794;ENSG00000185551;ENSG00000101190;ENSG00000187098;ENSG00000162676;ENSG00000122859;ENSG00000117036;ENSG00000157557;ENSG00000138795;ENSG00000172216;ENSG00000156273;ENSG00000172845;ENSG00000113196;ENSG00000186130;ENSG00000100811;ENSG00000177485;ENSG00000107249;ENSG00000157613;ENSG00000186951;ENSG00000167182;ENSG00000233757;ENSG00000118689;ENSG00000152192;ENSG00000057657;ENSG00000165891;ENSG00000011590;ENSG00000256294;ENSG00000185129;ENSG00000166949;ENSG00000128573;ENSG00000184635;ENSG00000135547;ENSG00000171448;ENSG00000174738;ENSG00000189420;ENSG00000157933;ENSG00000188177;ENSG00000187855;ENSG00000059728;ENSG00000170561;ENSG00000196268"
"GO","GOBP_CELL_CELL_JUNCTION_ORGANIZATION",0.000855148900227154,0.0179846843240319,0.477270815362862,-0.342710218817846,-1.53872491986575,196,"ENSG00000174469;ENSG00000153162;ENSG00000171914;ENSG00000116106;ENSG00000140945;ENSG00000140795;ENSG00000013297;ENSG00000144283;ENSG00000170558;ENSG00000170873;ENSG00000075618;ENSG00000062038;ENSG00000154639;ENSG00000140832;ENSG00000115808;ENSG00000134318;ENSG00000096696;ENSG00000184697;ENSG00000161270;ENSG00000075711;ENSG00000166086;ENSG00000157224;ENSG00000166689;ENSG00000067900;ENSG00000081138;ENSG00000163558;ENSG00000100014;ENSG00000073712;ENSG00000151422;ENSG00000082397;ENSG00000151490;ENSG00000150054;ENSG00000112715;ENSG00000137845;ENSG00000181104;ENSG00000186111;ENSG00000183153;ENSG00000134982;ENSG00000101665;ENSG00000137710;ENSG00000124429;ENSG00000081277;ENSG00000113361;ENSG00000114346;ENSG00000046604;ENSG00000125266;ENSG00000104067;ENSG00000182197;ENSG00000174607;ENSG00000154229;ENSG00000057294;ENSG00000035403;ENSG00000029364;ENSG00000170248;ENSG00000148498;ENSG00000065243;ENSG00000169756;ENSG00000146938;ENSG00000166949;ENSG00000163251;ENSG00000130396"
"GO","GOCC_DESMOSOME",0.000868508960793855,0.01809705440768,0.477270815362862,-0.600017746655965,-1.90559404923843,29,"ENSG00000144283;ENSG00000170558;ENSG00000096696;ENSG00000166086;ENSG00000134762;ENSG00000114796;ENSG00000086062;ENSG00000124429;ENSG00000081277;ENSG00000046604;ENSG00000057294;ENSG00000035403"
"GO","GOBP_SEGMENTATION",0.000867733120567814,0.01809705440768,0.477270815362862,-0.416766753759303,-1.6781884702074,90,"ENSG00000114251;ENSG00000073711;ENSG00000167034;ENSG00000099250;ENSG00000101752;ENSG00000125878;ENSG00000181965;ENSG00000061676;ENSG00000140807;ENSG00000163389;ENSG00000107779;ENSG00000076356;ENSG00000168214;ENSG00000253729;ENSG00000083093;ENSG00000170549;ENSG00000136754;ENSG00000086598;ENSG00000168283;ENSG00000138795;ENSG00000075223;ENSG00000118257;ENSG00000100393;ENSG00000179111;ENSG00000173253;ENSG00000184634;ENSG00000140479;ENSG00000149311;ENSG00000143033;ENSG00000166949;ENSG00000163251;ENSG00000196584;ENSG00000115109;ENSG00000170561;ENSG00000177508;ENSG00000179598;ENSG00000106003;ENSG00000188095;ENSG00000198719;ENSG00000112837;ENSG00000204103;ENSG00000104332;ENSG00000136099"
"GO","GOBP_RESPONSE_TO_ACID_CHEMICAL",0.000866893349061386,0.01809705440768,0.477270815362862,-0.381560033872058,-1.6134901152202,126,"ENSG00000010810;ENSG00000051523;ENSG00000001084;ENSG00000158445;ENSG00000100344;ENSG00000014123;ENSG00000266524;ENSG00000148516;ENSG00000165802;ENSG00000149212;ENSG00000166006;ENSG00000023909;ENSG00000112715;ENSG00000118260;ENSG00000164603;ENSG00000113742;ENSG00000130147;ENSG00000187498;ENSG00000134240;ENSG00000103257;ENSG00000198793;ENSG00000159459;ENSG00000164305;ENSG00000065150;ENSG00000109270;ENSG00000162909;ENSG00000134001;ENSG00000134248;ENSG00000172216;ENSG00000078142;ENSG00000100393;ENSG00000170962;ENSG00000058668;ENSG00000105464;ENSG00000120256;ENSG00000110436;ENSG00000197565;ENSG00000130816;ENSG00000154174;ENSG00000166206;ENSG00000036257;ENSG00000274070;ENSG00000140950;ENSG00000155876;ENSG00000166148;ENSG00000239282;ENSG00000100219;ENSG00000185338;ENSG00000118762;ENSG00000148053;ENSG00000024048;ENSG00000181754;ENSG00000021826;ENSG00000025039;ENSG00000182871;ENSG00000116954"
"GO","GOBP_MITOCHONDRIAL_ELECTRON_TRANSPORT_NADH_TO_UBIQUINONE",0.000896766620664714,0.0186207856840285,0.477270815362862,0.493158732984665,1.74085114274062,52,"ENSG00000145335;ENSG00000167792;ENSG00000183648;ENSG00000136521;ENSG00000110717;ENSG00000145494;ENSG00000099795;ENSG00000213619;ENSG00000174886;ENSG00000115286;ENSG00000164258;ENSG00000160194;ENSG00000140990;ENSG00000065518;ENSG00000090266;ENSG00000168653;ENSG00000189043;ENSG00000109390;ENSG00000116288;ENSG00000088682;ENSG00000165264;ENSG00000004779;ENSG00000139180;ENSG00000267855;ENSG00000125356;ENSG00000158828;ENSG00000166136;ENSG00000198840;ENSG00000136003;ENSG00000130414;ENSG00000170906"
"GO","GOBP_MRNA_TRANSPORT",0.000901688748221791,0.0186207856840285,0.477270815362862,-0.373773500883855,-1.59508201683179,135,"ENSG00000051596;ENSG00000124789;ENSG00000113569;ENSG00000181555;ENSG00000037474;ENSG00000111224;ENSG00000013364;ENSG00000155561;ENSG00000069248;ENSG00000139496;ENSG00000030066;ENSG00000153207;ENSG00000138757;ENSG00000060237;ENSG00000168280;ENSG00000163904;ENSG00000108559;ENSG00000136937;ENSG00000095319;ENSG00000205578;ENSG00000136231;ENSG00000125676;ENSG00000102081;ENSG00000163002;ENSG00000185963;ENSG00000153201;ENSG00000122068;ENSG00000198576;ENSG00000093000;ENSG00000173273;ENSG00000116698;ENSG00000157106;ENSG00000173744;ENSG00000151461;ENSG00000242265;ENSG00000184863;ENSG00000110713;ENSG00000196313;ENSG00000138095;ENSG00000083896;ENSG00000058673;ENSG00000136450;ENSG00000126226;ENSG00000132182"
"GO","GOMF_PROTEIN_TYROSINE_KINASE_ACTIVITY",0.000901892750201027,0.0186207856840285,0.477270815362862,-0.36697955083696,-1.57603946920895,141,"ENSG00000145242;ENSG00000171094;ENSG00000116106;ENSG00000185483;ENSG00000010810;ENSG00000096968;ENSG00000143590;ENSG00000143479;ENSG00000009954;ENSG00000172071;ENSG00000136573;ENSG00000105976;ENSG00000099250;ENSG00000169032;ENSG00000197081;ENSG00000127334;ENSG00000137601;ENSG00000146904;ENSG00000157540;ENSG00000150938;ENSG00000151422;ENSG00000163785;ENSG00000111816;ENSG00000176105;ENSG00000097007;ENSG00000151239;ENSG00000186716;ENSG00000133059;ENSG00000100784;ENSG00000198793;ENSG00000064393;ENSG00000010219;ENSG00000104312;ENSG00000214102;ENSG00000066468;ENSG00000127418;ENSG00000118257;ENSG00000179335;ENSG00000104213;ENSG00000065559;ENSG00000108984;ENSG00000173517;ENSG00000065243;ENSG00000110422;ENSG00000169398;ENSG00000140443;ENSG00000162434;ENSG00000164078;ENSG00000182580;ENSG00000055332;ENSG00000148053"
"GO","GOMF_NADH_DEHYDROGENASE_UBIQUINONE_ACTIVITY",0.00092127695577093,0.0188932508687097,0.477270815362862,0.537311978562661,1.81127920296718,41,"ENSG00000167792;ENSG00000183648;ENSG00000136521;ENSG00000110717;ENSG00000145494;ENSG00000099795;ENSG00000213619;ENSG00000115286;ENSG00000164258;ENSG00000160194;ENSG00000140990;ENSG00000065518;ENSG00000090266;ENSG00000168653;ENSG00000189043;ENSG00000109390;ENSG00000165264;ENSG00000139180;ENSG00000267855;ENSG00000125356;ENSG00000166136;ENSG00000198840;ENSG00000130414;ENSG00000170906"
"GO","GOBP_CELLULAR_COMPONENT_MAINTENANCE",0.000926249156587656,0.0188932508687097,0.477270815362862,-0.426845897606177,-1.68548734327635,81,"ENSG00000141668;ENSG00000135298;ENSG00000010810;ENSG00000107362;ENSG00000170873;ENSG00000115183;ENSG00000144320;ENSG00000165527;ENSG00000139174;ENSG00000075711;ENSG00000171867;ENSG00000157500;ENSG00000166689;ENSG00000186472;ENSG00000130203;ENSG00000082805;ENSG00000152413;ENSG00000073712;ENSG00000181104;ENSG00000087053;ENSG00000165985;ENSG00000221866;ENSG00000259207;ENSG00000134243;ENSG00000081277;ENSG00000142192;ENSG00000104067;ENSG00000054803;ENSG00000079482;ENSG00000131094;ENSG00000140443;ENSG00000176406;ENSG00000115459"
"GO","GOBP_PROTON_TRANSMEMBRANE_TRANSPORT",0.000926048147182997,0.0188932508687097,0.477270815362862,0.359006802310055,1.55784759445418,187,"ENSG00000154723;ENSG00000101438;ENSG00000125375;ENSG00000099624;ENSG00000197818;ENSG00000167792;ENSG00000183648;ENSG00000136521;ENSG00000175567;ENSG00000110717;ENSG00000145494;ENSG00000215021;ENSG00000103249;ENSG00000109424;ENSG00000124172;ENSG00000126267;ENSG00000135390;ENSG00000110719;ENSG00000099795;ENSG00000213619;ENSG00000184076;ENSG00000151729;ENSG00000169020;ENSG00000249222;ENSG00000187714;ENSG00000110446;ENSG00000137726;ENSG00000131143;ENSG00000115286;ENSG00000241837;ENSG00000164258;ENSG00000179091;ENSG00000159199;ENSG00000153291;ENSG00000160194;ENSG00000140990;ENSG00000065518;ENSG00000090266;ENSG00000177542;ENSG00000168653;ENSG00000148290;ENSG00000180638;ENSG00000010256;ENSG00000135940;ENSG00000189043;ENSG00000167863;ENSG00000241468;ENSG00000172139;ENSG00000063176;ENSG00000109390;ENSG00000088836;ENSG00000116039;ENSG00000219200;ENSG00000128524;ENSG00000180251;ENSG00000143153;ENSG00000127419;ENSG00000018280;ENSG00000165264;ENSG00000117410;ENSG00000139180;ENSG00000267855;ENSG00000125356;ENSG00000089356;ENSG00000165629;ENSG00000178741;ENSG00000173660;ENSG00000185883;ENSG00000166136;ENSG00000198840"
"GO","GOCC_SITE_OF_POLARIZED_GROWTH",0.000925574453410118,0.0188932508687097,0.477270815362862,-0.352571536020755,-1.5522609127147,167,"ENSG00000254221;ENSG00000124126;ENSG00000116106;ENSG00000154096;ENSG00000152954;ENSG00000107290;ENSG00000115993;ENSG00000075618;ENSG00000085433;ENSG00000075539;ENSG00000144857;ENSG00000154639;ENSG00000131711;ENSG00000103187;ENSG00000176749;ENSG00000147894;ENSG00000084112;ENSG00000163697;ENSG00000078018;ENSG00000196924;ENSG00000164715;ENSG00000139116;ENSG00000168280;ENSG00000133026;ENSG00000197535;ENSG00000151490;ENSG00000008086;ENSG00000124486;ENSG00000066933;ENSG00000129116;ENSG00000179915;ENSG00000113742;ENSG00000097007;ENSG00000115232;ENSG00000067141;ENSG00000007168;ENSG00000150625;ENSG00000105426;ENSG00000100503;ENSG00000163539;ENSG00000113262;ENSG00000122218;ENSG00000136754;ENSG00000166900;ENSG00000102081;ENSG00000110395;ENSG00000126214;ENSG00000151229;ENSG00000149557;ENSG00000142192"
"GO","GOCC_LATE_ENDOSOME",0.000933545308172156,0.0189848913721977,0.477270815362862,-0.307633793764887,-1.45296693143633,310,"ENSG00000109756;ENSG00000108960;ENSG00000115194;ENSG00000144909;ENSG00000104635;ENSG00000078081;ENSG00000169174;ENSG00000003056;ENSG00000118242;ENSG00000176407;ENSG00000104154;ENSG00000179331;ENSG00000115107;ENSG00000141458;ENSG00000155975;ENSG00000198246;ENSG00000102471;ENSG00000169032;ENSG00000128602;ENSG00000197081;ENSG00000110911;ENSG00000138760;ENSG00000104133;ENSG00000109572;ENSG00000133657;ENSG00000134108;ENSG00000041353;ENSG00000134313;ENSG00000084073;ENSG00000168461;ENSG00000124209;ENSG00000181804;ENSG00000130203;ENSG00000108389;ENSG00000065060;ENSG00000196455;ENSG00000197535;ENSG00000138600;ENSG00000198382;ENSG00000079950;ENSG00000181104;ENSG00000198689;ENSG00000143801;ENSG00000106460;ENSG00000165406;ENSG00000117859;ENSG00000163686;ENSG00000053770;ENSG00000121207;ENSG00000121966;ENSG00000255112;ENSG00000154978;ENSG00000137642;ENSG00000129003;ENSG00000100030;ENSG00000242574;ENSG00000109270;ENSG00000136813;ENSG00000123570;ENSG00000135047;ENSG00000119396;ENSG00000053918;ENSG00000119541;ENSG00000006715;ENSG00000123191;ENSG00000134248;ENSG00000077721;ENSG00000167987;ENSG00000078142;ENSG00000143878;ENSG00000155099;ENSG00000130164;ENSG00000073464;ENSG00000136986;ENSG00000197386;ENSG00000175197;ENSG00000108946;ENSG00000118322;ENSG00000169116;ENSG00000105186;ENSG00000116299;ENSG00000075651;ENSG00000068697;ENSG00000136868;ENSG00000115020;ENSG00000072849;ENSG00000114742;ENSG00000099337;ENSG00000122852;ENSG00000076513;ENSG00000103769;ENSG00000138660;ENSG00000151502;ENSG00000131400;ENSG00000083937;ENSG00000040531;ENSG00000135317;ENSG00000005893;ENSG00000198087;ENSG00000054793;ENSG00000145016;ENSG00000100600;ENSG00000156931;ENSG00000188554;ENSG00000133135;ENSG00000116903;ENSG00000265190;ENSG00000139719;ENSG00000055732;ENSG00000164695;ENSG00000100522;ENSG00000171100;ENSG00000112697;ENSG00000151892;ENSG00000124333;ENSG00000188191;ENSG00000148219"
"GO","GOMF_PHOSPHATIDYLINOSITOL_MONOPHOSPHATE_PHOSPHATASE_ACTIVITY",0.000936634805256308,0.0189906913209453,0.477270815362862,-0.699342317175817,-1.90617050631162,16,"ENSG00000003987;ENSG00000102043;ENSG00000078269;ENSG00000108389;ENSG00000110536;ENSG00000087053;ENSG00000063601;ENSG00000159082;ENSG00000211456;ENSG00000198825;ENSG00000139505;ENSG00000171100;ENSG00000100330"
"GO","GOBP_CIRCADIAN_RHYTHM",0.000942622805431428,0.0190550496668108,0.477270815362862,-0.333973940557059,-1.50564454536253,205,"ENSG00000164616;ENSG00000069667;ENSG00000141655;ENSG00000117707;ENSG00000107290;ENSG00000155090;ENSG00000164742;ENSG00000072803;ENSG00000187068;ENSG00000096717;ENSG00000133794;ENSG00000198963;ENSG00000107643;ENSG00000007171;ENSG00000114062;ENSG00000134318;ENSG00000169618;ENSG00000143365;ENSG00000134852;ENSG00000141027;ENSG00000134107;ENSG00000108576;ENSG00000157540;ENSG00000118058;ENSG00000008405;ENSG00000149295;ENSG00000124486;ENSG00000166167;ENSG00000132356;ENSG00000140836;ENSG00000118260;ENSG00000073614;ENSG00000082701;ENSG00000049246;ENSG00000253729;ENSG00000105835;ENSG00000198793;ENSG00000143799;ENSG00000005812;ENSG00000104164;ENSG00000054118;ENSG00000109255;ENSG00000181788;ENSG00000140396;ENSG00000100393;ENSG00000198900;ENSG00000164326;ENSG00000106546;ENSG00000152455;ENSG00000186298;ENSG00000183826;ENSG00000186951;ENSG00000205213;ENSG00000121390;ENSG00000147140;ENSG00000147162;ENSG00000166206;ENSG00000180530;ENSG00000120948;ENSG00000169432;ENSG00000174738;ENSG00000159208;ENSG00000131747;ENSG00000005810;ENSG00000198380;ENSG00000148053;ENSG00000213639;ENSG00000081913;ENSG00000169375;ENSG00000086758"
"GO","GOBP_LIMBIC_SYSTEM_DEVELOPMENT",0.000959757195204621,0.0193436777557312,0.477270815362862,-0.377139138842472,-1.58617928710045,120,"ENSG00000145242;ENSG00000103222;ENSG00000174469;ENSG00000171094;ENSG00000117707;ENSG00000162992;ENSG00000196549;ENSG00000145545;ENSG00000180881;ENSG00000115844;ENSG00000099250;ENSG00000128602;ENSG00000168389;ENSG00000176749;ENSG00000153266;ENSG00000149295;ENSG00000040199;ENSG00000082701;ENSG00000115839;ENSG00000196712;ENSG00000007168;ENSG00000105426;ENSG00000164305;ENSG00000104164;ENSG00000149557;ENSG00000173406;ENSG00000138795;ENSG00000066468;ENSG00000084676;ENSG00000118257;ENSG00000099942;ENSG00000088930;ENSG00000157193;ENSG00000058668;ENSG00000167680;ENSG00000132692;ENSG00000112238;ENSG00000277893;ENSG00000177551;ENSG00000119508;ENSG00000182704;ENSG00000134438;ENSG00000132549;ENSG00000114554;ENSG00000134595;ENSG00000168036;ENSG00000170381;ENSG00000165699;ENSG00000105953;ENSG00000133424;ENSG00000116752;ENSG00000173376;ENSG00000167193;ENSG00000171540"
"GO","GOBP_NON_CANONICAL_WNT_SIGNALING_PATHWAY",0.000967970647840912,0.0193937787786351,0.477270815362862,-0.453537704848891,-1.71849602031359,65,"ENSG00000114251;ENSG00000183579;ENSG00000155760;ENSG00000100592;ENSG00000156299;ENSG00000165617;ENSG00000139174;ENSG00000162998;ENSG00000075275;ENSG00000140807;ENSG00000015133;ENSG00000163785;ENSG00000097007;ENSG00000143126;ENSG00000164930;ENSG00000179528;ENSG00000104290;ENSG00000158955;ENSG00000184634;ENSG00000173218;ENSG00000157240;ENSG00000198742;ENSG00000163251"
"GO","GOMF_HISTONE_READER_ACTIVITY",0.000965448117512008,0.0193937787786351,0.477270815362862,-0.400723536307528,-1.65947813096592,109,"ENSG00000166446;ENSG00000206559;ENSG00000165632;ENSG00000153046;ENSG00000172943;ENSG00000008083;ENSG00000071794;ENSG00000170234;ENSG00000153487;ENSG00000204271;ENSG00000153922;ENSG00000005483;ENSG00000119778;ENSG00000106723;ENSG00000138685;ENSG00000165972;ENSG00000102221;ENSG00000204256;ENSG00000186767;ENSG00000122728;ENSG00000166439;ENSG00000178691;ENSG00000137337;ENSG00000102081;ENSG00000085224;ENSG00000122779;ENSG00000100425;ENSG00000116254;ENSG00000197724;ENSG00000146918;ENSG00000015171;ENSG00000146247;ENSG00000012048;ENSG00000151503;ENSG00000076108;ENSG00000011258;ENSG00000130816;ENSG00000143033;ENSG00000169925;ENSG00000196199;ENSG00000159256"
"GO","GOBP_RESPONSE_TO_FLUID_SHEAR_STRESS",0.000970946895139649,0.0193960247017277,0.477270815362862,-0.47911385387168,-1.74999713276552,54,"ENSG00000103222;ENSG00000173175;ENSG00000165029;ENSG00000164742;ENSG00000170873;ENSG00000078295;ENSG00000159023;ENSG00000138031;ENSG00000162104;ENSG00000073756;ENSG00000097007;ENSG00000101665;ENSG00000198793;ENSG00000142875;ENSG00000162909;ENSG00000114302;ENSG00000171150;ENSG00000196396;ENSG00000108946;ENSG00000065243;ENSG00000169398;ENSG00000140992;ENSG00000100219;ENSG00000118762"
"GO","GOBP_WOUND_HEALING_SPREADING_OF_EPIDERMAL_CELLS",0.000999032832170478,0.0196508856493844,0.45505986738723,-0.643189370688327,-1.91384431092871,22,"ENSG00000129474;ENSG00000144824;ENSG00000074054;ENSG00000073712;ENSG00000259207;ENSG00000198793;ENSG00000101311;ENSG00000163539;ENSG00000138448;ENSG00000113070;ENSG00000150093"
"GO","GOBP_NEGATIVE_REGULATION_OF_HIPPO_SIGNALING",0.000996712933256846,0.0196508856493844,0.45505986738723,-0.616752618771609,-1.8787339796591,24,"ENSG00000129474;ENSG00000096717;ENSG00000128578;ENSG00000052723;ENSG00000047644;ENSG00000196792;ENSG00000144560;ENSG00000163681;ENSG00000113645;ENSG00000115540"
"GO","GOBP_ERAD_PATHWAY",0.00100281979387854,0.0196508856493844,0.45505986738723,-0.400356370440057,-1.65795762200576,109,"ENSG00000051108;ENSG00000044574;ENSG00000166598;ENSG00000071537;ENSG00000134109;ENSG00000111885;ENSG00000127022;ENSG00000163527;ENSG00000198833;ENSG00000179218;ENSG00000113194;ENSG00000198162;ENSG00000118217;ENSG00000178301;ENSG00000144468;ENSG00000050130;ENSG00000145860;ENSG00000171763;ENSG00000239305;ENSG00000077232;ENSG00000116406;ENSG00000139921;ENSG00000144224;ENSG00000204977;ENSG00000153132;ENSG00000198168;ENSG00000136813;ENSG00000147475;ENSG00000121060;ENSG00000110344;ENSG00000145495;ENSG00000108588;ENSG00000135018;ENSG00000136986;ENSG00000189050;ENSG00000128590;ENSG00000188021"
"GO","GOBP_POSITIVE_REGULATION_OF_DEVELOPMENTAL_GROWTH",0.000998216174347837,0.0196508856493844,0.45505986738723,-0.360878217271039,-1.57095970354239,155,"ENSG00000171517;ENSG00000104432;ENSG00000115414;ENSG00000117707;ENSG00000143858;ENSG00000138623;ENSG00000102678;ENSG00000099250;ENSG00000128602;ENSG00000131711;ENSG00000157168;ENSG00000198399;ENSG00000138685;ENSG00000167178;ENSG00000127603;ENSG00000089057;ENSG00000120756;ENSG00000149295;ENSG00000112902;ENSG00000171316;ENSG00000069702;ENSG00000112715;ENSG00000008086;ENSG00000119927;ENSG00000118260;ENSG00000107779;ENSG00000168214;ENSG00000101665;ENSG00000007168;ENSG00000164190;ENSG00000213023;ENSG00000182621;ENSG00000130477;ENSG00000171791;ENSG00000066468;ENSG00000055917;ENSG00000136630;ENSG00000204217;ENSG00000187764;ENSG00000111087;ENSG00000198742;ENSG00000100884;ENSG00000176406;ENSG00000135547;ENSG00000184349;ENSG00000076555;ENSG00000060138;ENSG00000175097;ENSG00000112062;ENSG00000151615;ENSG00000101126;ENSG00000171100;ENSG00000092529;ENSG00000105989;ENSG00000186868;ENSG00000198719;ENSG00000065320;ENSG00000106683;ENSG00000132932"
"GO","GOBP_APPENDAGE_MORPHOGENESIS",0.000991440951445024,0.0196508856493844,0.45505986738723,-0.365274180321193,-1.56982156120173,142,"ENSG00000114251;ENSG00000204104;ENSG00000187240;ENSG00000156150;ENSG00000102678;ENSG00000144320;ENSG00000162769;ENSG00000253293;ENSG00000116285;ENSG00000174279;ENSG00000091436;ENSG00000139174;ENSG00000164066;ENSG00000078246;ENSG00000125686;ENSG00000146535;ENSG00000128714;ENSG00000171316;ENSG00000128881;ENSG00000005339;ENSG00000107779;ENSG00000152601;ENSG00000076356;ENSG00000125398;ENSG00000105983;ENSG00000104331;ENSG00000164190;ENSG00000085224;ENSG00000164930;ENSG00000131127;ENSG00000182197;ENSG00000138795;ENSG00000075223;ENSG00000066468;ENSG00000172819;ENSG00000185920;ENSG00000153094;ENSG00000150893;ENSG00000168014;ENSG00000157933;ENSG00000138759;ENSG00000134323;ENSG00000106012;ENSG00000143952;ENSG00000008196;ENSG00000157796;ENSG00000162337"
"GO","GOBP_POSITIVE_REGULATION_OF_GROWTH",0.00100401748887876,0.0196508856493844,0.45505986738723,-0.325410226234705,-1.49139002537079,235,"ENSG00000171517;ENSG00000104432;ENSG00000115414;ENSG00000117707;ENSG00000143858;ENSG00000204385;ENSG00000051523;ENSG00000138623;ENSG00000004468;ENSG00000164327;ENSG00000102678;ENSG00000099250;ENSG00000105887;ENSG00000128602;ENSG00000168389;ENSG00000131711;ENSG00000157168;ENSG00000198399;ENSG00000138685;ENSG00000167178;ENSG00000127603;ENSG00000089057;ENSG00000120756;ENSG00000215301;ENSG00000171612;ENSG00000149295;ENSG00000101843;ENSG00000112902;ENSG00000171316;ENSG00000069702;ENSG00000114378;ENSG00000112715;ENSG00000008086;ENSG00000137845;ENSG00000119927;ENSG00000118260;ENSG00000107779;ENSG00000168214;ENSG00000068366;ENSG00000136937;ENSG00000101665;ENSG00000187079;ENSG00000115112;ENSG00000007168;ENSG00000164190;ENSG00000198793;ENSG00000187866;ENSG00000213023;ENSG00000176170;ENSG00000182621;ENSG00000130477;ENSG00000171791;ENSG00000168564;ENSG00000066468;ENSG00000163794;ENSG00000055917;ENSG00000136630;ENSG00000204217;ENSG00000128908;ENSG00000187764;ENSG00000113070;ENSG00000111087;ENSG00000119401;ENSG00000198742;ENSG00000177189;ENSG00000100884;ENSG00000176406;ENSG00000135547;ENSG00000184349;ENSG00000076555;ENSG00000101266;ENSG00000072849;ENSG00000166148;ENSG00000060138;ENSG00000110321;ENSG00000175097;ENSG00000188375;ENSG00000112062;ENSG00000151615;ENSG00000101126;ENSG00000171100;ENSG00000092529;ENSG00000105989;ENSG00000106799;ENSG00000114867;ENSG00000141564;ENSG00000186868;ENSG00000198719;ENSG00000065320;ENSG00000106683;ENSG00000132932;ENSG00000104332"
"GO","GOBP_RESPIRATORY_SYSTEM_DEVELOPMENT",0.00100315994406012,0.0196508856493844,0.45505986738723,-0.329566881156489,-1.48998389772988,208,"ENSG00000114251;ENSG00000117707;ENSG00000163513;ENSG00000112893;ENSG00000196549;ENSG00000102678;ENSG00000169032;ENSG00000116285;ENSG00000284862;ENSG00000118523;ENSG00000114315;ENSG00000134245;ENSG00000198162;ENSG00000138802;ENSG00000138685;ENSG00000139352;ENSG00000132842;ENSG00000078246;ENSG00000075275;ENSG00000101596;ENSG00000221823;ENSG00000156427;ENSG00000141519;ENSG00000107798;ENSG00000171316;ENSG00000056586;ENSG00000112715;ENSG00000130702;ENSG00000102174;ENSG00000118260;ENSG00000107779;ENSG00000151748;ENSG00000125398;ENSG00000168214;ENSG00000134240;ENSG00000100030;ENSG00000133703;ENSG00000064393;ENSG00000124664;ENSG00000166147;ENSG00000104164;ENSG00000164924;ENSG00000182197;ENSG00000138795;ENSG00000172845;ENSG00000066468;ENSG00000127418;ENSG00000114739;ENSG00000100393;ENSG00000172819;ENSG00000089050;ENSG00000197885;ENSG00000204217;ENSG00000115363;ENSG00000111087;ENSG00000129514;ENSG00000173402;ENSG00000175387;ENSG00000095209;ENSG00000128573;ENSG00000087116;ENSG00000157933;ENSG00000141052;ENSG00000197461;ENSG00000126767;ENSG00000171509;ENSG00000204815;ENSG00000134323;ENSG00000224470;ENSG00000113578"
"GO","GOBP_RESPONSE_TO_BMP",0.0010113265760104,0.0197368979041569,0.45505986738723,-0.351560321769972,-1.54122928399613,162,"ENSG00000053108;ENSG00000153162;ENSG00000174106;ENSG00000114251;ENSG00000146197;ENSG00000134363;ENSG00000128791;ENSG00000164659;ENSG00000095951;ENSG00000112175;ENSG00000156466;ENSG00000115170;ENSG00000164619;ENSG00000114315;ENSG00000163909;ENSG00000150938;ENSG00000108389;ENSG00000069702;ENSG00000174136;ENSG00000072401;ENSG00000124486;ENSG00000107779;ENSG00000114374;ENSG00000125398;ENSG00000097007;ENSG00000168214;ENSG00000180875;ENSG00000067141;ENSG00000101665;ENSG00000133104;ENSG00000115966;ENSG00000137642;ENSG00000105672;ENSG00000197323;ENSG00000121989;ENSG00000064393;ENSG00000113658;ENSG00000251493;ENSG00000166033;ENSG00000166147;ENSG00000137770;ENSG00000081479;ENSG00000182197;ENSG00000138795;ENSG00000064195;ENSG00000114739;ENSG00000171243;ENSG00000116985;ENSG00000204217;ENSG00000152684;ENSG00000157240;ENSG00000140479;ENSG00000198742;ENSG00000178752;ENSG00000175387"
"GO","GOBP_MACROAUTOPHAGY",0.00101849751105426,0.019819727427757,0.45505986738723,-0.283330730622191,-1.36791908831107,390,"ENSG00000011465;ENSG00000132405;ENSG00000152137;ENSG00000139112;ENSG00000166471;ENSG00000174437;ENSG00000148158;ENSG00000135093;ENSG00000179331;ENSG00000141458;ENSG00000198589;ENSG00000155975;ENSG00000096717;ENSG00000107643;ENSG00000097033;ENSG00000104133;ENSG00000102043;ENSG00000014123;ENSG00000213585;ENSG00000176749;ENSG00000102096;ENSG00000147894;ENSG00000134108;ENSG00000196850;ENSG00000144566;ENSG00000090054;ENSG00000107897;ENSG00000180233;ENSG00000150867;ENSG00000100644;ENSG00000100596;ENSG00000136874;ENSG00000164841;ENSG00000129515;ENSG00000159399;ENSG00000149212;ENSG00000205765;ENSG00000155097;ENSG00000171763;ENSG00000164938;ENSG00000196455;ENSG00000136783;ENSG00000198382;ENSG00000114573;ENSG00000008952;ENSG00000118873;ENSG00000133056;ENSG00000165309;ENSG00000185344;ENSG00000115839;ENSG00000204977;ENSG00000066739;ENSG00000133104;ENSG00000255112;ENSG00000129003;ENSG00000198793;ENSG00000120992;ENSG00000164305;ENSG00000078804;ENSG00000165943;ENSG00000087470;ENSG00000104312;ENSG00000176994;ENSG00000149557;ENSG00000119541;ENSG00000172007;ENSG00000140941;ENSG00000006715;ENSG00000104765;ENSG00000134001;ENSG00000116688;ENSG00000070770;ENSG00000152223;ENSG00000077721;ENSG00000168092;ENSG00000167987;ENSG00000078142;ENSG00000149547;ENSG00000171055;ENSG00000178607;ENSG00000048707;ENSG00000131374;ENSG00000135018;ENSG00000120686;ENSG00000116138;ENSG00000126775;ENSG00000116977;ENSG00000197386;ENSG00000170248;ENSG00000176142;ENSG00000119401;ENSG00000188021;ENSG00000198742;ENSG00000077254;ENSG00000116299;ENSG00000265354;ENSG00000165028;ENSG00000147162;ENSG00000163625;ENSG00000149311;ENSG00000136888;ENSG00000106100;ENSG00000181852;ENSG00000129472;ENSG00000062716;ENSG00000112234;ENSG00000196821;ENSG00000163251;ENSG00000154153;ENSG00000115020;ENSG00000165280;ENSG00000101266;ENSG00000136738;ENSG00000181652;ENSG00000164073;ENSG00000112210;ENSG00000112425;ENSG00000147416;ENSG00000169252;ENSG00000265808;ENSG00000151502;ENSG00000083937;ENSG00000144118;ENSG00000135317;ENSG00000005893;ENSG00000115145;ENSG00000086758;ENSG00000145016;ENSG00000183735;ENSG00000188554;ENSG00000116903;ENSG00000069869;ENSG00000139719;ENSG00000145782;ENSG00000146955;ENSG00000164695;ENSG00000023287"
"GO","GOMF_DNA_BINDING_TRANSCRIPTION_FACTOR_BINDING",0.00103558125320066,0.0200944305062318,0.45505986738723,-0.279763929101175,-1.37054384190795,469,"ENSG00000071575;ENSG00000114166;ENSG00000101109;ENSG00000138162;ENSG00000167034;ENSG00000134954;ENSG00000139112;ENSG00000117707;ENSG00000115641;ENSG00000162992;ENSG00000107187;ENSG00000164683;ENSG00000123411;ENSG00000108510;ENSG00000096717;ENSG00000165671;ENSG00000133794;ENSG00000142867;ENSG00000183576;ENSG00000125878;ENSG00000179218;ENSG00000115808;ENSG00000100320;ENSG00000165617;ENSG00000114315;ENSG00000064703;ENSG00000196924;ENSG00000068305;ENSG00000139352;ENSG00000139687;ENSG00000185591;ENSG00000127870;ENSG00000111912;ENSG00000125686;ENSG00000141027;ENSG00000196233;ENSG00000134107;ENSG00000143514;ENSG00000100644;ENSG00000008405;ENSG00000196090;ENSG00000083168;ENSG00000163093;ENSG00000138738;ENSG00000101843;ENSG00000198176;ENSG00000263001;ENSG00000171988;ENSG00000118260;ENSG00000005339;ENSG00000066336;ENSG00000005100;ENSG00000153879;ENSG00000065526;ENSG00000125398;ENSG00000082701;ENSG00000168214;ENSG00000253729;ENSG00000137494;ENSG00000104320;ENSG00000115966;ENSG00000147649;ENSG00000129315;ENSG00000119318;ENSG00000130402;ENSG00000131023;ENSG00000140682;ENSG00000064393;ENSG00000095794;ENSG00000198646;ENSG00000143799;ENSG00000122779;ENSG00000121931;ENSG00000153827;ENSG00000179941;ENSG00000069275;ENSG00000163960;ENSG00000163320;ENSG00000124151;ENSG00000157557;ENSG00000113649;ENSG00000014824;ENSG00000164924;ENSG00000171791;ENSG00000198791;ENSG00000138795;ENSG00000172216;ENSG00000172845;ENSG00000084676;ENSG00000054118;ENSG00000113196;ENSG00000146918;ENSG00000140396;ENSG00000100393;ENSG00000172819;ENSG00000099942;ENSG00000100811;ENSG00000184634;ENSG00000144747;ENSG00000136146;ENSG00000076108;ENSG00000106546;ENSG00000164934;ENSG00000125107;ENSG00000186951;ENSG00000175197;ENSG00000152192;ENSG00000164758;ENSG00000119401;ENSG00000134533;ENSG00000165417;ENSG00000180182;ENSG00000185129;ENSG00000168610;ENSG00000175387;ENSG00000101493;ENSG00000184481;ENSG00000256061;ENSG00000242220;ENSG00000138744;ENSG00000166949;ENSG00000180530;ENSG00000160310;ENSG00000135547;ENSG00000183864;ENSG00000198373;ENSG00000165533;ENSG00000141384;ENSG00000157933;ENSG00000145041;ENSG00000141052;ENSG00000112238;ENSG00000153234;ENSG00000100219;ENSG00000126767;ENSG00000145220;ENSG00000130699;ENSG00000108654;ENSG00000101040;ENSG00000177551;ENSG00000115548;ENSG00000147526;ENSG00000169375;ENSG00000119508;ENSG00000174059;ENSG00000112062;ENSG00000183735;ENSG00000122025;ENSG00000013561;ENSG00000142611;ENSG00000086712;ENSG00000087274"
"GO","GOBP_POSITIVE_REGULATION_OF_PROTEIN_MODIFICATION_PROCESS",0.00103895895904417,0.0201023716304204,0.45505986738723,-0.293087975905089,-1.40056973349434,350,"ENSG00000044574;ENSG00000064042;ENSG00000109756;ENSG00000108960;ENSG00000141506;ENSG00000114251;ENSG00000101109;ENSG00000141433;ENSG00000096968;ENSG00000081237;ENSG00000185115;ENSG00000151893;ENSG00000135090;ENSG00000130340;ENSG00000153064;ENSG00000135842;ENSG00000081377;ENSG00000096717;ENSG00000133794;ENSG00000142867;ENSG00000102471;ENSG00000169032;ENSG00000114062;ENSG00000114315;ENSG00000157168;ENSG00000139174;ENSG00000138685;ENSG00000197329;ENSG00000145604;ENSG00000186660;ENSG00000180543;ENSG00000100311;ENSG00000108100;ENSG00000164197;ENSG00000156427;ENSG00000215301;ENSG00000043093;ENSG00000008405;ENSG00000126261;ENSG00000101843;ENSG00000157764;ENSG00000112715;ENSG00000144580;ENSG00000243646;ENSG00000072401;ENSG00000082146;ENSG00000163904;ENSG00000140450;ENSG00000118873;ENSG00000157450;ENSG00000082701;ENSG00000115839;ENSG00000113296;ENSG00000173163;ENSG00000198168;ENSG00000131788;ENSG00000198793;ENSG00000100030;ENSG00000121989;ENSG00000066084;ENSG00000136754;ENSG00000165355;ENSG00000114346;ENSG00000145979;ENSG00000225830;ENSG00000104312;ENSG00000196632;ENSG00000136536;ENSG00000176170;ENSG00000131724;ENSG00000114302;ENSG00000141198;ENSG00000168283;ENSG00000156642;ENSG00000078142;ENSG00000164136;ENSG00000188215;ENSG00000187764;ENSG00000135018;ENSG00000136986;ENSG00000126775;ENSG00000078140;ENSG00000108946;ENSG00000111961;ENSG00000160305;ENSG00000139668;ENSG00000114423;ENSG00000139946;ENSG00000036257;ENSG00000115355;ENSG00000184675;ENSG00000108387;ENSG00000165280;ENSG00000181744;ENSG00000183255;ENSG00000138778;ENSG00000009694;ENSG00000157212;ENSG00000005810;ENSG00000083535;ENSG00000100219;ENSG00000164078"
"GO","GOCC_POSTSYNAPTIC_SPECIALIZATION_MEMBRANE",0.00106092467201899,0.020352923169724,0.45505986738723,-0.36925737466136,-1.59830509749273,149,"ENSG00000144711;ENSG00000125675;ENSG00000116106;ENSG00000135298;ENSG00000158258;ENSG00000183454;ENSG00000117600;ENSG00000121871;ENSG00000107362;ENSG00000164742;ENSG00000182771;ENSG00000082482;ENSG00000158445;ENSG00000149970;ENSG00000149403;ENSG00000152578;ENSG00000075711;ENSG00000170385;ENSG00000008277;ENSG00000124313;ENSG00000011677;ENSG00000171208;ENSG00000091129;ENSG00000151490;ENSG00000163785;ENSG00000163873;ENSG00000138435;ENSG00000171189;ENSG00000156395;ENSG00000067141;ENSG00000118596;ENSG00000105426;ENSG00000151025;ENSG00000125266;ENSG00000136379;ENSG00000148943;ENSG00000152208;ENSG00000128594;ENSG00000110881;ENSG00000186297;ENSG00000157193;ENSG00000243902;ENSG00000105464;ENSG00000116329;ENSG00000150672;ENSG00000146938;ENSG00000166206;ENSG00000116032"
"GO","GOCC_SECRETORY_GRANULE_MEMBRANE",0.00105696309826025,0.020352923169724,0.45505986738723,-0.308185086573502,-1.43894594307394,282,"ENSG00000137509;ENSG00000078081;ENSG00000109323;ENSG00000143858;ENSG00000163618;ENSG00000081237;ENSG00000196549;ENSG00000051523;ENSG00000085365;ENSG00000140284;ENSG00000108219;ENSG00000129353;ENSG00000084733;ENSG00000125257;ENSG00000197081;ENSG00000123104;ENSG00000116815;ENSG00000058063;ENSG00000096696;ENSG00000197405;ENSG00000203710;ENSG00000123728;ENSG00000041353;ENSG00000079931;ENSG00000188404;ENSG00000213281;ENSG00000128596;ENSG00000091317;ENSG00000110917;ENSG00000145685;ENSG00000102158;ENSG00000168461;ENSG00000163531;ENSG00000170348;ENSG00000177119;ENSG00000138246;ENSG00000068650;ENSG00000137845;ENSG00000145740;ENSG00000130150;ENSG00000164506;ENSG00000138592;ENSG00000196776;ENSG00000144635;ENSG00000166479;ENSG00000099246;ENSG00000259207;ENSG00000086062;ENSG00000198168;ENSG00000129003;ENSG00000081277;ENSG00000175582;ENSG00000143753;ENSG00000109270;ENSG00000123570;ENSG00000166900;ENSG00000085719;ENSG00000119396;ENSG00000086598;ENSG00000084234;ENSG00000117335;ENSG00000147234;ENSG00000150995;ENSG00000138448;ENSG00000130270;ENSG00000129083;ENSG00000104112;ENSG00000164756;ENSG00000100815;ENSG00000127481"
"GO","GOBP_REGULATION_OF_APOPTOTIC_SIGNALING_PATHWAY",0.00106072233418029,0.020352923169724,0.45505986738723,-0.296530575609492,-1.4209714013579,360,"ENSG00000051108;ENSG00000149428;ENSG00000104432;ENSG00000198964;ENSG00000114251;ENSG00000107731;ENSG00000164879;ENSG00000064655;ENSG00000101109;ENSG00000167034;ENSG00000148841;ENSG00000010810;ENSG00000083799;ENSG00000096968;ENSG00000104205;ENSG00000081237;ENSG00000001084;ENSG00000172071;ENSG00000096717;ENSG00000112175;ENSG00000099250;ENSG00000142867;ENSG00000169032;ENSG00000158161;ENSG00000154447;ENSG00000115170;ENSG00000157168;ENSG00000106144;ENSG00000138685;ENSG00000139687;ENSG00000185591;ENSG00000198836;ENSG00000166170;ENSG00000171560;ENSG00000100644;ENSG00000131467;ENSG00000215301;ENSG00000056558;ENSG00000120659;ENSG00000118503;ENSG00000101843;ENSG00000029363;ENSG00000023909;ENSG00000073756;ENSG00000082146;ENSG00000132824;ENSG00000110536;ENSG00000170633;ENSG00000180228;ENSG00000116679;ENSG00000082701;ENSG00000120868;ENSG00000167004;ENSG00000196712;ENSG00000115760;ENSG00000003402;ENSG00000048392;ENSG00000169018;ENSG00000035664;ENSG00000137713;ENSG00000165188;ENSG00000163012;ENSG00000143799;ENSG00000136536;ENSG00000142192;ENSG00000085721;ENSG00000168283;ENSG00000171791;ENSG00000070770;ENSG00000138448;ENSG00000181788;ENSG00000149547;ENSG00000122641;ENSG00000015171;ENSG00000146247;ENSG00000012048;ENSG00000135018;ENSG00000157613;ENSG00000197386;ENSG00000175197;ENSG00000153094;ENSG00000196396;ENSG00000119401;ENSG00000170242;ENSG00000101349;ENSG00000157240;ENSG00000147140;ENSG00000168610;ENSG00000016402;ENSG00000181061;ENSG00000104375;ENSG00000187556;ENSG00000108387;ENSG00000165119;ENSG00000132436;ENSG00000101266;ENSG00000183255;ENSG00000169372;ENSG00000153234;ENSG00000100219;ENSG00000060138;ENSG00000136603;ENSG00000135679;ENSG00000135655;ENSG00000141682;ENSG00000126003"
"GO","GOBP_ALANINE_TRANSPORT",0.00106788132878928,0.0203709643903126,0.45505986738723,-0.694298278273485,-1.8924221631152,16,"ENSG00000139209;ENSG00000131389;ENSG00000180773;ENSG00000134294;ENSG00000103257;ENSG00000164466;ENSG00000092068;ENSG00000197106;ENSG00000017483;ENSG00000123643"
"GO","GOBP_NEGATIVE_REGULATION_OF_FAT_CELL_DIFFERENTIATION",0.00106720968023197,0.0203709643903126,0.45505986738723,-0.474602274714679,-1.7513215125994,56,"ENSG00000071575;ENSG00000114251;ENSG00000069667;ENSG00000101384;ENSG00000096717;ENSG00000133794;ENSG00000150907;ENSG00000073712;ENSG00000112715;ENSG00000134243;ENSG00000140682;ENSG00000038382;ENSG00000018408;ENSG00000107890;ENSG00000100393;ENSG00000175197;ENSG00000197594;ENSG00000166949"
"GO","GOBP_ARTERY_DEVELOPMENT",0.00107330685937851,0.0204041215071596,0.45505986738723,-0.408494760526032,-1.67825354805538,103,"ENSG00000124766;ENSG00000101384;ENSG00000065534;ENSG00000167034;ENSG00000117707;ENSG00000163513;ENSG00000189079;ENSG00000164683;ENSG00000072736;ENSG00000099250;ENSG00000084674;ENSG00000114315;ENSG00000139174;ENSG00000138802;ENSG00000130203;ENSG00000049192;ENSG00000092148;ENSG00000133026;ENSG00000171316;ENSG00000117020;ENSG00000169641;ENSG00000112715;ENSG00000107779;ENSG00000168214;ENSG00000101665;ENSG00000196712;ENSG00000185008;ENSG00000169855;ENSG00000125266;ENSG00000108175;ENSG00000081479;ENSG00000004399;ENSG00000114739;ENSG00000130164;ENSG00000204217;ENSG00000175197;ENSG00000057657;ENSG00000135547;ENSG00000141052;ENSG00000125633;ENSG00000118762;ENSG00000008196;ENSG00000070614;ENSG00000139567;ENSG00000107882;ENSG00000250120;ENSG00000106799;ENSG00000115310;ENSG00000113083;ENSG00000006125;ENSG00000105429"
"GO","GOBP_RRNA_PROCESSING",0.00107564550768694,0.0204041215071596,0.45505986738723,0.338113821648404,1.50573757495269,235,"ENSG00000167272;ENSG00000129347;ENSG00000129460;ENSG00000105373;ENSG00000138382;ENSG00000005189;ENSG00000177954;ENSG00000275700;ENSG00000242372;ENSG00000133316;ENSG00000278619;ENSG00000077348;ENSG00000138326;ENSG00000198917;ENSG00000187531;ENSG00000182774;ENSG00000171858;ENSG00000115268;ENSG00000104872;ENSG00000152464;ENSG00000139637;ENSG00000130810;ENSG00000105193;ENSG00000166133;ENSG00000145912;ENSG00000100138;ENSG00000184967;ENSG00000227057;ENSG00000123064;ENSG00000142676;ENSG00000142937;ENSG00000164587;ENSG00000136942;ENSG00000188739;ENSG00000233927;ENSG00000101546;ENSG00000141456;ENSG00000179041;ENSG00000188573;ENSG00000122406;ENSG00000135828;ENSG00000105671;ENSG00000107833;ENSG00000198492;ENSG00000171863;ENSG00000079313;ENSG00000273611;ENSG00000171806;ENSG00000188846;ENSG00000105372;ENSG00000108592;ENSG00000130826;ENSG00000130305;ENSG00000131469;ENSG00000175467;ENSG00000185163;ENSG00000100029;ENSG00000143303;ENSG00000101361;ENSG00000182899;ENSG00000007520;ENSG00000196678;ENSG00000053372;ENSG00000141076;ENSG00000171103;ENSG00000182841;ENSG00000132275;ENSG00000197498;ENSG00000156990;ENSG00000114767;ENSG00000147604;ENSG00000148303;ENSG00000116455;ENSG00000118181;ENSG00000117419;ENSG00000189306;ENSG00000161970;ENSG00000117597;ENSG00000109534;ENSG00000130713;ENSG00000105202;ENSG00000101945;ENSG00000241945;ENSG00000109536;ENSG00000147889;ENSG00000141543;ENSG00000071462;ENSG00000188917;ENSG00000261236;ENSG00000085231;ENSG00000172183;ENSG00000178718;ENSG00000119616;ENSG00000162851;ENSG00000183751;ENSG00000160214;ENSG00000173113;ENSG00000272047;ENSG00000172301;ENSG00000143633;ENSG00000112578;ENSG00000102309;ENSG00000172336;ENSG00000225921;ENSG00000178105;ENSG00000065268"
"GO","GOBP_POSITIVE_REGULATION_OF_PROTEIN_CONTAINING_COMPLEX_ASSEMBLY",0.0010813365282493,0.0204451220655577,0.45505986738723,-0.343136500148576,-1.53461267582111,192,"ENSG00000239732;ENSG00000129474;ENSG00000150457;ENSG00000036828;ENSG00000165029;ENSG00000198718;ENSG00000075618;ENSG00000130779;ENSG00000130340;ENSG00000164327;ENSG00000165527;ENSG00000107643;ENSG00000154451;ENSG00000097033;ENSG00000119906;ENSG00000131711;ENSG00000164151;ENSG00000176749;ENSG00000157168;ENSG00000161270;ENSG00000075711;ENSG00000178104;ENSG00000215301;ENSG00000061676;ENSG00000074054;ENSG00000073712;ENSG00000151422;ENSG00000070087;ENSG00000150054;ENSG00000112715;ENSG00000217128;ENSG00000072274;ENSG00000067798;ENSG00000118260;ENSG00000198060;ENSG00000005100;ENSG00000082701;ENSG00000175054;ENSG00000198793;ENSG00000101311;ENSG00000131023;ENSG00000151414;ENSG00000103335;ENSG00000111530;ENSG00000068971;ENSG00000133302;ENSG00000052795;ENSG00000153094;ENSG00000197943;ENSG00000149311;ENSG00000101367;ENSG00000161905;ENSG00000109171;ENSG00000165280;ENSG00000009694;ENSG00000156599;ENSG00000184304;ENSG00000099337;ENSG00000156735;ENSG00000171368;ENSG00000071051;ENSG00000137478;ENSG00000164808"
"GO","GOMF_ATP_HYDROLYSIS_ACTIVITY",0.0010838450711068,0.0204451220655577,0.45505986738723,-0.292286359682426,-1.4108176787065,393,"ENSG00000044574;ENSG00000166598;ENSG00000103222;ENSG00000136492;ENSG00000165732;ENSG00000143921;ENSG00000174437;ENSG00000165029;ENSG00000157483;ENSG00000017260;ENSG00000088205;ENSG00000153922;ENSG00000125257;ENSG00000095564;ENSG00000154258;ENSG00000143515;ENSG00000058063;ENSG00000048649;ENSG00000108406;ENSG00000119778;ENSG00000133657;ENSG00000064703;ENSG00000113522;ENSG00000124177;ENSG00000085563;ENSG00000109606;ENSG00000112249;ENSG00000165392;ENSG00000172594;ENSG00000101596;ENSG00000023839;ENSG00000139116;ENSG00000119684;ENSG00000215301;ENSG00000163214;ENSG00000145907;ENSG00000168280;ENSG00000054523;ENSG00000156414;ENSG00000114770;ENSG00000165115;ENSG00000004700;ENSG00000068650;ENSG00000164292;ENSG00000155304;ENSG00000171763;ENSG00000145246;ENSG00000171316;ENSG00000197535;ENSG00000021776;ENSG00000114573;ENSG00000070087;ENSG00000131437;ENSG00000072501;ENSG00000095002;ENSG00000145833;ENSG00000067798;ENSG00000070961;ENSG00000171681;ENSG00000005100;ENSG00000164080;ENSG00000100201;ENSG00000174953;ENSG00000068796;ENSG00000101350;ENSG00000170759;ENSG00000136824;ENSG00000117528;ENSG00000172716;ENSG00000153147;ENSG00000164163;ENSG00000110367;ENSG00000112159;ENSG00000085224;ENSG00000225830;ENSG00000145375;ENSG00000119541;ENSG00000154262;ENSG00000125485;ENSG00000067842;ENSG00000116254;ENSG00000163399;ENSG00000123191;ENSG00000130270;ENSG00000259706;ENSG00000138138;ENSG00000067048;ENSG00000066735;ENSG00000128908;ENSG00000076003;ENSG00000144028;ENSG00000058668;ENSG00000177200;ENSG00000119912;ENSG00000021574;ENSG00000163029;ENSG00000173575;ENSG00000039123;ENSG00000118322;ENSG00000126858;ENSG00000124406;ENSG00000135776;ENSG00000155980;ENSG00000064270;ENSG00000138346;ENSG00000159256;ENSG00000165280;ENSG00000067596;ENSG00000132436;ENSG00000122512;ENSG00000081923;ENSG00000101452;ENSG00000084731;ENSG00000127957;ENSG00000163104;ENSG00000080603;ENSG00000137177;ENSG00000140829;ENSG00000108654;ENSG00000124535;ENSG00000102781;ENSG00000166377;ENSG00000102910;ENSG00000150990;ENSG00000013275;ENSG00000054793;ENSG00000197892;ENSG00000181381;ENSG00000116852;ENSG00000136758;ENSG00000166833;ENSG00000078319;ENSG00000004846;ENSG00000198887;ENSG00000079246;ENSG00000064933;ENSG00000073969"
"GO","GOBP_PHOSPHATIDYLINOSITOL_3_PHOSPHATE_BIOSYNTHETIC_PROCESS",0.00109220529653455,0.0205455951892554,0.45505986738723,-0.62536174668571,-1.88377775075254,23,"ENSG00000040933;ENSG00000011405;ENSG00000078269;ENSG00000196455;ENSG00000198382;ENSG00000122126;ENSG00000133056;ENSG00000139144;ENSG00000159082;ENSG00000078142;ENSG00000126775;ENSG00000109452;ENSG00000149311;ENSG00000115020"
"GO","GOMF_DNA_BINDING_TRANSCRIPTION_ACTIVATOR_ACTIVITY",0.00110160105716114,0.0206649372828123,0.45505986738723,-0.289030077863661,-1.40101593637173,411,"ENSG00000124766;ENSG00000166888;ENSG00000196482;ENSG00000109320;ENSG00000163884;ENSG00000134954;ENSG00000117707;ENSG00000108924;ENSG00000162992;ENSG00000155090;ENSG00000162419;ENSG00000107187;ENSG00000101096;ENSG00000130940;ENSG00000164749;ENSG00000115844;ENSG00000072736;ENSG00000198963;ENSG00000196092;ENSG00000158711;ENSG00000125878;ENSG00000253293;ENSG00000039600;ENSG00000118263;ENSG00000181449;ENSG00000185002;ENSG00000150907;ENSG00000068305;ENSG00000185591;ENSG00000073861;ENSG00000118217;ENSG00000188994;ENSG00000163909;ENSG00000134852;ENSG00000172466;ENSG00000116731;ENSG00000128714;ENSG00000135457;ENSG00000110851;ENSG00000100644;ENSG00000114126;ENSG00000112561;ENSG00000177463;ENSG00000154727;ENSG00000153266;ENSG00000110925;ENSG00000196628;ENSG00000198176;ENSG00000263001;ENSG00000148200;ENSG00000123268;ENSG00000118260;ENSG00000066336;ENSG00000008197;ENSG00000115297;ENSG00000102908;ENSG00000153879;ENSG00000125398;ENSG00000164463;ENSG00000168214;ENSG00000096401;ENSG00000105967;ENSG00000187079;ENSG00000162924;ENSG00000067646;ENSG00000115112;ENSG00000115966;ENSG00000178662;ENSG00000113580;ENSG00000001167;ENSG00000105672;ENSG00000182158;ENSG00000186918;ENSG00000251493;ENSG00000187098;ENSG00000117000;ENSG00000122859;ENSG00000166454;ENSG00000100426;ENSG00000138795;ENSG00000188313;ENSG00000172216;ENSG00000156273;ENSG00000064195;ENSG00000113196;ENSG00000169926;ENSG00000112242;ENSG00000173253;ENSG00000133740;ENSG00000100811;ENSG00000085276;ENSG00000176542;ENSG00000107249;ENSG00000251247;ENSG00000157613;ENSG00000186951;ENSG00000203883;ENSG00000175197;ENSG00000111087;ENSG00000118689;ENSG00000152192;ENSG00000129514;ENSG00000168610;ENSG00000175387;ENSG00000184481;ENSG00000006468;ENSG00000120690;ENSG00000166949;ENSG00000175727"
"GO","GOBP_PRESYNAPSE_ORGANIZATION",0.00111378192829846,0.0208357215978927,0.45505986738723,-0.48968113108251,-1.78060390688828,53,"ENSG00000157445;ENSG00000114251;ENSG00000171914;ENSG00000144847;ENSG00000112139;ENSG00000121871;ENSG00000100592;ENSG00000165527;ENSG00000197405;ENSG00000186472;ENSG00000070087;ENSG00000153707;ENSG00000179915;ENSG00000118946;ENSG00000076716;ENSG00000163539;ENSG00000125266;ENSG00000142192;ENSG00000152208;ENSG00000157240;ENSG00000146938;ENSG00000196083"
"GO","GOMF_CADHERIN_BINDING",0.0011259680866202,0.0210056635884077,0.45505986738723,-0.296769056751615,-1.41094909007389,330,"ENSG00000044574;ENSG00000117868;ENSG00000179889;ENSG00000140945;ENSG00000138594;ENSG00000088387;ENSG00000144283;ENSG00000170558;ENSG00000124164;ENSG00000179295;ENSG00000110841;ENSG00000075618;ENSG00000062038;ENSG00000130340;ENSG00000084733;ENSG00000097033;ENSG00000144824;ENSG00000115170;ENSG00000105939;ENSG00000100266;ENSG00000176749;ENSG00000117519;ENSG00000204120;ENSG00000075711;ENSG00000135269;ENSG00000196924;ENSG00000144191;ENSG00000168952;ENSG00000127603;ENSG00000081138;ENSG00000137942;ENSG00000215301;ENSG00000196090;ENSG00000138768;ENSG00000082805;ENSG00000116489;ENSG00000166913;ENSG00000151490;ENSG00000150054;ENSG00000102572;ENSG00000134982;ENSG00000138592;ENSG00000151239;ENSG00000146376;ENSG00000067141;ENSG00000170759;ENSG00000137710;ENSG00000065613;ENSG00000073921;ENSG00000134884;ENSG00000103353;ENSG00000050405;ENSG00000081277;ENSG00000113361;ENSG00000110367;ENSG00000107736;ENSG00000136754;ENSG00000110395;ENSG00000135048;ENSG00000104419;ENSG00000020922;ENSG00000085832;ENSG00000121060;ENSG00000128641;ENSG00000117335;ENSG00000104067;ENSG00000164924;ENSG00000133030;ENSG00000198561;ENSG00000099942;ENSG00000157827;ENSG00000204217;ENSG00000057294;ENSG00000165219;ENSG00000117592;ENSG00000113282;ENSG00000035403;ENSG00000142634;ENSG00000196396;ENSG00000082153;ENSG00000065243;ENSG00000150093;ENSG00000138413;ENSG00000122545;ENSG00000153317;ENSG00000142864;ENSG00000101367;ENSG00000168385;ENSG00000130396;ENSG00000165119;ENSG00000082438;ENSG00000126777;ENSG00000278828;ENSG00000083937;ENSG00000180611;ENSG00000110321;ENSG00000151150;ENSG00000163110;ENSG00000180370;ENSG00000044115;ENSG00000120802;ENSG00000198087;ENSG00000140575;ENSG00000087274;ENSG00000184363;ENSG00000241973;ENSG00000133789;ENSG00000100345;ENSG00000122786;ENSG00000091409;ENSG00000115310;ENSG00000099992;ENSG00000039068;ENSG00000138069;ENSG00000133961;ENSG00000197702;ENSG00000175216;ENSG00000066032;ENSG00000168036"
"GO","GOCC_NUCLEAR_MEMBRANE",0.00114305563514392,0.0212658592340512,0.45505986738723,-0.320097007482157,-1.48244739432549,261,"ENSG00000131979;ENSG00000174106;ENSG00000136492;ENSG00000165632;ENSG00000198780;ENSG00000148841;ENSG00000127022;ENSG00000213714;ENSG00000170214;ENSG00000040933;ENSG00000004468;ENSG00000124789;ENSG00000096717;ENSG00000162819;ENSG00000113569;ENSG00000138336;ENSG00000058063;ENSG00000155561;ENSG00000069248;ENSG00000198929;ENSG00000147894;ENSG00000139174;ENSG00000139496;ENSG00000155085;ENSG00000170385;ENSG00000108424;ENSG00000127870;ENSG00000153207;ENSG00000170629;ENSG00000177932;ENSG00000084073;ENSG00000165802;ENSG00000070882;ENSG00000112851;ENSG00000148481;ENSG00000136478;ENSG00000040341;ENSG00000091039;ENSG00000073756;ENSG00000067798;ENSG00000125875;ENSG00000126804;ENSG00000163904;ENSG00000143801;ENSG00000179915;ENSG00000097007;ENSG00000108506;ENSG00000007168;ENSG00000147649;ENSG00000136193;ENSG00000189077;ENSG00000134243;ENSG00000120992;ENSG00000065150;ENSG00000163002;ENSG00000182621;ENSG00000153201;ENSG00000157601;ENSG00000080345;ENSG00000171791;ENSG00000256060;ENSG00000150995;ENSG00000149547;ENSG00000178607;ENSG00000093000;ENSG00000146802;ENSG00000173273;ENSG00000205423;ENSG00000119041;ENSG00000021574;ENSG00000115446;ENSG00000101349;ENSG00000163625;ENSG00000172893;ENSG00000166881;ENSG00000125827;ENSG00000164031;ENSG00000095209;ENSG00000166949;ENSG00000143418;ENSG00000086475;ENSG00000110713;ENSG00000164828;ENSG00000189362;ENSG00000196313;ENSG00000138095"
"GO","GOBP_POSITIVE_REGULATION_OF_CANONICAL_WNT_SIGNALING_PATHWAY",0.00116682043408709,0.0216485150127063,0.45505986738723,-0.380698070284843,-1.58703473350429,114,"ENSG00000124766;ENSG00000109189;ENSG00000109320;ENSG00000073711;ENSG00000116729;ENSG00000062038;ENSG00000102678;ENSG00000133794;ENSG00000165617;ENSG00000138685;ENSG00000169118;ENSG00000107104;ENSG00000060237;ENSG00000215301;ENSG00000112902;ENSG00000186767;ENSG00000020181;ENSG00000138592;ENSG00000168214;ENSG00000151292;ENSG00000123607;ENSG00000138032;ENSG00000115464;ENSG00000107854;ENSG00000196632;ENSG00000104517;ENSG00000066468;ENSG00000115216;ENSG00000114904;ENSG00000139697;ENSG00000173273;ENSG00000101849;ENSG00000205213;ENSG00000170242;ENSG00000019995;ENSG00000166949;ENSG00000100744;ENSG00000184675;ENSG00000165280;ENSG00000114742"
"GO","GOBP_AORTIC_VALVE_MORPHOGENESIS",0.00119288514191523,0.0220547544009574,0.45505986738723,-0.54063438302684,-1.82820613510779,38,"ENSG00000101384;ENSG00000163513;ENSG00000164683;ENSG00000134318;ENSG00000139687;ENSG00000145147;ENSG00000163909;ENSG00000067900;ENSG00000154736;ENSG00000125398;ENSG00000185008;ENSG00000169855"
"GO","GOBP_POSITIVE_REGULATION_OF_GTPASE_ACTIVITY",0.00119848635846904,0.0220547544009574,0.45505986738723,-0.426247930737432,-1.67780932789643,80,"ENSG00000109756;ENSG00000135905;ENSG00000088387;ENSG00000154096;ENSG00000141433;ENSG00000173848;ENSG00000111490;ENSG00000130340;ENSG00000107036;ENSG00000137936;ENSG00000071189;ENSG00000143398;ENSG00000170471;ENSG00000174373;ENSG00000088280;ENSG00000107560;ENSG00000125875;ENSG00000166579;ENSG00000186716;ENSG00000196712;ENSG00000188559;ENSG00000114346;ENSG00000145979;ENSG00000148429;ENSG00000183323;ENSG00000148908;ENSG00000097096;ENSG00000132613;ENSG00000187764;ENSG00000150093"
"GO","GOBP_RESPONSE_TO_STEROID_HORMONE",0.00119536186781371,0.0220547544009574,0.45505986738723,-0.300161397613599,-1.41880835005016,313,"ENSG00000103222;ENSG00000196482;ENSG00000153162;ENSG00000123901;ENSG00000118515;ENSG00000167034;ENSG00000144736;ENSG00000180616;ENSG00000096968;ENSG00000081237;ENSG00000162992;ENSG00000051523;ENSG00000141458;ENSG00000145545;ENSG00000004468;ENSG00000168615;ENSG00000096717;ENSG00000133794;ENSG00000169032;ENSG00000179218;ENSG00000039600;ENSG00000116285;ENSG00000114062;ENSG00000154447;ENSG00000100320;ENSG00000014123;ENSG00000266412;ENSG00000145604;ENSG00000145147;ENSG00000127870;ENSG00000163453;ENSG00000163909;ENSG00000134852;ENSG00000125686;ENSG00000141027;ENSG00000196792;ENSG00000008405;ENSG00000198648;ENSG00000172817;ENSG00000144580;ENSG00000140526;ENSG00000100201;ENSG00000164463;ENSG00000138592;ENSG00000111319;ENSG00000134240;ENSG00000003402;ENSG00000113580;ENSG00000164305;ENSG00000131023;ENSG00000133703;ENSG00000197256;ENSG00000143799;ENSG00000167258;ENSG00000108175;ENSG00000163399;ENSG00000168283;ENSG00000171791;ENSG00000104517;ENSG00000084676;ENSG00000140396;ENSG00000100393;ENSG00000122641;ENSG00000154229;ENSG00000163794;ENSG00000012048;ENSG00000164326;ENSG00000144747;ENSG00000167548;ENSG00000120686;ENSG00000125107;ENSG00000186951;ENSG00000153094;ENSG00000118689;ENSG00000138413;ENSG00000129514;ENSG00000167332;ENSG00000159167;ENSG00000256061"
"GO","GOCC_MITOCHONDRIAL_SMALL_RIBOSOMAL_SUBUNIT",0.00120425432183017,0.0221008408331542,0.45505986738723,0.569237888859337,1.82109412898078,32,"ENSG00000102738;ENSG00000181610;ENSG00000175756;ENSG00000125445;ENSG00000144029;ENSG00000204568;ENSG00000074071;ENSG00000096080;ENSG00000062582;ENSG00000239789;ENSG00000182180;ENSG00000163319;ENSG00000116898;ENSG00000125901;ENSG00000147586;ENSG00000122140;ENSG00000266472"
"GO","GOBP_ADIPOSE_TISSUE_DEVELOPMENT",0.00123083006151333,0.0225275166934277,0.45505986738723,-0.420695845644629,-1.66270248379834,82,"ENSG00000075391;ENSG00000036828;ENSG00000096717;ENSG00000116285;ENSG00000118263;ENSG00000185305;ENSG00000143365;ENSG00000150347;ENSG00000100596;ENSG00000107798;ENSG00000132356;ENSG00000066336;ENSG00000134240;ENSG00000105835;ENSG00000133104;ENSG00000115966;ENSG00000137642;ENSG00000143799;ENSG00000084676;ENSG00000114739;ENSG00000140396;ENSG00000055917;ENSG00000140718;ENSG00000101493;ENSG00000184675;ENSG00000139269;ENSG00000157212;ENSG00000158290;ENSG00000100219;ENSG00000198087;ENSG00000177565;ENSG00000162337;ENSG00000151615;ENSG00000147689;ENSG00000132549;ENSG00000164040;ENSG00000113369;ENSG00000138381;ENSG00000083720"
"GO","GOBP_REGULATION_OF_CELLULAR_RESPONSE_TO_HYPOXIA",0.00123797052875642,0.0225971332095377,0.45505986738723,-0.636841848844099,-1.89495692080118,22,"ENSG00000149428;ENSG00000116106;ENSG00000129474;ENSG00000082482;ENSG00000169032;ENSG00000134318;ENSG00000149295;ENSG00000173163;ENSG00000168610;ENSG00000135766"
"GO","GOMF_FLIPPASE_ACTIVITY",0.00127648675086995,0.023113284162811,0.45505986738723,-0.732556897995709,-1.93259323443291,14,"ENSG00000168389;ENSG00000143515;ENSG00000085563;ENSG00000068650;ENSG00000145246;ENSG00000182107;ENSG00000118322;ENSG00000124406;ENSG00000081923;ENSG00000112697;ENSG00000132932;ENSG00000167972"
"GO","GOMF_PHOSPHATASE_REGULATOR_ACTIVITY",0.00127311694599305,0.023113284162811,0.45505986738723,-0.376609409618137,-1.58777563002814,122,"ENSG00000166598;ENSG00000073711;ENSG00000119698;ENSG00000106341;ENSG00000198252;ENSG00000112137;ENSG00000188386;ENSG00000110075;ENSG00000154845;ENSG00000128989;ENSG00000038427;ENSG00000100796;ENSG00000158615;ENSG00000196950;ENSG00000146535;ENSG00000154001;ENSG00000108061;ENSG00000221823;ENSG00000164715;ENSG00000175470;ENSG00000058272;ENSG00000166913;ENSG00000173281;ENSG00000187866;ENSG00000137713;ENSG00000275052;ENSG00000077157;ENSG00000206560;ENSG00000198729;ENSG00000101445;ENSG00000133812;ENSG00000198561;ENSG00000068971;ENSG00000066027;ENSG00000205423;ENSG00000074211;ENSG00000243902;ENSG00000117602;ENSG00000163605"
"GO","GOBP_ENDOCRINE_SYSTEM_DEVELOPMENT",0.00127311694599305,0.023113284162811,0.45505986738723,-0.376333915896271,-1.58661415554919,122,"ENSG00000124766;ENSG00000153162;ENSG00000114251;ENSG00000170558;ENSG00000162992;ENSG00000172071;ENSG00000145545;ENSG00000107187;ENSG00000133794;ENSG00000112175;ENSG00000169032;ENSG00000128602;ENSG00000181449;ENSG00000114315;ENSG00000185002;ENSG00000138685;ENSG00000139352;ENSG00000150347;ENSG00000173404;ENSG00000134852;ENSG00000149295;ENSG00000157764;ENSG00000118260;ENSG00000107779;ENSG00000125398;ENSG00000082701;ENSG00000168214;ENSG00000196712;ENSG00000113580;ENSG00000100030;ENSG00000064393"
"GO","GOCC_SCHAFFER_COLLATERAL_CA1_SYNAPSE",0.00128191251509703,0.0231496308059656,0.45505986738723,-0.40800771888437,-1.66246632520414,98,"ENSG00000114251;ENSG00000116106;ENSG00000164099;ENSG00000010810;ENSG00000117600;ENSG00000164742;ENSG00000082482;ENSG00000125249;ENSG00000102189;ENSG00000170385;ENSG00000124313;ENSG00000067900;ENSG00000221823;ENSG00000163558;ENSG00000034053;ENSG00000070087;ENSG00000153707;ENSG00000006451;ENSG00000147044;ENSG00000127946;ENSG00000186716;ENSG00000007168;ENSG00000118596;ENSG00000105426;ENSG00000166900;ENSG00000143376;ENSG00000125266;ENSG00000150995;ENSG00000128594;ENSG00000107282;ENSG00000143878;ENSG00000157193;ENSG00000150093;ENSG00000128833;ENSG00000168610"
"GO","GOCC_EXTERNAL_SIDE_OF_PLASMA_MEMBRANE",0.00129537135616298,0.0233304649572759,0.45505986738723,-0.309261707890289,-1.44258333558191,281,"ENSG00000145242;ENSG00000122756;ENSG00000204516;ENSG00000141655;ENSG00000140945;ENSG00000169174;ENSG00000154096;ENSG00000186810;ENSG00000163513;ENSG00000165029;ENSG00000081237;ENSG00000138623;ENSG00000116678;ENSG00000168615;ENSG00000134352;ENSG00000125257;ENSG00000179218;ENSG00000109572;ENSG00000081985;ENSG00000171867;ENSG00000085563;ENSG00000188404;ENSG00000131015;ENSG00000111729;ENSG00000171560;ENSG00000163297;ENSG00000111981;ENSG00000091129;ENSG00000144648;ENSG00000076706;ENSG00000069702;ENSG00000165810;ENSG00000113594;ENSG00000072274;ENSG00000107779;ENSG00000120658;ENSG00000076716;ENSG00000111319;ENSG00000149294;ENSG00000152990;ENSG00000121966;ENSG00000104687;ENSG00000103257;ENSG00000259207;ENSG00000086062;ENSG00000184374;ENSG00000272398;ENSG00000152558;ENSG00000162909;ENSG00000165675;ENSG00000081479;ENSG00000142192;ENSG00000131724;ENSG00000170017;ENSG00000131019;ENSG00000138448;ENSG00000178726;ENSG00000130164;ENSG00000113303;ENSG00000160862;ENSG00000119912;ENSG00000150093;ENSG00000135318;ENSG00000173402"
"GO","GOBP_GOLGI_ORGANIZATION",0.00130733740148899,0.0234316030077499,0.45505986738723,-0.357132290315351,-1.5546530936719,155,"ENSG00000187801;ENSG00000117280;ENSG00000187240;ENSG00000177752;ENSG00000176018;ENSG00000134970;ENSG00000169032;ENSG00000143515;ENSG00000113384;ENSG00000178104;ENSG00000175073;ENSG00000085382;ENSG00000113712;ENSG00000249931;ENSG00000166170;ENSG00000120029;ENSG00000136874;ENSG00000170348;ENSG00000138768;ENSG00000013016;ENSG00000107651;ENSG00000074054;ENSG00000038210;ENSG00000118200;ENSG00000133103;ENSG00000197535;ENSG00000134709;ENSG00000125875;ENSG00000153339;ENSG00000188626;ENSG00000115806;ENSG00000100030;ENSG00000159289;ENSG00000163539;ENSG00000135968;ENSG00000066455;ENSG00000074695;ENSG00000148429;ENSG00000086598;ENSG00000172007;ENSG00000164924;ENSG00000130270;ENSG00000143457;ENSG00000197386;ENSG00000100815;ENSG00000117500;ENSG00000129472;ENSG00000062716;ENSG00000131381;ENSG00000107863;ENSG00000164597;ENSG00000120805;ENSG00000081923;ENSG00000173230;ENSG00000184304;ENSG00000141627"
"GO","GOCC_APICAL_PLASMA_MEMBRANE",0.00130790696056253,0.0234316030077499,0.45505986738723,-0.296207061369845,-1.42832465233579,388,"ENSG00000103222;ENSG00000116117;ENSG00000109756;ENSG00000122756;ENSG00000137491;ENSG00000115414;ENSG00000101384;ENSG00000104635;ENSG00000080822;ENSG00000118242;ENSG00000239732;ENSG00000143921;ENSG00000154096;ENSG00000170558;ENSG00000036828;ENSG00000204385;ENSG00000051523;ENSG00000139514;ENSG00000135750;ENSG00000198743;ENSG00000082482;ENSG00000187848;ENSG00000125257;ENSG00000158445;ENSG00000110911;ENSG00000033867;ENSG00000157168;ENSG00000075711;ENSG00000041353;ENSG00000118507;ENSG00000085563;ENSG00000149150;ENSG00000131389;ENSG00000120063;ENSG00000196950;ENSG00000050438;ENSG00000188158;ENSG00000144410;ENSG00000157654;ENSG00000146535;ENSG00000197208;ENSG00000023839;ENSG00000089057;ENSG00000163558;ENSG00000198648;ENSG00000158987;ENSG00000166006;ENSG00000114770;ENSG00000147676;ENSG00000168575;ENSG00000151490;ENSG00000155850;ENSG00000114573;ENSG00000168502;ENSG00000154310;ENSG00000183067;ENSG00000132356;ENSG00000145740;ENSG00000173698;ENSG00000130037;ENSG00000115616;ENSG00000111319;ENSG00000133059;ENSG00000137710;ENSG00000099246;ENSG00000103257;ENSG00000172940;ENSG00000259207;ENSG00000086062;ENSG00000147649;ENSG00000131183;ENSG00000147100;ENSG00000050405;ENSG00000132874;ENSG00000067606;ENSG00000135047;ENSG00000166900;ENSG00000105738;ENSG00000053918;ENSG00000164930;ENSG00000151229;ENSG00000104290;ENSG00000081479;ENSG00000085832;ENSG00000074410;ENSG00000152683;ENSG00000138821;ENSG00000163399;ENSG00000141424;ENSG00000104321;ENSG00000204217;ENSG00000064651;ENSG00000180509;ENSG00000148498;ENSG00000163406;ENSG00000122545;ENSG00000128567;ENSG00000159167;ENSG00000174502;ENSG00000136888;ENSG00000092068;ENSG00000106100;ENSG00000075651;ENSG00000156113;ENSG00000100373;ENSG00000154556;ENSG00000172375"
"GO","GOBP_NOREPINEPHRINE_TRANSPORT",0.00131988383630638,0.0235837818983293,0.45505986738723,0.64062910265772,1.85871492998488,21,"ENSG00000185897;ENSG00000145335;ENSG00000142319;ENSG00000106089;ENSG00000164638;ENSG00000128271;ENSG00000282608;ENSG00000175003;ENSG00000147571;ENSG00000101405;ENSG00000150594;ENSG00000093010"
"GO","GOMF_STRUCTURAL_CONSTITUENT_OF_NUCLEAR_PORE",0.00132919557358754,0.023625491927388,0.45505986738723,-0.607534308629256,-1.85065343006376,24,"ENSG00000124789;ENSG00000113569;ENSG00000155561;ENSG00000069248;ENSG00000139496;ENSG00000030066;ENSG00000108559;ENSG00000095319;ENSG00000205578;ENSG00000163002;ENSG00000110713;ENSG00000196313"
"GO","GOBP_CALCIUM_ION_HOMEOSTASIS",0.00132588678426108,0.023625491927388,0.45505986738723,-0.304710944633918,-1.42857676192944,292,"ENSG00000051108;ENSG00000166598;ENSG00000104369;ENSG00000132975;ENSG00000114251;ENSG00000182389;ENSG00000179104;ENSG00000154096;ENSG00000174437;ENSG00000186810;ENSG00000124164;ENSG00000036828;ENSG00000198947;ENSG00000081237;ENSG00000051523;ENSG00000017260;ENSG00000179218;ENSG00000123104;ENSG00000198626;ENSG00000175868;ENSG00000155962;ENSG00000133657;ENSG00000172137;ENSG00000196924;ENSG00000138685;ENSG00000170385;ENSG00000185518;ENSG00000086300;ENSG00000130203;ENSG00000120659;ENSG00000092051;ENSG00000134851;ENSG00000149295;ENSG00000138193;ENSG00000171316;ENSG00000151468;ENSG00000169248;ENSG00000181104;ENSG00000070961;ENSG00000143801;ENSG00000097007;ENSG00000121940;ENSG00000050393;ENSG00000109689;ENSG00000197930;ENSG00000259207;ENSG00000180694;ENSG00000005700;ENSG00000176273;ENSG00000089060;ENSG00000107736;ENSG00000122779;ENSG00000182621;ENSG00000067842;ENSG00000171791;ENSG00000123191;ENSG00000150995;ENSG00000156642;ENSG00000108588;ENSG00000104321;ENSG00000074621;ENSG00000164326;ENSG00000058668;ENSG00000154822;ENSG00000175197;ENSG00000135318;ENSG00000118432;ENSG00000183023;ENSG00000197943;ENSG00000159167;ENSG00000095209;ENSG00000140992;ENSG00000064270;ENSG00000163273"
"GO","GOBP_PHOSPHOLIPID_TRANSPORT",0.00133689719582638,0.0237001775134457,0.45505986738723,-0.389962729671708,-1.61312691171707,108,"ENSG00000103222;ENSG00000144909;ENSG00000143921;ENSG00000166471;ENSG00000165029;ENSG00000138688;ENSG00000138760;ENSG00000168389;ENSG00000143515;ENSG00000058063;ENSG00000085563;ENSG00000106086;ENSG00000114698;ENSG00000130203;ENSG00000177119;ENSG00000144645;ENSG00000139641;ENSG00000068650;ENSG00000145246;ENSG00000091039;ENSG00000132824;ENSG00000116171;ENSG00000101166;ENSG00000171714;ENSG00000117859;ENSG00000152422;ENSG00000182107;ENSG00000186314;ENSG00000188313;ENSG00000130270;ENSG00000130164;ENSG00000118322;ENSG00000124406;ENSG00000062716;ENSG00000172375;ENSG00000181652;ENSG00000081923;ENSG00000141179;ENSG00000174238;ENSG00000166377;ENSG00000054793;ENSG00000021762;ENSG00000113163;ENSG00000112697;ENSG00000221947;ENSG00000110048;ENSG00000132932"
"GO","GOBP_PROTEIN_LOCALIZATION_TO_CHROMOSOME",0.00136654035996463,0.0241624316388524,0.45505986738723,-0.379569672996289,-1.58517805378608,115,"ENSG00000008083;ENSG00000071794;ENSG00000096968;ENSG00000181555;ENSG00000119906;ENSG00000102241;ENSG00000197837;ENSG00000175073;ENSG00000106723;ENSG00000139687;ENSG00000123374;ENSG00000164754;ENSG00000146263;ENSG00000204256;ENSG00000278463;ENSG00000159055;ENSG00000102786;ENSG00000066336;ENSG00000137337;ENSG00000040275;ENSG00000152422;ENSG00000104320;ENSG00000063978;ENSG00000175054;ENSG00000102974;ENSG00000107854;ENSG00000143799;ENSG00000163781;ENSG00000085224;ENSG00000158406;ENSG00000225830;ENSG00000113648;ENSG00000138795;ENSG00000133302;ENSG00000173273;ENSG00000031691;ENSG00000169925;ENSG00000165280;ENSG00000137812;ENSG00000154473;ENSG00000169621;ENSG00000132383;ENSG00000101040;ENSG00000142611;ENSG00000164941;ENSG00000198887;ENSG00000079246;ENSG00000270276;ENSG00000062650"
"GO","GOMF_HISTONE_H3_DEMETHYLASE_ACTIVITY",0.00137359855229546,0.0242239828024606,0.45505986738723,-0.593992677132746,-1.87413048532217,28,"ENSG00000172943;ENSG00000165097;ENSG00000006459;ENSG00000171988;ENSG00000073614;ENSG00000170854;ENSG00000117139;ENSG00000183878;ENSG00000120733;ENSG00000197724;ENSG00000168453;ENSG00000147050;ENSG00000115548;ENSG00000126012;ENSG00000186280;ENSG00000107077;ENSG00000004487;ENSG00000173120"
"GO","GOCC_CELL_LEADING_EDGE",0.00138139082921438,0.0242981264816617,0.45505986738723,-0.281552522515798,-1.3680684100683,430,"ENSG00000174469;ENSG00000163629;ENSG00000171914;ENSG00000065534;ENSG00000154096;ENSG00000129474;ENSG00000114331;ENSG00000170558;ENSG00000152894;ENSG00000117155;ENSG00000170873;ENSG00000075618;ENSG00000130779;ENSG00000130340;ENSG00000239474;ENSG00000165527;ENSG00000125249;ENSG00000158445;ENSG00000112679;ENSG00000144824;ENSG00000154447;ENSG00000205038;ENSG00000109572;ENSG00000100266;ENSG00000143398;ENSG00000129159;ENSG00000084112;ENSG00000163697;ENSG00000146005;ENSG00000144566;ENSG00000157500;ENSG00000152778;ENSG00000127990;ENSG00000145715;ENSG00000188158;ENSG00000088280;ENSG00000107104;ENSG00000124209;ENSG00000067900;ENSG00000127603;ENSG00000092439;ENSG00000011677;ENSG00000215301;ENSG00000163558;ENSG00000061676;ENSG00000127328;ENSG00000166006;ENSG00000133026;ENSG00000073712;ENSG00000151422;ENSG00000138193;ENSG00000082397;ENSG00000197535;ENSG00000151490;ENSG00000136044;ENSG00000008086;ENSG00000129116;ENSG00000166579;ENSG00000186111;ENSG00000134982;ENSG00000097007;ENSG00000151239;ENSG00000180263;ENSG00000146376;ENSG00000113645;ENSG00000121966;ENSG00000145555;ENSG00000137710;ENSG00000008256;ENSG00000259207;ENSG00000140254;ENSG00000065613;ENSG00000007168;ENSG00000164741;ENSG00000243244;ENSG00000050405;ENSG00000101311;ENSG00000151914;ENSG00000143079;ENSG00000163539;ENSG00000185008;ENSG00000135387;ENSG00000173210;ENSG00000136754;ENSG00000166900;ENSG00000104164;ENSG00000099204;ENSG00000028203;ENSG00000142192;ENSG00000070756;ENSG00000206560;ENSG00000141424;ENSG00000004399;ENSG00000273749;ENSG00000115216;ENSG00000138448;ENSG00000103335;ENSG00000156011;ENSG00000107679;ENSG00000143776;ENSG00000132613;ENSG00000186297;ENSG00000111450;ENSG00000139132;ENSG00000133627;ENSG00000065243;ENSG00000150093;ENSG00000110436;ENSG00000116329;ENSG00000179841;ENSG00000109466;ENSG00000173402;ENSG00000182957;ENSG00000181418;ENSG00000115935;ENSG00000128567;ENSG00000197943;ENSG00000115355;ENSG00000100558;ENSG00000154556;ENSG00000006740;ENSG00000136167;ENSG00000164199;ENSG00000115091;ENSG00000000457;ENSG00000115109;ENSG00000152527;ENSG00000147416;ENSG00000151491;ENSG00000234965;ENSG00000118762;ENSG00000044115;ENSG00000140279;ENSG00000105376;ENSG00000198087;ENSG00000139505;ENSG00000106299;ENSG00000241360;ENSG00000176658;ENSG00000072110;ENSG00000140575;ENSG00000135740;ENSG00000113657;ENSG00000187800;ENSG00000171100;ENSG00000003393;ENSG00000133789;ENSG00000173166;ENSG00000124333;ENSG00000100345;ENSG00000187902;ENSG00000137857;ENSG00000186868;ENSG00000151834;ENSG00000039068;ENSG00000106683;ENSG00000125637;ENSG00000102606;ENSG00000141376;ENSG00000066032;ENSG00000168036;ENSG00000078053;ENSG00000182168;ENSG00000114790;ENSG00000165699"
"GO","GOBP_CELL_SURFACE_RECEPTOR_SIGNALING_PATHWAY_VIA_STAT",0.00142034726643,0.0248875971997727,0.45505986738723,-0.363415101992261,-1.55848268092805,140,"ENSG00000166888;ENSG00000104432;ENSG00000159110;ENSG00000138378;ENSG00000096968;ENSG00000081237;ENSG00000162992;ENSG00000116678;ENSG00000134352;ENSG00000111252;ENSG00000114315;ENSG00000081985;ENSG00000213625;ENSG00000196090;ENSG00000151422;ENSG00000153707;ENSG00000243646;ENSG00000181104;ENSG00000176390;ENSG00000170581;ENSG00000225830;ENSG00000108691;ENSG00000131724;ENSG00000171150;ENSG00000173406;ENSG00000198791;ENSG00000100393;ENSG00000164136;ENSG00000175505;ENSG00000162607;ENSG00000168610;ENSG00000016402;ENSG00000159346;ENSG00000170677;ENSG00000198730;ENSG00000114742;ENSG00000278311;ENSG00000162434;ENSG00000172247;ENSG00000083535;ENSG00000185338;ENSG00000118762"
"GO","GOBP_REGULATION_OF_ACTIN_FILAMENT_ORGANIZATION",0.00142225341351329,0.0248875971997727,0.45505986738723,-0.309335402899382,-1.42874968017523,254,"ENSG00000064042;ENSG00000124126;ENSG00000117152;ENSG00000145675;ENSG00000131626;ENSG00000138594;ENSG00000131941;ENSG00000170873;ENSG00000172403;ENSG00000130340;ENSG00000164327;ENSG00000198844;ENSG00000165527;ENSG00000099250;ENSG00000105887;ENSG00000144824;ENSG00000134318;ENSG00000118523;ENSG00000103187;ENSG00000147894;ENSG00000161270;ENSG00000075711;ENSG00000084112;ENSG00000128872;ENSG00000136051;ENSG00000196924;ENSG00000184292;ENSG00000145147;ENSG00000145715;ENSG00000146904;ENSG00000088280;ENSG00000107104;ENSG00000067900;ENSG00000061676;ENSG00000074054;ENSG00000116489;ENSG00000100014;ENSG00000073712;ENSG00000151422;ENSG00000112902;ENSG00000099290;ENSG00000157764;ENSG00000070087;ENSG00000143450;ENSG00000136842;ENSG00000197045;ENSG00000070182;ENSG00000097007;ENSG00000164961;ENSG00000151239;ENSG00000196776;ENSG00000146376;ENSG00000137710;ENSG00000116127;ENSG00000164741;ENSG00000198793;ENSG00000050405;ENSG00000131023;ENSG00000163539;ENSG00000197256;ENSG00000148700;ENSG00000144339"
"GO","GOBP_PROTEIN_TARGETING",0.00143147330358889,0.0249843742574844,0.45505986738723,-0.300727060519081,-1.4197061697651,308,"ENSG00000051108;ENSG00000044574;ENSG00000134109;ENSG00000184307;ENSG00000174599;ENSG00000111885;ENSG00000129128;ENSG00000003056;ENSG00000175893;ENSG00000010810;ENSG00000188419;ENSG00000111670;ENSG00000081014;ENSG00000115993;ENSG00000155975;ENSG00000154451;ENSG00000197081;ENSG00000158445;ENSG00000097033;ENSG00000138760;ENSG00000113384;ENSG00000067167;ENSG00000176749;ENSG00000104219;ENSG00000266412;ENSG00000171867;ENSG00000170027;ENSG00000132842;ENSG00000178301;ENSG00000213625;ENSG00000206077;ENSG00000112851;ENSG00000163558;ENSG00000127328;ENSG00000166913;ENSG00000147533;ENSG00000197860;ENSG00000196455;ENSG00000187446;ENSG00000008952;ENSG00000168502;ENSG00000132356;ENSG00000061987;ENSG00000027001;ENSG00000152520;ENSG00000025796;ENSG00000039319;ENSG00000113966;ENSG00000185009;ENSG00000137642;ENSG00000129003;ENSG00000182606;ENSG00000134243;ENSG00000180776;ENSG00000278771;ENSG00000173210;ENSG00000135968;ENSG00000065308;ENSG00000074695;ENSG00000118363;ENSG00000104164;ENSG00000253506;ENSG00000006715;ENSG00000104765;ENSG00000164924;ENSG00000116688;ENSG00000070770;ENSG00000182093;ENSG00000167987;ENSG00000078142;ENSG00000048707;ENSG00000143457;ENSG00000172728;ENSG00000198420;ENSG00000116237;ENSG00000126775;ENSG00000166263;ENSG00000180509;ENSG00000148498;ENSG00000174165;ENSG00000100335;ENSG00000205981;ENSG00000141279;ENSG00000198742;ENSG00000154174;ENSG00000265354;ENSG00000174780;ENSG00000120725;ENSG00000163251;ENSG00000104381;ENSG00000115020;ENSG00000168958;ENSG00000118454;ENSG00000124783;ENSG00000023041;ENSG00000215475;ENSG00000184156;ENSG00000107959;ENSG00000112164;ENSG00000156735;ENSG00000005893;ENSG00000151150;ENSG00000143952;ENSG00000086758;ENSG00000102910;ENSG00000154710;ENSG00000197892;ENSG00000156931;ENSG00000119681"
"GO","GOBP_REGULATION_OF_STEROID_METABOLIC_PROCESS",0.00143533137597585,0.0249873112547775,0.45505986738723,-0.398968158146631,-1.6224355972609,97,"ENSG00000164211;ENSG00000153162;ENSG00000069667;ENSG00000109320;ENSG00000117707;ENSG00000096717;ENSG00000112175;ENSG00000084674;ENSG00000064703;ENSG00000143365;ENSG00000108424;ENSG00000111664;ENSG00000163453;ENSG00000111684;ENSG00000130203;ENSG00000132356;ENSG00000118260;ENSG00000116171;ENSG00000012174;ENSG00000173409;ENSG00000113580;ENSG00000100030;ENSG00000147475;ENSG00000144891;ENSG00000162676;ENSG00000155158;ENSG00000163399;ENSG00000157978;ENSG00000145495;ENSG00000130164;ENSG00000127955;ENSG00000069482"
"GO","GOCC_PRECATALYTIC_SPLICEOSOME",0.00145175149508116,0.0251692598648492,0.45505986738723,0.446595237761161,1.66448503540739,70,"ENSG00000126254;ENSG00000104852;ENSG00000100319;ENSG00000111196;ENSG00000186166;ENSG00000184209;ENSG00000137656;ENSG00000101161;ENSG00000140830;ENSG00000124562;ENSG00000100138;ENSG00000183431;ENSG00000169976;ENSG00000104897;ENSG00000134597;ENSG00000115128;ENSG00000174243;ENSG00000182004;ENSG00000175467;ENSG00000131876;ENSG00000125743;ENSG00000105618;ENSG00000090470;ENSG00000163156;ENSG00000143368;ENSG00000087365;ENSG00000204392;ENSG00000100028;ENSG00000130520;ENSG00000125835;ENSG00000146007;ENSG00000204560;ENSG00000143977;ENSG00000130332;ENSG00000106355"
"GO","GOBP_RESPONSE_TO_VIRUS",0.00145321627394507,0.0251692598648492,0.45505986738723,-0.289661569754395,-1.39469770053242,379,"ENSG00000159674;ENSG00000102580;ENSG00000204516;ENSG00000204104;ENSG00000159110;ENSG00000109320;ENSG00000165732;ENSG00000239732;ENSG00000197381;ENSG00000117228;ENSG00000186094;ENSG00000124164;ENSG00000081237;ENSG00000110057;ENSG00000111727;ENSG00000154639;ENSG00000154451;ENSG00000179218;ENSG00000181555;ENSG00000163512;ENSG00000110777;ENSG00000143324;ENSG00000084674;ENSG00000105939;ENSG00000114315;ENSG00000102096;ENSG00000160208;ENSG00000145604;ENSG00000109606;ENSG00000073861;ENSG00000117143;ENSG00000131323;ENSG00000152778;ENSG00000084073;ENSG00000120029;ENSG00000100644;ENSG00000206077;ENSG00000215301;ENSG00000118503;ENSG00000145907;ENSG00000111335;ENSG00000122643;ENSG00000132256;ENSG00000114378;ENSG00000243646;ENSG00000164430;ENSG00000132824;ENSG00000119927;ENSG00000117586;ENSG00000180228;ENSG00000116679;ENSG00000134321;ENSG00000100201;ENSG00000174953;ENSG00000257103;ENSG00000167264;ENSG00000136937;ENSG00000204977;ENSG00000121966;ENSG00000138032;ENSG00000172716;ENSG00000115966;ENSG00000189077;ENSG00000104228;ENSG00000198793;ENSG00000143669;ENSG00000153147;ENSG00000170581;ENSG00000128829;ENSG00000078747;ENSG00000102081;ENSG00000225830;ENSG00000121060;ENSG00000157601;ENSG00000104765;ENSG00000171791;ENSG00000182197;ENSG00000198791;ENSG00000134248;ENSG00000188313;ENSG00000152223;ENSG00000015171;ENSG00000013503;ENSG00000164136;ENSG00000213341;ENSG00000126775;ENSG00000116977;ENSG00000186951;ENSG00000133083;ENSG00000119401;ENSG00000080561;ENSG00000111331;ENSG00000154174;ENSG00000160710;ENSG00000166949;ENSG00000129472;ENSG00000196821;ENSG00000148606;ENSG00000179387;ENSG00000166326;ENSG00000159256;ENSG00000105855"
"GO","GOBP_NUCLEAR_TRANSCRIBED_MRNA_CATABOLIC_PROCESS_DEADENYLATION_DEPENDENT_DECAY",0.00146978103551968,0.0253912172768858,0.45505986738723,-0.453589273697639,-1.73980127086252,69,"ENSG00000020577;ENSG00000272886;ENSG00000080802;ENSG00000114127;ENSG00000198265;ENSG00000113300;ENSG00000121274;ENSG00000056586;ENSG00000144580;ENSG00000123908;ENSG00000174953;ENSG00000152520;ENSG00000166889;ENSG00000110367;ENSG00000135387;ENSG00000172795;ENSG00000138767;ENSG00000172239;ENSG00000070756;ENSG00000198791;ENSG00000078687;ENSG00000125107;ENSG00000090905;ENSG00000158435;ENSG00000146453;ENSG00000135316;ENSG00000179134;ENSG00000112941;ENSG00000009307;ENSG00000083520;ENSG00000111596"
"GO","GOMF_INTRAMOLECULAR_OXIDOREDUCTASE_ACTIVITY",0.00148066050259115,0.0254548180930499,0.45505986738723,-0.468890954368744,-1.68814531981289,50,"ENSG00000155660;ENSG00000184164;ENSG00000143870;ENSG00000023318;ENSG00000185615;ENSG00000148344;ENSG00000120658;ENSG00000139921;ENSG00000113790;ENSG00000167004;ENSG00000163703;ENSG00000166479;ENSG00000259207;ENSG00000065485;ENSG00000239264"
"GO","GOBP_DEPHOSPHORYLATION",0.00148098026117272,0.0254548180930499,0.45505986738723,-0.369966423025678,-1.59946421774138,147,"ENSG00000143507;ENSG00000163629;ENSG00000167065;ENSG00000003987;ENSG00000073711;ENSG00000106341;ENSG00000117600;ENSG00000179295;ENSG00000081237;ENSG00000152894;ENSG00000106278;ENSG00000072803;ENSG00000081377;ENSG00000102043;ENSG00000126821;ENSG00000084112;ENSG00000184984;ENSG00000188542;ENSG00000088179;ENSG00000266826;ENSG00000078269;ENSG00000196090;ENSG00000058272;ENSG00000068383;ENSG00000108389;ENSG00000149295;ENSG00000187446;ENSG00000122126;ENSG00000166167;ENSG00000087053;ENSG00000063601;ENSG00000163082;ENSG00000138032;ENSG00000120875;ENSG00000105426;ENSG00000143079;ENSG00000148123;ENSG00000159082;ENSG00000155099;ENSG00000164951;ENSG00000186298;ENSG00000116698;ENSG00000196396;ENSG00000211456;ENSG00000129951;ENSG00000175215;ENSG00000138166;ENSG00000198825;ENSG00000138814;ENSG00000184545;ENSG00000153233;ENSG00000164086;ENSG00000127947;ENSG00000112425;ENSG00000213639;ENSG00000139505;ENSG00000120910;ENSG00000170836;ENSG00000119414;ENSG00000241360;ENSG00000140575;ENSG00000171100;ENSG00000221914;ENSG00000117598"
"GO","GOBP_REGULATION_OF_CALCIUM_ION_IMPORT",0.00149207947818954,0.0255806638640495,0.45505986738723,-0.524439528458277,-1.79804791619632,40,"ENSG00000010810;ENSG00000036828;ENSG00000188386;ENSG00000167723;ENSG00000114315;ENSG00000171867;ENSG00000170385;ENSG00000100311;ENSG00000221823;ENSG00000152413;ENSG00000147044;ENSG00000113262;ENSG00000196632;ENSG00000108691;ENSG00000163794;ENSG00000179841;ENSG00000159167;ENSG00000064270;ENSG00000138814;ENSG00000118762;ENSG00000120910"
"GO","GOBP_ADENYLATE_CYCLASE_MODULATING_G_PROTEIN_COUPLED_RECEPTOR_SIGNALING_PATHWAY",0.00151700692387745,0.0259423507285305,0.45505986738723,-0.310426799475981,-1.43235097800837,251,"ENSG00000171517;ENSG00000184588;ENSG00000109756;ENSG00000132975;ENSG00000173175;ENSG00000179097;ENSG00000213694;ENSG00000180929;ENSG00000166603;ENSG00000141433;ENSG00000186810;ENSG00000036828;ENSG00000180616;ENSG00000165029;ENSG00000164742;ENSG00000170214;ENSG00000078295;ENSG00000170775;ENSG00000112414;ENSG00000064547;ENSG00000197405;ENSG00000175868;ENSG00000146399;ENSG00000184984;ENSG00000196924;ENSG00000138031;ENSG00000162104;ENSG00000120063;ENSG00000146535;ENSG00000149295;ENSG00000169248;ENSG00000125510;ENSG00000163873;ENSG00000179915;ENSG00000173698;ENSG00000128266;ENSG00000121966;ENSG00000128165;ENSG00000259207;ENSG00000064989;ENSG00000133019;ENSG00000241563;ENSG00000142875;ENSG00000113262;ENSG00000166147;ENSG00000186469;ENSG00000196917;ENSG00000124678;ENSG00000142192;ENSG00000114302;ENSG00000091428;ENSG00000154229;ENSG00000078369;ENSG00000127955;ENSG00000144407;ENSG00000183943;ENSG00000058668;ENSG00000069482;ENSG00000108946;ENSG00000116329;ENSG00000179841;ENSG00000118432;ENSG00000166573;ENSG00000167332;ENSG00000171522;ENSG00000147262;ENSG00000179603;ENSG00000004948;ENSG00000176406;ENSG00000075073"
"GO","GOMF_MICROTUBULE_BINDING",0.00152492115090438,0.0260120051232354,0.45505986738723,-0.30506953832305,-1.42224389036486,280,"ENSG00000134278;ENSG00000197959;ENSG00000204104;ENSG00000124164;ENSG00000198718;ENSG00000137822;ENSG00000129680;ENSG00000130779;ENSG00000072803;ENSG00000118473;ENSG00000171533;ENSG00000164114;ENSG00000131711;ENSG00000171867;ENSG00000078018;ENSG00000166503;ENSG00000107771;ENSG00000159433;ENSG00000198836;ENSG00000127603;ENSG00000103540;ENSG00000139116;ENSG00000168280;ENSG00000074054;ENSG00000054523;ENSG00000165115;ENSG00000118200;ENSG00000187446;ENSG00000015133;ENSG00000169641;ENSG00000131437;ENSG00000128881;ENSG00000168502;ENSG00000134709;ENSG00000067798;ENSG00000135837;ENSG00000150628;ENSG00000166579;ENSG00000214595;ENSG00000197653;ENSG00000134982;ENSG00000165698;ENSG00000068796;ENSG00000071054;ENSG00000164118;ENSG00000101350;ENSG00000170759;ENSG00000130559;ENSG00000007168;ENSG00000165521;ENSG00000165209;ENSG00000100503;ENSG00000151914;ENSG00000163539;ENSG00000126216;ENSG00000102081;ENSG00000087470;ENSG00000104419;ENSG00000163322;ENSG00000140941;ENSG00000006715;ENSG00000158560;ENSG00000157601;ENSG00000154429;ENSG00000166974;ENSG00000066735;ENSG00000152969;ENSG00000153094;ENSG00000021574;ENSG00000111087;ENSG00000147874;ENSG00000080561;ENSG00000115355;ENSG00000155980;ENSG00000101367;ENSG00000047849;ENSG00000115841;ENSG00000176623;ENSG00000143494;ENSG00000137812;ENSG00000188385;ENSG00000165476;ENSG00000138778;ENSG00000138095;ENSG00000084731;ENSG00000010244;ENSG00000068615;ENSG00000212916;ENSG00000103769;ENSG00000137177;ENSG00000171368;ENSG00000143924;ENSG00000102781;ENSG00000148935;ENSG00000197892;ENSG00000001631;ENSG00000077279;ENSG00000118308;ENSG00000116852;ENSG00000101871;ENSG00000166963;ENSG00000111554"
"GO","GOBP_TYPE_B_PANCREATIC_CELL_DEVELOPMENT",0.00154483414436707,0.0262195910417388,0.45505986738723,-0.63256694441053,-1.85700992286431,21,"ENSG00000153162;ENSG00000114251;ENSG00000170558;ENSG00000133794;ENSG00000112175;ENSG00000128602;ENSG00000173404;ENSG00000134852;ENSG00000082701"
"GO","GOBP_POSITIVE_REGULATION_OF_PHOSPHATIDYLINOSITOL_3_KINASE_PROTEIN_KINASE_B_SIGNAL_TRANSDUCTION",0.00154282630960922,0.0262195910417388,0.45505986738723,-0.335073265765951,-1.48633743006363,178,"ENSG00000011465;ENSG00000141506;ENSG00000114251;ENSG00000115414;ENSG00000107731;ENSG00000167034;ENSG00000109458;ENSG00000010810;ENSG00000111846;ENSG00000179295;ENSG00000096968;ENSG00000164327;ENSG00000096717;ENSG00000114062;ENSG00000138685;ENSG00000155629;ENSG00000180543;ENSG00000100311;ENSG00000169047;ENSG00000120659;ENSG00000100014;ENSG00000151632;ENSG00000073712;ENSG00000151422;ENSG00000112902;ENSG00000112715;ENSG00000163785;ENSG00000091039;ENSG00000181104;ENSG00000179915;ENSG00000127946;ENSG00000147649;ENSG00000198793;ENSG00000110395;ENSG00000173918;ENSG00000142192;ENSG00000184500;ENSG00000170962;ENSG00000187764;ENSG00000173083;ENSG00000113070;ENSG00000150093;ENSG00000173402;ENSG00000178752;ENSG00000169398;ENSG00000147324;ENSG00000115355;ENSG00000140992;ENSG00000140443;ENSG00000004948;ENSG00000104375;ENSG00000184349;ENSG00000261371;ENSG00000197461;ENSG00000184304;ENSG00000156735;ENSG00000100219;ENSG00000164078;ENSG00000148053;ENSG00000074842;ENSG00000066777;ENSG00000164082;ENSG00000122025;ENSG00000069869"
"GO","GOBP_REGULATION_OF_EXTRINSIC_APOPTOTIC_SIGNALING_PATHWAY",0.00156581881851228,0.0263774254700626,0.45505986738723,-0.360234585448242,-1.56082263720298,150,"ENSG00000104432;ENSG00000107731;ENSG00000064655;ENSG00000101109;ENSG00000148841;ENSG00000010810;ENSG00000083799;ENSG00000104205;ENSG00000081237;ENSG00000001084;ENSG00000112175;ENSG00000099250;ENSG00000142867;ENSG00000158161;ENSG00000154447;ENSG00000115170;ENSG00000157168;ENSG00000171560;ENSG00000131467;ENSG00000215301;ENSG00000056558;ENSG00000120659;ENSG00000118503;ENSG00000023909;ENSG00000082146;ENSG00000170633;ENSG00000082701;ENSG00000167004;ENSG00000196712;ENSG00000115760;ENSG00000003402;ENSG00000169018;ENSG00000137713;ENSG00000163012;ENSG00000142192;ENSG00000171791;ENSG00000138448;ENSG00000181788;ENSG00000122641;ENSG00000015171;ENSG00000146247;ENSG00000012048;ENSG00000197386"
"GO","GOBP_NEGATIVE_REGULATION_OF_CYTOSKELETON_ORGANIZATION",0.00156118199740962,0.0263774254700626,0.45505986738723,-0.342906399805447,-1.49119917108205,154,"ENSG00000114166;ENSG00000145675;ENSG00000131626;ENSG00000138594;ENSG00000131941;ENSG00000085433;ENSG00000105887;ENSG00000144824;ENSG00000131711;ENSG00000084112;ENSG00000128872;ENSG00000078018;ENSG00000166503;ENSG00000184292;ENSG00000145147;ENSG00000107104;ENSG00000157540;ENSG00000104833;ENSG00000166780;ENSG00000074054;ENSG00000116489;ENSG00000100014;ENSG00000165175;ENSG00000118200;ENSG00000015133;ENSG00000143450;ENSG00000160551;ENSG00000136842;ENSG00000128881;ENSG00000067798;ENSG00000197045;ENSG00000070182;ENSG00000134982;ENSG00000151239;ENSG00000137710;ENSG00000164741;ENSG00000050405;ENSG00000163539;ENSG00000197256;ENSG00000148700;ENSG00000144339;ENSG00000104067;ENSG00000108395"
"GO","GOBP_FAT_CELL_DIFFERENTIATION",0.00156532413108913,0.0263774254700626,0.45505986738723,-0.31731416697583,-1.45454174119615,237,"ENSG00000071575;ENSG00000143507;ENSG00000114251;ENSG00000069667;ENSG00000144909;ENSG00000101109;ENSG00000101384;ENSG00000164307;ENSG00000096717;ENSG00000133794;ENSG00000156466;ENSG00000100344;ENSG00000114315;ENSG00000150907;ENSG00000139914;ENSG00000143365;ENSG00000111664;ENSG00000150347;ENSG00000266524;ENSG00000176624;ENSG00000125686;ENSG00000162998;ENSG00000143970;ENSG00000171488;ENSG00000073712;ENSG00000151468;ENSG00000152749;ENSG00000112715;ENSG00000091039;ENSG00000073756;ENSG00000118260;ENSG00000163904;ENSG00000151748;ENSG00000106484;ENSG00000197930;ENSG00000113966;ENSG00000174600;ENSG00000180694;ENSG00000115966;ENSG00000164190;ENSG00000189077;ENSG00000134243;ENSG00000129167;ENSG00000140682;ENSG00000038382;ENSG00000173145;ENSG00000018408;ENSG00000166821;ENSG00000182621;ENSG00000107890;ENSG00000172216;ENSG00000100393;ENSG00000175197;ENSG00000119401;ENSG00000140718;ENSG00000139668;ENSG00000197594;ENSG00000101493;ENSG00000166949;ENSG00000104375;ENSG00000154153;ENSG00000165533;ENSG00000083896;ENSG00000197296;ENSG00000153234;ENSG00000100219;ENSG00000169252;ENSG00000185338;ENSG00000119508;ENSG00000008196;ENSG00000177565;ENSG00000112062;ENSG00000112584;ENSG00000162337;ENSG00000122507;ENSG00000142611;ENSG00000147689;ENSG00000033800"
"GO","GOBP_ANTIMICROBIAL_HUMORAL_IMMUNE_RESPONSE_MEDIATED_BY_ANTIMICROBIAL_PEPTIDE",0.00157581567790197,0.0264799597289135,0.45505986738723,0.422715617706996,1.62971560100867,84,"ENSG00000012223;ENSG00000198918;ENSG00000163734;ENSG00000143184;ENSG00000180210;ENSG00000133710;ENSG00000277224;ENSG00000110680;ENSG00000275718;ENSG00000160404;ENSG00000125995;ENSG00000006210;ENSG00000214274;ENSG00000149806;ENSG00000273802;ENSG00000131981;ENSG00000164406;ENSG00000133636;ENSG00000111640;ENSG00000071889;ENSG00000198830;ENSG00000105372;ENSG00000115138;ENSG00000171747;ENSG00000156482;ENSG00000278588;ENSG00000169429;ENSG00000145777;ENSG00000105697"
"GO","GOBP_HETEROTYPIC_CELL_CELL_ADHESION",0.00158248548145625,0.0265262170307469,0.45505986738723,-0.464290046185888,-1.67574050190682,51,"ENSG00000154096;ENSG00000111846;ENSG00000081237;ENSG00000154639;ENSG00000116815;ENSG00000096696;ENSG00000166086;ENSG00000171560;ENSG00000060237;ENSG00000091129;ENSG00000115232;ENSG00000196776;ENSG00000259207;ENSG00000046604;ENSG00000139626;ENSG00000138448;ENSG00000057294;ENSG00000150093"
"GO","GOBP_EYE_MORPHOGENESIS",0.00158728965455532,0.026541050717651,0.45505986738723,-0.351395340962421,-1.53859841102804,161,"ENSG00000124766;ENSG00000114251;ENSG00000101384;ENSG00000073711;ENSG00000154096;ENSG00000117707;ENSG00000112893;ENSG00000198963;ENSG00000165323;ENSG00000168389;ENSG00000137936;ENSG00000134245;ENSG00000138685;ENSG00000218336;ENSG00000148516;ENSG00000069188;ENSG00000100644;ENSG00000163558;ENSG00000140807;ENSG00000040341;ENSG00000095464;ENSG00000112715;ENSG00000152359;ENSG00000125875;ENSG00000197579;ENSG00000125398;ENSG00000182187;ENSG00000196712;ENSG00000113966;ENSG00000171812;ENSG00000164190;ENSG00000064393;ENSG00000166147;ENSG00000179941;ENSG00000171791;ENSG00000116688;ENSG00000172845;ENSG00000135049;ENSG00000172819;ENSG00000100811;ENSG00000057657;ENSG00000168610;ENSG00000178764;ENSG00000160439;ENSG00000184349;ENSG00000163251;ENSG00000165533;ENSG00000168267;ENSG00000157933;ENSG00000148053;ENSG00000177707;ENSG00000008196;ENSG00000182704;ENSG00000162337;ENSG00000175544;ENSG00000143995;ENSG00000198707;ENSG00000105989;ENSG00000198719;ENSG00000146555;ENSG00000132932;ENSG00000154928;ENSG00000168036"
"GO","GOBP_SOMITOGENESIS",0.00159775227671282,0.026650193147535,0.45505986738723,-0.468313431652015,-1.7448776882629,58,"ENSG00000114251;ENSG00000073711;ENSG00000167034;ENSG00000101752;ENSG00000125878;ENSG00000061676;ENSG00000140807;ENSG00000163389;ENSG00000107779;ENSG00000076356;ENSG00000168214;ENSG00000253729;ENSG00000083093;ENSG00000136754;ENSG00000086598;ENSG00000138795;ENSG00000075223;ENSG00000100393;ENSG00000179111;ENSG00000173253;ENSG00000184634;ENSG00000149311;ENSG00000166949;ENSG00000196584;ENSG00000115109;ENSG00000106003;ENSG00000188095;ENSG00000198719;ENSG00000112837;ENSG00000104332;ENSG00000136099;ENSG00000168646"
"GO","GOCC_NUCLEAR_PORE",0.00160319379137588,0.0266752539439741,0.45505986738723,-0.393309629545047,-1.59819436701396,96,"ENSG00000130227;ENSG00000124789;ENSG00000113569;ENSG00000111224;ENSG00000013364;ENSG00000155561;ENSG00000069248;ENSG00000139496;ENSG00000030066;ENSG00000205339;ENSG00000108424;ENSG00000153207;ENSG00000196862;ENSG00000132953;ENSG00000184575;ENSG00000163904;ENSG00000108559;ENSG00000255112;ENSG00000095319;ENSG00000205578;ENSG00000065150;ENSG00000163002;ENSG00000185963;ENSG00000119541;ENSG00000153201;ENSG00000093000;ENSG00000173273;ENSG00000114030;ENSG00000169629;ENSG00000173744;ENSG00000110713;ENSG00000196313;ENSG00000126226;ENSG00000132182;ENSG00000083937;ENSG00000102753"
"GO","GOBP_IMMUNE_RESPONSE_REGULATING_SIGNALING_PATHWAY",0.00161777991574619,0.026851974483905,0.45505986738723,-0.274010283993021,-1.34804720734586,493,"ENSG00000166598;ENSG00000184588;ENSG00000146072;ENSG00000204516;ENSG00000145675;ENSG00000182389;ENSG00000109320;ENSG00000117280;ENSG00000239732;ENSG00000154096;ENSG00000010810;ENSG00000117228;ENSG00000150457;ENSG00000083799;ENSG00000154124;ENSG00000036828;ENSG00000179295;ENSG00000081237;ENSG00000051523;ENSG00000110057;ENSG00000136573;ENSG00000111727;ENSG00000186265;ENSG00000004468;ENSG00000153064;ENSG00000101096;ENSG00000107643;ENSG00000142867;ENSG00000154451;ENSG00000135077;ENSG00000112679;ENSG00000007171;ENSG00000105939;ENSG00000197405;ENSG00000203710;ENSG00000198961;ENSG00000171867;ENSG00000136051;ENSG00000157500;ENSG00000197329;ENSG00000132842;ENSG00000155629;ENSG00000131323;ENSG00000113712;ENSG00000196950;ENSG00000115904;ENSG00000172594;ENSG00000060237;ENSG00000112851;ENSG00000215301;ENSG00000179630;ENSG00000118503;ENSG00000107560;ENSG00000085449;ENSG00000095015;ENSG00000107798;ENSG00000151422;ENSG00000157764;ENSG00000056586;ENSG00000136044;ENSG00000165810;ENSG00000152315;ENSG00000176105;ENSG00000166167;ENSG00000164430;ENSG00000005339;ENSG00000117322;ENSG00000170633;ENSG00000198060;ENSG00000005100;ENSG00000187554;ENSG00000134321;ENSG00000097007;ENSG00000257103;ENSG00000196776;ENSG00000110031;ENSG00000253729;ENSG00000174600;ENSG00000184374;ENSG00000105426;ENSG00000272398;ENSG00000100030;ENSG00000131023;ENSG00000065150;ENSG00000078747;ENSG00000110395;ENSG00000143799;ENSG00000162676;ENSG00000104312;ENSG00000121060;ENSG00000174564;ENSG00000134644;ENSG00000142192;ENSG00000171791;ENSG00000141424;ENSG00000151414;ENSG00000188313;ENSG00000152223;ENSG00000107679;ENSG00000100393;ENSG00000099942;ENSG00000213341;ENSG00000055917;ENSG00000113303;ENSG00000135018;ENSG00000065559;ENSG00000108984;ENSG00000154822;ENSG00000205213;ENSG00000163406;ENSG00000119401;ENSG00000151692;ENSG00000111331;ENSG00000177189;ENSG00000114423;ENSG00000147162;ENSG00000197943;ENSG00000162889;ENSG00000169398;ENSG00000147324;ENSG00000106100;ENSG00000120690;ENSG00000140992"
"GO","GOBP_ORGANOPHOSPHATE_ESTER_TRANSPORT",0.0016234147918761,0.0268796209549755,0.45505986738723,-0.347064213803955,-1.53798577494319,177,"ENSG00000103222;ENSG00000144909;ENSG00000138172;ENSG00000143921;ENSG00000166471;ENSG00000204385;ENSG00000116704;ENSG00000165029;ENSG00000138688;ENSG00000125257;ENSG00000134490;ENSG00000164933;ENSG00000138760;ENSG00000168389;ENSG00000143515;ENSG00000058063;ENSG00000197147;ENSG00000203710;ENSG00000085563;ENSG00000106086;ENSG00000108061;ENSG00000114698;ENSG00000130203;ENSG00000177119;ENSG00000144645;ENSG00000171612;ENSG00000171488;ENSG00000114770;ENSG00000139641;ENSG00000068650;ENSG00000145246;ENSG00000091039;ENSG00000132824;ENSG00000116171;ENSG00000101166;ENSG00000171714;ENSG00000117859;ENSG00000171492;ENSG00000157800;ENSG00000196776;ENSG00000152422;ENSG00000182107;ENSG00000186314"
"GO","GOBP_PROTEIN_LOCALIZATION_TO_NUCLEUS",0.00164710141038891,0.027205294515009,0.45505986738723,-0.300642989707643,-1.42602486732744,321,"ENSG00000145675;ENSG00000101109;ENSG00000182389;ENSG00000165632;ENSG00000010810;ENSG00000150457;ENSG00000096968;ENSG00000153487;ENSG00000172071;ENSG00000102678;ENSG00000124789;ENSG00000113569;ENSG00000119285;ENSG00000128602;ENSG00000179218;ENSG00000133704;ENSG00000177688;ENSG00000104133;ENSG00000069248;ENSG00000137040;ENSG00000139174;ENSG00000139496;ENSG00000196924;ENSG00000157500;ENSG00000205339;ENSG00000108424;ENSG00000120709;ENSG00000196911;ENSG00000125686;ENSG00000196862;ENSG00000165392;ENSG00000136504;ENSG00000221823;ENSG00000083312;ENSG00000111231;ENSG00000166913;ENSG00000073712;ENSG00000187446;ENSG00000136044;ENSG00000091039;ENSG00000072274;ENSG00000005339;ENSG00000197579;ENSG00000108559;ENSG00000125398;ENSG00000082701;ENSG00000135821;ENSG00000196712;ENSG00000095319;ENSG00000205578;ENSG00000115966;ENSG00000198793;ENSG00000101311;ENSG00000131023;ENSG00000065150;ENSG00000143799;ENSG00000018408;ENSG00000114346;ENSG00000163002;ENSG00000153201;ENSG00000142192;ENSG00000164924;ENSG00000134248;ENSG00000104517;ENSG00000064419;ENSG00000149547;ENSG00000112242;ENSG00000100393;ENSG00000093000;ENSG00000205423;ENSG00000114030;ENSG00000120686;ENSG00000171033;ENSG00000169629;ENSG00000114423;ENSG00000168610;ENSG00000147324;ENSG00000160710;ENSG00000140943;ENSG00000166949;ENSG00000196821;ENSG00000111875;ENSG00000104375;ENSG00000120948;ENSG00000159256;ENSG00000115020;ENSG00000110713;ENSG00000138814;ENSG00000164828;ENSG00000183255;ENSG00000196313;ENSG00000086200;ENSG00000136450;ENSG00000025800;ENSG00000184304;ENSG00000162434;ENSG00000184156;ENSG00000112210;ENSG00000100219;ENSG00000112425;ENSG00000135679;ENSG00000163545;ENSG00000169251;ENSG00000077458;ENSG00000169375;ENSG00000102753;ENSG00000044115;ENSG00000198087;ENSG00000112062"
"GO","GOMF_MACROMOLECULAR_CONFORMATION_ISOMERASE_ACTIVITY",0.00167751132085471,0.0276401622015282,0.45505986738723,-0.307711957074821,-1.43085123795063,273,"ENSG00000158486;ENSG00000136492;ENSG00000165732;ENSG00000187240;ENSG00000071794;ENSG00000157483;ENSG00000107290;ENSG00000144821;ENSG00000088205;ENSG00000095564;ENSG00000182150;ENSG00000146414;ENSG00000108406;ENSG00000064703;ENSG00000197275;ENSG00000113522;ENSG00000109606;ENSG00000112249;ENSG00000159433;ENSG00000165392;ENSG00000071909;ENSG00000139116;ENSG00000215301;ENSG00000163214;ENSG00000118997;ENSG00000115423;ENSG00000145907;ENSG00000168280;ENSG00000054523;ENSG00000156414;ENSG00000133026;ENSG00000165115;ENSG00000004700;ENSG00000198265;ENSG00000197535;ENSG00000021776;ENSG00000131437;ENSG00000066933;ENSG00000145833;ENSG00000197653;ENSG00000005100;ENSG00000164080;ENSG00000100201;ENSG00000174953;ENSG00000068796;ENSG00000101350;ENSG00000170759;ENSG00000145555;ENSG00000114841;ENSG00000100697;ENSG00000172716;ENSG00000167306;ENSG00000183914;ENSG00000153147;ENSG00000110367;ENSG00000102081;ENSG00000085224;ENSG00000225830;ENSG00000020922;ENSG00000128641;ENSG00000125485;ENSG00000158560;ENSG00000197102;ENSG00000198900;ENSG00000067048;ENSG00000066735;ENSG00000077380;ENSG00000076003;ENSG00000144028;ENSG00000021574;ENSG00000077097;ENSG00000039123;ENSG00000128833;ENSG00000133119;ENSG00000155980;ENSG00000138346;ENSG00000067596;ENSG00000132436;ENSG00000138778;ENSG00000183495;ENSG00000131747;ENSG00000101452;ENSG00000084731;ENSG00000163104;ENSG00000080603;ENSG00000137177;ENSG00000140829;ENSG00000108654;ENSG00000124535;ENSG00000102781;ENSG00000121988;ENSG00000150990;ENSG00000013275;ENSG00000197892;ENSG00000181381;ENSG00000116852;ENSG00000176658"
"GO","GOBP_GDP_MANNOSE_METABOLIC_PROCESS",0.00168653166724734,0.0277213408995121,0.45505986738723,0.780051375439698,1.84675811349902,10,"ENSG00000144591;ENSG00000140650;ENSG00000143774;ENSG00000173540;ENSG00000104522;ENSG00000156515"
"GO","GOBP_REGULATION_OF_CHROMATIN_ORGANIZATION",0.00169139559141337,0.0277339732325699,0.45505986738723,-0.568219044763235,-1.81839355060364,30,"ENSG00000172943;ENSG00000183475;ENSG00000198945;ENSG00000123374;ENSG00000157540;ENSG00000118058;ENSG00000118900;ENSG00000168137;ENSG00000146872;ENSG00000113648;ENSG00000197724"
"GO","GOBP_NEUTRAL_LIPID_METABOLIC_PROCESS",0.00176076479652961,0.0288016888939578,0.45505986738723,-0.36445422737598,-1.5482878628552,130,"ENSG00000101670;ENSG00000071537;ENSG00000169174;ENSG00000179295;ENSG00000074416;ENSG00000085788;ENSG00000058866;ENSG00000096717;ENSG00000153933;ENSG00000100344;ENSG00000168389;ENSG00000084674;ENSG00000011198;ENSG00000111664;ENSG00000155189;ENSG00000157680;ENSG00000184730;ENSG00000175066;ENSG00000197208;ENSG00000130203;ENSG00000110090;ENSG00000107798;ENSG00000138193;ENSG00000163586;ENSG00000140526;ENSG00000119927;ENSG00000116171;ENSG00000139921;ENSG00000163686;ENSG00000198814;ENSG00000173409;ENSG00000137642;ENSG00000123684"
"GO","GOBP_REGULATION_OF_FAT_CELL_DIFFERENTIATION",0.00180189299965521,0.0292557561293545,0.45505986738723,-0.359275046133771,-1.52746480886172,132,"ENSG00000071575;ENSG00000143507;ENSG00000114251;ENSG00000069667;ENSG00000101109;ENSG00000101384;ENSG00000096717;ENSG00000133794;ENSG00000114315;ENSG00000150907;ENSG00000143365;ENSG00000111664;ENSG00000176624;ENSG00000162998;ENSG00000143970;ENSG00000073712;ENSG00000151468;ENSG00000112715;ENSG00000073756;ENSG00000118260;ENSG00000151748;ENSG00000174600;ENSG00000180694;ENSG00000134243;ENSG00000129167;ENSG00000140682;ENSG00000038382;ENSG00000018408;ENSG00000107890;ENSG00000172216;ENSG00000100393;ENSG00000175197;ENSG00000140718;ENSG00000139668;ENSG00000197594;ENSG00000166949;ENSG00000104375"
"GO","GOBP_POSITIVE_REGULATION_OF_CELL_GROWTH",0.00179372888632765,0.0292557561293545,0.45505986738723,-0.351142767434495,-1.52371136322211,152,"ENSG00000171517;ENSG00000115414;ENSG00000143858;ENSG00000204385;ENSG00000051523;ENSG00000138623;ENSG00000004468;ENSG00000164327;ENSG00000099250;ENSG00000105887;ENSG00000168389;ENSG00000131711;ENSG00000157168;ENSG00000198399;ENSG00000167178;ENSG00000127603;ENSG00000089057;ENSG00000215301;ENSG00000171612;ENSG00000101843;ENSG00000112902;ENSG00000114378;ENSG00000112715;ENSG00000008086;ENSG00000137845;ENSG00000068366;ENSG00000136937;ENSG00000101665;ENSG00000187079;ENSG00000007168;ENSG00000198793;ENSG00000187866;ENSG00000213023;ENSG00000176170;ENSG00000130477;ENSG00000171791;ENSG00000168564;ENSG00000163794;ENSG00000055917;ENSG00000204217;ENSG00000128908;ENSG00000187764;ENSG00000113070;ENSG00000119401;ENSG00000198742;ENSG00000177189;ENSG00000100884;ENSG00000176406;ENSG00000184349;ENSG00000101266;ENSG00000072849;ENSG00000166148"
"GO","GOBP_REGULATION_OF_CALCIUM_ION_TRANSPORT",0.00180580420290464,0.0292557561293545,0.45505986738723,-0.331994419711318,-1.49551298400655,204,"ENSG00000171517;ENSG00000184588;ENSG00000104369;ENSG00000117152;ENSG00000065534;ENSG00000239732;ENSG00000154096;ENSG00000010810;ENSG00000186810;ENSG00000036828;ENSG00000198947;ENSG00000051523;ENSG00000144357;ENSG00000188386;ENSG00000187848;ENSG00000167723;ENSG00000104133;ENSG00000198626;ENSG00000213585;ENSG00000114315;ENSG00000198929;ENSG00000155962;ENSG00000171867;ENSG00000170385;ENSG00000159023;ENSG00000100311;ENSG00000221823;ENSG00000092051;ENSG00000152413;ENSG00000171316;ENSG00000153956;ENSG00000169248;ENSG00000181104;ENSG00000070961;ENSG00000139921;ENSG00000143801;ENSG00000147044;ENSG00000097007;ENSG00000109689;ENSG00000133872;ENSG00000163576;ENSG00000259207;ENSG00000089060;ENSG00000113262;ENSG00000126266;ENSG00000102081;ENSG00000187231;ENSG00000196632;ENSG00000108691;ENSG00000142192;ENSG00000171791;ENSG00000163794;ENSG00000148660;ENSG00000135018;ENSG00000149488;ENSG00000116329;ENSG00000179841;ENSG00000183023;ENSG00000159167;ENSG00000116032;ENSG00000095209;ENSG00000140992;ENSG00000064270"
"GO","GOBP_AMIDE_METABOLIC_PROCESS",0.00179879641021554,0.0292557561293545,0.45505986738723,-0.273246624389246,-1.33571614181498,455,"ENSG00000008513;ENSG00000103222;ENSG00000164181;ENSG00000137509;ENSG00000078124;ENSG00000162390;ENSG00000198964;ENSG00000116106;ENSG00000164398;ENSG00000124275;ENSG00000065911;ENSG00000113161;ENSG00000204099;ENSG00000196549;ENSG00000196511;ENSG00000140284;ENSG00000001084;ENSG00000083123;ENSG00000166224;ENSG00000150768;ENSG00000164933;ENSG00000112972;ENSG00000100422;ENSG00000138760;ENSG00000148154;ENSG00000134318;ENSG00000136010;ENSG00000171867;ENSG00000133835;ENSG00000278540;ENSG00000123983;ENSG00000185591;ENSG00000149084;ENSG00000090054;ENSG00000120137;ENSG00000284917;ENSG00000172594;ENSG00000124767;ENSG00000131473;ENSG00000067900;ENSG00000157540;ENSG00000023839;ENSG00000100596;ENSG00000130203;ENSG00000170348;ENSG00000118276;ENSG00000023909;ENSG00000197977;ENSG00000163586;ENSG00000152256;ENSG00000004799;ENSG00000137845;ENSG00000162630;ENSG00000132356;ENSG00000081181;ENSG00000119927;ENSG00000128965;ENSG00000178814;ENSG00000145740;ENSG00000143801;ENSG00000197601;ENSG00000131828;ENSG00000159921;ENSG00000206527;ENSG00000068366;ENSG00000012660;ENSG00000086619;ENSG00000146281;ENSG00000104687;ENSG00000134240;ENSG00000213965;ENSG00000100714;ENSG00000073921;ENSG00000137642;ENSG00000198793;ENSG00000163281;ENSG00000125304;ENSG00000115525;ENSG00000164305;ENSG00000255154;ENSG00000204147;ENSG00000143753;ENSG00000175426;ENSG00000135047;ENSG00000172292;ENSG00000127125;ENSG00000090857;ENSG00000104164;ENSG00000151229;ENSG00000176170;ENSG00000131844;ENSG00000184005;ENSG00000174607;ENSG00000149313;ENSG00000177076;ENSG00000130164;ENSG00000154227;ENSG00000136872;ENSG00000164756;ENSG00000164951;ENSG00000184227;ENSG00000119912;ENSG00000110436;ENSG00000138413;ENSG00000008311;ENSG00000160305;ENSG00000140479;ENSG00000146085;ENSG00000177669;ENSG00000162736;ENSG00000138744;ENSG00000143418;ENSG00000105855;ENSG00000085377;ENSG00000076555;ENSG00000119537;ENSG00000164414;ENSG00000102743;ENSG00000145439;ENSG00000197296;ENSG00000151790;ENSG00000138613;ENSG00000139970;ENSG00000102144;ENSG00000125779;ENSG00000136143;ENSG00000148053;ENSG00000138074;ENSG00000040531;ENSG00000182372;ENSG00000095380;ENSG00000151093;ENSG00000100031;ENSG00000170191;ENSG00000178700;ENSG00000151012;ENSG00000137992;ENSG00000151726;ENSG00000021826;ENSG00000118402;ENSG00000082641;ENSG00000159267;ENSG00000084110;ENSG00000156017"
"GO","GOBP_REGULATION_OF_TRANSLATION",0.00181015620656073,0.0292562716726235,0.45505986738723,-0.285370706728651,-1.36814792759608,361,"ENSG00000112183;ENSG00000020577;ENSG00000102580;ENSG00000116106;ENSG00000129474;ENSG00000144642;ENSG00000124374;ENSG00000163412;ENSG00000172071;ENSG00000153064;ENSG00000135842;ENSG00000138593;ENSG00000196730;ENSG00000105887;ENSG00000123600;ENSG00000179218;ENSG00000198843;ENSG00000075151;ENSG00000158615;ENSG00000091436;ENSG00000204120;ENSG00000152332;ENSG00000161813;ENSG00000215301;ENSG00000163214;ENSG00000114127;ENSG00000198265;ENSG00000113300;ENSG00000144580;ENSG00000185728;ENSG00000126070;ENSG00000136628;ENSG00000091127;ENSG00000113742;ENSG00000123908;ENSG00000134014;ENSG00000174953;ENSG00000257103;ENSG00000092847;ENSG00000006047;ENSG00000136937;ENSG00000253729;ENSG00000163376;ENSG00000178694;ENSG00000136381;ENSG00000153944;ENSG00000211448;ENSG00000134698;ENSG00000198793;ENSG00000136231;ENSG00000103342;ENSG00000164163;ENSG00000081277;ENSG00000110367;ENSG00000128829;ENSG00000135387;ENSG00000102081;ENSG00000112339;ENSG00000138617;ENSG00000138767;ENSG00000172239;ENSG00000134644;ENSG00000142192;ENSG00000134001;ENSG00000070756;ENSG00000198791;ENSG00000116001;ENSG00000109618;ENSG00000273749;ENSG00000175711;ENSG00000154229;ENSG00000138709;ENSG00000163794;ENSG00000055917;ENSG00000152684;ENSG00000149187;ENSG00000078687;ENSG00000137449;ENSG00000125107;ENSG00000175766;ENSG00000090905;ENSG00000118689;ENSG00000082153;ENSG00000188613;ENSG00000177189;ENSG00000147162;ENSG00000185129;ENSG00000087263;ENSG00000075651;ENSG00000142864;ENSG00000187556;ENSG00000152430;ENSG00000158435;ENSG00000101266;ENSG00000166197;ENSG00000103319;ENSG00000138095;ENSG00000135316;ENSG00000031698;ENSG00000060138;ENSG00000179134;ENSG00000120705;ENSG00000055332;ENSG00000110321;ENSG00000070061;ENSG00000071051;ENSG00000027075;ENSG00000163331"
"GO","GOBP_CAMP_BIOSYNTHETIC_PROCESS",0.00181758565510325,0.0293064048960934,0.45505986738723,-0.718637294341007,-1.86241525469148,13,"ENSG00000173175;ENSG00000164742;ENSG00000078295;ENSG00000138031;ENSG00000162104"
"GO","GOMF_TRANSMEMBRANE_RECEPTOR_PROTEIN_SERINE_THREONINE_KINASE_ACTIVITY",0.0018463570616319,0.0294369384122435,0.45505986738723,-0.651798918643272,-1.83838983147304,18,"ENSG00000163513;ENSG00000123612;ENSG00000115170;ENSG00000069702;ENSG00000107779;ENSG00000121989;ENSG00000114739;ENSG00000171243;ENSG00000204217;ENSG00000139567;ENSG00000135503;ENSG00000106799"
"GO","GOBP_RECEPTOR_CATABOLIC_PROCESS",0.00184503338554913,0.0294369384122435,0.45505986738723,-0.541312304627703,-1.76070954776966,32,"ENSG00000183579;ENSG00000169174;ENSG00000097033;ENSG00000007944;ENSG00000130203;ENSG00000196455;ENSG00000198382;ENSG00000087053;ENSG00000078747;ENSG00000196396;ENSG00000198742;ENSG00000108375;ENSG00000100600;ENSG00000069869;ENSG00000109762"
"GO","GOBP_SYMBIONT_ENTRY_INTO_HOST",0.00184741565640926,0.0294369384122435,0.45505986738723,-0.373164568782301,-1.57446384655315,124,"ENSG00000078081;ENSG00000123124;ENSG00000141458;ENSG00000139514;ENSG00000124789;ENSG00000154639;ENSG00000099250;ENSG00000138760;ENSG00000143324;ENSG00000112685;ENSG00000184697;ENSG00000203710;ENSG00000133026;ENSG00000132256;ENSG00000249853;ENSG00000168575;ENSG00000198382;ENSG00000072274;ENSG00000206053;ENSG00000117322;ENSG00000149294;ENSG00000121966;ENSG00000259207;ENSG00000073008;ENSG00000078747;ENSG00000135047;ENSG00000110395;ENSG00000137648;ENSG00000144891;ENSG00000184012;ENSG00000125266;ENSG00000139626;ENSG00000085832;ENSG00000121060;ENSG00000117335;ENSG00000188313;ENSG00000138448;ENSG00000130164;ENSG00000119912;ENSG00000150093;ENSG00000173402"
"GO","GOBP_LYMPHOCYTE_ACTIVATION_INVOLVED_IN_IMMUNE_RESPONSE",0.00184187952946725,0.0294369384122435,0.45505986738723,-0.336161664450771,-1.50833964187534,195,"ENSG00000008513;ENSG00000166888;ENSG00000069667;ENSG00000135905;ENSG00000145675;ENSG00000138378;ENSG00000198018;ENSG00000081237;ENSG00000134352;ENSG00000135077;ENSG00000110777;ENSG00000203710;ENSG00000143365;ENSG00000174405;ENSG00000073861;ENSG00000161217;ENSG00000198836;ENSG00000204256;ENSG00000118058;ENSG00000110066;ENSG00000056586;ENSG00000095002;ENSG00000072274;ENSG00000117586;ENSG00000066336;ENSG00000097007;ENSG00000137872;ENSG00000101665;ENSG00000104320;ENSG00000198793;ENSG00000242574;ENSG00000128829;ENSG00000067606;ENSG00000115604;ENSG00000104312;ENSG00000117335;ENSG00000171150;ENSG00000080345;ENSG00000138795;ENSG00000100393;ENSG00000136630;ENSG00000175505;ENSG00000116977;ENSG00000154822;ENSG00000171522;ENSG00000197943;ENSG00000166747;ENSG00000168610;ENSG00000111203;ENSG00000136167;ENSG00000109685;ENSG00000122512;ENSG00000157212;ENSG00000162434;ENSG00000169621;ENSG00000122376;ENSG00000100219;ENSG00000175097;ENSG00000183735;ENSG00000143106;ENSG00000106003;ENSG00000204642;ENSG00000133789;ENSG00000124333;ENSG00000161955;ENSG00000114554;ENSG00000140743;ENSG00000198719;ENSG00000123338;ENSG00000253251;ENSG00000130038;ENSG00000165699"
"GO","GOBP_STEM_CELL_DIFFERENTIATION",0.00183907596491459,0.0294369384122435,0.45505986738723,-0.322453416468771,-1.46973868057072,224,"ENSG00000112183;ENSG00000115414;ENSG00000101384;ENSG00000008083;ENSG00000092421;ENSG00000170558;ENSG00000163513;ENSG00000081237;ENSG00000167005;ENSG00000138623;ENSG00000099250;ENSG00000128602;ENSG00000125878;ENSG00000181555;ENSG00000037474;ENSG00000115170;ENSG00000014123;ENSG00000114315;ENSG00000157168;ENSG00000139174;ENSG00000138685;ENSG00000184292;ENSG00000284917;ENSG00000162998;ENSG00000100644;ENSG00000135108;ENSG00000112902;ENSG00000015133;ENSG00000148200;ENSG00000130702;ENSG00000107779;ENSG00000091127;ENSG00000162702;ENSG00000125398;ENSG00000097007;ENSG00000174953;ENSG00000082701;ENSG00000168214;ENSG00000137872;ENSG00000253729;ENSG00000163376;ENSG00000150625;ENSG00000153944;ENSG00000100030;ENSG00000113658;ENSG00000078747;ENSG00000070018;ENSG00000145743;ENSG00000167258;ENSG00000162521;ENSG00000134644;ENSG00000182197;ENSG00000075223;ENSG00000066468;ENSG00000118257;ENSG00000113391;ENSG00000204217;ENSG00000187764;ENSG00000203883;ENSG00000173575;ENSG00000129514;ENSG00000157240;ENSG00000131095;ENSG00000168610;ENSG00000184481;ENSG00000075213;ENSG00000143033;ENSG00000157927;ENSG00000167680"
"GO","GOBP_OSSIFICATION",0.00185269487741491,0.0294517598822858,0.45505986738723,-0.286171085165452,-1.3828446429366,396,"ENSG00000153162;ENSG00000114251;ENSG00000152580;ENSG00000141655;ENSG00000101384;ENSG00000146197;ENSG00000165732;ENSG00000115641;ENSG00000036828;ENSG00000179295;ENSG00000152785;ENSG00000155090;ENSG00000128791;ENSG00000172071;ENSG00000138623;ENSG00000102678;ENSG00000134352;ENSG00000151348;ENSG00000112175;ENSG00000198963;ENSG00000128602;ENSG00000275708;ENSG00000038427;ENSG00000112414;ENSG00000156103;ENSG00000115170;ENSG00000118523;ENSG00000014123;ENSG00000181449;ENSG00000185305;ENSG00000139174;ENSG00000133835;ENSG00000138685;ENSG00000164066;ENSG00000205339;ENSG00000266524;ENSG00000046653;ENSG00000084073;ENSG00000145192;ENSG00000100644;ENSG00000086300;ENSG00000150938;ENSG00000156427;ENSG00000177119;ENSG00000120659;ENSG00000138246;ENSG00000073712;ENSG00000075790;ENSG00000168575;ENSG00000112715;ENSG00000131873;ENSG00000183762;ENSG00000094975;ENSG00000102174;ENSG00000070961;ENSG00000107779;ENSG00000185432;ENSG00000167460;ENSG00000125398;ENSG00000174953;ENSG00000082701;ENSG00000138386;ENSG00000168214;ENSG00000101665;ENSG00000196712;ENSG00000104331;ENSG00000180694;ENSG00000164190;ENSG00000143367;ENSG00000120332;ENSG00000131183;ENSG00000134243;ENSG00000100030;ENSG00000184677;ENSG00000183688;ENSG00000121989;ENSG00000113658;ENSG00000018408;ENSG00000196305;ENSG00000141367;ENSG00000171791;ENSG00000182197;ENSG00000138795;ENSG00000172216;ENSG00000172845;ENSG00000066468;ENSG00000108588;ENSG00000114739;ENSG00000107789;ENSG00000103657;ENSG00000116985;ENSG00000204217;ENSG00000144028;ENSG00000187764;ENSG00000108984;ENSG00000185920;ENSG00000157613;ENSG00000111087;ENSG00000205213;ENSG00000157240;ENSG00000183023;ENSG00000197594;ENSG00000178752;ENSG00000159167;ENSG00000175387;ENSG00000169398;ENSG00000160710;ENSG00000095209;ENSG00000166949;ENSG00000111875;ENSG00000004948;ENSG00000163273;ENSG00000164199;ENSG00000161905;ENSG00000183864;ENSG00000138814;ENSG00000132436;ENSG00000157933"
"GO","GOBP_RESPONSE_TO_LAMINAR_FLUID_SHEAR_STRESS",0.00186883993975901,0.0295006621726062,0.45505986738723,-0.540297556538702,-1.7574089085017,32,"ENSG00000173175;ENSG00000165029;ENSG00000164742;ENSG00000078295;ENSG00000138031;ENSG00000162104;ENSG00000101665;ENSG00000198793;ENSG00000142875;ENSG00000162909;ENSG00000114302;ENSG00000108946;ENSG00000065243;ENSG00000140992;ENSG00000100219"
"GO","GOBP_CELLULAR_RESPONSE_TO_ALCOHOL",0.00186791472774971,0.0295006621726062,0.45505986738723,-0.402359162732402,-1.63945074497358,98,"ENSG00000173175;ENSG00000118515;ENSG00000165029;ENSG00000164742;ENSG00000051523;ENSG00000078295;ENSG00000186912;ENSG00000128602;ENSG00000123104;ENSG00000113384;ENSG00000278540;ENSG00000138031;ENSG00000163453;ENSG00000089057;ENSG00000151632;ENSG00000114127;ENSG00000149295;ENSG00000164938;ENSG00000132356;ENSG00000117586;ENSG00000118260;ENSG00000066336;ENSG00000111319;ENSG00000070018;ENSG00000186469;ENSG00000122641;ENSG00000078369;ENSG00000127955;ENSG00000012048;ENSG00000106546;ENSG00000185920;ENSG00000118689;ENSG00000173402;ENSG00000171522;ENSG00000023171;ENSG00000184349;ENSG00000118454;ENSG00000137714;ENSG00000184304;ENSG00000164808;ENSG00000044115;ENSG00000082641;ENSG00000163328;ENSG00000116473;ENSG00000039068;ENSG00000104332;ENSG00000168036"
"GO","GOBP_POSITIVE_REGULATION_OF_TRANSMEMBRANE_TRANSPORT",0.00186664712041441,0.0295006621726062,0.45505986738723,-0.34936907081289,-1.52972630696473,161,"ENSG00000145675;ENSG00000163884;ENSG00000154096;ENSG00000186810;ENSG00000179295;ENSG00000123700;ENSG00000188386;ENSG00000187848;ENSG00000128989;ENSG00000198929;ENSG00000129159;ENSG00000185482;ENSG00000196924;ENSG00000068305;ENSG00000157500;ENSG00000118507;ENSG00000169047;ENSG00000221823;ENSG00000177119;ENSG00000163558;ENSG00000198648;ENSG00000155096;ENSG00000166006;ENSG00000157764;ENSG00000187446;ENSG00000169248;ENSG00000091039;ENSG00000105711;ENSG00000181104;ENSG00000097007;ENSG00000176076;ENSG00000109689;ENSG00000103257;ENSG00000131183;ENSG00000130402;ENSG00000113262;ENSG00000053918;ENSG00000196632;ENSG00000150756;ENSG00000198420;ENSG00000180509;ENSG00000150093;ENSG00000110436;ENSG00000179841;ENSG00000137731;ENSG00000178752;ENSG00000140992;ENSG00000062716;ENSG00000138814;ENSG00000022267;ENSG00000137672;ENSG00000119508;ENSG00000112062;ENSG00000120910;ENSG00000151615;ENSG00000181754;ENSG00000151726;ENSG00000153786;ENSG00000213533"
"GO","GOBP_REGULATION_OF_RELAXATION_OF_MUSCLE",0.00188901174466269,0.0295219824959592,0.45505986738723,-0.676336044655796,-1.87806766222175,17,"ENSG00000184588;ENSG00000113389;ENSG00000181965;ENSG00000127955;ENSG00000164326"
"GO","GOBP_REGULATION_OF_LEUKOCYTE_ADHESION_TO_VASCULAR_ENDOTHELIAL_CELL",0.00189140138633842,0.0295219824959592,0.45505986738723,-0.601677114610341,-1.85134504975917,25,"ENSG00000116106;ENSG00000175893;ENSG00000134954;ENSG00000187210;ENSG00000151882;ENSG00000175040;ENSG00000172461;ENSG00000102908;ENSG00000115232;ENSG00000125266"
"GO","GOBP_CENTRAL_NERVOUS_SYSTEM_NEURON_AXONOGENESIS",0.00189345549422233,0.0295219824959592,0.45505986738723,-0.519698011117691,-1.77009897572092,39,"ENSG00000116106;ENSG00000197381;ENSG00000085433;ENSG00000104133;ENSG00000145147;ENSG00000118276;ENSG00000105711;ENSG00000166579;ENSG00000221866;ENSG00000007168;ENSG00000100503;ENSG00000154229;ENSG00000021574;ENSG00000160007;ENSG00000005810;ENSG00000153234;ENSG00000182580;ENSG00000182704;ENSG00000198198"
"GO","GOBP_NEGATIVE_REGULATION_OF_EPITHELIAL_CELL_PROLIFERATION",0.00188401388230932,0.0295219824959592,0.45505986738723,-0.380232407627822,-1.5746839058727,110,"ENSG00000143507;ENSG00000114251;ENSG00000167034;ENSG00000169031;ENSG00000186810;ENSG00000152894;ENSG00000170873;ENSG00000140832;ENSG00000145088;ENSG00000075711;ENSG00000164066;ENSG00000139687;ENSG00000125686;ENSG00000178301;ENSG00000130203;ENSG00000139618;ENSG00000134371;ENSG00000069702;ENSG00000136110;ENSG00000147044;ENSG00000151748;ENSG00000125398;ENSG00000196712;ENSG00000169855;ENSG00000185551;ENSG00000125266;ENSG00000108691;ENSG00000066468"
"GO","GOBP_CELL_SURFACE_RECEPTOR_SIGNALING_PATHWAY_VIA_JAK_STAT",0.00189700997273023,0.0295219824959592,0.45505986738723,-0.372901449648992,-1.57335368873703,124,"ENSG00000166888;ENSG00000104432;ENSG00000159110;ENSG00000138378;ENSG00000096968;ENSG00000081237;ENSG00000162992;ENSG00000134352;ENSG00000111252;ENSG00000114315;ENSG00000081985;ENSG00000213625;ENSG00000151422;ENSG00000153707;ENSG00000243646;ENSG00000181104;ENSG00000176390;ENSG00000170581;ENSG00000225830;ENSG00000108691;ENSG00000131724;ENSG00000171150;ENSG00000173406;ENSG00000198791;ENSG00000100393;ENSG00000164136;ENSG00000175505;ENSG00000162607;ENSG00000168610;ENSG00000016402;ENSG00000159346;ENSG00000170677;ENSG00000198730;ENSG00000114742;ENSG00000162434;ENSG00000083535;ENSG00000185338;ENSG00000118762"
"GO","GOCC_PRESYNAPTIC_MEMBRANE",0.00190070649265183,0.0295219824959592,0.45505986738723,-0.335128357242745,-1.49029809787713,181,"ENSG00000157445;ENSG00000174469;ENSG00000116106;ENSG00000178695;ENSG00000116675;ENSG00000183454;ENSG00000036828;ENSG00000115665;ENSG00000149403;ENSG00000064547;ENSG00000129159;ENSG00000018236;ENSG00000080644;ENSG00000169684;ENSG00000050438;ENSG00000180233;ENSG00000021645;ENSG00000183775;ENSG00000108576;ENSG00000186908;ENSG00000082805;ENSG00000149295;ENSG00000166006;ENSG00000153956;ENSG00000163785;ENSG00000153707;ENSG00000163873;ENSG00000070961;ENSG00000171189;ENSG00000143801;ENSG00000147044;ENSG00000179915;ENSG00000118873;ENSG00000118946;ENSG00000150625;ENSG00000011347;ENSG00000073921;ENSG00000105426;ENSG00000151025;ENSG00000102081;ENSG00000136750;ENSG00000125266;ENSG00000104290;ENSG00000114948;ENSG00000067842;ENSG00000130477;ENSG00000156642;ENSG00000107282;ENSG00000152910;ENSG00000186297;ENSG00000058668;ENSG00000111450;ENSG00000105464;ENSG00000110436;ENSG00000116329;ENSG00000118432;ENSG00000116032;ENSG00000162736;ENSG00000176406;ENSG00000182901;ENSG00000186479;ENSG00000145451"
"GO","GOBP_NEGATIVE_REGULATION_OF_CELL_CYCLE",0.00189608940836177,0.0295219824959592,0.45505986738723,-0.28203053307657,-1.35841909187604,380,"ENSG00000071242;ENSG00000114166;ENSG00000182389;ENSG00000136492;ENSG00000134954;ENSG00000117707;ENSG00000141433;ENSG00000150457;ENSG00000179295;ENSG00000152894;ENSG00000009954;ENSG00000135090;ENSG00000081377;ENSG00000096717;ENSG00000037474;ENSG00000115170;ENSG00000014123;ENSG00000181449;ENSG00000091436;ENSG00000165617;ENSG00000204120;ENSG00000075711;ENSG00000163697;ENSG00000113522;ENSG00000139687;ENSG00000205339;ENSG00000134852;ENSG00000123374;ENSG00000164754;ENSG00000173559;ENSG00000048028;ENSG00000143514;ENSG00000139618;ENSG00000008405;ENSG00000113456;ENSG00000136235;ENSG00000134371;ENSG00000154640;ENSG00000160551;ENSG00000165169;ENSG00000095002;ENSG00000152359;ENSG00000176390;ENSG00000175087;ENSG00000137337;ENSG00000134982;ENSG00000097007;ENSG00000182923;ENSG00000144635;ENSG00000253729;ENSG00000040275;ENSG00000104320;ENSG00000092853;ENSG00000096401;ENSG00000103479;ENSG00000175054;ENSG00000012174;ENSG00000169018;ENSG00000172716;ENSG00000115966;ENSG00000104228;ENSG00000153147;ENSG00000164305;ENSG00000187866;ENSG00000196428;ENSG00000131023;ENSG00000065150;ENSG00000128829;ENSG00000097046;ENSG00000143493;ENSG00000197256;ENSG00000112739;ENSG00000163781;ENSG00000085224;ENSG00000225830;ENSG00000020922;ENSG00000163322;ENSG00000104290;ENSG00000108691;ENSG00000088808;ENSG00000158560;ENSG00000141198;ENSG00000113648;ENSG00000171791;ENSG00000185290;ENSG00000108395;ENSG00000143878;ENSG00000197102;ENSG00000122641;ENSG00000068971;ENSG00000168411;ENSG00000143751;ENSG00000077380;ENSG00000012048;ENSG00000173273;ENSG00000188215;ENSG00000078725;ENSG00000112406;ENSG00000174606;ENSG00000177683;ENSG00000175215;ENSG00000147883;ENSG00000165891;ENSG00000133119;ENSG00000149311;ENSG00000184481;ENSG00000140943;ENSG00000129757;ENSG00000163273;ENSG00000160310;ENSG00000138346;ENSG00000137812;ENSG00000154473;ENSG00000053254;ENSG00000022267;ENSG00000264364"
"GO","GOBP_RRNA_METABOLIC_PROCESS",0.00191382265309016,0.0296576819375893,0.45505986738723,0.317993162414193,1.44563771248529,288,"ENSG00000167272;ENSG00000129347;ENSG00000129460;ENSG00000105373;ENSG00000138382;ENSG00000005189;ENSG00000148308;ENSG00000177954;ENSG00000275700;ENSG00000205045;ENSG00000242372;ENSG00000133316;ENSG00000013573;ENSG00000278619;ENSG00000077348;ENSG00000138326;ENSG00000198917;ENSG00000187531;ENSG00000182774;ENSG00000171858;ENSG00000115268;ENSG00000104872;ENSG00000066379;ENSG00000177700;ENSG00000152464;ENSG00000139637;ENSG00000155115;ENSG00000130810;ENSG00000105193;ENSG00000166133;ENSG00000145912;ENSG00000100138;ENSG00000184967;ENSG00000227057;ENSG00000123064;ENSG00000142676;ENSG00000142937;ENSG00000214274;ENSG00000163882;ENSG00000164587;ENSG00000136942;ENSG00000188739;ENSG00000233927;ENSG00000172123;ENSG00000101546;ENSG00000141456;ENSG00000179041;ENSG00000188573;ENSG00000122406;ENSG00000135828;ENSG00000105671;ENSG00000166986;ENSG00000107833;ENSG00000198492;ENSG00000171863;ENSG00000022840;ENSG00000079313;ENSG00000273611;ENSG00000171806;ENSG00000188846;ENSG00000105372;ENSG00000108592;ENSG00000130826;ENSG00000070814;ENSG00000130305;ENSG00000099956;ENSG00000131469;ENSG00000175467;ENSG00000185163;ENSG00000100029;ENSG00000143303;ENSG00000101361;ENSG00000160570;ENSG00000182899;ENSG00000007520;ENSG00000196678;ENSG00000053372;ENSG00000141076;ENSG00000171103;ENSG00000182841;ENSG00000132275;ENSG00000099284;ENSG00000197498;ENSG00000156990;ENSG00000114767;ENSG00000147604;ENSG00000148303;ENSG00000116455;ENSG00000118181;ENSG00000127080;ENSG00000123144;ENSG00000117419;ENSG00000189306;ENSG00000161970;ENSG00000117597;ENSG00000109534;ENSG00000130713;ENSG00000105202;ENSG00000101945;ENSG00000122034;ENSG00000241945;ENSG00000109536;ENSG00000147889;ENSG00000141543;ENSG00000071462;ENSG00000188917;ENSG00000261236;ENSG00000085231;ENSG00000172183;ENSG00000155438;ENSG00000178718;ENSG00000119616;ENSG00000162851;ENSG00000183751;ENSG00000160214;ENSG00000173113;ENSG00000272047;ENSG00000172301;ENSG00000143633;ENSG00000112578;ENSG00000102309;ENSG00000172336;ENSG00000225921;ENSG00000178105;ENSG00000065268"
"GO","GOBP_REGULATION_OF_CELL_SIZE",0.0019284263987823,0.029747844128824,0.45505986738723,-0.343032897898492,-1.51704224542265,174,"ENSG00000053108;ENSG00000171517;ENSG00000114251;ENSG00000115414;ENSG00000138623;ENSG00000099250;ENSG00000105887;ENSG00000131711;ENSG00000109572;ENSG00000078018;ENSG00000111664;ENSG00000127870;ENSG00000167178;ENSG00000178301;ENSG00000127603;ENSG00000130203;ENSG00000060237;ENSG00000177119;ENSG00000198648;ENSG00000091129;ENSG00000112902;ENSG00000117020;ENSG00000112715;ENSG00000163785;ENSG00000008086;ENSG00000100852;ENSG00000118260;ENSG00000097007;ENSG00000082701;ENSG00000137872;ENSG00000221866;ENSG00000133104;ENSG00000007168;ENSG00000105426;ENSG00000198793;ENSG00000163539;ENSG00000066084;ENSG00000221955;ENSG00000196632;ENSG00000134248;ENSG00000132359;ENSG00000172819;ENSG00000163794;ENSG00000055917;ENSG00000204217;ENSG00000064651;ENSG00000187764;ENSG00000198742;ENSG00000075213;ENSG00000156113;ENSG00000184349;ENSG00000160007;ENSG00000047597;ENSG00000184304;ENSG00000182372;ENSG00000169375;ENSG00000010319;ENSG00000167191;ENSG00000151615;ENSG00000023287;ENSG00000101126;ENSG00000141564;ENSG00000115310;ENSG00000136802;ENSG00000186868;ENSG00000065320;ENSG00000039068;ENSG00000106683"
"GO","GOCC_BASAL_PART_OF_CELL",0.00192789035675667,0.029747844128824,0.45505986738723,-0.296754258697915,-1.39701624705199,303,"ENSG00000103222;ENSG00000137509;ENSG00000137571;ENSG00000137491;ENSG00000104635;ENSG00000239732;ENSG00000013297;ENSG00000170558;ENSG00000036828;ENSG00000165029;ENSG00000139514;ENSG00000004468;ENSG00000158158;ENSG00000148842;ENSG00000198743;ENSG00000116678;ENSG00000105976;ENSG00000154639;ENSG00000125257;ENSG00000110911;ENSG00000144824;ENSG00000096696;ENSG00000197405;ENSG00000033867;ENSG00000075711;ENSG00000184292;ENSG00000170385;ENSG00000159023;ENSG00000131389;ENSG00000100311;ENSG00000050438;ENSG00000197208;ENSG00000089057;ENSG00000112851;ENSG00000198648;ENSG00000133065;ENSG00000074054;ENSG00000166006;ENSG00000114770;ENSG00000153253;ENSG00000112394;ENSG00000069702;ENSG00000187446;ENSG00000072274;ENSG00000070961;ENSG00000147044;ENSG00000115616;ENSG00000133059;ENSG00000103257;ENSG00000086062;ENSG00000118596;ENSG00000133019;ENSG00000151914;ENSG00000163539;ENSG00000053918;ENSG00000085832;ENSG00000148943;ENSG00000074410;ENSG00000138821;ENSG00000163399;ENSG00000157978;ENSG00000104067;ENSG00000123191;ENSG00000158296;ENSG00000177807;ENSG00000116641;ENSG00000130164;ENSG00000204217;ENSG00000064651;ENSG00000058668;ENSG00000111450;ENSG00000119912;ENSG00000173402;ENSG00000137731;ENSG00000197594;ENSG00000150672;ENSG00000182985;ENSG00000092068;ENSG00000106100;ENSG00000064270;ENSG00000136868;ENSG00000039987"
"GO","GOBP_CIRCADIAN_REGULATION_OF_GENE_EXPRESSION",0.00195361482278817,0.0299997269385975,0.431707695803346,-0.431917315478387,-1.63983831488669,66,"ENSG00000069667;ENSG00000096717;ENSG00000133794;ENSG00000143365;ENSG00000134852;ENSG00000134107;ENSG00000118058;ENSG00000008405;ENSG00000149295;ENSG00000140836;ENSG00000073614;ENSG00000049246;ENSG00000105835;ENSG00000140396;ENSG00000198900;ENSG00000164326;ENSG00000106546;ENSG00000186298;ENSG00000186951;ENSG00000205213;ENSG00000147162;ENSG00000180530;ENSG00000159208;ENSG00000005810;ENSG00000198380;ENSG00000213639;ENSG00000086758;ENSG00000170485"
"GO","GOBP_REGULATION_OF_POSTSYNAPSE_ORGANIZATION",0.0019508925407173,0.0299997269385975,0.45505986738723,-0.354618505265103,-1.51847580737284,139,"ENSG00000114251;ENSG00000135905;ENSG00000116106;ENSG00000134909;ENSG00000010810;ENSG00000170558;ENSG00000117600;ENSG00000107362;ENSG00000182771;ENSG00000115183;ENSG00000198844;ENSG00000131711;ENSG00000176749;ENSG00000139174;ENSG00000171867;ENSG00000170385;ENSG00000120063;ENSG00000130203;ENSG00000152413;ENSG00000091129;ENSG00000040341;ENSG00000153707;ENSG00000008086;ENSG00000137845;ENSG00000174953;ENSG00000196712;ENSG00000128512;ENSG00000100784;ENSG00000007168;ENSG00000105426;ENSG00000131023;ENSG00000135387;ENSG00000151148;ENSG00000136379;ENSG00000150760;ENSG00000142192;ENSG00000152208;ENSG00000198576;ENSG00000118257;ENSG00000110881;ENSG00000055917;ENSG00000157193;ENSG00000196396;ENSG00000198908;ENSG00000066248;ENSG00000166949;ENSG00000006740;ENSG00000196083"
"GO","GOBP_CELLULAR_RESPONSE_TO_GLUCOSE_STARVATION",0.00195987931443961,0.0300278342022286,0.431707695803346,-0.494779561888255,-1.77165338678969,49,"ENSG00000044574;ENSG00000172071;ENSG00000096717;ENSG00000097033;ENSG00000170027;ENSG00000149212;ENSG00000196455;ENSG00000132356;ENSG00000113742;ENSG00000103257;ENSG00000164924;ENSG00000171791;ENSG00000078142;ENSG00000126775;ENSG00000118689;ENSG00000181061;ENSG00000111203;ENSG00000183696;ENSG00000100219;ENSG00000163545;ENSG00000141682;ENSG00000106617;ENSG00000198198;ENSG00000117394;ENSG00000100330;ENSG00000132382;ENSG00000162409"
"GO","GOBP_POSITIVE_REGULATION_OF_CELL_JUNCTION_ASSEMBLY",0.00197033094122625,0.0301198219728763,0.431707695803346,-0.388406865806264,-1.59239990222629,102,"ENSG00000174469;ENSG00000141668;ENSG00000135298;ENSG00000154096;ENSG00000158258;ENSG00000185924;ENSG00000121871;ENSG00000173114;ENSG00000175928;ENSG00000099250;ENSG00000124313;ENSG00000067900;ENSG00000073712;ENSG00000040341;ENSG00000112715;ENSG00000153707;ENSG00000179915;ENSG00000097007;ENSG00000071054;ENSG00000206560;ENSG00000152208;ENSG00000154229;ENSG00000187764;ENSG00000139211;ENSG00000198908;ENSG00000166949;ENSG00000126500;ENSG00000186907;ENSG00000184349;ENSG00000196083;ENSG00000103319;ENSG00000115109;ENSG00000182580;ENSG00000148053;ENSG00000177508;ENSG00000185070;ENSG00000139567;ENSG00000181754;ENSG00000162951;ENSG00000171603;ENSG00000101126;ENSG00000169306;ENSG00000104332;ENSG00000154928;ENSG00000165699"
"GO","GOBP_REGULATION_OF_KERATINOCYTE_MIGRATION",0.00197966125485748,0.0301942928330965,0.431707695803346,-0.716149485444746,-1.85596786700977,13,"ENSG00000144711;ENSG00000168615;ENSG00000165527;ENSG00000071054;ENSG00000198793;ENSG00000166974;ENSG00000113070"
"GO","GOBP_CELLULAR_RESPONSE_TO_FLUID_SHEAR_STRESS",0.00200653548238931,0.0303309336757598,0.431707695803346,-0.510275501837258,-1.76224459792897,41,"ENSG00000173175;ENSG00000164742;ENSG00000170873;ENSG00000078295;ENSG00000138031;ENSG00000162104;ENSG00000073756;ENSG00000097007;ENSG00000198793;ENSG00000142875;ENSG00000162909;ENSG00000114302;ENSG00000171150;ENSG00000196396;ENSG00000108946;ENSG00000065243;ENSG00000169398;ENSG00000140992;ENSG00000100219;ENSG00000118762"
"GO","GOBP_REGULATION_OF_HIPPO_SIGNALING",0.00200653548238931,0.0303309336757598,0.431707695803346,-0.489755853690529,-1.72807711282724,45,"ENSG00000101109;ENSG00000129474;ENSG00000096717;ENSG00000128578;ENSG00000115808;ENSG00000052723;ENSG00000047644;ENSG00000196792;ENSG00000144560;ENSG00000163681;ENSG00000071054;ENSG00000113645;ENSG00000115540;ENSG00000112739"
"GO","GOBP_VENTRICULAR_SEPTUM_DEVELOPMENT",0.00199383596174606,0.0303309336757598,0.431707695803346,-0.429725705636234,-1.6525964983168,70,"ENSG00000124766;ENSG00000114251;ENSG00000117707;ENSG00000163513;ENSG00000164683;ENSG00000115170;ENSG00000114315;ENSG00000145147;ENSG00000163909;ENSG00000092148;ENSG00000069702;ENSG00000169641;ENSG00000107779;ENSG00000151748;ENSG00000168214;ENSG00000101665;ENSG00000185008;ENSG00000169855;ENSG00000081479;ENSG00000066468;ENSG00000127418;ENSG00000204217;ENSG00000100815;ENSG00000057657;ENSG00000157240;ENSG00000135766;ENSG00000135547;ENSG00000109685"
"GO","GOBP_SENSORY_ORGAN_MORPHOGENESIS",0.00199862444870082,0.0303309336757598,0.431707695803346,-0.306294725288416,-1.42410496535484,272,"ENSG00000124766;ENSG00000114251;ENSG00000101384;ENSG00000073711;ENSG00000154096;ENSG00000117707;ENSG00000204385;ENSG00000112893;ENSG00000102678;ENSG00000198963;ENSG00000165323;ENSG00000168389;ENSG00000137936;ENSG00000134245;ENSG00000138802;ENSG00000181965;ENSG00000138685;ENSG00000164066;ENSG00000218336;ENSG00000162998;ENSG00000148516;ENSG00000069188;ENSG00000100644;ENSG00000071909;ENSG00000120756;ENSG00000163558;ENSG00000140807;ENSG00000171316;ENSG00000040341;ENSG00000095464;ENSG00000112715;ENSG00000152359;ENSG00000125875;ENSG00000197579;ENSG00000180228;ENSG00000125398;ENSG00000182187;ENSG00000186716;ENSG00000196712;ENSG00000113966;ENSG00000171812;ENSG00000144749;ENSG00000164190;ENSG00000186862;ENSG00000100030;ENSG00000139263;ENSG00000064393;ENSG00000166147;ENSG00000107736;ENSG00000053918;ENSG00000164930;ENSG00000179941;ENSG00000104290;ENSG00000171791;ENSG00000116688;ENSG00000172845;ENSG00000066468;ENSG00000135049;ENSG00000172819;ENSG00000100811;ENSG00000204928;ENSG00000057657;ENSG00000179981;ENSG00000188428;ENSG00000168610;ENSG00000178764;ENSG00000160439;ENSG00000184349;ENSG00000163251;ENSG00000165533;ENSG00000168267"
"GO","GOBP_CYTOKINE_MEDIATED_SIGNALING_PATHWAY",0.00201552912316961,0.0303990272207229,0.431707695803346,-0.272036757882315,-1.32398047875353,444,"ENSG00000166888;ENSG00000104432;ENSG00000122756;ENSG00000114251;ENSG00000141655;ENSG00000159110;ENSG00000145675;ENSG00000138378;ENSG00000109320;ENSG00000186810;ENSG00000083799;ENSG00000154124;ENSG00000179295;ENSG00000096968;ENSG00000081237;ENSG00000116678;ENSG00000134352;ENSG00000096717;ENSG00000172349;ENSG00000163512;ENSG00000148154;ENSG00000144730;ENSG00000130508;ENSG00000111252;ENSG00000176749;ENSG00000028116;ENSG00000204120;ENSG00000081985;ENSG00000157500;ENSG00000145147;ENSG00000215788;ENSG00000100311;ENSG00000131323;ENSG00000125686;ENSG00000115904;ENSG00000100644;ENSG00000169047;ENSG00000060237;ENSG00000056558;ENSG00000198648;ENSG00000135108;ENSG00000120659;ENSG00000180008;ENSG00000118503;ENSG00000177463;ENSG00000111335;ENSG00000197372;ENSG00000151422;ENSG00000144648;ENSG00000151468;ENSG00000136044;ENSG00000138600;ENSG00000169248;ENSG00000144580;ENSG00000243646;ENSG00000127863;ENSG00000137845;ENSG00000113594;ENSG00000185728;ENSG00000117322;ENSG00000066336;ENSG00000164463;ENSG00000257103;ENSG00000180875;ENSG00000121966;ENSG00000174600;ENSG00000100784;ENSG00000100697;ENSG00000007168;ENSG00000131788;ENSG00000272398;ENSG00000100030;ENSG00000130402;ENSG00000170581;ENSG00000133703;ENSG00000169855;ENSG00000110395;ENSG00000162676;ENSG00000115604;ENSG00000104312;ENSG00000176170;ENSG00000182621;ENSG00000108691;ENSG00000174564;ENSG00000131724;ENSG00000157601;ENSG00000171150;ENSG00000182197;ENSG00000198791;ENSG00000152223;ENSG00000122641;ENSG00000164136;ENSG00000213341;ENSG00000197885;ENSG00000127955;ENSG00000175505;ENSG00000157193;ENSG00000196396;ENSG00000078140;ENSG00000118689;ENSG00000119401;ENSG00000111331;ENSG00000169756;ENSG00000168610;ENSG00000016402;ENSG00000162889;ENSG00000159346;ENSG00000160710"
"GO","GOMF_LIPID_KINASE_ACTIVITY",0.00204115458860948,0.0307171086090298,0.431707695803346,-0.515381850409953,-1.76699354623256,40,"ENSG00000145675;ENSG00000058866;ENSG00000100422;ENSG00000153933;ENSG00000143398;ENSG00000150867;ENSG00000157680;ENSG00000011405;ENSG00000038210;ENSG00000186111;ENSG00000133056;ENSG00000139144;ENSG00000176170;ENSG00000078142;ENSG00000149311;ENSG00000115020;ENSG00000188452;ENSG00000102780;ENSG00000136267;ENSG00000151151;ENSG00000274588;ENSG00000241973"
"GO","GOBP_POSITIVE_REGULATION_OF_CYTOSOLIC_CALCIUM_ION_CONCENTRATION",0.00205483151835797,0.0308535225536936,0.431707695803346,-0.351889162970397,-1.51123191568415,141,"ENSG00000171517;ENSG00000104369;ENSG00000173175;ENSG00000213694;ENSG00000141433;ENSG00000186810;ENSG00000096968;ENSG00000170214;ENSG00000004468;ENSG00000186912;ENSG00000187848;ENSG00000198843;ENSG00000198626;ENSG00000064547;ENSG00000197405;ENSG00000151882;ENSG00000092051;ENSG00000144648;ENSG00000153956;ENSG00000181104;ENSG00000097007;ENSG00000121966;ENSG00000174600;ENSG00000272398;ENSG00000126266;ENSG00000070018;ENSG00000144891;ENSG00000173918;ENSG00000108691;ENSG00000171791;ENSG00000156642;ENSG00000138448;ENSG00000109255;ENSG00000166573;ENSG00000183023;ENSG00000171522;ENSG00000004948;ENSG00000157837;ENSG00000166148;ENSG00000160951;ENSG00000112164;ENSG00000161610;ENSG00000137672;ENSG00000050628"
"GO","GOBP_POSITIVE_REGULATION_OF_IMMUNE_EFFECTOR_PROCESS",0.00205933139312899,0.0308535225536936,0.431707695803346,-0.317868932388012,-1.44574673248019,222,"ENSG00000159674;ENSG00000166888;ENSG00000114251;ENSG00000143641;ENSG00000165732;ENSG00000239732;ENSG00000081237;ENSG00000138623;ENSG00000096717;ENSG00000142867;ENSG00000007171;ENSG00000145868;ENSG00000203710;ENSG00000170027;ENSG00000073861;ENSG00000131015;ENSG00000198836;ENSG00000204256;ENSG00000179630;ENSG00000111981;ENSG00000151422;ENSG00000110066;ENSG00000136044;ENSG00000095002;ENSG00000079950;ENSG00000072274;ENSG00000132356;ENSG00000117586;ENSG00000126804;ENSG00000066336;ENSG00000134321;ENSG00000174953;ENSG00000103257;ENSG00000172940;ENSG00000184374;ENSG00000073008;ENSG00000039537;ENSG00000242574;ENSG00000067606;ENSG00000115604;ENSG00000104312;ENSG00000131724;ENSG00000117335;ENSG00000171150;ENSG00000080345;ENSG00000131019;ENSG00000078142;ENSG00000100393;ENSG00000136630;ENSG00000175505;ENSG00000160862;ENSG00000128590;ENSG00000049245;ENSG00000197943;ENSG00000033327;ENSG00000166747;ENSG00000182985;ENSG00000163251;ENSG00000109685;ENSG00000122512;ENSG00000157212;ENSG00000122376;ENSG00000100219"
"GO","GOBP_GLUTAMATE_RECEPTOR_SIGNALING_PATHWAY",0.00210062311162752,0.0313262753691356,0.431707695803346,-0.454498523912552,-1.70048947026351,60,"ENSG00000125675;ENSG00000010810;ENSG00000183454;ENSG00000182771;ENSG00000158445;ENSG00000149403;ENSG00000152578;ENSG00000176749;ENSG00000171867;ENSG00000139874;ENSG00000260230;ENSG00000152413;ENSG00000163873;ENSG00000171189;ENSG00000179915;ENSG00000113742;ENSG00000113262;ENSG00000102081;ENSG00000182621;ENSG00000108691;ENSG00000142192;ENSG00000152208;ENSG00000105464;ENSG00000179603;ENSG00000116032;ENSG00000162736"
"GO","GOBP_MOLTING_CYCLE",0.00209870255938966,0.0313262753691356,0.431707695803346,-0.381854802683734,-1.57459145313263,106,"ENSG00000114251;ENSG00000175893;ENSG00000134363;ENSG00000160588;ENSG00000062038;ENSG00000133794;ENSG00000167723;ENSG00000128602;ENSG00000037474;ENSG00000164066;ENSG00000134852;ENSG00000115904;ENSG00000084073;ENSG00000127863;ENSG00000130702;ENSG00000151748;ENSG00000125398;ENSG00000168214;ENSG00000196712;ENSG00000144749;ENSG00000164190;ENSG00000101311;ENSG00000006607;ENSG00000164930;ENSG00000104290;ENSG00000171791;ENSG00000182197;ENSG00000066468;ENSG00000064195;ENSG00000122641;ENSG00000171243;ENSG00000055917;ENSG00000173083;ENSG00000069482;ENSG00000203883;ENSG00000205213;ENSG00000125780"
"GO","GOBP_PHOSPHATIDYLINOSITOL_BIOSYNTHETIC_PROCESS",0.00210938889077464,0.0313262753691356,0.431707695803346,-0.36590675602492,-1.53294498997244,117,"ENSG00000003987;ENSG00000145675;ENSG00000122591;ENSG00000040933;ENSG00000174227;ENSG00000153933;ENSG00000143398;ENSG00000155744;ENSG00000100311;ENSG00000150867;ENSG00000277161;ENSG00000011405;ENSG00000165195;ENSG00000078269;ENSG00000108389;ENSG00000038210;ENSG00000196455;ENSG00000084710;ENSG00000198382;ENSG00000122126;ENSG00000087053;ENSG00000145740;ENSG00000186111;ENSG00000063601;ENSG00000133056;ENSG00000133731;ENSG00000104331;ENSG00000139144;ENSG00000159082;ENSG00000143315;ENSG00000078142;ENSG00000126775;ENSG00000157106;ENSG00000211456;ENSG00000109452;ENSG00000198825;ENSG00000060642;ENSG00000197943;ENSG00000149311;ENSG00000197121;ENSG00000115020"
"GO","GOBP_REGULATION_OF_JNK_CASCADE",0.00210525620666716,0.0313262753691356,0.431707695803346,-0.351359739431011,-1.50895824023793,141,"ENSG00000143507;ENSG00000114251;ENSG00000155760;ENSG00000141655;ENSG00000116106;ENSG00000239732;ENSG00000083799;ENSG00000135090;ENSG00000125249;ENSG00000140832;ENSG00000112679;ENSG00000154447;ENSG00000118523;ENSG00000165617;ENSG00000198961;ENSG00000141027;ENSG00000120659;ENSG00000177463;ENSG00000106692;ENSG00000197372;ENSG00000069702;ENSG00000015133;ENSG00000160551;ENSG00000127863;ENSG00000154310;ENSG00000071054;ENSG00000007168;ENSG00000064393;ENSG00000078747;ENSG00000197442;ENSG00000186063;ENSG00000104312;ENSG00000182621;ENSG00000142192;ENSG00000124743;ENSG00000178607;ENSG00000015171;ENSG00000137802;ENSG00000085276;ENSG00000196396;ENSG00000110422;ENSG00000147324;ENSG00000106100;ENSG00000075213;ENSG00000140443;ENSG00000104375"
"GO","GOBP_CHOLINE_TRANSPORT",0.00212255235621487,0.031452788963429,0.431707695803346,-0.742432500744148,-1.83753726450775,11,"ENSG00000204385;ENSG00000129353;ENSG00000115665;ENSG00000162769;ENSG00000070214"
"GO","GOBP_CARDIAC_VENTRICLE_MORPHOGENESIS",0.00214537839671631,0.0316313283884451,0.431707695803346,-0.451808926486311,-1.70717519723875,64,"ENSG00000124766;ENSG00000101384;ENSG00000117707;ENSG00000163513;ENSG00000164683;ENSG00000198626;ENSG00000096696;ENSG00000157168;ENSG00000163909;ENSG00000125686;ENSG00000100644;ENSG00000171316;ENSG00000069702;ENSG00000107779;ENSG00000168214;ENSG00000101665;ENSG00000081479;ENSG00000075223;ENSG00000066468;ENSG00000113196;ENSG00000057294;ENSG00000115363;ENSG00000152192;ENSG00000130939;ENSG00000135547"
"GO","GOBP_REGULATION_OF_INTRACELLULAR_STEROID_HORMONE_RECEPTOR_SIGNALING_PATHWAY",0.00214861356448387,0.0316313283884451,0.431707695803346,-0.422716054272598,-1.64206106688165,74,"ENSG00000144736;ENSG00000096717;ENSG00000133794;ENSG00000179218;ENSG00000014123;ENSG00000145604;ENSG00000127870;ENSG00000163909;ENSG00000134852;ENSG00000125686;ENSG00000141027;ENSG00000196792;ENSG00000008405;ENSG00000172817;ENSG00000144580;ENSG00000164463;ENSG00000131023;ENSG00000197256;ENSG00000143799;ENSG00000167258;ENSG00000100393;ENSG00000012048;ENSG00000167548;ENSG00000120686;ENSG00000125107;ENSG00000129514;ENSG00000256061;ENSG00000160310"
"GO","GOBP_EXPORT_ACROSS_PLASMA_MEMBRANE",0.00214400554545461,0.0316313283884451,0.431707695803346,-0.415466463293361,-1.63537100657771,80,"ENSG00000164626;ENSG00000103222;ENSG00000152049;ENSG00000104154;ENSG00000165029;ENSG00000125257;ENSG00000158445;ENSG00000075711;ENSG00000170385;ENSG00000085563;ENSG00000023839;ENSG00000114770;ENSG00000070961;ENSG00000130037;ENSG00000176076;ENSG00000176273;ENSG00000053918;ENSG00000067842;ENSG00000163399;ENSG00000123191;ENSG00000180509;ENSG00000163406;ENSG00000183023;ENSG00000137731;ENSG00000182132;ENSG00000198373;ENSG00000196660;ENSG00000017483;ENSG00000197375;ENSG00000124564;ENSG00000069869;ENSG00000080493"
"GO","GOMF_TRANSMEMBRANE_TRANSPORTER_BINDING",0.00220610562562127,0.0324072609473042,0.431707695803346,-0.349572714389852,-1.50128363823107,141,"ENSG00000051108;ENSG00000184588;ENSG00000174469;ENSG00000152049;ENSG00000169282;ENSG00000174437;ENSG00000010810;ENSG00000036828;ENSG00000175497;ENSG00000198743;ENSG00000158445;ENSG00000123104;ENSG00000198626;ENSG00000213585;ENSG00000129159;ENSG00000075711;ENSG00000171867;ENSG00000196924;ENSG00000164841;ENSG00000198648;ENSG00000152413;ENSG00000166006;ENSG00000176105;ENSG00000105711;ENSG00000176076;ENSG00000166257;ENSG00000198793;ENSG00000130402;ENSG00000152642;ENSG00000102081;ENSG00000053918;ENSG00000196632;ENSG00000163399;ENSG00000164924;ENSG00000047932;ENSG00000198420;ENSG00000057294;ENSG00000197386;ENSG00000180509;ENSG00000183023;ENSG00000176406;ENSG00000182132;ENSG00000198373"
"GO","GOBP_EPHRIN_RECEPTOR_SIGNALING_PATHWAY",0.00222927234075445,0.0326766932718379,0.431707695803346,-0.45819342682846,-1.65928498843298,52,"ENSG00000145242;ENSG00000160145;ENSG00000116106;ENSG00000010810;ENSG00000179295;ENSG00000143590;ENSG00000156299;ENSG00000176749;ENSG00000145715;ENSG00000146904;ENSG00000176105;ENSG00000141380;ENSG00000097007;ENSG00000168214;ENSG00000125266;ENSG00000064999;ENSG00000169398;ENSG00000066248;ENSG00000184349;ENSG00000182580;ENSG00000071051;ENSG00000102606;ENSG00000154928;ENSG00000077264;ENSG00000158092;ENSG00000185046;ENSG00000167193"
"GO","GOBP_POSITIVE_REGULATION_OF_EPITHELIAL_CELL_MIGRATION",0.00225572199397561,0.0329218735844888,0.431707695803346,-0.50059183427325,-1.74075782639993,42,"ENSG00000144711;ENSG00000163513;ENSG00000168615;ENSG00000165527;ENSG00000100644;ENSG00000074054;ENSG00000131375;ENSG00000125398;ENSG00000071054;ENSG00000136960;ENSG00000198793;ENSG00000163539;ENSG00000150760;ENSG00000166974;ENSG00000204217;ENSG00000113070;ENSG00000197943;ENSG00000169398;ENSG00000115109;ENSG00000103769;ENSG00000095203;ENSG00000122694;ENSG00000115310;ENSG00000147459"
"GO","GOBP_REGULATION_OF_RESPONSE_TO_ENDOPLASMIC_RETICULUM_STRESS",0.00225364674554097,0.0329218735844888,0.431707695803346,-0.395006836886288,-1.60329081123237,95,"ENSG00000051108;ENSG00000149428;ENSG00000044574;ENSG00000145050;ENSG00000145675;ENSG00000172071;ENSG00000096717;ENSG00000014123;ENSG00000158615;ENSG00000118217;ENSG00000178301;ENSG00000198836;ENSG00000111684;ENSG00000117020;ENSG00000132824;ENSG00000139921;ENSG00000164463;ENSG00000012174;ENSG00000198168;ENSG00000165188;ENSG00000142192;ENSG00000178607;ENSG00000135018;ENSG00000157613;ENSG00000189050;ENSG00000175197;ENSG00000153094;ENSG00000196396;ENSG00000128590;ENSG00000188021"
"GO","GOBP_POSITIVE_REGULATION_OF_AMYLOID_PRECURSOR_PROTEIN_CATABOLIC_PROCESS",0.00227019951597777,0.0330619163918311,0.431707695803346,-0.593525579576971,-1.80798044501055,24,"ENSG00000116106;ENSG00000143590;ENSG00000134318;ENSG00000185591;ENSG00000130203;ENSG00000010017;ENSG00000073921;ENSG00000164305;ENSG00000151229;ENSG00000142192"
"GO","GOBP_NEGATIVE_REGULATION_OF_PROTEIN_LOCALIZATION",0.00230716265702848,0.0334640696592478,0.431707695803346,-0.331935720458272,-1.48699346275816,193,"ENSG00000145242;ENSG00000131626;ENSG00000001630;ENSG00000117228;ENSG00000150457;ENSG00000179295;ENSG00000096968;ENSG00000113161;ENSG00000107362;ENSG00000198833;ENSG00000165527;ENSG00000123612;ENSG00000158445;ENSG00000118263;ENSG00000134318;ENSG00000150907;ENSG00000147164;ENSG00000135631;ENSG00000123374;ENSG00000046653;ENSG00000169047;ENSG00000213625;ENSG00000130203;ENSG00000060237;ENSG00000149295;ENSG00000166913;ENSG00000187446;ENSG00000128881;ENSG00000181104;ENSG00000066336;ENSG00000134321;ENSG00000128266;ENSG00000106484;ENSG00000082701;ENSG00000067141;ENSG00000196712;ENSG00000063978;ENSG00000173163;ENSG00000198168;ENSG00000073921;ENSG00000198793;ENSG00000120992;ENSG00000101311;ENSG00000131023;ENSG00000163032;ENSG00000086598;ENSG00000196632;ENSG00000136379;ENSG00000141367;ENSG00000142192;ENSG00000113648;ENSG00000164924;ENSG00000047932;ENSG00000149547;ENSG00000066027;ENSG00000120686"
"GO","GOBP_POSITIVE_REGULATION_OF_NEUROGENESIS",0.00230769647532025,0.0334640696592478,0.431707695803346,-0.325419750461012,-1.47332678709162,211,"ENSG00000171517;ENSG00000115414;ENSG00000116106;ENSG00000138311;ENSG00000112893;ENSG00000196549;ENSG00000106278;ENSG00000138623;ENSG00000134352;ENSG00000099250;ENSG00000156299;ENSG00000169032;ENSG00000128602;ENSG00000171533;ENSG00000131711;ENSG00000014123;ENSG00000114315;ENSG00000170385;ENSG00000139352;ENSG00000145147;ENSG00000174405;ENSG00000167178;ENSG00000100644;ENSG00000127603;ENSG00000135919;ENSG00000163558;ENSG00000149295;ENSG00000112902;ENSG00000157764;ENSG00000040341;ENSG00000112715;ENSG00000153707;ENSG00000008086;ENSG00000136040;ENSG00000065526;ENSG00000174953;ENSG00000121966;ENSG00000103257;ENSG00000100697;ENSG00000007168;ENSG00000198793;ENSG00000100503;ENSG00000185008;ENSG00000135387;ENSG00000169855;ENSG00000102081;ENSG00000104290;ENSG00000081479;ENSG00000004399;ENSG00000156642;ENSG00000204217;ENSG00000175505;ENSG00000187764;ENSG00000186298;ENSG00000157193;ENSG00000265763;ENSG00000119401;ENSG00000105186;ENSG00000173402;ENSG00000198742;ENSG00000131095;ENSG00000198908;ENSG00000184349;ENSG00000196584;ENSG00000103319;ENSG00000136603;ENSG00000148053;ENSG00000027075;ENSG00000184402;ENSG00000112531;ENSG00000149256;ENSG00000151615;ENSG00000181754;ENSG00000101126;ENSG00000174804;ENSG00000079246;ENSG00000105989;ENSG00000169306;ENSG00000100462;ENSG00000186868;ENSG00000065320;ENSG00000106683;ENSG00000133961;ENSG00000180613;ENSG00000168036"
"GO","GOBP_REGULATION_OF_AXONOGENESIS",0.00232637784114294,0.0336158890987218,0.431707695803346,-0.360527360957842,-1.54289044814123,138,"ENSG00000053108;ENSG00000171517;ENSG00000114251;ENSG00000115414;ENSG00000116106;ENSG00000154096;ENSG00000115993;ENSG00000138623;ENSG00000099250;ENSG00000156299;ENSG00000169032;ENSG00000171533;ENSG00000131711;ENSG00000078018;ENSG00000145147;ENSG00000127870;ENSG00000167178;ENSG00000127603;ENSG00000112902;ENSG00000157764;ENSG00000112715;ENSG00000163785;ENSG00000008086;ENSG00000136040;ENSG00000082701;ENSG00000137872;ENSG00000133104;ENSG00000007168;ENSG00000105426;ENSG00000100503;ENSG00000185008;ENSG00000169855;ENSG00000066084;ENSG00000173406;ENSG00000004399;ENSG00000204217;ENSG00000187764;ENSG00000198742;ENSG00000184349;ENSG00000160007;ENSG00000047597;ENSG00000136603;ENSG00000182580;ENSG00000148053;ENSG00000180370;ENSG00000010319;ENSG00000197892;ENSG00000151615;ENSG00000181754;ENSG00000101126;ENSG00000115310;ENSG00000186868;ENSG00000065320;ENSG00000039068;ENSG00000106683;ENSG00000077264;ENSG00000105429"
"GO","GOMF_PEPTIDE_BINDING",0.00232809391424993,0.0336158890987218,0.431707695803346,-0.329270777389618,-1.47907821830189,197,"ENSG00000125675;ENSG00000113389;ENSG00000174948;ENSG00000116106;ENSG00000166603;ENSG00000183454;ENSG00000180616;ENSG00000196549;ENSG00000188517;ENSG00000124789;ENSG00000089234;ENSG00000179218;ENSG00000170775;ENSG00000152578;ENSG00000137040;ENSG00000171867;ENSG00000139496;ENSG00000163697;ENSG00000108424;ENSG00000196911;ENSG00000179241;ENSG00000139874;ENSG00000130203;ENSG00000083312;ENSG00000034053;ENSG00000161021;ENSG00000125510;ENSG00000116133;ENSG00000249992;ENSG00000103257;ENSG00000205578;ENSG00000073921;ENSG00000137642;ENSG00000242574;ENSG00000065150;ENSG00000132911;ENSG00000164930;ENSG00000157978;ENSG00000107282;ENSG00000130164;ENSG00000114030;ENSG00000100196;ENSG00000157193;ENSG00000119912;ENSG00000116329;ENSG00000166573;ENSG00000154174;ENSG00000092068;ENSG00000004948;ENSG00000163251;ENSG00000110713;ENSG00000148408;ENSG00000196313;ENSG00000025800;ENSG00000169252;ENSG00000126010;ENSG00000102753;ENSG00000120251;ENSG00000157782;ENSG00000170075;ENSG00000171603;ENSG00000101126;ENSG00000158019;ENSG00000204642;ENSG00000174804;ENSG00000185467;ENSG00000204525;ENSG00000100739"
"GO","GOBP_NEGATIVE_REGULATION_OF_MICROTUBULE_DEPOLYMERIZATION",0.00233350608356596,0.0336223472295929,0.431707695803346,-0.560536283820839,-1.812002650911,31,"ENSG00000085433;ENSG00000131711;ENSG00000166503;ENSG00000166780;ENSG00000074054;ENSG00000100014;ENSG00000165175;ENSG00000118200;ENSG00000015133;ENSG00000160551;ENSG00000128881;ENSG00000067798;ENSG00000134982;ENSG00000163539"
"GO","GOBP_SIGNAL_RELEASE",0.00234746841849114,0.0337517115287091,0.431707695803346,-0.274848314155268,-1.34764296961199,478,"ENSG00000145242;ENSG00000124766;ENSG00000153162;ENSG00000173175;ENSG00000141655;ENSG00000182389;ENSG00000167034;ENSG00000272636;ENSG00000166603;ENSG00000174437;ENSG00000141433;ENSG00000143858;ENSG00000036828;ENSG00000179295;ENSG00000163618;ENSG00000096968;ENSG00000204385;ENSG00000165029;ENSG00000162992;ENSG00000116729;ENSG00000166128;ENSG00000145920;ENSG00000136573;ENSG00000004468;ENSG00000134352;ENSG00000133794;ENSG00000125257;ENSG00000123612;ENSG00000158445;ENSG00000007171;ENSG00000118263;ENSG00000198843;ENSG00000185002;ENSG00000150907;ENSG00000170385;ENSG00000144566;ENSG00000080644;ENSG00000135631;ENSG00000134852;ENSG00000064115;ENSG00000050438;ENSG00000120451;ENSG00000171560;ENSG00000100644;ENSG00000186472;ENSG00000185518;ENSG00000108576;ENSG00000169047;ENSG00000170743;ENSG00000148344;ENSG00000008405;ENSG00000120659;ENSG00000107560;ENSG00000129515;ENSG00000125814;ENSG00000149295;ENSG00000110090;ENSG00000112394;ENSG00000171316;ENSG00000157764;ENSG00000070087;ENSG00000181104;ENSG00000073756;ENSG00000138078;ENSG00000118260;ENSG00000186111;ENSG00000019505;ENSG00000147044;ENSG00000179915;ENSG00000089169;ENSG00000128266;ENSG00000164506;ENSG00000130037;ENSG00000068366;ENSG00000115839;ENSG00000134294;ENSG00000196712;ENSG00000152254;ENSG00000011347;ENSG00000140563;ENSG00000147100;ENSG00000151025;ENSG00000117139;ENSG00000142875;ENSG00000089060;ENSG00000251493;ENSG00000126266;ENSG00000163032;ENSG00000102081;ENSG00000144891;ENSG00000053918;ENSG00000104164;ENSG00000114646;ENSG00000173918;ENSG00000159082;ENSG00000148943;ENSG00000130477;ENSG00000091428;ENSG00000104321;ENSG00000109255;ENSG00000114739;ENSG00000165813;ENSG00000110881;ENSG00000122641;ENSG00000154229;ENSG00000163794;ENSG00000164326;ENSG00000144747;ENSG00000148660;ENSG00000164756;ENSG00000111450;ENSG00000069482;ENSG00000166263;ENSG00000065615;ENSG00000166573;ENSG00000167332;ENSG00000049245;ENSG00000102312;ENSG00000175387;ENSG00000147262;ENSG00000080298;ENSG00000078579;ENSG00000172375;ENSG00000176406;ENSG00000184349;ENSG00000120948;ENSG00000075073;ENSG00000175471;ENSG00000138814;ENSG00000156026;ENSG00000148408;ENSG00000169427"
"GO","GOBP_NEURONAL_STEM_CELL_POPULATION_MAINTENANCE",0.00236980325135074,0.0340006517333627,0.431707695803346,-0.625507035416989,-1.86122957830841,22,"ENSG00000101384;ENSG00000117707;ENSG00000170558;ENSG00000085433;ENSG00000181449;ENSG00000114315;ENSG00000150907;ENSG00000141380"
"GO","GOBP_POSITIVE_REGULATION_OF_AUTOPHAGY",0.00237728015530146,0.0340358165152251,0.431707695803346,-0.342291371861503,-1.49652829209345,159,"ENSG00000176641;ENSG00000011465;ENSG00000152137;ENSG00000239732;ENSG00000148158;ENSG00000096717;ENSG00000196730;ENSG00000169032;ENSG00000097033;ENSG00000181555;ENSG00000014123;ENSG00000213585;ENSG00000102096;ENSG00000147894;ENSG00000150907;ENSG00000090054;ENSG00000118217;ENSG00000108100;ENSG00000150867;ENSG00000100644;ENSG00000067900;ENSG00000011405;ENSG00000100596;ENSG00000112561;ENSG00000159399;ENSG00000149212;ENSG00000164938;ENSG00000198382;ENSG00000132356;ENSG00000118873;ENSG00000082701;ENSG00000115839;ENSG00000204977;ENSG00000130147;ENSG00000147649;ENSG00000198168;ENSG00000113595;ENSG00000165943;ENSG00000104312;ENSG00000176994;ENSG00000104765;ENSG00000077721;ENSG00000168092;ENSG00000048707;ENSG00000173083;ENSG00000197386;ENSG00000127481;ENSG00000118689;ENSG00000119401;ENSG00000080561;ENSG00000077254;ENSG00000116299"
"GO","GOBP_CELL_FATE_COMMITMENT",0.0023826718027554,0.0340410410300835,0.431707695803346,-0.307417250750327,-1.42413426403635,260,"ENSG00000166888;ENSG00000104432;ENSG00000114251;ENSG00000155760;ENSG00000064655;ENSG00000101384;ENSG00000117707;ENSG00000150457;ENSG00000083799;ENSG00000138136;ENSG00000162992;ENSG00000107187;ENSG00000134352;ENSG00000084733;ENSG00000115844;ENSG00000099250;ENSG00000128602;ENSG00000115170;ENSG00000181449;ENSG00000114315;ENSG00000134245;ENSG00000181965;ENSG00000138685;ENSG00000139352;ENSG00000073861;ENSG00000198836;ENSG00000204256;ENSG00000174197;ENSG00000177103;ENSG00000134371;ENSG00000153266;ENSG00000157764;ENSG00000107779;ENSG00000134982;ENSG00000125398;ENSG00000168214;ENSG00000253729;ENSG00000198793;ENSG00000164305;ENSG00000131023;ENSG00000140682;ENSG00000113658;ENSG00000124664;ENSG00000135047;ENSG00000185551;ENSG00000187098;ENSG00000162521;ENSG00000157557;ENSG00000171791;ENSG00000182197;ENSG00000066468;ENSG00000137815;ENSG00000100393;ENSG00000171243;ENSG00000116641;ENSG00000158955;ENSG00000204217;ENSG00000185920;ENSG00000203883;ENSG00000152192;ENSG00000150093;ENSG00000057657;ENSG00000129514;ENSG00000168610;ENSG00000175387;ENSG00000104413;ENSG00000135547;ENSG00000168267;ENSG00000198730;ENSG00000119547"
"GO","GOBP_PROTEIN_RNA_COMPLEX_ORGANIZATION",0.00241500551341196,0.0344303522880543,0.431707695803346,0.321556412150831,1.44071670018012,249,"ENSG00000205609;ENSG00000183199;ENSG00000126254;ENSG00000104852;ENSG00000232119;ENSG00000140488;ENSG00000105373;ENSG00000132109;ENSG00000100319;ENSG00000184281;ENSG00000177954;ENSG00000105248;ENSG00000100353;ENSG00000186166;ENSG00000184209;ENSG00000242372;ENSG00000137656;ENSG00000175390;ENSG00000152147;ENSG00000101161;ENSG00000139546;ENSG00000115268;ENSG00000104872;ENSG00000140830;ENSG00000172809;ENSG00000142541;ENSG00000142252;ENSG00000114391;ENSG00000124562;ENSG00000100138;ENSG00000183431;ENSG00000169976;ENSG00000183207;ENSG00000156928;ENSG00000142676;ENSG00000148824;ENSG00000104897;ENSG00000164587;ENSG00000149806;ENSG00000233927;ENSG00000101546;ENSG00000179041;ENSG00000132591;ENSG00000168028;ENSG00000122406;ENSG00000178982;ENSG00000134597;ENSG00000100294;ENSG00000159409;ENSG00000165792;ENSG00000111640;ENSG00000115128;ENSG00000273611;ENSG00000174243;ENSG00000178952;ENSG00000105372;ENSG00000130826;ENSG00000182004;ENSG00000175467;ENSG00000131876;ENSG00000154548;ENSG00000172062;ENSG00000053372;ENSG00000125743;ENSG00000182841;ENSG00000197498;ENSG00000007392;ENSG00000179950;ENSG00000116455;ENSG00000105618;ENSG00000090470;ENSG00000169217;ENSG00000117569;ENSG00000163156;ENSG00000189306;ENSG00000084623;ENSG00000143368;ENSG00000184343;ENSG00000130811;ENSG00000169249;ENSG00000101181;ENSG00000087365;ENSG00000204392;ENSG00000046647;ENSG00000117616;ENSG00000178605;ENSG00000241945;ENSG00000004779;ENSG00000224411;ENSG00000140939"
"GO","GOBP_GLAND_MORPHOGENESIS",0.00242098347975284,0.0344430674892568,0.431707695803346,-0.370215103347952,-1.56044520088401,123,"ENSG00000166888;ENSG00000114251;ENSG00000109320;ENSG00000167034;ENSG00000117707;ENSG00000163513;ENSG00000128791;ENSG00000099250;ENSG00000159184;ENSG00000125686;ENSG00000128714;ENSG00000011114;ENSG00000118503;ENSG00000172817;ENSG00000107798;ENSG00000130702;ENSG00000166167;ENSG00000125398;ENSG00000003402;ENSG00000169018;ENSG00000113580;ENSG00000117139;ENSG00000171791;ENSG00000004399;ENSG00000075223;ENSG00000172216;ENSG00000066468;ENSG00000171243;ENSG00000172819;ENSG00000185920;ENSG00000111087;ENSG00000129514;ENSG00000173402;ENSG00000036257;ENSG00000188909;ENSG00000197461;ENSG00000100219;ENSG00000171509;ENSG00000137573;ENSG00000162337;ENSG00000185737;ENSG00000112378;ENSG00000115310;ENSG00000114554;ENSG00000065320;ENSG00000104332;ENSG00000082175;ENSG00000109670;ENSG00000206075;ENSG00000105707;ENSG00000115461"
"GO","GOCC_ACTIN_CYTOSKELETON",0.00243261974137252,0.0345360605630496,0.431707695803346,-0.270113991066125,-1.32445739898213,477,"ENSG00000064042;ENSG00000160145;ENSG00000114166;ENSG00000077063;ENSG00000118407;ENSG00000171914;ENSG00000144834;ENSG00000065534;ENSG00000138594;ENSG00000140795;ENSG00000170946;ENSG00000010810;ENSG00000117228;ENSG00000115641;ENSG00000170558;ENSG00000198947;ENSG00000157483;ENSG00000170873;ENSG00000051523;ENSG00000172403;ENSG00000100592;ENSG00000075618;ENSG00000130340;ENSG00000144821;ENSG00000196730;ENSG00000105887;ENSG00000112679;ENSG00000144824;ENSG00000183091;ENSG00000103187;ENSG00000198929;ENSG00000117519;ENSG00000128872;ENSG00000172137;ENSG00000196924;ENSG00000144566;ENSG00000166086;ENSG00000120913;ENSG00000039560;ENSG00000152778;ENSG00000162614;ENSG00000124209;ENSG00000138758;ENSG00000154493;ENSG00000127603;ENSG00000157540;ENSG00000071909;ENSG00000120756;ENSG00000058272;ENSG00000082805;ENSG00000158528;ENSG00000061676;ENSG00000116489;ENSG00000100014;ENSG00000133026;ENSG00000073712;ENSG00000170776;ENSG00000151422;ENSG00000144648;ENSG00000197535;ENSG00000169641;ENSG00000176105;ENSG00000136842;ENSG00000066933;ENSG00000129116;ENSG00000211455;ENSG00000167460;ENSG00000197045;ENSG00000147044;ENSG00000070182;ENSG00000097007;ENSG00000127946;ENSG00000151239;ENSG00000120729;ENSG00000110031;ENSG00000145555;ENSG00000186522;ENSG00000137710;ENSG00000138071;ENSG00000164741;ENSG00000167306;ENSG00000124429;ENSG00000222038;ENSG00000050405;ENSG00000130402;ENSG00000183688;ENSG00000151914;ENSG00000143079;ENSG00000173210;ENSG00000131966;ENSG00000105738;ENSG00000136205;ENSG00000162909;ENSG00000104164;ENSG00000099204;ENSG00000128641;ENSG00000077157;ENSG00000104067;ENSG00000133030;ENSG00000103335;ENSG00000104671;ENSG00000143776;ENSG00000132912;ENSG00000052841;ENSG00000132613;ENSG00000079819;ENSG00000035403;ENSG00000196876;ENSG00000170248;ENSG00000133627;ENSG00000149488;ENSG00000173517;ENSG00000197429;ENSG00000079482;ENSG00000143549;ENSG00000081320;ENSG00000109466;ENSG00000128833;ENSG00000122545;ENSG00000182957;ENSG00000115935;ENSG00000153317;ENSG00000106789;ENSG00000169398;ENSG00000130595;ENSG00000198898;ENSG00000277443;ENSG00000154556;ENSG00000180209;ENSG00000136167;ENSG00000160007;ENSG00000115091;ENSG00000165119;ENSG00000107863"
"GO","GOMF_PROTEIN_DISULFIDE_REDUCTASE_ACTIVITY",0.00245126609094772,0.0346088001868,0.431707695803346,-0.531589203632173,-1.77947332594854,36,"ENSG00000155660;ENSG00000143870;ENSG00000198431;ENSG00000198843;ENSG00000169583;ENSG00000185615;ENSG00000010327;ENSG00000077232;ENSG00000139921;ENSG00000086619;ENSG00000167004;ENSG00000166479;ENSG00000197930;ENSG00000065485;ENSG00000239264;ENSG00000197763"
"GO","GOBP_PROTEIN_EXIT_FROM_ENDOPLASMIC_RETICULUM",0.00244918345195796,0.0346088001868,0.431707695803346,-0.460041558395379,-1.7140577157613,58,"ENSG00000051108;ENSG00000166598;ENSG00000071537;ENSG00000134109;ENSG00000198833;ENSG00000113194;ENSG00000138802;ENSG00000150961;ENSG00000144468;ENSG00000120341;ENSG00000171763;ENSG00000182107;ENSG00000198168;ENSG00000137642;ENSG00000135968;ENSG00000074695;ENSG00000138674;ENSG00000136986;ENSG00000101337;ENSG00000079332;ENSG00000150527;ENSG00000165280;ENSG00000072849"
"GO","GOMF_PHOSPHOLIPID_TRANSPORTER_ACTIVITY",0.00245307502800709,0.0346088001868,0.431707695803346,-0.407744495861141,-1.60227314848751,79,"ENSG00000144909;ENSG00000166471;ENSG00000165029;ENSG00000138688;ENSG00000168389;ENSG00000143515;ENSG00000058063;ENSG00000085563;ENSG00000106086;ENSG00000114698;ENSG00000177119;ENSG00000144645;ENSG00000139641;ENSG00000068650;ENSG00000091039;ENSG00000132824;ENSG00000116171;ENSG00000101166;ENSG00000117859;ENSG00000182107;ENSG00000186314;ENSG00000188313;ENSG00000130270;ENSG00000118322;ENSG00000124406;ENSG00000062716;ENSG00000172375;ENSG00000181652;ENSG00000081923;ENSG00000141179;ENSG00000174238;ENSG00000021762;ENSG00000113163;ENSG00000112697;ENSG00000221947;ENSG00000110048;ENSG00000132932"
"GO","GOBP_RETINA_MORPHOGENESIS_IN_CAMERA_TYPE_EYE",0.00248026579733665,0.0349196673171804,0.431707695803346,-0.425254188338158,-1.61454076188304,66,"ENSG00000154096;ENSG00000117707;ENSG00000112893;ENSG00000198963;ENSG00000165323;ENSG00000168389;ENSG00000069188;ENSG00000095464;ENSG00000197579;ENSG00000125398;ENSG00000113966;ENSG00000064393;ENSG00000179941;ENSG00000057657;ENSG00000178764;ENSG00000160439;ENSG00000165533;ENSG00000168267;ENSG00000148053;ENSG00000177707;ENSG00000008196;ENSG00000162337;ENSG00000175544;ENSG00000198719;ENSG00000146555;ENSG00000132932;ENSG00000133424;ENSG00000104327"
"GO","GOBP_REGULATION_OF_INTRACELLULAR_PROTEIN_TRANSPORT",0.00254712080188392,0.0356386406412354,0.431707695803346,-0.35940110121983,-1.55564289718237,149,"ENSG00000134109;ENSG00000145675;ENSG00000117280;ENSG00000179295;ENSG00000096968;ENSG00000198833;ENSG00000128602;ENSG00000164151;ENSG00000104219;ENSG00000152332;ENSG00000138802;ENSG00000139496;ENSG00000196924;ENSG00000150961;ENSG00000132953;ENSG00000120341;ENSG00000166913;ENSG00000187446;ENSG00000143450;ENSG00000166579;ENSG00000082701;ENSG00000196712;ENSG00000182107;ENSG00000173163;ENSG00000164402;ENSG00000198168;ENSG00000137642;ENSG00000101311;ENSG00000065150;ENSG00000135968;ENSG00000137770;ENSG00000112739;ENSG00000114346;ENSG00000104517;ENSG00000149547;ENSG00000100393;ENSG00000138674;ENSG00000120686;ENSG00000101337;ENSG00000196396;ENSG00000171033;ENSG00000179841;ENSG00000079332;ENSG00000166949;ENSG00000006740;ENSG00000136167;ENSG00000120948;ENSG00000072849;ENSG00000009694;ENSG00000184304;ENSG00000112210;ENSG00000100219;ENSG00000112425;ENSG00000113615;ENSG00000077458;ENSG00000112062;ENSG00000157782;ENSG00000068912;ENSG00000107882;ENSG00000198707;ENSG00000138376;ENSG00000112697;ENSG00000163932;ENSG00000184787;ENSG00000039068"
"GO","GOBP_REGULATION_OF_POSTSYNAPTIC_MEMBRANE_NEUROTRANSMITTER_RECEPTOR_LEVELS",0.00254485890351315,0.0356386406412354,0.431707695803346,-0.369119725651105,-1.53876751986573,114,"ENSG00000144711;ENSG00000109189;ENSG00000182771;ENSG00000125249;ENSG00000169032;ENSG00000129204;ENSG00000157168;ENSG00000104219;ENSG00000075711;ENSG00000183098;ENSG00000260230;ENSG00000124313;ENSG00000221823;ENSG00000112851;ENSG00000163558;ENSG00000129515;ENSG00000171208;ENSG00000082397;ENSG00000137845;ENSG00000072274;ENSG00000006451;ENSG00000165985;ENSG00000127946;ENSG00000076716;ENSG00000137710;ENSG00000259207;ENSG00000185009;ENSG00000166900;ENSG00000143376;ENSG00000125266;ENSG00000085832;ENSG00000152208;ENSG00000198576;ENSG00000138138;ENSG00000198561;ENSG00000079482;ENSG00000211456;ENSG00000173402;ENSG00000114423;ENSG00000147162;ENSG00000150672;ENSG00000102312;ENSG00000006740;ENSG00000156599;ENSG00000155974;ENSG00000103769;ENSG00000151491;ENSG00000151502"
"GO","GOBP_ANTERIOR_POSTERIOR_PATTERN_SPECIFICATION",0.0025409288465496,0.0356386406412354,0.431707695803346,-0.332265863426561,-1.4893184869403,194,"ENSG00000114251;ENSG00000073711;ENSG00000167034;ENSG00000162992;ENSG00000116729;ENSG00000164683;ENSG00000101752;ENSG00000128602;ENSG00000125878;ENSG00000253293;ENSG00000114315;ENSG00000134245;ENSG00000139174;ENSG00000181965;ENSG00000163909;ENSG00000078246;ENSG00000134107;ENSG00000128714;ENSG00000118058;ENSG00000061676;ENSG00000140807;ENSG00000153266;ENSG00000163389;ENSG00000107779;ENSG00000076356;ENSG00000168214;ENSG00000143126;ENSG00000253729;ENSG00000083093;ENSG00000171634;ENSG00000121989;ENSG00000064393;ENSG00000136754;ENSG00000185551;ENSG00000086598;ENSG00000157557;ENSG00000168283;ENSG00000138795;ENSG00000075223;ENSG00000198576;ENSG00000114739;ENSG00000100393;ENSG00000172819;ENSG00000099942;ENSG00000179111;ENSG00000173253;ENSG00000100811;ENSG00000204217;ENSG00000184634;ENSG00000175197;ENSG00000140479;ENSG00000179981;ENSG00000175387;ENSG00000149311;ENSG00000166949;ENSG00000197121;ENSG00000135547;ENSG00000163251;ENSG00000196584;ENSG00000157933;ENSG00000115109"
"GO","GOMF_PROTEIN_KINASE_A_CATALYTIC_SUBUNIT_BINDING",0.00257828045714655,0.0360002376408173,0.431707695803346,-0.706787480430236,-1.83170536200088,13,"ENSG00000128602;ENSG00000198626;ENSG00000125398;ENSG00000082701;ENSG00000053918;ENSG00000114302;ENSG00000108946;ENSG00000171033"
"GO","GOMF_DEUBIQUITINASE_ACTIVITY",0.00263540500653271,0.0367221454819743,0.431707695803346,-0.38427900510636,-1.56270099363524,97,"ENSG00000109189;ENSG00000135093;ENSG00000083799;ENSG00000154124;ENSG00000152484;ENSG00000129204;ENSG00000175073;ENSG00000048028;ENSG00000118503;ENSG00000170185;ENSG00000148481;ENSG00000124486;ENSG00000123552;ENSG00000114374;ENSG00000138592;ENSG00000128923;ENSG00000115464;ENSG00000103404;ENSG00000089723;ENSG00000162402;ENSG00000106346;ENSG00000135913;ENSG00000101901;ENSG00000170832;ENSG00000121644;ENSG00000145390;ENSG00000170242;ENSG00000019995;ENSG00000162607;ENSG00000077254;ENSG00000085982;ENSG00000135655;ENSG00000174231;ENSG00000164663;ENSG00000162601;ENSG00000116750;ENSG00000169914;ENSG00000247746;ENSG00000170236;ENSG00000187555;ENSG00000273820"
"GO","GOMF_KINASE_INHIBITOR_ACTIVITY",0.00267082310175878,0.0371392485525882,0.431707695803346,-0.395141931454799,-1.61004344848166,98,"ENSG00000044574;ENSG00000071575;ENSG00000102580;ENSG00000114166;ENSG00000124126;ENSG00000148841;ENSG00000081237;ENSG00000135090;ENSG00000131370;ENSG00000128602;ENSG00000112679;ENSG00000198961;ENSG00000170027;ENSG00000145192;ENSG00000166913;ENSG00000187446;ENSG00000197045;ENSG00000167264;ENSG00000137494;ENSG00000164305;ENSG00000005700;ENSG00000070018;ENSG00000176994;ENSG00000114302;ENSG00000113648;ENSG00000066027;ENSG00000108946;ENSG00000171033;ENSG00000147883;ENSG00000129757;ENSG00000100744"
"GO","GOMF_MINUS_END_DIRECTED_MICROTUBULE_MOTOR_ACTIVITY",0.00271122991076562,0.0376162422657224,0.431707695803346,-0.671673901347603,-1.83075576747371,16,"ENSG00000158486;ENSG00000187240;ENSG00000118997;ENSG00000115423;ENSG00000197653;ENSG00000114841;ENSG00000183914;ENSG00000197102"
"GO","GOBP_INTRACELLULAR_STEROL_TRANSPORT",0.0027273442044403,0.0376162422657224,0.431707695803346,-0.541254945739522,-1.77542131786337,33,"ENSG00000164211;ENSG00000169174;ENSG00000165029;ENSG00000141458;ENSG00000134108;ENSG00000153989;ENSG00000150867;ENSG00000122335;ENSG00000116171;ENSG00000173409;ENSG00000011347;ENSG00000157978;ENSG00000130164;ENSG00000134444;ENSG00000147465;ENSG00000023171"
"GO","GOBP_INTRACELLULAR_LIPID_TRANSPORT",0.00272329769968594,0.0376162422657224,0.431707695803346,-0.486226709436105,-1.73669555838325,48,"ENSG00000164211;ENSG00000169174;ENSG00000166471;ENSG00000165029;ENSG00000141458;ENSG00000126821;ENSG00000134108;ENSG00000153989;ENSG00000106086;ENSG00000150867;ENSG00000122335;ENSG00000110090;ENSG00000116171;ENSG00000117528;ENSG00000173409;ENSG00000011347;ENSG00000157978;ENSG00000130164;ENSG00000134444;ENSG00000147465;ENSG00000023171"
"GO","GOBP_DIENCEPHALON_DEVELOPMENT",0.00272057112140121,0.0376162422657224,0.431707695803346,-0.415590406539153,-1.61438114178503,74,"ENSG00000174469;ENSG00000114251;ENSG00000145545;ENSG00000107187;ENSG00000099250;ENSG00000128602;ENSG00000181449;ENSG00000114315;ENSG00000129159;ENSG00000138685;ENSG00000149295;ENSG00000166006;ENSG00000112902;ENSG00000118260;ENSG00000107779;ENSG00000168214;ENSG00000115839;ENSG00000104164;ENSG00000084676;ENSG00000118257;ENSG00000111087;ENSG00000152192;ENSG00000112238;ENSG00000153234;ENSG00000277893;ENSG00000177551;ENSG00000134438;ENSG00000114554;ENSG00000039068;ENSG00000134595;ENSG00000168036;ENSG00000170381;ENSG00000105953;ENSG00000173376;ENSG00000171540"
"GO","GOBP_KERATINOCYTE_MIGRATION",0.00275757460226092,0.0377338113015573,0.431707695803346,-0.670245405807614,-1.82686217202003,16,"ENSG00000144711;ENSG00000168615;ENSG00000165527;ENSG00000213906;ENSG00000071054;ENSG00000198793;ENSG00000101311;ENSG00000166974;ENSG00000113070"
"GO","GOBP_CELLULAR_RESPONSE_TO_PROSTAGLANDIN_E_STIMULUS",0.00275815661462949,0.0377338113015573,0.431707695803346,-0.635043214870464,-1.7911306008207,18,"ENSG00000186912;ENSG00000278540;ENSG00000163453;ENSG00000132356;ENSG00000117586;ENSG00000186469;ENSG00000078369;ENSG00000171522;ENSG00000104332;ENSG00000162409;ENSG00000171132;ENSG00000087460"
"GO","GOBP_PROTEIN_ACYLATION",0.00275246755508103,0.0377338113015573,0.431707695803346,-0.43315272830045,-1.65702297509883,68,"ENSG00000114166;ENSG00000184307;ENSG00000153046;ENSG00000175893;ENSG00000163884;ENSG00000096717;ENSG00000133794;ENSG00000150907;ENSG00000104219;ENSG00000134852;ENSG00000141446;ENSG00000136504;ENSG00000186908;ENSG00000083168;ENSG00000147533;ENSG00000005339;ENSG00000135821;ENSG00000138032;ENSG00000180776;ENSG00000066084;ENSG00000176170;ENSG00000121579;ENSG00000100393;ENSG00000160305;ENSG00000102312;ENSG00000177669;ENSG00000113811;ENSG00000156599;ENSG00000100219"
"GO","GOBP_RESPONSE_TO_XENOBIOTIC_STIMULUS",0.00275484506503733,0.0377338113015573,0.431707695803346,-0.277807046874129,-1.33173475659214,366,"ENSG00000171428;ENSG00000103222;ENSG00000184588;ENSG00000137491;ENSG00000069667;ENSG00000188641;ENSG00000167034;ENSG00000143921;ENSG00000010810;ENSG00000183454;ENSG00000163513;ENSG00000165029;ENSG00000051523;ENSG00000141458;ENSG00000001084;ENSG00000203737;ENSG00000063438;ENSG00000145545;ENSG00000004468;ENSG00000101096;ENSG00000198246;ENSG00000125257;ENSG00000179218;ENSG00000007171;ENSG00000116285;ENSG00000137936;ENSG00000131711;ENSG00000197165;ENSG00000160868;ENSG00000129159;ENSG00000139174;ENSG00000171867;ENSG00000197275;ENSG00000143365;ENSG00000139687;ENSG00000085563;ENSG00000103018;ENSG00000146535;ENSG00000108576;ENSG00000023839;ENSG00000058272;ENSG00000149295;ENSG00000114770;ENSG00000110090;ENSG00000107798;ENSG00000157764;ENSG00000023909;ENSG00000163586;ENSG00000141380;ENSG00000072274;ENSG00000132356;ENSG00000118260;ENSG00000097007;ENSG00000134240;ENSG00000144959;ENSG00000259207;ENSG00000175054;ENSG00000117528;ENSG00000131183;ENSG00000164305;ENSG00000148700;ENSG00000053918;ENSG00000104164;ENSG00000187134;ENSG00000104290;ENSG00000163399;ENSG00000171791;ENSG00000178921;ENSG00000075223;ENSG00000104321;ENSG00000149547;ENSG00000171793;ENSG00000198900;ENSG00000099942;ENSG00000177076;ENSG00000089050;ENSG00000102699;ENSG00000106546;ENSG00000185920;ENSG00000069482;ENSG00000118689;ENSG00000110436;ENSG00000144827;ENSG00000157240"
"GO","GOBP_POSITIVE_REGULATION_OF_MOLECULAR_FUNCTION",0.00278670033437275,0.0380474489201054,0.431707695803346,-0.269614050516276,-1.31227186309456,439,"ENSG00000171094;ENSG00000131979;ENSG00000109756;ENSG00000108960;ENSG00000141506;ENSG00000114251;ENSG00000135905;ENSG00000118515;ENSG00000090520;ENSG00000185483;ENSG00000088387;ENSG00000154096;ENSG00000170946;ENSG00000141433;ENSG00000096968;ENSG00000081237;ENSG00000162992;ENSG00000173848;ENSG00000164742;ENSG00000111490;ENSG00000151893;ENSG00000135090;ENSG00000130340;ENSG00000107036;ENSG00000081377;ENSG00000096717;ENSG00000107643;ENSG00000142867;ENSG00000105887;ENSG00000169032;ENSG00000177688;ENSG00000137936;ENSG00000071189;ENSG00000114315;ENSG00000143398;ENSG00000157168;ENSG00000170471;ENSG00000185482;ENSG00000203710;ENSG00000181965;ENSG00000138685;ENSG00000139687;ENSG00000174373;ENSG00000150347;ENSG00000186660;ENSG00000100311;ENSG00000108100;ENSG00000134852;ENSG00000088280;ENSG00000156427;ENSG00000056558;ENSG00000163558;ENSG00000082805;ENSG00000107560;ENSG00000101843;ENSG00000151422;ENSG00000198176;ENSG00000165175;ENSG00000132256;ENSG00000187446;ENSG00000124486;ENSG00000105711;ENSG00000082146;ENSG00000125875;ENSG00000166579;ENSG00000005100;ENSG00000140450;ENSG00000153879;ENSG00000082701;ENSG00000186716;ENSG00000109689;ENSG00000133059;ENSG00000152422;ENSG00000196712;ENSG00000100784;ENSG00000115966;ENSG00000147649;ENSG00000198793;ENSG00000130402;ENSG00000136754;ENSG00000067606;ENSG00000188559;ENSG00000114346;ENSG00000145979;ENSG00000148429;ENSG00000115604;ENSG00000183323;ENSG00000196632;ENSG00000176170;ENSG00000148908;ENSG00000114302;ENSG00000141198;ENSG00000168283;ENSG00000188313;ENSG00000097096;ENSG00000066468;ENSG00000150756;ENSG00000100393;ENSG00000132613;ENSG00000213341;ENSG00000198420;ENSG00000187764;ENSG00000119912;ENSG00000108946;ENSG00000152192;ENSG00000150093;ENSG00000111961;ENSG00000129514;ENSG00000183049;ENSG00000133119;ENSG00000146085;ENSG00000135002;ENSG00000106100;ENSG00000115355;ENSG00000130595;ENSG00000062716"
"GO","GOMF_KINASE_ACTIVATOR_ACTIVITY",0.00283316526033021,0.0385264962709964,0.431707695803346,-0.344297091485678,-1.49400596929258,152,"ENSG00000171094;ENSG00000145675;ENSG00000101109;ENSG00000117280;ENSG00000151883;ENSG00000114978;ENSG00000129474;ENSG00000163513;ENSG00000164327;ENSG00000134352;ENSG00000142867;ENSG00000169032;ENSG00000100583;ENSG00000091436;ENSG00000176749;ENSG00000157168;ENSG00000113522;ENSG00000169129;ENSG00000108100;ENSG00000060237;ENSG00000215301;ENSG00000073712;ENSG00000112715;ENSG00000160551;ENSG00000082146;ENSG00000151748;ENSG00000097007;ENSG00000104320;ENSG00000173542;ENSG00000129315;ENSG00000272398;ENSG00000109270;ENSG00000136754;ENSG00000163781;ENSG00000138617;ENSG00000225830;ENSG00000153201;ENSG00000141198;ENSG00000114739"
"GO","GOBP_ERK1_AND_ERK2_CASCADE",0.0028286910341796,0.0385264962709964,0.431707695803346,-0.298690016214978,-1.3919062734595,278,"ENSG00000106070;ENSG00000143507;ENSG00000109756;ENSG00000115414;ENSG00000141655;ENSG00000116106;ENSG00000239732;ENSG00000141433;ENSG00000117228;ENSG00000092421;ENSG00000111846;ENSG00000198252;ENSG00000036828;ENSG00000179295;ENSG00000113161;ENSG00000081237;ENSG00000186265;ENSG00000138623;ENSG00000099250;ENSG00000135077;ENSG00000169032;ENSG00000116285;ENSG00000118523;ENSG00000164619;ENSG00000197405;ENSG00000157168;ENSG00000075711;ENSG00000138685;ENSG00000100311;ENSG00000141441;ENSG00000171560;ENSG00000156427;ENSG00000130203;ENSG00000186908;ENSG00000135108;ENSG00000120659;ENSG00000136235;ENSG00000149295;ENSG00000073712;ENSG00000196937;ENSG00000069702;ENSG00000157764;ENSG00000112715;ENSG00000181104;ENSG00000010017;ENSG00000179915;ENSG00000125398;ENSG00000097007;ENSG00000133059;ENSG00000196712;ENSG00000105835;ENSG00000003402;ENSG00000259207;ENSG00000120875;ENSG00000174928;ENSG00000100030;ENSG00000067606;ENSG00000104312;ENSG00000142192;ENSG00000164924;ENSG00000066468;ENSG00000138448;ENSG00000122641;ENSG00000154229;ENSG00000099942;ENSG00000167653;ENSG00000170962;ENSG00000196396;ENSG00000138166;ENSG00000171522;ENSG00000158122;ENSG00000147324;ENSG00000106100;ENSG00000078579;ENSG00000004948;ENSG00000161905;ENSG00000196660;ENSG00000153233;ENSG00000164086;ENSG00000180354"
"GO","GOBP_JNK_CASCADE",0.00284355266733417,0.0385902578420581,0.431707695803346,-0.337380604770375,-1.49778907265764,179,"ENSG00000143507;ENSG00000114251;ENSG00000155760;ENSG00000141655;ENSG00000109320;ENSG00000116106;ENSG00000239732;ENSG00000083799;ENSG00000036828;ENSG00000135090;ENSG00000125249;ENSG00000107643;ENSG00000140832;ENSG00000112679;ENSG00000154447;ENSG00000118523;ENSG00000091436;ENSG00000165617;ENSG00000161270;ENSG00000198961;ENSG00000141027;ENSG00000120659;ENSG00000177463;ENSG00000106692;ENSG00000197372;ENSG00000069702;ENSG00000015133;ENSG00000160551;ENSG00000127863;ENSG00000082146;ENSG00000154310;ENSG00000071054;ENSG00000007168;ENSG00000115966;ENSG00000011566;ENSG00000064393;ENSG00000078747;ENSG00000197442;ENSG00000186063;ENSG00000225830;ENSG00000104312;ENSG00000182621;ENSG00000142192;ENSG00000074696;ENSG00000124743;ENSG00000178607;ENSG00000015171;ENSG00000099942;ENSG00000137802;ENSG00000085276;ENSG00000065559;ENSG00000196396;ENSG00000110422;ENSG00000171522;ENSG00000147324;ENSG00000106100;ENSG00000075213;ENSG00000166949;ENSG00000140443;ENSG00000104375"
"GO","GOMF_PROTON_CHANNEL_ACTIVITY",0.00285636697796612,0.0386866343495732,0.431707695803346,0.583091151866841,1.79605465523624,27,"ENSG00000154723;ENSG00000099624;ENSG00000124172;ENSG00000169020;ENSG00000249222;ENSG00000241837;ENSG00000159199;ENSG00000167863;ENSG00000241468;ENSG00000088836;ENSG00000127419;ENSG00000165629;ENSG00000185883"
"GO","GOBP_CELLULAR_COMPONENT_DISASSEMBLY",0.00286730418993436,0.0387572534415878,0.431707695803346,-0.273029749765864,-1.33419213808109,457,"ENSG00000100234;ENSG00000144711;ENSG00000145675;ENSG00000116106;ENSG00000135298;ENSG00000138594;ENSG00000140795;ENSG00000139112;ENSG00000116675;ENSG00000174437;ENSG00000143479;ENSG00000107290;ENSG00000189079;ENSG00000075618;ENSG00000085433;ENSG00000165527;ENSG00000123612;ENSG00000105887;ENSG00000113194;ENSG00000133816;ENSG00000198862;ENSG00000131711;ENSG00000014123;ENSG00000119778;ENSG00000204120;ENSG00000139174;ENSG00000072756;ENSG00000128872;ENSG00000166503;ENSG00000104129;ENSG00000112249;ENSG00000084073;ENSG00000139116;ENSG00000136874;ENSG00000060237;ENSG00000166780;ENSG00000198677;ENSG00000166106;ENSG00000125814;ENSG00000074054;ENSG00000116489;ENSG00000100014;ENSG00000151422;ENSG00000154736;ENSG00000165175;ENSG00000118200;ENSG00000171763;ENSG00000112902;ENSG00000196455;ENSG00000015133;ENSG00000198382;ENSG00000152315;ENSG00000160551;ENSG00000136040;ENSG00000136842;ENSG00000128881;ENSG00000137845;ENSG00000158859;ENSG00000128607;ENSG00000067798;ENSG00000092201;ENSG00000132356;ENSG00000139613;ENSG00000070182;ENSG00000134982;ENSG00000151239;ENSG00000068796;ENSG00000120868;ENSG00000071054;ENSG00000170759;ENSG00000101665;ENSG00000137710;ENSG00000255112;ENSG00000175054;ENSG00000100697;ENSG00000007168;ENSG00000243244;ENSG00000103342;ENSG00000164163;ENSG00000050405;ENSG00000164305;ENSG00000163539;ENSG00000166266;ENSG00000112339;ENSG00000148700;ENSG00000126214;ENSG00000176994;ENSG00000176771;ENSG00000159082;ENSG00000119541;ENSG00000141367;ENSG00000140941;ENSG00000152223;ENSG00000078142;ENSG00000154429;ENSG00000166974;ENSG00000154229;ENSG00000141642;ENSG00000135018;ENSG00000152684;ENSG00000173083;ENSG00000126775;ENSG00000136108;ENSG00000021574;ENSG00000176142;ENSG00000150093;ENSG00000173473;ENSG00000131094;ENSG00000243156;ENSG00000168610;ENSG00000087263;ENSG00000066248;ENSG00000166881;ENSG00000062716;ENSG00000140443;ENSG00000198898;ENSG00000047849"
"GO","GOMF_PROTEIN_DEMETHYLASE_ACTIVITY",0.00289660878323741,0.0389976832606039,0.431707695803346,-0.542880985580146,-1.81004186419007,35,"ENSG00000172943;ENSG00000008083;ENSG00000165097;ENSG00000006459;ENSG00000171988;ENSG00000073614;ENSG00000170854;ENSG00000119318;ENSG00000117139;ENSG00000183878;ENSG00000120733;ENSG00000197724;ENSG00000187257;ENSG00000168453;ENSG00000147050;ENSG00000081019;ENSG00000115548;ENSG00000126012;ENSG00000186280;ENSG00000107077"
"GO","GOBP_T_CELL_LINEAGE_COMMITMENT",0.00289660878323741,0.0389976832606039,0.431707695803346,-0.542828551716482,-1.80986704228461,35,"ENSG00000166888;ENSG00000104432;ENSG00000083799;ENSG00000134352;ENSG00000073861;ENSG00000198836;ENSG00000204256;ENSG00000157764;ENSG00000253729;ENSG00000198793;ENSG00000135047;ENSG00000171791;ENSG00000100393;ENSG00000168610;ENSG00000162434;ENSG00000175097"
"GO","GOBP_MORPHOGENESIS_OF_AN_EPITHELIAL_SHEET",0.00291568161082457,0.0391765791041746,0.431707695803346,-0.453863497707253,-1.69103902886731,58,"ENSG00000114251;ENSG00000101384;ENSG00000129474;ENSG00000112175;ENSG00000144824;ENSG00000196924;ENSG00000115904;ENSG00000074054;ENSG00000073712;ENSG00000259207;ENSG00000198793;ENSG00000101311;ENSG00000163539;ENSG00000165322;ENSG00000144339;ENSG00000148943;ENSG00000138448;ENSG00000113070;ENSG00000150093;ENSG00000173402;ENSG00000136167;ENSG00000160007"
"GO","GOBP_RESPONSE_TO_OXYGEN_LEVELS",0.00292177292340055,0.0391806856183535,0.431707695803346,-0.290903849026109,-1.38225793542871,325,"ENSG00000149428;ENSG00000166598;ENSG00000185633;ENSG00000069667;ENSG00000164879;ENSG00000116106;ENSG00000167034;ENSG00000061918;ENSG00000129474;ENSG00000036828;ENSG00000051523;ENSG00000004468;ENSG00000165553;ENSG00000096717;ENSG00000082482;ENSG00000187848;ENSG00000136048;ENSG00000169032;ENSG00000110911;ENSG00000123104;ENSG00000007171;ENSG00000134318;ENSG00000198626;ENSG00000150907;ENSG00000181915;ENSG00000100644;ENSG00000108576;ENSG00000159399;ENSG00000149295;ENSG00000110090;ENSG00000069702;ENSG00000114573;ENSG00000163586;ENSG00000112715;ENSG00000152256;ENSG00000152952;ENSG00000072274;ENSG00000073756;ENSG00000132356;ENSG00000118260;ENSG00000005339;ENSG00000143801;ENSG00000113742;ENSG00000130037;ENSG00000185344;ENSG00000120868;ENSG00000121966;ENSG00000197930;ENSG00000196712;ENSG00000103257;ENSG00000003402;ENSG00000173163;ENSG00000115966;ENSG00000272398;ENSG00000198793;ENSG00000164305;ENSG00000064393;ENSG00000110395;ENSG00000162909;ENSG00000104419;ENSG00000104765;ENSG00000171791;ENSG00000162433;ENSG00000150995;ENSG00000066468;ENSG00000100393;ENSG00000122641;ENSG00000135018;ENSG00000152455;ENSG00000137449;ENSG00000101337;ENSG00000186951;ENSG00000196396;ENSG00000108064;ENSG00000118689;ENSG00000198786;ENSG00000065615;ENSG00000116329;ENSG00000164116;ENSG00000147140;ENSG00000141279;ENSG00000159167;ENSG00000168610;ENSG00000181061;ENSG00000135766;ENSG00000136888;ENSG00000156113;ENSG00000166949;ENSG00000163273;ENSG00000198727"
"GO","GOBP_MULTICELLULAR_ORGANISM_GROWTH",0.00297883429225313,0.0398669285121309,0.431707695803346,-0.341638086873699,-1.51040868690014,172,"ENSG00000103222;ENSG00000075391;ENSG00000197381;ENSG00000179295;ENSG00000196549;ENSG00000115159;ENSG00000166224;ENSG00000128602;ENSG00000162769;ENSG00000168389;ENSG00000204120;ENSG00000139174;ENSG00000150347;ENSG00000115904;ENSG00000141441;ENSG00000084073;ENSG00000120756;ENSG00000149295;ENSG00000088812;ENSG00000171316;ENSG00000056586;ENSG00000163586;ENSG00000034053;ENSG00000119927;ENSG00000118260;ENSG00000116171;ENSG00000067646;ENSG00000164190;ENSG00000083093;ENSG00000198793;ENSG00000018408;ENSG00000120008;ENSG00000085224;ENSG00000225830;ENSG00000086598;ENSG00000104164;ENSG00000142192;ENSG00000171791;ENSG00000182197;ENSG00000107282;ENSG00000107679;ENSG00000100393;ENSG00000172819;ENSG00000185920;ENSG00000110436;ENSG00000140718;ENSG00000168610;ENSG00000149311;ENSG00000129757;ENSG00000204406;ENSG00000163273;ENSG00000196584;ENSG00000165533;ENSG00000122257;ENSG00000114742;ENSG00000164073;ENSG00000169252;ENSG00000169504"
"GO","GOBP_ARTERY_MORPHOGENESIS",0.00298835586885666,0.0399154752345115,0.431707695803346,-0.424025690856802,-1.63067594680849,70,"ENSG00000124766;ENSG00000101384;ENSG00000065534;ENSG00000117707;ENSG00000163513;ENSG00000189079;ENSG00000164683;ENSG00000072736;ENSG00000099250;ENSG00000084674;ENSG00000114315;ENSG00000138802;ENSG00000130203;ENSG00000171316;ENSG00000117020;ENSG00000112715;ENSG00000107779;ENSG00000168214;ENSG00000101665;ENSG00000196712;ENSG00000125266;ENSG00000108175;ENSG00000081479;ENSG00000130164;ENSG00000204217"
"GO","GOBP_MRNA_CATABOLIC_PROCESS",0.0030497201510612,0.0406549308326504,0.431707695803346,-0.301292126001752,-1.4076125586099,284,"ENSG00000112183;ENSG00000020577;ENSG00000134318;ENSG00000105939;ENSG00000204120;ENSG00000272886;ENSG00000198585;ENSG00000067900;ENSG00000080802;ENSG00000198677;ENSG00000114127;ENSG00000151779;ENSG00000198265;ENSG00000029363;ENSG00000113300;ENSG00000121274;ENSG00000056586;ENSG00000165934;ENSG00000144580;ENSG00000185728;ENSG00000126070;ENSG00000078177;ENSG00000123908;ENSG00000174953;ENSG00000092847;ENSG00000152520;ENSG00000136937;ENSG00000100722;ENSG00000215251;ENSG00000166889;ENSG00000136381;ENSG00000119720;ENSG00000134698;ENSG00000136231;ENSG00000103342;ENSG00000081277;ENSG00000110367;ENSG00000135387;ENSG00000101811;ENSG00000102081;ENSG00000112339;ENSG00000172795;ENSG00000138767;ENSG00000172239;ENSG00000134644;ENSG00000136319;ENSG00000070756;ENSG00000198791;ENSG00000260032;ENSG00000148584;ENSG00000054118;ENSG00000178607;ENSG00000154229;ENSG00000138709;ENSG00000055917;ENSG00000152684;ENSG00000149187;ENSG00000088930;ENSG00000078687;ENSG00000125107;ENSG00000116698;ENSG00000157106;ENSG00000090905;ENSG00000174606;ENSG00000188613;ENSG00000140718;ENSG00000151461;ENSG00000149311;ENSG00000162889;ENSG00000178764;ENSG00000004948;ENSG00000142864;ENSG00000184863;ENSG00000083223;ENSG00000120948;ENSG00000079387;ENSG00000187556;ENSG00000152430;ENSG00000158435;ENSG00000149289;ENSG00000134744;ENSG00000138095;ENSG00000136450;ENSG00000146453;ENSG00000189266;ENSG00000135316;ENSG00000060138;ENSG00000179134;ENSG00000120705;ENSG00000112941;ENSG00000077458;ENSG00000256453;ENSG00000108654;ENSG00000112531;ENSG00000112062;ENSG00000118246;ENSG00000155858;ENSG00000009307;ENSG00000083520;ENSG00000184363;ENSG00000111596;ENSG00000181588;ENSG00000149658;ENSG00000166938;ENSG00000163932"
"GO","GOBP_CARTILAGE_DEVELOPMENT",0.00307801103080856,0.0409514552075356,0.431707695803346,-0.325860658301605,-1.45641488858245,191,"ENSG00000153162;ENSG00000114251;ENSG00000104635;ENSG00000179295;ENSG00000152785;ENSG00000163513;ENSG00000172071;ENSG00000102678;ENSG00000101096;ENSG00000144320;ENSG00000115844;ENSG00000112175;ENSG00000156466;ENSG00000116285;ENSG00000112414;ENSG00000118523;ENSG00000134245;ENSG00000138685;ENSG00000139687;ENSG00000176624;ENSG00000162998;ENSG00000084073;ENSG00000148516;ENSG00000120451;ENSG00000100644;ENSG00000156427;ENSG00000155850;ENSG00000114378;ENSG00000131873;ENSG00000136110;ENSG00000107779;ENSG00000125398;ENSG00000101665;ENSG00000143797;ENSG00000090863;ENSG00000104331;ENSG00000115966;ENSG00000183688;ENSG00000182158;ENSG00000113658;ENSG00000137770;ENSG00000120708;ENSG00000182197;ENSG00000113196;ENSG00000172819;ENSG00000116985;ENSG00000204217;ENSG00000100815;ENSG00000182492;ENSG00000173402;ENSG00000159167;ENSG00000166949;ENSG00000163273;ENSG00000105855"
"GO","GOMF_PHOSPHATIDYLINOSITOL_PHOSPHATE_BINDING",0.00308670047590006,0.0409846339679231,0.431707695803346,-0.328683232051229,-1.46044583996768,180,"ENSG00000155760;ENSG00000134909;ENSG00000123700;ENSG00000177182;ENSG00000064652;ENSG00000071189;ENSG00000113384;ENSG00000147164;ENSG00000078246;ENSG00000106086;ENSG00000120451;ENSG00000086300;ENSG00000170743;ENSG00000163093;ENSG00000073712;ENSG00000099290;ENSG00000070087;ENSG00000091039;ENSG00000164430;ENSG00000170633;ENSG00000185722;ENSG00000089169;ENSG00000127946;ENSG00000151239;ENSG00000066739;ENSG00000145555;ENSG00000008256;ENSG00000039319;ENSG00000173163;ENSG00000011347;ENSG00000073921;ENSG00000187231;ENSG00000143376;ENSG00000053918;ENSG00000182621;ENSG00000128641;ENSG00000157978;ENSG00000124120;ENSG00000157107;ENSG00000052126;ENSG00000143457;ENSG00000132613;ENSG00000169933;ENSG00000146352;ENSG00000148498;ENSG00000181649;ENSG00000147162;ENSG00000033327;ENSG00000111737;ENSG00000100558;ENSG00000184675;ENSG00000161905;ENSG00000131381;ENSG00000115762;ENSG00000197415;ENSG00000135317;ENSG00000137478;ENSG00000175097;ENSG00000145016;ENSG00000001631;ENSG00000021762;ENSG00000265190;ENSG00000140575;ENSG00000164144;ENSG00000164576;ENSG00000132549;ENSG00000113163;ENSG00000110048;ENSG00000186868;ENSG00000139289;ENSG00000123329"
"GO","GOBP_NUCLEOSIDE_TRIPHOSPHATE_METABOLIC_PROCESS",0.00309260897188552,0.0409846339679231,0.431707695803346,0.314952552159494,1.42755347100093,277,"ENSG00000254647;ENSG00000188906;ENSG00000154723;ENSG00000102125;ENSG00000188833;ENSG00000125375;ENSG00000091262;ENSG00000168393;ENSG00000172113;ENSG00000099624;ENSG00000075399;ENSG00000009950;ENSG00000167792;ENSG00000183648;ENSG00000213465;ENSG00000176410;ENSG00000136521;ENSG00000198276;ENSG00000175567;ENSG00000110717;ENSG00000149925;ENSG00000179958;ENSG00000145494;ENSG00000143774;ENSG00000214253;ENSG00000140598;ENSG00000242372;ENSG00000141959;ENSG00000178035;ENSG00000125877;ENSG00000130717;ENSG00000124172;ENSG00000103024;ENSG00000077463;ENSG00000135390;ENSG00000099795;ENSG00000213619;ENSG00000092054;ENSG00000174886;ENSG00000169020;ENSG00000249222;ENSG00000114268;ENSG00000147123;ENSG00000167965;ENSG00000115286;ENSG00000116337;ENSG00000241837;ENSG00000186010;ENSG00000161999;ENSG00000002330;ENSG00000156411;ENSG00000164258;ENSG00000165283;ENSG00000159199;ENSG00000243678;ENSG00000160194;ENSG00000106992;ENSG00000140990;ENSG00000065518;ENSG00000103202;ENSG00000090266;ENSG00000111640;ENSG00000168653;ENSG00000071889;ENSG00000204922;ENSG00000128951;ENSG00000164708;ENSG00000100300;ENSG00000167863;ENSG00000156515;ENSG00000241468;ENSG00000181929;ENSG00000123009;ENSG00000105679;ENSG00000063176;ENSG00000204389;ENSG00000109390;ENSG00000100226;ENSG00000117118;ENSG00000074800;ENSG00000108515;ENSG00000181027;ENSG00000116039"
"GO","GOBP_CELL_MIGRATION_IN_HINDBRAIN",0.00312174537540071,0.0410366383173921,0.431707695803346,-0.661064052227241,-1.83565999321697,17,"ENSG00000169379;ENSG00000196924;ENSG00000128881;ENSG00000076356;ENSG00000173406;ENSG00000138795;ENSG00000152192;ENSG00000150093;ENSG00000177551;ENSG00000066032;ENSG00000154928"
"GO","GOBP_GANGLION_DEVELOPMENT",0.00312833272584469,0.0410366383173921,0.431707695803346,-0.665998851708663,-1.8152875025369,16,"ENSG00000117152;ENSG00000099250;ENSG00000139352;ENSG00000173404;ENSG00000078246;ENSG00000104290;ENSG00000118257;ENSG00000075213;ENSG00000151615;ENSG00000168036;ENSG00000182168"
"GO","GOMF_DISULFIDE_OXIDOREDUCTASE_ACTIVITY",0.00310822317610675,0.0410366383173921,0.431707695803346,-0.498321759147213,-1.73887790631936,43,"ENSG00000155660;ENSG00000143870;ENSG00000198431;ENSG00000198843;ENSG00000169583;ENSG00000185615;ENSG00000010327;ENSG00000077232;ENSG00000139921;ENSG00000086619;ENSG00000167004;ENSG00000166479;ENSG00000197930;ENSG00000104687;ENSG00000065485;ENSG00000239264;ENSG00000197763"
"GO","GOBP_REGULATION_OF_T_CELL_RECEPTOR_SIGNALING_PATHWAY",0.00311485193101421,0.0410366383173921,0.431707695803346,-0.450188753774056,-1.66123360805383,56,"ENSG00000117280;ENSG00000154096;ENSG00000010810;ENSG00000117228;ENSG00000083799;ENSG00000179295;ENSG00000081237;ENSG00000142867;ENSG00000112679;ENSG00000171867;ENSG00000107798;ENSG00000166167"
"GO","GOBP_REGULATORY_NCRNA_PROCESSING",0.00313289161401236,0.0410366383173921,0.431707695803346,-0.424140323475477,-1.63490437297553,71,"ENSG00000113569;ENSG00000122299;ENSG00000211460;ENSG00000186666;ENSG00000162927;ENSG00000084073;ENSG00000156414;ENSG00000126070;ENSG00000143194;ENSG00000180228;ENSG00000123908;ENSG00000165832;ENSG00000092847;ENSG00000136937;ENSG00000133863;ENSG00000162639;ENSG00000100697;ENSG00000134698;ENSG00000134644;ENSG00000055917;ENSG00000113360;ENSG00000078687;ENSG00000090905;ENSG00000168610;ENSG00000175387;ENSG00000160710;ENSG00000166949;ENSG00000083223;ENSG00000134744;ENSG00000146453;ENSG00000108654;ENSG00000179598;ENSG00000178997"
"GO","GOBP_NEPHRON_DEVELOPMENT",0.00311058894714754,0.0410366383173921,0.431707695803346,-0.348067656216992,-1.50111324921856,145,"ENSG00000101384;ENSG00000163884;ENSG00000169031;ENSG00000157483;ENSG00000170873;ENSG00000153936;ENSG00000125812;ENSG00000128602;ENSG00000069248;ENSG00000081052;ENSG00000114315;ENSG00000134245;ENSG00000161270;ENSG00000203710;ENSG00000075711;ENSG00000030066;ENSG00000138685;ENSG00000184292;ENSG00000100311;ENSG00000163909;ENSG00000178301;ENSG00000023839;ENSG00000138193;ENSG00000151490;ENSG00000112715;ENSG00000130702;ENSG00000125398;ENSG00000145536;ENSG00000003402;ENSG00000259207;ENSG00000272398;ENSG00000170549;ENSG00000251493;ENSG00000018408;ENSG00000171791;ENSG00000182197;ENSG00000158955;ENSG00000170962;ENSG00000185920;ENSG00000205213;ENSG00000128567;ENSG00000138814;ENSG00000261371;ENSG00000170561;ENSG00000197461;ENSG00000260027;ENSG00000118762;ENSG00000177508;ENSG00000113578;ENSG00000174059;ENSG00000008196;ENSG00000198087;ENSG00000137573"
"GO","GOBP_PATTERN_SPECIFICATION_PROCESS",0.00315195931934121,0.041206695966368,0.431707695803346,-0.275957593231806,-1.34242568396976,435,"ENSG00000114251;ENSG00000204104;ENSG00000073711;ENSG00000167034;ENSG00000187240;ENSG00000163513;ENSG00000138136;ENSG00000162992;ENSG00000134363;ENSG00000116729;ENSG00000156150;ENSG00000169379;ENSG00000107187;ENSG00000164683;ENSG00000115844;ENSG00000112175;ENSG00000099250;ENSG00000101752;ENSG00000128602;ENSG00000125878;ENSG00000253293;ENSG00000133816;ENSG00000284862;ENSG00000115170;ENSG00000114315;ENSG00000134245;ENSG00000139174;ENSG00000103226;ENSG00000181965;ENSG00000138685;ENSG00000164066;ENSG00000139352;ENSG00000163909;ENSG00000078246;ENSG00000134107;ENSG00000128714;ENSG00000148516;ENSG00000100644;ENSG00000118058;ENSG00000177103;ENSG00000061676;ENSG00000163093;ENSG00000140807;ENSG00000153266;ENSG00000141519;ENSG00000131873;ENSG00000163389;ENSG00000107779;ENSG00000076356;ENSG00000157450;ENSG00000134982;ENSG00000168214;ENSG00000180875;ENSG00000101350;ENSG00000143126;ENSG00000253729;ENSG00000123607;ENSG00000113966;ENSG00000157856;ENSG00000083093;ENSG00000171634;ENSG00000170549;ENSG00000121989;ENSG00000185008;ENSG00000064393;ENSG00000113658;ENSG00000169855;ENSG00000251493;ENSG00000136754;ENSG00000185551;ENSG00000186063;ENSG00000103512;ENSG00000086598;ENSG00000081479;ENSG00000157557;ENSG00000168283;ENSG00000214513;ENSG00000182197;ENSG00000138795;ENSG00000075223;ENSG00000066468;ENSG00000198576;ENSG00000118257;ENSG00000114739;ENSG00000113196;ENSG00000100393;ENSG00000171243;ENSG00000172819;ENSG00000099942;ENSG00000179111;ENSG00000173253;ENSG00000100811;ENSG00000204217;ENSG00000184634;ENSG00000185920;ENSG00000203883;ENSG00000175197;ENSG00000111087;ENSG00000129514;ENSG00000140479;ENSG00000179981;ENSG00000159167;ENSG00000175387;ENSG00000149311;ENSG00000256061;ENSG00000080298;ENSG00000143033;ENSG00000166949;ENSG00000197121;ENSG00000135547;ENSG00000163251;ENSG00000196584;ENSG00000165533;ENSG00000168014;ENSG00000157933;ENSG00000115109;ENSG00000112559;ENSG00000170561;ENSG00000134138;ENSG00000260027;ENSG00000118762;ENSG00000204815;ENSG00000177508;ENSG00000136527;ENSG00000121481;ENSG00000113578;ENSG00000179598;ENSG00000162337;ENSG00000143147;ENSG00000139567;ENSG00000101871;ENSG00000143995;ENSG00000146350;ENSG00000106003;ENSG00000134438;ENSG00000107882;ENSG00000185737;ENSG00000188095;ENSG00000105989;ENSG00000204531;ENSG00000106799;ENSG00000198719;ENSG00000183337;ENSG00000112837;ENSG00000204103;ENSG00000104332;ENSG00000180613;ENSG00000136099;ENSG00000168036"
"GO","GOBP_METALLO_SULFUR_CLUSTER_ASSEMBLY",0.00317935290817281,0.0414847358268714,0.354819512103747,0.560379395587167,1.75192717612515,29,"ENSG00000188566;ENSG00000166595;ENSG00000103245;ENSG00000100209;ENSG00000214113;ENSG00000182512;ENSG00000095906;ENSG00000005194;ENSG00000169627;ENSG00000004779;ENSG00000244005;ENSG00000108010;ENSG00000144021;ENSG00000169599;ENSG00000136003;ENSG00000158125;ENSG00000163170;ENSG00000178096;ENSG00000155229;ENSG00000166797;ENSG00000103274"
"GO","GOMF_DEACETYLASE_ACTIVITY",0.00319128965646705,0.0415604106799902,0.354819512103747,0.523657789217743,1.733508564691,37,"ENSG00000100429;ENSG00000163517;ENSG00000161179;ENSG00000162066;ENSG00000108474;ENSG00000187531;ENSG00000077463;ENSG00000124523;ENSG00000089163;ENSG00000138653;ENSG00000133315;ENSG00000116863;ENSG00000139684;ENSG00000147099;ENSG00000171720;ENSG00000124596;ENSG00000149480;ENSG00000142082;ENSG00000068903;ENSG00000108840;ENSG00000105556;ENSG00000094631"
"GO","GOBP_MYELOID_CELL_DIFFERENTIATION",0.00325114335706434,0.0422586234434543,0.431707695803346,-0.273000367407507,-1.32637495993094,429,"ENSG00000066926;ENSG00000130584;ENSG00000141655;ENSG00000145675;ENSG00000101384;ENSG00000138594;ENSG00000134954;ENSG00000179295;ENSG00000096968;ENSG00000163513;ENSG00000143479;ENSG00000155090;ENSG00000198945;ENSG00000134352;ENSG00000096717;ENSG00000119314;ENSG00000005483;ENSG00000162769;ENSG00000110911;ENSG00000284862;ENSG00000014123;ENSG00000111252;ENSG00000197837;ENSG00000196924;ENSG00000139687;ENSG00000132842;ENSG00000125686;ENSG00000163788;ENSG00000150867;ENSG00000124767;ENSG00000100644;ENSG00000086300;ENSG00000136504;ENSG00000080802;ENSG00000120659;ENSG00000083168;ENSG00000154727;ENSG00000197372;ENSG00000134371;ENSG00000170909;ENSG00000107798;ENSG00000196937;ENSG00000069702;ENSG00000112715;ENSG00000184305;ENSG00000089902;ENSG00000072274;ENSG00000118260;ENSG00000167460;ENSG00000066336;ENSG00000153879;ENSG00000168214;ENSG00000253729;ENSG00000135821;ENSG00000196712;ENSG00000003402;ENSG00000168062;ENSG00000136381;ENSG00000007168;ENSG00000180694;ENSG00000131788;ENSG00000198793;ENSG00000113580;ENSG00000164305;ENSG00000105672;ENSG00000006607;ENSG00000121989;ENSG00000064393;ENSG00000113658;ENSG00000166147;ENSG00000136754;ENSG00000198646;ENSG00000187098;ENSG00000143799;ENSG00000158406;ENSG00000053918;ENSG00000100425;ENSG00000174564;ENSG00000142192;ENSG00000138795;ENSG00000168769;ENSG00000075303;ENSG00000172216;ENSG00000172845;ENSG00000169926;ENSG00000100393;ENSG00000122641;ENSG00000154229;ENSG00000172819;ENSG00000164136;ENSG00000164326;ENSG00000183943;ENSG00000164466;ENSG00000118689;ENSG00000152192;ENSG00000147883;ENSG00000178752;ENSG00000033327;ENSG00000168610;ENSG00000016402;ENSG00000147324;ENSG00000166881;ENSG00000160710;ENSG00000135776;ENSG00000181852;ENSG00000129757;ENSG00000004948;ENSG00000196083;ENSG00000079387;ENSG00000183864;ENSG00000105855;ENSG00000138814;ENSG00000187735;ENSG00000198730;ENSG00000180354;ENSG00000160199;ENSG00000105281;ENSG00000164073;ENSG00000077585;ENSG00000029993;ENSG00000134138;ENSG00000260027;ENSG00000185338;ENSG00000145220;ENSG00000143952;ENSG00000112531;ENSG00000112062;ENSG00000164761;ENSG00000162775;ENSG00000151615;ENSG00000139719;ENSG00000143995;ENSG00000072110;ENSG00000142611;ENSG00000135503;ENSG00000082641;ENSG00000165672;ENSG00000134256;ENSG00000032219;ENSG00000185559;ENSG00000270276;ENSG00000100345;ENSG00000143815;ENSG00000175104;ENSG00000146676;ENSG00000141564;ENSG00000198719;ENSG00000123338;ENSG00000113083;ENSG00000204103;ENSG00000104332;ENSG00000087842;ENSG00000168036;ENSG00000197969;ENSG00000152495;ENSG00000198728;ENSG00000130427;ENSG00000157404;ENSG00000109670;ENSG00000133424"
"GO","GOBP_CYTOKINESIS",0.00326336897664781,0.0423362733905345,0.431707695803346,-0.332500436784724,-1.48605713681038,189,"ENSG00000134278;ENSG00000138311;ENSG00000144283;ENSG00000182631;ENSG00000130340;ENSG00000081377;ENSG00000165527;ENSG00000097033;ENSG00000181555;ENSG00000164114;ENSG00000198642;ENSG00000134318;ENSG00000112685;ENSG00000152503;ENSG00000153207;ENSG00000145715;ENSG00000067900;ENSG00000138758;ENSG00000144036;ENSG00000103540;ENSG00000060237;ENSG00000139618;ENSG00000108389;ENSG00000149295;ENSG00000133026;ENSG00000196455;ENSG00000198382;ENSG00000169641;ENSG00000134982;ENSG00000138592;ENSG00000131242;ENSG00000164961;ENSG00000186522;ENSG00000115760;ENSG00000133104;ENSG00000255112;ENSG00000164402;ENSG00000138071;ENSG00000114346;ENSG00000119541;ENSG00000070367;ENSG00000078142;ENSG00000143878;ENSG00000196504;ENSG00000115947;ENSG00000136108;ENSG00000170248;ENSG00000159140;ENSG00000021574;ENSG00000065243;ENSG00000122545;ENSG00000165891;ENSG00000036257;ENSG00000111737;ENSG00000115091;ENSG00000168385;ENSG00000108387;ENSG00000158290;ENSG00000212916;ENSG00000103769;ENSG00000083937;ENSG00000137177;ENSG00000151150;ENSG00000116903;ENSG00000241360;ENSG00000140575;ENSG00000104218;ENSG00000164695"
"GO","GOBP_REGULATION_OF_POTASSIUM_ION_TRANSMEMBRANE_TRANSPORT",0.00328121495750799,0.0424864009411934,0.431707695803346,-0.448204636323966,-1.67556142048272,59,"ENSG00000117152;ENSG00000169282;ENSG00000123700;ENSG00000175497;ENSG00000198929;ENSG00000129159;ENSG00000075711;ENSG00000171867;ENSG00000196924;ENSG00000118507;ENSG00000026559;ENSG00000198648;ENSG00000166006;ENSG00000176076;ENSG00000130226;ENSG00000053918;ENSG00000180509;ENSG00000182132;ENSG00000198373;ENSG00000135932;ENSG00000022267;ENSG00000170745;ENSG00000151150;ENSG00000069869;ENSG00000181754"
"GO","GOCC_CYTOPLASMIC_STRESS_GRANULE",0.00328919915403206,0.0425085050975288,0.431707695803346,-0.390352202462202,-1.58439814430891,95,"ENSG00000078328;ENSG00000143479;ENSG00000204120;ENSG00000147894;ENSG00000108424;ENSG00000138757;ENSG00000161813;ENSG00000067900;ENSG00000215301;ENSG00000145907;ENSG00000124214;ENSG00000056586;ENSG00000117523;ENSG00000040341;ENSG00000185728;ENSG00000152601;ENSG00000174953;ENSG00000257103;ENSG00000136231;ENSG00000081277;ENSG00000110367;ENSG00000064393;ENSG00000135387;ENSG00000102081;ENSG00000108256;ENSG00000121060;ENSG00000134644;ENSG00000134001;ENSG00000070756;ENSG00000116001;ENSG00000138709;ENSG00000055917;ENSG00000149187;ENSG00000087263;ENSG00000120948;ENSG00000187556;ENSG00000165280;ENSG00000165119;ENSG00000059378;ENSG00000157110;ENSG00000112531;ENSG00000009307;ENSG00000183283;ENSG00000149658;ENSG00000143569;ENSG00000114867;ENSG00000141564;ENSG00000066044"
"GO","GOBP_AORTA_DEVELOPMENT",0.00333062021606372,0.0427987857745417,0.431707695803346,-0.44355085512165,-1.67597179734044,64,"ENSG00000124766;ENSG00000101384;ENSG00000065534;ENSG00000167034;ENSG00000117707;ENSG00000163513;ENSG00000164683;ENSG00000114315;ENSG00000139174;ENSG00000138802;ENSG00000049192;ENSG00000092148;ENSG00000133026;ENSG00000171316;ENSG00000107779;ENSG00000168214;ENSG00000185008;ENSG00000169855;ENSG00000125266;ENSG00000081479;ENSG00000004399;ENSG00000057657;ENSG00000135547;ENSG00000125633;ENSG00000118762;ENSG00000008196;ENSG00000070614;ENSG00000139567;ENSG00000107882;ENSG00000250120;ENSG00000113083;ENSG00000006125;ENSG00000105429"
"GO","GOBP_REGULATION_OF_SYNAPSE_ASSEMBLY",0.00332927757112506,0.0427987857745417,0.431707695803346,-0.338689488261885,-1.49737270195415,172,"ENSG00000163629;ENSG00000114251;ENSG00000135905;ENSG00000141668;ENSG00000144847;ENSG00000134909;ENSG00000135298;ENSG00000112139;ENSG00000158258;ENSG00000185924;ENSG00000121871;ENSG00000173114;ENSG00000175928;ENSG00000198844;ENSG00000165527;ENSG00000125249;ENSG00000131711;ENSG00000139174;ENSG00000183715;ENSG00000120063;ENSG00000124313;ENSG00000185565;ENSG00000040341;ENSG00000153707;ENSG00000179915;ENSG00000076716;ENSG00000128512;ENSG00000105426;ENSG00000168137;ENSG00000131023;ENSG00000185008;ENSG00000151148;ENSG00000148943;ENSG00000150760;ENSG00000142192;ENSG00000152208;ENSG00000110881;ENSG00000154229;ENSG00000055917;ENSG00000187764;ENSG00000196396;ENSG00000157240;ENSG00000147162;ENSG00000146938;ENSG00000139211;ENSG00000198908;ENSG00000126500;ENSG00000186907;ENSG00000184349;ENSG00000196083;ENSG00000103319;ENSG00000005810;ENSG00000182580;ENSG00000148053;ENSG00000185070;ENSG00000163110;ENSG00000196369;ENSG00000177707;ENSG00000105376;ENSG00000152767;ENSG00000181754;ENSG00000162951;ENSG00000171603;ENSG00000101126;ENSG00000169306;ENSG00000114867;ENSG00000115310;ENSG00000196935;ENSG00000065320;ENSG00000154928;ENSG00000147852;ENSG00000168036;ENSG00000172260;ENSG00000111052"
"GO","GOBP_CALCIUM_MEDIATED_SIGNALING",0.00332545369475518,0.0427987857745417,0.431707695803346,-0.320536876713499,-1.45347229290559,213,"ENSG00000104369;ENSG00000125675;ENSG00000140945;ENSG00000180929;ENSG00000174437;ENSG00000186810;ENSG00000117228;ENSG00000115641;ENSG00000183454;ENSG00000198947;ENSG00000081237;ENSG00000172071;ENSG00000101096;ENSG00000188386;ENSG00000072736;ENSG00000187848;ENSG00000123104;ENSG00000198626;ENSG00000155962;ENSG00000171867;ENSG00000127334;ENSG00000084073;ENSG00000221823;ENSG00000120659;ENSG00000158528;ENSG00000068383;ENSG00000092051;ENSG00000138193;ENSG00000144648;ENSG00000187446;ENSG00000125510;ENSG00000163873;ENSG00000132356;ENSG00000206053;ENSG00000171189;ENSG00000102908;ENSG00000082701;ENSG00000121966;ENSG00000163576;ENSG00000171435;ENSG00000174600;ENSG00000133019;ENSG00000140563;ENSG00000198793;ENSG00000132911;ENSG00000144891;ENSG00000176170;ENSG00000142192;ENSG00000150995;ENSG00000104321;ENSG00000058668;ENSG00000197386;ENSG00000105464;ENSG00000179841;ENSG00000117602;ENSG00000183023;ENSG00000197943;ENSG00000095209;ENSG00000140992;ENSG00000004948;ENSG00000157837;ENSG00000175471;ENSG00000138814;ENSG00000156026;ENSG00000113811;ENSG00000166148"
"GO","GOMF_UBIQUITIN_LIKE_PROTEIN_PEPTIDASE_ACTIVITY",0.00337335361994497,0.0432658157467184,0.431707695803346,-0.36815706015534,-1.52467539807252,110,"ENSG00000109189;ENSG00000135093;ENSG00000083799;ENSG00000145569;ENSG00000154124;ENSG00000152484;ENSG00000129204;ENSG00000175073;ENSG00000048028;ENSG00000118503;ENSG00000170185;ENSG00000148481;ENSG00000124486;ENSG00000123552;ENSG00000163904;ENSG00000114374;ENSG00000138592;ENSG00000166192;ENSG00000128923;ENSG00000115464;ENSG00000103404;ENSG00000089723;ENSG00000162402;ENSG00000106346;ENSG00000135913;ENSG00000101901;ENSG00000170832;ENSG00000121644;ENSG00000145390;ENSG00000170242;ENSG00000019995;ENSG00000162607;ENSG00000077254;ENSG00000085982;ENSG00000079387;ENSG00000135655;ENSG00000174231;ENSG00000164663;ENSG00000162601;ENSG00000116750;ENSG00000169914;ENSG00000247746;ENSG00000170236;ENSG00000187555;ENSG00000273820"
"GO","GOBP_NEGATIVE_REGULATION_OF_SUPRAMOLECULAR_FIBER_ORGANIZATION",0.00342628033034448,0.0438615697487577,0.431707695803346,-0.342830841217256,-1.48985299488062,153,"ENSG00000145675;ENSG00000131626;ENSG00000138594;ENSG00000131941;ENSG00000085433;ENSG00000105887;ENSG00000144824;ENSG00000131711;ENSG00000084112;ENSG00000128872;ENSG00000078018;ENSG00000166503;ENSG00000184292;ENSG00000145147;ENSG00000107104;ENSG00000157540;ENSG00000104833;ENSG00000130203;ENSG00000166780;ENSG00000074054;ENSG00000116489;ENSG00000100014;ENSG00000165175;ENSG00000118200;ENSG00000015133;ENSG00000143450;ENSG00000160551;ENSG00000136842;ENSG00000128881;ENSG00000067798;ENSG00000197045;ENSG00000070182;ENSG00000134982;ENSG00000151239;ENSG00000137710;ENSG00000164741;ENSG00000050405;ENSG00000163539;ENSG00000197256;ENSG00000148700;ENSG00000144339"
"GO","GOBP_INORGANIC_ION_IMPORT_ACROSS_PLASMA_MEMBRANE",0.00344549474510018,0.0440243215355065,0.431707695803346,-0.363687813484337,-1.53447932002651,124,"ENSG00000164626;ENSG00000104635;ENSG00000169174;ENSG00000010810;ENSG00000123700;ENSG00000188386;ENSG00000167723;ENSG00000075711;ENSG00000171867;ENSG00000170385;ENSG00000144191;ENSG00000196950;ENSG00000181804;ENSG00000221823;ENSG00000198648;ENSG00000153956;ENSG00000145740;ENSG00000198689;ENSG00000204442;ENSG00000115616;ENSG00000111319;ENSG00000065923;ENSG00000131183;ENSG00000113262;ENSG00000221955;ENSG00000053918;ENSG00000138821;ENSG00000163399;ENSG00000141424;ENSG00000157551;ENSG00000177807;ENSG00000074621;ENSG00000133195;ENSG00000064651;ENSG00000164756;ENSG00000058668;ENSG00000179841;ENSG00000183023;ENSG00000137731;ENSG00000138814;ENSG00000148408;ENSG00000169427"
"GO","GOBP_POSITIVE_REGULATION_OF_NEURON_DIFFERENTIATION",0.00346761978385853,0.0442235803696609,0.431707695803346,-0.400208594256266,-1.58978784182728,84,"ENSG00000153162;ENSG00000108960;ENSG00000117707;ENSG00000198947;ENSG00000162992;ENSG00000115844;ENSG00000156466;ENSG00000131711;ENSG00000181965;ENSG00000139352;ENSG00000163909;ENSG00000148516;ENSG00000108061;ENSG00000153266;ENSG00000091129;ENSG00000196628;ENSG00000008294;ENSG00000140254;ENSG00000114346;ENSG00000122859;ENSG00000142192;ENSG00000173406;ENSG00000084676;ENSG00000078725;ENSG00000119401;ENSG00000129514"
"GO","GOBP_CALCIUM_ION_TRANSMEMBRANE_TRANSPORT",0.00350336788307163,0.0445955024514306,0.431707695803346,-0.28998194599749,-1.36370533328188,299,"ENSG00000157445;ENSG00000184588;ENSG00000104369;ENSG00000182389;ENSG00000239732;ENSG00000154096;ENSG00000174437;ENSG00000010810;ENSG00000186810;ENSG00000183454;ENSG00000198947;ENSG00000081237;ENSG00000051523;ENSG00000017260;ENSG00000144357;ENSG00000188386;ENSG00000187848;ENSG00000167723;ENSG00000123104;ENSG00000198626;ENSG00000158966;ENSG00000213585;ENSG00000198929;ENSG00000155962;ENSG00000171867;ENSG00000196924;ENSG00000138685;ENSG00000144191;ENSG00000221823;ENSG00000092439;ENSG00000177119;ENSG00000092051;ENSG00000134851;ENSG00000149295;ENSG00000138193;ENSG00000171316;ENSG00000153956;ENSG00000169248;ENSG00000181104;ENSG00000070961;ENSG00000143801;ENSG00000204442;ENSG00000152705;ENSG00000097007;ENSG00000050393;ENSG00000109689;ENSG00000197930;ENSG00000259207;ENSG00000150625;ENSG00000005700;ENSG00000176273;ENSG00000089060;ENSG00000113262;ENSG00000166266;ENSG00000102081;ENSG00000187231;ENSG00000182621;ENSG00000142192;ENSG00000067842;ENSG00000171791;ENSG00000150995;ENSG00000138448;ENSG00000104321;ENSG00000110881;ENSG00000074621;ENSG00000135018;ENSG00000058668;ENSG00000154822;ENSG00000175197;ENSG00000149488;ENSG00000105464;ENSG00000179841;ENSG00000183023;ENSG00000197943;ENSG00000116032;ENSG00000095209;ENSG00000140992;ENSG00000064270;ENSG00000102452;ENSG00000198515;ENSG00000138814;ENSG00000156026;ENSG00000148408"
"GO","GOCC_CYTOPLASMIC_REGION",0.00351132845582399,0.0446129761779363,0.431707695803346,-0.287038012398291,-1.36817706180055,340,"ENSG00000158486;ENSG00000204104;ENSG00000061918;ENSG00000187240;ENSG00000186094;ENSG00000164675;ENSG00000169379;ENSG00000198718;ENSG00000115993;ENSG00000135338;ENSG00000072803;ENSG00000171811;ENSG00000181322;ENSG00000169032;ENSG00000070761;ENSG00000284862;ENSG00000144824;ENSG00000152332;ENSG00000134108;ENSG00000041353;ENSG00000118965;ENSG00000078018;ENSG00000132842;ENSG00000124198;ENSG00000078246;ENSG00000198836;ENSG00000100644;ENSG00000186472;ENSG00000104833;ENSG00000139116;ENSG00000118997;ENSG00000082805;ENSG00000115423;ENSG00000124214;ENSG00000163093;ENSG00000197748;ENSG00000168280;ENSG00000074054;ENSG00000054523;ENSG00000179902;ENSG00000141519;ENSG00000136449;ENSG00000196455;ENSG00000040341;ENSG00000131437;ENSG00000008086;ENSG00000124486;ENSG00000163873;ENSG00000150628;ENSG00000166579;ENSG00000197653;ENSG00000165698;ENSG00000101350;ENSG00000170759;ENSG00000100722;ENSG00000163576;ENSG00000123607;ENSG00000114841;ENSG00000188107;ENSG00000113966;ENSG00000157856;ENSG00000185009;ENSG00000007168;ENSG00000167306;ENSG00000183914;ENSG00000173013;ENSG00000151914;ENSG00000163539;ENSG00000067606;ENSG00000139826;ENSG00000102081;ENSG00000131966;ENSG00000120008;ENSG00000104164;ENSG00000140941;ENSG00000070718;ENSG00000130363;ENSG00000114302;ENSG00000135049;ENSG00000198576;ENSG00000078142;ENSG00000197102;ENSG00000154429;ENSG00000186710;ENSG00000126775;ENSG00000186471;ENSG00000021574;ENSG00000111087;ENSG00000108946;ENSG00000133665;ENSG00000111837;ENSG00000122545;ENSG00000197557;ENSG00000188428;ENSG00000150672;ENSG00000172426;ENSG00000155980;ENSG00000176406;ENSG00000047849;ENSG00000163075;ENSG00000168385;ENSG00000119661;ENSG00000163879;ENSG00000170703;ENSG00000264364;ENSG00000156042"
"GO","GOBP_REGULATION_OF_LIPOPROTEIN_METABOLIC_PROCESS",0.00354543657629794,0.044961978454475,0.431707695803346,-0.663136505062067,-1.8074857141672,16,"ENSG00000101670;ENSG00000118873;ENSG00000115839;ENSG00000259207;ENSG00000144840;ENSG00000198168;ENSG00000138448;ENSG00000078142"
"GO","GOBP_MAMMARY_GLAND_DEVELOPMENT",0.00356864859871769,0.0451717538514322,0.431707695803346,-0.355011214975545,-1.50817171001579,130,"ENSG00000166888;ENSG00000114251;ENSG00000141655;ENSG00000109320;ENSG00000096968;ENSG00000163513;ENSG00000128602;ENSG00000094841;ENSG00000157168;ENSG00000138685;ENSG00000125686;ENSG00000100644;ENSG00000197208;ENSG00000139618;ENSG00000120659;ENSG00000111335;ENSG00000159399;ENSG00000112715;ENSG00000166167;ENSG00000100852;ENSG00000118260;ENSG00000125398;ENSG00000113580;ENSG00000100030;ENSG00000129167;ENSG00000131023;ENSG00000117139;ENSG00000169855;ENSG00000123191;ENSG00000138795;ENSG00000172216;ENSG00000066468;ENSG00000084676;ENSG00000171243;ENSG00000185920;ENSG00000186951;ENSG00000153094"
"GO","GOBP_LYMPHOID_PROGENITOR_CELL_DIFFERENTIATION",0.0035978835978836,0.0453721931561783,0.354819512103747,-0.612541053151817,-1.79822044752066,21,"ENSG00000124766;ENSG00000167005;ENSG00000114315;ENSG00000174405;ENSG00000115904;ENSG00000100485;ENSG00000217128;ENSG00000126804;ENSG00000066336;ENSG00000253729;ENSG00000171791"
"GO","GOMF_GLUCOSYLTRANSFERASE_ACTIVITY",0.00359712230215827,0.0453721931561783,0.354819512103747,-0.595636755129716,-1.772348964606,22,"ENSG00000175548;ENSG00000148154;ENSG00000102595;ENSG00000152952;ENSG00000187676;ENSG00000163389;ENSG00000136731;ENSG00000134901;ENSG00000139133;ENSG00000112425;ENSG00000111713;ENSG00000178202"
"GO","GOMF_GLUTAMATE_RECEPTOR_ACTIVITY",0.00361471401233255,0.0454772056982002,0.354819512103747,-0.583067722568315,-1.80948659522986,26,"ENSG00000125675;ENSG00000183454;ENSG00000182771;ENSG00000149403;ENSG00000152578;ENSG00000163873;ENSG00000171189;ENSG00000113262;ENSG00000152208;ENSG00000105464;ENSG00000179603;ENSG00000116032;ENSG00000120251;ENSG00000164082;ENSG00000198785"
"GO","GOBP_REGULATION_OF_ACTIVIN_RECEPTOR_SIGNALING_PATHWAY",0.00364415862808146,0.0454772056982002,0.354819512103747,-0.556701005162198,-1.75647001242543,28,"ENSG00000174106;ENSG00000134363;ENSG00000147255;ENSG00000102678;ENSG00000115170;ENSG00000165617;ENSG00000103226;ENSG00000101665;ENSG00000121989;ENSG00000103512;ENSG00000114739;ENSG00000122641;ENSG00000198742;ENSG00000157933;ENSG00000164488;ENSG00000135503"
"GO","GOMF_TRANSITION_METAL_ION_TRANSMEMBRANE_TRANSPORTER_ACTIVITY",0.0036255065045852,0.0454772056982002,0.354819512103747,-0.49036657488729,-1.71985457164869,44,"ENSG00000115194;ENSG00000104635;ENSG00000104154;ENSG00000147454;ENSG00000017260;ENSG00000169446;ENSG00000110911;ENSG00000170385;ENSG00000196950;ENSG00000092439;ENSG00000134851;ENSG00000145740;ENSG00000152683;ENSG00000138821;ENSG00000014824;ENSG00000123191;ENSG00000141424;ENSG00000133195;ENSG00000164756;ENSG00000029364;ENSG00000064270;ENSG00000136868;ENSG00000196660;ENSG00000162695"
"GO","GOBP_PROSTATE_GLAND_DEVELOPMENT",0.00364493996569468,0.0454772056982002,0.354819512103747,-0.478793842839837,-1.69409195730862,46,"ENSG00000114251;ENSG00000167034;ENSG00000253293;ENSG00000114062;ENSG00000145088;ENSG00000159184;ENSG00000128714;ENSG00000172817;ENSG00000125398;ENSG00000169018;ENSG00000066468;ENSG00000172819;ENSG00000185920;ENSG00000111087;ENSG00000173473;ENSG00000129514"
"GO","GOMF_LIPID_TRANSFER_ACTIVITY",0.00364650364650365,0.0454772056982002,0.354819512103747,-0.413751573838001,-1.59485957819421,71,"ENSG00000164211;ENSG00000144909;ENSG00000143921;ENSG00000111647;ENSG00000165029;ENSG00000141458;ENSG00000138688;ENSG00000084674;ENSG00000106086;ENSG00000130203;ENSG00000070882;ENSG00000144645;ENSG00000139641;ENSG00000163586;ENSG00000084090;ENSG00000091039;ENSG00000116171;ENSG00000101166;ENSG00000117859;ENSG00000066739;ENSG00000186314;ENSG00000173409"
"GO","GOBP_STEROID_HORMONE_RECEPTOR_SIGNALING_PATHWAY",0.0036341599396764,0.0454772056982002,0.431707695803346,-0.349489563482217,-1.48484540353837,131,"ENSG00000196482;ENSG00000167034;ENSG00000144736;ENSG00000096968;ENSG00000096717;ENSG00000133794;ENSG00000179218;ENSG00000116285;ENSG00000114062;ENSG00000100320;ENSG00000014123;ENSG00000266412;ENSG00000145604;ENSG00000127870;ENSG00000163909;ENSG00000134852;ENSG00000125686;ENSG00000141027;ENSG00000196792;ENSG00000008405;ENSG00000172817;ENSG00000144580;ENSG00000140526;ENSG00000100201;ENSG00000164463;ENSG00000113580;ENSG00000131023;ENSG00000197256;ENSG00000143799;ENSG00000167258;ENSG00000108175;ENSG00000104517;ENSG00000084676;ENSG00000100393;ENSG00000012048;ENSG00000144747;ENSG00000167548;ENSG00000120686;ENSG00000125107;ENSG00000186951;ENSG00000129514;ENSG00000167332;ENSG00000256061;ENSG00000160310;ENSG00000108654;ENSG00000115548;ENSG00000119508;ENSG00000069869;ENSG00000151615;ENSG00000013561;ENSG00000153786;ENSG00000107077;ENSG00000111596;ENSG00000164040"
"GO","GOBP_BIOLOGICAL_PROCESS_INVOLVED_IN_INTERACTION_WITH_SYMBIONT",0.00366940417088619,0.0455948716426445,0.431707695803346,0.554937183064607,1.74883538352918,30,"ENSG00000012223;ENSG00000145882;ENSG00000180210;ENSG00000164251;ENSG00000125995;ENSG00000233276;ENSG00000114383;ENSG00000111640;ENSG00000197191;ENSG00000115138;ENSG00000244414"
"GO","GOMF_EXOGENOUS_PROTEIN_BINDING",0.00366537300560586,0.0455948716426445,0.354819512103747,-0.403226846100482,-1.57004333676207,75,"ENSG00000141458;ENSG00000139514;ENSG00000154639;ENSG00000138760;ENSG00000143324;ENSG00000184697;ENSG00000203710;ENSG00000133026;ENSG00000168575;ENSG00000114378;ENSG00000072274;ENSG00000117322;ENSG00000149294;ENSG00000121966;ENSG00000259207;ENSG00000073008;ENSG00000125266;ENSG00000139626;ENSG00000117335;ENSG00000188313;ENSG00000138448;ENSG00000130164;ENSG00000119912;ENSG00000150093;ENSG00000173402"
"GO","GOBP_CALCIUM_ION_IMPORT",0.00368124729320052,0.045658253973542,0.354819512103747,-0.405968305012219,-1.59187491467102,78,"ENSG00000138172;ENSG00000010810;ENSG00000036828;ENSG00000188386;ENSG00000167723;ENSG00000114315;ENSG00000171867;ENSG00000170385;ENSG00000100311;ENSG00000221823;ENSG00000152413;ENSG00000153956;ENSG00000204442;ENSG00000147044;ENSG00000050393;ENSG00000113262;ENSG00000196632;ENSG00000108691;ENSG00000074621;ENSG00000163794;ENSG00000058668;ENSG00000175197;ENSG00000179841;ENSG00000183023;ENSG00000159167;ENSG00000064270;ENSG00000138814;ENSG00000148408"
"GO","GOBP_RESPONSE_TO_HEPATOCYTE_GROWTH_FACTOR",0.0037229603028987,0.0459662154127425,0.431707695803346,-0.654134320949372,-1.81641733370815,17,"ENSG00000036828;ENSG00000001084;ENSG00000099250;ENSG00000157500;ENSG00000125686;ENSG00000023909;ENSG00000136044;ENSG00000118260;ENSG00000163814"
"GO","GOBP_CELLULAR_RESPONSE_TO_ACID_CHEMICAL",0.00371503496503497,0.0459662154127425,0.354819512103747,-0.392133470971013,-1.56263456518479,86,"ENSG00000010810;ENSG00000051523;ENSG00000001084;ENSG00000100344;ENSG00000148516;ENSG00000165802;ENSG00000149212;ENSG00000023909;ENSG00000112715;ENSG00000164603;ENSG00000113742;ENSG00000130147;ENSG00000187498;ENSG00000134240;ENSG00000103257;ENSG00000198793;ENSG00000159459;ENSG00000065150;ENSG00000109270;ENSG00000162909;ENSG00000134248;ENSG00000172216;ENSG00000100393;ENSG00000170962;ENSG00000105464;ENSG00000197565;ENSG00000130816;ENSG00000036257;ENSG00000274070;ENSG00000155876;ENSG00000166148;ENSG00000239282;ENSG00000100219;ENSG00000185338;ENSG00000118762;ENSG00000148053;ENSG00000024048;ENSG00000181754;ENSG00000025039;ENSG00000116954;ENSG00000141564"
"GO","GOBP_CELLULAR_RESPONSE_TO_STEROID_HORMONE_STIMULUS",0.0037264400858824,0.0459662154127425,0.431707695803346,-0.321886325659277,-1.44590739823995,197,"ENSG00000196482;ENSG00000118515;ENSG00000167034;ENSG00000144736;ENSG00000180616;ENSG00000096968;ENSG00000162992;ENSG00000141458;ENSG00000145545;ENSG00000096717;ENSG00000133794;ENSG00000179218;ENSG00000116285;ENSG00000114062;ENSG00000100320;ENSG00000014123;ENSG00000266412;ENSG00000145604;ENSG00000127870;ENSG00000163909;ENSG00000134852;ENSG00000125686;ENSG00000141027;ENSG00000196792;ENSG00000008405;ENSG00000172817;ENSG00000144580;ENSG00000140526;ENSG00000100201;ENSG00000164463;ENSG00000138592;ENSG00000111319;ENSG00000134240;ENSG00000003402;ENSG00000113580;ENSG00000131023;ENSG00000197256;ENSG00000143799;ENSG00000167258;ENSG00000108175;ENSG00000163399;ENSG00000168283;ENSG00000104517;ENSG00000084676;ENSG00000100393;ENSG00000012048;ENSG00000144747;ENSG00000167548;ENSG00000120686;ENSG00000125107;ENSG00000186951;ENSG00000153094;ENSG00000118689;ENSG00000129514;ENSG00000167332;ENSG00000159167;ENSG00000256061"
"GO","GOBP_NADH_DEHYDROGENASE_COMPLEX_ASSEMBLY",0.00374953130858643,0.0461669564031769,0.326351610990907,0.517799712914958,1.7390041746691,40,"ENSG00000110074;ENSG00000110717;ENSG00000130159;ENSG00000145494;ENSG00000178057;ENSG00000074582;ENSG00000137038;ENSG00000224877;ENSG00000213619;ENSG00000115286;ENSG00000186010;ENSG00000171202;ENSG00000164258;ENSG00000168653;ENSG00000177646;ENSG00000105341"
"GO","GOCC_FAR_SIN_STRIPAK_COMPLEX",0.00379027163613392,0.0465838829762231,0.34452128726268,-0.648561086580716,-1.80094143038396,17,"ENSG00000077063;ENSG00000128578;ENSG00000115808;ENSG00000052723;ENSG00000196792;ENSG00000102572;ENSG00000163681;ENSG00000115540;ENSG00000143079"
"GO","GOMF_NUCLEAR_LOCALIZATION_SEQUENCE_BINDING",0.00379987333755541,0.0466172866701545,0.34452128726268,-0.588008562614671,-1.79117466759193,24,"ENSG00000124789;ENSG00000089234;ENSG00000137040;ENSG00000139496;ENSG00000108424;ENSG00000196911;ENSG00000083312;ENSG00000205578;ENSG00000065150;ENSG00000114030;ENSG00000110713;ENSG00000196313;ENSG00000025800;ENSG00000102753;ENSG00000157782;ENSG00000185467;ENSG00000126883"
"GO","GOBP_POSITIVE_REGULATION_OF_LIPID_TRANSPORT",0.00381206090523199,0.0466822358955353,0.431707695803346,-0.416398039308309,-1.62132797798361,75,"ENSG00000101670;ENSG00000153162;ENSG00000141655;ENSG00000109320;ENSG00000167034;ENSG00000165029;ENSG00000096717;ENSG00000111684;ENSG00000130203;ENSG00000148344;ENSG00000120659;ENSG00000153246;ENSG00000116171;ENSG00000121207;ENSG00000152422;ENSG00000173163;ENSG00000173918;ENSG00000157978;ENSG00000144747;ENSG00000185920;ENSG00000069482;ENSG00000166573;ENSG00000178752;ENSG00000124406;ENSG00000170456"
"GO","GOBP_POSITIVE_REGULATION_OF_INFLAMMASOME_MEDIATED_SIGNALING_PATHWAY",0.0038265306122449,0.0467701091210461,0.34452128726268,-0.532827921344369,-1.72243195279752,31,"ENSG00000239732;ENSG00000150457;ENSG00000036828;ENSG00000107643;ENSG00000154451;ENSG00000215301;ENSG00000198060;ENSG00000005100;ENSG00000131023;ENSG00000151414;ENSG00000197943;ENSG00000156599;ENSG00000184304;ENSG00000099337"
"GO","GOBP_POSITIVE_REGULATION_OF_BLOOD_VESSEL_ENDOTHELIAL_CELL_MIGRATION",0.00383304940374787,0.0467701091210461,0.34452128726268,-0.449553403266731,-1.63468938335871,53,"ENSG00000134954;ENSG00000109458;ENSG00000096717;ENSG00000099250;ENSG00000138685;ENSG00000185591;ENSG00000153989;ENSG00000100311;ENSG00000100644;ENSG00000011405;ENSG00000156427;ENSG00000117020;ENSG00000069702;ENSG00000112715;ENSG00000073756;ENSG00000097007"
"GO","GOBP_HOMEOSTASIS_OF_NUMBER_OF_CELLS_WITHIN_A_TISSUE",0.00385026737967914,0.0468115093270865,0.34452128726268,-0.518154642906456,-1.74084112383187,37,"ENSG00000104432;ENSG00000179295;ENSG00000128602;ENSG00000204120;ENSG00000118058;ENSG00000107798;ENSG00000117020;ENSG00000112715;ENSG00000181104;ENSG00000125398;ENSG00000133703;ENSG00000174564;ENSG00000171791;ENSG00000152223;ENSG00000078725"
"GO","GOBP_HEART_TRABECULA_MORPHOGENESIS",0.00384533219397565,0.0468115093270865,0.34452128726268,-0.525819076476104,-1.71031521071306,32,"ENSG00000115641;ENSG00000164683;ENSG00000112175;ENSG00000112414;ENSG00000157168;ENSG00000125686;ENSG00000115904;ENSG00000171316;ENSG00000069702;ENSG00000107779;ENSG00000168214;ENSG00000135766;ENSG00000130939;ENSG00000135547"
"GO","GOMF_PROTEIN_TYROSINE_PHOSPHATASE_ACTIVITY",0.00386539975480235,0.0469112672751282,0.431707695803346,-0.385388066781686,-1.56424924464677,95,"ENSG00000143507;ENSG00000163629;ENSG00000167065;ENSG00000003987;ENSG00000064655;ENSG00000179295;ENSG00000081237;ENSG00000152894;ENSG00000106278;ENSG00000081377;ENSG00000158161;ENSG00000112679;ENSG00000084112;ENSG00000188542;ENSG00000088179;ENSG00000196090;ENSG00000204179;ENSG00000151490;ENSG00000153707;ENSG00000110536;ENSG00000206527;ENSG00000120875;ENSG00000105426;ENSG00000132670;ENSG00000196396;ENSG00000138166;ENSG00000169398;ENSG00000143727;ENSG00000184545;ENSG00000153233;ENSG00000164086;ENSG00000127947;ENSG00000112425"
"GO","GOMF_MYOSIN_BINDING",0.00388768898488121,0.0470973699563784,0.34452128726268,-0.41989530214939,-1.59830294176534,67,"ENSG00000064042;ENSG00000132122;ENSG00000198947;ENSG00000115993;ENSG00000084733;ENSG00000145087;ENSG00000161270;ENSG00000041353;ENSG00000144191;ENSG00000124198;ENSG00000164715;ENSG00000092439;ENSG00000006451;ENSG00000164506;ENSG00000121966;ENSG00000182606;ENSG00000175582;ENSG00000119396;ENSG00000028203"
"GO","GOMF_ISOMERASE_ACTIVITY",0.00391011449103036,0.0472844559522457,0.407017918923954,-0.275832471096675,-1.33972411090216,424,"ENSG00000155660;ENSG00000184164;ENSG00000158486;ENSG00000143870;ENSG00000136492;ENSG00000165732;ENSG00000187240;ENSG00000071794;ENSG00000023318;ENSG00000157483;ENSG00000107290;ENSG00000096060;ENSG00000144821;ENSG00000111817;ENSG00000088205;ENSG00000079150;ENSG00000095564;ENSG00000182150;ENSG00000146414;ENSG00000108406;ENSG00000064703;ENSG00000197275;ENSG00000133835;ENSG00000113522;ENSG00000185615;ENSG00000109606;ENSG00000112249;ENSG00000159433;ENSG00000165392;ENSG00000162927;ENSG00000071909;ENSG00000139116;ENSG00000148344;ENSG00000215301;ENSG00000163214;ENSG00000118997;ENSG00000115423;ENSG00000145907;ENSG00000168280;ENSG00000054523;ENSG00000156414;ENSG00000133026;ENSG00000165115;ENSG00000004700;ENSG00000198265;ENSG00000197535;ENSG00000079739;ENSG00000129317;ENSG00000021776;ENSG00000131437;ENSG00000066933;ENSG00000145833;ENSG00000120658;ENSG00000197653;ENSG00000139921;ENSG00000091127;ENSG00000005100;ENSG00000164080;ENSG00000100201;ENSG00000113790;ENSG00000159921;ENSG00000165832;ENSG00000174953;ENSG00000068796;ENSG00000101350;ENSG00000167004;ENSG00000170759;ENSG00000163703;ENSG00000166479;ENSG00000145555;ENSG00000114841;ENSG00000259207;ENSG00000100697;ENSG00000065485;ENSG00000172716;ENSG00000167306;ENSG00000163281;ENSG00000183914;ENSG00000153147;ENSG00000185250;ENSG00000239264;ENSG00000110367;ENSG00000143753;ENSG00000165434;ENSG00000102081;ENSG00000085224;ENSG00000225830;ENSG00000020922;ENSG00000128641;ENSG00000125485;ENSG00000171451;ENSG00000153201;ENSG00000158560;ENSG00000197102;ENSG00000138604;ENSG00000198900;ENSG00000197713;ENSG00000067048;ENSG00000066735;ENSG00000077380;ENSG00000076003;ENSG00000144028"
"GO","GOMF_HISTONE_H3_READER_ACTIVITY",0.00393292403167124,0.0474451709596051,0.407017918923954,-0.428664968364533,-1.64420082215612,69,"ENSG00000166446;ENSG00000206559;ENSG00000165632;ENSG00000153046;ENSG00000172943;ENSG00000071794;ENSG00000170234;ENSG00000153487;ENSG00000204271;ENSG00000153922;ENSG00000005483;ENSG00000106723;ENSG00000138685;ENSG00000204256;ENSG00000186767;ENSG00000178691;ENSG00000102081;ENSG00000085224;ENSG00000122779;ENSG00000116254;ENSG00000197724;ENSG00000015171;ENSG00000130816;ENSG00000143033;ENSG00000169925;ENSG00000196199;ENSG00000159256"
"GO","GOBP_IMMUNE_SYSTEM_DEVELOPMENT",0.00393741672759865,0.0474451709596051,0.407017918923954,-0.323117858033228,-1.44749152616804,193,"ENSG00000166888;ENSG00000130584;ENSG00000141655;ENSG00000182389;ENSG00000008083;ENSG00000163513;ENSG00000081237;ENSG00000186265;ENSG00000135077;ENSG00000169032;ENSG00000162769;ENSG00000117407;ENSG00000114315;ENSG00000143365;ENSG00000174405;ENSG00000073861;ENSG00000161217;ENSG00000084073;ENSG00000118058;ENSG00000118503;ENSG00000107798;ENSG00000110066;ENSG00000157764;ENSG00000056586;ENSG00000095002;ENSG00000072274;ENSG00000117586;ENSG00000126804;ENSG00000097007;ENSG00000253729;ENSG00000152422;ENSG00000104320;ENSG00000100030;ENSG00000078747;ENSG00000136536;ENSG00000080345;ENSG00000171791;ENSG00000138795;ENSG00000099942;ENSG00000164136;ENSG00000100811;ENSG00000113318;ENSG00000136161;ENSG00000175505;ENSG00000153094;ENSG00000147883;ENSG00000114423;ENSG00000149311;ENSG00000160710;ENSG00000166949;ENSG00000109685;ENSG00000135945;ENSG00000122512;ENSG00000157212;ENSG00000145041;ENSG00000126226;ENSG00000169621;ENSG00000122376;ENSG00000182580;ENSG00000175097;ENSG00000081913;ENSG00000198087;ENSG00000162337;ENSG00000162775;ENSG00000142611;ENSG00000133789;ENSG00000161955;ENSG00000106799;ENSG00000140743;ENSG00000204103;ENSG00000253251;ENSG00000168036;ENSG00000198846;ENSG00000109705;ENSG00000174807;ENSG00000185630;ENSG00000223496;ENSG00000184058"
"GO","GOBP_REGULATION_OF_EXTENT_OF_CELL_GROWTH",0.00396301188903567,0.0476249573905475,0.34452128726268,-0.379487444787544,-1.54321573430081,97,"ENSG00000053108;ENSG00000171517;ENSG00000114251;ENSG00000115414;ENSG00000138623;ENSG00000099250;ENSG00000131711;ENSG00000078018;ENSG00000127870;ENSG00000167178;ENSG00000127603;ENSG00000130203;ENSG00000091129;ENSG00000112902;ENSG00000112715;ENSG00000163785;ENSG00000008086;ENSG00000097007;ENSG00000082701;ENSG00000137872;ENSG00000221866;ENSG00000133104;ENSG00000007168;ENSG00000105426;ENSG00000163539;ENSG00000066084;ENSG00000055917;ENSG00000204217;ENSG00000187764"
"GO","GOBP_LOCOMOTORY_BEHAVIOR",0.00396640223985068,0.0476249573905475,0.354819512103747,-0.31646910316633,-1.42745284130625,206,"ENSG00000171094;ENSG00000197587;ENSG00000173175;ENSG00000182389;ENSG00000116106;ENSG00000085788;ENSG00000141458;ENSG00000203737;ENSG00000085433;ENSG00000170775;ENSG00000104133;ENSG00000115808;ENSG00000109572;ENSG00000204120;ENSG00000018236;ENSG00000080644;ENSG00000111664;ENSG00000141027;ENSG00000084073;ENSG00000130203;ENSG00000153266;ENSG00000149295;ENSG00000171316;ENSG00000034053;ENSG00000136842;ENSG00000140836;ENSG00000197045;ENSG00000095139;ENSG00000007168;ENSG00000198793;ENSG00000164305;ENSG00000064393;ENSG00000113262;ENSG00000107736;ENSG00000157045;ENSG00000134644;ENSG00000142192;ENSG00000173406;ENSG00000135049;ENSG00000107282;ENSG00000177807;ENSG00000140396;ENSG00000164326;ENSG00000063015;ENSG00000109738;ENSG00000069482;ENSG00000183826;ENSG00000105464;ENSG00000116329;ENSG00000101349;ENSG00000131094;ENSG00000198825;ENSG00000188909;ENSG00000159208;ENSG00000153234;ENSG00000164209;ENSG00000100095;ENSG00000151491;ENSG00000040531;ENSG00000182372;ENSG00000143995;ENSG00000055732;ENSG00000162951;ENSG00000114279;ENSG00000164900;ENSG00000174804;ENSG00000003393;ENSG00000150361;ENSG00000113369;ENSG00000197969;ENSG00000165699;ENSG00000169057;ENSG00000172260;ENSG00000120925;ENSG00000133424;ENSG00000104327;ENSG00000116147"
"GO","GOBP_REGULATION_OF_GTPASE_ACTIVITY",0.0039814200398142,0.0477206663887111,0.34452128726268,-0.364126687187905,-1.52815491563255,118,"ENSG00000109756;ENSG00000135905;ENSG00000116106;ENSG00000088387;ENSG00000154096;ENSG00000141433;ENSG00000173848;ENSG00000111490;ENSG00000130340;ENSG00000107036;ENSG00000137936;ENSG00000071189;ENSG00000143398;ENSG00000170471;ENSG00000160208;ENSG00000174373;ENSG00000088280;ENSG00000107560;ENSG00000158987;ENSG00000011454;ENSG00000125875;ENSG00000166579;ENSG00000118873;ENSG00000186716;ENSG00000180263;ENSG00000130147;ENSG00000196712;ENSG00000188559;ENSG00000114346;ENSG00000145979;ENSG00000148429;ENSG00000086598;ENSG00000183323;ENSG00000148908;ENSG00000097096;ENSG00000132613;ENSG00000187764;ENSG00000139132;ENSG00000150093;ENSG00000146085;ENSG00000066248;ENSG00000006740;ENSG00000182901;ENSG00000198855;ENSG00000067208;ENSG00000077585;ENSG00000148053;ENSG00000112276;ENSG00000066777"
"GO","GOBP_STRESS_GRANULE_ASSEMBLY",0.0040092846592108,0.0479697450745151,0.335068558717014,-0.522422378071064,-1.74182997786861,35,"ENSG00000147894;ENSG00000138757;ENSG00000215301;ENSG00000145907;ENSG00000117523;ENSG00000185728;ENSG00000132356;ENSG00000151746;ENSG00000257103;ENSG00000110367;ENSG00000135387;ENSG00000102081;ENSG00000134001;ENSG00000116001;ENSG00000197102;ENSG00000055917;ENSG00000087263;ENSG00000009307;ENSG00000183283;ENSG00000149658;ENSG00000143569;ENSG00000186868"
"GO","GOBP_POSITIVE_REGULATION_OF_VIRAL_GENOME_REPLICATION",0.0040391156462585,0.0482414306110451,0.335068558717014,-0.530115783696208,-1.71366463344648,31,"ENSG00000197381;ENSG00000124164;ENSG00000096063;ENSG00000215301;ENSG00000124214;ENSG00000070756;ENSG00000198791;ENSG00000074696;ENSG00000077097;ENSG00000176142;ENSG00000065243;ENSG00000135250;ENSG00000160710;ENSG00000131747"
"GO","GOBP_NEUROEPITHELIAL_CELL_DIFFERENTIATION",0.0040663860001923,0.0483115192864952,0.407017918923954,-0.530916980889112,-1.75656810524866,34,"ENSG00000124766;ENSG00000170558;ENSG00000131711;ENSG00000114315;ENSG00000185002;ENSG00000138685;ENSG00000139352;ENSG00000205339;ENSG00000173404;ENSG00000097007;ENSG00000138795;ENSG00000172216;ENSG00000064195"
"GO","GOBP_ACYL_COA_BIOSYNTHETIC_PROCESS",0.00405290102389078,0.0483115192864952,0.335068558717014,-0.436129050307096,-1.61631110128713,57,"ENSG00000164181;ENSG00000164398;ENSG00000196511;ENSG00000140284;ENSG00000150768;ENSG00000278540;ENSG00000123983;ENSG00000149084;ENSG00000131473;ENSG00000197977;ENSG00000152256;ENSG00000004799;ENSG00000131828;ENSG00000206527;ENSG00000068366;ENSG00000012660;ENSG00000255154;ENSG00000127125;ENSG00000090857;ENSG00000164951;ENSG00000160305;ENSG00000146085;ENSG00000076555;ENSG00000145439;ENSG00000102144;ENSG00000151726;ENSG00000118402"
"GO","GOBP_ENDOTHELIAL_CELL_PROLIFERATION",0.004062288422478,0.0483115192864952,0.34452128726268,-0.35053885371157,-1.49740083030496,136,"ENSG00000153162;ENSG00000114251;ENSG00000140945;ENSG00000117707;ENSG00000169031;ENSG00000186810;ENSG00000051523;ENSG00000164327;ENSG00000096717;ENSG00000099250;ENSG00000164619;ENSG00000075711;ENSG00000138685;ENSG00000185591;ENSG00000153989;ENSG00000213281;ENSG00000100311;ENSG00000100644;ENSG00000156427;ENSG00000130203;ENSG00000107798;ENSG00000112902;ENSG00000117020;ENSG00000112715;ENSG00000136110;ENSG00000115232;ENSG00000196712;ENSG00000259207;ENSG00000113296;ENSG00000185551;ENSG00000144891;ENSG00000108691;ENSG00000101445;ENSG00000118257;ENSG00000178607;ENSG00000154229;ENSG00000204217;ENSG00000183943;ENSG00000029364"
"GO","GOBP_REGULATION_OF_POSTSYNAPTIC_NEUROTRANSMITTER_RECEPTOR_INTERNALIZATION",0.00407900386431945,0.0483765572139603,0.335068558717014,-0.564877855010321,-1.76707910316305,27,"ENSG00000144711;ENSG00000109189;ENSG00000129204;ENSG00000157168;ENSG00000124313;ENSG00000221823;ENSG00000006451;ENSG00000127946;ENSG00000259207;ENSG00000125266;ENSG00000198576;ENSG00000138138;ENSG00000079482;ENSG00000114423"
"GO","GOBP_IMMUNE_RESPONSE_REGULATING_CELL_SURFACE_RECEPTOR_SIGNALING_PATHWAY",0.0040983606557377,0.0485211509801674,0.354819512103747,-0.287591993637382,-1.35308052014457,302,"ENSG00000184588;ENSG00000146072;ENSG00000204516;ENSG00000145675;ENSG00000182389;ENSG00000109320;ENSG00000117280;ENSG00000154096;ENSG00000010810;ENSG00000117228;ENSG00000083799;ENSG00000179295;ENSG00000081237;ENSG00000051523;ENSG00000136573;ENSG00000186265;ENSG00000004468;ENSG00000153064;ENSG00000101096;ENSG00000107643;ENSG00000142867;ENSG00000112679;ENSG00000007171;ENSG00000197405;ENSG00000203710;ENSG00000198961;ENSG00000171867;ENSG00000157500;ENSG00000197329;ENSG00000155629;ENSG00000131323;ENSG00000196950;ENSG00000115904;ENSG00000060237;ENSG00000118503;ENSG00000107560;ENSG00000085449;ENSG00000095015;ENSG00000107798;ENSG00000151422;ENSG00000157764;ENSG00000056586;ENSG00000136044;ENSG00000165810;ENSG00000176105;ENSG00000166167;ENSG00000005339;ENSG00000117322;ENSG00000187554;ENSG00000097007;ENSG00000196776;ENSG00000110031;ENSG00000174600;ENSG00000184374;ENSG00000272398;ENSG00000100030;ENSG00000110395;ENSG00000104312;ENSG00000171791;ENSG00000141424;ENSG00000188313;ENSG00000107679;ENSG00000100393;ENSG00000099942;ENSG00000213341;ENSG00000113303;ENSG00000065559"
"GO","GOMF_GDP_BINDING",0.00412486375550737,0.0487496986951062,0.407017918923954,-0.431903381465981,-1.62909487928929,63,"ENSG00000117280;ENSG00000117228;ENSG00000166128;ENSG00000084733;ENSG00000165527;ENSG00000125249;ENSG00000134108;ENSG00000123728;ENSG00000041353;ENSG00000144566;ENSG00000157869;ENSG00000168461;ENSG00000124209;ENSG00000006451;ENSG00000144635;ENSG00000099246;ENSG00000113595;ENSG00000133703;ENSG00000123570;ENSG00000119396;ENSG00000143878;ENSG00000127955;ENSG00000100335;ENSG00000134533;ENSG00000126858;ENSG00000111737;ENSG00000144118;ENSG00000111540;ENSG00000025039;ENSG00000108774;ENSG00000116954;ENSG00000164949;ENSG00000169213"
"GO","GOBP_APPENDAGE_DEVELOPMENT",0.00414460050656228,0.0488976213073864,0.34452128726268,-0.323563924406147,-1.44035026309735,183,"ENSG00000114166;ENSG00000114251;ENSG00000183579;ENSG00000204104;ENSG00000187240;ENSG00000156150;ENSG00000102678;ENSG00000144320;ENSG00000162769;ENSG00000253293;ENSG00000116285;ENSG00000174279;ENSG00000091436;ENSG00000139174;ENSG00000164066;ENSG00000078246;ENSG00000125686;ENSG00000146535;ENSG00000128714;ENSG00000073712;ENSG00000171316;ENSG00000056586;ENSG00000183762;ENSG00000128881;ENSG00000187676;ENSG00000005339;ENSG00000107779;ENSG00000152601;ENSG00000076356;ENSG00000125398;ENSG00000105983;ENSG00000104331;ENSG00000164190;ENSG00000085224;ENSG00000164930;ENSG00000131127;ENSG00000182197;ENSG00000138795;ENSG00000075223;ENSG00000066468;ENSG00000172819;ENSG00000204217;ENSG00000185920;ENSG00000153094;ENSG00000150893"
"GO","GOBP_NEGATIVE_REGULATION_OF_APOPTOTIC_SIGNALING_PATHWAY",0.00416084779299551,0.0490039326159402,0.407017918923954,-0.311957484235837,-1.41866189771195,218,"ENSG00000051108;ENSG00000149428;ENSG00000104432;ENSG00000107731;ENSG00000164879;ENSG00000064655;ENSG00000148841;ENSG00000010810;ENSG00000104205;ENSG00000001084;ENSG00000096717;ENSG00000112175;ENSG00000099250;ENSG00000169032;ENSG00000158161;ENSG00000154447;ENSG00000115170;ENSG00000157168;ENSG00000138685;ENSG00000139687;ENSG00000198836;ENSG00000166170;ENSG00000171560;ENSG00000100644;ENSG00000131467;ENSG00000215301;ENSG00000118503;ENSG00000101843;ENSG00000023909;ENSG00000073756;ENSG00000082146;ENSG00000170633;ENSG00000116679;ENSG00000082701;ENSG00000115760;ENSG00000003402;ENSG00000048392;ENSG00000136536;ENSG00000085721;ENSG00000168283;ENSG00000171791;ENSG00000070770;ENSG00000138448;ENSG00000181788;ENSG00000015171;ENSG00000146247;ENSG00000012048;ENSG00000157613;ENSG00000197386;ENSG00000196396;ENSG00000119401;ENSG00000170242;ENSG00000101349;ENSG00000157240;ENSG00000147140;ENSG00000168610;ENSG00000181061;ENSG00000187556;ENSG00000132436;ENSG00000101266;ENSG00000183255;ENSG00000153234;ENSG00000100219;ENSG00000060138;ENSG00000135679"
"GO","GOBP_POSITIVE_REGULATION_OF_AMYLOID_BETA_FORMATION",0.00422119037568594,0.0496283007363632,0.326351610990907,-0.629305567564864,-1.77494764598373,18,"ENSG00000116106;ENSG00000134318;ENSG00000185591;ENSG00000130203;ENSG00000073921;ENSG00000164305;ENSG00000151229"
"GO","GOBP_DOSAGE_COMPENSATION_BY_INACTIVATION_OF_X_CHROMOSOME",0.00429874845380954,0.0496700576758727,0.407017918923954,-0.60873063709779,-1.81131050945515,22,"ENSG00000153046;ENSG00000008083;ENSG00000180628;ENSG00000101596;ENSG00000131263;ENSG00000185619;ENSG00000178691;ENSG00000065526;ENSG00000121931;ENSG00000113648;ENSG00000012048;ENSG00000165119;ENSG00000083896;ENSG00000259956;ENSG00000162775;ENSG00000143815"
"GO","GOMF_GLYCEROPHOSPHOLIPID_FLIPPASE_ACTIVITY",0.00437135720233139,0.0496700576758727,0.318279675040437,-0.725062011350182,-1.79454490960389,11,"ENSG00000168389;ENSG00000143515;ENSG00000085563;ENSG00000068650;ENSG00000118322;ENSG00000124406;ENSG00000081923;ENSG00000132932;ENSG00000167972"
"GO","GOBP_POSITIVE_REGULATION_OF_MACROPHAGE_CYTOKINE_PRODUCTION",0.00437135720233139,0.0496700576758727,0.318279675040437,-0.724984922373543,-1.79435411263971,11,"ENSG00000159674;ENSG00000114251;ENSG00000138623;ENSG00000096717"
"GO","GOBP_POSITIVE_REGULATION_OF_CELL_SUBSTRATE_JUNCTION_ORGANIZATION",0.00426995212361627,0.0496700576758727,0.407017918923954,-0.561096913873145,-1.78198552639773,29,"ENSG00000144711;ENSG00000145675;ENSG00000154096;ENSG00000165527;ENSG00000099250;ENSG00000067900;ENSG00000073712;ENSG00000112715;ENSG00000097007;ENSG00000071054;ENSG00000206560;ENSG00000166974;ENSG00000166949;ENSG00000115109"
"GO","GOBP_NEGATIVE_REGULATION_OF_PLASMA_MEMBRANE_BOUNDED_CELL_PROJECTION_ASSEMBLY",0.00426166631152781,0.0496700576758727,0.326351610990907,-0.486099612208742,-1.6787527768547,41,"ENSG00000111490;ENSG00000084733;ENSG00000184292;ENSG00000145147;ENSG00000107104;ENSG00000182504;ENSG00000103540;ENSG00000127328;ENSG00000070087;ENSG00000169641;ENSG00000051825;ENSG00000179915;ENSG00000050405;ENSG00000131725;ENSG00000145979;ENSG00000136536;ENSG00000111837;ENSG00000119401;ENSG00000122417;ENSG00000006740;ENSG00000047849"
"GO","GOBP_RESPONSE_TO_NERVE_GROWTH_FACTOR",0.00426348326582818,0.0496700576758727,0.326351610990907,-0.458544541762938,-1.64190692782034,49,"ENSG00000109756;ENSG00000114331;ENSG00000165527;ENSG00000114315;ENSG00000129159;ENSG00000134313;ENSG00000108061;ENSG00000166006;ENSG00000118260;ENSG00000138592;ENSG00000171634;ENSG00000134243;ENSG00000101811;ENSG00000110395;ENSG00000143799;ENSG00000142192;ENSG00000196396;ENSG00000118689;ENSG00000111737;ENSG00000103319;ENSG00000148053;ENSG00000198087"
"GO","GOBP_GLYCOSPHINGOLIPID_METABOLIC_PROCESS",0.00429000429000429,0.0496700576758727,0.326351610990907,-0.412046974344839,-1.58828897641151,71,"ENSG00000008513;ENSG00000003056;ENSG00000204099;ENSG00000100422;ENSG00000138760;ENSG00000148154;ENSG00000176597;ENSG00000090054;ENSG00000106086;ENSG00000100596;ENSG00000118276;ENSG00000172461;ENSG00000162630;ENSG00000132356;ENSG00000125304;ENSG00000115525;ENSG00000143753;ENSG00000095794;ENSG00000184005;ENSG00000174607;ENSG00000143418;ENSG00000105855;ENSG00000196371;ENSG00000119537;ENSG00000101638;ENSG00000169255;ENSG00000111728;ENSG00000136840;ENSG00000163932;ENSG00000176920;ENSG00000157404;ENSG00000133424;ENSG00000158470;ENSG00000140557;ENSG00000049860;ENSG00000162139;ENSG00000165389;ENSG00000144455;ENSG00000117069;ENSG00000174951"
"GO","GOBP_PROTEOGLYCAN_BIOSYNTHETIC_PROCESS",0.00436875133741801,0.0496700576758727,0.407017918923954,-0.402097222682541,-1.58274661831401,80,"ENSG00000008513;ENSG00000109956;ENSG00000109814;ENSG00000116704;ENSG00000170340;ENSG00000153936;ENSG00000111817;ENSG00000151348;ENSG00000164100;ENSG00000154080;ENSG00000169826;ENSG00000175229;ENSG00000175040;ENSG00000249853;ENSG00000169105;ENSG00000131873;ENSG00000124302;ENSG00000185352;ENSG00000125304;ENSG00000198108;ENSG00000171451;ENSG00000182197;ENSG00000138604;ENSG00000204217;ENSG00000116199;ENSG00000155893"
"GO","GOBP_NEGATIVE_REGULATION_OF_NEURON_DIFFERENTIATION",0.00431965442764579,0.0496700576758727,0.326351610990907,-0.414670141369836,-1.57841372223274,67,"ENSG00000101384;ENSG00000138136;ENSG00000164683;ENSG00000115844;ENSG00000101752;ENSG00000179218;ENSG00000181449;ENSG00000114315;ENSG00000139352;ENSG00000144619;ENSG00000125686;ENSG00000108576;ENSG00000108061;ENSG00000153266;ENSG00000125398;ENSG00000082701;ENSG00000110367;ENSG00000128829;ENSG00000140382;ENSG00000118689;ENSG00000178764;ENSG00000163608;ENSG00000177508;ENSG00000151615;ENSG00000143995;ENSG00000170075;ENSG00000198719;ENSG00000134595;ENSG00000066279;ENSG00000185630;ENSG00000011304"
"GO","GOMF_TRANSMEMBRANE_RECEPTOR_PROTEIN_KINASE_ACTIVITY",0.00432245515452777,0.0496700576758727,0.326351610990907,-0.400956866057199,-1.57021867495247,77,"ENSG00000145242;ENSG00000171094;ENSG00000116106;ENSG00000185483;ENSG00000163513;ENSG00000143590;ENSG00000105976;ENSG00000099250;ENSG00000123612;ENSG00000197081;ENSG00000115170;ENSG00000146904;ENSG00000150938;ENSG00000069702;ENSG00000163785;ENSG00000107779;ENSG00000121989;ENSG00000066468;ENSG00000127418;ENSG00000118257;ENSG00000114739;ENSG00000171243;ENSG00000104213;ENSG00000204217"
"GO","GOBP_MOLTING_CYCLE_PROCESS",0.00436585898275486,0.0496700576758727,0.326351610990907,-0.381955795817942,-1.54513345271541,93,"ENSG00000114251;ENSG00000175893;ENSG00000134363;ENSG00000062038;ENSG00000128602;ENSG00000037474;ENSG00000164066;ENSG00000115904;ENSG00000084073;ENSG00000127863;ENSG00000130702;ENSG00000151748;ENSG00000125398;ENSG00000168214;ENSG00000196712;ENSG00000144749;ENSG00000101311;ENSG00000006607;ENSG00000164930;ENSG00000104290;ENSG00000171791;ENSG00000182197;ENSG00000066468;ENSG00000064195;ENSG00000122641;ENSG00000171243;ENSG00000055917;ENSG00000173083;ENSG00000069482;ENSG00000203883;ENSG00000205213;ENSG00000125780"
"GO","GOBP_ENDOPLASMIC_RETICULUM_TO_GOLGI_VESICLE_MEDIATED_TRANSPORT",0.00428603654410106,0.0496700576758727,0.335068558717014,-0.344052728705963,-1.47544836765121,140,"ENSG00000149428;ENSG00000117280;ENSG00000177752;ENSG00000124164;ENSG00000134970;ENSG00000180398;ENSG00000138802;ENSG00000150961;ENSG00000136874;ENSG00000170348;ENSG00000138768;ENSG00000107651;ENSG00000120341;ENSG00000100934;ENSG00000075790;ENSG00000125875;ENSG00000154305;ENSG00000153339;ENSG00000095139;ENSG00000137642;ENSG00000182158;ENSG00000122218;ENSG00000074695;ENSG00000086598;ENSG00000184432;ENSG00000256060;ENSG00000236761;ENSG00000047932;ENSG00000115216;ENSG00000160218;ENSG00000129083;ENSG00000138674;ENSG00000100815;ENSG00000021574;ENSG00000117500;ENSG00000271079;ENSG00000108587;ENSG00000036257;ENSG00000079332;ENSG00000197121;ENSG00000150527;ENSG00000165280;ENSG00000101310;ENSG00000119787;ENSG00000265808;ENSG00000113615;ENSG00000181704;ENSG00000113597;ENSG00000093183;ENSG00000158604;ENSG00000119414;ENSG00000111711;ENSG00000136152;ENSG00000158623;ENSG00000156232;ENSG00000124333;ENSG00000151532;ENSG00000138069"
"GO","GOBP_VESICLE_MEDIATED_TRANSPORT_TO_THE_PLASMA_MEMBRANE",0.00430402989679251,0.0496700576758727,0.407017918923954,-0.328905959257894,-1.45456671363671,174,"ENSG00000162852;ENSG00000148158;ENSG00000114331;ENSG00000166128;ENSG00000017260;ENSG00000138688;ENSG00000084733;ENSG00000165527;ENSG00000151458;ENSG00000122574;ENSG00000138760;ENSG00000112685;ENSG00000113384;ENSG00000145087;ENSG00000104219;ENSG00000147164;ENSG00000123983;ENSG00000124198;ENSG00000091317;ENSG00000168461;ENSG00000144036;ENSG00000127603;ENSG00000164715;ENSG00000013016;ENSG00000127328;ENSG00000108389;ENSG00000147533;ENSG00000125149;ENSG00000115504;ENSG00000023892;ENSG00000138078;ENSG00000164506;ENSG00000131242;ENSG00000184811;ENSG00000173163;ENSG00000137642;ENSG00000120992;ENSG00000135968;ENSG00000166900;ENSG00000119396;ENSG00000143376;ENSG00000085832;ENSG00000070367;ENSG00000152223;ENSG00000047932;ENSG00000143457;ENSG00000211456;ENSG00000179841;ENSG00000105186;ENSG00000049245;ENSG00000198825;ENSG00000111737;ENSG00000006740;ENSG00000124222;ENSG00000155974;ENSG00000157538;ENSG00000155754;ENSG00000103769;ENSG00000125633;ENSG00000151502;ENSG00000137177;ENSG00000151150;ENSG00000112276;ENSG00000054793;ENSG00000114744;ENSG00000021762;ENSG00000116903;ENSG00000171603;ENSG00000132549;ENSG00000138190;ENSG00000073969"
"GO","GOMF_CARBOXYLIC_ACID_TRANSMEMBRANE_TRANSPORTER_ACTIVITY",0.00436781609195402,0.0496700576758727,0.335068558717014,-0.326855037819327,-1.44562473950011,175,"ENSG00000139209;ENSG00000103222;ENSG00000125675;ENSG00000137491;ENSG00000183454;ENSG00000116704;ENSG00000182771;ENSG00000140284;ENSG00000139514;ENSG00000125257;ENSG00000164933;ENSG00000149403;ENSG00000168389;ENSG00000003989;ENSG00000152578;ENSG00000103064;ENSG00000085563;ENSG00000149150;ENSG00000131389;ENSG00000180773;ENSG00000023839;ENSG00000004864;ENSG00000089057;ENSG00000112394;ENSG00000155850;ENSG00000165449;ENSG00000163873;ENSG00000171189;ENSG00000134294;ENSG00000103257;ENSG00000172940;ENSG00000117528;ENSG00000118596;ENSG00000147100;ENSG00000158296;ENSG00000152208;ENSG00000105464;ENSG00000164466;ENSG00000110436;ENSG00000117479;ENSG00000174502;ENSG00000116032;ENSG00000092068;ENSG00000139974;ENSG00000108932;ENSG00000102743;ENSG00000163959;ENSG00000105281;ENSG00000017483;ENSG00000013293;ENSG00000123643;ENSG00000138074;ENSG00000040531;ENSG00000165349"
"GO","GOBP_NEGATIVE_REGULATION_OF_CELL_CELL_ADHESION",0.00434981684981685,0.0496700576758727,0.335068558717014,-0.323068845603751,-1.43667008679271,181,"ENSG00000153162;ENSG00000146072;ENSG00000121210;ENSG00000101384;ENSG00000076641;ENSG00000010810;ENSG00000179295;ENSG00000096968;ENSG00000128791;ENSG00000186265;ENSG00000135077;ENSG00000169032;ENSG00000112679;ENSG00000014123;ENSG00000111252;ENSG00000203710;ENSG00000075711;ENSG00000171867;ENSG00000151882;ENSG00000197329;ENSG00000073861;ENSG00000135919;ENSG00000060237;ENSG00000136235;ENSG00000100014;ENSG00000056586;ENSG00000050030;ENSG00000112715;ENSG00000081181;ENSG00000117586;ENSG00000139921;ENSG00000066336;ENSG00000154305;ENSG00000097007;ENSG00000101665;ENSG00000164305;ENSG00000078747;ENSG00000110395;ENSG00000136536;ENSG00000106948;ENSG00000173918;ENSG00000174564;ENSG00000171150;ENSG00000172216;ENSG00000136630;ENSG00000186951;ENSG00000108946;ENSG00000128567;ENSG00000114423;ENSG00000169398"
"GO","GOBP_REGULATION_OF_VASCULATURE_DEVELOPMENT",0.0043714344912611,0.0496700576758727,0.407017918923954,-0.303830356073877,-1.41366308714472,275,"ENSG00000011465;ENSG00000114251;ENSG00000135298;ENSG00000164307;ENSG00000134954;ENSG00000109458;ENSG00000010810;ENSG00000169031;ENSG00000186810;ENSG00000092421;ENSG00000163513;ENSG00000143590;ENSG00000096717;ENSG00000099250;ENSG00000112414;ENSG00000134318;ENSG00000133639;ENSG00000164619;ENSG00000169583;ENSG00000197405;ENSG00000138685;ENSG00000185591;ENSG00000010327;ENSG00000146904;ENSG00000177932;ENSG00000100644;ENSG00000067900;ENSG00000156427;ENSG00000060237;ENSG00000118503;ENSG00000136235;ENSG00000159399;ENSG00000112902;ENSG00000263001;ENSG00000117020;ENSG00000114378;ENSG00000112715;ENSG00000137845;ENSG00000131845;ENSG00000136110;ENSG00000097007;ENSG00000020181;ENSG00000123908;ENSG00000092847;ENSG00000121966;ENSG00000135821;ENSG00000101230;ENSG00000128165;ENSG00000196712;ENSG00000259207;ENSG00000113296;ENSG00000115966;ENSG00000147649;ENSG00000120332;ENSG00000039537;ENSG00000064393;ENSG00000046604;ENSG00000135048;ENSG00000176170;ENSG00000104067;ENSG00000004399;ENSG00000101445;ENSG00000143878;ENSG00000198561;ENSG00000154229;ENSG00000012048;ENSG00000064651;ENSG00000173083;ENSG00000058668;ENSG00000157613;ENSG00000150093;ENSG00000111961;ENSG00000168610;ENSG00000184481;ENSG00000135766;ENSG00000140092;ENSG00000140992;ENSG00000105855;ENSG00000143494;ENSG00000133121;ENSG00000184304;ENSG00000162434;ENSG00000169330;ENSG00000100219;ENSG00000031698;ENSG00000102144;ENSG00000074842;ENSG00000113578;ENSG00000174059;ENSG00000112531;ENSG00000137573;ENSG00000001631"
"GO","GOBP_REGULATION_OF_CELL_PROJECTION_ASSEMBLY",0.00424128180961357,0.0496700576758727,0.34452128726268,-0.30590133935645,-1.40069836631104,233,"ENSG00000109756;ENSG00000132405;ENSG00000145675;ENSG00000117280;ENSG00000083799;ENSG00000111490;ENSG00000075618;ENSG00000084733;ENSG00000165527;ENSG00000125249;ENSG00000099250;ENSG00000184292;ENSG00000164066;ENSG00000144566;ENSG00000119812;ENSG00000145147;ENSG00000107104;ENSG00000182504;ENSG00000137942;ENSG00000071909;ENSG00000103540;ENSG00000061676;ENSG00000127328;ENSG00000158987;ENSG00000151422;ENSG00000138193;ENSG00000070087;ENSG00000040341;ENSG00000169641;ENSG00000008086;ENSG00000128881;ENSG00000011454;ENSG00000154310;ENSG00000051825;ENSG00000006451;ENSG00000125875;ENSG00000166579;ENSG00000179915;ENSG00000134982;ENSG00000082701;ENSG00000151239;ENSG00000145536;ENSG00000145555;ENSG00000138071;ENSG00000144840;ENSG00000150625;ENSG00000198793;ENSG00000050405;ENSG00000131725;ENSG00000102081;ENSG00000145979;ENSG00000148429;ENSG00000136536;ENSG00000166454;ENSG00000214513;ENSG00000273749;ENSG00000101445;ENSG00000131374;ENSG00000197386;ENSG00000111837;ENSG00000119401;ENSG00000122545;ENSG00000122417;ENSG00000174574;ENSG00000128567;ENSG00000115355;ENSG00000100558;ENSG00000006740;ENSG00000047849;ENSG00000160007;ENSG00000115091;ENSG00000009694;ENSG00000081923;ENSG00000067208;ENSG00000103769;ENSG00000151491"
"GO","GOBP_POSITIVE_REGULATION_OF_CELL_ACTIVATION",0.00431137724550898,0.0496700576758727,0.34452128726268,-0.282754598770517,-1.34327718784854,324,"ENSG00000124766;ENSG00000166888;ENSG00000143507;ENSG00000104432;ENSG00000114251;ENSG00000239732;ENSG00000154096;ENSG00000010810;ENSG00000083799;ENSG00000179295;ENSG00000096968;ENSG00000163513;ENSG00000081237;ENSG00000189079;ENSG00000139514;ENSG00000004468;ENSG00000107968;ENSG00000101096;ENSG00000134352;ENSG00000142867;ENSG00000135077;ENSG00000172349;ENSG00000136518;ENSG00000114315;ENSG00000145868;ENSG00000081985;ENSG00000203710;ENSG00000196924;ENSG00000170027;ENSG00000197329;ENSG00000132842;ENSG00000073861;ENSG00000196950;ENSG00000163939;ENSG00000198836;ENSG00000204256;ENSG00000120659;ENSG00000110066;ENSG00000176105;ENSG00000095002;ENSG00000072274;ENSG00000132356;ENSG00000119927;ENSG00000117586;ENSG00000126804;ENSG00000066336;ENSG00000139613;ENSG00000097007;ENSG00000196776;ENSG00000253729;ENSG00000272398;ENSG00000198793;ENSG00000242574;ENSG00000067606;ENSG00000104164;ENSG00000104312;ENSG00000125266;ENSG00000108175;ENSG00000108691;ENSG00000142192;ENSG00000117335;ENSG00000171150;ENSG00000080345;ENSG00000168283;ENSG00000171791;ENSG00000138795;ENSG00000100393;ENSG00000164136;ENSG00000136630;ENSG00000175505;ENSG00000116977;ENSG00000118689;ENSG00000173473;ENSG00000130024;ENSG00000049618"
"GO","GOBP_MONONUCLEAR_CELL_DIFFERENTIATION",0.00432145677342488,0.0496700576758727,0.407017918923954,-0.271596275432513,-1.33282949600676,480,"ENSG00000008513;ENSG00000124766;ENSG00000166888;ENSG00000143507;ENSG00000130584;ENSG00000104432;ENSG00000124126;ENSG00000069667;ENSG00000155760;ENSG00000121210;ENSG00000135905;ENSG00000145675;ENSG00000138378;ENSG00000198018;ENSG00000239732;ENSG00000083799;ENSG00000163513;ENSG00000081237;ENSG00000189079;ENSG00000198945;ENSG00000116678;ENSG00000134352;ENSG00000096717;ENSG00000072736;ENSG00000196092;ENSG00000163512;ENSG00000110777;ENSG00000284862;ENSG00000154447;ENSG00000136518;ENSG00000203710;ENSG00000081059;ENSG00000143365;ENSG00000139687;ENSG00000132842;ENSG00000174405;ENSG00000073861;ENSG00000125686;ENSG00000115904;ENSG00000163939;ENSG00000198836;ENSG00000148516;ENSG00000204256;ENSG00000100485;ENSG00000136504;ENSG00000118058;ENSG00000107798;ENSG00000171316;ENSG00000157764;ENSG00000056586;ENSG00000112715;ENSG00000095002;ENSG00000217128;ENSG00000117586;ENSG00000117322;ENSG00000126804;ENSG00000066336;ENSG00000139613;ENSG00000153879;ENSG00000134321;ENSG00000097007;ENSG00000168214;ENSG00000115232;ENSG00000253729;ENSG00000101665;ENSG00000003402;ENSG00000168062;ENSG00000144840;ENSG00000115966;ENSG00000198793;ENSG00000113580;ENSG00000222028;ENSG00000067606;ENSG00000135047;ENSG00000143799;ENSG00000115604;ENSG00000104312;ENSG00000108175;ENSG00000174564;ENSG00000142192;ENSG00000117335;ENSG00000171150;ENSG00000168283;ENSG00000171791;ENSG00000138795;ENSG00000172216;ENSG00000172845;ENSG00000100393;ENSG00000122641;ENSG00000154229;ENSG00000164136;ENSG00000100811;ENSG00000136630;ENSG00000113360;ENSG00000113303;ENSG00000175505;ENSG00000116977;ENSG00000154822;ENSG00000077097;ENSG00000118689;ENSG00000128590;ENSG00000150093;ENSG00000173473;ENSG00000130024;ENSG00000057657;ENSG00000049618;ENSG00000171522;ENSG00000197943;ENSG00000168610;ENSG00000016402;ENSG00000149311;ENSG00000181852;ENSG00000111203;ENSG00000163251;ENSG00000196083;ENSG00000066117;ENSG00000105855"
"GO","GOBP_POSITIVE_REGULATION_OF_MAPK_CASCADE",0.00435490809069507,0.0496700576758727,0.407017918923954,-0.272777030067591,-1.32247010022256,416,"ENSG00000171517;ENSG00000109756;ENSG00000141506;ENSG00000114251;ENSG00000155760;ENSG00000141655;ENSG00000116106;ENSG00000239732;ENSG00000141433;ENSG00000111846;ENSG00000170558;ENSG00000036828;ENSG00000179295;ENSG00000096968;ENSG00000081237;ENSG00000170214;ENSG00000138623;ENSG00000135090;ENSG00000153064;ENSG00000102678;ENSG00000168615;ENSG00000134352;ENSG00000099250;ENSG00000135077;ENSG00000169032;ENSG00000156466;ENSG00000112679;ENSG00000170775;ENSG00000137936;ENSG00000154447;ENSG00000134318;ENSG00000118523;ENSG00000064547;ENSG00000164619;ENSG00000181449;ENSG00000197405;ENSG00000157168;ENSG00000138675;ENSG00000198961;ENSG00000138685;ENSG00000100311;ENSG00000141441;ENSG00000171560;ENSG00000067900;ENSG00000181826;ENSG00000156427;ENSG00000130203;ENSG00000198648;ENSG00000120659;ENSG00000136235;ENSG00000177463;ENSG00000140807;ENSG00000149295;ENSG00000073712;ENSG00000170776;ENSG00000132256;ENSG00000157764;ENSG00000015133;ENSG00000112715;ENSG00000163785;ENSG00000160551;ENSG00000127863;ENSG00000181104;ENSG00000128607;ENSG00000154310;ENSG00000008294;ENSG00000066336;ENSG00000005100;ENSG00000179915;ENSG00000097007;ENSG00000133059;ENSG00000113645;ENSG00000171435;ENSG00000105835;ENSG00000003402;ENSG00000259207;ENSG00000064393;ENSG00000109270;ENSG00000169855;ENSG00000067606;ENSG00000197442;ENSG00000104312;ENSG00000176170;ENSG00000173918;ENSG00000182621;ENSG00000142192;ENSG00000066468;ENSG00000178607;ENSG00000122641;ENSG00000154229;ENSG00000099942;ENSG00000137802;ENSG00000164136;ENSG00000170962;ENSG00000164326;ENSG00000108984;ENSG00000196396;ENSG00000111961;ENSG00000197943;ENSG00000139946;ENSG00000158122;ENSG00000147324;ENSG00000106100;ENSG00000075213;ENSG00000078579;ENSG00000140443;ENSG00000004948;ENSG00000104375;ENSG00000196083;ENSG00000161905"
"KEGG","KEGG_RIBOSOME",1.48102359902445e-20,2.73989365819523e-18,1.16906996676109,0.741525356996603,2.8770785307808,87,"ENSG00000198918;ENSG00000163584;ENSG00000112306;ENSG00000143947;ENSG00000265681;ENSG00000177954;ENSG00000197958;ENSG00000167526;ENSG00000108298;ENSG00000100316;ENSG00000145425;ENSG00000144713;ENSG00000166441;ENSG00000138326;ENSG00000124614;ENSG00000198034;ENSG00000182774;ENSG00000171858;ENSG00000231500;ENSG00000130255;ENSG00000161016;ENSG00000170889;ENSG00000115268;ENSG00000109475;ENSG00000172172;ENSG00000186468;ENSG00000172809;ENSG00000142541;ENSG00000163682;ENSG00000114391;ENSG00000122026;ENSG00000063177;ENSG00000198755;ENSG00000105193;ENSG00000177600;ENSG00000089157;ENSG00000241343;ENSG00000134419;ENSG00000142676;ENSG00000142937;ENSG00000105640;ENSG00000136942;ENSG00000149806;ENSG00000233927;ENSG00000110700;ENSG00000145592;ENSG00000168028;ENSG00000122406;ENSG00000213741;ENSG00000197756;ENSG00000174444;ENSG00000108107;ENSG00000171863;ENSG00000083845;ENSG00000137818;ENSG00000188846;ENSG00000105372;ENSG00000071082;ENSG00000131469;ENSG00000008988;ENSG00000165502;ENSG00000162244;ENSG00000129824;ENSG00000182899;ENSG00000156482;ENSG00000147604;ENSG00000148303;ENSG00000197728;ENSG00000118181;ENSG00000140988;ENSG00000142534;ENSG00000221983;ENSG00000198242;ENSG00000125691;ENSG00000161970"
"KEGG","KEGG_PARKINSONS_DISEASE",3.68216926178397e-06,0.000340600656715017,0.627256739718528,0.460846562360934,1.89882244250251,127,"ENSG00000188906;ENSG00000154723;ENSG00000184702;ENSG00000156587;ENSG00000115317;ENSG00000099624;ENSG00000145335;ENSG00000142319;ENSG00000167792;ENSG00000233954;ENSG00000183648;ENSG00000136521;ENSG00000110717;ENSG00000145494;ENSG00000164919;ENSG00000140740;ENSG00000180176;ENSG00000124172;ENSG00000126267;ENSG00000135390;ENSG00000099795;ENSG00000213619;ENSG00000184076;ENSG00000151729;ENSG00000131143;ENSG00000115286;ENSG00000160087;ENSG00000241837;ENSG00000164258;ENSG00000179091;ENSG00000159199;ENSG00000160194;ENSG00000140990;ENSG00000065518;ENSG00000090266;ENSG00000112695;ENSG00000168653;ENSG00000010256;ENSG00000135940;ENSG00000189043;ENSG00000167863;ENSG00000127184;ENSG00000109390;ENSG00000117118;ENSG00000127540;ENSG00000116288;ENSG00000170516;ENSG00000165264;ENSG00000004779;ENSG00000139180;ENSG00000267855;ENSG00000125356;ENSG00000165629;ENSG00000178741;ENSG00000173660;ENSG00000158828;ENSG00000111775;ENSG00000166136;ENSG00000198840"
"KEGG","KEGG_OXIDATIVE_PHOSPHORYLATION",2.20959741740518e-05,0.00136258507406653,0.575610261071129,0.442422555508885,1.82703240365033,129,"ENSG00000154723;ENSG00000099624;ENSG00000167792;ENSG00000233954;ENSG00000183648;ENSG00000107902;ENSG00000136521;ENSG00000110717;ENSG00000145494;ENSG00000164919;ENSG00000140740;ENSG00000124172;ENSG00000126267;ENSG00000135390;ENSG00000110719;ENSG00000099795;ENSG00000213619;ENSG00000184076;ENSG00000174886;ENSG00000169020;ENSG00000131143;ENSG00000115286;ENSG00000241837;ENSG00000164258;ENSG00000179091;ENSG00000159199;ENSG00000160194;ENSG00000140990;ENSG00000065518;ENSG00000090266;ENSG00000112695;ENSG00000168653;ENSG00000010256;ENSG00000135940;ENSG00000189043;ENSG00000167863;ENSG00000241468;ENSG00000127184;ENSG00000138495;ENSG00000109390;ENSG00000117118;ENSG00000127540;ENSG00000116039;ENSG00000128524;ENSG00000170516;ENSG00000165264;ENSG00000004779;ENSG00000117410;ENSG00000139180;ENSG00000267855;ENSG00000125356;ENSG00000165629;ENSG00000178741;ENSG00000173660;ENSG00000185883;ENSG00000111775;ENSG00000166136;ENSG00000198840"
"KEGG","KEGG_JAK_STAT_SIGNALING_PATHWAY",0.000156708948204358,0.00724778885445155,0.518848077743792,-0.408475869533303,-1.71281892903883,120,"ENSG00000166888;ENSG00000104432;ENSG00000122756;ENSG00000141506;ENSG00000159110;ENSG00000145675;ENSG00000138378;ENSG00000179295;ENSG00000096968;ENSG00000116678;ENSG00000134352;ENSG00000081985;ENSG00000115904;ENSG00000100485;ENSG00000180008;ENSG00000117020;ENSG00000243646;ENSG00000113594;ENSG00000005339;ENSG00000274211;ENSG00000131788;ENSG00000170581;ENSG00000110395;ENSG00000174564;ENSG00000131724;ENSG00000171150;ENSG00000115705;ENSG00000100393;ENSG00000164136;ENSG00000175505;ENSG00000114423;ENSG00000168610;ENSG00000016402"
"KEGG","KEGG_AXON_GUIDANCE",0.000318491627786427,0.0114137752535689,0.49849310876659,-0.395794864330599,-1.67452112305565,128,"ENSG00000145242;ENSG00000107731;ENSG00000116106;ENSG00000010810;ENSG00000092421;ENSG00000143590;ENSG00000138623;ENSG00000101096;ENSG00000188386;ENSG00000156687;ENSG00000105976;ENSG00000072736;ENSG00000099250;ENSG00000134318;ENSG00000145147;ENSG00000213281;ENSG00000145715;ENSG00000146904;ENSG00000067900;ENSG00000221823;ENSG00000112902;ENSG00000187446;ENSG00000136040;ENSG00000102908;ENSG00000076356;ENSG00000097007;ENSG00000082701;ENSG00000137872;ENSG00000121966;ENSG00000100030;ENSG00000133703;ENSG00000185008;ENSG00000173210;ENSG00000169855;ENSG00000099204;ENSG00000125266;ENSG00000075223;ENSG00000127955;ENSG00000187764;ENSG00000196914;ENSG00000150093;ENSG00000101349;ENSG00000162068;ENSG00000169398;ENSG00000066248;ENSG00000075213;ENSG00000167680;ENSG00000184349;ENSG00000138814;ENSG00000153993;ENSG00000182580;ENSG00000071051;ENSG00000180370;ENSG00000092964;ENSG00000010319;ENSG00000120910;ENSG00000114554;ENSG00000196935;ENSG00000065320;ENSG00000106683;ENSG00000154928;ENSG00000182168;ENSG00000077264;ENSG00000170381"
"KEGG","KEGG_PATHWAYS_IN_CANCER",0.000370176494710342,0.0114137752535689,0.49849310876659,-0.314098916305578,-1.47965646028927,309,"ENSG00000166598;ENSG00000141506;ENSG00000114251;ENSG00000115414;ENSG00000155760;ENSG00000145675;ENSG00000101109;ENSG00000053747;ENSG00000109320;ENSG00000161958;ENSG00000167034;ENSG00000134954;ENSG00000163513;ENSG00000102678;ENSG00000105976;ENSG00000196730;ENSG00000107643;ENSG00000169032;ENSG00000128602;ENSG00000007171;ENSG00000081052;ENSG00000134245;ENSG00000150907;ENSG00000138675;ENSG00000266412;ENSG00000081059;ENSG00000138685;ENSG00000157500;ENSG00000139687;ENSG00000145604;ENSG00000213281;ENSG00000100311;ENSG00000131323;ENSG00000123374;ENSG00000115904;ENSG00000100644;ENSG00000100485;ENSG00000156427;ENSG00000139618;ENSG00000056558;ENSG00000117020;ENSG00000157764;ENSG00000112715;ENSG00000095002;ENSG00000130702;ENSG00000073756;ENSG00000006451;ENSG00000005339;ENSG00000066336;ENSG00000134982;ENSG00000097007;ENSG00000082701;ENSG00000186716;ENSG00000187498;ENSG00000131788;ENSG00000198793;ENSG00000100030;ENSG00000164305;ENSG00000035664;ENSG00000133703;ENSG00000110395;ENSG00000187098;ENSG00000164930;ENSG00000104290;ENSG00000171791;ENSG00000138795;ENSG00000066468;ENSG00000138448;ENSG00000112242;ENSG00000100393;ENSG00000154229;ENSG00000099942;ENSG00000158955;ENSG00000213341;ENSG00000085276;ENSG00000113318;ENSG00000185920;ENSG00000111087;ENSG00000150093;ENSG00000143549;ENSG00000197565;ENSG00000147883;ENSG00000157240;ENSG00000114423;ENSG00000197943;ENSG00000168610;ENSG00000175387;ENSG00000169398;ENSG00000135766;ENSG00000075651;ENSG00000078579;ENSG00000160271;ENSG00000166949;ENSG00000140443"
"KEGG","KEGG_CIRCADIAN_RHYTHM_MAMMAL",0.000519132930281408,0.0137199417288658,0.477270815362862,-0.75566097686895,-1.96241769629481,13,"ENSG00000133794;ENSG00000134852;ENSG00000134107;ENSG00000008405;ENSG00000049246"
"KEGG","KEGG_REGULATION_OF_ACTIN_CYTOSKELETON",0.000594115922834596,0.01373893071555,0.477270815362862,-0.345041287254644,-1.54704331356894,199,"ENSG00000141506;ENSG00000115414;ENSG00000143127;ENSG00000145675;ENSG00000065534;ENSG00000161958;ENSG00000140795;ENSG00000102678;ENSG00000156299;ENSG00000169032;ENSG00000134318;ENSG00000143398;ENSG00000138675;ENSG00000084112;ENSG00000184984;ENSG00000138685;ENSG00000213281;ENSG00000100311;ENSG00000120063;ENSG00000115904;ENSG00000150867;ENSG00000146535;ENSG00000067900;ENSG00000100485;ENSG00000156427;ENSG00000058272;ENSG00000061676;ENSG00000133026;ENSG00000157764;ENSG00000070087;ENSG00000172380;ENSG00000181104;ENSG00000186111;ENSG00000134982;ENSG00000115232;ENSG00000137710;ENSG00000259207;ENSG00000133019;ENSG00000100030;ENSG00000130402;ENSG00000133703;ENSG00000139626;ENSG00000150760;ENSG00000273749;ENSG00000066468;ENSG00000138448;ENSG00000099942;ENSG00000170962;ENSG00000186298;ENSG00000196914;ENSG00000035403;ENSG00000158186;ENSG00000150093;ENSG00000101349;ENSG00000169398;ENSG00000078579;ENSG00000180209;ENSG00000105855;ENSG00000160007;ENSG00000115020;ENSG00000197461;ENSG00000213639;ENSG00000180370;ENSG00000113578;ENSG00000176732;ENSG00000106299;ENSG00000072110;ENSG00000140575;ENSG00000114279;ENSG00000100345;ENSG00000100739;ENSG00000091409;ENSG00000213949;ENSG00000123338;ENSG00000106683;ENSG00000102606;ENSG00000077264;ENSG00000105647;ENSG00000131504"
"KEGG","KEGG_HUNTINGTONS_DISEASE",0.00153321520996902,0.0283644813844268,0.45505986738723,0.349759667882752,1.50308966461089,177,"ENSG00000154723;ENSG00000099624;ENSG00000168255;ENSG00000143578;ENSG00000167792;ENSG00000233954;ENSG00000183648;ENSG00000136521;ENSG00000106459;ENSG00000110717;ENSG00000145494;ENSG00000164919;ENSG00000140740;ENSG00000109424;ENSG00000005075;ENSG00000124172;ENSG00000126267;ENSG00000135390;ENSG00000122705;ENSG00000177700;ENSG00000099795;ENSG00000213619;ENSG00000184076;ENSG00000151729;ENSG00000042753;ENSG00000196961;ENSG00000233276;ENSG00000131143;ENSG00000115286;ENSG00000241837;ENSG00000163882;ENSG00000183020;ENSG00000164258;ENSG00000179091;ENSG00000159199;ENSG00000087088;ENSG00000204843;ENSG00000160194;ENSG00000140990;ENSG00000065518;ENSG00000132535;ENSG00000090266;ENSG00000112695;ENSG00000168653;ENSG00000010256;ENSG00000135940;ENSG00000161203;ENSG00000105327;ENSG00000189043;ENSG00000167863;ENSG00000198959;ENSG00000127184;ENSG00000105258;ENSG00000175203;ENSG00000109390;ENSG00000107175;ENSG00000117118;ENSG00000127540;ENSG00000102978;ENSG00000170516;ENSG00000165264;ENSG00000004779;ENSG00000139180;ENSG00000267855;ENSG00000176884;ENSG00000125356;ENSG00000168002;ENSG00000165629;ENSG00000178741;ENSG00000173660;ENSG00000111775;ENSG00000166136"
"KEGG","KEGG_MAPK_SIGNALING_PATHWAY",0.001468414451377,0.0283644813844268,0.45505986738723,-0.311474879021385,-1.43197246331692,243,"ENSG00000157445;ENSG00000143507;ENSG00000109756;ENSG00000071242;ENSG00000101109;ENSG00000182389;ENSG00000109320;ENSG00000161958;ENSG00000163513;ENSG00000135090;ENSG00000102678;ENSG00000107968;ENSG00000101096;ENSG00000188386;ENSG00000107643;ENSG00000169032;ENSG00000158711;ENSG00000091436;ENSG00000138675;ENSG00000196924;ENSG00000138685;ENSG00000213281;ENSG00000100311;ENSG00000145715;ENSG00000115904;ENSG00000146535;ENSG00000100485;ENSG00000221823;ENSG00000156427;ENSG00000169967;ENSG00000095015;ENSG00000117020;ENSG00000157764;ENSG00000187446;ENSG00000153956;ENSG00000172380;ENSG00000160551;ENSG00000071054;ENSG00000196712;ENSG00000100784;ENSG00000138032;ENSG00000115966;ENSG00000120875;ENSG00000100030;ENSG00000011566;ENSG00000164305;ENSG00000133703;ENSG00000142875;ENSG00000109270;ENSG00000197442;ENSG00000066468;ENSG00000154229;ENSG00000099942;ENSG00000213341;ENSG00000085276;ENSG00000065559;ENSG00000108984;ENSG00000183943;ENSG00000155903;ENSG00000175197;ENSG00000158186;ENSG00000138166;ENSG00000177189;ENSG00000162889;ENSG00000078579;ENSG00000104375;ENSG00000138814;ENSG00000184545;ENSG00000153233;ENSG00000148408;ENSG00000164086;ENSG00000123739"
"KEGG","KEGG_TGF_BETA_SIGNALING_PATHWAY",0.00204870815355985,0.0344555462189611,0.431707695803346,-0.417030636533541,-1.64721465297838,82,"ENSG00000153162;ENSG00000011465;ENSG00000163513;ENSG00000134363;ENSG00000112175;ENSG00000123612;ENSG00000156466;ENSG00000134318;ENSG00000115170;ENSG00000185591;ENSG00000067900;ENSG00000157077;ENSG00000198176;ENSG00000005339;ENSG00000107779;ENSG00000101665;ENSG00000039319;ENSG00000103479;ENSG00000113296;ENSG00000100030;ENSG00000137713;ENSG00000121989;ENSG00000113658;ENSG00000114739;ENSG00000100393;ENSG00000122641;ENSG00000133740;ENSG00000116985;ENSG00000204217;ENSG00000147883;ENSG00000198742;ENSG00000175387;ENSG00000166949;ENSG00000175189;ENSG00000139269;ENSG00000183682"
"REACTOME","REACTOME_EUKARYOTIC_TRANSLATION_ELONGATION",7.06331692573355e-23,9.97340349913577e-20,1.23789667319529,0.745870390438842,2.92503010266439,92,"ENSG00000198918;ENSG00000163584;ENSG00000112306;ENSG00000143947;ENSG00000101210;ENSG00000265681;ENSG00000177954;ENSG00000197958;ENSG00000167526;ENSG00000254772;ENSG00000108298;ENSG00000100316;ENSG00000104529;ENSG00000145425;ENSG00000144713;ENSG00000166441;ENSG00000138326;ENSG00000124614;ENSG00000198034;ENSG00000182774;ENSG00000171858;ENSG00000231500;ENSG00000130255;ENSG00000161016;ENSG00000170889;ENSG00000115268;ENSG00000109475;ENSG00000114942;ENSG00000186468;ENSG00000172809;ENSG00000142541;ENSG00000163682;ENSG00000114391;ENSG00000122026;ENSG00000063177;ENSG00000198755;ENSG00000105193;ENSG00000177600;ENSG00000089157;ENSG00000241343;ENSG00000134419;ENSG00000142676;ENSG00000142937;ENSG00000105640;ENSG00000163923;ENSG00000164587;ENSG00000136942;ENSG00000149806;ENSG00000233927;ENSG00000110700;ENSG00000145592;ENSG00000168028;ENSG00000122406;ENSG00000213741;ENSG00000197756;ENSG00000174444;ENSG00000108107;ENSG00000171863;ENSG00000083845;ENSG00000137818;ENSG00000188846;ENSG00000105372;ENSG00000071082;ENSG00000131469;ENSG00000008988;ENSG00000165502;ENSG00000162244;ENSG00000129824;ENSG00000182899;ENSG00000156482;ENSG00000147604;ENSG00000148303;ENSG00000197728;ENSG00000118181;ENSG00000140988;ENSG00000142534;ENSG00000221983;ENSG00000198242;ENSG00000125691;ENSG00000161970"
"REACTOME","REACTOME_EUKARYOTIC_TRANSLATION_INITIATION",6.47547817315993e-20,4.57168759025091e-17,1.15122052214226,0.682230941247697,2.78039965556505,118,"ENSG00000198918;ENSG00000163584;ENSG00000112306;ENSG00000143947;ENSG00000265681;ENSG00000177954;ENSG00000100353;ENSG00000197958;ENSG00000167526;ENSG00000108298;ENSG00000100316;ENSG00000175390;ENSG00000145425;ENSG00000144713;ENSG00000166441;ENSG00000138326;ENSG00000124614;ENSG00000198034;ENSG00000182774;ENSG00000171858;ENSG00000231500;ENSG00000130255;ENSG00000161016;ENSG00000170889;ENSG00000115268;ENSG00000109475;ENSG00000186468;ENSG00000172809;ENSG00000142541;ENSG00000163682;ENSG00000114391;ENSG00000122026;ENSG00000063177;ENSG00000198755;ENSG00000105193;ENSG00000177600;ENSG00000089157;ENSG00000115211;ENSG00000241343;ENSG00000134419;ENSG00000142676;ENSG00000142937;ENSG00000105640;ENSG00000163923;ENSG00000164587;ENSG00000136942;ENSG00000149806;ENSG00000233927;ENSG00000110700;ENSG00000145592;ENSG00000168028;ENSG00000122406;ENSG00000213741;ENSG00000178982;ENSG00000197756;ENSG00000145191;ENSG00000174444;ENSG00000108107;ENSG00000171863;ENSG00000083845;ENSG00000137818;ENSG00000161960;ENSG00000188846;ENSG00000105372;ENSG00000071082;ENSG00000131469;ENSG00000008988;ENSG00000165502;ENSG00000162244;ENSG00000129824;ENSG00000182899;ENSG00000156482;ENSG00000147604;ENSG00000148303;ENSG00000197728;ENSG00000118181;ENSG00000140988;ENSG00000142534;ENSG00000084623;ENSG00000221983;ENSG00000198242;ENSG00000125691;ENSG00000130811;ENSG00000161970"
"REACTOME","REACTOME_TRANSLATION",5.16877480787919e-18,2.43277000957514e-15,1.0959292864312,0.480674267285806,2.23554241482626,368,"ENSG00000102738;ENSG00000162910;ENSG00000214026;ENSG00000143374;ENSG00000198918;ENSG00000163584;ENSG00000171421;ENSG00000136930;ENSG00000277791;ENSG00000112306;ENSG00000181610;ENSG00000175756;ENSG00000143947;ENSG00000162396;ENSG00000101210;ENSG00000166902;ENSG00000265681;ENSG00000112651;ENSG00000104835;ENSG00000177954;ENSG00000100353;ENSG00000197958;ENSG00000167526;ENSG00000141002;ENSG00000254772;ENSG00000108298;ENSG00000150991;ENSG00000100316;ENSG00000175390;ENSG00000104529;ENSG00000172590;ENSG00000145425;ENSG00000144713;ENSG00000166441;ENSG00000100902;ENSG00000125445;ENSG00000144029;ENSG00000138326;ENSG00000204568;ENSG00000124614;ENSG00000198034;ENSG00000130706;ENSG00000137411;ENSG00000105364;ENSG00000182774;ENSG00000171858;ENSG00000174547;ENSG00000231500;ENSG00000130255;ENSG00000161016;ENSG00000170889;ENSG00000115268;ENSG00000109475;ENSG00000114942;ENSG00000172172;ENSG00000186468;ENSG00000172809;ENSG00000142541;ENSG00000163682;ENSG00000114391;ENSG00000103363;ENSG00000122026;ENSG00000063177;ENSG00000198755;ENSG00000105193;ENSG00000177600;ENSG00000074071;ENSG00000089157;ENSG00000115211;ENSG00000070010;ENSG00000096080;ENSG00000180879;ENSG00000241343;ENSG00000134419;ENSG00000156928;ENSG00000142676;ENSG00000142937;ENSG00000105640;ENSG00000163516;ENSG00000163923;ENSG00000164587;ENSG00000136942;ENSG00000183617;ENSG00000149806;ENSG00000062582;ENSG00000233927;ENSG00000239789;ENSG00000204822;ENSG00000204394;ENSG00000110700;ENSG00000148187;ENSG00000114902;ENSG00000132591;ENSG00000145592;ENSG00000130921;ENSG00000168028;ENSG00000132432;ENSG00000122406;ENSG00000213741;ENSG00000178982;ENSG00000185627;ENSG00000111639;ENSG00000197756;ENSG00000182180;ENSG00000143314;ENSG00000166986;ENSG00000145191;ENSG00000174444;ENSG00000180992;ENSG00000167862;ENSG00000108107;ENSG00000171863;ENSG00000086504;ENSG00000083845;ENSG00000211459;ENSG00000137818;ENSG00000008018;ENSG00000161960;ENSG00000178952;ENSG00000188846;ENSG00000242485;ENSG00000105372;ENSG00000071082;ENSG00000167962;ENSG00000140319;ENSG00000116120;ENSG00000204316;ENSG00000131469;ENSG00000262814;ENSG00000163319;ENSG00000008988;ENSG00000165502;ENSG00000162244;ENSG00000159377;ENSG00000146282;ENSG00000129824;ENSG00000182899;ENSG00000087191;ENSG00000142507;ENSG00000164062;ENSG00000116898;ENSG00000106305;ENSG00000130312;ENSG00000156482;ENSG00000133706;ENSG00000147604;ENSG00000148303;ENSG00000197728;ENSG00000118181;ENSG00000165916;ENSG00000106588;ENSG00000136522;ENSG00000125901;ENSG00000114850;ENSG00000122033;ENSG00000170445;ENSG00000140988;ENSG00000175166;ENSG00000099341;ENSG00000142534;ENSG00000084623;ENSG00000221983;ENSG00000259494;ENSG00000198242;ENSG00000125691;ENSG00000130811;ENSG00000161970;ENSG00000149273;ENSG00000100387;ENSG00000169288;ENSG00000004779;ENSG00000100325;ENSG00000116874;ENSG00000103035;ENSG00000155463;ENSG00000147586;ENSG00000089009;ENSG00000147403;ENSG00000185608;ENSG00000179115;ENSG00000116221;ENSG00000055950;ENSG00000122140;ENSG00000041357;ENSG00000106803;ENSG00000134056;ENSG00000101182;ENSG00000185088"
"REACTOME","REACTOME_RESPONSE_OF_EIF2AK4_GCN2_TO_AMINO_ACID_DEFICIENCY",1.44511941048389e-17,4.08101721520651e-15,1.07686819261983,0.678967967168556,2.6949045514001,100,"ENSG00000198918;ENSG00000163584;ENSG00000112306;ENSG00000143947;ENSG00000265681;ENSG00000177954;ENSG00000197958;ENSG00000167526;ENSG00000108298;ENSG00000100316;ENSG00000145425;ENSG00000144713;ENSG00000166441;ENSG00000138326;ENSG00000124614;ENSG00000198034;ENSG00000182774;ENSG00000171858;ENSG00000231500;ENSG00000130255;ENSG00000161016;ENSG00000170889;ENSG00000115268;ENSG00000109475;ENSG00000186468;ENSG00000172809;ENSG00000142541;ENSG00000163682;ENSG00000114391;ENSG00000122026;ENSG00000063177;ENSG00000198755;ENSG00000105193;ENSG00000177600;ENSG00000089157;ENSG00000241343;ENSG00000134419;ENSG00000142676;ENSG00000142937;ENSG00000105640;ENSG00000163923;ENSG00000164587;ENSG00000136942;ENSG00000128272;ENSG00000149806;ENSG00000233927;ENSG00000110700;ENSG00000145592;ENSG00000168028;ENSG00000122406;ENSG00000213741;ENSG00000197756;ENSG00000174444;ENSG00000108107;ENSG00000171863;ENSG00000083845;ENSG00000137818;ENSG00000188846;ENSG00000105372;ENSG00000071082;ENSG00000131469;ENSG00000008988;ENSG00000165502;ENSG00000162244;ENSG00000129824;ENSG00000182899;ENSG00000156482;ENSG00000147604;ENSG00000148303;ENSG00000197728;ENSG00000118181;ENSG00000101255;ENSG00000140988;ENSG00000142534;ENSG00000221983;ENSG00000198242;ENSG00000125691;ENSG00000161970"
"REACTOME","REACTOME_RIBOSOME_ASSOCIATED_QUALITY_CONTROL",1.30152907692581e-17,4.08101721520651e-15,1.0864405425825,0.620474669300276,2.59554213228114,143,"ENSG00000198918;ENSG00000163584;ENSG00000136930;ENSG00000277791;ENSG00000112306;ENSG00000143947;ENSG00000265681;ENSG00000177954;ENSG00000197958;ENSG00000167526;ENSG00000141002;ENSG00000108298;ENSG00000150991;ENSG00000100316;ENSG00000145425;ENSG00000144713;ENSG00000166441;ENSG00000100902;ENSG00000138326;ENSG00000124614;ENSG00000198034;ENSG00000130706;ENSG00000182774;ENSG00000171858;ENSG00000231500;ENSG00000130255;ENSG00000161016;ENSG00000170889;ENSG00000115268;ENSG00000109475;ENSG00000186468;ENSG00000172809;ENSG00000142541;ENSG00000163682;ENSG00000114391;ENSG00000103363;ENSG00000122026;ENSG00000063177;ENSG00000198755;ENSG00000105193;ENSG00000177600;ENSG00000089157;ENSG00000070010;ENSG00000241343;ENSG00000134419;ENSG00000142676;ENSG00000142937;ENSG00000105640;ENSG00000163516;ENSG00000163923;ENSG00000164587;ENSG00000136942;ENSG00000149806;ENSG00000233927;ENSG00000110700;ENSG00000145592;ENSG00000168028;ENSG00000122406;ENSG00000213741;ENSG00000185627;ENSG00000197756;ENSG00000174444;ENSG00000108107;ENSG00000171863;ENSG00000083845;ENSG00000137818;ENSG00000008018;ENSG00000188846;ENSG00000105372;ENSG00000071082;ENSG00000167962;ENSG00000131469;ENSG00000008988;ENSG00000165502;ENSG00000162244;ENSG00000159377;ENSG00000129824;ENSG00000182899;ENSG00000087191;ENSG00000142507;ENSG00000156482;ENSG00000147604;ENSG00000148303;ENSG00000197728;ENSG00000118181;ENSG00000165916;ENSG00000106588;ENSG00000140988;ENSG00000175166;ENSG00000099341;ENSG00000142534;ENSG00000221983;ENSG00000198242;ENSG00000125691;ENSG00000161970;ENSG00000149273;ENSG00000100387;ENSG00000100325;ENSG00000103035;ENSG00000089009;ENSG00000147403;ENSG00000041357;ENSG00000101182;ENSG00000185088"
"REACTOME","REACTOME_SRP_DEPENDENT_COTRANSLATIONAL_PROTEIN_TARGETING_TO_MEMBRANE",1.10445924746216e-16,2.22785208202367e-14,1.05746357275086,0.654127313553786,2.64067557503708,111,"ENSG00000198918;ENSG00000163584;ENSG00000112306;ENSG00000143947;ENSG00000265681;ENSG00000177954;ENSG00000197958;ENSG00000167526;ENSG00000108298;ENSG00000100316;ENSG00000145425;ENSG00000144713;ENSG00000166441;ENSG00000138326;ENSG00000124614;ENSG00000198034;ENSG00000182774;ENSG00000171858;ENSG00000231500;ENSG00000130255;ENSG00000161016;ENSG00000170889;ENSG00000115268;ENSG00000109475;ENSG00000186468;ENSG00000172809;ENSG00000142541;ENSG00000163682;ENSG00000114391;ENSG00000122026;ENSG00000063177;ENSG00000198755;ENSG00000105193;ENSG00000177600;ENSG00000089157;ENSG00000180879;ENSG00000241343;ENSG00000134419;ENSG00000142676;ENSG00000142937;ENSG00000105640;ENSG00000163923;ENSG00000164587;ENSG00000136942;ENSG00000149806;ENSG00000233927;ENSG00000110700;ENSG00000114902;ENSG00000145592;ENSG00000168028;ENSG00000132432;ENSG00000122406;ENSG00000213741;ENSG00000197756;ENSG00000174444;ENSG00000108107;ENSG00000171863;ENSG00000083845;ENSG00000137818;ENSG00000188846;ENSG00000105372;ENSG00000071082;ENSG00000140319;ENSG00000131469;ENSG00000008988;ENSG00000165502;ENSG00000162244;ENSG00000129824;ENSG00000182899;ENSG00000156482;ENSG00000147604;ENSG00000148303;ENSG00000197728;ENSG00000118181;ENSG00000114850;ENSG00000140988;ENSG00000142534;ENSG00000221983;ENSG00000198242;ENSG00000125691;ENSG00000161970"
"REACTOME","REACTOME_SELENOAMINO_ACID_METABOLISM",9.62689978037718e-17,2.22785208202367e-14,1.05746357275086,0.647548454370813,2.63034154804108,115,"ENSG00000151224;ENSG00000132330;ENSG00000198918;ENSG00000163584;ENSG00000112306;ENSG00000143947;ENSG00000265681;ENSG00000177954;ENSG00000197958;ENSG00000167526;ENSG00000108298;ENSG00000100316;ENSG00000124713;ENSG00000160200;ENSG00000145425;ENSG00000144713;ENSG00000166441;ENSG00000138326;ENSG00000124614;ENSG00000198034;ENSG00000182774;ENSG00000171858;ENSG00000231500;ENSG00000130255;ENSG00000161016;ENSG00000170889;ENSG00000115268;ENSG00000109475;ENSG00000186468;ENSG00000172809;ENSG00000142541;ENSG00000163682;ENSG00000114391;ENSG00000122026;ENSG00000063177;ENSG00000198755;ENSG00000105193;ENSG00000177600;ENSG00000089157;ENSG00000241343;ENSG00000134419;ENSG00000142676;ENSG00000142937;ENSG00000105640;ENSG00000163923;ENSG00000164587;ENSG00000136942;ENSG00000149806;ENSG00000233927;ENSG00000110700;ENSG00000145592;ENSG00000168028;ENSG00000122406;ENSG00000213741;ENSG00000197756;ENSG00000166986;ENSG00000174444;ENSG00000108107;ENSG00000171863;ENSG00000083845;ENSG00000137818;ENSG00000188846;ENSG00000105372;ENSG00000071082;ENSG00000131469;ENSG00000008988;ENSG00000165502;ENSG00000162244;ENSG00000132394;ENSG00000129824;ENSG00000182899;ENSG00000179988;ENSG00000106305;ENSG00000156482;ENSG00000133706;ENSG00000147604;ENSG00000148303;ENSG00000197728;ENSG00000118181;ENSG00000140988;ENSG00000142534;ENSG00000221983;ENSG00000198242;ENSG00000125691;ENSG00000161970"
"REACTOME","REACTOME_REGULATION_OF_EXPRESSION_OF_SLITS_AND_ROBOS",6.9146754422983e-16,1.22044021556565e-13,1.02766987054358,0.582158765564792,2.46507211635986,156,"ENSG00000154134;ENSG00000198918;ENSG00000163584;ENSG00000136930;ENSG00000277791;ENSG00000112306;ENSG00000143947;ENSG00000265681;ENSG00000111196;ENSG00000177954;ENSG00000197958;ENSG00000167526;ENSG00000108298;ENSG00000150991;ENSG00000100316;ENSG00000145425;ENSG00000144713;ENSG00000166441;ENSG00000100902;ENSG00000138326;ENSG00000124614;ENSG00000198034;ENSG00000130706;ENSG00000182774;ENSG00000171858;ENSG00000231500;ENSG00000130255;ENSG00000161016;ENSG00000170889;ENSG00000115268;ENSG00000109475;ENSG00000186468;ENSG00000172809;ENSG00000142541;ENSG00000163682;ENSG00000114391;ENSG00000103363;ENSG00000122026;ENSG00000063177;ENSG00000198755;ENSG00000105193;ENSG00000177600;ENSG00000089157;ENSG00000241343;ENSG00000134419;ENSG00000142676;ENSG00000142937;ENSG00000105640;ENSG00000163923;ENSG00000164587;ENSG00000136942;ENSG00000149806;ENSG00000233927;ENSG00000110700;ENSG00000145592;ENSG00000168028;ENSG00000122406;ENSG00000213741;ENSG00000185627;ENSG00000197756;ENSG00000174444;ENSG00000108107;ENSG00000171863;ENSG00000083845;ENSG00000137818;ENSG00000008018;ENSG00000188846;ENSG00000105372;ENSG00000071082;ENSG00000131469;ENSG00000008988;ENSG00000165502;ENSG00000162244;ENSG00000159377;ENSG00000129824;ENSG00000182899;ENSG00000087191;ENSG00000142507;ENSG00000156482;ENSG00000147604;ENSG00000148303;ENSG00000197728;ENSG00000118181;ENSG00000165916;ENSG00000106588;ENSG00000205937;ENSG00000140988;ENSG00000175166;ENSG00000099341;ENSG00000142534;ENSG00000221983;ENSG00000198242;ENSG00000125691;ENSG00000161970;ENSG00000149273;ENSG00000100387;ENSG00000103035;ENSG00000089009;ENSG00000141543;ENSG00000147403;ENSG00000041357;ENSG00000101182;ENSG00000185088"
"REACTOME","REACTOME_NONSENSE_MEDIATED_DECAY_NMD",2.94049021670425e-15,4.61330242887378e-13,1.00731795687447,0.630685213550221,2.5576633534937,114,"ENSG00000198918;ENSG00000163584;ENSG00000112306;ENSG00000143947;ENSG00000265681;ENSG00000111196;ENSG00000177954;ENSG00000197958;ENSG00000167526;ENSG00000108298;ENSG00000100316;ENSG00000145425;ENSG00000144713;ENSG00000166441;ENSG00000138326;ENSG00000124614;ENSG00000198034;ENSG00000182774;ENSG00000171858;ENSG00000231500;ENSG00000130255;ENSG00000161016;ENSG00000170889;ENSG00000115268;ENSG00000109475;ENSG00000186468;ENSG00000172809;ENSG00000142541;ENSG00000163682;ENSG00000114391;ENSG00000122026;ENSG00000063177;ENSG00000198755;ENSG00000105193;ENSG00000177600;ENSG00000089157;ENSG00000241343;ENSG00000134419;ENSG00000142676;ENSG00000142937;ENSG00000105640;ENSG00000163923;ENSG00000164587;ENSG00000136942;ENSG00000149806;ENSG00000105568;ENSG00000233927;ENSG00000110700;ENSG00000145592;ENSG00000168028;ENSG00000122406;ENSG00000213741;ENSG00000197756;ENSG00000174444;ENSG00000108107;ENSG00000171863;ENSG00000083845;ENSG00000137818;ENSG00000188846;ENSG00000105372;ENSG00000071082;ENSG00000131469;ENSG00000008988;ENSG00000165502;ENSG00000162244;ENSG00000129824;ENSG00000182899;ENSG00000156482;ENSG00000147604;ENSG00000148303;ENSG00000197728;ENSG00000118181;ENSG00000205937;ENSG00000140988;ENSG00000142534;ENSG00000221983;ENSG00000198242;ENSG00000125691;ENSG00000161970"
"REACTOME","REACTOME_RRNA_PROCESSING",2.22794627340364e-13,3.14586013804593e-11,0.943632225232838,0.511431692570566,2.24567010621599,210,"ENSG00000198918;ENSG00000163584;ENSG00000112306;ENSG00000143947;ENSG00000265681;ENSG00000177954;ENSG00000197958;ENSG00000167526;ENSG00000108298;ENSG00000100316;ENSG00000145425;ENSG00000144713;ENSG00000166441;ENSG00000278619;ENSG00000077348;ENSG00000138326;ENSG00000124614;ENSG00000198034;ENSG00000182774;ENSG00000171858;ENSG00000231500;ENSG00000130255;ENSG00000161016;ENSG00000241370;ENSG00000170889;ENSG00000115268;ENSG00000109475;ENSG00000186468;ENSG00000172809;ENSG00000152464;ENSG00000142541;ENSG00000163682;ENSG00000167112;ENSG00000114391;ENSG00000122026;ENSG00000063177;ENSG00000198755;ENSG00000105193;ENSG00000177600;ENSG00000089157;ENSG00000145912;ENSG00000100138;ENSG00000184967;ENSG00000227057;ENSG00000241343;ENSG00000134419;ENSG00000142676;ENSG00000142937;ENSG00000105640;ENSG00000163923;ENSG00000164587;ENSG00000136942;ENSG00000149806;ENSG00000233927;ENSG00000110700;ENSG00000141456;ENSG00000145592;ENSG00000168028;ENSG00000122406;ENSG00000213741;ENSG00000105671;ENSG00000197756;ENSG00000174444;ENSG00000108107;ENSG00000171863;ENSG00000083845;ENSG00000211459;ENSG00000137818;ENSG00000188846;ENSG00000105372;ENSG00000071082;ENSG00000108592;ENSG00000130826;ENSG00000131469;ENSG00000008988;ENSG00000165502;ENSG00000162244;ENSG00000100890;ENSG00000100029;ENSG00000101361;ENSG00000129824;ENSG00000182899;ENSG00000007520;ENSG00000141076;ENSG00000072506;ENSG00000156990;ENSG00000156482;ENSG00000114767;ENSG00000147604;ENSG00000148303;ENSG00000197728;ENSG00000118181;ENSG00000140988;ENSG00000189306;ENSG00000142534;ENSG00000221983;ENSG00000198242;ENSG00000125691;ENSG00000161970;ENSG00000117597;ENSG00000109534;ENSG00000130713;ENSG00000105202;ENSG00000163684;ENSG00000149273;ENSG00000241945;ENSG00000006744;ENSG00000089009;ENSG00000147403;ENSG00000071462;ENSG00000261236;ENSG00000178718;ENSG00000185088;ENSG00000119616;ENSG00000183751;ENSG00000229117;ENSG00000160214;ENSG00000173113"
"REACTOME","REACTOME_RIBOSOME_QUALITY_CONTROL_RQC_COMPLEX_EXTRACTS_AND_DEGRADES_NASCENT_PEPTIDE",2.95673926653468e-12,3.79537804031542e-10,0.898671232061694,0.615909163174773,2.45508268680279,102,"ENSG00000198918;ENSG00000163584;ENSG00000136930;ENSG00000277791;ENSG00000143947;ENSG00000265681;ENSG00000197958;ENSG00000167526;ENSG00000141002;ENSG00000108298;ENSG00000150991;ENSG00000100316;ENSG00000144713;ENSG00000166441;ENSG00000100902;ENSG00000130706;ENSG00000130255;ENSG00000161016;ENSG00000109475;ENSG00000172809;ENSG00000142541;ENSG00000163682;ENSG00000114391;ENSG00000103363;ENSG00000122026;ENSG00000063177;ENSG00000198755;ENSG00000177600;ENSG00000089157;ENSG00000070010;ENSG00000241343;ENSG00000142676;ENSG00000105640;ENSG00000163516;ENSG00000163923;ENSG00000136942;ENSG00000145592;ENSG00000122406;ENSG00000185627;ENSG00000197756;ENSG00000174444;ENSG00000108107;ENSG00000137818;ENSG00000008018;ENSG00000188846;ENSG00000071082;ENSG00000131469;ENSG00000165502;ENSG00000162244;ENSG00000159377;ENSG00000182899;ENSG00000087191;ENSG00000142507;ENSG00000156482;ENSG00000147604;ENSG00000148303;ENSG00000165916;ENSG00000106588;ENSG00000175166;ENSG00000099341;ENSG00000221983;ENSG00000198242;ENSG00000125691;ENSG00000161970;ENSG00000100387;ENSG00000103035;ENSG00000089009;ENSG00000147403;ENSG00000041357;ENSG00000101182"
"REACTOME","REACTOME_CELLULAR_RESPONSE_TO_STARVATION",5.65476938026034e-12,6.24922303688528e-10,0.887074988399873,0.536029894910456,2.26656637388435,155,"ENSG00000188186;ENSG00000198918;ENSG00000163584;ENSG00000112306;ENSG00000143947;ENSG00000116586;ENSG00000265681;ENSG00000177954;ENSG00000197958;ENSG00000167526;ENSG00000108298;ENSG00000100316;ENSG00000145425;ENSG00000144713;ENSG00000166441;ENSG00000138326;ENSG00000124614;ENSG00000198034;ENSG00000182774;ENSG00000171858;ENSG00000231500;ENSG00000130255;ENSG00000161016;ENSG00000170889;ENSG00000115268;ENSG00000109475;ENSG00000110719;ENSG00000186468;ENSG00000172809;ENSG00000142541;ENSG00000163682;ENSG00000114391;ENSG00000122026;ENSG00000063177;ENSG00000198755;ENSG00000105193;ENSG00000177600;ENSG00000089157;ENSG00000241343;ENSG00000134419;ENSG00000167965;ENSG00000142676;ENSG00000142937;ENSG00000105640;ENSG00000163923;ENSG00000164587;ENSG00000136942;ENSG00000128272;ENSG00000149806;ENSG00000157020;ENSG00000233927;ENSG00000110700;ENSG00000149357;ENSG00000145592;ENSG00000168028;ENSG00000122406;ENSG00000213741;ENSG00000197756;ENSG00000174444;ENSG00000118162;ENSG00000108107;ENSG00000171863;ENSG00000083845;ENSG00000137818;ENSG00000188846;ENSG00000105372;ENSG00000071082;ENSG00000131469;ENSG00000008988;ENSG00000165502;ENSG00000162244;ENSG00000114388;ENSG00000129824;ENSG00000182899;ENSG00000156482;ENSG00000147604;ENSG00000148303;ENSG00000197728;ENSG00000118181;ENSG00000127580;ENSG00000101255;ENSG00000116039;ENSG00000140988;ENSG00000142534;ENSG00000221983;ENSG00000198242;ENSG00000128524;ENSG00000125691;ENSG00000161970;ENSG00000103091;ENSG00000149273"
"REACTOME","REACTOME_METABOLISM_OF_AMINO_ACIDS_AND_DERIVATIVES",5.75353395747228e-12,6.24922303688528e-10,0.887074988399873,0.43397582939352,2.00850631479339,345,"ENSG00000203797;ENSG00000160282;ENSG00000100033;ENSG00000130005;ENSG00000111181;ENSG00000101323;ENSG00000167701;ENSG00000151224;ENSG00000132330;ENSG00000129151;ENSG00000164175;ENSG00000140287;ENSG00000198918;ENSG00000163584;ENSG00000172482;ENSG00000136930;ENSG00000175309;ENSG00000179761;ENSG00000176894;ENSG00000277791;ENSG00000112306;ENSG00000143947;ENSG00000145692;ENSG00000265681;ENSG00000177954;ENSG00000197958;ENSG00000167526;ENSG00000108298;ENSG00000100316;ENSG00000124713;ENSG00000160200;ENSG00000145425;ENSG00000180176;ENSG00000144713;ENSG00000166441;ENSG00000100902;ENSG00000139631;ENSG00000129596;ENSG00000138326;ENSG00000124614;ENSG00000162882;ENSG00000198034;ENSG00000130706;ENSG00000182774;ENSG00000171858;ENSG00000231500;ENSG00000130255;ENSG00000161016;ENSG00000105755;ENSG00000170889;ENSG00000115268;ENSG00000109475;ENSG00000124523;ENSG00000151552;ENSG00000141744;ENSG00000186468;ENSG00000172809;ENSG00000142541;ENSG00000163682;ENSG00000114391;ENSG00000122026;ENSG00000063177;ENSG00000198755;ENSG00000105193;ENSG00000177600;ENSG00000089157;ENSG00000103507;ENSG00000162174;ENSG00000215845;ENSG00000163644;ENSG00000241343;ENSG00000134419;ENSG00000142676;ENSG00000142937;ENSG00000105640;ENSG00000139531;ENSG00000163923;ENSG00000135423;ENSG00000139344;ENSG00000164587;ENSG00000136942;ENSG00000149806;ENSG00000233927;ENSG00000113924;ENSG00000139287;ENSG00000036473;ENSG00000183048;ENSG00000110700;ENSG00000080166;ENSG00000130707;ENSG00000166228;ENSG00000145592;ENSG00000168028;ENSG00000122406;ENSG00000213741;ENSG00000127884;ENSG00000198130;ENSG00000185627;ENSG00000197756;ENSG00000105552;ENSG00000166986;ENSG00000174444;ENSG00000108107;ENSG00000171863;ENSG00000083845;ENSG00000137818;ENSG00000008018;ENSG00000188846;ENSG00000250799;ENSG00000105372;ENSG00000071082;ENSG00000223572;ENSG00000211452;ENSG00000131469;ENSG00000008988;ENSG00000165502;ENSG00000162244;ENSG00000092621;ENSG00000159377;ENSG00000132394;ENSG00000129824;ENSG00000182899;ENSG00000087191;ENSG00000142507;ENSG00000072506;ENSG00000153406;ENSG00000100348;ENSG00000179988;ENSG00000106305;ENSG00000156482;ENSG00000133706;ENSG00000147604;ENSG00000171097;ENSG00000148303;ENSG00000197728;ENSG00000118181;ENSG00000153086;ENSG00000011083;ENSG00000165916;ENSG00000120053;ENSG00000106588;ENSG00000128309;ENSG00000140988;ENSG00000175166;ENSG00000099341;ENSG00000142534;ENSG00000105641;ENSG00000221983;ENSG00000198242;ENSG00000145020;ENSG00000125691;ENSG00000161970"
"REACTOME","REACTOME_INFLUENZA_VIRAL_RNA_TRANSCRIPTION_AND_REPLICATION",8.9183210415102e-11,8.99476379329458e-09,0.839088935621274,0.536491649679041,2.23080324101053,135,"ENSG00000198918;ENSG00000163584;ENSG00000112306;ENSG00000143947;ENSG00000265681;ENSG00000177954;ENSG00000197958;ENSG00000167526;ENSG00000108298;ENSG00000100316;ENSG00000145425;ENSG00000144713;ENSG00000166441;ENSG00000138326;ENSG00000124614;ENSG00000198034;ENSG00000005075;ENSG00000182774;ENSG00000171858;ENSG00000231500;ENSG00000130255;ENSG00000161016;ENSG00000170889;ENSG00000115268;ENSG00000109475;ENSG00000125651;ENSG00000186468;ENSG00000172809;ENSG00000177700;ENSG00000142541;ENSG00000163682;ENSG00000114391;ENSG00000122026;ENSG00000063177;ENSG00000198755;ENSG00000105193;ENSG00000177600;ENSG00000089157;ENSG00000241343;ENSG00000134419;ENSG00000142676;ENSG00000142937;ENSG00000105640;ENSG00000163923;ENSG00000163882;ENSG00000164587;ENSG00000136942;ENSG00000149806;ENSG00000157020;ENSG00000233927;ENSG00000110700;ENSG00000145592;ENSG00000168028;ENSG00000122406;ENSG00000213741;ENSG00000197756;ENSG00000174444;ENSG00000108107;ENSG00000171863;ENSG00000083845;ENSG00000137818;ENSG00000188846;ENSG00000105372;ENSG00000071082;ENSG00000131469;ENSG00000008988;ENSG00000165502;ENSG00000162244;ENSG00000129824;ENSG00000182899;ENSG00000105258;ENSG00000156482;ENSG00000147604;ENSG00000148303;ENSG00000197728;ENSG00000118181;ENSG00000102978;ENSG00000140988;ENSG00000142534;ENSG00000221983;ENSG00000198242;ENSG00000125691;ENSG00000161970;ENSG00000138750;ENSG00000149273"
"REACTOME","REACTOME_SIGNALING_BY_ROBO_RECEPTORS",2.09005902002553e-09,1.96744222418403e-07,0.774939030136436,0.464862391686825,2.03265748386548,201,"ENSG00000154134;ENSG00000198918;ENSG00000163584;ENSG00000136930;ENSG00000277791;ENSG00000112306;ENSG00000143947;ENSG00000265681;ENSG00000111196;ENSG00000177954;ENSG00000197958;ENSG00000167526;ENSG00000108298;ENSG00000150991;ENSG00000100316;ENSG00000145425;ENSG00000144713;ENSG00000166441;ENSG00000100902;ENSG00000138326;ENSG00000125753;ENSG00000124614;ENSG00000198034;ENSG00000130706;ENSG00000182774;ENSG00000171858;ENSG00000231500;ENSG00000130255;ENSG00000161016;ENSG00000170889;ENSG00000115268;ENSG00000109475;ENSG00000108518;ENSG00000186468;ENSG00000172809;ENSG00000142541;ENSG00000163682;ENSG00000114391;ENSG00000103363;ENSG00000122026;ENSG00000063177;ENSG00000198755;ENSG00000105193;ENSG00000177600;ENSG00000089157;ENSG00000241343;ENSG00000134419;ENSG00000142676;ENSG00000142937;ENSG00000105640;ENSG00000163923;ENSG00000164587;ENSG00000136942;ENSG00000149806;ENSG00000233927;ENSG00000110700;ENSG00000145592;ENSG00000168028;ENSG00000122406;ENSG00000213741;ENSG00000185627;ENSG00000197756;ENSG00000196405;ENSG00000174444;ENSG00000108107;ENSG00000171863;ENSG00000083845;ENSG00000137818;ENSG00000008018;ENSG00000188846;ENSG00000105372;ENSG00000071082;ENSG00000063660;ENSG00000131469;ENSG00000008988;ENSG00000165502;ENSG00000162244;ENSG00000159377;ENSG00000129824;ENSG00000182899;ENSG00000087191;ENSG00000142507;ENSG00000156482;ENSG00000147604;ENSG00000148303;ENSG00000197728;ENSG00000118181;ENSG00000165916;ENSG00000106588;ENSG00000205937;ENSG00000140988;ENSG00000175166;ENSG00000099341;ENSG00000142534;ENSG00000221983;ENSG00000198242;ENSG00000125691;ENSG00000161970;ENSG00000149273;ENSG00000100387;ENSG00000103035;ENSG00000137843;ENSG00000089009;ENSG00000141543;ENSG00000147403;ENSG00000187323;ENSG00000041357;ENSG00000101182;ENSG00000185088"
"REACTOME","REACTOME_SARS_COV_1_MODULATES_HOST_TRANSLATION_MACHINERY",2.48086873771963e-09,2.18936666103757e-07,0.774939030136436,0.750076449826265,2.4707810829822,36,"ENSG00000112306;ENSG00000143947;ENSG00000177954;ENSG00000145425;ENSG00000138326;ENSG00000124614;ENSG00000198034;ENSG00000182774;ENSG00000171858;ENSG00000231500;ENSG00000170889;ENSG00000115268;ENSG00000186468;ENSG00000105193;ENSG00000134419;ENSG00000142937;ENSG00000164587;ENSG00000149806;ENSG00000233927;ENSG00000110700;ENSG00000168028;ENSG00000213741;ENSG00000171863;ENSG00000083845;ENSG00000105372;ENSG00000008988;ENSG00000129824;ENSG00000197728;ENSG00000118181;ENSG00000140988;ENSG00000142534;ENSG00000149273"
"REACTOME","REACTOME_RHO_GTPASE_CYCLE",6.40438212738914e-09,5.31940444933733e-07,0.761460801445585,-0.358459201654664,-1.74610106277345,443,"ENSG00000137962;ENSG00000163629;ENSG00000160145;ENSG00000174106;ENSG00000124126;ENSG00000135905;ENSG00000144909;ENSG00000118407;ENSG00000145675;ENSG00000101384;ENSG00000134909;ENSG00000138735;ENSG00000138594;ENSG00000088387;ENSG00000198780;ENSG00000111647;ENSG00000144283;ENSG00000075391;ENSG00000124164;ENSG00000121871;ENSG00000131941;ENSG00000173848;ENSG00000110237;ENSG00000115107;ENSG00000169379;ENSG00000051523;ENSG00000176853;ENSG00000100592;ENSG00000135090;ENSG00000198844;ENSG00000088538;ENSG00000122574;ENSG00000156299;ENSG00000113194;ENSG00000154447;ENSG00000134318;ENSG00000031003;ENSG00000096696;ENSG00000033867;ENSG00000028116;ENSG00000198399;ENSG00000131089;ENSG00000174373;ENSG00000120063;ENSG00000107897;ENSG00000134313;ENSG00000115904;ENSG00000188158;ENSG00000187239;ENSG00000182504;ENSG00000067900;ENSG00000275342;ENSG00000100485;ENSG00000137942;ENSG00000133106;ENSG00000103540;ENSG00000112851;ENSG00000061676;ENSG00000136478;ENSG00000073712;ENSG00000139641;ENSG00000170776;ENSG00000076706;ENSG00000108582;ENSG00000082269;ENSG00000150054;ENSG00000023892;ENSG00000124486;ENSG00000122126;ENSG00000137727;ENSG00000066933;ENSG00000072274;ENSG00000100852;ENSG00000167460;ENSG00000185722;ENSG00000130150;ENSG00000063601;ENSG00000065526;ENSG00000132694;ENSG00000151239;ENSG00000186716;ENSG00000168143;ENSG00000146376;ENSG00000128512;ENSG00000065613;ENSG00000117528;ENSG00000153944;ENSG00000073921;ENSG00000164741;ENSG00000140750;ENSG00000145990;ENSG00000006607;ENSG00000151914;ENSG00000038382;ENSG00000136754;ENSG00000165322;ENSG00000074695;ENSG00000114346;ENSG00000046604;ENSG00000120008;ENSG00000148700;ENSG00000150760;ENSG00000141367;ENSG00000107890;ENSG00000198142;ENSG00000004399;ENSG00000097096;ENSG00000273749;ENSG00000047932;ENSG00000143878;ENSG00000143776;ENSG00000116641;ENSG00000157827;ENSG00000146247;ENSG00000196914;ENSG00000139132;ENSG00000142634;ENSG00000173517;ENSG00000079482;ENSG00000065243;ENSG00000161791;ENSG00000150093;ENSG00000143549;ENSG00000101349;ENSG00000173218;ENSG00000182957;ENSG00000049245;ENSG00000116984;ENSG00000115935;ENSG00000036257;ENSG00000139211;ENSG00000066248;ENSG00000115355;ENSG00000075651;ENSG00000088756;ENSG00000006740;ENSG00000079387;ENSG00000198373;ENSG00000160007;ENSG00000165280;ENSG00000107863;ENSG00000133121;ENSG00000122257;ENSG00000158985;ENSG00000136738;ENSG00000126777;ENSG00000105281"
"REACTOME","REACTOME_ACTIVATION_OF_THE_MRNA_UPON_BINDING_OF_THE_CAP_BINDING_COMPLEX_AND_EIFS_AND_SUBSEQUENT_BINDING_TO_43S",2.93387292116228e-08,2.30146031371175e-06,0.73376198835648,0.629375881627139,2.28313489332225,59,"ENSG00000112306;ENSG00000143947;ENSG00000177954;ENSG00000100353;ENSG00000175390;ENSG00000145425;ENSG00000138326;ENSG00000124614;ENSG00000198034;ENSG00000182774;ENSG00000171858;ENSG00000231500;ENSG00000170889;ENSG00000115268;ENSG00000186468;ENSG00000105193;ENSG00000134419;ENSG00000142937;ENSG00000164587;ENSG00000149806;ENSG00000233927;ENSG00000110700;ENSG00000168028;ENSG00000213741;ENSG00000178982;ENSG00000171863;ENSG00000083845;ENSG00000161960;ENSG00000105372;ENSG00000008988;ENSG00000129824;ENSG00000197728;ENSG00000118181;ENSG00000140988;ENSG00000142534;ENSG00000084623;ENSG00000130811;ENSG00000149273"
"REACTOME","REACTOME_RESPIRATORY_ELECTRON_TRANSPORT",3.43238097834986e-08,2.55080102180526e-06,0.719512826338911,0.47634525898035,2.01830264165599,157,"ENSG00000110074;ENSG00000137288;ENSG00000167792;ENSG00000233954;ENSG00000183648;ENSG00000136521;ENSG00000110717;ENSG00000130159;ENSG00000145494;ENSG00000126602;ENSG00000164919;ENSG00000178449;ENSG00000140740;ENSG00000168273;ENSG00000178057;ENSG00000074582;ENSG00000137038;ENSG00000126267;ENSG00000224877;ENSG00000099795;ENSG00000213619;ENSG00000184076;ENSG00000174886;ENSG00000127838;ENSG00000147123;ENSG00000108528;ENSG00000131143;ENSG00000115286;ENSG00000186010;ENSG00000183978;ENSG00000171202;ENSG00000164258;ENSG00000179091;ENSG00000100209;ENSG00000160194;ENSG00000140990;ENSG00000065518;ENSG00000090266;ENSG00000112695;ENSG00000177542;ENSG00000168653;ENSG00000148290;ENSG00000177646;ENSG00000204922;ENSG00000214113;ENSG00000010256;ENSG00000135940;ENSG00000203667;ENSG00000105341;ENSG00000189043;ENSG00000127184;ENSG00000138495;ENSG00000109390;ENSG00000117118;ENSG00000120053;ENSG00000127540;ENSG00000250317;ENSG00000184857;ENSG00000146701;ENSG00000168569;ENSG00000146066;ENSG00000105379;ENSG00000165264;ENSG00000004779;ENSG00000183605;ENSG00000139180;ENSG00000244005;ENSG00000267855;ENSG00000155463;ENSG00000125356;ENSG00000178741;ENSG00000173660;ENSG00000111775;ENSG00000166136;ENSG00000198840;ENSG00000229833;ENSG00000136003"
"REACTOME","REACTOME_INFLUENZA_INFECTION",1.124676997961e-07,7.94021960560463e-06,0.704975715167238,0.467054899895326,1.97893884842044,157,"ENSG00000198918;ENSG00000163584;ENSG00000112306;ENSG00000143947;ENSG00000265681;ENSG00000177954;ENSG00000197958;ENSG00000167526;ENSG00000100836;ENSG00000108298;ENSG00000100316;ENSG00000145425;ENSG00000144713;ENSG00000166441;ENSG00000138326;ENSG00000124614;ENSG00000198034;ENSG00000005075;ENSG00000182774;ENSG00000171858;ENSG00000231500;ENSG00000130255;ENSG00000161016;ENSG00000170889;ENSG00000115268;ENSG00000109475;ENSG00000125651;ENSG00000122705;ENSG00000186468;ENSG00000172809;ENSG00000177700;ENSG00000142541;ENSG00000163682;ENSG00000114391;ENSG00000122026;ENSG00000063177;ENSG00000198755;ENSG00000105193;ENSG00000177600;ENSG00000089157;ENSG00000241343;ENSG00000134419;ENSG00000142676;ENSG00000142937;ENSG00000105640;ENSG00000163923;ENSG00000163882;ENSG00000164587;ENSG00000136942;ENSG00000149806;ENSG00000157020;ENSG00000233927;ENSG00000110700;ENSG00000145592;ENSG00000168028;ENSG00000122406;ENSG00000213741;ENSG00000197756;ENSG00000174444;ENSG00000108107;ENSG00000171863;ENSG00000083845;ENSG00000137818;ENSG00000188846;ENSG00000105372;ENSG00000071082;ENSG00000131469;ENSG00000008988;ENSG00000165502;ENSG00000162244;ENSG00000129824;ENSG00000182899;ENSG00000105258;ENSG00000182481;ENSG00000204389;ENSG00000156482;ENSG00000147604;ENSG00000148303;ENSG00000197728;ENSG00000118181;ENSG00000102978;ENSG00000140988;ENSG00000142534;ENSG00000221983;ENSG00000198242;ENSG00000125691;ENSG00000161970;ENSG00000138750;ENSG00000149273"
"REACTOME","REACTOME_SARS_COV_2_MODULATES_HOST_TRANSLATION_MACHINERY",1.73486923542731e-07,1.16649302877303e-05,0.690132458796796,0.646050567872229,2.27664276988582,50,"ENSG00000112306;ENSG00000143947;ENSG00000177954;ENSG00000152147;ENSG00000145425;ENSG00000138326;ENSG00000124614;ENSG00000198034;ENSG00000182774;ENSG00000171858;ENSG00000231500;ENSG00000170889;ENSG00000115268;ENSG00000186468;ENSG00000142252;ENSG00000105193;ENSG00000134419;ENSG00000142937;ENSG00000164587;ENSG00000149806;ENSG00000233927;ENSG00000110700;ENSG00000168028;ENSG00000213741;ENSG00000171863;ENSG00000083845;ENSG00000105372;ENSG00000182004;ENSG00000008988;ENSG00000129824;ENSG00000172062;ENSG00000125743;ENSG00000197728;ENSG00000118181;ENSG00000140988;ENSG00000142534;ENSG00000046647;ENSG00000149273;ENSG00000100028;ENSG00000092208;ENSG00000185088"
"REACTOME","REACTOME_AEROBIC_RESPIRATION_AND_RESPIRATORY_ELECTRON_TRANSPORT",8.30752112684266e-07,5.33191810504629e-05,0.659444398037935,0.391824997147252,1.76137082631131,258,"ENSG00000180902;ENSG00000110074;ENSG00000154723;ENSG00000005882;ENSG00000167701;ENSG00000125375;ENSG00000137288;ENSG00000099624;ENSG00000167792;ENSG00000233954;ENSG00000183648;ENSG00000143947;ENSG00000205138;ENSG00000136521;ENSG00000175567;ENSG00000110717;ENSG00000130159;ENSG00000162877;ENSG00000145494;ENSG00000126602;ENSG00000164919;ENSG00000150991;ENSG00000178449;ENSG00000140740;ENSG00000168273;ENSG00000178057;ENSG00000109424;ENSG00000074582;ENSG00000137038;ENSG00000124172;ENSG00000126267;ENSG00000224877;ENSG00000135390;ENSG00000099795;ENSG00000213619;ENSG00000184076;ENSG00000063854;ENSG00000174886;ENSG00000151729;ENSG00000169020;ENSG00000127838;ENSG00000147123;ENSG00000108528;ENSG00000131143;ENSG00000115286;ENSG00000241837;ENSG00000186010;ENSG00000183978;ENSG00000171202;ENSG00000156411;ENSG00000164258;ENSG00000179091;ENSG00000089163;ENSG00000100209;ENSG00000159199;ENSG00000153291;ENSG00000160194;ENSG00000140990;ENSG00000065518;ENSG00000090266;ENSG00000112695;ENSG00000177542;ENSG00000168653;ENSG00000148290;ENSG00000177646;ENSG00000204922;ENSG00000214113;ENSG00000010256;ENSG00000135940;ENSG00000203667;ENSG00000105341;ENSG00000189043;ENSG00000167863;ENSG00000065833;ENSG00000101365;ENSG00000241468;ENSG00000127184;ENSG00000138495;ENSG00000109390;ENSG00000117118;ENSG00000120053;ENSG00000154079;ENSG00000127540;ENSG00000250317;ENSG00000184857;ENSG00000146701;ENSG00000221983;ENSG00000168569;ENSG00000146066;ENSG00000142082;ENSG00000167985;ENSG00000105379;ENSG00000165264;ENSG00000004779;ENSG00000183605;ENSG00000139180;ENSG00000244005;ENSG00000267855;ENSG00000155463;ENSG00000125356;ENSG00000165629;ENSG00000178741;ENSG00000173660;ENSG00000134056;ENSG00000111775;ENSG00000166136;ENSG00000198840;ENSG00000229833;ENSG00000136003"
"REACTOME","REACTOME_RAC3_GTPASE_CYCLE",1.41214943007786e-06,8.66936954465191e-05,0.643551836150722,-0.514514801066562,-2.06528933691242,91,"ENSG00000174106;ENSG00000124126;ENSG00000135905;ENSG00000145675;ENSG00000101384;ENSG00000134909;ENSG00000121871;ENSG00000051523;ENSG00000135090;ENSG00000156299;ENSG00000028116;ENSG00000188158;ENSG00000112851;ENSG00000061676;ENSG00000073712;ENSG00000139641;ENSG00000076706;ENSG00000150054;ENSG00000122126;ENSG00000072274;ENSG00000100852;ENSG00000186716;ENSG00000140750;ENSG00000038382;ENSG00000136754;ENSG00000074695;ENSG00000046604;ENSG00000273749;ENSG00000079482;ENSG00000150093;ENSG00000173218;ENSG00000049245;ENSG00000139211;ENSG00000160007;ENSG00000107863;ENSG00000105281;ENSG00000180370;ENSG00000143322;ENSG00000120802;ENSG00000164040;ENSG00000133789;ENSG00000143815;ENSG00000008517;ENSG00000123338;ENSG00000111348;ENSG00000105647"
"REACTOME","REACTOME_MITOCHONDRIAL_TRANSLATION_ELONGATION",1.53677853124961e-06,9.04138035885185e-05,0.643551836150722,0.522850857750165,2.03774565360031,89,"ENSG00000102738;ENSG00000162910;ENSG00000214026;ENSG00000171421;ENSG00000181610;ENSG00000175756;ENSG00000166902;ENSG00000112651;ENSG00000172590;ENSG00000125445;ENSG00000144029;ENSG00000204568;ENSG00000105364;ENSG00000174547;ENSG00000172172;ENSG00000074071;ENSG00000096080;ENSG00000183617;ENSG00000062582;ENSG00000239789;ENSG00000204822;ENSG00000132591;ENSG00000111639;ENSG00000182180;ENSG00000143314;ENSG00000180992;ENSG00000167862;ENSG00000086504;ENSG00000211459;ENSG00000178952;ENSG00000242485;ENSG00000204316;ENSG00000262814;ENSG00000163319;ENSG00000116898;ENSG00000130312;ENSG00000136522;ENSG00000125901;ENSG00000259494;ENSG00000169288;ENSG00000155463;ENSG00000147586;ENSG00000185608;ENSG00000116221;ENSG00000055950;ENSG00000122140;ENSG00000134056"
"REACTOME","REACTOME_DISEASES_OF_SIGNAL_TRANSDUCTION_BY_GROWTH_FACTOR_RECEPTORS_AND_SECOND_MESSENGERS",2.25354721667179e-06,0.000127280346797622,0.627256739718528,-0.325784273380576,-1.58383140772118,436,"ENSG00000071537;ENSG00000171094;ENSG00000143507;ENSG00000114166;ENSG00000141506;ENSG00000115414;ENSG00000145675;ENSG00000101384;ENSG00000109458;ENSG00000010810;ENSG00000179295;ENSG00000096968;ENSG00000163513;ENSG00000110841;ENSG00000172071;ENSG00000130779;ENSG00000164327;ENSG00000102678;ENSG00000164683;ENSG00000105976;ENSG00000089234;ENSG00000107643;ENSG00000169032;ENSG00000101752;ENSG00000149970;ENSG00000115808;ENSG00000105939;ENSG00000114315;ENSG00000157168;ENSG00000150907;ENSG00000138675;ENSG00000138685;ENSG00000139687;ENSG00000213281;ENSG00000132842;ENSG00000155629;ENSG00000100311;ENSG00000163909;ENSG00000113712;ENSG00000115904;ENSG00000141027;ENSG00000107104;ENSG00000154001;ENSG00000171560;ENSG00000108061;ENSG00000169047;ENSG00000156427;ENSG00000112851;ENSG00000157077;ENSG00000166913;ENSG00000006459;ENSG00000117020;ENSG00000157764;ENSG00000161021;ENSG00000176105;ENSG00000183762;ENSG00000137845;ENSG00000126070;ENSG00000118260;ENSG00000005339;ENSG00000167460;ENSG00000143801;ENSG00000134982;ENSG00000123908;ENSG00000092847;ENSG00000127946;ENSG00000082701;ENSG00000168214;ENSG00000186716;ENSG00000136937;ENSG00000170759;ENSG00000171435;ENSG00000196712;ENSG00000115760;ENSG00000259207;ENSG00000138032;ENSG00000134698;ENSG00000198793;ENSG00000182606;ENSG00000100030;ENSG00000107854;ENSG00000133703;ENSG00000137713;ENSG00000135968;ENSG00000110395;ENSG00000070018;ENSG00000122779;ENSG00000147475;ENSG00000126214;ENSG00000047315;ENSG00000164930;ENSG00000141367;ENSG00000153201;ENSG00000172216;ENSG00000066468;ENSG00000133030;ENSG00000100393;ENSG00000068971;ENSG00000122778;ENSG00000066027;ENSG00000213341;ENSG00000138674;ENSG00000173273;ENSG00000148660;ENSG00000078687;ENSG00000186298;ENSG00000035403;ENSG00000100815;ENSG00000113070;ENSG00000101849;ENSG00000153094;ENSG00000118689;ENSG00000158186;ENSG00000108946;ENSG00000143549;ENSG00000130816;ENSG00000108375;ENSG00000033327;ENSG00000168610;ENSG00000102312;ENSG00000121741;ENSG00000175387;ENSG00000184481;ENSG00000104413;ENSG00000162736;ENSG00000078579;ENSG00000166949;ENSG00000140992;ENSG00000135547;ENSG00000163251;ENSG00000184675;ENSG00000165280;ENSG00000184545;ENSG00000164086;ENSG00000072849;ENSG00000114742;ENSG00000197461;ENSG00000173230;ENSG00000127947;ENSG00000156735;ENSG00000138613;ENSG00000135679;ENSG00000112941;ENSG00000148053;ENSG00000213639;ENSG00000143924;ENSG00000138801;ENSG00000113578;ENSG00000112531;ENSG00000013275;ENSG00000177565;ENSG00000162337;ENSG00000143106;ENSG00000122025;ENSG00000068912;ENSG00000140575"
"REACTOME","REACTOME_RAC2_GTPASE_CYCLE",4.66881947634158e-06,0.00025355281156132,0.610526878385931,-0.499866302649278,-1.98291611751836,85,"ENSG00000174106;ENSG00000124126;ENSG00000135905;ENSG00000145675;ENSG00000134909;ENSG00000124164;ENSG00000051523;ENSG00000135090;ENSG00000088538;ENSG00000156299;ENSG00000028116;ENSG00000188158;ENSG00000112851;ENSG00000061676;ENSG00000139641;ENSG00000076706;ENSG00000150054;ENSG00000023892;ENSG00000072274;ENSG00000186716;ENSG00000128512;ENSG00000140750;ENSG00000038382;ENSG00000136754;ENSG00000074695;ENSG00000046604;ENSG00000150760;ENSG00000273749;ENSG00000079482;ENSG00000150093;ENSG00000173218;ENSG00000049245;ENSG00000160007;ENSG00000107863;ENSG00000180370;ENSG00000120802;ENSG00000140575;ENSG00000164040;ENSG00000133789;ENSG00000143815;ENSG00000123338"
"REACTOME","REACTOME_RAC1_GTPASE_CYCLE",5.4976740094016e-06,0.000287507988936113,0.610526878385931,-0.406949239922756,-1.7972608523358,178,"ENSG00000137962;ENSG00000160145;ENSG00000174106;ENSG00000124126;ENSG00000135905;ENSG00000145675;ENSG00000101384;ENSG00000134909;ENSG00000088387;ENSG00000051523;ENSG00000135090;ENSG00000198844;ENSG00000088538;ENSG00000122574;ENSG00000156299;ENSG00000031003;ENSG00000028116;ENSG00000120063;ENSG00000115904;ENSG00000188158;ENSG00000100485;ENSG00000112851;ENSG00000061676;ENSG00000073712;ENSG00000139641;ENSG00000076706;ENSG00000150054;ENSG00000023892;ENSG00000137727;ENSG00000072274;ENSG00000100852;ENSG00000132694;ENSG00000186716;ENSG00000128512;ENSG00000164741;ENSG00000140750;ENSG00000006607;ENSG00000038382;ENSG00000136754;ENSG00000165322;ENSG00000114346;ENSG00000150760;ENSG00000097096;ENSG00000273749;ENSG00000143776;ENSG00000116641;ENSG00000079482;ENSG00000065243;ENSG00000150093;ENSG00000101349;ENSG00000173218;ENSG00000182957;ENSG00000049245;ENSG00000115935;ENSG00000139211;ENSG00000066248;ENSG00000075651;ENSG00000006740;ENSG00000160007;ENSG00000107863;ENSG00000126777;ENSG00000105281;ENSG00000180370;ENSG00000143322;ENSG00000120802;ENSG00000186517;ENSG00000152767;ENSG00000106299;ENSG00000140575;ENSG00000003393;ENSG00000133789;ENSG00000143815;ENSG00000147459;ENSG00000196935;ENSG00000123338;ENSG00000123329;ENSG00000102606;ENSG00000113319;ENSG00000111348;ENSG00000077264;ENSG00000105647"
"REACTOME","REACTOME_MITOCHONDRIAL_TRANSLATION",6.556691679576e-06,0.000330644594698618,0.610526878385931,0.468090234406739,1.89828017677959,114,"ENSG00000102738;ENSG00000162910;ENSG00000214026;ENSG00000171421;ENSG00000181610;ENSG00000175756;ENSG00000166902;ENSG00000112651;ENSG00000172590;ENSG00000125445;ENSG00000144029;ENSG00000204568;ENSG00000105364;ENSG00000174547;ENSG00000172172;ENSG00000074071;ENSG00000096080;ENSG00000156928;ENSG00000183617;ENSG00000062582;ENSG00000239789;ENSG00000204822;ENSG00000148187;ENSG00000132591;ENSG00000130921;ENSG00000111639;ENSG00000182180;ENSG00000143314;ENSG00000180992;ENSG00000167862;ENSG00000086504;ENSG00000211459;ENSG00000178952;ENSG00000242485;ENSG00000204316;ENSG00000262814;ENSG00000163319;ENSG00000116898;ENSG00000130312;ENSG00000136522;ENSG00000125901;ENSG00000122033;ENSG00000259494;ENSG00000169288;ENSG00000004779;ENSG00000155463;ENSG00000147586;ENSG00000185608;ENSG00000116221;ENSG00000055950;ENSG00000122140;ENSG00000134056;ENSG00000198840;ENSG00000112031;ENSG00000266472"
"REACTOME","REACTOME_COMPLEX_I_BIOGENESIS",6.98093095853332e-06,0.000339899121153415,0.610526878385931,0.543816887467427,2.02285486465475,68,"ENSG00000110074;ENSG00000167792;ENSG00000183648;ENSG00000136521;ENSG00000110717;ENSG00000130159;ENSG00000145494;ENSG00000178057;ENSG00000137038;ENSG00000224877;ENSG00000099795;ENSG00000213619;ENSG00000174886;ENSG00000147123;ENSG00000115286;ENSG00000186010;ENSG00000171202;ENSG00000164258;ENSG00000100209;ENSG00000160194;ENSG00000140990;ENSG00000065518;ENSG00000090266;ENSG00000168653;ENSG00000177646;ENSG00000105341;ENSG00000109390;ENSG00000184857;ENSG00000165264;ENSG00000004779;ENSG00000183605;ENSG00000139180;ENSG00000267855;ENSG00000155463;ENSG00000125356;ENSG00000166136;ENSG00000198840"
"REACTOME","REACTOME_PHOSPHORYLATION_OF_CLOCK_ACETYLATION_OF_BMAL1_ARNTL_AT_TARGET_GENE_PROMOTERS",1.16578788071734e-05,0.000548697495857627,0.593325476396405,-0.859297793369129,-2.10074448792042,11,"ENSG00000069667;ENSG00000133794;ENSG00000134852;ENSG00000118058;ENSG00000008405;ENSG00000005339;ENSG00000049246"
"REACTOME","REACTOME_THE_CRY_PER_KINASE_COMPLEX_REPRESSES_TRANSACTIVATION_BY_THE_BMAL_CLOCK_ARNTL_CLOCK_COMPLEX",1.70281326574941e-05,0.000731058147477242,0.575610261071129,-0.8043497041369,-2.11009756743904,14,"ENSG00000069667;ENSG00000133794;ENSG00000134852;ENSG00000118058;ENSG00000008405;ENSG00000005339;ENSG00000049246"
"REACTOME","REACTOME_RHOB_GTPASE_CYCLE",1.7085636591182e-05,0.000731058147477242,0.575610261071129,-0.513678621307918,-1.95824430143335,69,"ENSG00000124126;ENSG00000145675;ENSG00000134909;ENSG00000131941;ENSG00000173848;ENSG00000110237;ENSG00000100592;ENSG00000134318;ENSG00000067900;ENSG00000112851;ENSG00000170776;ENSG00000076706;ENSG00000066933;ENSG00000072274;ENSG00000100852;ENSG00000132694;ENSG00000186716;ENSG00000065613;ENSG00000164741;ENSG00000114346;ENSG00000198142;ENSG00000143878;ENSG00000196914;ENSG00000079482;ENSG00000065243;ENSG00000173218;ENSG00000049245;ENSG00000160007;ENSG00000107863;ENSG00000133121"
"REACTOME","REACTOME_PHOSPHOLIPID_METABOLISM",1.64427007878938e-05,0.000731058147477242,0.575610261071129,-0.376361241954464,-1.69313664079658,203,"ENSG00000163629;ENSG00000141506;ENSG00000003987;ENSG00000145675;ENSG00000074416;ENSG00000204385;ENSG00000085788;ENSG00000040933;ENSG00000115159;ENSG00000129353;ENSG00000153982;ENSG00000100344;ENSG00000168389;ENSG00000102043;ENSG00000143398;ENSG00000144566;ENSG00000070748;ENSG00000155189;ENSG00000172197;ENSG00000161217;ENSG00000106086;ENSG00000150867;ENSG00000111684;ENSG00000011405;ENSG00000102230;ENSG00000078269;ENSG00000138018;ENSG00000144645;ENSG00000108389;ENSG00000038210;ENSG00000196455;ENSG00000153246;ENSG00000084090;ENSG00000091039;ENSG00000122126;ENSG00000070214;ENSG00000110536;ENSG00000119927;ENSG00000087053;ENSG00000186111;ENSG00000063601;ENSG00000133056;ENSG00000143797;ENSG00000123684;ENSG00000152642;ENSG00000139144;ENSG00000085719;ENSG00000119396;ENSG00000159082;ENSG00000070770;ENSG00000133812;ENSG00000078142;ENSG00000135241;ENSG00000107679;ENSG00000052126;ENSG00000150712;ENSG00000088766;ENSG00000101290;ENSG00000211456;ENSG00000109452;ENSG00000158201;ENSG00000125772;ENSG00000198825;ENSG00000100884;ENSG00000075651;ENSG00000115020;ENSG00000101266;ENSG00000121316;ENSG00000123739;ENSG00000153395;ENSG00000134287;ENSG00000141179;ENSG00000180488;ENSG00000138029;ENSG00000163803;ENSG00000139163;ENSG00000179598;ENSG00000172954;ENSG00000139505;ENSG00000021762"
"REACTOME","REACTOME_CRISTAE_FORMATION",1.96992623102856e-05,0.0008180987759448,0.575610261071129,0.649400357600155,2.09762390906094,33,"ENSG00000154723;ENSG00000125375;ENSG00000099624;ENSG00000128654;ENSG00000124172;ENSG00000135390;ENSG00000184831;ENSG00000169020;ENSG00000174917;ENSG00000241837;ENSG00000156411;ENSG00000159199;ENSG00000173171;ENSG00000167863;ENSG00000241468;ENSG00000173436;ENSG00000178307"
"REACTOME","REACTOME_SYNTHESIS_OF_PIPS_AT_THE_PLASMA_MEMBRANE",2.09118608717829e-05,0.000843644215741642,0.575610261071129,-0.566241272491091,-2.0411384434198,52,"ENSG00000163629;ENSG00000141506;ENSG00000145675;ENSG00000040933;ENSG00000102043;ENSG00000143398;ENSG00000144566;ENSG00000106086;ENSG00000150867;ENSG00000011405;ENSG00000078269;ENSG00000038210;ENSG00000122126;ENSG00000087053;ENSG00000186111;ENSG00000063601;ENSG00000133056;ENSG00000139144;ENSG00000119396;ENSG00000159082;ENSG00000133812;ENSG00000107679;ENSG00000052126;ENSG00000109452"
"REACTOME","REACTOME_PROTEIN_LOCALIZATION",4.15976254746185e-05,0.00163155131028226,0.557332238758646,0.405457423939259,1.72611688505393,164,"ENSG00000203797;ENSG00000117305;ENSG00000101323;ENSG00000102125;ENSG00000163528;ENSG00000157326;ENSG00000172482;ENSG00000196683;ENSG00000179761;ENSG00000176894;ENSG00000157911;ENSG00000143947;ENSG00000106089;ENSG00000128654;ENSG00000250479;ENSG00000214253;ENSG00000150991;ENSG00000126768;ENSG00000101473;ENSG00000101986;ENSG00000074582;ENSG00000242612;ENSG00000162236;ENSG00000136881;ENSG00000115155;ENSG00000151729;ENSG00000127554;ENSG00000100292;ENSG00000217930;ENSG00000214736;ENSG00000106153;ENSG00000060971;ENSG00000119673;ENSG00000104823;ENSG00000140876;ENSG00000160087;ENSG00000220205;ENSG00000121680;ENSG00000104980;ENSG00000036473;ENSG00000204463;ENSG00000179091;ENSG00000139197;ENSG00000100209;ENSG00000159199;ENSG00000132432;ENSG00000115204;ENSG00000112357;ENSG00000104969;ENSG00000103121;ENSG00000173171;ENSG00000239857;ENSG00000168306;ENSG00000107537;ENSG00000138495;ENSG00000102119;ENSG00000181924;ENSG00000105197;ENSG00000130204;ENSG00000099800;ENSG00000102178;ENSG00000120915;ENSG00000100575"
"REACTOME","REACTOME_CELLULAR_RESPONSE_TO_HEAT_STRESS",5.48837343186109e-05,0.00209448196913185,0.557332238758646,-0.448810806252467,-1.83450416939459,99,"ENSG00000044574;ENSG00000165868;ENSG00000146072;ENSG00000152137;ENSG00000124789;ENSG00000096717;ENSG00000113569;ENSG00000155561;ENSG00000069248;ENSG00000139496;ENSG00000030066;ENSG00000166170;ENSG00000155304;ENSG00000005339;ENSG00000108559;ENSG00000082701;ENSG00000095319;ENSG00000175054;ENSG00000198793;ENSG00000100030;ENSG00000163002;ENSG00000153201;ENSG00000100393;ENSG00000093000;ENSG00000148660;ENSG00000197565;ENSG00000149311;ENSG00000162889;ENSG00000196431;ENSG00000164070;ENSG00000110713;ENSG00000165280;ENSG00000196313;ENSG00000132182;ENSG00000156735;ENSG00000132383;ENSG00000230989"
"REACTOME","REACTOME_PKA_MEDIATED_PHOSPHORYLATION_OF_CREB",6.41416843236956e-05,0.00238336995434364,0.538434096309916,-0.725781786738115,-2.07592656401596,19,"ENSG00000173175;ENSG00000164742;ENSG00000078295;ENSG00000172915;ENSG00000138031;ENSG00000162104;ENSG00000118260;ENSG00000142875;ENSG00000114302;ENSG00000183943;ENSG00000108946"
"REACTOME","REACTOME_PI_3K_CASCADE_FGFR3",6.71205634433838e-05,0.00243010860466815,0.538434096309916,-0.761328093246657,-2.04246476381868,15,"ENSG00000145675;ENSG00000109458;ENSG00000179295;ENSG00000102678;ENSG00000138675;ENSG00000138685;ENSG00000156427"
"REACTOME","REACTOME_PI_METABOLISM",6.97699607404477e-05,0.0024628796141378,0.538434096309916,-0.47219845212975,-1.86143911545948,82,"ENSG00000163629;ENSG00000141506;ENSG00000003987;ENSG00000145675;ENSG00000040933;ENSG00000153982;ENSG00000102043;ENSG00000143398;ENSG00000144566;ENSG00000106086;ENSG00000150867;ENSG00000011405;ENSG00000078269;ENSG00000108389;ENSG00000038210;ENSG00000196455;ENSG00000122126;ENSG00000087053;ENSG00000186111;ENSG00000063601;ENSG00000133056;ENSG00000139144;ENSG00000119396;ENSG00000159082;ENSG00000133812;ENSG00000078142;ENSG00000107679;ENSG00000052126;ENSG00000150712;ENSG00000211456;ENSG00000109452;ENSG00000198825"
"REACTOME","REACTOME_PHOSPHORYLATED_BMAL1_CLOCK_ARNTL_CLOCK_ACTIVATES_EXPRESSION_OF_CORE_CLOCK_GENES",0.000119531685556919,0.00411655463430171,0.538434096309916,-0.683853510784982,-2.03082343004926,22,"ENSG00000069667;ENSG00000133794;ENSG00000143365;ENSG00000134852;ENSG00000134107;ENSG00000118058;ENSG00000008405;ENSG00000112561;ENSG00000118260;ENSG00000005339;ENSG00000049246;ENSG00000095794"
"REACTOME","REACTOME_FORMATION_OF_ATP_BY_CHEMIOSMOTIC_COUPLING",0.000170301642168823,0.00572537901767566,0.518848077743792,0.692657109701873,1.99475255512834,20,"ENSG00000154723;ENSG00000125375;ENSG00000099624;ENSG00000124172;ENSG00000135390;ENSG00000169020;ENSG00000241837;ENSG00000156411;ENSG00000159199;ENSG00000167863;ENSG00000241468"
"REACTOME","REACTOME_PI_3K_CASCADE_FGFR1",0.000206475702475632,0.00677904803039801,0.518848077743792,-0.724677797061141,-2.01166267257574,17,"ENSG00000145675;ENSG00000109458;ENSG00000179295;ENSG00000102678;ENSG00000138675;ENSG00000138685"
"REACTOME","REACTOME_INTRA_GOLGI_AND_RETROGRADE_GOLGI_TO_ER_TRAFFIC",0.000211245122760278,0.00677904803039801,0.518848077743792,-0.346437536020768,-1.5568054409683,202,"ENSG00000143641;ENSG00000111885;ENSG00000003056;ENSG00000179331;ENSG00000112893;ENSG00000173905;ENSG00000134970;ENSG00000107036;ENSG00000197081;ENSG00000198162;ENSG00000104833;ENSG00000139116;ENSG00000170348;ENSG00000125814;ENSG00000116489;ENSG00000054523;ENSG00000165115;ENSG00000164292;ENSG00000151779;ENSG00000133103;ENSG00000131437;ENSG00000151746;ENSG00000118873;ENSG00000068796;ENSG00000115839;ENSG00000101350;ENSG00000170759;ENSG00000095139;ENSG00000144635;ENSG00000099246;ENSG00000008256;ENSG00000007168;ENSG00000175582;ENSG00000135968;ENSG00000122218;ENSG00000066455;ENSG00000123570;ENSG00000131966;ENSG00000126214;ENSG00000152291;ENSG00000148429;ENSG00000086598;ENSG00000185963;ENSG00000184432;ENSG00000172007;ENSG00000158560;ENSG00000168092;ENSG00000104671;ENSG00000197102;ENSG00000129083;ENSG00000132912;ENSG00000066735;ENSG00000077380;ENSG00000144747;ENSG00000100196;ENSG00000100815;ENSG00000179562;ENSG00000049245;ENSG00000108587;ENSG00000155980;ENSG00000139977;ENSG00000198898;ENSG00000124222;ENSG00000138778;ENSG00000164597;ENSG00000264364;ENSG00000120805;ENSG00000134287;ENSG00000084731;ENSG00000265808;ENSG00000141429;ENSG00000143952;ENSG00000136935;ENSG00000197892;ENSG00000116852;ENSG00000136152;ENSG00000158623;ENSG00000176014;ENSG00000107185;ENSG00000099940;ENSG00000073969"
"REACTOME","REACTOME_SIGNALING_BY_FGFR1_IN_DISEASE",0.000242621117610008,0.00761291151256292,0.518848077743792,-0.573226615225438,-1.89634558024564,35,"ENSG00000145675;ENSG00000109458;ENSG00000102678;ENSG00000138675;ENSG00000138685;ENSG00000213281;ENSG00000115904;ENSG00000186716;ENSG00000133703;ENSG00000122779;ENSG00000147475;ENSG00000033327;ENSG00000168610;ENSG00000121741;ENSG00000078579;ENSG00000156735;ENSG00000113578"
"REACTOME","REACTOME_SIGNALING_BY_NTRK2_TRKB",0.000260931868300603,0.00800947387044459,0.49849310876659,-0.654193439523649,-1.98030197491163,24,"ENSG00000145675;ENSG00000109458;ENSG00000010810;ENSG00000179295;ENSG00000088538;ENSG00000156299;ENSG00000176749;ENSG00000213281;ENSG00000115904"
"REACTOME","REACTOME_NUCLEAR_IMPORT_OF_REV_PROTEIN",0.000303083337084075,0.00910539727580244,0.49849310876659,-0.590704681450612,-1.94643980777669,34,"ENSG00000124789;ENSG00000113569;ENSG00000155561;ENSG00000069248;ENSG00000139496;ENSG00000030066;ENSG00000108424;ENSG00000108559;ENSG00000095319;ENSG00000163002;ENSG00000153201;ENSG00000093000;ENSG00000110713;ENSG00000196313;ENSG00000132182"
"REACTOME","REACTOME_RHOD_GTPASE_CYCLE",0.00031250148316915,0.00919275196322583,0.49849310876659,-0.509734255398541,-1.84655752783403,53,"ENSG00000174106;ENSG00000118407;ENSG00000145675;ENSG00000134909;ENSG00000124164;ENSG00000115107;ENSG00000033867;ENSG00000028116;ENSG00000139641;ENSG00000076706;ENSG00000100852;ENSG00000185722;ENSG00000130150;ENSG00000140750;ENSG00000165322;ENSG00000074695;ENSG00000148700;ENSG00000142634;ENSG00000101349;ENSG00000173218;ENSG00000049245;ENSG00000160007;ENSG00000107863;ENSG00000120802;ENSG00000072110;ENSG00000164040;ENSG00000156232;ENSG00000143815;ENSG00000114554;ENSG00000105647;ENSG00000131504"
"REACTOME","REACTOME_REGULATION_OF_HSF1_MEDIATED_HEAT_SHOCK_RESPONSE",0.000323315244743591,0.00931675766485614,0.49849310876659,-0.452087459269877,-1.77646617239339,81,"ENSG00000044574;ENSG00000165868;ENSG00000146072;ENSG00000124789;ENSG00000096717;ENSG00000113569;ENSG00000155561;ENSG00000069248;ENSG00000139496;ENSG00000030066;ENSG00000166170;ENSG00000155304;ENSG00000108559;ENSG00000082701;ENSG00000095319;ENSG00000175054;ENSG00000100030;ENSG00000163002;ENSG00000153201;ENSG00000093000;ENSG00000197565;ENSG00000149311;ENSG00000162889;ENSG00000196431;ENSG00000164070;ENSG00000110713;ENSG00000196313;ENSG00000132182;ENSG00000156735;ENSG00000132383"
"REACTOME","REACTOME_ALK_MUTANTS_BIND_TKIS",0.000343973355772413,0.00971380756701296,0.49849310876659,-0.779289031140689,-1.95845329491074,12,"ENSG00000171094;ENSG00000115414;ENSG00000172071;ENSG00000115808;ENSG00000127946;ENSG00000115760;ENSG00000138032;ENSG00000141367;ENSG00000108946"
"REACTOME","REACTOME_RHOG_GTPASE_CYCLE",0.00035902692686514,0.00994011805359956,0.49849310876659,-0.464692405345228,-1.78402839196796,72,"ENSG00000160145;ENSG00000174106;ENSG00000124126;ENSG00000145675;ENSG00000134909;ENSG00000124164;ENSG00000088538;ENSG00000028116;ENSG00000112851;ENSG00000139641;ENSG00000076706;ENSG00000150054;ENSG00000072274;ENSG00000100852;ENSG00000128512;ENSG00000038382;ENSG00000074695;ENSG00000046604;ENSG00000150760;ENSG00000273749;ENSG00000079482;ENSG00000150093;ENSG00000173218;ENSG00000049245;ENSG00000075651;ENSG00000160007;ENSG00000107863;ENSG00000126777;ENSG00000180370;ENSG00000120802;ENSG00000164040;ENSG00000143815;ENSG00000147459;ENSG00000111348;ENSG00000114790"
"REACTOME","REACTOME_FGFR1_MUTANT_RECEPTOR_ACTIVATION",0.000381535977911346,0.0102868868045062,0.49849310876659,-0.616585004088323,-1.93530156584494,28,"ENSG00000145675;ENSG00000102678;ENSG00000138675;ENSG00000138685;ENSG00000186716;ENSG00000122779;ENSG00000147475;ENSG00000033327;ENSG00000168610;ENSG00000121741;ENSG00000078579;ENSG00000156735;ENSG00000113578;ENSG00000111790;ENSG00000124831;ENSG00000173757;ENSG00000111605;ENSG00000126561;ENSG00000257923"
"REACTOME","REACTOME_ACTIVATION_OF_APC_C_AND_APC_C_CDC20_MEDIATED_DEGRADATION_OF_MITOTIC_PROTEINS",0.000386122521698888,0.0102868868045062,0.49849310876659,0.487089518608943,1.79175210727815,64,"ENSG00000110200;ENSG00000136930;ENSG00000277791;ENSG00000143947;ENSG00000176248;ENSG00000150991;ENSG00000100902;ENSG00000130706;ENSG00000176386;ENSG00000185627;ENSG00000196510;ENSG00000008018;ENSG00000108106;ENSG00000159377;ENSG00000175063;ENSG00000087191;ENSG00000142507;ENSG00000089053;ENSG00000166295;ENSG00000117399;ENSG00000165916;ENSG00000106588;ENSG00000175166;ENSG00000099341;ENSG00000221983;ENSG00000164611;ENSG00000103035;ENSG00000041357;ENSG00000101182;ENSG00000170142;ENSG00000117650;ENSG00000141552"
"REACTOME","REACTOME_REGULATION_OF_CHOLESTEROL_BIOSYNTHESIS_BY_SREBP_SREBF",0.000438375049265809,0.0112542830829695,0.49849310876659,-0.502109461564991,-1.8320208719718,55,"ENSG00000001630;ENSG00000113161;ENSG00000104549;ENSG00000112972;ENSG00000138802;ENSG00000278540;ENSG00000185591;ENSG00000108424;ENSG00000150961;ENSG00000125686;ENSG00000099194;ENSG00000109929;ENSG00000100934;ENSG00000119927;ENSG00000005339;ENSG00000012174;ENSG00000001167;ENSG00000198646;ENSG00000084676;ENSG00000140396;ENSG00000177200;ENSG00000186951;ENSG00000101849;ENSG00000172893;ENSG00000140943;ENSG00000076555;ENSG00000113615;ENSG00000177565;ENSG00000188786"
"REACTOME","REACTOME_RHOA_GTPASE_CYCLE",0.000435196958837845,0.0112542830829695,0.49849310876659,-0.374400218922699,-1.61142979361552,145,"ENSG00000137962;ENSG00000160145;ENSG00000124126;ENSG00000145675;ENSG00000134909;ENSG00000124164;ENSG00000131941;ENSG00000173848;ENSG00000110237;ENSG00000100592;ENSG00000198844;ENSG00000156299;ENSG00000113194;ENSG00000134318;ENSG00000107897;ENSG00000067900;ENSG00000112851;ENSG00000136478;ENSG00000170776;ENSG00000076706;ENSG00000023892;ENSG00000137727;ENSG00000066933;ENSG00000072274;ENSG00000100852;ENSG00000132694;ENSG00000186716;ENSG00000146376;ENSG00000065613;ENSG00000117528;ENSG00000164741;ENSG00000038382;ENSG00000074695;ENSG00000114346;ENSG00000198142;ENSG00000196914;ENSG00000079482;ENSG00000065243;ENSG00000161791;ENSG00000173218;ENSG00000049245;ENSG00000066248;ENSG00000075651;ENSG00000088756;ENSG00000006740;ENSG00000160007;ENSG00000107863;ENSG00000133121;ENSG00000126777;ENSG00000120802;ENSG00000186517;ENSG00000152767;ENSG00000140575;ENSG00000164040;ENSG00000143815;ENSG00000196935;ENSG00000130052;ENSG00000123329;ENSG00000102606;ENSG00000113319;ENSG00000111348;ENSG00000105647;ENSG00000131504"
"REACTOME","REACTOME_SUMOYLATION_OF_DNA_DAMAGE_RESPONSE_AND_REPAIR_PROTEINS",0.000500630075609578,0.0124015731010653,0.477270815362862,-0.436305618191614,-1.70009511983903,77,"ENSG00000185115;ENSG00000124789;ENSG00000113569;ENSG00000155561;ENSG00000139372;ENSG00000069248;ENSG00000139496;ENSG00000030066;ENSG00000164754;ENSG00000165392;ENSG00000072501;ENSG00000002016;ENSG00000137337;ENSG00000108559;ENSG00000152422;ENSG00000095319;ENSG00000128731;ENSG00000101972;ENSG00000143799;ENSG00000163002;ENSG00000153201;ENSG00000168283;ENSG00000093000;ENSG00000012048;ENSG00000163029;ENSG00000118007;ENSG00000110713;ENSG00000196313;ENSG00000132182;ENSG00000173889;ENSG00000132383;ENSG00000121481"
"REACTOME","REACTOME_EPIGENETIC_REGULATION_BY_WDR5_CONTAINING_HISTONE_MODIFYING_COMPLEXES",0.000494545979787475,0.0124015731010653,0.477270815362862,-0.363722537827528,-1.58535936770732,158,"ENSG00000114166;ENSG00000129474;ENSG00000184260;ENSG00000074416;ENSG00000111727;ENSG00000108510;ENSG00000096717;ENSG00000117222;ENSG00000164091;ENSG00000197837;ENSG00000139687;ENSG00000038219;ENSG00000125686;ENSG00000141027;ENSG00000129691;ENSG00000112282;ENSG00000099194;ENSG00000118058;ENSG00000036549;ENSG00000278463;ENSG00000185130;ENSG00000055609;ENSG00000004799;ENSG00000119927;ENSG00000005339;ENSG00000129292;ENSG00000097007;ENSG00000012660;ENSG00000117505;ENSG00000233822;ENSG00000198646;ENSG00000158406;ENSG00000166821;ENSG00000124151;ENSG00000084676;ENSG00000140396;ENSG00000100393;ENSG00000158373;ENSG00000184634;ENSG00000136146;ENSG00000167548;ENSG00000101849;ENSG00000124641;ENSG00000164758;ENSG00000196890;ENSG00000180182;ENSG00000147162;ENSG00000183598"
"REACTOME","REACTOME_REGULATION_OF_GLUCOKINASE_BY_GLUCOKINASE_REGULATORY_PROTEIN",0.000541494942743805,0.0131826010199009,0.477270815362862,-0.576077324737373,-1.87005512732476,32,"ENSG00000124789;ENSG00000113569;ENSG00000155561;ENSG00000069248;ENSG00000139496;ENSG00000030066;ENSG00000108559;ENSG00000095319;ENSG00000163002;ENSG00000153201;ENSG00000093000;ENSG00000110713;ENSG00000196313;ENSG00000132182"
"REACTOME","REACTOME_NEURONAL_SYSTEM",0.000584862886069055,0.0139970575445679,0.477270815362862,-0.288140779228511,-1.38717534145587,387,"ENSG00000157445;ENSG00000071242;ENSG00000125675;ENSG00000173175;ENSG00000169282;ENSG00000131626;ENSG00000182389;ENSG00000284922;ENSG00000143858;ENSG00000183454;ENSG00000121871;ENSG00000123700;ENSG00000164742;ENSG00000177272;ENSG00000110841;ENSG00000135750;ENSG00000078295;ENSG00000082482;ENSG00000115665;ENSG00000158445;ENSG00000149403;ENSG00000152578;ENSG00000157168;ENSG00000129159;ENSG00000184611;ENSG00000075711;ENSG00000172915;ENSG00000131089;ENSG00000070748;ENSG00000159023;ENSG00000138031;ENSG00000080644;ENSG00000111664;ENSG00000213281;ENSG00000162104;ENSG00000169684;ENSG00000026559;ENSG00000021645;ENSG00000170579;ENSG00000108576;ENSG00000104833;ENSG00000011677;ENSG00000170743;ENSG00000152413;ENSG00000166006;ENSG00000082397;ENSG00000034053;ENSG00000153707;ENSG00000172380;ENSG00000152315;ENSG00000163873;ENSG00000132356;ENSG00000118260;ENSG00000138435;ENSG00000182674;ENSG00000171189;ENSG00000147044;ENSG00000179915;ENSG00000130037;ENSG00000134294;ENSG00000135821;ENSG00000011347;ENSG00000105426;ENSG00000100030;ENSG00000133703;ENSG00000142875;ENSG00000114450;ENSG00000115419;ENSG00000136750;ENSG00000186469;ENSG00000053918;ENSG00000182621;ENSG00000148943;ENSG00000114302;ENSG00000156642;ENSG00000157551;ENSG00000107282;ENSG00000177807;ENSG00000100433;ENSG00000154229;ENSG00000078369;ENSG00000127955;ENSG00000148660;ENSG00000186297;ENSG00000079819;ENSG00000183943;ENSG00000109738;ENSG00000105464;ENSG00000108946;ENSG00000110436;ENSG00000179841;ENSG00000177189;ENSG00000150672;ENSG00000146938;ENSG00000166206;ENSG00000116032;ENSG00000112294;ENSG00000156113;ENSG00000138744;ENSG00000140992;ENSG00000196083;ENSG00000148408;ENSG00000169427;ENSG00000145451;ENSG00000115109;ENSG00000155974;ENSG00000184156;ENSG00000099337;ENSG00000135679;ENSG00000124780;ENSG00000139220;ENSG00000170745;ENSG00000164794;ENSG00000163110;ENSG00000120251;ENSG00000106617;ENSG00000198785;ENSG00000162951;ENSG00000176014;ENSG00000105642;ENSG00000157152;ENSG00000173227;ENSG00000073969;ENSG00000111886;ENSG00000188191;ENSG00000169306;ENSG00000143603;ENSG00000186868;ENSG00000151834;ENSG00000182324;ENSG00000136928;ENSG00000157542;ENSG00000102606;ENSG00000173338;ENSG00000113319;ENSG00000006125;ENSG00000175175;ENSG00000164418;ENSG00000110218;ENSG00000152495;ENSG00000242616;ENSG00000183092;ENSG00000111052;ENSG00000198722;ENSG00000162409;ENSG00000104888;ENSG00000120903;ENSG00000198216;ENSG00000075043"
"REACTOME","REACTOME_NS1_MEDIATED_EFFECTS_ON_HOST_PATHWAYS",0.000602425466795426,0.0141770793185857,0.477270815362862,-0.525457826317337,-1.8223900685227,43,"ENSG00000117228;ENSG00000124789;ENSG00000113569;ENSG00000155561;ENSG00000069248;ENSG00000139496;ENSG00000030066;ENSG00000108424;ENSG00000196911;ENSG00000108559;ENSG00000095319;ENSG00000163002;ENSG00000153201;ENSG00000093000;ENSG00000114030;ENSG00000110713;ENSG00000196313;ENSG00000132182;ENSG00000055332;ENSG00000102753;ENSG00000185467;ENSG00000168404;ENSG00000126883"
"REACTOME","REACTOME_RHOF_GTPASE_CYCLE",0.00064309805830215,0.014413562830518,0.477270815362862,-0.535627876537271,-1.84875203443337,42,"ENSG00000145675;ENSG00000134909;ENSG00000198780;ENSG00000115107;ENSG00000033867;ENSG00000139641;ENSG00000076706;ENSG00000100852;ENSG00000063601;ENSG00000165322;ENSG00000148700;ENSG00000198142;ENSG00000173218;ENSG00000049245;ENSG00000079387;ENSG00000107863;ENSG00000120802;ENSG00000152767;ENSG00000072110;ENSG00000188219;ENSG00000105647;ENSG00000131504;ENSG00000143337;ENSG00000139734"
"REACTOME","REACTOME_APC_C_CDH1_MEDIATED_DEGRADATION_OF_CDC20_AND_OTHER_APC_C_CDH1_TARGETED_PROTEINS_IN_LATE_MITOSIS_EARLY_G1",0.000625700422148536,0.014413562830518,0.477270815362862,0.478122030889042,1.74462379234681,61,"ENSG00000110200;ENSG00000136930;ENSG00000277791;ENSG00000178999;ENSG00000143947;ENSG00000176248;ENSG00000150991;ENSG00000100902;ENSG00000130706;ENSG00000176386;ENSG00000105325;ENSG00000185627;ENSG00000196510;ENSG00000008018;ENSG00000108106;ENSG00000159377;ENSG00000175063;ENSG00000087191;ENSG00000142507;ENSG00000089053;ENSG00000166295;ENSG00000117399;ENSG00000165916;ENSG00000106588;ENSG00000175166;ENSG00000099341;ENSG00000221983;ENSG00000164611;ENSG00000103035;ENSG00000041357;ENSG00000101182;ENSG00000170142;ENSG00000141552"
"REACTOME","REACTOME_UNFOLDED_PROTEIN_RESPONSE_UPR",0.000633244842539762,0.014413562830518,0.477270815362862,-0.420439273490107,-1.69194001504533,92,"ENSG00000051108;ENSG00000149428;ENSG00000044574;ENSG00000166598;ENSG00000143870;ENSG00000102580;ENSG00000134109;ENSG00000090520;ENSG00000172071;ENSG00000179218;ENSG00000118217;ENSG00000153879;ENSG00000164463;ENSG00000012174;ENSG00000065485;ENSG00000001167;ENSG00000182158;ENSG00000172795;ENSG00000108691;ENSG00000134001;ENSG00000172216;ENSG00000178607;ENSG00000068971;ENSG00000138674;ENSG00000100196;ENSG00000157613;ENSG00000175197;ENSG00000128590;ENSG00000175215"
"REACTOME","REACTOME_DOWNSTREAM_SIGNALING_OF_ACTIVATED_FGFR3",0.00066710421804385,0.0144915562442756,0.477270815362862,-0.646603304896866,-1.92020238373056,22,"ENSG00000145675;ENSG00000109458;ENSG00000179295;ENSG00000102678;ENSG00000138675;ENSG00000138685;ENSG00000213281;ENSG00000115904;ENSG00000156427"
"REACTOME","REACTOME_EPIGENETIC_REGULATION_OF_GENE_EXPRESSION",0.000661434093393843,0.0144915562442756,0.477270815362862,-0.308475210272904,-1.45137153185333,310,"ENSG00000114166;ENSG00000165732;ENSG00000008083;ENSG00000129474;ENSG00000184260;ENSG00000074416;ENSG00000145736;ENSG00000009954;ENSG00000111727;ENSG00000108510;ENSG00000096717;ENSG00000117222;ENSG00000164091;ENSG00000138336;ENSG00000139372;ENSG00000136518;ENSG00000197837;ENSG00000139687;ENSG00000038219;ENSG00000125686;ENSG00000141027;ENSG00000129691;ENSG00000110987;ENSG00000112282;ENSG00000099194;ENSG00000118058;ENSG00000036549;ENSG00000187605;ENSG00000278463;ENSG00000185130;ENSG00000055609;ENSG00000004799;ENSG00000141380;ENSG00000119927;ENSG00000005339;ENSG00000129292;ENSG00000171681;ENSG00000178691;ENSG00000139613;ENSG00000097007;ENSG00000082701;ENSG00000012660;ENSG00000117505;ENSG00000153147;ENSG00000233822;ENSG00000143498;ENSG00000198646;ENSG00000054267;ENSG00000173041;ENSG00000158406;ENSG00000125630;ENSG00000225830;ENSG00000166821;ENSG00000162521;ENSG00000124151;ENSG00000188295;ENSG00000131127;ENSG00000115524;ENSG00000168769;ENSG00000198093;ENSG00000084676;ENSG00000198039;ENSG00000182141;ENSG00000140396;ENSG00000100393;ENSG00000158373;ENSG00000184634;ENSG00000136146;ENSG00000167548;ENSG00000076108;ENSG00000083844;ENSG00000101849;ENSG00000124641;ENSG00000198538;ENSG00000173473;ENSG00000039123;ENSG00000164758;ENSG00000049618;ENSG00000130816;ENSG00000115750;ENSG00000196890;ENSG00000180182;ENSG00000147162;ENSG00000183598;ENSG00000143033;ENSG00000196199;ENSG00000184635;ENSG00000066117;ENSG00000150459;ENSG00000157212;ENSG00000033030;ENSG00000020426;ENSG00000278828;ENSG00000161298;ENSG00000147050;ENSG00000169375;ENSG00000167491;ENSG00000184402;ENSG00000177565;ENSG00000117877;ENSG00000184678;ENSG00000151726;ENSG00000170100;ENSG00000164576;ENSG00000133997;ENSG00000164105;ENSG00000139154;ENSG00000130803;ENSG00000270276"
"REACTOME","REACTOME_IRS_MEDIATED_SIGNALLING",0.000691178805074239,0.0147870374661337,0.477270815362862,-0.533006675770982,-1.83970480134188,42,"ENSG00000145675;ENSG00000239732;ENSG00000109458;ENSG00000179295;ENSG00000102678;ENSG00000138675;ENSG00000138685;ENSG00000213281;ENSG00000115904;ENSG00000169047;ENSG00000156427;ENSG00000196455;ENSG00000133703;ENSG00000066468;ENSG00000078142;ENSG00000033327;ENSG00000078579;ENSG00000140992"
"REACTOME","REACTOME_ASPARAGINE_N_LINKED_GLYCOSYLATION",0.000708355029978732,0.0149283179452234,0.477270815362862,-0.303721725408106,-1.42641709517385,305,"ENSG00000008513;ENSG00000071537;ENSG00000175548;ENSG00000253710;ENSG00000134109;ENSG00000111885;ENSG00000204099;ENSG00000131459;ENSG00000112893;ENSG00000127022;ENSG00000163527;ENSG00000134970;ENSG00000180398;ENSG00000110075;ENSG00000033170;ENSG00000179218;ENSG00000102595;ENSG00000198162;ENSG00000138802;ENSG00000153989;ENSG00000150961;ENSG00000117143;ENSG00000110917;ENSG00000102158;ENSG00000104833;ENSG00000136874;ENSG00000170348;ENSG00000172469;ENSG00000254685;ENSG00000138768;ENSG00000107651;ENSG00000125814;ENSG00000116489;ENSG00000120341;ENSG00000167130;ENSG00000100934;ENSG00000118276;ENSG00000133103;ENSG00000239305;ENSG00000136731;ENSG00000125875;ENSG00000116406;ENSG00000124302;ENSG00000154305;ENSG00000070182;ENSG00000159921;ENSG00000167004;ENSG00000204977;ENSG00000095139;ENSG00000144635;ENSG00000071073;ENSG00000086062;ENSG00000119318;ENSG00000115525;ENSG00000122218;ENSG00000182050;ENSG00000131966;ENSG00000074695;ENSG00000101901;ENSG00000086598;ENSG00000184432;ENSG00000139133;ENSG00000158560;ENSG00000184005;ENSG00000206560;ENSG00000145495;ENSG00000104671;ENSG00000197102;ENSG00000160218;ENSG00000129083;ENSG00000086848;ENSG00000132912;ENSG00000138674;ENSG00000077380;ENSG00000136986;ENSG00000100196;ENSG00000118705;ENSG00000108587;ENSG00000198898;ENSG00000119523;ENSG00000150527;ENSG00000165280;ENSG00000072849;ENSG00000164414;ENSG00000164597;ENSG00000264364;ENSG00000173230;ENSG00000134287;ENSG00000101638;ENSG00000198380;ENSG00000265808;ENSG00000095380;ENSG00000113615;ENSG00000151150;ENSG00000175283;ENSG00000093183;ENSG00000170191;ENSG00000115526;ENSG00000119414;ENSG00000136152;ENSG00000158623;ENSG00000100522;ENSG00000176014;ENSG00000104723"
"REACTOME","REACTOME_DOWNSTREAM_SIGNALING_OF_ACTIVATED_FGFR2",0.000737329530848569,0.0153104308464438,0.477270815362862,-0.612594923442171,-1.87743066740053,25,"ENSG00000145675;ENSG00000109458;ENSG00000179295;ENSG00000102678;ENSG00000138675;ENSG00000138685;ENSG00000213281;ENSG00000115904;ENSG00000156427;ENSG00000133703;ENSG00000066468"
"REACTOME","REACTOME_ADENYLATE_CYCLASE_ACTIVATING_PATHWAY",0.000750849764061883,0.0153652154616721,0.477270815362862,-0.789372589738242,-1.8788187010309,10,"ENSG00000173175;ENSG00000164742;ENSG00000078295;ENSG00000138031;ENSG00000162104"
"REACTOME","REACTOME_SYNTHESIS_OF_PIPS_AT_THE_EARLY_ENDOSOME_MEMBRANE",0.000767165906717231,0.0154059764598885,0.477270815362862,-0.690536271452243,-1.88715698336809,16,"ENSG00000040933;ENSG00000011405;ENSG00000108389;ENSG00000038210;ENSG00000196455;ENSG00000087053;ENSG00000078142;ENSG00000150712;ENSG00000109452;ENSG00000198825;ENSG00000115020"
"REACTOME","REACTOME_SEMAPHORIN_INTERACTIONS",0.000774663122274848,0.0154059764598885,0.477270815362862,-0.478950695878194,-1.79275583329003,62,"ENSG00000010810;ENSG00000092421;ENSG00000081237;ENSG00000138623;ENSG00000105976;ENSG00000099250;ENSG00000134318;ENSG00000176749;ENSG00000067900;ENSG00000133026;ENSG00000112902;ENSG00000136040;ENSG00000186111;ENSG00000151640;ENSG00000076356;ENSG00000132694;ENSG00000082701;ENSG00000137872;ENSG00000221866;ENSG00000006607;ENSG00000004399;ENSG00000143878;ENSG00000187764;ENSG00000196914;ENSG00000150093;ENSG00000075213;ENSG00000160007;ENSG00000180370;ENSG00000092964;ENSG00000113657;ENSG00000100345;ENSG00000114554;ENSG00000213949;ENSG00000106683;ENSG00000077264;ENSG00000170381"
"REACTOME","REACTOME_RHOC_GTPASE_CYCLE",0.000794372471624762,0.0155785268046412,0.477270815362862,-0.441522957537962,-1.69865080669333,73,"ENSG00000124126;ENSG00000145675;ENSG00000134909;ENSG00000124164;ENSG00000110237;ENSG00000100592;ENSG00000134318;ENSG00000107897;ENSG00000067900;ENSG00000112851;ENSG00000170776;ENSG00000076706;ENSG00000072274;ENSG00000100852;ENSG00000132694;ENSG00000186716;ENSG00000146376;ENSG00000065613;ENSG00000117528;ENSG00000164741;ENSG00000074695;ENSG00000157827;ENSG00000196914;ENSG00000079482;ENSG00000065243;ENSG00000161791;ENSG00000173218;ENSG00000049245;ENSG00000160007;ENSG00000107863;ENSG00000133121"
"REACTOME","REACTOME_STABILIZATION_OF_P53",0.000868188095193843,0.0167928984988179,0.477270815362862,0.518258314012927,1.78004373621903,44,"ENSG00000136930;ENSG00000277791;ENSG00000143947;ENSG00000150991;ENSG00000100902;ENSG00000130706;ENSG00000198625;ENSG00000183765;ENSG00000185627;ENSG00000008018;ENSG00000159377;ENSG00000087191;ENSG00000142507;ENSG00000165916;ENSG00000106588;ENSG00000175166;ENSG00000099341;ENSG00000221983;ENSG00000103035;ENSG00000147889;ENSG00000041357;ENSG00000101182"
"REACTOME","REACTOME_SUMOYLATION_OF_SUMOYLATION_PROTEINS",0.000894381965517332,0.0170657748014929,0.477270815362862,-0.543111539625805,-1.7967190294274,35,"ENSG00000124789;ENSG00000113569;ENSG00000155561;ENSG00000069248;ENSG00000139496;ENSG00000030066;ENSG00000197579;ENSG00000108559;ENSG00000095319;ENSG00000163002;ENSG00000153201;ENSG00000093000;ENSG00000110713;ENSG00000196313;ENSG00000132182"
"REACTOME","REACTOME_NETRIN_1_SIGNALING",0.000919954419138075,0.0173196751976395,0.477270815362862,-0.539730049311043,-1.85249221172893,41,"ENSG00000107731;ENSG00000010810;ENSG00000179295;ENSG00000156687;ENSG00000145147;ENSG00000177103;ENSG00000174136;ENSG00000067141;ENSG00000145555;ENSG00000173210;ENSG00000169855;ENSG00000038382;ENSG00000099204;ENSG00000150760;ENSG00000181788;ENSG00000169398;ENSG00000137672;ENSG00000174238;ENSG00000106299;ENSG00000065320;ENSG00000182168;ENSG00000158092"
"REACTOME","REACTOME_CROSS_PRESENTATION_OF_SOLUBLE_EXOGENOUS_ANTIGENS_ENDOSOMES",0.000972514377760179,0.0180682934394391,0.477270815362862,0.552866699499496,1.86235691978331,40,"ENSG00000136930;ENSG00000205220;ENSG00000277791;ENSG00000011028;ENSG00000100911;ENSG00000100902;ENSG00000130706;ENSG00000185627;ENSG00000008018;ENSG00000159377;ENSG00000087191;ENSG00000142507;ENSG00000165916;ENSG00000106588;ENSG00000175166;ENSG00000099341;ENSG00000092010;ENSG00000103035;ENSG00000041357;ENSG00000101182"
"REACTOME","REACTOME_PI_3K_CASCADE_FGFR2",0.000986508392151625,0.0180902577885467,0.45505986738723,-0.684670036340293,-1.932625873767,18,"ENSG00000145675;ENSG00000109458;ENSG00000179295;ENSG00000102678;ENSG00000138675;ENSG00000138685;ENSG00000156427"
"REACTOME","REACTOME_EXPRESSION_OF_BMAL_ARNTL_CLOCK_AND_NPAS2",0.00100992867362114,0.0182822985532442,0.45505986738723,-0.560045974942124,-1.84541584660456,34,"ENSG00000069667;ENSG00000096717;ENSG00000133794;ENSG00000198963;ENSG00000143365;ENSG00000134852;ENSG00000125686;ENSG00000141027;ENSG00000118260;ENSG00000005339;ENSG00000115966;ENSG00000198646;ENSG00000084676;ENSG00000140396;ENSG00000100393;ENSG00000177200;ENSG00000186951;ENSG00000101849;ENSG00000180530"
"REACTOME","REACTOME_THE_ROLE_OF_GTSE1_IN_G2_M_PROGRESSION_AFTER_G2_CHECKPOINT",0.00103099215891102,0.0184273535238273,0.45505986738723,0.471889785485561,1.7473470430385,66,"ENSG00000183785;ENSG00000136930;ENSG00000277791;ENSG00000143947;ENSG00000150991;ENSG00000100902;ENSG00000137267;ENSG00000130706;ENSG00000123416;ENSG00000137285;ENSG00000185627;ENSG00000204315;ENSG00000008018;ENSG00000188229;ENSG00000167553;ENSG00000178462;ENSG00000127824;ENSG00000159377;ENSG00000167552;ENSG00000087191;ENSG00000142507;ENSG00000165916;ENSG00000106588;ENSG00000175166;ENSG00000099341;ENSG00000221983;ENSG00000103035;ENSG00000041357;ENSG00000101182;ENSG00000173213;ENSG00000166851;ENSG00000100804"
"REACTOME","REACTOME_NUCLEAR_PORE_COMPLEX_NPC_DISASSEMBLY",0.00112798450754184,0.0196631373413467,0.45505986738723,-0.557475109294687,-1.85390830798997,36,"ENSG00000124789;ENSG00000113569;ENSG00000155561;ENSG00000069248;ENSG00000139496;ENSG00000030066;ENSG00000108559;ENSG00000095319;ENSG00000163002;ENSG00000153201;ENSG00000151414;ENSG00000093000;ENSG00000110713;ENSG00000196313;ENSG00000132182"
"REACTOME","REACTOME_RHOJ_GTPASE_CYCLE",0.00111962269848175,0.0196631373413467,0.45505986738723,-0.491041295186286,-1.78550042162953,54,"ENSG00000124126;ENSG00000145675;ENSG00000134909;ENSG00000115107;ENSG00000169379;ENSG00000033867;ENSG00000187239;ENSG00000137942;ENSG00000150054;ENSG00000122126;ENSG00000072274;ENSG00000100852;ENSG00000038382;ENSG00000143776;ENSG00000079482;ENSG00000161791;ENSG00000173218;ENSG00000049245;ENSG00000198373;ENSG00000160007;ENSG00000107863;ENSG00000105281;ENSG00000180370;ENSG00000120802;ENSG00000106299;ENSG00000102606;ENSG00000077264;ENSG00000105647;ENSG00000148175;ENSG00000171475;ENSG00000139734;ENSG00000198752"
"REACTOME","REACTOME_NEGATIVE_REGULATION_OF_NOTCH4_SIGNALING",0.00116521508462696,0.020064435359674,0.45505986738723,0.512311023400176,1.75961678480029,44,"ENSG00000136930;ENSG00000277791;ENSG00000143947;ENSG00000013810;ENSG00000150991;ENSG00000100902;ENSG00000130706;ENSG00000185627;ENSG00000008018;ENSG00000159377;ENSG00000087191;ENSG00000142507;ENSG00000165916;ENSG00000106588;ENSG00000175166;ENSG00000099341;ENSG00000221983;ENSG00000100387;ENSG00000103035;ENSG00000041357;ENSG00000101182;ENSG00000100804;ENSG00000126067;ENSG00000161057;ENSG00000113558"
"REACTOME","REACTOME_PKA_ACTIVATION_IN_GLUCAGON_SIGNALLING",0.0012306791583725,0.0209363731520719,0.45505986738723,-0.675460366864792,-1.84595625315451,16,"ENSG00000173175;ENSG00000164742;ENSG00000078295;ENSG00000138031;ENSG00000162104;ENSG00000142875;ENSG00000114302;ENSG00000108946"
"REACTOME","REACTOME_POST_CHAPERONIN_TUBULIN_FOLDING_PATHWAY",0.00128913020516105,0.021669664877231,0.45505986738723,0.623436334807941,1.8508099088093,23,"ENSG00000183785;ENSG00000213465;ENSG00000105254;ENSG00000141556;ENSG00000137267;ENSG00000123416;ENSG00000137285;ENSG00000188229;ENSG00000167553;ENSG00000178462;ENSG00000127824;ENSG00000167552"
"REACTOME","REACTOME_NCAM_SIGNALING_FOR_NEURITE_OUT_GROWTH",0.00131947077137503,0.021918737990371,0.45505986738723,-0.46793143852345,-1.72806387604935,58,"ENSG00000182389;ENSG00000130287;ENSG00000010810;ENSG00000169031;ENSG00000117407;ENSG00000081052;ENSG00000171867;ENSG00000213281;ENSG00000115904;ENSG00000118260;ENSG00000070182;ENSG00000149294;ENSG00000187498;ENSG00000100784;ENSG00000100030;ENSG00000133703;ENSG00000132670"
"REACTOME","REACTOME_MITF_M_REGULATED_MELANOCYTE_DEVELOPMENT",0.0014313251721037,0.0235003621280282,0.45505986738723,-0.35281670182322,-1.53362513860527,154,"ENSG00000166603;ENSG00000170558;ENSG00000156150;ENSG00000163527;ENSG00000105976;ENSG00000096717;ENSG00000130508;ENSG00000181449;ENSG00000136518;ENSG00000081059;ENSG00000170027;ENSG00000123374;ENSG00000110987;ENSG00000148516;ENSG00000112561;ENSG00000120659;ENSG00000166913;ENSG00000155097;ENSG00000117020;ENSG00000197535;ENSG00000114573;ENSG00000141380;ENSG00000126070;ENSG00000136628;ENSG00000118260;ENSG00000005339;ENSG00000139613;ENSG00000125398;ENSG00000123908;ENSG00000092847;ENSG00000082701;ENSG00000105967;ENSG00000100697;ENSG00000134698;ENSG00000100030;ENSG00000187098;ENSG00000196305;ENSG00000164924;ENSG00000171791;ENSG00000138795;ENSG00000100393;ENSG00000012048;ENSG00000078687;ENSG00000090905;ENSG00000173473;ENSG00000049618"
"REACTOME","REACTOME_FBXL7_DOWN_REGULATES_AURKA_DURING_MITOTIC_ENTRY_AND_IN_EARLY_MITOSIS",0.00148292422085978,0.0235268426949889,0.45505986738723,0.531645609634876,1.80769649731195,42,"ENSG00000136930;ENSG00000277791;ENSG00000143947;ENSG00000150991;ENSG00000100902;ENSG00000130706;ENSG00000185627;ENSG00000008018;ENSG00000159377;ENSG00000087191;ENSG00000142507;ENSG00000165916;ENSG00000106588;ENSG00000175166;ENSG00000099341;ENSG00000221983;ENSG00000100387;ENSG00000103035;ENSG00000041357;ENSG00000101182;ENSG00000100804;ENSG00000126067;ENSG00000161057;ENSG00000113558;ENSG00000183580;ENSG00000127922"
"REACTOME","REACTOME_SUMOYLATION",0.0014795283413665,0.0235268426949889,0.45505986738723,-0.327614338787522,-1.4592340727889,187,"ENSG00000069667;ENSG00000185115;ENSG00000124789;ENSG00000182568;ENSG00000113569;ENSG00000155561;ENSG00000139372;ENSG00000069248;ENSG00000197837;ENSG00000139496;ENSG00000030066;ENSG00000164754;ENSG00000165392;ENSG00000126261;ENSG00000072501;ENSG00000005339;ENSG00000197579;ENSG00000163904;ENSG00000178691;ENSG00000002016;ENSG00000137337;ENSG00000108559;ENSG00000100201;ENSG00000152422;ENSG00000095319;ENSG00000131788;ENSG00000128731;ENSG00000101972;ENSG00000113580;ENSG00000064393;ENSG00000187098;ENSG00000143799;ENSG00000158406;ENSG00000163002;ENSG00000153201;ENSG00000168283;ENSG00000172845;ENSG00000084676;ENSG00000140396;ENSG00000100393;ENSG00000093000;ENSG00000198900;ENSG00000012048;ENSG00000186951;ENSG00000163029;ENSG00000077097;ENSG00000130816;ENSG00000180530;ENSG00000118007;ENSG00000079387;ENSG00000110713;ENSG00000165119;ENSG00000196313;ENSG00000131747;ENSG00000132182;ENSG00000153234;ENSG00000173889;ENSG00000132383;ENSG00000135679;ENSG00000055332;ENSG00000108654;ENSG00000121481;ENSG00000169375;ENSG00000008196"
"REACTOME","REACTOME_G_ALPHA_I_SIGNALLING_EVENTS",0.00145195409051859,0.0235268426949889,0.45505986738723,-0.307189623084424,-1.41911066856082,261,"ENSG00000171517;ENSG00000184588;ENSG00000117152;ENSG00000173175;ENSG00000179097;ENSG00000213694;ENSG00000186810;ENSG00000036828;ENSG00000180616;ENSG00000164742;ENSG00000182631;ENSG00000078295;ENSG00000186912;ENSG00000123104;ENSG00000170775;ENSG00000204174;ENSG00000064547;ENSG00000197405;ENSG00000151882;ENSG00000172915;ENSG00000138031;ENSG00000111664;ENSG00000162104;ENSG00000256436;ENSG00000143248;ENSG00000139874;ENSG00000221823;ENSG00000121446;ENSG00000169248;ENSG00000172380;ENSG00000125510;ENSG00000118260;ENSG00000128266;ENSG00000121966;ENSG00000241563;ENSG00000100030;ENSG00000137713;ENSG00000142875;ENSG00000113262;ENSG00000114450;ENSG00000186469;ENSG00000127362;ENSG00000132911;ENSG00000196917;ENSG00000182621;ENSG00000148908;ENSG00000142192;ENSG00000114302;ENSG00000150995;ENSG00000109255;ENSG00000154229;ENSG00000078369;ENSG00000127955;ENSG00000105650;ENSG00000148660;ENSG00000183943;ENSG00000069482;ENSG00000108946;ENSG00000169777;ENSG00000116329;ENSG00000118432;ENSG00000166573;ENSG00000121318;ENSG00000253148"
"REACTOME","REACTOME_RORA_B_C_AND_NR1D1_REV_ERBA_REGULATE_GENE_EXPRESSION",0.00154616722504895,0.0242576457974347,0.45505986738723,-0.596816338254033,-1.82907375390547,25,"ENSG00000069667;ENSG00000143365;ENSG00000125686;ENSG00000141027;ENSG00000110090;ENSG00000005339;ENSG00000198646;ENSG00000084676;ENSG00000140396;ENSG00000100393;ENSG00000177200;ENSG00000186951;ENSG00000101849;ENSG00000180530"
"REACTOME","REACTOME_DOWNSTREAM_SIGNALING_OF_ACTIVATED_FGFR1",0.00162302896610603,0.0251750609696477,0.45505986738723,-0.58623396515963,-1.82877223087215,27,"ENSG00000145675;ENSG00000109458;ENSG00000179295;ENSG00000102678;ENSG00000138675;ENSG00000138685;ENSG00000213281;ENSG00000115904;ENSG00000133703;ENSG00000078579;ENSG00000126500;ENSG00000185070;ENSG00000113578"
"REACTOME","REACTOME_EPIGENETIC_REGULATION_OF_GENE_EXPRESSION_BY_MLL3_AND_MLL4_COMPLEXES",0.00164030142295155,0.0251750609696477,0.45505986738723,-0.3673484741852,-1.55540924255901,127,"ENSG00000129474;ENSG00000184260;ENSG00000074416;ENSG00000108510;ENSG00000096717;ENSG00000117222;ENSG00000197837;ENSG00000139687;ENSG00000125686;ENSG00000141027;ENSG00000129691;ENSG00000112282;ENSG00000099194;ENSG00000278463;ENSG00000185130;ENSG00000055609;ENSG00000004799;ENSG00000119927;ENSG00000005339;ENSG00000097007;ENSG00000012660;ENSG00000233822;ENSG00000198646;ENSG00000158406;ENSG00000166821;ENSG00000124151;ENSG00000084676;ENSG00000140396;ENSG00000100393;ENSG00000158373;ENSG00000184634;ENSG00000136146;ENSG00000167548;ENSG00000101849;ENSG00000124641;ENSG00000164758;ENSG00000196890;ENSG00000180182;ENSG00000183598"
"REACTOME","REACTOME_NOTCH3_INTRACELLULAR_DOMAIN_REGULATES_TRANSCRIPTION",0.00180984938762688,0.0269000772139911,0.45505986738723,-0.611139367714578,-1.83259436490916,23,"ENSG00000114166;ENSG00000164683;ENSG00000114315;ENSG00000163909;ENSG00000161021;ENSG00000005339;ENSG00000168214;ENSG00000113645;ENSG00000004399;ENSG00000100393;ENSG00000135547"
"REACTOME","REACTOME_PERK_REGULATES_GENE_EXPRESSION",0.00177429868787161,0.0269000772139911,0.45505986738723,-0.540600671740071,-1.75489125263455,32,"ENSG00000051108;ENSG00000044574;ENSG00000172071;ENSG00000118217;ENSG00000153879;ENSG00000001167;ENSG00000172795;ENSG00000108691;ENSG00000134001;ENSG00000172216;ENSG00000175197"
"REACTOME","REACTOME_DENGUE_VIRUS_GENOME_TRANSLATION_AND_REPLICATION",0.00180454892363481,0.0269000772139911,0.45505986738723,-0.40626677886672,-1.60153187729307,82,"ENSG00000149428;ENSG00000044574;ENSG00000102580;ENSG00000090520;ENSG00000129128;ENSG00000127022;ENSG00000163412;ENSG00000163527;ENSG00000179218;ENSG00000075151;ENSG00000205339;ENSG00000108424;ENSG00000196911;ENSG00000102158;ENSG00000114127;ENSG00000072682;ENSG00000077232;ENSG00000167004;ENSG00000118363;ENSG00000140941;ENSG00000070756;ENSG00000114030;ENSG00000118705"
"REACTOME","REACTOME_REGULATION_OF_LIPID_METABOLISM_BY_PPARALPHA",0.00187304638866589,0.0275493906332941,0.45505986738723,-0.374343294535564,-1.56278496822512,115,"ENSG00000146072;ENSG00000069667;ENSG00000198431;ENSG00000115641;ENSG00000113161;ENSG00000165029;ENSG00000108510;ENSG00000133794;ENSG00000112972;ENSG00000123066;ENSG00000185591;ENSG00000134852;ENSG00000125686;ENSG00000141027;ENSG00000112282;ENSG00000117054;ENSG00000143344;ENSG00000110090;ENSG00000163586;ENSG00000005339;ENSG00000134240;ENSG00000001167;ENSG00000198646;ENSG00000149485;ENSG00000130772;ENSG00000166821;ENSG00000124151;ENSG00000084676;ENSG00000054118;ENSG00000140396;ENSG00000100393;ENSG00000161533;ENSG00000184634;ENSG00000136146;ENSG00000106546;ENSG00000177200;ENSG00000186951;ENSG00000101849;ENSG00000124641;ENSG00000164758;ENSG00000180182"
"REACTOME","REACTOME_EXPORT_OF_VIRAL_RIBONUCLEOPROTEINS_FROM_NUCLEUS",0.00198622042161,0.0280454323531332,0.431707695803346,-0.550378873098988,-1.80235047401165,33,"ENSG00000124789;ENSG00000113569;ENSG00000155561;ENSG00000069248;ENSG00000139496;ENSG00000030066;ENSG00000108559;ENSG00000095319;ENSG00000163002;ENSG00000153201;ENSG00000093000;ENSG00000110713;ENSG00000196313;ENSG00000132182"
"REACTOME","REACTOME_GPER1_SIGNALING",0.00195529431391667,0.0280454323531332,0.431707695803346,-0.518749026734878,-1.7804799512182,41,"ENSG00000115414;ENSG00000173175;ENSG00000164742;ENSG00000078295;ENSG00000138031;ENSG00000111664;ENSG00000162104;ENSG00000172380;ENSG00000128266;ENSG00000142875;ENSG00000114450;ENSG00000186469;ENSG00000114302;ENSG00000078369;ENSG00000127955;ENSG00000108946;ENSG00000150093"
"REACTOME","REACTOME_CDK_MEDIATED_PHOSPHORYLATION_AND_REMOVAL_OF_CDC6",0.00198147390943529,0.0280454323531332,0.431707695803346,0.468125441300827,1.70311464447623,60,"ENSG00000110200;ENSG00000136930;ENSG00000277791;ENSG00000143947;ENSG00000176248;ENSG00000150991;ENSG00000100902;ENSG00000130706;ENSG00000176386;ENSG00000105325;ENSG00000185627;ENSG00000196510;ENSG00000008018;ENSG00000108106;ENSG00000159377;ENSG00000175063;ENSG00000087191;ENSG00000142507;ENSG00000089053;ENSG00000166295;ENSG00000165916;ENSG00000106588;ENSG00000175166;ENSG00000099341;ENSG00000221983;ENSG00000103035;ENSG00000041357;ENSG00000101182;ENSG00000170142;ENSG00000141552"
"REACTOME","REACTOME_SIGNALING_BY_INSULIN_RECEPTOR",0.00192688100396739,0.0280454323531332,0.45505986738723,-0.430483916890006,-1.67214419230042,76,"ENSG00000106070;ENSG00000145675;ENSG00000239732;ENSG00000109458;ENSG00000179295;ENSG00000102678;ENSG00000138675;ENSG00000138685;ENSG00000213281;ENSG00000115904;ENSG00000169047;ENSG00000156427;ENSG00000155097;ENSG00000196455;ENSG00000114573;ENSG00000185344;ENSG00000100030;ENSG00000133703;ENSG00000066468;ENSG00000078142;ENSG00000119912;ENSG00000196396;ENSG00000033327;ENSG00000136888;ENSG00000078579;ENSG00000140992"
"REACTOME","REACTOME_MATURATION_OF_DENV_PROTEINS",0.00203076795748394,0.0283905381778942,0.431707695803346,-0.473450329902678,-1.70665353509594,52,"ENSG00000149428;ENSG00000044574;ENSG00000102580;ENSG00000090520;ENSG00000129128;ENSG00000127022;ENSG00000163527;ENSG00000179218;ENSG00000205339;ENSG00000108424;ENSG00000196911;ENSG00000102158;ENSG00000072682;ENSG00000077232;ENSG00000167004"
"REACTOME","REACTOME_SCF_BETA_TRCP_MEDIATED_DEGRADATION_OF_EMI1",0.00209291268153553,0.0289724775130213,0.431707695803346,0.525382608898937,1.78640109998742,42,"ENSG00000136930;ENSG00000277791;ENSG00000143947;ENSG00000150991;ENSG00000100902;ENSG00000130706;ENSG00000105325;ENSG00000185627;ENSG00000008018;ENSG00000159377;ENSG00000087191;ENSG00000142507;ENSG00000117399;ENSG00000165916;ENSG00000106588;ENSG00000175166;ENSG00000099341;ENSG00000221983;ENSG00000103035;ENSG00000041357;ENSG00000101182;ENSG00000100804;ENSG00000126067;ENSG00000161057;ENSG00000113558"
"REACTOME","REACTOME_G_ALPHA_12_13_SIGNALLING_EVENTS",0.00241089668725989,0.0330503507030191,0.431707695803346,-0.421140097217502,-1.63336050692127,75,"ENSG00000160145;ENSG00000124126;ENSG00000173848;ENSG00000110237;ENSG00000170214;ENSG00000198844;ENSG00000156299;ENSG00000134318;ENSG00000131089;ENSG00000111664;ENSG00000120063;ENSG00000115904;ENSG00000146535;ENSG00000067900;ENSG00000100485;ENSG00000170776;ENSG00000172380;ENSG00000132694;ENSG00000114450;ENSG00000038382;ENSG00000186469;ENSG00000114346;ENSG00000143878;ENSG00000078369;ENSG00000196914;ENSG00000139132"
"REACTOME","REACTOME_INSULIN_RECEPTOR_SIGNALLING_CASCADE",0.0024845411962547,0.0337324247029965,0.431707695803346,-0.488735854443946,-1.73153519202522,48,"ENSG00000106070;ENSG00000145675;ENSG00000239732;ENSG00000109458;ENSG00000179295;ENSG00000102678;ENSG00000138675;ENSG00000138685;ENSG00000213281;ENSG00000115904;ENSG00000169047;ENSG00000156427;ENSG00000196455;ENSG00000100030;ENSG00000133703;ENSG00000066468;ENSG00000078142;ENSG00000033327;ENSG00000078579;ENSG00000140992"
"REACTOME","REACTOME_INTERACTIONS_OF_VPR_WITH_HOST_CELLULAR_PROTEINS",0.00273838843715223,0.0368248045072281,0.431707695803346,-0.520462881999633,-1.74366353492909,37,"ENSG00000124789;ENSG00000113569;ENSG00000155561;ENSG00000069248;ENSG00000139496;ENSG00000030066;ENSG00000108559;ENSG00000095319;ENSG00000163002;ENSG00000153201;ENSG00000093000;ENSG00000114030;ENSG00000110713;ENSG00000196313;ENSG00000132182"
"REACTOME","REACTOME_SARS_COV_2_ACTIVATES_MODULATES_INNATE_AND_ADAPTIVE_IMMUNE_RESPONSES",0.00294629126829281,0.0392468233097118,0.431707695803346,-0.376262773703849,-1.56730583394352,113,"ENSG00000159110;ENSG00000179295;ENSG00000124789;ENSG00000113569;ENSG00000155561;ENSG00000069248;ENSG00000138802;ENSG00000139496;ENSG00000030066;ENSG00000052723;ENSG00000150961;ENSG00000157625;ENSG00000131323;ENSG00000138757;ENSG00000145907;ENSG00000100934;ENSG00000196455;ENSG00000005339;ENSG00000108559;ENSG00000095319;ENSG00000170581;ENSG00000104312;ENSG00000163002;ENSG00000121060;ENSG00000153201;ENSG00000078142;ENSG00000093000;ENSG00000213341;ENSG00000126775;ENSG00000154174;ENSG00000106100;ENSG00000110713;ENSG00000196313;ENSG00000132182;ENSG00000162434;ENSG00000113615;ENSG00000183735;ENSG00000146833;ENSG00000204642;ENSG00000177889;ENSG00000204525;ENSG00000175104"
"REACTOME","REACTOME_SARS_COV_1_HOST_INTERACTIONS",0.00297934575795737,0.0393162262638861,0.431707695803346,0.411005533219116,1.62344528597651,96,"ENSG00000175793;ENSG00000112306;ENSG00000143947;ENSG00000126456;ENSG00000177954;ENSG00000150991;ENSG00000145425;ENSG00000138326;ENSG00000124614;ENSG00000198034;ENSG00000182774;ENSG00000171858;ENSG00000231500;ENSG00000170889;ENSG00000115268;ENSG00000186468;ENSG00000105193;ENSG00000103490;ENSG00000134419;ENSG00000142937;ENSG00000164587;ENSG00000149806;ENSG00000233927;ENSG00000110700;ENSG00000168028;ENSG00000213741;ENSG00000134070;ENSG00000171863;ENSG00000083845;ENSG00000105372;ENSG00000008988;ENSG00000129824;ENSG00000182481;ENSG00000263528;ENSG00000197728;ENSG00000118181;ENSG00000100906;ENSG00000140988;ENSG00000197111;ENSG00000142534;ENSG00000221983;ENSG00000129465;ENSG00000149273;ENSG00000088888;ENSG00000137275;ENSG00000173039"
"REACTOME","REACTOME_UBIQUITIN_DEPENDENT_DEGRADATION_OF_CYCLIN_D",0.00311519733188519,0.0399878057511081,0.431707695803346,0.518907928721419,1.73816370588341,39,"ENSG00000136930;ENSG00000277791;ENSG00000143947;ENSG00000150991;ENSG00000100902;ENSG00000130706;ENSG00000185627;ENSG00000135446;ENSG00000008018;ENSG00000159377;ENSG00000087191;ENSG00000142507;ENSG00000165916;ENSG00000106588;ENSG00000175166;ENSG00000099341;ENSG00000221983;ENSG00000103035;ENSG00000041357;ENSG00000101182;ENSG00000100804;ENSG00000126067;ENSG00000161057;ENSG00000110092"
"REACTOME","REACTOME_INTERACTIONS_OF_REV_WITH_HOST_CELLULAR_PROTEINS",0.00311286033770793,0.0399878057511081,0.431707695803346,-0.517612269461408,-1.73411336467292,37,"ENSG00000124789;ENSG00000113569;ENSG00000155561;ENSG00000069248;ENSG00000139496;ENSG00000030066;ENSG00000108424;ENSG00000108559;ENSG00000095319;ENSG00000163002;ENSG00000153201;ENSG00000093000;ENSG00000110713;ENSG00000196313;ENSG00000132182"
"REACTOME","REACTOME_CDC42_GTPASE_CYCLE",0.003111293976374,0.0399878057511081,0.431707695803346,-0.347410543766891,-1.50740001724987,152,"ENSG00000137962;ENSG00000124126;ENSG00000135905;ENSG00000145675;ENSG00000134909;ENSG00000088387;ENSG00000115107;ENSG00000100592;ENSG00000198844;ENSG00000122574;ENSG00000156299;ENSG00000031003;ENSG00000131089;ENSG00000120063;ENSG00000187239;ENSG00000137942;ENSG00000023892;ENSG00000137727;ENSG00000072274;ENSG00000100852;ENSG00000132694;ENSG00000186716;ENSG00000164741;ENSG00000140750;ENSG00000038382;ENSG00000114346;ENSG00000143776;ENSG00000116641;ENSG00000157827;ENSG00000196914;ENSG00000139132;ENSG00000079482;ENSG00000161791;ENSG00000101349;ENSG00000173218;ENSG00000182957;ENSG00000049245;ENSG00000115935;ENSG00000066248;ENSG00000075651;ENSG00000006740;ENSG00000160007;ENSG00000107863;ENSG00000133121;ENSG00000158985;ENSG00000126777;ENSG00000180370;ENSG00000120802;ENSG00000186517;ENSG00000152767;ENSG00000106299;ENSG00000140575;ENSG00000143815;ENSG00000136636;ENSG00000196935;ENSG00000130052;ENSG00000123329;ENSG00000102606;ENSG00000113319;ENSG00000111348;ENSG00000077264;ENSG00000114790;ENSG00000105647"
"REACTOME","REACTOME_ADORA2B_MEDIATED_ANTI_INFLAMMATORY_CYTOKINES_PRODUCTION",0.0031684481273302,0.040304943745858,0.431707695803346,-0.514079117291577,-1.74106946186917,39,"ENSG00000173175;ENSG00000164742;ENSG00000078295;ENSG00000138031;ENSG00000111664;ENSG00000162104;ENSG00000172380;ENSG00000118260;ENSG00000128266;ENSG00000142875;ENSG00000114450;ENSG00000186469;ENSG00000114302;ENSG00000078369;ENSG00000127955;ENSG00000183943;ENSG00000108946"
"REACTOME","REACTOME_VIF_MEDIATED_DEGRADATION_OF_APOBEC3G",0.00329447354463222,0.0415338986162562,0.431707695803346,0.519307079034776,1.75692344675723,41,"ENSG00000136930;ENSG00000277791;ENSG00000143947;ENSG00000150991;ENSG00000100902;ENSG00000130706;ENSG00000103363;ENSG00000185627;ENSG00000008018;ENSG00000159377;ENSG00000087191;ENSG00000142507;ENSG00000165916;ENSG00000106588;ENSG00000175166;ENSG00000099341;ENSG00000221983;ENSG00000100387;ENSG00000103035;ENSG00000041357;ENSG00000101182"
"REACTOME","REACTOME_ANTIGEN_PRESENTATION_FOLDING_ASSEMBLY_AND_PEPTIDE_LOADING_OF_CLASS_I_MHC",0.00356618418292427,0.0441706321604304,0.354819512103747,-0.556928605112867,-1.76224684399913,29,"ENSG00000044574;ENSG00000164307;ENSG00000127022;ENSG00000179218;ENSG00000138802;ENSG00000150961;ENSG00000100934;ENSG00000196455;ENSG00000167004;ENSG00000078142;ENSG00000138674;ENSG00000126775"
"REACTOME","REACTOME_POSTMITOTIC_NUCLEAR_PORE_COMPLEX_NPC_REFORMATION",0.00356244761106454,0.0441706321604304,0.354819512103747,-0.563951128246352,-1.75926033665605,27,"ENSG00000113569;ENSG00000155561;ENSG00000069248;ENSG00000139496;ENSG00000030066;ENSG00000108424;ENSG00000153207;ENSG00000083312;ENSG00000095319;ENSG00000163002;ENSG00000110713;ENSG00000196313"
"REACTOME","REACTOME_ANTIGEN_PROCESSING_UB_ATP_INDEPENDENT_PROTEASOMAL_DEGRADATION",0.00362595419847328,0.0445204115499502,0.335068558717014,0.646083140926446,1.83333610851387,19,"ENSG00000136930;ENSG00000205220;ENSG00000277791;ENSG00000100911;ENSG00000100902;ENSG00000008018;ENSG00000159377;ENSG00000142507;ENSG00000106588;ENSG00000092010;ENSG00000041357;ENSG00000101182;ENSG00000100804;ENSG00000126067"
"REACTOME","REACTOME_TRANSPORT_OF_THE_SLBP_DEPENDANT_MATURE_MRNA",0.00405376573501173,0.0489223693832185,0.335068558717014,-0.516269399028662,-1.71687688304356,36,"ENSG00000124789;ENSG00000113569;ENSG00000155561;ENSG00000069248;ENSG00000139496;ENSG00000030066;ENSG00000108559;ENSG00000136937;ENSG00000095319;ENSG00000163002;ENSG00000153201;ENSG00000093000;ENSG00000110713;ENSG00000196313;ENSG00000132182"
"REACTOME","REACTOME_RND1_GTPASE_CYCLE",0.0040391156462585,0.0489223693832185,0.335068558717014,-0.487537056655376,-1.68276365894217,42,"ENSG00000163629;ENSG00000174106;ENSG00000145675;ENSG00000144283;ENSG00000075391;ENSG00000096696;ENSG00000134313;ENSG00000133106;ENSG00000108582;ENSG00000082269;ENSG00000072274;ENSG00000100852;ENSG00000168143;ENSG00000151914;ENSG00000107890;ENSG00000173218;ENSG00000115355;ENSG00000160007"
"REACTOME","REACTOME_CA2_PATHWAY",0.00410278557546966,0.0490943494285014,0.335068558717014,-0.441722111693111,-1.64283684131307,60,"ENSG00000114251;ENSG00000123104;ENSG00000081059;ENSG00000111664;ENSG00000221823;ENSG00000172380;ENSG00000126070;ENSG00000123908;ENSG00000092847;ENSG00000134698;ENSG00000133703;ENSG00000114450;ENSG00000186469;ENSG00000164930;ENSG00000104290;ENSG00000182621;ENSG00000138795;ENSG00000150995;ENSG00000154229;ENSG00000078369;ENSG00000078687;ENSG00000090905;ENSG00000163251;ENSG00000138814;ENSG00000152284;ENSG00000174804;ENSG00000168036;ENSG00000242616;ENSG00000168646;ENSG00000133256;ENSG00000100354"
"REACTOME","REACTOME_DS_GAG_BIOSYNTHESIS",0.0042025635637739,0.0494501646004063,0.326351610990907,-0.74007620502568,-1.80928081085028,11,"ENSG00000011465;ENSG00000130287;ENSG00000111817;ENSG00000038427;ENSG00000169105;ENSG00000114646;ENSG00000171451;ENSG00000182492;ENSG00000132692"
"REACTOME","REACTOME_MITOCHONDRIAL_BIOGENESIS",0.00418638514743356,0.0494501646004063,0.303779434551183,0.395728521271081,1.55190211602278,92,"ENSG00000154723;ENSG00000185386;ENSG00000125375;ENSG00000099624;ENSG00000188130;ENSG00000106459;ENSG00000128654;ENSG00000124172;ENSG00000082014;ENSG00000124523;ENSG00000135390;ENSG00000184831;ENSG00000127989;ENSG00000169020;ENSG00000256525;ENSG00000160741;ENSG00000174917;ENSG00000241837;ENSG00000105662;ENSG00000156411;ENSG00000116604;ENSG00000089163;ENSG00000159199;ENSG00000099821;ENSG00000130589;ENSG00000173171;ENSG00000167863;ENSG00000241468;ENSG00000181929;ENSG00000142453;ENSG00000173153;ENSG00000173436;ENSG00000171720;ENSG00000178307;ENSG00000111725;ENSG00000106028;ENSG00000142082"
"HALLMARK","HALLMARK_UNFOLDED_PROTEIN_RESPONSE",1.07077499813537e-07,5.35387499067687e-06,0.704975715167238,-0.505827754363134,-2.10489195398746,113,"ENSG00000051108;ENSG00000149428;ENSG00000044574;ENSG00000166598;ENSG00000143870;ENSG00000102580;ENSG00000134109;ENSG00000129128;ENSG00000065911;ENSG00000135069;ENSG00000172071;ENSG00000179218;ENSG00000112685;ENSG00000118217;ENSG00000272886;ENSG00000173559;ENSG00000080802;ENSG00000198677;ENSG00000113300;ENSG00000112715;ENSG00000184575;ENSG00000128965;ENSG00000145740;ENSG00000153879;ENSG00000170759;ENSG00000113407;ENSG00000197930;ENSG00000103257;ENSG00000065485;ENSG00000001167;ENSG00000172795;ENSG00000196305;ENSG00000172239;ENSG00000108691;ENSG00000134001;ENSG00000164924;ENSG00000172216;ENSG00000178607;ENSG00000138674;ENSG00000100196;ENSG00000128590;ENSG00000039123"
"HALLMARK","HALLMARK_ANDROGEN_RESPONSE",4.30736117880917e-07,1.07684029470229e-05,0.674962860011025,-0.496059717436986,-2.01740919138582,98,"ENSG00000118515;ENSG00000167034;ENSG00000129128;ENSG00000113161;ENSG00000096060;ENSG00000198833;ENSG00000081377;ENSG00000125257;ENSG00000112972;ENSG00000158711;ENSG00000266412;ENSG00000123983;ENSG00000150347;ENSG00000150961;ENSG00000117143;ENSG00000099194;ENSG00000198648;ENSG00000166451;ENSG00000155850;ENSG00000113594;ENSG00000140526;ENSG00000116133;ENSG00000012660;ENSG00000134294;ENSG00000102804;ENSG00000104687;ENSG00000086062;ENSG00000205189;ENSG00000124664;ENSG00000152642;ENSG00000074695;ENSG00000104419;ENSG00000149485;ENSG00000184012;ENSG00000108175;ENSG00000138448;ENSG00000160862;ENSG00000128590;ENSG00000109452;ENSG00000111837;ENSG00000164116;ENSG00000177189;ENSG00000138641"
"HALLMARK","HALLMARK_MITOTIC_SPINDLE",1.22021421855701e-06,2.03369036426168e-05,0.643551836150722,-0.40050598995604,-1.79783060969686,199,"ENSG00000137962;ENSG00000124126;ENSG00000075391;ENSG00000180628;ENSG00000157483;ENSG00000173848;ENSG00000075618;ENSG00000130779;ENSG00000164327;ENSG00000165527;ENSG00000156299;ENSG00000075711;ENSG00000196924;ENSG00000159023;ENSG00000145715;ENSG00000115904;ENSG00000067900;ENSG00000139618;ENSG00000124214;ENSG00000074054;ENSG00000158987;ENSG00000054523;ENSG00000133026;ENSG00000170776;ENSG00000165175;ENSG00000072501;ENSG00000129116;ENSG00000011454;ENSG00000100852;ENSG00000211455;ENSG00000010017;ENSG00000134982;ENSG00000097007;ENSG00000132694;ENSG00000186716;ENSG00000180263;ENSG00000115839;ENSG00000101350;ENSG00000170759;ENSG00000196712;ENSG00000128512;ENSG00000007168;ENSG00000116127;ENSG00000101639;ENSG00000130402;ENSG00000100503;ENSG00000131023;ENSG00000151914;ENSG00000038382;ENSG00000136754;ENSG00000126216;ENSG00000114346;ENSG00000126214;ENSG00000112877;ENSG00000197102;ENSG00000143776;ENSG00000079819;ENSG00000155903;ENSG00000196914;ENSG00000035403;ENSG00000139132;ENSG00000153094;ENSG00000079482;ENSG00000163605;ENSG00000115355;ENSG00000277443;ENSG00000154556;ENSG00000004897;ENSG00000101367;ENSG00000108423;ENSG00000138778;ENSG00000138095;ENSG00000264364;ENSG00000131747;ENSG00000084731;ENSG00000118762;ENSG00000071051;ENSG00000163110;ENSG00000198087;ENSG00000066777;ENSG00000152767;ENSG00000106299;ENSG00000101871"
"HALLMARK","HALLMARK_UV_RESPONSE_DN",4.92314784373617e-06,6.15393480467022e-05,0.610526878385931,-0.431146011559749,-1.84986445494566,142,"ENSG00000103222;ENSG00000160145;ENSG00000117152;ENSG00000109320;ENSG00000010810;ENSG00000115641;ENSG00000074416;ENSG00000163513;ENSG00000198718;ENSG00000139514;ENSG00000017260;ENSG00000187210;ENSG00000083123;ENSG00000105976;ENSG00000099250;ENSG00000156103;ENSG00000131711;ENSG00000075711;ENSG00000163697;ENSG00000131089;ENSG00000116731;ENSG00000134107;ENSG00000169047;ENSG00000157540;ENSG00000078269;ENSG00000088812;ENSG00000117020;ENSG00000069702;ENSG00000070961;ENSG00000107779;ENSG00000163935;ENSG00000101665;ENSG00000259207;ENSG00000131788;ENSG00000164190;ENSG00000164741;ENSG00000113580;ENSG00000121989;ENSG00000085224;ENSG00000148700;ENSG00000108175;ENSG00000104067;ENSG00000151414;ENSG00000154229;ENSG00000143776;ENSG00000130164;ENSG00000155903;ENSG00000058668;ENSG00000196876;ENSG00000109452;ENSG00000140092;ENSG00000156113;ENSG00000166949;ENSG00000140443;ENSG00000174738;ENSG00000157110;ENSG00000083896;ENSG00000118482;ENSG00000121067;ENSG00000112941;ENSG00000164654;ENSG00000135862;ENSG00000163110;ENSG00000101333;ENSG00000112062"
"HALLMARK","HALLMARK_ESTROGEN_RESPONSE_EARLY",2.3435376765422e-05,0.000195294806378516,0.575610261071129,-0.380784850949841,-1.70578471184247,194,"ENSG00000164626;ENSG00000071242;ENSG00000204516;ENSG00000152137;ENSG00000118242;ENSG00000124249;ENSG00000115641;ENSG00000096968;ENSG00000155090;ENSG00000164742;ENSG00000111490;ENSG00000140284;ENSG00000131370;ENSG00000096060;ENSG00000134352;ENSG00000187720;ENSG00000156299;ENSG00000064652;ENSG00000148154;ENSG00000003989;ENSG00000123066;ENSG00000171346;ENSG00000169583;ENSG00000114315;ENSG00000172137;ENSG00000162104;ENSG00000134107;ENSG00000168461;ENSG00000075275;ENSG00000148344;ENSG00000164292;ENSG00000149218;ENSG00000197977;ENSG00000155850;ENSG00000111816;ENSG00000165169;ENSG00000140526;ENSG00000198682;ENSG00000012660;ENSG00000111319;ENSG00000143126;ENSG00000113645;ENSG00000103257;ENSG00000086062;ENSG00000144749;ENSG00000164741;ENSG00000148700;ENSG00000099204;ENSG00000166821;ENSG00000074410;ENSG00000171791;ENSG00000141424;ENSG00000181788;ENSG00000116774;ENSG00000163659;ENSG00000150687;ENSG00000198825;ENSG00000172493;ENSG00000117479;ENSG00000128567;ENSG00000033327;ENSG00000168453;ENSG00000172893;ENSG00000143319;ENSG00000120690;ENSG00000140443;ENSG00000180530;ENSG00000004948;ENSG00000154153"
"HALLMARK","HALLMARK_MTORC1_SIGNALING",2.17269620916344e-05,0.000195294806378516,0.575610261071129,-0.378030176242789,-1.69693893654631,198,"ENSG00000044574;ENSG00000166598;ENSG00000164211;ENSG00000134109;ENSG00000003056;ENSG00000065911;ENSG00000198431;ENSG00000135069;ENSG00000174437;ENSG00000001630;ENSG00000113161;ENSG00000127022;ENSG00000001084;ENSG00000145545;ENSG00000135842;ENSG00000104549;ENSG00000112972;ENSG00000179218;ENSG00000155561;ENSG00000135269;ENSG00000278540;ENSG00000123983;ENSG00000131389;ENSG00000103018;ENSG00000134107;ENSG00000131473;ENSG00000131467;ENSG00000099194;ENSG00000138768;ENSG00000159399;ENSG00000109929;ENSG00000079739;ENSG00000152256;ENSG00000152952;ENSG00000072274;ENSG00000136628;ENSG00000082701;ENSG00000116133;ENSG00000012660;ENSG00000121966;ENSG00000197930;ENSG00000104687;ENSG00000105835;ENSG00000103257;ENSG00000138071;ENSG00000163655;ENSG00000148700;ENSG00000149485;ENSG00000162433;ENSG00000130164;ENSG00000120686;ENSG00000175197;ENSG00000138413;ENSG00000159167;ENSG00000172893;ENSG00000072042;ENSG00000115091;ENSG00000005020;ENSG00000187735;ENSG00000124783;ENSG00000105281;ENSG00000132383;ENSG00000100219;ENSG00000120705;ENSG00000102144;ENSG00000013275;ENSG00000116750;ENSG00000100600;ENSG00000183735;ENSG00000151012;ENSG00000006831;ENSG00000117394;ENSG00000114480;ENSG00000124762;ENSG00000138069;ENSG00000067064;ENSG00000168209;ENSG00000124802;ENSG00000147852;ENSG00000104738;ENSG00000140105;ENSG00000109084;ENSG00000109332;ENSG00000115461;ENSG00000163738;ENSG00000180957;ENSG00000117461;ENSG00000113328"
"HALLMARK","HALLMARK_PROTEIN_SECRETION",3.04549850196209e-05,0.000217535607283006,0.575610261071129,-0.46524648065022,-1.88763456359901,96,"ENSG00000198964;ENSG00000003056;ENSG00000165029;ENSG00000085365;ENSG00000197081;ENSG00000109572;ENSG00000144566;ENSG00000132842;ENSG00000150961;ENSG00000124198;ENSG00000124209;ENSG00000170348;ENSG00000138768;ENSG00000054523;ENSG00000122126;ENSG00000079950;ENSG00000137845;ENSG00000083097;ENSG00000061987;ENSG00000139921;ENSG00000095139;ENSG00000136193;ENSG00000100030;ENSG00000151914;ENSG00000087470;ENSG00000074695;ENSG00000119396;ENSG00000086598;ENSG00000119541;ENSG00000184432;ENSG00000141367;ENSG00000163399;ENSG00000141198;ENSG00000129083;ENSG00000138674;ENSG00000049245;ENSG00000177189;ENSG00000166747;ENSG00000124222;ENSG00000136738;ENSG00000123096;ENSG00000265808;ENSG00000005893;ENSG00000181704;ENSG00000066777"
"HALLMARK","HALLMARK_OXIDATIVE_PHOSPHORYLATION",5.8498131671578e-05,0.000365613322947362,0.557332238758646,0.378811453973969,1.6569760713449,200,"ENSG00000072778;ENSG00000154723;ENSG00000115317;ENSG00000099624;ENSG00000167792;ENSG00000183648;ENSG00000136521;ENSG00000110717;ENSG00000128654;ENSG00000145494;ENSG00000215021;ENSG00000164919;ENSG00000140740;ENSG00000174547;ENSG00000156502;ENSG00000124172;ENSG00000126267;ENSG00000135390;ENSG00000110719;ENSG00000099795;ENSG00000213619;ENSG00000184076;ENSG00000151729;ENSG00000140983;ENSG00000169020;ENSG00000060971;ENSG00000104823;ENSG00000108528;ENSG00000131143;ENSG00000115286;ENSG00000241837;ENSG00000164258;ENSG00000179091;ENSG00000159199;ENSG00000087088;ENSG00000127884;ENSG00000065518;ENSG00000127948;ENSG00000090266;ENSG00000112695;ENSG00000148290;ENSG00000104325;ENSG00000010256;ENSG00000135940;ENSG00000189043;ENSG00000167863;ENSG00000101365;ENSG00000241468;ENSG00000127184;ENSG00000107537;ENSG00000138495;ENSG00000072506;ENSG00000143198;ENSG00000116898;ENSG00000105197;ENSG00000130312;ENSG00000109390;ENSG00000117118;ENSG00000099800;ENSG00000127540;ENSG00000100575;ENSG00000146701;ENSG00000128524;ENSG00000167468;ENSG00000167969;ENSG00000143153;ENSG00000105379;ENSG00000165264;ENSG00000004779;ENSG00000117410;ENSG00000139180;ENSG00000267855;ENSG00000155463;ENSG00000084754;ENSG00000125356;ENSG00000042445;ENSG00000165629;ENSG00000178741;ENSG00000150779;ENSG00000173660;ENSG00000185883;ENSG00000111775;ENSG00000166136;ENSG00000166347;ENSG00000136003;ENSG00000078668;ENSG00000119689;ENSG00000100243;ENSG00000165637"
"HALLMARK","HALLMARK_IL2_STAT5_SIGNALING",8.83116981607589e-05,0.00049062054533755,0.538434096309916,-0.37312316063103,-1.65763680205088,183,"ENSG00000146072;ENSG00000069667;ENSG00000123901;ENSG00000061918;ENSG00000139112;ENSG00000157483;ENSG00000116729;ENSG00000128791;ENSG00000006576;ENSG00000130340;ENSG00000107968;ENSG00000123411;ENSG00000120949;ENSG00000099250;ENSG00000156299;ENSG00000197081;ENSG00000171533;ENSG00000171867;ENSG00000155744;ENSG00000085563;ENSG00000188404;ENSG00000134107;ENSG00000172594;ENSG00000135074;ENSG00000056558;ENSG00000120659;ENSG00000159399;ENSG00000171488;ENSG00000152061;ENSG00000157856;ENSG00000144749;ENSG00000164305;ENSG00000064393;ENSG00000163814;ENSG00000104419;ENSG00000115604;ENSG00000155158;ENSG00000124151;ENSG00000134531;ENSG00000138821;ENSG00000171791;ENSG00000170017;ENSG00000188313;ENSG00000273749;ENSG00000030419;ENSG00000138448;ENSG00000143878;ENSG00000198478;ENSG00000204217;ENSG00000106546;ENSG00000185920;ENSG00000135318;ENSG00000197594;ENSG00000162889;ENSG00000129757;ENSG00000140443;ENSG00000169432;ENSG00000059728;ENSG00000158985;ENSG00000105281;ENSG00000067082;ENSG00000100219;ENSG00000185338;ENSG00000135317;ENSG00000027075;ENSG00000086758;ENSG00000172954;ENSG00000143190;ENSG00000184014;ENSG00000162654;ENSG00000122694;ENSG00000025039;ENSG00000092529;ENSG00000133789"
"HALLMARK","HALLMARK_HYPOXIA",0.000247747204593683,0.00123873602296841,0.49849310876659,-0.354764354539575,-1.58922186838778,194,"ENSG00000044574;ENSG00000170525;ENSG00000011465;ENSG00000069667;ENSG00000134954;ENSG00000130287;ENSG00000111846;ENSG00000143590;ENSG00000116285;ENSG00000118263;ENSG00000118523;ENSG00000133639;ENSG00000135269;ENSG00000131389;ENSG00000188994;ENSG00000100311;ENSG00000114796;ENSG00000134107;ENSG00000118503;ENSG00000159399;ENSG00000175040;ENSG00000119938;ENSG00000095015;ENSG00000072682;ENSG00000079739;ENSG00000112715;ENSG00000152256;ENSG00000151640;ENSG00000168214;ENSG00000076716;ENSG00000121966;ENSG00000197930;ENSG00000113580;ENSG00000010404;ENSG00000081277;ENSG00000104419;ENSG00000120708;ENSG00000074410;ENSG00000128294;ENSG00000104765;ENSG00000171791;ENSG00000182197;ENSG00000162433;ENSG00000181788;ENSG00000154229;ENSG00000136872;ENSG00000100196;ENSG00000166796;ENSG00000175197;ENSG00000118689;ENSG00000163659;ENSG00000182492;ENSG00000159167;ENSG00000162512;ENSG00000155980;ENSG00000129757;ENSG00000146278;ENSG00000181458;ENSG00000143627;ENSG00000132692;ENSG00000067082;ENSG00000169764;ENSG00000102144;ENSG00000115548;ENSG00000070614;ENSG00000117394;ENSG00000025039;ENSG00000114480;ENSG00000148926;ENSG00000164105;ENSG00000164776;ENSG00000124762;ENSG00000100345;ENSG00000113083;ENSG00000168209;ENSG00000067992;ENSG00000147852;ENSG00000102239"
"HALLMARK","HALLMARK_DNA_REPAIR",0.00033708541829419,0.00153220644679177,0.49849310876659,0.387116226831546,1.63391262245964,150,"ENSG00000104221;ENSG00000188986;ENSG00000103152;ENSG00000129562;ENSG00000198056;ENSG00000134574;ENSG00000125458;ENSG00000168061;ENSG00000166169;ENSG00000148308;ENSG00000143774;ENSG00000103168;ENSG00000166337;ENSG00000178035;ENSG00000139546;ENSG00000125877;ENSG00000005075;ENSG00000130706;ENSG00000066379;ENSG00000125651;ENSG00000103024;ENSG00000139722;ENSG00000174446;ENSG00000106399;ENSG00000128191;ENSG00000160948;ENSG00000183431;ENSG00000183684;ENSG00000163882;ENSG00000121851;ENSG00000198931;ENSG00000106992;ENSG00000012061;ENSG00000103202;ENSG00000185825;ENSG00000148290;ENSG00000128951;ENSG00000204356;ENSG00000107223;ENSG00000176428;ENSG00000138495;ENSG00000105258;ENSG00000165684;ENSG00000196235;ENSG00000062822;ENSG00000051180;ENSG00000049541;ENSG00000102978;ENSG00000106290;ENSG00000185527;ENSG00000105486;ENSG00000167468;ENSG00000100387;ENSG00000168496;ENSG00000074319;ENSG00000166548;ENSG00000163918;ENSG00000185608;ENSG00000168002;ENSG00000158825;ENSG00000272047;ENSG00000114956;ENSG00000175482;ENSG00000152669;ENSG00000114491;ENSG00000058262"
"HALLMARK","HALLMARK_INTERFERON_GAMMA_RESPONSE",0.000787913622925686,0.00328297342885702,0.477270815362862,-0.345070817668762,-1.5280855908087,179,"ENSG00000184588;ENSG00000131979;ENSG00000104432;ENSG00000159110;ENSG00000138378;ENSG00000109320;ENSG00000065911;ENSG00000150457;ENSG00000096968;ENSG00000163412;ENSG00000004468;ENSG00000153064;ENSG00000221963;ENSG00000013364;ENSG00000133639;ENSG00000134326;ENSG00000197329;ENSG00000150347;ENSG00000185215;ENSG00000159403;ENSG00000100644;ENSG00000133106;ENSG00000118503;ENSG00000111335;ENSG00000158987;ENSG00000138600;ENSG00000169248;ENSG00000073756;ENSG00000134321;ENSG00000105835;ENSG00000174600;ENSG00000168062;ENSG00000115525;ENSG00000164305;ENSG00000170581;ENSG00000104312;ENSG00000139626;ENSG00000124151;ENSG00000121060;ENSG00000108691;ENSG00000157601;ENSG00000188313;ENSG00000164136;ENSG00000177409;ENSG00000196396;ENSG00000066583;ENSG00000111331;ENSG00000168610;ENSG00000160710;ENSG00000106100"
"HALLMARK","HALLMARK_HEDGEHOG_SIGNALING",0.00133067161557657,0.00510024216545166,0.45505986738723,-0.535459416255352,-1.78844140170529,35,"ENSG00000122756;ENSG00000154096;ENSG00000164683;ENSG00000099250;ENSG00000176749;ENSG00000145715;ENSG00000075275;ENSG00000091129;ENSG00000112715;ENSG00000196712;ENSG00000157557;ENSG00000118257;ENSG00000185920;ENSG00000111087;ENSG00000079482;ENSG00000135547;ENSG00000139970;ENSG00000092964;ENSG00000196781;ENSG00000100345;ENSG00000147852;ENSG00000182168;ENSG00000198728;ENSG00000140332;ENSG00000171951"
"HALLMARK","HALLMARK_INFLAMMATORY_RESPONSE",0.00142806780632646,0.00510024216545166,0.45505986738723,-0.349173950240146,-1.53735667305622,170,"ENSG00000184588;ENSG00000131979;ENSG00000141506;ENSG00000109320;ENSG00000078081;ENSG00000174437;ENSG00000165029;ENSG00000123700;ENSG00000177272;ENSG00000139514;ENSG00000017260;ENSG00000105976;ENSG00000110911;ENSG00000003989;ENSG00000197405;ENSG00000010327;ENSG00000188404;ENSG00000100644;ENSG00000142227;ENSG00000175040;ENSG00000054523;ENSG00000169248;ENSG00000105711;ENSG00000070961;ENSG00000105835;ENSG00000174600;ENSG00000259207;ENSG00000057019;ENSG00000064989;ENSG00000073008;ENSG00000121989;ENSG00000136754;ENSG00000115604;ENSG00000104312;ENSG00000176170;ENSG00000108691;ENSG00000122641;ENSG00000164136;ENSG00000130164;ENSG00000187764;ENSG00000106546;ENSG00000113070;ENSG00000110436;ENSG00000171522;ENSG00000163251;ENSG00000136868;ENSG00000105855"
"HALLMARK","HALLMARK_TNFA_SIGNALING_VIA_NFKB",0.00321325585762221,0.0107108528587407,0.431707695803346,-0.324738191087414,-1.44557779620516,185,"ENSG00000184588;ENSG00000131979;ENSG00000170525;ENSG00000109320;ENSG00000101384;ENSG00000118515;ENSG00000131459;ENSG00000165029;ENSG00000166401;ENSG00000155090;ENSG00000107968;ENSG00000134352;ENSG00000136048;ENSG00000133639;ENSG00000114315;ENSG00000185215;ENSG00000134107;ENSG00000056558;ENSG00000118503;ENSG00000154640;ENSG00000169248;ENSG00000112715;ENSG00000073756;ENSG00000070961;ENSG00000102908;ENSG00000102804;ENSG00000162924;ENSG00000105835;ENSG00000003402;ENSG00000086062;ENSG00000120875;ENSG00000205189;ENSG00000104312;ENSG00000176170;ENSG00000108691;ENSG00000157557;ENSG00000172216;ENSG00000143878;ENSG00000122641;ENSG00000130164;ENSG00000175505;ENSG00000196449;ENSG00000113070;ENSG00000163659;ENSG00000181649;ENSG00000138166;ENSG00000171522;ENSG00000166949;ENSG00000277443;ENSG00000146278;ENSG00000108932;ENSG00000196371;ENSG00000059728;ENSG00000067082;ENSG00000153234"
"HALLMARK","HALLMARK_MYC_TARGETS_V2",0.012759752096245,0.036993769470405,0.172450317477257,0.426153477014711,1.5444708730553,58,"ENSG00000052749;ENSG00000179958;ENSG00000133316;ENSG00000077348;ENSG00000156502;ENSG00000177192;ENSG00000130810;ENSG00000167085;ENSG00000184967;ENSG00000185238;ENSG00000136933;ENSG00000135446;ENSG00000196497;ENSG00000070814;ENSG00000100297;ENSG00000100029;ENSG00000101361;ENSG00000053372;ENSG00000106305;ENSG00000114767;ENSG00000048162;ENSG00000173638;ENSG00000116649;ENSG00000115541;ENSG00000179115;ENSG00000136270;ENSG00000162851;ENSG00000112578;ENSG00000166851;ENSG00000174669"
"HALLMARK","HALLMARK_EPITHELIAL_MESENCHYMAL_TRANSITION",0.0123745038524399,0.036993769470405,0.198584486969905,-0.303350763509756,-1.35571182132313,190,"ENSG00000152377;ENSG00000100234;ENSG00000011465;ENSG00000114251;ENSG00000115414;ENSG00000117152;ENSG00000053747;ENSG00000065534;ENSG00000154096;ENSG00000170558;ENSG00000038427;ENSG00000118523;ENSG00000196924;ENSG00000138685;ENSG00000145147;ENSG00000163069;ENSG00000128595;ENSG00000135919;ENSG00000198934;ENSG00000106823;ENSG00000142227;ENSG00000118503;ENSG00000073712;ENSG00000069702;ENSG00000070087;ENSG00000112715;ENSG00000152952;ENSG00000167460;ENSG00000106484;ENSG00000187498;ENSG00000259207;ENSG00000171812;ENSG00000073008;ENSG00000113361;ENSG00000151914;ENSG00000122218;ENSG00000166033;ENSG00000166147;ENSG00000120708;ENSG00000138448;ENSG00000143878;ENSG00000122641;ENSG00000164136;ENSG00000132561;ENSG00000154175;ENSG00000150093;ENSG00000182492;ENSG00000135318;ENSG00000115935;ENSG00000182985;ENSG00000140092"
"HALLMARK","HALLMARK_KRAS_SIGNALING_UP",0.0133177570093458,0.036993769470405,0.191387828756382,-0.306733713061489,-1.35547182400834,177,"ENSG00000071575;ENSG00000108960;ENSG00000134954;ENSG00000132640;ENSG00000131459;ENSG00000102678;ENSG00000182568;ENSG00000099250;ENSG00000115808;ENSG00000152484;ENSG00000107771;ENSG00000105778;ENSG00000085563;ENSG00000111729;ENSG00000011677;ENSG00000056558;ENSG00000118503;ENSG00000136235;ENSG00000168280;ENSG00000095015;ENSG00000082397;ENSG00000105711;ENSG00000073756;ENSG00000101166;ENSG00000125398;ENSG00000020181;ENSG00000152061;ENSG00000249992;ENSG00000121966;ENSG00000197930;ENSG00000174600;ENSG00000057019;ENSG00000129167;ENSG00000100503;ENSG00000110395;ENSG00000134531;ENSG00000144063;ENSG00000156510;ENSG00000122641;ENSG00000102543;ENSG00000104112;ENSG00000196449;ENSG00000113070;ENSG00000057657;ENSG00000164116;ENSG00000006468;ENSG00000100558;ENSG00000136167;ENSG00000153233;ENSG00000261371;ENSG00000145439;ENSG00000067208;ENSG00000135525"
"HALLMARK","HALLMARK_HEME_METABOLISM",0.0147540983606557,0.0388265746333046,0.181914998907505,-0.302762995475574,-1.34801079151752,186,"ENSG00000066926;ENSG00000114166;ENSG00000164398;ENSG00000143061;ENSG00000115993;ENSG00000147454;ENSG00000100592;ENSG00000001084;ENSG00000130227;ENSG00000110911;ENSG00000109572;ENSG00000155962;ENSG00000266412;ENSG00000170385;ENSG00000159023;ENSG00000197208;ENSG00000114126;ENSG00000043093;ENSG00000175348;ENSG00000006459;ENSG00000149218;ENSG00000072682;ENSG00000023909;ENSG00000072274;ENSG00000166167;ENSG00000165406;ENSG00000070182;ENSG00000143797;ENSG00000109787;ENSG00000073921;ENSG00000113580;ENSG00000163655;ENSG00000159082;ENSG00000133069;ENSG00000104765;ENSG00000151414;ENSG00000156273;ENSG00000107789;ENSG00000198900;ENSG00000068971;ENSG00000165219;ENSG00000196914;ENSG00000118689;ENSG00000168785;ENSG00000034677;ENSG00000159346;ENSG00000147324;ENSG00000004897;ENSG00000122741;ENSG00000102575;ENSG00000196660;ENSG00000187735;ENSG00000024862;ENSG00000047597;ENSG00000075643;ENSG00000135655;ENSG00000040531;ENSG00000005893;ENSG00000118985;ENSG00000173598;ENSG00000136451;ENSG00000112992;ENSG00000151012;ENSG00000133606;ENSG00000087274;ENSG00000082641;ENSG00000101928;ENSG00000117394;ENSG00000101782"
"HALLMARK","HALLMARK_COMPLEMENT",0.0179372197309417,0.0448430493273543,0.165406383146814,-0.302050947849366,-1.33851008948201,181,"ENSG00000044574;ENSG00000137509;ENSG00000141506;ENSG00000115414;ENSG00000135905;ENSG00000140945;ENSG00000169174;ENSG00000088387;ENSG00000010810;ENSG00000096968;ENSG00000115159;ENSG00000058866;ENSG00000168615;ENSG00000111252;ENSG00000176749;ENSG00000203710;ENSG00000175073;ENSG00000127334;ENSG00000100311;ENSG00000159403;ENSG00000148516;ENSG00000110851;ENSG00000186472;ENSG00000118503;ENSG00000107798;ENSG00000102174;ENSG00000117322;ENSG00000197045;ENSG00000138592;ENSG00000068796;ENSG00000128512;ENSG00000063978;ENSG00000164305;ENSG00000114450;ENSG00000135047;ENSG00000186469;ENSG00000117335;ENSG00000188313;ENSG00000172216;ENSG00000104112;ENSG00000115271;ENSG00000164951"
