"collection","pathway","pval","padj","log2err","ES","NES","size","leadingEdge"
"REACTOME","REACTOME_RNA_POLYMERASE_II_TRANSCRIPTION",1.77486046890236e-21,2.02156607407978e-18,1.19534448258848,-0.476986817673382,-1.75826610586648,1299,"ENSG00000171649;ENSG00000158321;ENSG00000179909;ENSG00000167555;ENSG00000198093;ENSG00000254647;ENSG00000083814;ENSG00000145632;ENSG00000234444;ENSG00000119042;ENSG00000176293;ENSG00000198521;ENSG00000071564;ENSG00000153885;ENSG00000170949;ENSG00000256683;ENSG00000198131;ENSG00000082175;ENSG00000196724;ENSG00000161551;ENSG00000167281;ENSG00000183454;ENSG00000198466;ENSG00000118046;ENSG00000176024;ENSG00000083844;ENSG00000142556;ENSG00000177426;ENSG00000164442;ENSG00000137834;ENSG00000178229;ENSG00000105136;ENSG00000152443;ENSG00000063244;ENSG00000088038;ENSG00000125845;ENSG00000166704;ENSG00000122585;ENSG00000006712;ENSG00000131845;ENSG00000237440;ENSG00000197299;ENSG00000108106;ENSG00000196235;ENSG00000256087;ENSG00000121406;ENSG00000167384;ENSG00000008196;ENSG00000152454;ENSG00000124459;ENSG00000170365;ENSG00000125755;ENSG00000013275;ENSG00000071655;ENSG00000213020;ENSG00000130726;ENSG00000152439;ENSG00000099341;ENSG00000167785;ENSG00000197951;ENSG00000134250;ENSG00000197935;ENSG00000196081;ENSG00000221866;ENSG00000197619;ENSG00000130005;ENSG00000104884;ENSG00000196867;ENSG00000105568;ENSG00000105221;ENSG00000188283;ENSG00000116717;ENSG00000126457;ENSG00000171827;ENSG00000130203;ENSG00000061273;ENSG00000188227;ENSG00000121417;ENSG00000272333;ENSG00000144580;ENSG00000028277;ENSG00000186272;ENSG00000149212;ENSG00000140395;ENSG00000245680;ENSG00000186020;ENSG00000204604;ENSG00000120784;ENSG00000115107;ENSG00000183647;ENSG00000105220;ENSG00000018869;ENSG00000083817;ENSG00000136603;ENSG00000171291;ENSG00000105497;ENSG00000196967;ENSG00000181449;ENSG00000126267;ENSG00000188171;ENSG00000197016;ENSG00000189042;ENSG00000161281;ENSG00000114315;ENSG00000198046;ENSG00000197128;ENSG00000267508;ENSG00000196437;ENSG00000147180;ENSG00000197124;ENSG00000145088;ENSG00000109111;ENSG00000173480;ENSG00000143171;ENSG00000188785;ENSG00000152495;ENSG00000198440;ENSG00000196357;ENSG00000099817;ENSG00000001167;ENSG00000178386;ENSG00000130844;ENSG00000142528;ENSG00000151615;ENSG00000160336;ENSG00000081665;ENSG00000108821;ENSG00000197050;ENSG00000172687;ENSG00000132475;ENSG00000105258;ENSG00000204920;ENSG00000101384;ENSG00000165891;ENSG00000069667;ENSG00000204519;ENSG00000089335;ENSG00000198182;ENSG00000198453;ENSG00000131408;ENSG00000138614;ENSG00000181666;ENSG00000136492;ENSG00000196172;ENSG00000074181;ENSG00000175322;ENSG00000167380;ENSG00000171606;ENSG00000141391;ENSG00000164692;ENSG00000062370;ENSG00000157933;ENSG00000198028;ENSG00000074047;ENSG00000173559;ENSG00000170004;ENSG00000167562;ENSG00000149115;ENSG00000131115;ENSG00000186017;ENSG00000151623;ENSG00000251369;ENSG00000115419;ENSG00000197808;ENSG00000115415;ENSG00000130818;ENSG00000196092;ENSG00000183779;ENSG00000170100;ENSG00000182983;ENSG00000105329;ENSG00000159917;ENSG00000198538;ENSG00000142065;ENSG00000118707;ENSG00000078900;ENSG00000175221;ENSG00000168395;ENSG00000183850;ENSG00000133639;ENSG00000158402;ENSG00000152433;ENSG00000159882;ENSG00000187079;ENSG00000072401;ENSG00000256294;ENSG00000272602;ENSG00000113916;ENSG00000196782;ENSG00000159885;ENSG00000185386;ENSG00000136943;ENSG00000105173;ENSG00000148200;ENSG00000173041;ENSG00000197134;ENSG00000186230;ENSG00000116017;ENSG00000263002;ENSG00000116030;ENSG00000123136;ENSG00000196498;ENSG00000083828;ENSG00000150907;ENSG00000117139;ENSG00000196263;ENSG00000041357;ENSG00000082556;ENSG00000104067;ENSG00000197937;ENSG00000161265;ENSG00000118515;ENSG00000178665;ENSG00000114126;ENSG00000170633;ENSG00000140525;ENSG00000089685;ENSG00000178573;ENSG00000179965;ENSG00000134057;ENSG00000183955;ENSG00000169375;ENSG00000082014;ENSG00000162521;ENSG00000249471;ENSG00000136450;ENSG00000159905;ENSG00000087088;ENSG00000173894;ENSG00000151849;ENSG00000161642;ENSG00000065675;ENSG00000162714;ENSG00000138794;ENSG00000111424;ENSG00000179195;ENSG00000172115;ENSG00000161298;ENSG00000196510;ENSG00000256223;ENSG00000186300;ENSG00000175063;ENSG00000196705;ENSG00000111752;ENSG00000140464;ENSG00000143067;ENSG00000178741;ENSG00000179295;ENSG00000124762;ENSG00000133119;ENSG00000170142;ENSG00000104695;ENSG00000170312;ENSG00000160352;ENSG00000147571;ENSG00000138346;ENSG00000126070;ENSG00000204611;ENSG00000162086;ENSG00000141510;ENSG00000136518;ENSG00000196391;ENSG00000197372;ENSG00000118513;ENSG00000187607;ENSG00000173692;ENSG00000120251;ENSG00000163939;ENSG00000169258;ENSG00000174371;ENSG00000132964;ENSG00000163235;ENSG00000143799;ENSG00000115966;ENSG00000172888;ENSG00000197863;ENSG00000164683;ENSG00000104881;ENSG00000097007;ENSG00000146648;ENSG00000087586;ENSG00000178913;ENSG00000172379;ENSG00000138376;ENSG00000124486;ENSG00000213096;ENSG00000111445;ENSG00000170027;ENSG00000188486;ENSG00000168661;ENSG00000178935;ENSG00000091831;ENSG00000088325;ENSG00000198431;ENSG00000267680;ENSG00000109705;ENSG00000078328;ENSG00000189298;ENSG00000256229;ENSG00000151090;ENSG00000100425;ENSG00000165699;ENSG00000111880;ENSG00000136997;ENSG00000213967;ENSG00000104973;ENSG00000138764;ENSG00000090097;ENSG00000197020;ENSG00000092847;ENSG00000176749;ENSG00000094916;ENSG00000068024;ENSG00000128191;ENSG00000102978;ENSG00000198551;ENSG00000163781;ENSG00000143387;ENSG00000166478;ENSG00000146757;ENSG00000198464;ENSG00000197928;ENSG00000112081;ENSG00000164949;ENSG00000197061;ENSG00000141570;ENSG00000165632;ENSG00000145216;ENSG00000172819;ENSG00000144554;ENSG00000143493;ENSG00000270647;ENSG00000078687;ENSG00000152192;ENSG00000111786;ENSG00000196109;ENSG00000118785;ENSG00000180884;ENSG00000170855;ENSG00000164938;ENSG00000177302;ENSG00000122691;ENSG00000105327;ENSG00000198039;ENSG00000153094;ENSG00000186654;ENSG00000168036;ENSG00000185379;ENSG00000113456;ENSG00000186376;ENSG00000181450;ENSG00000042286;ENSG00000134371;ENSG00000167981;ENSG00000178999;ENSG00000105085;ENSG00000182141;ENSG00000123374;ENSG00000164151;ENSG00000144381;ENSG00000133703;ENSG00000276293;ENSG00000103199;ENSG00000187187;ENSG00000134308;ENSG00000136709;ENSG00000111605;ENSG00000127511;ENSG00000269699;ENSG00000187792;ENSG00000115232;ENSG00000140836;ENSG00000196387;ENSG00000180008;ENSG00000015153;ENSG00000083812;ENSG00000171862;ENSG00000096717;ENSG00000163349;ENSG00000118260;ENSG00000198176;ENSG00000101665;ENSG00000123358;ENSG00000134686;ENSG00000115875;ENSG00000011007;ENSG00000177463;ENSG00000198315;ENSG00000174652;ENSG00000163041;ENSG00000096654;ENSG00000137815;ENSG00000105968;ENSG00000072364;ENSG00000111596;ENSG00000133226;ENSG00000189079;ENSG00000204209;ENSG00000256771"
"REACTOME","REACTOME_NEURONAL_SYSTEM",4.11683044483529e-14,2.3445349383337e-11,0.965327754226083,-0.566647361632955,-1.98800375173783,366,"ENSG00000101438;ENSG00000198785;ENSG00000184156;ENSG00000105426;ENSG00000103942;ENSG00000113327;ENSG00000150672;ENSG00000183454;ENSG00000080644;ENSG00000163873;ENSG00000077522;ENSG00000153707;ENSG00000164588;ENSG00000165246;ENSG00000152578;ENSG00000131409;ENSG00000075043;ENSG00000058335;ENSG00000113319;ENSG00000129159;ENSG00000198739;ENSG00000111371;ENSG00000071242;ENSG00000143473;ENSG00000099822;ENSG00000121281;ENSG00000176533;ENSG00000124780;ENSG00000140538;ENSG00000152822;ENSG00000131398;ENSG00000112294;ENSG00000177380;ENSG00000021645;ENSG00000165646;ENSG00000158445;ENSG00000128011;ENSG00000146006;ENSG00000117971;ENSG00000088367;ENSG00000268089;ENSG00000104490;ENSG00000006071;ENSG00000173175;ENSG00000157168;ENSG00000167552;ENSG00000152495;ENSG00000137267;ENSG00000115109;ENSG00000168135;ENSG00000161681;ENSG00000137285;ENSG00000176014;ENSG00000143858;ENSG00000116544;ENSG00000155897;ENSG00000196586;ENSG00000111664;ENSG00000121361;ENSG00000138622;ENSG00000042753;ENSG00000135750;ENSG00000196961;ENSG00000111275;ENSG00000183943;ENSG00000115419;ENSG00000172380;ENSG00000146938;ENSG00000138435;ENSG00000176884;ENSG00000166387;ENSG00000136854;ENSG00000182389;ENSG00000126243;ENSG00000034053;ENSG00000258947;ENSG00000171126;ENSG00000197584;ENSG00000171303;ENSG00000184564;ENSG00000101204;ENSG00000154229;ENSG00000127824;ENSG00000277586;ENSG00000082397;ENSG00000139220;ENSG00000178568;ENSG00000156564;ENSG00000164794;ENSG00000175344;ENSG00000169992;ENSG00000102606;ENSG00000173826;ENSG00000104863;ENSG00000156642;ENSG00000182481;ENSG00000170745;ENSG00000126583;ENSG00000104888;ENSG00000162951;ENSG00000169760;ENSG00000183092;ENSG00000078369;ENSG00000120251;ENSG00000182674;ENSG00000110218;ENSG00000121871;ENSG00000182256;ENSG00000169684;ENSG00000080845;ENSG00000164418;ENSG00000168993;ENSG00000175175;ENSG00000132535;ENSG00000167553;ENSG00000156113;ENSG00000179915;ENSG00000141404;ENSG00000141837;ENSG00000004660;ENSG00000183185;ENSG00000157445;ENSG00000108946;ENSG00000171121;ENSG00000005249"
"REACTOME","REACTOME_SELENOAMINO_ACID_METABOLISM",1.28035701610812e-12,4.4675686603568e-10,0.910119734774459,0.655479801443848,2.38007085611745,115,"ENSG00000196305;ENSG00000187742;ENSG00000031698;ENSG00000104687;ENSG00000133706;ENSG00000112306;ENSG00000166986;ENSG00000162244;ENSG00000110700;ENSG00000100316;ENSG00000172053;ENSG00000109618;ENSG00000198034;ENSG00000164587;ENSG00000109475;ENSG00000130255;ENSG00000144713;ENSG00000174748;ENSG00000198755;ENSG00000163682;ENSG00000150540;ENSG00000071082;ENSG00000171858;ENSG00000179918;ENSG00000161016;ENSG00000167526;ENSG00000265681;ENSG00000108298;ENSG00000145592;ENSG00000231500;ENSG00000147403;ENSG00000166441;ENSG00000142937;ENSG00000188846;ENSG00000161970;ENSG00000198918;ENSG00000186468;ENSG00000132394;ENSG00000168028;ENSG00000145425;ENSG00000172809;ENSG00000164022;ENSG00000182899;ENSG00000137154;ENSG00000156482;ENSG00000147604;ENSG00000118181;ENSG00000116251;ENSG00000101444;ENSG00000197958;ENSG00000138326;ENSG00000149273;ENSG00000131469;ENSG00000125691;ENSG00000148303;ENSG00000105640;ENSG00000163584;ENSG00000122406;ENSG00000142676;ENSG00000197728;ENSG00000143947;ENSG00000171863;ENSG00000115866;ENSG00000136942;ENSG00000177954;ENSG00000229117;ENSG00000124614;ENSG00000177600;ENSG00000132330;ENSG00000233927;ENSG00000116761;ENSG00000114391;ENSG00000213741;ENSG00000134419;ENSG00000106305"
"REACTOME","REACTOME_TRANSLATION",1.56894421786016e-12,4.4675686603568e-10,0.910119734774459,0.464783438030243,1.9197652266606,368,"ENSG00000070756;ENSG00000173674;ENSG00000196305;ENSG00000239789;ENSG00000031698;ENSG00000140105;ENSG00000067704;ENSG00000100353;ENSG00000130741;ENSG00000133706;ENSG00000112306;ENSG00000090263;ENSG00000061794;ENSG00000106105;ENSG00000166986;ENSG00000166902;ENSG00000162244;ENSG00000134684;ENSG00000110619;ENSG00000148187;ENSG00000110700;ENSG00000161057;ENSG00000100316;ENSG00000114902;ENSG00000172053;ENSG00000143374;ENSG00000198034;ENSG00000100664;ENSG00000164587;ENSG00000109475;ENSG00000130255;ENSG00000144713;ENSG00000127922;ENSG00000174748;ENSG00000085760;ENSG00000198755;ENSG00000163682;ENSG00000254772;ENSG00000071082;ENSG00000171858;ENSG00000130349;ENSG00000161016;ENSG00000143314;ENSG00000167526;ENSG00000265681;ENSG00000123297;ENSG00000108298;ENSG00000182154;ENSG00000145592;ENSG00000231500;ENSG00000090861;ENSG00000147403;ENSG00000166441;ENSG00000156508;ENSG00000142937;ENSG00000188846;ENSG00000161970;ENSG00000198918;ENSG00000186468;ENSG00000168028;ENSG00000145425;ENSG00000172809;ENSG00000164022;ENSG00000182899;ENSG00000184110;ENSG00000137154;ENSG00000156482;ENSG00000122033;ENSG00000104408;ENSG00000147604;ENSG00000125977;ENSG00000105364;ENSG00000063046;ENSG00000011376;ENSG00000118181;ENSG00000116251;ENSG00000197958;ENSG00000138326;ENSG00000149273;ENSG00000132676;ENSG00000131469;ENSG00000125691;ENSG00000128607;ENSG00000204568;ENSG00000148303;ENSG00000105640;ENSG00000163584;ENSG00000122406;ENSG00000167658;ENSG00000164062;ENSG00000242485;ENSG00000142676;ENSG00000197728;ENSG00000143947;ENSG00000149792;ENSG00000185608;ENSG00000171863;ENSG00000115866;ENSG00000180817;ENSG00000136942;ENSG00000120662;ENSG00000134440;ENSG00000177954;ENSG00000229117;ENSG00000125901;ENSG00000124614;ENSG00000243927;ENSG00000187840;ENSG00000177600;ENSG00000118705;ENSG00000233927;ENSG00000114391;ENSG00000101210;ENSG00000164163;ENSG00000213741;ENSG00000134419;ENSG00000106305;ENSG00000100129;ENSG00000119718;ENSG00000175581;ENSG00000084623;ENSG00000112249;ENSG00000165502;ENSG00000173141;ENSG00000055950;ENSG00000145191;ENSG00000136628;ENSG00000167862;ENSG00000100883;ENSG00000178952;ENSG00000137547;ENSG00000140988;ENSG00000138777;ENSG00000149806;ENSG00000266472;ENSG00000100325;ENSG00000149100;ENSG00000214026;ENSG00000175110;ENSG00000111361;ENSG00000134056;ENSG00000102738;ENSG00000147677;ENSG00000113048;ENSG00000162396;ENSG00000120333;ENSG00000037241;ENSG00000100764;ENSG00000221983;ENSG00000065427;ENSG00000130312;ENSG00000103035;ENSG00000089157"
"REACTOME","REACTOME_EUKARYOTIC_TRANSLATION_INITIATION",1.004446115774e-10,2.28812825173317e-08,0.839088935621274,0.626791918510351,2.28482704956242,118,"ENSG00000070756;ENSG00000173674;ENSG00000100353;ENSG00000130741;ENSG00000112306;ENSG00000162244;ENSG00000110700;ENSG00000100316;ENSG00000198034;ENSG00000100664;ENSG00000164587;ENSG00000109475;ENSG00000130255;ENSG00000144713;ENSG00000174748;ENSG00000198755;ENSG00000163682;ENSG00000071082;ENSG00000171858;ENSG00000161016;ENSG00000167526;ENSG00000265681;ENSG00000108298;ENSG00000145592;ENSG00000231500;ENSG00000147403;ENSG00000166441;ENSG00000142937;ENSG00000188846;ENSG00000161970;ENSG00000198918;ENSG00000186468;ENSG00000168028;ENSG00000145425;ENSG00000172809;ENSG00000182899;ENSG00000184110;ENSG00000137154;ENSG00000156482;ENSG00000104408;ENSG00000147604;ENSG00000125977;ENSG00000063046;ENSG00000118181;ENSG00000116251;ENSG00000197958;ENSG00000138326;ENSG00000149273;ENSG00000131469;ENSG00000125691;ENSG00000148303;ENSG00000105640;ENSG00000163584;ENSG00000122406;ENSG00000142676;ENSG00000197728;ENSG00000143947;ENSG00000171863;ENSG00000136942;ENSG00000177954;ENSG00000229117;ENSG00000124614;ENSG00000187840;ENSG00000177600;ENSG00000233927;ENSG00000114391;ENSG00000213741;ENSG00000134419;ENSG00000100129;ENSG00000119718;ENSG00000084623;ENSG00000165502;ENSG00000145191"
"REACTOME","REACTOME_BIOLOGICAL_OXIDATIONS",7.82961309891966e-10,1.48632155327825e-07,0.801215574617779,0.543246755597867,2.07496141892309,167,"ENSG00000171234;ENSG00000165841;ENSG00000138109;ENSG00000197448;ENSG00000130958;ENSG00000001630;ENSG00000059377;ENSG00000197888;ENSG00000172955;ENSG00000145476;ENSG00000100577;ENSG00000085871;ENSG00000160870;ENSG00000134202;ENSG00000065621;ENSG00000137124;ENSG00000143819;ENSG00000134716;ENSG00000170899;ENSG00000160868;ENSG00000197894;ENSG00000131069;ENSG00000186529;ENSG00000171428;ENSG00000114779;ENSG00000110711;ENSG00000139684;ENSG00000186104;ENSG00000186204;ENSG00000172831;ENSG00000100243;ENSG00000162813;ENSG00000110958;ENSG00000114631;ENSG00000132744;ENSG00000243989;ENSG00000169764;ENSG00000135220;ENSG00000168765;ENSG00000023909;ENSG00000036530;ENSG00000178814;ENSG00000101444;ENSG00000117448;ENSG00000084207;ENSG00000116984;ENSG00000143198;ENSG00000128965;ENSG00000116704;ENSG00000137364;ENSG00000261052;ENSG00000186205;ENSG00000137274;ENSG00000196620;ENSG00000108242;ENSG00000156096;ENSG00000172817;ENSG00000109814;ENSG00000187758;ENSG00000038274;ENSG00000148832"
"REACTOME","REACTOME_EUKARYOTIC_TRANSLATION_ELONGATION",1.10904628934372e-09,1.80457674794642e-07,0.788186810800237,0.645458732979251,2.26582158280527,92,"ENSG00000112306;ENSG00000162244;ENSG00000110700;ENSG00000100316;ENSG00000198034;ENSG00000164587;ENSG00000109475;ENSG00000130255;ENSG00000144713;ENSG00000174748;ENSG00000198755;ENSG00000163682;ENSG00000254772;ENSG00000071082;ENSG00000171858;ENSG00000161016;ENSG00000167526;ENSG00000265681;ENSG00000108298;ENSG00000145592;ENSG00000231500;ENSG00000147403;ENSG00000166441;ENSG00000156508;ENSG00000142937;ENSG00000188846;ENSG00000161970;ENSG00000198918;ENSG00000186468;ENSG00000168028;ENSG00000145425;ENSG00000172809;ENSG00000182899;ENSG00000137154;ENSG00000156482;ENSG00000147604;ENSG00000118181;ENSG00000116251;ENSG00000197958;ENSG00000138326;ENSG00000149273;ENSG00000131469;ENSG00000125691;ENSG00000148303;ENSG00000105640;ENSG00000163584;ENSG00000122406;ENSG00000167658;ENSG00000142676;ENSG00000197728;ENSG00000143947;ENSG00000171863;ENSG00000136942;ENSG00000177954;ENSG00000229117;ENSG00000124614;ENSG00000177600;ENSG00000233927;ENSG00000114391;ENSG00000101210;ENSG00000213741;ENSG00000134419"
"REACTOME","REACTOME_RESPONSE_OF_EIF2AK4_GCN2_TO_AMINO_ACID_DEFICIENCY",1.74597117968921e-09,2.48582646708251e-07,0.788186810800237,0.627035992225107,2.23253993962016,100,"ENSG00000070669;ENSG00000130741;ENSG00000112306;ENSG00000172216;ENSG00000101255;ENSG00000162244;ENSG00000110700;ENSG00000100316;ENSG00000198034;ENSG00000164587;ENSG00000109475;ENSG00000130255;ENSG00000144713;ENSG00000174748;ENSG00000198755;ENSG00000163682;ENSG00000071082;ENSG00000171858;ENSG00000161016;ENSG00000162772;ENSG00000167526;ENSG00000265681;ENSG00000108298;ENSG00000145592;ENSG00000231500;ENSG00000147403;ENSG00000166441;ENSG00000142937;ENSG00000188846;ENSG00000161970;ENSG00000198918;ENSG00000186468;ENSG00000168028;ENSG00000145425;ENSG00000172809;ENSG00000182899;ENSG00000137154;ENSG00000156482;ENSG00000147604;ENSG00000125977;ENSG00000128829;ENSG00000118181;ENSG00000116251;ENSG00000197958;ENSG00000138326;ENSG00000149273;ENSG00000131469;ENSG00000125691;ENSG00000148303;ENSG00000105640;ENSG00000163584;ENSG00000122406;ENSG00000142676;ENSG00000197728;ENSG00000143947;ENSG00000171863;ENSG00000175197;ENSG00000136942;ENSG00000177954;ENSG00000229117;ENSG00000124614;ENSG00000177600;ENSG00000233927;ENSG00000114391;ENSG00000213741;ENSG00000134419"
"REACTOME","REACTOME_CELLULAR_RESPONSE_TO_STARVATION",2.10683817777271e-09,2.50789060134321e-07,0.774939030136436,0.546673056450974,2.06311719344153,154,"ENSG00000070669;ENSG00000130741;ENSG00000116039;ENSG00000112306;ENSG00000172216;ENSG00000101255;ENSG00000128524;ENSG00000162244;ENSG00000177058;ENSG00000110700;ENSG00000100316;ENSG00000198034;ENSG00000164587;ENSG00000109475;ENSG00000130255;ENSG00000144713;ENSG00000174748;ENSG00000198755;ENSG00000163682;ENSG00000174206;ENSG00000071082;ENSG00000171858;ENSG00000161016;ENSG00000162772;ENSG00000167526;ENSG00000265681;ENSG00000108298;ENSG00000145592;ENSG00000231500;ENSG00000147403;ENSG00000166441;ENSG00000142937;ENSG00000188846;ENSG00000161970;ENSG00000198918;ENSG00000186468;ENSG00000168028;ENSG00000106615;ENSG00000145425;ENSG00000172809;ENSG00000188186;ENSG00000182899;ENSG00000137154;ENSG00000156482;ENSG00000147604;ENSG00000125977;ENSG00000128829;ENSG00000118181;ENSG00000116251;ENSG00000197958;ENSG00000138326;ENSG00000149273;ENSG00000155097;ENSG00000131469;ENSG00000125691;ENSG00000148303;ENSG00000105640;ENSG00000163584;ENSG00000122406;ENSG00000142676;ENSG00000197728;ENSG00000143947;ENSG00000171863;ENSG00000175197;ENSG00000164603;ENSG00000136942;ENSG00000114388;ENSG00000177954;ENSG00000229117;ENSG00000124614;ENSG00000177600;ENSG00000233927;ENSG00000114391;ENSG00000213741;ENSG00000134419"
"REACTOME","REACTOME_METABOLISM_OF_LIPIDS",2.20183547088956e-09,2.50789060134321e-07,0.774939030136436,0.36028516553194,1.56054159296713,700,"ENSG00000167588;ENSG00000149328;ENSG00000164120;ENSG00000186480;ENSG00000005471;ENSG00000165841;ENSG00000146151;ENSG00000138109;ENSG00000140284;ENSG00000112304;ENSG00000001630;ENSG00000101849;ENSG00000101638;ENSG00000059377;ENSG00000184227;ENSG00000198610;ENSG00000006757;ENSG00000129103;ENSG00000105355;ENSG00000083807;ENSG00000120915;ENSG00000157399;ENSG00000125629;ENSG00000169692;ENSG00000006530;ENSG00000134324;ENSG00000177628;ENSG00000106617;ENSG00000173153;ENSG00000204228;ENSG00000145321;ENSG00000235863;ENSG00000140043;ENSG00000176597;ENSG00000012174;ENSG00000172531;ENSG00000134317;ENSG00000143036;ENSG00000111271;ENSG00000105647;ENSG00000132793;ENSG00000070214;ENSG00000181513;ENSG00000164023;ENSG00000134716;ENSG00000119673;ENSG00000143554;ENSG00000160868;ENSG00000164434;ENSG00000186529;ENSG00000198814;ENSG00000165591;ENSG00000005469;ENSG00000157184;ENSG00000168306;ENSG00000163344;ENSG00000214530;ENSG00000176783;ENSG00000110697;ENSG00000152904;ENSG00000149485;ENSG00000140876;ENSG00000188089;ENSG00000023330;ENSG00000178773;ENSG00000221988;ENSG00000160752;ENSG00000142875;ENSG00000161267;ENSG00000131373;ENSG00000005187;ENSG00000101255;ENSG00000074416;ENSG00000062282;ENSG00000112972;ENSG00000064601;ENSG00000054983;ENSG00000186104;ENSG00000162407;ENSG00000085662;ENSG00000117305;ENSG00000107679;ENSG00000100596;ENSG00000184381;ENSG00000025434;ENSG00000151611;ENSG00000109452;ENSG00000163082;ENSG00000132196;ENSG00000143418;ENSG00000148677;ENSG00000174607;ENSG00000038210;ENSG00000169710;ENSG00000110958;ENSG00000162889;ENSG00000159479;ENSG00000177465;ENSG00000198754;ENSG00000106853;ENSG00000101846;ENSG00000164291;ENSG00000163624;ENSG00000143845;ENSG00000072310;ENSG00000176715;ENSG00000146085;ENSG00000198189;ENSG00000104325;ENSG00000148297;ENSG00000131791;ENSG00000133812;ENSG00000173409;ENSG00000168765;ENSG00000161920;ENSG00000167107;ENSG00000176454;ENSG00000102125;ENSG00000095321;ENSG00000051382;ENSG00000006756;ENSG00000111144;ENSG00000103502;ENSG00000067064;ENSG00000100299;ENSG00000141179;ENSG00000036530;ENSG00000135241;ENSG00000170099;ENSG00000148154;ENSG00000168389;ENSG00000068366;ENSG00000138678;ENSG00000072210;ENSG00000099377;ENSG00000145779;ENSG00000242612;ENSG00000153982;ENSG00000241878;ENSG00000135587;ENSG00000069764;ENSG00000113790;ENSG00000123353;ENSG00000142453;ENSG00000162409;ENSG00000124370;ENSG00000088766;ENSG00000130589;ENSG00000133997;ENSG00000103150;ENSG00000131748;ENSG00000149084;ENSG00000152642;ENSG00000159445;ENSG00000241973;ENSG00000119537;ENSG00000143850;ENSG00000105559;ENSG00000164687;ENSG00000087008;ENSG00000116133;ENSG00000116353;ENSG00000196455;ENSG00000124164;ENSG00000114054;ENSG00000134287;ENSG00000100288;ENSG00000128039;ENSG00000128242;ENSG00000153395;ENSG00000180957;ENSG00000143393;ENSG00000198721;ENSG00000127252;ENSG00000101473;ENSG00000100439;ENSG00000143815;ENSG00000135245;ENSG00000147155;ENSG00000117480;ENSG00000198964;ENSG00000172817;ENSG00000138018;ENSG00000143344;ENSG00000185361;ENSG00000163629;ENSG00000149809;ENSG00000118137;ENSG00000177666;ENSG00000167315;ENSG00000134255;ENSG00000075239;ENSG00000107897;ENSG00000144455;ENSG00000146233;ENSG00000152944;ENSG00000134824;ENSG00000126821;ENSG00000100294;ENSG00000130703;ENSG00000066322;ENSG00000052126;ENSG00000032444;ENSG00000188611;ENSG00000197375;ENSG00000085719;ENSG00000205808;ENSG00000052802;ENSG00000135218;ENSG00000126091;ENSG00000171100;ENSG00000148334;ENSG00000049860;ENSG00000112033;ENSG00000133835;ENSG00000103089;ENSG00000107242;ENSG00000116906;ENSG00000006025"
"REACTOME","REACTOME_PROTEIN_PROTEIN_INTERACTIONS_AT_SYNAPSES",3.82438173382579e-09,3.95997344984324e-07,0.761460801445585,-0.700784905636724,-2.11192409891733,81,"ENSG00000105426;ENSG00000103942;ENSG00000150672;ENSG00000183454;ENSG00000153707;ENSG00000165246;ENSG00000152578;ENSG00000131409;ENSG00000198739;ENSG00000140538;ENSG00000152822;ENSG00000177380;ENSG00000021645;ENSG00000128011;ENSG00000146006;ENSG00000088367;ENSG00000115109;ENSG00000161681;ENSG00000143858;ENSG00000116544;ENSG00000146938;ENSG00000176884;ENSG00000166387;ENSG00000136854;ENSG00000126243;ENSG00000034053;ENSG00000184564;ENSG00000082397;ENSG00000139220;ENSG00000156564;ENSG00000169992;ENSG00000104863;ENSG00000162951;ENSG00000169760;ENSG00000183092;ENSG00000121871;ENSG00000080845;ENSG00000132535;ENSG00000179915"
"REACTOME","REACTOME_METABOLISM_OF_AMINO_ACIDS_AND_DERIVATIVES",1.51705620753513e-08,1.43993918365209e-06,0.73376198835648,0.424304444691335,1.74183553290564,340,"ENSG00000160282;ENSG00000004864;ENSG00000070669;ENSG00000113924;ENSG00000250799;ENSG00000016391;ENSG00000162882;ENSG00000196305;ENSG00000132541;ENSG00000187742;ENSG00000100577;ENSG00000031698;ENSG00000104687;ENSG00000130707;ENSG00000108381;ENSG00000132437;ENSG00000070214;ENSG00000133706;ENSG00000100033;ENSG00000112306;ENSG00000078070;ENSG00000166986;ENSG00000116771;ENSG00000135423;ENSG00000167701;ENSG00000135069;ENSG00000172482;ENSG00000162244;ENSG00000084110;ENSG00000104044;ENSG00000091140;ENSG00000110700;ENSG00000161057;ENSG00000100316;ENSG00000172053;ENSG00000109618;ENSG00000104904;ENSG00000198034;ENSG00000135821;ENSG00000164587;ENSG00000109475;ENSG00000130255;ENSG00000144713;ENSG00000127922;ENSG00000174748;ENSG00000198755;ENSG00000119711;ENSG00000163682;ENSG00000150540;ENSG00000124523;ENSG00000071082;ENSG00000171858;ENSG00000179918;ENSG00000161016;ENSG00000167526;ENSG00000183010;ENSG00000265681;ENSG00000171759;ENSG00000108298;ENSG00000102172;ENSG00000106049;ENSG00000145592;ENSG00000100348;ENSG00000231500;ENSG00000147403;ENSG00000166441;ENSG00000142937;ENSG00000188846;ENSG00000161970;ENSG00000198918;ENSG00000186468;ENSG00000132394;ENSG00000168028;ENSG00000145425;ENSG00000132824;ENSG00000172809;ENSG00000164022;ENSG00000182899;ENSG00000137154;ENSG00000153406;ENSG00000156482;ENSG00000149089;ENSG00000147604;ENSG00000081181;ENSG00000118181;ENSG00000181019;ENSG00000116251;ENSG00000215845;ENSG00000101444;ENSG00000036473;ENSG00000129151;ENSG00000197958;ENSG00000138326;ENSG00000149273;ENSG00000131469;ENSG00000125691;ENSG00000148303;ENSG00000105640;ENSG00000141744;ENSG00000163584;ENSG00000122406;ENSG00000142676;ENSG00000197728;ENSG00000143947;ENSG00000171863;ENSG00000116984;ENSG00000115866;ENSG00000146733;ENSG00000136942;ENSG00000177954;ENSG00000229117;ENSG00000124614;ENSG00000164300;ENSG00000177600;ENSG00000132330;ENSG00000233927;ENSG00000116761;ENSG00000114391;ENSG00000213741;ENSG00000099810;ENSG00000134419;ENSG00000148832;ENSG00000106305"
"REACTOME","REACTOME_SRP_DEPENDENT_COTRANSLATIONAL_PROTEIN_TARGETING_TO_MEMBRANE",2.01721342189927e-08,1.64114720538805e-06,0.73376198835648,0.580219431270063,2.09523110908427,111,"ENSG00000112306;ENSG00000162244;ENSG00000110700;ENSG00000100316;ENSG00000114902;ENSG00000198034;ENSG00000164587;ENSG00000109475;ENSG00000130255;ENSG00000144713;ENSG00000174748;ENSG00000198755;ENSG00000163682;ENSG00000071082;ENSG00000171858;ENSG00000161016;ENSG00000167526;ENSG00000265681;ENSG00000108298;ENSG00000145592;ENSG00000231500;ENSG00000147403;ENSG00000166441;ENSG00000142937;ENSG00000188846;ENSG00000161970;ENSG00000198918;ENSG00000186468;ENSG00000168028;ENSG00000145425;ENSG00000172809;ENSG00000182899;ENSG00000137154;ENSG00000156482;ENSG00000147604;ENSG00000118181;ENSG00000116251;ENSG00000197958;ENSG00000138326;ENSG00000149273;ENSG00000131469;ENSG00000125691;ENSG00000148303;ENSG00000105640;ENSG00000163584;ENSG00000122406;ENSG00000142676;ENSG00000197728;ENSG00000143947;ENSG00000171863;ENSG00000136942;ENSG00000177954;ENSG00000229117;ENSG00000124614;ENSG00000177600;ENSG00000118705;ENSG00000233927;ENSG00000114391;ENSG00000213741;ENSG00000134419"
"REACTOME","REACTOME_SIGNALING_BY_RECEPTOR_TYROSINE_KINASES",1.89044961640569e-08,1.64114720538805e-06,0.73376198835648,-0.473630523622858,-1.69481147140609,496,"ENSG00000106070;ENSG00000129167;ENSG00000142173;ENSG00000170962;ENSG00000101680;ENSG00000254647;ENSG00000117525;ENSG00000254087;ENSG00000105426;ENSG00000115414;ENSG00000011201;ENSG00000113327;ENSG00000082175;ENSG00000049089;ENSG00000107562;ENSG00000129946;ENSG00000185737;ENSG00000188130;ENSG00000134215;ENSG00000139219;ENSG00000120217;ENSG00000138448;ENSG00000120875;ENSG00000110492;ENSG00000168143;ENSG00000167642;ENSG00000071242;ENSG00000125848;ENSG00000105568;ENSG00000105221;ENSG00000140538;ENSG00000115738;ENSG00000130203;ENSG00000126500;ENSG00000125968;ENSG00000117318;ENSG00000140443;ENSG00000172201;ENSG00000053747;ENSG00000062524;ENSG00000140479;ENSG00000268089;ENSG00000138386;ENSG00000060656;ENSG00000124181;ENSG00000145675;ENSG00000157168;ENSG00000066468;ENSG00000185070;ENSG00000117632;ENSG00000188153;ENSG00000123104;ENSG00000100320;ENSG00000160867;ENSG00000099817;ENSG00000132970;ENSG00000108821;ENSG00000105258;ENSG00000171094;ENSG00000063245;ENSG00000125740;ENSG00000011304;ENSG00000138685;ENSG00000042753;ENSG00000164692;ENSG00000196961;ENSG00000141433;ENSG00000107295;ENSG00000166888;ENSG00000115415;ENSG00000081052;ENSG00000204248;ENSG00000151490;ENSG00000167578;ENSG00000061676;ENSG00000205155;ENSG00000145431;ENSG00000185386;ENSG00000172037;ENSG00000154229;ENSG00000118257;ENSG00000044115;ENSG00000150760;ENSG00000138613;ENSG00000118515;ENSG00000113070;ENSG00000101447;ENSG00000178568;ENSG00000169375;ENSG00000122877;ENSG00000087088;ENSG00000099139;ENSG00000102606;ENSG00000105894;ENSG00000138443;ENSG00000273749;ENSG00000147416;ENSG00000112290;ENSG00000068305;ENSG00000179295;ENSG00000134853;ENSG00000169047;ENSG00000104695;ENSG00000130635;ENSG00000127837;ENSG00000127527;ENSG00000143801;ENSG00000169032;ENSG00000134962;ENSG00000163235;ENSG00000182256;ENSG00000115966;ENSG00000146648;ENSG00000171502;ENSG00000171450;ENSG00000135862;ENSG00000091831;ENSG00000154016;ENSG00000117461;ENSG00000136738;ENSG00000067900;ENSG00000132535;ENSG00000136997;ENSG00000134259;ENSG00000143622;ENSG00000176749;ENSG00000103653;ENSG00000106211;ENSG00000102978;ENSG00000150093;ENSG00000137764;ENSG00000165168;ENSG00000105053;ENSG00000100985;ENSG00000070388;ENSG00000169031;ENSG00000076641;ENSG00000118785;ENSG00000102755;ENSG00000148848;ENSG00000259207;ENSG00000055208;ENSG00000091136;ENSG00000120738;ENSG00000158815;ENSG00000196569;ENSG00000186654;ENSG00000168036;ENSG00000099783;ENSG00000123338;ENSG00000156427;ENSG00000168542;ENSG00000133703;ENSG00000151694;ENSG00000147010;ENSG00000113721;ENSG00000175866;ENSG00000109758;ENSG00000167193;ENSG00000169752;ENSG00000118260"
"REACTOME","REACTOME_EXTRACELLULAR_MATRIX_ORGANIZATION",2.64427899986198e-08,2.00788918722853e-06,0.73376198835648,-0.52557360596477,-1.81007640815774,281,"ENSG00000134569;ENSG00000142173;ENSG00000130508;ENSG00000101680;ENSG00000110811;ENSG00000196104;ENSG00000105426;ENSG00000115414;ENSG00000170624;ENSG00000077942;ENSG00000049089;ENSG00000125845;ENSG00000139219;ENSG00000138131;ENSG00000138448;ENSG00000087245;ENSG00000166147;ENSG00000168056;ENSG00000172270;ENSG00000172554;ENSG00000135074;ENSG00000053747;ENSG00000135424;ENSG00000154721;ENSG00000115884;ENSG00000092969;ENSG00000049323;ENSG00000188153;ENSG00000126247;ENSG00000119681;ENSG00000108821;ENSG00000142798;ENSG00000138685;ENSG00000107957;ENSG00000164692;ENSG00000183798;ENSG00000081052;ENSG00000105329;ENSG00000204248;ENSG00000050767;ENSG00000074527;ENSG00000149257;ENSG00000162512;ENSG00000077274;ENSG00000136943;ENSG00000172037;ENSG00000157227;ENSG00000154229;ENSG00000129038;ENSG00000117122;ENSG00000144668;ENSG00000166086;ENSG00000160963;ENSG00000169436;ENSG00000172638;ENSG00000152952;ENSG00000154734;ENSG00000134917;ENSG00000140873;ENSG00000159307;ENSG00000090530;ENSG00000014216;ENSG00000113083;ENSG00000130635;ENSG00000146197;ENSG00000168487;ENSG00000187955;ENSG00000171502;ENSG00000102385;ENSG00000188157;ENSG00000142192;ENSG00000142330;ENSG00000135862;ENSG00000101400;ENSG00000185053;ENSG00000041982;ENSG00000179915;ENSG00000150093;ENSG00000143387;ENSG00000164733;ENSG00000100985;ENSG00000166794;ENSG00000169031;ENSG00000163638;ENSG00000166033;ENSG00000118785;ENSG00000143537;ENSG00000077943;ENSG00000148848;ENSG00000259207;ENSG00000091136;ENSG00000196569;ENSG00000090006;ENSG00000117385;ENSG00000130287;ENSG00000168542;ENSG00000163710;ENSG00000151694"
"REACTOME","REACTOME_METABOLISM_OF_WATER_SOLUBLE_VITAMINS_AND_COFACTORS",2.95596093605276e-08,2.10427469135256e-06,0.73376198835648,0.581366600719382,2.11455147465683,117,"ENSG00000135318;ENSG00000076351;ENSG00000196511;ENSG00000178685;ENSG00000244005;ENSG00000117394;ENSG00000173193;ENSG00000112874;ENSG00000065621;ENSG00000136960;ENSG00000168216;ENSG00000078070;ENSG00000152782;ENSG00000259431;ENSG00000102699;ENSG00000166126;ENSG00000170482;ENSG00000169814;ENSG00000152620;ENSG00000172890;ENSG00000178700;ENSG00000151611;ENSG00000100243;ENSG00000169710;ENSG00000163738;ENSG00000139428;ENSG00000138356;ENSG00000181035;ENSG00000171723;ENSG00000136010;ENSG00000146085;ENSG00000157064;ENSG00000119688;ENSG00000108439;ENSG00000106733;ENSG00000117479;ENSG00000116984;ENSG00000103485;ENSG00000100714;ENSG00000114054;ENSG00000173614;ENSG00000068120;ENSG00000138496;ENSG00000163864"
"REACTOME","REACTOME_SIGNALING_BY_GPCR",5.14404950933289e-08,3.44651317125304e-06,0.719512826338911,-0.450872773977015,-1.62031419421614,550,"ENSG00000087460;ENSG00000213694;ENSG00000155760;ENSG00000115414;ENSG00000090924;ENSG00000184588;ENSG00000112541;ENSG00000174804;ENSG00000107562;ENSG00000139679;ENSG00000124126;ENSG00000113319;ENSG00000148123;ENSG00000126266;ENSG00000117152;ENSG00000134215;ENSG00000215644;ENSG00000164930;ENSG00000122585;ENSG00000133019;ENSG00000114251;ENSG00000128602;ENSG00000179603;ENSG00000110237;ENSG00000181104;ENSG00000071242;ENSG00000121281;ENSG00000116584;ENSG00000176533;ENSG00000105568;ENSG00000164082;ENSG00000105221;ENSG00000152822;ENSG00000116711;ENSG00000143816;ENSG00000149295;ENSG00000124493;ENSG00000116329;ENSG00000182732;ENSG00000154358;ENSG00000116014;ENSG00000173175;ENSG00000171680;ENSG00000145675;ENSG00000101180;ENSG00000117598;ENSG00000171700;ENSG00000123104;ENSG00000152495;ENSG00000171517;ENSG00000130762;ENSG00000141506;ENSG00000117600;ENSG00000136002;ENSG00000112164;ENSG00000113749;ENSG00000155897;ENSG00000111664;ENSG00000073417;ENSG00000141433;ENSG00000123901;ENSG00000183943;ENSG00000172380;ENSG00000108379;ENSG00000114346;ENSG00000155366;ENSG00000076928;ENSG00000160360;ENSG00000169836;ENSG00000147509;ENSG00000077044;ENSG00000172572;ENSG00000154229;ENSG00000154678;ENSG00000139132;ENSG00000133636;ENSG00000056291;ENSG00000082556;ENSG00000113070;ENSG00000113448;ENSG00000170776;ENSG00000146426;ENSG00000138814;ENSG00000128655;ENSG00000168398;ENSG00000236699;ENSG00000157680;ENSG00000102606;ENSG00000065675;ENSG00000205268;ENSG00000180616;ENSG00000125510;ENSG00000182481;ENSG00000171509;ENSG00000122679;ENSG00000126583;ENSG00000274588;ENSG00000101333;ENSG00000131477;ENSG00000121966;ENSG00000104695;ENSG00000147571;ENSG00000129951;ENSG00000078369;ENSG00000165801;ENSG00000080293;ENSG00000138835;ENSG00000151882;ENSG00000146648;ENSG00000091844;ENSG00000036828;ENSG00000164251;ENSG00000148908;ENSG00000183840;ENSG00000115263;ENSG00000145708;ENSG00000142192;ENSG00000197746;ENSG00000198049;ENSG00000144407;ENSG00000117461;ENSG00000067900;ENSG00000172575;ENSG00000177283;ENSG00000159788;ENSG00000076344;ENSG00000186188;ENSG00000006638;ENSG00000043591;ENSG00000168830;ENSG00000205726;ENSG00000146535;ENSG00000100077;ENSG00000141404;ENSG00000177464;ENSG00000156052;ENSG00000150093;ENSG00000163485;ENSG00000038382;ENSG00000181072;ENSG00000004660;ENSG00000182631;ENSG00000108946;ENSG00000175868;ENSG00000005249;ENSG00000127084;ENSG00000178473;ENSG00000116741;ENSG00000188064;ENSG00000169884;ENSG00000166148;ENSG00000102539;ENSG00000100485;ENSG00000123360;ENSG00000137672;ENSG00000274286;ENSG00000133703;ENSG00000124875;ENSG00000147437;ENSG00000180720;ENSG00000156049;ENSG00000111432;ENSG00000196277;ENSG00000180914;ENSG00000184451;ENSG00000118260"
"REACTOME","REACTOME_RESOLUTION_OF_SISTER_CHROMATID_COHESION",1.4353390218417e-07,9.08250636598722e-06,0.690132458796796,-0.619778559122953,-1.97613710646815,125,"ENSG00000105568;ENSG00000101367;ENSG00000167552;ENSG00000137267;ENSG00000174442;ENSG00000137285;ENSG00000163535;ENSG00000176014;ENSG00000117724;ENSG00000152253;ENSG00000121621;ENSG00000258947;ENSG00000186298;ENSG00000077380;ENSG00000166451;ENSG00000127824;ENSG00000129810;ENSG00000102384;ENSG00000138092;ENSG00000089685;ENSG00000134057;ENSG00000123810;ENSG00000156970;ENSG00000104695;ENSG00000170312;ENSG00000167842;ENSG00000142945;ENSG00000135720;ENSG00000120334;ENSG00000182628;ENSG00000164754;ENSG00000154839;ENSG00000157456;ENSG00000122952;ENSG00000167553;ENSG00000166851;ENSG00000117399;ENSG00000164109;ENSG00000040275;ENSG00000143228;ENSG00000138778;ENSG00000175216;ENSG00000149503;ENSG00000080986;ENSG00000186871;ENSG00000160551;ENSG00000002822;ENSG00000178999;ENSG00000123416;ENSG00000169679;ENSG00000146670;ENSG00000134690;ENSG00000137812;ENSG00000007168;ENSG00000145241;ENSG00000069248;ENSG00000151725;ENSG00000137713;ENSG00000179051;ENSG00000120253;ENSG00000153201;ENSG00000113575;ENSG00000117697;ENSG00000130779;ENSG00000101162;ENSG00000068796;ENSG00000173213;ENSG00000100162;ENSG00000112640;ENSG00000088986;ENSG00000104833;ENSG00000074054;ENSG00000072501;ENSG00000166579;ENSG00000188229;ENSG00000183785;ENSG00000115163;ENSG00000147099;ENSG00000072864;ENSG00000123219"
"REACTOME","REACTOME_NERVOUS_SYSTEM_DEVELOPMENT",2.69304761570365e-07,1.61441117594024e-05,0.674962860011025,-0.444740366041425,-1.59766207922994,540,"ENSG00000106070;ENSG00000142173;ENSG00000101680;ENSG00000173406;ENSG00000125753;ENSG00000116106;ENSG00000153253;ENSG00000184156;ENSG00000254087;ENSG00000206052;ENSG00000049089;ENSG00000107562;ENSG00000112902;ENSG00000184613;ENSG00000146013;ENSG00000075043;ENSG00000107731;ENSG00000125266;ENSG00000160460;ENSG00000185008;ENSG00000135333;ENSG00000134215;ENSG00000139219;ENSG00000138448;ENSG00000087245;ENSG00000108947;ENSG00000187122;ENSG00000113532;ENSG00000006283;ENSG00000013275;ENSG00000160007;ENSG00000071242;ENSG00000099341;ENSG00000177103;ENSG00000221866;ENSG00000145147;ENSG00000125848;ENSG00000182580;ENSG00000145242;ENSG00000075213;ENSG00000138386;ENSG00000124181;ENSG00000164199;ENSG00000145675;ENSG00000167552;ENSG00000151640;ENSG00000188153;ENSG00000189369;ENSG00000170017;ENSG00000137267;ENSG00000157851;ENSG00000145284;ENSG00000006607;ENSG00000133216;ENSG00000099204;ENSG00000130669;ENSG00000063660;ENSG00000115268;ENSG00000092421;ENSG00000070371;ENSG00000189056;ENSG00000016082;ENSG00000196557;ENSG00000137285;ENSG00000176014;ENSG00000105357;ENSG00000172020;ENSG00000133107;ENSG00000163531;ENSG00000042753;ENSG00000044524;ENSG00000196961;ENSG00000107295;ENSG00000155366;ENSG00000176884;ENSG00000081052;ENSG00000185088;ENSG00000135097;ENSG00000154380;ENSG00000074527;ENSG00000182389;ENSG00000142534;ENSG00000105193;ENSG00000184486;ENSG00000187079;ENSG00000258947;ENSG00000205155;ENSG00000154229;ENSG00000118257;ENSG00000150760;ENSG00000127824;ENSG00000144668;ENSG00000105711;ENSG00000041357;ENSG00000138613;ENSG00000072832;ENSG00000083845;ENSG00000182175;ENSG00000151892;ENSG00000272398;ENSG00000122877;ENSG00000134121;ENSG00000102606;ENSG00000065675;ENSG00000137710;ENSG00000163466;ENSG00000065320;ENSG00000179295;ENSG00000105372;ENSG00000090889;ENSG00000121966;ENSG00000100346;ENSG00000130635;ENSG00000143355;ENSG00000106689;ENSG00000173692;ENSG00000142541;ENSG00000143801;ENSG00000187323;ENSG00000169032;ENSG00000108107;ENSG00000070886;ENSG00000097007;ENSG00000146648;ENSG00000091129;ENSG00000102385;ENSG00000188157;ENSG00000135862;ENSG00000169562;ENSG00000137843;ENSG00000182168;ENSG00000117461;ENSG00000067900;ENSG00000018236;ENSG00000132535;ENSG00000167553;ENSG00000176749;ENSG00000205726;ENSG00000169855;ENSG00000150093;ENSG00000196935;ENSG00000172602;ENSG00000182541;ENSG00000038382;ENSG00000137575;ENSG00000100985;ENSG00000169031;ENSG00000106683;ENSG00000171587;ENSG00000137872;ENSG00000179841;ENSG00000259207;ENSG00000091136;ENSG00000144935;ENSG00000107187;ENSG00000196569"
"REACTOME","REACTOME_SIGNALING_BY_RHO_GTPASES_MIRO_GTPASES_AND_RHOBTB3",3.27780161874567e-07,1.86670802187566e-05,0.674962860011025,-0.42917819733874,-1.55681636846059,691,"ENSG00000131016;ENSG00000131941;ENSG00000090924;ENSG00000157827;ENSG00000124126;ENSG00000147459;ENSG00000113319;ENSG00000134215;ENSG00000139641;ENSG00000047648;ENSG00000160007;ENSG00000168143;ENSG00000135090;ENSG00000110237;ENSG00000166398;ENSG00000116584;ENSG00000105568;ENSG00000187239;ENSG00000173517;ENSG00000198901;ENSG00000136026;ENSG00000115107;ENSG00000108830;ENSG00000092531;ENSG00000154358;ENSG00000031081;ENSG00000128656;ENSG00000196924;ENSG00000164292;ENSG00000113758;ENSG00000147251;ENSG00000171680;ENSG00000145675;ENSG00000101367;ENSG00000167552;ENSG00000076706;ENSG00000176788;ENSG00000137267;ENSG00000174442;ENSG00000115963;ENSG00000130762;ENSG00000132970;ENSG00000108561;ENSG00000006607;ENSG00000162738;ENSG00000130669;ENSG00000136002;ENSG00000132475;ENSG00000198826;ENSG00000151208;ENSG00000137285;ENSG00000163535;ENSG00000036257;ENSG00000101384;ENSG00000176014;ENSG00000105357;ENSG00000196586;ENSG00000107957;ENSG00000120278;ENSG00000161791;ENSG00000117724;ENSG00000152253;ENSG00000128512;ENSG00000114346;ENSG00000155366;ENSG00000076928;ENSG00000156232;ENSG00000115993;ENSG00000143337;ENSG00000121621;ENSG00000158402;ENSG00000061676;ENSG00000122126;ENSG00000258947;ENSG00000066933;ENSG00000186298;ENSG00000152767;ENSG00000185386;ENSG00000105173;ENSG00000077380;ENSG00000166451;ENSG00000154229;ENSG00000044115;ENSG00000139211;ENSG00000150760;ENSG00000127824;ENSG00000167460;ENSG00000139132;ENSG00000088387;ENSG00000182504;ENSG00000138639;ENSG00000129810;ENSG00000177469;ENSG00000161800;ENSG00000144283;ENSG00000102384;ENSG00000073712;ENSG00000170776;ENSG00000138092;ENSG00000089685;ENSG00000146426;ENSG00000122966;ENSG00000165895;ENSG00000123810;ENSG00000145703;ENSG00000118193;ENSG00000173611;ENSG00000102606;ENSG00000138443;ENSG00000075391;ENSG00000090615;ENSG00000156970;ENSG00000104863;ENSG00000241484;ENSG00000273749;ENSG00000163466;ENSG00000112290;ENSG00000139734;ENSG00000104695;ENSG00000147274;ENSG00000275832;ENSG00000167842;ENSG00000142945;ENSG00000135720;ENSG00000120334;ENSG00000165801;ENSG00000182628;ENSG00000121871;ENSG00000136527;ENSG00000097007;ENSG00000154839;ENSG00000160410;ENSG00000124486;ENSG00000113368;ENSG00000170027;ENSG00000188486;ENSG00000135905;ENSG00000126214;ENSG00000137269;ENSG00000137843;ENSG00000129219;ENSG00000120802;ENSG00000117461;ENSG00000136738;ENSG00000067900;ENSG00000139436;ENSG00000132535;ENSG00000122952;ENSG00000167641;ENSG00000213977;ENSG00000154447;ENSG00000167617;ENSG00000167553;ENSG00000166851;ENSG00000134909;ENSG00000103653;ENSG00000205726;ENSG00000117399;ENSG00000164109;ENSG00000150093;ENSG00000196935;ENSG00000165168;ENSG00000169750;ENSG00000123329;ENSG00000176915;ENSG00000082269;ENSG00000172602;ENSG00000158985;ENSG00000182541;ENSG00000119729;ENSG00000038382;ENSG00000004777;ENSG00000040275;ENSG00000140575;ENSG00000197061;ENSG00000092199;ENSG00000143228;ENSG00000106683;ENSG00000138778;ENSG00000133818;ENSG00000213390;ENSG00000175216;ENSG00000149503;ENSG00000035499;ENSG00000080986;ENSG00000153404;ENSG00000127084;ENSG00000186871;ENSG00000168036;ENSG00000142627;ENSG00000169851;ENSG00000100485;ENSG00000160551;ENSG00000123338;ENSG00000146247;ENSG00000119139;ENSG00000186716;ENSG00000002822;ENSG00000178999;ENSG00000011426;ENSG00000173218;ENSG00000146729;ENSG00000185722;ENSG00000115355;ENSG00000122257;ENSG00000134308;ENSG00000085733;ENSG00000123416;ENSG00000169379;ENSG00000175866;ENSG00000140750;ENSG00000120318;ENSG00000169679;ENSG00000028116;ENSG00000197694;ENSG00000182866;ENSG00000163041;ENSG00000196155;ENSG00000134690;ENSG00000105968;ENSG00000092841;ENSG00000133226;ENSG00000071205;ENSG00000137812;ENSG00000007168;ENSG00000106636;ENSG00000170759;ENSG00000141367;ENSG00000204178;ENSG00000180448;ENSG00000077549;ENSG00000046604;ENSG00000163219;ENSG00000134086;ENSG00000128298;ENSG00000145241;ENSG00000069248;ENSG00000138640;ENSG00000198563;ENSG00000151725;ENSG00000160293;ENSG00000065526;ENSG00000097096;ENSG00000137713;ENSG00000179051;ENSG00000072422;ENSG00000047932;ENSG00000143322;ENSG00000112079;ENSG00000047365;ENSG00000120253;ENSG00000158062;ENSG00000153201;ENSG00000102401;ENSG00000115935;ENSG00000186575;ENSG00000099331;ENSG00000165300;ENSG00000166225;ENSG00000196890;ENSG00000128805;ENSG00000127445;ENSG00000134313;ENSG00000113575;ENSG00000117697;ENSG00000130779;ENSG00000174106;ENSG00000161202;ENSG00000101162;ENSG00000114554;ENSG00000275713;ENSG00000006740;ENSG00000186635;ENSG00000154783"
"REACTOME","REACTOME_TRANSMISSION_ACROSS_CHEMICAL_SYNAPSES",4.82409915079235e-07,2.6164994917869e-05,0.659444398037935,-0.523725712401838,-1.78422556789138,240,"ENSG00000101438;ENSG00000198785;ENSG00000113327;ENSG00000150672;ENSG00000183454;ENSG00000080644;ENSG00000163873;ENSG00000077522;ENSG00000152578;ENSG00000058335;ENSG00000113319;ENSG00000111371;ENSG00000071242;ENSG00000121281;ENSG00000176533;ENSG00000112294;ENSG00000177380;ENSG00000165646;ENSG00000117971;ENSG00000088367;ENSG00000268089;ENSG00000104490;ENSG00000173175;ENSG00000157168;ENSG00000167552;ENSG00000152495;ENSG00000137267;ENSG00000168135;ENSG00000137285;ENSG00000176014;ENSG00000155897;ENSG00000196586;ENSG00000111664;ENSG00000042753;ENSG00000196961;ENSG00000111275;ENSG00000183943;ENSG00000115419;ENSG00000172380;ENSG00000138435;ENSG00000176884;ENSG00000136854;ENSG00000182389;ENSG00000258947;ENSG00000101204;ENSG00000154229;ENSG00000127824;ENSG00000277586;ENSG00000139220;ENSG00000178568;ENSG00000175344;ENSG00000102606;ENSG00000104863;ENSG00000156642;ENSG00000182481;ENSG00000126583;ENSG00000104888;ENSG00000078369;ENSG00000120251;ENSG00000182256;ENSG00000169684;ENSG00000164418;ENSG00000168993;ENSG00000175175;ENSG00000132535;ENSG00000167553;ENSG00000141404;ENSG00000141837;ENSG00000004660;ENSG00000183185;ENSG00000157445;ENSG00000108946;ENSG00000005249"
"REACTOME","REACTOME_RHO_GTPASES_ACTIVATE_FORMINS",5.69436930146809e-07,2.94813028835098e-05,0.659444398037935,-0.585803329631354,-1.88645663110952,138,"ENSG00000157827;ENSG00000105568;ENSG00000101367;ENSG00000167552;ENSG00000137267;ENSG00000174442;ENSG00000137285;ENSG00000163535;ENSG00000176014;ENSG00000161791;ENSG00000117724;ENSG00000152253;ENSG00000155366;ENSG00000121621;ENSG00000258947;ENSG00000186298;ENSG00000077380;ENSG00000166451;ENSG00000127824;ENSG00000129810;ENSG00000102384;ENSG00000138092;ENSG00000089685;ENSG00000123810;ENSG00000173611;ENSG00000156970;ENSG00000139734;ENSG00000104695;ENSG00000167842;ENSG00000142945;ENSG00000135720;ENSG00000120334;ENSG00000182628;ENSG00000154839;ENSG00000122952;ENSG00000167553;ENSG00000166851;ENSG00000117399;ENSG00000164109;ENSG00000150093;ENSG00000040275;ENSG00000143228;ENSG00000138778;ENSG00000175216;ENSG00000149503;ENSG00000080986;ENSG00000186871;ENSG00000160551;ENSG00000002822;ENSG00000178999;ENSG00000123416;ENSG00000169679;ENSG00000134690;ENSG00000137812;ENSG00000007168;ENSG00000145241;ENSG00000069248;ENSG00000151725;ENSG00000137713;ENSG00000179051;ENSG00000120253;ENSG00000153201;ENSG00000113575;ENSG00000117697;ENSG00000130779;ENSG00000161202;ENSG00000101162;ENSG00000068796;ENSG00000173213;ENSG00000100162;ENSG00000112640;ENSG00000088986;ENSG00000104833;ENSG00000074054;ENSG00000166579;ENSG00000188229;ENSG00000183785;ENSG00000115163;ENSG00000072864;ENSG00000123219;ENSG00000030066;ENSG00000266028"
"REACTOME","REACTOME_NONSENSE_MEDIATED_DECAY_NMD",1.28774391092683e-06,6.37713180237245e-05,0.643551836150722,0.534178526137165,1.93666867672969,114,"ENSG00000070756;ENSG00000112306;ENSG00000162244;ENSG00000110700;ENSG00000100316;ENSG00000198034;ENSG00000164587;ENSG00000109475;ENSG00000130255;ENSG00000144713;ENSG00000174748;ENSG00000198755;ENSG00000163682;ENSG00000071082;ENSG00000171858;ENSG00000161016;ENSG00000167526;ENSG00000265681;ENSG00000108298;ENSG00000145592;ENSG00000231500;ENSG00000147403;ENSG00000166441;ENSG00000142937;ENSG00000188846;ENSG00000161970;ENSG00000198918;ENSG00000186468;ENSG00000168028;ENSG00000145425;ENSG00000172809;ENSG00000182899;ENSG00000137154;ENSG00000156482;ENSG00000147604;ENSG00000221914;ENSG00000118181;ENSG00000116251;ENSG00000197958;ENSG00000138326;ENSG00000149273;ENSG00000131469;ENSG00000125691;ENSG00000148303;ENSG00000105640;ENSG00000163584;ENSG00000122406;ENSG00000142676;ENSG00000197728;ENSG00000143947;ENSG00000171863;ENSG00000136942;ENSG00000177954;ENSG00000229117;ENSG00000124614;ENSG00000177600;ENSG00000233927;ENSG00000114391;ENSG00000213741;ENSG00000134419"
"REACTOME","REACTOME_ECM_PROTEOGLYCANS",1.83726619751064e-06,8.71935916235257e-05,0.643551836150722,-0.662921003796954,-1.95988058454101,71,"ENSG00000134569;ENSG00000142173;ENSG00000101680;ENSG00000105426;ENSG00000115414;ENSG00000049089;ENSG00000139219;ENSG00000138448;ENSG00000053747;ENSG00000135424;ENSG00000092969;ENSG00000188153;ENSG00000108821;ENSG00000142798;ENSG00000164692;ENSG00000081052;ENSG00000105329;ENSG00000172037;ENSG00000144668;ENSG00000130635;ENSG00000188157;ENSG00000142192;ENSG00000135862;ENSG00000041982;ENSG00000150093;ENSG00000169031;ENSG00000077943;ENSG00000259207;ENSG00000091136;ENSG00000196569;ENSG00000130287;ENSG00000168542"
"REACTOME","REACTOME_MITOTIC_METAPHASE_AND_ANAPHASE",2.52740031397941e-06,0.000115148358304902,0.627256739718528,-0.524431769124837,-1.77181744008364,221,"ENSG00000108106;ENSG00000213024;ENSG00000013275;ENSG00000099341;ENSG00000105568;ENSG00000101367;ENSG00000167552;ENSG00000137267;ENSG00000174442;ENSG00000137285;ENSG00000163535;ENSG00000176014;ENSG00000163002;ENSG00000117724;ENSG00000152253;ENSG00000068903;ENSG00000121621;ENSG00000072401;ENSG00000258947;ENSG00000186298;ENSG00000077380;ENSG00000166451;ENSG00000116030;ENSG00000127824;ENSG00000041357;ENSG00000129810;ENSG00000102384;ENSG00000138092;ENSG00000089685;ENSG00000134057;ENSG00000123810;ENSG00000156970;ENSG00000196510;ENSG00000175063;ENSG00000170142;ENSG00000104695;ENSG00000170312;ENSG00000167842;ENSG00000142945;ENSG00000173692;ENSG00000135720;ENSG00000120334;ENSG00000182628;ENSG00000164754;ENSG00000154839;ENSG00000130724;ENSG00000157456;ENSG00000113368;ENSG00000120802;ENSG00000154222;ENSG00000122952;ENSG00000164611;ENSG00000139496;ENSG00000167553;ENSG00000166851;ENSG00000117399;ENSG00000164109;ENSG00000176915;ENSG00000040275;ENSG00000143228;ENSG00000138778;ENSG00000175216;ENSG00000149503;ENSG00000080986;ENSG00000112029;ENSG00000108424;ENSG00000186871;ENSG00000083312;ENSG00000160551;ENSG00000002822;ENSG00000178999;ENSG00000123416;ENSG00000102900;ENSG00000169679;ENSG00000146670;ENSG00000028116;ENSG00000100749;ENSG00000134690;ENSG00000137812;ENSG00000007168;ENSG00000021574;ENSG00000145241;ENSG00000069248;ENSG00000103275;ENSG00000151725;ENSG00000137713;ENSG00000179051;ENSG00000120253;ENSG00000153201;ENSG00000058804;ENSG00000113575;ENSG00000117697;ENSG00000130779;ENSG00000174106;ENSG00000101162;ENSG00000068796;ENSG00000173213;ENSG00000100162;ENSG00000112640;ENSG00000088986;ENSG00000100804;ENSG00000175166;ENSG00000104833;ENSG00000074054;ENSG00000072501;ENSG00000166579;ENSG00000188229;ENSG00000108671;ENSG00000183785;ENSG00000115163;ENSG00000147099;ENSG00000072864"
"REACTOME","REACTOME_NEUROTRANSMITTER_RECEPTORS_AND_POSTSYNAPTIC_SIGNAL_TRANSMISSION",2.63995771260135e-06,0.000115650455178959,0.627256739718528,-0.538646746511727,-1.78513052874282,180,"ENSG00000198785;ENSG00000113327;ENSG00000150672;ENSG00000183454;ENSG00000080644;ENSG00000163873;ENSG00000077522;ENSG00000152578;ENSG00000058335;ENSG00000113319;ENSG00000071242;ENSG00000121281;ENSG00000176533;ENSG00000117971;ENSG00000088367;ENSG00000268089;ENSG00000104490;ENSG00000173175;ENSG00000157168;ENSG00000167552;ENSG00000152495;ENSG00000137267;ENSG00000168135;ENSG00000137285;ENSG00000176014;ENSG00000155897;ENSG00000196586;ENSG00000111664;ENSG00000042753;ENSG00000196961;ENSG00000183943;ENSG00000172380;ENSG00000138435;ENSG00000176884;ENSG00000258947;ENSG00000101204;ENSG00000154229;ENSG00000127824;ENSG00000277586;ENSG00000178568;ENSG00000175344;ENSG00000102606;ENSG00000104863;ENSG00000156642;ENSG00000182481;ENSG00000126583;ENSG00000078369;ENSG00000120251;ENSG00000182256;ENSG00000169684;ENSG00000164418;ENSG00000175175;ENSG00000132535;ENSG00000167553;ENSG00000141404;ENSG00000004660;ENSG00000183185;ENSG00000108946;ENSG00000005249;ENSG00000179841"
"REACTOME","REACTOME_RIBOSOME_ASSOCIATED_QUALITY_CONTROL",2.79095908886758e-06,0.000117737126008155,0.627256739718528,0.494475206612111,1.84758928388982,143,"ENSG00000112306;ENSG00000162244;ENSG00000110700;ENSG00000161057;ENSG00000100316;ENSG00000198034;ENSG00000164587;ENSG00000109475;ENSG00000130255;ENSG00000144713;ENSG00000127922;ENSG00000174748;ENSG00000198755;ENSG00000163682;ENSG00000071082;ENSG00000171858;ENSG00000161016;ENSG00000167526;ENSG00000265681;ENSG00000108298;ENSG00000145592;ENSG00000231500;ENSG00000147403;ENSG00000166441;ENSG00000142937;ENSG00000188846;ENSG00000161970;ENSG00000198918;ENSG00000186468;ENSG00000168028;ENSG00000145425;ENSG00000172809;ENSG00000182899;ENSG00000137154;ENSG00000156482;ENSG00000147604;ENSG00000118181;ENSG00000116251;ENSG00000197958;ENSG00000138326;ENSG00000149273;ENSG00000131469;ENSG00000125691;ENSG00000128607;ENSG00000148303;ENSG00000105640;ENSG00000163584;ENSG00000122406;ENSG00000142676;ENSG00000197728;ENSG00000143947;ENSG00000171863;ENSG00000136942;ENSG00000177954;ENSG00000229117;ENSG00000124614;ENSG00000177600;ENSG00000233927;ENSG00000114391;ENSG00000164163;ENSG00000213741;ENSG00000134419"
"REACTOME","REACTOME_METABOLISM_OF_VITAMINS_AND_COFACTORS",3.88768018061483e-06,0.000158145275918582,0.610526878385931,0.460546749136167,1.77684798296675,182,"ENSG00000135318;ENSG00000163050;ENSG00000076351;ENSG00000196511;ENSG00000198610;ENSG00000178685;ENSG00000197324;ENSG00000244005;ENSG00000137880;ENSG00000117394;ENSG00000173193;ENSG00000112874;ENSG00000065621;ENSG00000136960;ENSG00000168216;ENSG00000078070;ENSG00000152782;ENSG00000138669;ENSG00000259431;ENSG00000102699;ENSG00000166126;ENSG00000170482;ENSG00000072042;ENSG00000169814;ENSG00000042445;ENSG00000152620;ENSG00000110245;ENSG00000118271;ENSG00000172890;ENSG00000116096;ENSG00000178700;ENSG00000151611;ENSG00000100243;ENSG00000169710;ENSG00000163738;ENSG00000139428;ENSG00000138356;ENSG00000181035;ENSG00000171723;ENSG00000136010;ENSG00000110244;ENSG00000198668;ENSG00000146085;ENSG00000167113;ENSG00000157064;ENSG00000119688;ENSG00000108439;ENSG00000106733;ENSG00000117479;ENSG00000204444;ENSG00000135697;ENSG00000186603;ENSG00000084674;ENSG00000116984;ENSG00000103485;ENSG00000100714;ENSG00000119723;ENSG00000114054;ENSG00000173614;ENSG00000068120;ENSG00000138496;ENSG00000163864;ENSG00000118137;ENSG00000080824;ENSG00000125454;ENSG00000167186;ENSG00000132423;ENSG00000177000;ENSG00000142208;ENSG00000123384;ENSG00000182199;ENSG00000197594;ENSG00000167775;ENSG00000167397"
"REACTOME","REACTOME_PROTEIN_LOCALIZATION",6.23388256627707e-06,0.000244841111827227,0.610526878385931,0.462886422593389,1.76151668063721,164,"ENSG00000004864;ENSG00000140284;ENSG00000197448;ENSG00000105819;ENSG00000120915;ENSG00000214253;ENSG00000127980;ENSG00000119673;ENSG00000005469;ENSG00000168306;ENSG00000140876;ENSG00000108733;ENSG00000131373;ENSG00000172482;ENSG00000163528;ENSG00000124587;ENSG00000131779;ENSG00000117305;ENSG00000106554;ENSG00000196683;ENSG00000156521;ENSG00000157326;ENSG00000115204;ENSG00000177465;ENSG00000205981;ENSG00000101417;ENSG00000170791;ENSG00000157911;ENSG00000112357;ENSG00000102125;ENSG00000168275;ENSG00000095321;ENSG00000181924;ENSG00000169100;ENSG00000182712;ENSG00000036473;ENSG00000072210;ENSG00000242612;ENSG00000126768;ENSG00000100575;ENSG00000164615;ENSG00000143947;ENSG00000113790;ENSG00000121691;ENSG00000103150;ENSG00000087008;ENSG00000102178;ENSG00000214736;ENSG00000198721;ENSG00000106089;ENSG00000139197;ENSG00000101473;ENSG00000240230;ENSG00000148832;ENSG00000138495;ENSG00000107897;ENSG00000034693;ENSG00000159199;ENSG00000100209;ENSG00000173171;ENSG00000164751;ENSG00000133835;ENSG00000116906;ENSG00000175768;ENSG00000125611;ENSG00000116171;ENSG00000101323;ENSG00000067829;ENSG00000215193;ENSG00000166347;ENSG00000121680;ENSG00000221983;ENSG00000179761;ENSG00000142655;ENSG00000198356;ENSG00000154174;ENSG00000150779;ENSG00000151729;ENSG00000100412;ENSG00000099800"
"REACTOME","REACTOME_NEUREXINS_AND_NEUROLIGINS",6.86917231329404e-06,0.000260799575494731,0.610526878385931,-0.700153838426807,-1.98372655172809,54,"ENSG00000103942;ENSG00000150672;ENSG00000183454;ENSG00000165246;ENSG00000198739;ENSG00000152822;ENSG00000021645;ENSG00000146006;ENSG00000088367;ENSG00000115109;ENSG00000161681;ENSG00000143858;ENSG00000116544;ENSG00000146938;ENSG00000176884;ENSG00000136854;ENSG00000034053;ENSG00000082397;ENSG00000169992;ENSG00000104863;ENSG00000162951;ENSG00000169760;ENSG00000183092;ENSG00000080845;ENSG00000132535;ENSG00000179915"
"REACTOME","REACTOME_SEPARATION_OF_SISTER_CHROMATIDS",1.01977109648633e-05,0.000374683638354169,0.593325476396405,-0.52854386724954,-1.74757249612425,176,"ENSG00000108106;ENSG00000013275;ENSG00000099341;ENSG00000105568;ENSG00000101367;ENSG00000167552;ENSG00000137267;ENSG00000174442;ENSG00000137285;ENSG00000163535;ENSG00000176014;ENSG00000117724;ENSG00000152253;ENSG00000121621;ENSG00000072401;ENSG00000258947;ENSG00000186298;ENSG00000077380;ENSG00000166451;ENSG00000127824;ENSG00000041357;ENSG00000129810;ENSG00000102384;ENSG00000138092;ENSG00000089685;ENSG00000123810;ENSG00000156970;ENSG00000196510;ENSG00000175063;ENSG00000170142;ENSG00000104695;ENSG00000167842;ENSG00000142945;ENSG00000173692;ENSG00000135720;ENSG00000120334;ENSG00000182628;ENSG00000164754;ENSG00000154839;ENSG00000122952;ENSG00000164611;ENSG00000167553;ENSG00000166851;ENSG00000117399;ENSG00000164109;ENSG00000040275;ENSG00000143228;ENSG00000138778;ENSG00000175216;ENSG00000149503;ENSG00000080986;ENSG00000186871;ENSG00000160551;ENSG00000002822;ENSG00000178999;ENSG00000123416;ENSG00000169679;ENSG00000146670;ENSG00000134690;ENSG00000137812;ENSG00000007168;ENSG00000145241;ENSG00000069248;ENSG00000151725;ENSG00000137713;ENSG00000179051;ENSG00000120253;ENSG00000153201;ENSG00000113575;ENSG00000117697;ENSG00000130779;ENSG00000101162;ENSG00000068796;ENSG00000173213;ENSG00000100162;ENSG00000112640;ENSG00000088986;ENSG00000100804;ENSG00000175166;ENSG00000104833;ENSG00000074054;ENSG00000072501;ENSG00000166579;ENSG00000188229;ENSG00000108671;ENSG00000183785;ENSG00000115163;ENSG00000147099;ENSG00000072864;ENSG00000123219"
"REACTOME","REACTOME_SUMOYLATION",1.20099453631976e-05,0.000416504919245573,0.593325476396405,-0.522965133352875,-1.73777909372551,183,"ENSG00000119042;ENSG00000256683;ENSG00000082175;ENSG00000126261;ENSG00000142230;ENSG00000197299;ENSG00000213024;ENSG00000008196;ENSG00000130726;ENSG00000061273;ENSG00000033800;ENSG00000088305;ENSG00000069667;ENSG00000131408;ENSG00000163002;ENSG00000119772;ENSG00000170004;ENSG00000151623;ENSG00000172845;ENSG00000116030;ENSG00000196498;ENSG00000089685;ENSG00000131747;ENSG00000169375;ENSG00000173894;ENSG00000111424;ENSG00000139372;ENSG00000111752;ENSG00000140464;ENSG00000141510;ENSG00000164754;ENSG00000143799;ENSG00000087586;ENSG00000132182;ENSG00000091831;ENSG00000131788;ENSG00000180530;ENSG00000151090;ENSG00000187098;ENSG00000139496;ENSG00000094916;ENSG00000068024;ENSG00000197061;ENSG00000092199;ENSG00000141570;ENSG00000149503;ENSG00000077097;ENSG00000165119;ENSG00000255150;ENSG00000178999;ENSG00000067369;ENSG00000102900;ENSG00000134686;ENSG00000055044;ENSG00000134690;ENSG00000204209;ENSG00000147400;ENSG00000134086;ENSG00000069248;ENSG00000103275;ENSG00000128731;ENSG00000198900;ENSG00000120253;ENSG00000153201;ENSG00000108654;ENSG00000132383;ENSG00000005339;ENSG00000012048;ENSG00000113580;ENSG00000058804;ENSG00000188612"
"REACTOME","REACTOME_RRNA_PROCESSING",1.20673067033397e-05,0.000416504919245573,0.593325476396405,0.428030213595005,1.67354498333473,210,"ENSG00000112306;ENSG00000162244;ENSG00000110700;ENSG00000100316;ENSG00000119616;ENSG00000198034;ENSG00000164587;ENSG00000109475;ENSG00000130255;ENSG00000156990;ENSG00000144713;ENSG00000174748;ENSG00000198755;ENSG00000163682;ENSG00000071082;ENSG00000171858;ENSG00000161016;ENSG00000167526;ENSG00000265681;ENSG00000108298;ENSG00000145592;ENSG00000231500;ENSG00000147403;ENSG00000166441;ENSG00000142937;ENSG00000188846;ENSG00000161970;ENSG00000198918;ENSG00000186468;ENSG00000168028;ENSG00000145425;ENSG00000120158;ENSG00000278619;ENSG00000172809;ENSG00000141101;ENSG00000182899;ENSG00000137154;ENSG00000156482;ENSG00000147604;ENSG00000126749;ENSG00000106344;ENSG00000118181;ENSG00000116251;ENSG00000197958;ENSG00000138326;ENSG00000149273;ENSG00000131469;ENSG00000125691;ENSG00000124787;ENSG00000148303;ENSG00000105640;ENSG00000105671;ENSG00000163584;ENSG00000122406;ENSG00000142676;ENSG00000197728;ENSG00000143947;ENSG00000171863;ENSG00000136942;ENSG00000135372;ENSG00000177954;ENSG00000152464;ENSG00000229117;ENSG00000124614;ENSG00000164934;ENSG00000087269;ENSG00000177600;ENSG00000233927;ENSG00000114391;ENSG00000213741;ENSG00000108592;ENSG00000134419;ENSG00000241370;ENSG00000117395;ENSG00000117481;ENSG00000165502;ENSG00000197223;ENSG00000140988;ENSG00000149806;ENSG00000100890;ENSG00000134987;ENSG00000058729;ENSG00000065183;ENSG00000145912;ENSG00000037241;ENSG00000117597;ENSG00000221983;ENSG00000183751;ENSG00000089157;ENSG00000143319;ENSG00000100029;ENSG00000165271;ENSG00000007520;ENSG00000156697;ENSG00000213782;ENSG00000122026;ENSG00000029639;ENSG00000001497;ENSG00000071462;ENSG00000141456;ENSG00000241945;ENSG00000227057"
"REACTOME","REACTOME_INFLUENZA_VIRAL_RNA_TRANSCRIPTION_AND_REPLICATION",1.2916528377889e-05,0.000432703700659281,0.593325476396405,0.479103649476523,1.78063387593054,135,"ENSG00000112306;ENSG00000162244;ENSG00000005075;ENSG00000110700;ENSG00000100316;ENSG00000198034;ENSG00000164587;ENSG00000109475;ENSG00000130255;ENSG00000144713;ENSG00000174748;ENSG00000198755;ENSG00000163682;ENSG00000155561;ENSG00000071082;ENSG00000171858;ENSG00000161016;ENSG00000167526;ENSG00000265681;ENSG00000108298;ENSG00000145592;ENSG00000231500;ENSG00000147403;ENSG00000166441;ENSG00000142937;ENSG00000188846;ENSG00000161970;ENSG00000198918;ENSG00000186468;ENSG00000168028;ENSG00000145425;ENSG00000172809;ENSG00000182899;ENSG00000137154;ENSG00000156482;ENSG00000147604;ENSG00000118181;ENSG00000116251;ENSG00000197958;ENSG00000138326;ENSG00000149273;ENSG00000131469;ENSG00000125691;ENSG00000148303;ENSG00000105640;ENSG00000163584;ENSG00000122406;ENSG00000142676;ENSG00000197728;ENSG00000143947;ENSG00000171863;ENSG00000136942;ENSG00000177954;ENSG00000229117;ENSG00000124614;ENSG00000177600;ENSG00000233927;ENSG00000114391;ENSG00000213741;ENSG00000138750;ENSG00000134419;ENSG00000163882;ENSG00000080824;ENSG00000075188;ENSG00000165502"
"REACTOME","REACTOME_SIGNALING_BY_TGFB_FAMILY_MEMBERS",1.64182834419484e-05,0.000534297852582262,0.575610261071129,-0.537145648702419,-1.74946198870814,152,"ENSG00000163083;ENSG00000071564;ENSG00000163430;ENSG00000177426;ENSG00000137834;ENSG00000125845;ENSG00000138448;ENSG00000101938;ENSG00000170365;ENSG00000166147;ENSG00000168056;ENSG00000204217;ENSG00000120693;ENSG00000136603;ENSG00000092969;ENSG00000049323;ENSG00000119681;ENSG00000130725;ENSG00000138685;ENSG00000164692;ENSG00000157077;ENSG00000157933;ENSG00000196628;ENSG00000115415;ENSG00000105329;ENSG00000118707;ENSG00000072401;ENSG00000205155;ENSG00000186298;ENSG00000095739;ENSG00000157227;ENSG00000196498;ENSG00000138613;ENSG00000087074;ENSG00000114126;ENSG00000070404;ENSG00000106799;ENSG00000129911;ENSG00000126070;ENSG00000143801;ENSG00000132964;ENSG00000143799;ENSG00000124486;ENSG00000148498;ENSG00000136997;ENSG00000092847;ENSG00000150093;ENSG00000108389;ENSG00000078687;ENSG00000039319;ENSG00000077943;ENSG00000259207;ENSG00000090006"
"REACTOME","REACTOME_PHASE_I_FUNCTIONALIZATION_OF_COMPOUNDS",1.75887632799709e-05,0.00055648892710797,0.575610261071129,0.542244687767959,1.884124820765,83,"ENSG00000165841;ENSG00000138109;ENSG00000001630;ENSG00000059377;ENSG00000172955;ENSG00000145476;ENSG00000160870;ENSG00000137124;ENSG00000143819;ENSG00000134716;ENSG00000160868;ENSG00000197894;ENSG00000131069;ENSG00000186529;ENSG00000110711;ENSG00000186104;ENSG00000186204;ENSG00000172831;ENSG00000100243;ENSG00000110958;ENSG00000036530;ENSG00000186205;ENSG00000137274;ENSG00000108242;ENSG00000172817;ENSG00000187758;ENSG00000148832;ENSG00000146233"
"REACTOME","REACTOME_TRANSPORT_OF_VITAMINS_NUCLEOSIDES_AND_RELATED_MOLECULES",1.96729174241827e-05,0.000593188299978776,0.575610261071129,0.747531504495116,2.08327454273268,27,"ENSG00000130958;ENSG00000112759;ENSG00000102931;ENSG00000205060;ENSG00000174669;ENSG00000005022;ENSG00000169100;ENSG00000213465;ENSG00000157593;ENSG00000116704;ENSG00000124786;ENSG00000167114;ENSG00000164414;ENSG00000102100;ENSG00000117620;ENSG00000130304;ENSG00000198246;ENSG00000151729;ENSG00000137860"
"REACTOME","REACTOME_CYTOSOLIC_TRNA_AMINOACYLATION",2.14720323567934e-05,0.000593188299978776,0.575610261071129,0.758656330829715,2.05640504827426,24,"ENSG00000196305;ENSG00000031698;ENSG00000140105;ENSG00000133706;ENSG00000106105;ENSG00000166986;ENSG00000134684;ENSG00000110619;ENSG00000172053;ENSG00000090861;ENSG00000164022;ENSG00000115866;ENSG00000180817;ENSG00000134440;ENSG00000106305;ENSG00000136628"
"REACTOME","REACTOME_ELASTIC_FIBRE_FORMATION",2.00770202680115e-05,0.000593188299978776,0.575610261071129,-0.726868589952302,-1.94582152493528,39,"ENSG00000115414;ENSG00000077942;ENSG00000125845;ENSG00000138131;ENSG00000138448;ENSG00000166147;ENSG00000168056;ENSG00000092969;ENSG00000049323;ENSG00000119681;ENSG00000183798;ENSG00000105329;ENSG00000129038;ENSG00000117122;ENSG00000172638;ENSG00000113083;ENSG00000150093;ENSG00000077943;ENSG00000259207;ENSG00000090006"
"REACTOME","REACTOME_INFLUENZA_INFECTION",2.05709271864135e-05,0.000593188299978776,0.575610261071129,0.454478413746545,1.71917317093223,157,"ENSG00000112306;ENSG00000162244;ENSG00000005075;ENSG00000110700;ENSG00000100316;ENSG00000198034;ENSG00000127022;ENSG00000164587;ENSG00000109475;ENSG00000130255;ENSG00000144713;ENSG00000174748;ENSG00000198755;ENSG00000163682;ENSG00000155561;ENSG00000071082;ENSG00000171858;ENSG00000161016;ENSG00000167526;ENSG00000265681;ENSG00000160917;ENSG00000108298;ENSG00000145592;ENSG00000231500;ENSG00000147403;ENSG00000166441;ENSG00000142937;ENSG00000188846;ENSG00000161970;ENSG00000198918;ENSG00000186468;ENSG00000168028;ENSG00000145425;ENSG00000172809;ENSG00000182899;ENSG00000137154;ENSG00000156482;ENSG00000147604;ENSG00000169100;ENSG00000118181;ENSG00000116251;ENSG00000197958;ENSG00000138326;ENSG00000149273;ENSG00000131469;ENSG00000125691;ENSG00000148303;ENSG00000105640;ENSG00000163584;ENSG00000122406;ENSG00000142676;ENSG00000197728;ENSG00000143947;ENSG00000171863;ENSG00000136942;ENSG00000177954;ENSG00000229117;ENSG00000124614;ENSG00000187608;ENSG00000177600;ENSG00000233927;ENSG00000114391;ENSG00000213741;ENSG00000138750;ENSG00000134419;ENSG00000163882;ENSG00000080824;ENSG00000075188;ENSG00000165502"
"REACTOME","REACTOME_RHO_GTPASE_EFFECTORS",2.11678097887027e-05,0.000593188299978776,0.575610261071129,-0.463551877967857,-1.60576165270137,303,"ENSG00000131941;ENSG00000157827;ENSG00000105568;ENSG00000198901;ENSG00000196924;ENSG00000101367;ENSG00000167552;ENSG00000137267;ENSG00000174442;ENSG00000132970;ENSG00000132475;ENSG00000137285;ENSG00000163535;ENSG00000176014;ENSG00000105357;ENSG00000161791;ENSG00000117724;ENSG00000152253;ENSG00000155366;ENSG00000121621;ENSG00000158402;ENSG00000061676;ENSG00000258947;ENSG00000186298;ENSG00000185386;ENSG00000077380;ENSG00000166451;ENSG00000154229;ENSG00000044115;ENSG00000127824;ENSG00000129810;ENSG00000102384;ENSG00000138092;ENSG00000089685;ENSG00000122966;ENSG00000123810;ENSG00000145703;ENSG00000118193;ENSG00000173611;ENSG00000138443;ENSG00000156970;ENSG00000104863;ENSG00000273749;ENSG00000163466;ENSG00000112290;ENSG00000139734;ENSG00000104695;ENSG00000167842;ENSG00000142945;ENSG00000135720;ENSG00000120334;ENSG00000182628;ENSG00000097007;ENSG00000154839;ENSG00000170027;ENSG00000188486;ENSG00000126214;ENSG00000067900;ENSG00000132535;ENSG00000122952;ENSG00000167641;ENSG00000213977;ENSG00000167553;ENSG00000166851;ENSG00000117399;ENSG00000164109;ENSG00000150093;ENSG00000165168;ENSG00000182541;ENSG00000119729;ENSG00000040275;ENSG00000140575;ENSG00000197061;ENSG00000143228;ENSG00000106683;ENSG00000138778;ENSG00000175216;ENSG00000149503;ENSG00000080986;ENSG00000186871;ENSG00000168036;ENSG00000160551;ENSG00000123338;ENSG00000002822;ENSG00000178999;ENSG00000134308;ENSG00000085733;ENSG00000123416;ENSG00000175866;ENSG00000169679;ENSG00000163041;ENSG00000134690;ENSG00000105968;ENSG00000092841;ENSG00000137812;ENSG00000007168;ENSG00000170759;ENSG00000145241;ENSG00000069248;ENSG00000151725;ENSG00000137713;ENSG00000179051;ENSG00000047932;ENSG00000120253;ENSG00000153201;ENSG00000115935;ENSG00000186575;ENSG00000196890;ENSG00000127445;ENSG00000113575;ENSG00000117697;ENSG00000130779;ENSG00000161202;ENSG00000101162;ENSG00000275713;ENSG00000172757;ENSG00000068796;ENSG00000133026;ENSG00000122574;ENSG00000173213;ENSG00000100162;ENSG00000203852;ENSG00000112640;ENSG00000088986;ENSG00000169398;ENSG00000104833;ENSG00000074054"
"REACTOME","REACTOME_CELL_CYCLE_MITOTIC",2.18734930633087e-05,0.000593188299978776,0.575610261071129,-0.416125492962032,-1.49480246381372,539,"ENSG00000254087;ENSG00000134508;ENSG00000108106;ENSG00000213024;ENSG00000123485;ENSG00000013275;ENSG00000183580;ENSG00000099341;ENSG00000105568;ENSG00000105221;ENSG00000115806;ENSG00000140534;ENSG00000112242;ENSG00000139289;ENSG00000062822;ENSG00000137807;ENSG00000101367;ENSG00000105486;ENSG00000167552;ENSG00000115942;ENSG00000137267;ENSG00000174442;ENSG00000132475;ENSG00000137285;ENSG00000163535;ENSG00000176014;ENSG00000143924;ENSG00000113810;ENSG00000163002;ENSG00000101004;ENSG00000123080;ENSG00000117724;ENSG00000152253;ENSG00000119408;ENSG00000068903;ENSG00000121621;ENSG00000158402;ENSG00000072401;ENSG00000258947;ENSG00000091651;ENSG00000186298;ENSG00000105173;ENSG00000077380;ENSG00000166451;ENSG00000154229;ENSG00000116030;ENSG00000127824;ENSG00000041357;ENSG00000129810;ENSG00000102384;ENSG00000114126;ENSG00000138092;ENSG00000089685;ENSG00000131747;ENSG00000134057;ENSG00000123810;ENSG00000183955;ENSG00000162521;ENSG00000196230;ENSG00000151849;ENSG00000156970;ENSG00000196510;ENSG00000175063;ENSG00000249115;ENSG00000124762;ENSG00000133119;ENSG00000170142;ENSG00000104695;ENSG00000065328;ENSG00000117650;ENSG00000170312;ENSG00000138346;ENSG00000141510;ENSG00000167842;ENSG00000131351;ENSG00000142945;ENSG00000173692;ENSG00000136122;ENSG00000135720;ENSG00000120334;ENSG00000111206;ENSG00000182628;ENSG00000164754;ENSG00000121152;ENSG00000097007;ENSG00000087586;ENSG00000154839;ENSG00000132182;ENSG00000130724;ENSG00000147536;ENSG00000157456;ENSG00000111445;ENSG00000113368;ENSG00000170027;ENSG00000188486;ENSG00000088325;ENSG00000109805;ENSG00000120802;ENSG00000154222;ENSG00000122952;ENSG00000136997;ENSG00000136824;ENSG00000136811;ENSG00000164611;ENSG00000168496;ENSG00000139496;ENSG00000167553;ENSG00000166851;ENSG00000172943;ENSG00000117399;ENSG00000164109;ENSG00000267796;ENSG00000176915;ENSG00000040275;ENSG00000197061;ENSG00000136861;ENSG00000143228;ENSG00000173207;ENSG00000138778;ENSG00000175216;ENSG00000149503;ENSG00000005249;ENSG00000080986;ENSG00000114107;ENSG00000112029;ENSG00000085840;ENSG00000108424;ENSG00000142731;ENSG00000204899;ENSG00000186871;ENSG00000083312;ENSG00000120539;ENSG00000160551;ENSG00000002822;ENSG00000178999;ENSG00000152193;ENSG00000075218;ENSG00000123374;ENSG00000123416;ENSG00000176890;ENSG00000112984;ENSG00000102900;ENSG00000198176;ENSG00000104738;ENSG00000169679;ENSG00000146670;ENSG00000214367;ENSG00000028116;ENSG00000163041;ENSG00000100749;ENSG00000134690;ENSG00000105968;ENSG00000213066;ENSG00000137812;ENSG00000007168;ENSG00000082701;ENSG00000021574;ENSG00000148019;ENSG00000147400;ENSG00000183814;ENSG00000101412;ENSG00000145241;ENSG00000093009;ENSG00000069248;ENSG00000103275;ENSG00000151725;ENSG00000103995;ENSG00000137713;ENSG00000205659;ENSG00000179051;ENSG00000171320;ENSG00000120253;ENSG00000147874;ENSG00000181938;ENSG00000073111;ENSG00000153201;ENSG00000139687;ENSG00000132383;ENSG00000196890;ENSG00000171848;ENSG00000129534;ENSG00000058804;ENSG00000113575;ENSG00000117697;ENSG00000130779;ENSG00000174106;ENSG00000101162;ENSG00000275713"
"REACTOME","REACTOME_MITOTIC_PROMETAPHASE",2.35984381995046e-05,0.000625084211842692,0.575610261071129,-0.503770489350617,-1.68769071747752,202,"ENSG00000105568;ENSG00000101367;ENSG00000167552;ENSG00000137267;ENSG00000174442;ENSG00000137285;ENSG00000163535;ENSG00000176014;ENSG00000143924;ENSG00000113810;ENSG00000101004;ENSG00000117724;ENSG00000152253;ENSG00000119408;ENSG00000121621;ENSG00000258947;ENSG00000186298;ENSG00000077380;ENSG00000166451;ENSG00000127824;ENSG00000129810;ENSG00000102384;ENSG00000138092;ENSG00000089685;ENSG00000134057;ENSG00000123810;ENSG00000196230;ENSG00000151849;ENSG00000156970;ENSG00000249115;ENSG00000104695;ENSG00000117650;ENSG00000170312;ENSG00000167842;ENSG00000131351;ENSG00000142945;ENSG00000135720;ENSG00000120334;ENSG00000182628;ENSG00000164754;ENSG00000121152;ENSG00000154839;ENSG00000157456;ENSG00000170027;ENSG00000109805;ENSG00000122952;ENSG00000136824;ENSG00000136811;ENSG00000167553;ENSG00000166851;ENSG00000117399;ENSG00000164109;ENSG00000040275;ENSG00000136861;ENSG00000143228;ENSG00000138778;ENSG00000175216;ENSG00000149503;ENSG00000005249;ENSG00000080986;ENSG00000114107;ENSG00000142731;ENSG00000204899;ENSG00000186871;ENSG00000160551;ENSG00000002822;ENSG00000178999;ENSG00000123416;ENSG00000169679;ENSG00000146670;ENSG00000214367;ENSG00000134690;ENSG00000213066;ENSG00000137812;ENSG00000007168;ENSG00000148019;ENSG00000147400;ENSG00000145241;ENSG00000069248;ENSG00000151725;ENSG00000103995;ENSG00000137713;ENSG00000179051;ENSG00000120253;ENSG00000147874;ENSG00000153201;ENSG00000113575;ENSG00000117697;ENSG00000130779;ENSG00000101162;ENSG00000068796;ENSG00000141577;ENSG00000173213;ENSG00000100162;ENSG00000112640;ENSG00000088986;ENSG00000139350;ENSG00000104833;ENSG00000074054;ENSG00000072501;ENSG00000166579;ENSG00000101266;ENSG00000188229;ENSG00000101624;ENSG00000183785;ENSG00000115163;ENSG00000147099;ENSG00000072864;ENSG00000123219"
"REACTOME","REACTOME_PHASE_II_CONJUGATION_OF_COMPOUNDS",2.7619420687908e-05,0.000714966367352892,0.575610261071129,0.556739281867558,1.91382101584285,78,"ENSG00000171234;ENSG00000197448;ENSG00000130958;ENSG00000197888;ENSG00000100577;ENSG00000085871;ENSG00000134202;ENSG00000065621;ENSG00000170899;ENSG00000171428;ENSG00000114779;ENSG00000139684;ENSG00000162813;ENSG00000114631;ENSG00000169764;ENSG00000135220;ENSG00000168765;ENSG00000023909;ENSG00000178814;ENSG00000101444;ENSG00000117448;ENSG00000084207;ENSG00000116984;ENSG00000143198;ENSG00000128965;ENSG00000116704;ENSG00000137364;ENSG00000261052;ENSG00000196620;ENSG00000156096;ENSG00000109814;ENSG00000038274"
"REACTOME","REACTOME_RIBOSOME_QUALITY_CONTROL_RQC_COMPLEX_EXTRACTS_AND_DEGRADES_NASCENT_PEPTIDE",2.85171713993087e-05,0.000721801293862502,0.575610261071129,0.512085029387472,1.83314835543594,102,"ENSG00000162244;ENSG00000161057;ENSG00000100316;ENSG00000109475;ENSG00000130255;ENSG00000144713;ENSG00000127922;ENSG00000174748;ENSG00000198755;ENSG00000163682;ENSG00000071082;ENSG00000161016;ENSG00000167526;ENSG00000265681;ENSG00000108298;ENSG00000145592;ENSG00000147403;ENSG00000166441;ENSG00000188846;ENSG00000161970;ENSG00000198918;ENSG00000172809;ENSG00000182899;ENSG00000156482;ENSG00000147604;ENSG00000116251;ENSG00000197958;ENSG00000131469;ENSG00000125691;ENSG00000128607;ENSG00000148303;ENSG00000105640;ENSG00000163584;ENSG00000122406;ENSG00000142676;ENSG00000143947;ENSG00000136942;ENSG00000229117;ENSG00000177600;ENSG00000114391"
"REACTOME","REACTOME_ASSEMBLY_AND_CELL_SURFACE_PRESENTATION_OF_NMDA_RECEPTORS",5.00731420852459e-05,0.00123985453989337,0.557332238758646,-0.707988923155786,-1.91241827029355,41,"ENSG00000198785;ENSG00000150672;ENSG00000183454;ENSG00000077522;ENSG00000167552;ENSG00000137267;ENSG00000137285;ENSG00000176014;ENSG00000176884;ENSG00000258947;ENSG00000127824;ENSG00000277586;ENSG00000104863;ENSG00000132535;ENSG00000167553"
"REACTOME","REACTOME_CELL_CYCLE",6.85851790899405e-05,0.00166209614858388,0.538434096309916,-0.393614276704003,-1.42660731000234,673,"ENSG00000254087;ENSG00000134508;ENSG00000183207;ENSG00000197299;ENSG00000108106;ENSG00000213024;ENSG00000123485;ENSG00000013275;ENSG00000183580;ENSG00000099341;ENSG00000105568;ENSG00000105221;ENSG00000115806;ENSG00000140534;ENSG00000112242;ENSG00000139289;ENSG00000062822;ENSG00000137807;ENSG00000101367;ENSG00000105486;ENSG00000167552;ENSG00000115942;ENSG00000137267;ENSG00000099817;ENSG00000174442;ENSG00000132475;ENSG00000105258;ENSG00000137285;ENSG00000163535;ENSG00000176014;ENSG00000143924;ENSG00000113810;ENSG00000136492;ENSG00000163002;ENSG00000101004;ENSG00000123080;ENSG00000117724;ENSG00000152253;ENSG00000119408;ENSG00000140451;ENSG00000159055;ENSG00000108384;ENSG00000068903;ENSG00000121621;ENSG00000158402;ENSG00000072401;ENSG00000258947;ENSG00000091651;ENSG00000186298;ENSG00000185386;ENSG00000105173;ENSG00000077380;ENSG00000166451;ENSG00000154229;ENSG00000116030;ENSG00000127824;ENSG00000041357;ENSG00000129810;ENSG00000102384;ENSG00000114126;ENSG00000138092;ENSG00000089685;ENSG00000131747;ENSG00000134057;ENSG00000123810;ENSG00000183955;ENSG00000162521;ENSG00000104147;ENSG00000196230;ENSG00000151849;ENSG00000161642;ENSG00000156970;ENSG00000196510;ENSG00000175063;ENSG00000249115;ENSG00000124762;ENSG00000136982;ENSG00000133119;ENSG00000170142;ENSG00000104695;ENSG00000065328;ENSG00000117650;ENSG00000170312;ENSG00000138346;ENSG00000141510;ENSG00000167842;ENSG00000131351;ENSG00000142945;ENSG00000173692;ENSG00000136122;ENSG00000135720;ENSG00000120334;ENSG00000111206;ENSG00000182628;ENSG00000174371;ENSG00000164754;ENSG00000121152;ENSG00000097007;ENSG00000087586;ENSG00000154839;ENSG00000132182;ENSG00000130724;ENSG00000138376;ENSG00000147536;ENSG00000157456;ENSG00000111445;ENSG00000127586;ENSG00000113368;ENSG00000170027;ENSG00000188486;ENSG00000088325;ENSG00000132436;ENSG00000109805;ENSG00000120802;ENSG00000154222;ENSG00000122952;ENSG00000136997;ENSG00000136824;ENSG00000136811;ENSG00000164611;ENSG00000090097;ENSG00000168496;ENSG00000139496;ENSG00000167553;ENSG00000166851;ENSG00000172943;ENSG00000085224;ENSG00000117399;ENSG00000164109;ENSG00000102978;ENSG00000163781;ENSG00000267796;ENSG00000109685;ENSG00000176915;ENSG00000164828;ENSG00000040275;ENSG00000197061;ENSG00000136861;ENSG00000143228;ENSG00000173207;ENSG00000138778;ENSG00000175216;ENSG00000149503;ENSG00000005249;ENSG00000080986;ENSG00000114107;ENSG00000112029;ENSG00000085840;ENSG00000177302;ENSG00000108424;ENSG00000142731;ENSG00000147601;ENSG00000204899;ENSG00000186871;ENSG00000083312;ENSG00000113456;ENSG00000120539;ENSG00000160551;ENSG00000002822;ENSG00000178999;ENSG00000152193;ENSG00000075218;ENSG00000166848;ENSG00000123374;ENSG00000067369;ENSG00000134308;ENSG00000123416;ENSG00000176890;ENSG00000112984;ENSG00000102900;ENSG00000198176;ENSG00000104738;ENSG00000169679;ENSG00000146670;ENSG00000214367;ENSG00000028116;ENSG00000163041;ENSG00000100749;ENSG00000134690;ENSG00000105968;ENSG00000213066;ENSG00000204209;ENSG00000131470;ENSG00000137812;ENSG00000007168;ENSG00000082701;ENSG00000021574;ENSG00000148019;ENSG00000025293;ENSG00000147400;ENSG00000183814;ENSG00000101412;ENSG00000145241;ENSG00000093009;ENSG00000069248;ENSG00000103275;ENSG00000151725;ENSG00000103995;ENSG00000110075;ENSG00000092853;ENSG00000149311;ENSG00000137713;ENSG00000205659;ENSG00000179051;ENSG00000128731;ENSG00000139618;ENSG00000171320;ENSG00000120253;ENSG00000147874;ENSG00000181938;ENSG00000073111;ENSG00000153201;ENSG00000139687;ENSG00000132383;ENSG00000012048;ENSG00000196890;ENSG00000171848;ENSG00000129534;ENSG00000058804;ENSG00000113575;ENSG00000117697;ENSG00000130779;ENSG00000174106;ENSG00000101162;ENSG00000275713;ENSG00000203760;ENSG00000068796;ENSG00000198625;ENSG00000205423;ENSG00000141577;ENSG00000144231;ENSG00000173213;ENSG00000149554;ENSG00000100162;ENSG00000145386;ENSG00000203852;ENSG00000166167;ENSG00000112640;ENSG00000088986;ENSG00000139350;ENSG00000100804;ENSG00000214517;ENSG00000175166;ENSG00000119335;ENSG00000157540;ENSG00000137337;ENSG00000104833;ENSG00000074054;ENSG00000025770"
"REACTOME","REACTOME_REGULATION_OF_ENDOGENOUS_RETROELEMENTS",7.17536438595909e-05,0.00170265417408488,0.538434096309916,-0.549590395443461,-1.76026547101336,130,"ENSG00000198093;ENSG00000196724;ENSG00000083844;ENSG00000011332;ENSG00000110987;ENSG00000071655;ENSG00000130726;ENSG00000184635;ENSG00000076053;ENSG00000130844;ENSG00000132475;ENSG00000175322;ENSG00000119772;ENSG00000170004;ENSG00000170100;ENSG00000198538;ENSG00000152433;ENSG00000196417;ENSG00000173041;ENSG00000197134;ENSG00000057935;ENSG00000082014;ENSG00000162521;ENSG00000161298;ENSG00000171681;ENSG00000033030;ENSG00000136518;ENSG00000133422;ENSG00000188486;ENSG00000168661;ENSG00000267680;ENSG00000094916;ENSG00000197061;ENSG00000198039;ENSG00000141380;ENSG00000182141;ENSG00000133884;ENSG00000184402;ENSG00000205683;ENSG00000083812;ENSG00000163041;ENSG00000105968;ENSG00000073584;ENSG00000049618;ENSG00000103275;ENSG00000130803;ENSG00000196890;ENSG00000188612;ENSG00000099956;ENSG00000275713;ENSG00000134283;ENSG00000180257;ENSG00000181090;ENSG00000203852;ENSG00000111642"
"REACTOME","REACTOME_RHO_GTPASE_CYCLE",7.57254753000664e-05,0.00176023094626073,0.538434096309916,-0.426630519055999,-1.51468589446441,439,"ENSG00000131016;ENSG00000131941;ENSG00000090924;ENSG00000157827;ENSG00000124126;ENSG00000147459;ENSG00000113319;ENSG00000134215;ENSG00000139641;ENSG00000047648;ENSG00000160007;ENSG00000168143;ENSG00000135090;ENSG00000110237;ENSG00000166398;ENSG00000116584;ENSG00000187239;ENSG00000173517;ENSG00000136026;ENSG00000115107;ENSG00000108830;ENSG00000092531;ENSG00000154358;ENSG00000031081;ENSG00000128656;ENSG00000113758;ENSG00000147251;ENSG00000171680;ENSG00000145675;ENSG00000076706;ENSG00000176788;ENSG00000115963;ENSG00000130762;ENSG00000132970;ENSG00000108561;ENSG00000006607;ENSG00000162738;ENSG00000130669;ENSG00000136002;ENSG00000198826;ENSG00000151208;ENSG00000036257;ENSG00000101384;ENSG00000196586;ENSG00000107957;ENSG00000120278;ENSG00000161791;ENSG00000128512;ENSG00000114346;ENSG00000155366;ENSG00000076928;ENSG00000156232;ENSG00000143337;ENSG00000061676;ENSG00000122126;ENSG00000066933;ENSG00000152767;ENSG00000139211;ENSG00000150760;ENSG00000167460;ENSG00000139132;ENSG00000088387;ENSG00000182504;ENSG00000138639;ENSG00000177469;ENSG00000161800;ENSG00000144283;ENSG00000073712;ENSG00000170776;ENSG00000146426;ENSG00000122966;ENSG00000165895;ENSG00000145703;ENSG00000118193;ENSG00000102606;ENSG00000138443;ENSG00000075391;ENSG00000090615;ENSG00000241484;ENSG00000273749;ENSG00000112290;ENSG00000139734;ENSG00000147274;ENSG00000275832;ENSG00000165801;ENSG00000121871;ENSG00000136527;ENSG00000160410;ENSG00000124486;ENSG00000113368;ENSG00000135905;ENSG00000137269;ENSG00000137843;ENSG00000129219;ENSG00000120802;ENSG00000117461;ENSG00000136738;ENSG00000067900;ENSG00000139436;ENSG00000154447;ENSG00000167617;ENSG00000134909;ENSG00000103653;ENSG00000205726;ENSG00000150093;ENSG00000196935;ENSG00000165168;ENSG00000169750;ENSG00000123329;ENSG00000176915;ENSG00000082269;ENSG00000172602;ENSG00000158985;ENSG00000119729;ENSG00000038382;ENSG00000004777;ENSG00000140575;ENSG00000092199;ENSG00000133818;ENSG00000213390;ENSG00000035499;ENSG00000153404;ENSG00000127084;ENSG00000142627;ENSG00000169851;ENSG00000100485;ENSG00000123338;ENSG00000146247;ENSG00000119139;ENSG00000186716;ENSG00000011426;ENSG00000173218;ENSG00000146729;ENSG00000185722;ENSG00000115355;ENSG00000122257;ENSG00000123416;ENSG00000169379;ENSG00000175866;ENSG00000140750;ENSG00000120318;ENSG00000028116;ENSG00000197694;ENSG00000182866;ENSG00000196155;ENSG00000133226;ENSG00000071205;ENSG00000106636;ENSG00000141367;ENSG00000204178;ENSG00000180448;ENSG00000077549;ENSG00000046604;ENSG00000163219;ENSG00000128298;ENSG00000138640;ENSG00000198563"
"REACTOME","REACTOME_M_PHASE",8.99503214412774e-05,0.0020490683224323,0.538434096309916,-0.427478245249574,-1.50621925567324,391,"ENSG00000108106;ENSG00000213024;ENSG00000013275;ENSG00000099341;ENSG00000105568;ENSG00000115806;ENSG00000137807;ENSG00000101367;ENSG00000167552;ENSG00000137267;ENSG00000174442;ENSG00000132475;ENSG00000137285;ENSG00000163535;ENSG00000176014;ENSG00000143924;ENSG00000113810;ENSG00000163002;ENSG00000101004;ENSG00000117724;ENSG00000152253;ENSG00000119408;ENSG00000068903;ENSG00000121621;ENSG00000072401;ENSG00000258947;ENSG00000186298;ENSG00000077380;ENSG00000166451;ENSG00000154229;ENSG00000116030;ENSG00000127824;ENSG00000041357;ENSG00000129810;ENSG00000102384;ENSG00000138092;ENSG00000089685;ENSG00000134057;ENSG00000123810;ENSG00000183955;ENSG00000196230;ENSG00000151849;ENSG00000156970;ENSG00000196510;ENSG00000175063;ENSG00000249115;ENSG00000170142;ENSG00000104695;ENSG00000117650;ENSG00000170312;ENSG00000167842;ENSG00000131351;ENSG00000142945;ENSG00000173692;ENSG00000135720;ENSG00000120334;ENSG00000182628;ENSG00000164754;ENSG00000121152;ENSG00000154839;ENSG00000132182;ENSG00000130724;ENSG00000157456;ENSG00000113368;ENSG00000170027;ENSG00000188486;ENSG00000109805;ENSG00000120802;ENSG00000154222;ENSG00000122952;ENSG00000136824;ENSG00000136811;ENSG00000164611;ENSG00000139496;ENSG00000167553;ENSG00000166851;ENSG00000172943;ENSG00000117399;ENSG00000164109;ENSG00000176915;ENSG00000040275;ENSG00000197061;ENSG00000136861;ENSG00000143228;ENSG00000138778;ENSG00000175216;ENSG00000149503;ENSG00000005249;ENSG00000080986;ENSG00000114107;ENSG00000112029;ENSG00000108424;ENSG00000142731;ENSG00000204899;ENSG00000186871;ENSG00000083312;ENSG00000120539;ENSG00000160551;ENSG00000002822;ENSG00000178999;ENSG00000123416;ENSG00000112984;ENSG00000102900;ENSG00000169679;ENSG00000146670;ENSG00000214367;ENSG00000028116;ENSG00000163041;ENSG00000100749;ENSG00000134690;ENSG00000105968;ENSG00000213066;ENSG00000137812;ENSG00000007168;ENSG00000021574;ENSG00000148019;ENSG00000147400;ENSG00000145241;ENSG00000069248;ENSG00000103275;ENSG00000151725;ENSG00000103995;ENSG00000137713;ENSG00000179051;ENSG00000120253;ENSG00000147874;ENSG00000153201;ENSG00000139687;ENSG00000196890;ENSG00000058804;ENSG00000113575;ENSG00000117697;ENSG00000130779;ENSG00000174106;ENSG00000101162;ENSG00000275713;ENSG00000068796;ENSG00000205423;ENSG00000141577;ENSG00000173213;ENSG00000100162;ENSG00000203852;ENSG00000112640;ENSG00000088986;ENSG00000139350;ENSG00000100804;ENSG00000175166;ENSG00000119335;ENSG00000104833;ENSG00000074054;ENSG00000025770;ENSG00000072501;ENSG00000166579;ENSG00000274641;ENSG00000101266;ENSG00000147316;ENSG00000188229;ENSG00000108671;ENSG00000101624;ENSG00000183785;ENSG00000115163;ENSG00000147099;ENSG00000072864"
"REACTOME","REACTOME_SARS_COV_1_INFECTION",0.000104104955991366,0.0022802989398878,0.538434096309916,0.444793769753139,1.65754966121167,139,"ENSG00000131446;ENSG00000135047;ENSG00000178685;ENSG00000143627;ENSG00000173193;ENSG00000166949;ENSG00000112306;ENSG00000115267;ENSG00000102699;ENSG00000139168;ENSG00000110700;ENSG00000198034;ENSG00000127022;ENSG00000164587;ENSG00000123609;ENSG00000149476;ENSG00000171858;ENSG00000088888;ENSG00000073849;ENSG00000231500;ENSG00000115275;ENSG00000156508;ENSG00000142937;ENSG00000133661;ENSG00000186468;ENSG00000168028;ENSG00000145425;ENSG00000130175;ENSG00000121060;ENSG00000137154;ENSG00000118181;ENSG00000138326;ENSG00000149273;ENSG00000197728;ENSG00000143947;ENSG00000171863;ENSG00000177954;ENSG00000135486;ENSG00000124614;ENSG00000196455;ENSG00000233927;ENSG00000138496;ENSG00000198382;ENSG00000213741;ENSG00000134419;ENSG00000126091;ENSG00000089597;ENSG00000140988;ENSG00000141646;ENSG00000149806;ENSG00000130234;ENSG00000164924;ENSG00000126581;ENSG00000141429;ENSG00000183735;ENSG00000110080;ENSG00000221983;ENSG00000197111"
"REACTOME","REACTOME_FATTY_ACID_METABOLISM",0.00010218006061052,0.0022802989398878,0.538434096309916,0.431407197311253,1.63963730633276,162,"ENSG00000164120;ENSG00000165841;ENSG00000138109;ENSG00000140284;ENSG00000112304;ENSG00000059377;ENSG00000184227;ENSG00000120915;ENSG00000106617;ENSG00000204228;ENSG00000140043;ENSG00000111271;ENSG00000181513;ENSG00000134716;ENSG00000119673;ENSG00000143554;ENSG00000186529;ENSG00000165591;ENSG00000005469;ENSG00000157184;ENSG00000168306;ENSG00000149485;ENSG00000140876;ENSG00000221988;ENSG00000131373;ENSG00000005187;ENSG00000151611;ENSG00000169710;ENSG00000110958;ENSG00000162889;ENSG00000177465;ENSG00000106853;ENSG00000176715;ENSG00000146085;ENSG00000104325;ENSG00000131791;ENSG00000167107;ENSG00000095321;ENSG00000111144;ENSG00000141179;ENSG00000068366;ENSG00000072210;ENSG00000242612;ENSG00000113790;ENSG00000162409;ENSG00000124370;ENSG00000103150;ENSG00000149084;ENSG00000159445;ENSG00000087008;ENSG00000116353;ENSG00000114054;ENSG00000198721;ENSG00000101473;ENSG00000117480;ENSG00000167315;ENSG00000107897;ENSG00000134824;ENSG00000100294;ENSG00000066322;ENSG00000197375;ENSG00000148334;ENSG00000112033;ENSG00000133835"
"REACTOME","REACTOME_NCAM1_INTERACTIONS",0.000112102826878967,0.00240915320405931,0.538434096309916,-0.708781894096141,-1.8894076879864,38,"ENSG00000142173;ENSG00000049089;ENSG00000139219;ENSG00000113532;ENSG00000006283;ENSG00000188153;ENSG00000196557;ENSG00000081052;ENSG00000182389;ENSG00000151892;ENSG00000100346;ENSG00000130635;ENSG00000188157;ENSG00000169031;ENSG00000130287;ENSG00000168542"
"REACTOME","REACTOME_MITOTIC_SPINDLE_CHECKPOINT",0.000116060796877431,0.00244802310450729,0.538434096309916,-0.550796817864171,-1.73067195570545,111,"ENSG00000108106;ENSG00000105568;ENSG00000101367;ENSG00000174442;ENSG00000163535;ENSG00000117724;ENSG00000152253;ENSG00000121621;ENSG00000072401;ENSG00000186298;ENSG00000077380;ENSG00000166451;ENSG00000129810;ENSG00000102384;ENSG00000138092;ENSG00000089685;ENSG00000123810;ENSG00000156970;ENSG00000196510;ENSG00000175063;ENSG00000170142;ENSG00000104695;ENSG00000167842;ENSG00000142945;ENSG00000135720;ENSG00000120334;ENSG00000182628;ENSG00000154839;ENSG00000122952;ENSG00000166851;ENSG00000117399;ENSG00000164109;ENSG00000040275;ENSG00000143228;ENSG00000138778;ENSG00000175216;ENSG00000149503;ENSG00000080986;ENSG00000186871;ENSG00000160551;ENSG00000002822;ENSG00000178999;ENSG00000169679;ENSG00000134690;ENSG00000137812;ENSG00000007168;ENSG00000145241;ENSG00000069248;ENSG00000151725;ENSG00000137713;ENSG00000179051;ENSG00000120253;ENSG00000153201;ENSG00000113575;ENSG00000117697;ENSG00000130779;ENSG00000068796;ENSG00000100162;ENSG00000112640;ENSG00000088986;ENSG00000074054;ENSG00000166579"
"REACTOME","REACTOME_MOLECULES_ASSOCIATED_WITH_ELASTIC_FIBRES",0.000124980595314133,0.00258823451023268,0.518848077743792,-0.73937106206352,-1.90809535395551,32,"ENSG00000115414;ENSG00000077942;ENSG00000125845;ENSG00000138448;ENSG00000166147;ENSG00000168056;ENSG00000092969;ENSG00000049323;ENSG00000119681;ENSG00000183798;ENSG00000105329;ENSG00000117122;ENSG00000172638;ENSG00000150093;ENSG00000077943;ENSG00000259207;ENSG00000090006"
"REACTOME","REACTOME_ACTIVATION_OF_THE_MRNA_UPON_BINDING_OF_THE_CAP_BINDING_COMPLEX_AND_EIFS_AND_SUBSEQUENT_BINDING_TO_43S",0.000145583304557801,0.002961060426631,0.518848077743792,0.570629770789586,1.86798041160085,59,"ENSG00000070756;ENSG00000173674;ENSG00000100353;ENSG00000130741;ENSG00000112306;ENSG00000110700;ENSG00000198034;ENSG00000164587;ENSG00000171858;ENSG00000231500;ENSG00000142937;ENSG00000186468;ENSG00000168028;ENSG00000145425;ENSG00000184110;ENSG00000137154;ENSG00000104408;ENSG00000125977;ENSG00000063046;ENSG00000118181;ENSG00000138326;ENSG00000149273;ENSG00000197728;ENSG00000143947;ENSG00000171863;ENSG00000177954;ENSG00000124614;ENSG00000187840;ENSG00000233927;ENSG00000213741;ENSG00000134419;ENSG00000100129;ENSG00000084623"
"REACTOME","REACTOME_METABOLISM_OF_STEROIDS",0.000155539329451656,0.0031080578288673,0.518848077743792,0.437321049333831,1.63438314208088,142,"ENSG00000186480;ENSG00000140284;ENSG00000001630;ENSG00000101849;ENSG00000198610;ENSG00000083807;ENSG00000125629;ENSG00000145321;ENSG00000012174;ENSG00000168306;ENSG00000163344;ENSG00000152904;ENSG00000160752;ENSG00000112972;ENSG00000186104;ENSG00000085662;ENSG00000132196;ENSG00000169710;ENSG00000101846;ENSG00000072310;ENSG00000198189;ENSG00000173409;ENSG00000067064;ENSG00000036530;ENSG00000170099;ENSG00000099377;ENSG00000142453;ENSG00000130589;ENSG00000131748;ENSG00000149084;ENSG00000116133;ENSG00000128039;ENSG00000101473;ENSG00000143815;ENSG00000147155;ENSG00000172817;ENSG00000149809;ENSG00000146233;ENSG00000130703;ENSG00000205808;ENSG00000052802;ENSG00000133835;ENSG00000006025;ENSG00000116171;ENSG00000152700"
"REACTOME","REACTOME_NON_INTEGRIN_MEMBRANE_ECM_INTERACTIONS",0.000181835715476208,0.0035708772401276,0.518848077743792,-0.59471688342654,-1.76901385072153,74,"ENSG00000101680;ENSG00000115414;ENSG00000170624;ENSG00000139219;ENSG00000138448;ENSG00000172554;ENSG00000053747;ENSG00000115884;ENSG00000188153;ENSG00000108821;ENSG00000142798;ENSG00000138685;ENSG00000164692;ENSG00000081052;ENSG00000105329;ENSG00000204248;ENSG00000074527;ENSG00000162512;ENSG00000172037;ENSG00000154229;ENSG00000130635;ENSG00000102385;ENSG00000188157;ENSG00000135862;ENSG00000101400;ENSG00000185053;ENSG00000041982;ENSG00000179915;ENSG00000150093;ENSG00000169031;ENSG00000259207;ENSG00000091136;ENSG00000196569"
"REACTOME","REACTOME_CYTOCHROME_P450_ARRANGED_BY_SUBSTRATE_TYPE",0.000206092609590154,0.00386859078966369,0.518848077743792,0.591554494712577,1.85555165365438,48,"ENSG00000165841;ENSG00000138109;ENSG00000001630;ENSG00000059377;ENSG00000145476;ENSG00000160870;ENSG00000134716;ENSG00000160868;ENSG00000186529;ENSG00000186104;ENSG00000186204"
"REACTOME","REACTOME_ASSEMBLY_OF_COLLAGEN_FIBRILS_AND_OTHER_MULTIMERIC_STRUCTURES",0.000204894080110883,0.00386859078966369,0.518848077743792,-0.632193698219334,-1.77518570280789,51,"ENSG00000142173;ENSG00000130508;ENSG00000049089;ENSG00000139219;ENSG00000138131;ENSG00000053747;ENSG00000188153;ENSG00000108821;ENSG00000164692;ENSG00000081052;ENSG00000204248;ENSG00000136943;ENSG00000129038;ENSG00000113083;ENSG00000130635;ENSG00000168487;ENSG00000187955;ENSG00000171502;ENSG00000164733;ENSG00000100985;ENSG00000169031"
"REACTOME","REACTOME_L1CAM_INTERACTIONS",0.000207185283730891,0.00386859078966369,0.518848077743792,-0.547271744238646,-1.73181013649503,117,"ENSG00000101680;ENSG00000153253;ENSG00000184156;ENSG00000075043;ENSG00000160460;ENSG00000138448;ENSG00000071242;ENSG00000167552;ENSG00000170017;ENSG00000137267;ENSG00000133216;ENSG00000137285;ENSG00000176014;ENSG00000172020;ENSG00000163531;ENSG00000042753;ENSG00000196961;ENSG00000107295;ENSG00000258947;ENSG00000118257;ENSG00000127824;ENSG00000144668;ENSG00000105711;ENSG00000272398;ENSG00000134121;ENSG00000137710;ENSG00000090889;ENSG00000169032;ENSG00000146648;ENSG00000091129;ENSG00000135862;ENSG00000018236;ENSG00000132535;ENSG00000167553;ENSG00000150093;ENSG00000137575;ENSG00000259207;ENSG00000091136;ENSG00000130287;ENSG00000123416;ENSG00000183873;ENSG00000197694;ENSG00000141367;ENSG00000177098;ENSG00000136531"
"REACTOME","REACTOME_TRNA_AMINOACYLATION",0.000218001151895888,0.00400489212918414,0.518848077743792,0.609521363413327,1.86173762917066,42,"ENSG00000196305;ENSG00000031698;ENSG00000140105;ENSG00000067704;ENSG00000133706;ENSG00000106105;ENSG00000166986;ENSG00000134684;ENSG00000110619;ENSG00000172053;ENSG00000143374;ENSG00000090861;ENSG00000164022;ENSG00000011376;ENSG00000115866;ENSG00000180817;ENSG00000134440"
"REACTOME","REACTOME_PEROXISOMAL_PROTEIN_IMPORT",0.000241840632699987,0.0043723250896077,0.518848077743792,0.544972063410146,1.81034257475365,63,"ENSG00000140284;ENSG00000197448;ENSG00000120915;ENSG00000127980;ENSG00000119673;ENSG00000005469;ENSG00000168306;ENSG00000140876;ENSG00000108733;ENSG00000131373;ENSG00000172482;ENSG00000124587;ENSG00000117305;ENSG00000156521;ENSG00000157326;ENSG00000115204;ENSG00000177465;ENSG00000157911;ENSG00000112357;ENSG00000095321;ENSG00000242612;ENSG00000143947;ENSG00000113790;ENSG00000121691;ENSG00000103150;ENSG00000087008;ENSG00000198721;ENSG00000139197;ENSG00000101473;ENSG00000148832;ENSG00000164751;ENSG00000133835;ENSG00000116906;ENSG00000116171;ENSG00000101323;ENSG00000215193;ENSG00000221983;ENSG00000179761;ENSG00000142655"
"REACTOME","REACTOME_RESPIRATORY_SYNCYTIAL_VIRUS_RSV_ATTACHMENT_AND_ENTRY",0.000301478453504332,0.00536537435220991,0.49849310876659,-0.764312534553748,-1.8389093221201,22,"ENSG00000183098;ENSG00000140443;ENSG00000115884;ENSG00000076716;ENSG00000063660;ENSG00000142798;ENSG00000147257;ENSG00000162512;ENSG00000115053;ENSG00000146648;ENSG00000188157;ENSG00000179399;ENSG00000169439;ENSG00000170458;ENSG00000140564"
"REACTOME","REACTOME_ACTIVATION_OF_NMDA_RECEPTORS_AND_POSTSYNAPTIC_EVENTS",0.000312672609831336,0.005433637910825,0.49849310876659,-0.564259527718324,-1.72188451183012,88,"ENSG00000198785;ENSG00000150672;ENSG00000183454;ENSG00000077522;ENSG00000152578;ENSG00000058335;ENSG00000113319;ENSG00000071242;ENSG00000157168;ENSG00000167552;ENSG00000152495;ENSG00000137267;ENSG00000137285;ENSG00000176014;ENSG00000155897;ENSG00000183943;ENSG00000176884;ENSG00000258947;ENSG00000127824;ENSG00000277586;ENSG00000178568;ENSG00000102606;ENSG00000104863;ENSG00000182481;ENSG00000120251;ENSG00000175175;ENSG00000132535;ENSG00000167553;ENSG00000004660;ENSG00000108946;ENSG00000005249"
"REACTOME","REACTOME_CELL_CYCLE_CHECKPOINTS",0.000314855225737006,0.005433637910825,0.49849310876659,-0.440837300818585,-1.52034491735307,286,"ENSG00000197299;ENSG00000108106;ENSG00000013275;ENSG00000099341;ENSG00000105568;ENSG00000101367;ENSG00000115942;ENSG00000174442;ENSG00000163535;ENSG00000136492;ENSG00000117724;ENSG00000152253;ENSG00000121621;ENSG00000158402;ENSG00000072401;ENSG00000091651;ENSG00000186298;ENSG00000185386;ENSG00000105173;ENSG00000077380;ENSG00000166451;ENSG00000041357;ENSG00000129810;ENSG00000102384;ENSG00000138092;ENSG00000089685;ENSG00000134057;ENSG00000123810;ENSG00000161642;ENSG00000156970;ENSG00000196510;ENSG00000175063;ENSG00000124762;ENSG00000133119;ENSG00000170142;ENSG00000104695;ENSG00000065328;ENSG00000170312;ENSG00000138346;ENSG00000141510;ENSG00000167842;ENSG00000142945;ENSG00000173692;ENSG00000135720;ENSG00000120334;ENSG00000182628;ENSG00000174371;ENSG00000154839;ENSG00000138376;ENSG00000157456;ENSG00000111445;ENSG00000170027;ENSG00000188486;ENSG00000122952;ENSG00000090097;ENSG00000166851;ENSG00000117399;ENSG00000164109;ENSG00000163781;ENSG00000109685;ENSG00000040275;ENSG00000197061;ENSG00000143228;ENSG00000138778;ENSG00000175216;ENSG00000149503;ENSG00000080986;ENSG00000085840;ENSG00000177302;ENSG00000186871;ENSG00000113456;ENSG00000160551;ENSG00000002822;ENSG00000178999;ENSG00000075218;ENSG00000123374;ENSG00000067369;ENSG00000134308;ENSG00000104738;ENSG00000169679;ENSG00000134690;ENSG00000137812;ENSG00000007168;ENSG00000082701;ENSG00000025293;ENSG00000145241;ENSG00000093009;ENSG00000069248;ENSG00000151725;ENSG00000092853;ENSG00000149311;ENSG00000137713;ENSG00000179051;ENSG00000128731;ENSG00000120253;ENSG00000073111;ENSG00000153201;ENSG00000132383;ENSG00000012048;ENSG00000196890;ENSG00000113575;ENSG00000117697;ENSG00000130779;ENSG00000275713;ENSG00000068796;ENSG00000198625;ENSG00000149554;ENSG00000100162;ENSG00000145386;ENSG00000166167;ENSG00000112640;ENSG00000088986;ENSG00000100804;ENSG00000175166;ENSG00000137337;ENSG00000074054;ENSG00000166579;ENSG00000274641"
"REACTOME","REACTOME_NICOTINATE_METABOLISM",0.00042113645822898,0.00715931978989266,0.49849310876659,0.685171018324744,1.92887111515714,28,"ENSG00000135318;ENSG00000178685;ENSG00000173193;ENSG00000112874;ENSG00000102699;ENSG00000152620;ENSG00000172890;ENSG00000157064;ENSG00000106733;ENSG00000103485;ENSG00000173614;ENSG00000138496;ENSG00000163864"
"REACTOME","REACTOME_SIGNALING_BY_NTRKS",0.000490310740644427,0.00821270490579415,0.477270815362862,-0.521130932609529,-1.66911356922342,130,"ENSG00000129167;ENSG00000117525;ENSG00000105426;ENSG00000129946;ENSG00000188130;ENSG00000120875;ENSG00000071242;ENSG00000105568;ENSG00000140538;ENSG00000115738;ENSG00000125968;ENSG00000117318;ENSG00000172201;ENSG00000140479;ENSG00000138386;ENSG00000124181;ENSG00000145675;ENSG00000125740;ENSG00000042753;ENSG00000196961;ENSG00000141433;ENSG00000107295;ENSG00000151490;ENSG00000185386;ENSG00000118515;ENSG00000122877;ENSG00000087088;ENSG00000099139;ENSG00000068305;ENSG00000179295;ENSG00000169047;ENSG00000104695;ENSG00000169032;ENSG00000115966;ENSG00000171450;ENSG00000134259;ENSG00000143622;ENSG00000176749;ENSG00000137764;ENSG00000105053"
"REACTOME","REACTOME_NRAGE_SIGNALS_DEATH_THROUGH_JNK",0.000562276998989906,0.00928164495434062,0.477270815362862,-0.621493603281047,-1.77644509859615,57,"ENSG00000090924;ENSG00000124126;ENSG00000113319;ENSG00000134215;ENSG00000110237;ENSG00000116584;ENSG00000154358;ENSG00000171680;ENSG00000130762;ENSG00000136002;ENSG00000114346;ENSG00000076928;ENSG00000139132;ENSG00000170776;ENSG00000146426;ENSG00000236699;ENSG00000102606;ENSG00000165801;ENSG00000134259;ENSG00000205726;ENSG00000038382;ENSG00000127084;ENSG00000153094;ENSG00000100485"
"REACTOME","REACTOME_SYNTHESIS_OF_GLYCOSYLPHOSPHATIDYLINOSITOL_GPI",0.000590638543836165,0.00961053287756274,0.477270815362862,0.749486088699636,1.86509364055122,17,"ENSG00000185808;ENSG00000100564;ENSG00000277161;ENSG00000108474;ENSG00000165282;ENSG00000151665;ENSG00000136908;ENSG00000165195;ENSG00000174227;ENSG00000163964;ENSG00000060642;ENSG00000069943"
"REACTOME","REACTOME_REGULATION_OF_ENDOGENOUS_RETROELEMENTS_BY_KRAB_ZFP_PROTEINS",0.000614609746865354,0.00985972537576955,0.477270815362862,-0.534789881579477,-1.65436211700462,98,"ENSG00000198093;ENSG00000196724;ENSG00000083844;ENSG00000071655;ENSG00000130726;ENSG00000184635;ENSG00000130844;ENSG00000132475;ENSG00000175322;ENSG00000170004;ENSG00000170100;ENSG00000198538;ENSG00000152433;ENSG00000196417;ENSG00000173041;ENSG00000197134;ENSG00000057935;ENSG00000162521;ENSG00000161298;ENSG00000171681;ENSG00000188486;ENSG00000168661;ENSG00000267680;ENSG00000094916;ENSG00000197061;ENSG00000198039;ENSG00000182141;ENSG00000083812;ENSG00000163041;ENSG00000105968"
"REACTOME","REACTOME_HEMOSTASIS",0.000638817776647136,0.0101057423277929,0.477270815362862,-0.388383485313315,-1.39473815208576,536,"ENSG00000010278;ENSG00000087460;ENSG00000100234;ENSG00000117525;ENSG00000254087;ENSG00000115414;ENSG00000134508;ENSG00000112541;ENSG00000118160;ENSG00000135919;ENSG00000077522;ENSG00000162849;ENSG00000147459;ENSG00000152402;ENSG00000061918;ENSG00000134215;ENSG00000164116;ENSG00000138448;ENSG00000138722;ENSG00000137509;ENSG00000172270;ENSG00000181104;ENSG00000103064;ENSG00000176533;ENSG00000105568;ENSG00000116711;ENSG00000002586;ENSG00000154721;ENSG00000196924;ENSG00000147251;ENSG00000115884;ENSG00000124181;ENSG00000145675;ENSG00000092969;ENSG00000137807;ENSG00000083454;ENSG00000167552;ENSG00000123104;ENSG00000103257;ENSG00000153208;ENSG00000137267;ENSG00000108561;ENSG00000141506;ENSG00000063660;ENSG00000108821;ENSG00000132475;ENSG00000137285;ENSG00000176014;ENSG00000111664;ENSG00000164692;ENSG00000092068;ENSG00000145685;ENSG00000130700;ENSG00000172380;ENSG00000143153;ENSG00000128512;ENSG00000105329;ENSG00000108384;ENSG00000121621;ENSG00000130294;ENSG00000258947;ENSG00000197584;ENSG00000162512;ENSG00000168003;ENSG00000077044;ENSG00000154229;ENSG00000150760;ENSG00000127824;ENSG00000088387;ENSG00000166086;ENSG00000157193;ENSG00000161800;ENSG00000163808;ENSG00000169375;ENSG00000128655;ENSG00000066735;ENSG00000157680;ENSG00000065675;ENSG00000149679;ENSG00000003436;ENSG00000079616;ENSG00000167711;ENSG00000179295;ENSG00000104112;ENSG00000126583;ENSG00000274588;ENSG00000090889;ENSG00000186185;ENSG00000138430;ENSG00000104695;ENSG00000141510;ENSG00000118513;ENSG00000127837;ENSG00000160191;ENSG00000142945;ENSG00000102181;ENSG00000078369;ENSG00000135124;ENSG00000237649;ENSG00000184500;ENSG00000097007;ENSG00000101280;ENSG00000142192;ENSG00000197746;ENSG00000138160;ENSG00000135905;ENSG00000126214;ENSG00000091879;ENSG00000117461;ENSG00000172575;ENSG00000165025;ENSG00000167553;ENSG00000006638;ENSG00000156113;ENSG00000103653;ENSG00000094916;ENSG00000146535;ENSG00000019582;ENSG00000156052;ENSG00000150093;ENSG00000154639;ENSG00000138778;ENSG00000108946;ENSG00000171121;ENSG00000005249;ENSG00000259207;ENSG00000138182;ENSG00000131187;ENSG00000169851;ENSG00000069849;ENSG00000123360;ENSG00000137672;ENSG00000110876;ENSG00000115290;ENSG00000070961;ENSG00000274286;ENSG00000123374;ENSG00000133703;ENSG00000145050;ENSG00000123416;ENSG00000116852;ENSG00000112984;ENSG00000156049;ENSG00000115232;ENSG00000167193"
"REACTOME","REACTOME_NCAM_SIGNALING_FOR_NEURITE_OUT_GROWTH",0.000651124005003615,0.01015931837944,0.477270815362862,-0.596622836361315,-1.71140684826402,58,"ENSG00000142173;ENSG00000049089;ENSG00000160460;ENSG00000139219;ENSG00000113532;ENSG00000006283;ENSG00000188153;ENSG00000196557;ENSG00000081052;ENSG00000182389;ENSG00000151892;ENSG00000100346;ENSG00000130635;ENSG00000188157;ENSG00000169031;ENSG00000130287;ENSG00000168542;ENSG00000133703;ENSG00000118260;ENSG00000197694"
"REACTOME","REACTOME_CROSSLINKING_OF_COLLAGEN_FIBRILS",0.000670428179597803,0.0103191580616473,0.477270815362862,-0.775348434991232,-1.76770178208575,17,"ENSG00000130508;ENSG00000138131;ENSG00000188153;ENSG00000108821;ENSG00000164692;ENSG00000081052;ENSG00000129038;ENSG00000113083;ENSG00000168487;ENSG00000169031"
"REACTOME","REACTOME_ANTIGEN_PRESENTATION_FOLDING_ASSEMBLY_AND_PEPTIDE_LOADING_OF_CLASS_I_MHC",0.000694300116729979,0.010544104439406,0.477270815362862,0.677038857473217,1.90597772102516,28,"ENSG00000204267;ENSG00000168394;ENSG00000204592;ENSG00000206503;ENSG00000127022;ENSG00000231925;ENSG00000164307;ENSG00000164308;ENSG00000196455;ENSG00000204525;ENSG00000185825;ENSG00000126775;ENSG00000179218;ENSG00000152700;ENSG00000126581"
"REACTOME","REACTOME_REGULATION_OF_EXPRESSION_OF_SLITS_AND_ROBOS",0.00085132443669471,0.0127586649130957,0.477270815362862,0.407606685395971,1.54008288210587,156,"ENSG00000070756;ENSG00000112306;ENSG00000162244;ENSG00000110700;ENSG00000161057;ENSG00000100316;ENSG00000198034;ENSG00000164587;ENSG00000109475;ENSG00000130255;ENSG00000144713;ENSG00000127922;ENSG00000174748;ENSG00000198755;ENSG00000163682;ENSG00000071082;ENSG00000171858;ENSG00000161016;ENSG00000167526;ENSG00000265681;ENSG00000108298;ENSG00000145592;ENSG00000231500;ENSG00000147403;ENSG00000166441;ENSG00000142937;ENSG00000188846;ENSG00000161970;ENSG00000198918;ENSG00000186468;ENSG00000168028;ENSG00000145425;ENSG00000172809;ENSG00000182899;ENSG00000137154;ENSG00000156482;ENSG00000147604;ENSG00000118181;ENSG00000116251;ENSG00000197958;ENSG00000138326;ENSG00000149273;ENSG00000131469;ENSG00000125691;ENSG00000148303;ENSG00000105640;ENSG00000163584;ENSG00000122406;ENSG00000142676;ENSG00000197728;ENSG00000143947;ENSG00000171863;ENSG00000136942;ENSG00000177954;ENSG00000229117;ENSG00000124614;ENSG00000177600;ENSG00000233927;ENSG00000114391;ENSG00000213741;ENSG00000134419"
"REACTOME","REACTOME_NETRIN_1_SIGNALING",0.00089940795063841,0.0133042292958071,0.477270815362862,-0.657931753537429,-1.76834046852941,40,"ENSG00000107731;ENSG00000187122;ENSG00000177103;ENSG00000145147;ENSG00000124181;ENSG00000099204;ENSG00000133107;ENSG00000074527;ENSG00000150760;ENSG00000182175;ENSG00000065675;ENSG00000065320;ENSG00000179295;ENSG00000187323;ENSG00000182168;ENSG00000169855;ENSG00000038382;ENSG00000171587;ENSG00000144935;ENSG00000137672"
"REACTOME","REACTOME_REGULATION_OF_CHOLESTEROL_BIOSYNTHESIS_BY_SREBP_SREBF",0.000934837226901519,0.0134782228030485,0.477270815362862,0.544141853050215,1.75181206215956,55,"ENSG00000186480;ENSG00000001630;ENSG00000101849;ENSG00000125629;ENSG00000012174;ENSG00000163344;ENSG00000152904;ENSG00000160752;ENSG00000112972;ENSG00000169710;ENSG00000072310;ENSG00000067064;ENSG00000142453;ENSG00000130589"
"REACTOME","REACTOME_GPCR_LIGAND_BINDING",0.000924840795815254,0.0134782228030485,0.477270815362862,-0.414792596823116,-1.44418053032116,328,"ENSG00000087460;ENSG00000213694;ENSG00000155760;ENSG00000174804;ENSG00000107562;ENSG00000139679;ENSG00000148123;ENSG00000126266;ENSG00000215644;ENSG00000164930;ENSG00000122585;ENSG00000133019;ENSG00000114251;ENSG00000128602;ENSG00000179603;ENSG00000181104;ENSG00000176533;ENSG00000164082;ENSG00000152822;ENSG00000143816;ENSG00000149295;ENSG00000124493;ENSG00000116329;ENSG00000116014;ENSG00000101180;ENSG00000117598;ENSG00000171517;ENSG00000117600;ENSG00000112164;ENSG00000113749;ENSG00000111664;ENSG00000141433;ENSG00000172380;ENSG00000108379;ENSG00000169836;ENSG00000133636;ENSG00000056291;ENSG00000082556;ENSG00000168398;ENSG00000180616;ENSG00000125510;ENSG00000171509;ENSG00000122679;ENSG00000131477;ENSG00000121966;ENSG00000147571;ENSG00000129951;ENSG00000078369;ENSG00000080293;ENSG00000151882;ENSG00000036828;ENSG00000164251;ENSG00000183840;ENSG00000115263;ENSG00000145708;ENSG00000142192;ENSG00000197746;ENSG00000198049;ENSG00000144407;ENSG00000177283;ENSG00000186188;ENSG00000006638;ENSG00000043591;ENSG00000168830;ENSG00000177464;ENSG00000163485;ENSG00000181072;ENSG00000182631;ENSG00000175868;ENSG00000178473;ENSG00000188064;ENSG00000169884;ENSG00000166148;ENSG00000102539;ENSG00000274286;ENSG00000124875;ENSG00000147437;ENSG00000180720;ENSG00000111432;ENSG00000196277;ENSG00000180914;ENSG00000184451"
"REACTOME","REACTOME_SYNDECAN_INTERACTIONS",0.00103335546628904,0.0147123984512902,0.45505986738723,-0.703839002945544,-1.76779110562166,27,"ENSG00000115414;ENSG00000138448;ENSG00000115884;ENSG00000108821;ENSG00000138685;ENSG00000164692;ENSG00000105329;ENSG00000162512;ENSG00000154229;ENSG00000130635;ENSG00000041982;ENSG00000150093;ENSG00000259207;ENSG00000168542;ENSG00000132470;ENSG00000169439;ENSG00000147044"
"REACTOME","REACTOME_DEFECTS_IN_VITAMIN_AND_COFACTOR_METABOLISM",0.00110829271962788,0.0148511224430135,0.45505986738723,0.694964125780656,1.82776349146474,21,"ENSG00000168216;ENSG00000078070;ENSG00000166126;ENSG00000169814;ENSG00000151611;ENSG00000139428;ENSG00000146085;ENSG00000119688;ENSG00000116984;ENSG00000114054"
"REACTOME","REACTOME_G_ALPHA_12_13_SIGNALLING_EVENTS",0.0011056522806935,0.0148511224430135,0.45505986738723,-0.561082094111502,-1.66896555913515,74,"ENSG00000090924;ENSG00000124126;ENSG00000113319;ENSG00000134215;ENSG00000110237;ENSG00000116584;ENSG00000176533;ENSG00000154358;ENSG00000171680;ENSG00000130762;ENSG00000136002;ENSG00000111664;ENSG00000172380;ENSG00000114346;ENSG00000155366;ENSG00000076928;ENSG00000139132;ENSG00000170776;ENSG00000146426;ENSG00000236699;ENSG00000102606;ENSG00000078369;ENSG00000165801;ENSG00000067900;ENSG00000006638;ENSG00000205726;ENSG00000146535;ENSG00000038382;ENSG00000127084;ENSG00000100485"
"REACTOME","REACTOME_RAC3_GTPASE_CYCLE",0.00109148826370035,0.0148511224430135,0.45505986738723,-0.532958117610346,-1.62642150025232,89,"ENSG00000124126;ENSG00000139641;ENSG00000047648;ENSG00000160007;ENSG00000135090;ENSG00000166398;ENSG00000092531;ENSG00000145675;ENSG00000076706;ENSG00000130669;ENSG00000101384;ENSG00000061676;ENSG00000122126;ENSG00000139211;ENSG00000161800;ENSG00000073712;ENSG00000165895;ENSG00000138443;ENSG00000273749;ENSG00000112290;ENSG00000139734;ENSG00000121871;ENSG00000135905;ENSG00000120802;ENSG00000139436;ENSG00000134909;ENSG00000150093;ENSG00000165168;ENSG00000169750;ENSG00000038382;ENSG00000035499;ENSG00000142627;ENSG00000123338;ENSG00000186716;ENSG00000173218;ENSG00000175866;ENSG00000140750;ENSG00000120318;ENSG00000028116;ENSG00000106636;ENSG00000046604"
"REACTOME","REACTOME_P75_NTR_RECEPTOR_MEDIATED_SIGNALLING",0.00107653227214513,0.0148511224430135,0.45505986738723,-0.52688474261184,-1.62494528339621,95,"ENSG00000090924;ENSG00000124126;ENSG00000113319;ENSG00000134215;ENSG00000110237;ENSG00000116584;ENSG00000110851;ENSG00000154358;ENSG00000171680;ENSG00000104312;ENSG00000130762;ENSG00000136002;ENSG00000126861;ENSG00000114346;ENSG00000076928;ENSG00000205155;ENSG00000139132;ENSG00000138613;ENSG00000170776;ENSG00000146426;ENSG00000236699;ENSG00000102606;ENSG00000143801;ENSG00000165801;ENSG00000134259;ENSG00000205726;ENSG00000038382;ENSG00000127084;ENSG00000153094;ENSG00000100485;ENSG00000163558;ENSG00000169783;ENSG00000151694;ENSG00000040608"
"REACTOME","REACTOME_DEGRADATION_OF_THE_EXTRACELLULAR_MATRIX",0.00105816345876166,0.0148511224430135,0.45505986738723,-0.512041448595911,-1.61765332350457,116,"ENSG00000142173;ENSG00000196104;ENSG00000115414;ENSG00000049089;ENSG00000139219;ENSG00000087245;ENSG00000166147;ENSG00000172270;ENSG00000053747;ENSG00000188153;ENSG00000126247;ENSG00000108821;ENSG00000142798;ENSG00000164692;ENSG00000081052;ENSG00000204248;ENSG00000050767;ENSG00000077274;ENSG00000136943;ENSG00000157227;ENSG00000160963;ENSG00000154734;ENSG00000134917;ENSG00000140873;ENSG00000159307;ENSG00000014216;ENSG00000130635;ENSG00000146197;ENSG00000168487;ENSG00000187955;ENSG00000142330;ENSG00000135862;ENSG00000143387;ENSG00000164733;ENSG00000100985;ENSG00000169031;ENSG00000163638;ENSG00000166033;ENSG00000118785;ENSG00000143537;ENSG00000091136"
"REACTOME","REACTOME_INTEGRIN_CELL_SURFACE_INTERACTIONS",0.00113600953015046,0.015045521567923,0.45505986738723,-0.578821331880215,-1.72468898862991,75,"ENSG00000142173;ENSG00000115414;ENSG00000049089;ENSG00000139219;ENSG00000138448;ENSG00000166147;ENSG00000172270;ENSG00000135424;ENSG00000154721;ENSG00000188153;ENSG00000108821;ENSG00000142798;ENSG00000164692;ENSG00000081052;ENSG00000050767;ENSG00000144668;ENSG00000166086;ENSG00000130635;ENSG00000188157;ENSG00000041982;ENSG00000150093;ENSG00000169031;ENSG00000118785;ENSG00000077943;ENSG00000259207;ENSG00000168542;ENSG00000115232;ENSG00000137809"
"REACTOME","REACTOME_SIGNALING_BY_TGF_BETA_RECEPTOR_COMPLEX",0.00121346093103223,0.0158865747177667,0.45505986738723,-0.529725016575175,-1.63109411006716,93,"ENSG00000177426;ENSG00000138448;ENSG00000166147;ENSG00000168056;ENSG00000136603;ENSG00000092969;ENSG00000049323;ENSG00000119681;ENSG00000130725;ENSG00000164692;ENSG00000157077;ENSG00000157933;ENSG00000115415;ENSG00000105329;ENSG00000118707;ENSG00000072401;ENSG00000186298;ENSG00000095739;ENSG00000196498;ENSG00000087074;ENSG00000114126;ENSG00000106799;ENSG00000132964;ENSG00000143799;ENSG00000124486;ENSG00000148498;ENSG00000136997;ENSG00000150093;ENSG00000108389;ENSG00000077943;ENSG00000259207;ENSG00000090006;ENSG00000124225;ENSG00000198176;ENSG00000101665"
"REACTOME","REACTOME_N_GLYCAN_ANTENNAE_ELONGATION_IN_THE_MEDIAL_TRANS_GOLGI",0.00128776750933913,0.0164805302599693,0.45505986738723,0.672184222261361,1.82201475405447,24,"ENSG00000128268;ENSG00000161013;ENSG00000033170;ENSG00000124302;ENSG00000179163;ENSG00000152127;ENSG00000073849;ENSG00000071073;ENSG00000168282;ENSG00000177511;ENSG00000086062"
"REACTOME","REACTOME_MITOCHONDRIAL_TRANSLATION",0.00128717248195487,0.0164805302599693,0.45505986738723,0.431268203618837,1.56356644895085,114,"ENSG00000239789;ENSG00000090263;ENSG00000061794;ENSG00000166902;ENSG00000148187;ENSG00000085760;ENSG00000130349;ENSG00000143314;ENSG00000123297;ENSG00000182154;ENSG00000122033;ENSG00000105364;ENSG00000132676;ENSG00000204568;ENSG00000242485;ENSG00000149792;ENSG00000185608;ENSG00000120662;ENSG00000125901;ENSG00000243927;ENSG00000175581;ENSG00000173141;ENSG00000055950;ENSG00000167862;ENSG00000178952;ENSG00000137547;ENSG00000266472;ENSG00000214026;ENSG00000175110;ENSG00000134056;ENSG00000102738;ENSG00000113048;ENSG00000120333;ENSG00000130312;ENSG00000180992;ENSG00000243147;ENSG00000108826;ENSG00000163319;ENSG00000131368;ENSG00000062582;ENSG00000147586;ENSG00000074071;ENSG00000204822;ENSG00000162910;ENSG00000172590;ENSG00000262814;ENSG00000159111;ENSG00000174547;ENSG00000048544;ENSG00000116221;ENSG00000198015;ENSG00000211459;ENSG00000172586;ENSG00000154719;ENSG00000004779;ENSG00000136897;ENSG00000182180;ENSG00000198712"
"REACTOME","REACTOME_CHOLESTEROL_BIOSYNTHESIS",0.00131653412012831,0.0166614706980682,0.45505986738723,0.651989142428154,1.81701021882157,27,"ENSG00000001630;ENSG00000163344;ENSG00000152904;ENSG00000160752;ENSG00000112972;ENSG00000132196;ENSG00000072310;ENSG00000173409;ENSG00000067064;ENSG00000116133;ENSG00000143815;ENSG00000147155;ENSG00000149809;ENSG00000205808;ENSG00000052802"
"REACTOME","REACTOME_COLLAGEN_FORMATION",0.00140675094024459,0.0176075749553691,0.45505986738723,-0.563601256664795,-1.69424934131609,79,"ENSG00000142173;ENSG00000130508;ENSG00000110811;ENSG00000049089;ENSG00000139219;ENSG00000138131;ENSG00000053747;ENSG00000188153;ENSG00000108821;ENSG00000164692;ENSG00000081052;ENSG00000204248;ENSG00000050767;ENSG00000149257;ENSG00000136943;ENSG00000129038;ENSG00000160963;ENSG00000169436;ENSG00000152952;ENSG00000090530;ENSG00000113083;ENSG00000130635;ENSG00000168487;ENSG00000187955;ENSG00000171502;ENSG00000164733;ENSG00000100985;ENSG00000166794;ENSG00000169031;ENSG00000117385;ENSG00000168542;ENSG00000163710"
"REACTOME","REACTOME_MATURATION_OF_SARS_COV_2_SPIKE_PROTEIN",0.00172663953357884,0.0213765481385467,0.45505986738723,0.573799875676826,1.7455756118569,41,"ENSG00000161013;ENSG00000131446;ENSG00000033170;ENSG00000088298;ENSG00000127022;ENSG00000152127;ENSG00000163812;ENSG00000073849;ENSG00000115275;ENSG00000130175;ENSG00000188706;ENSG00000071073;ENSG00000104219;ENSG00000168282;ENSG00000118705;ENSG00000147533;ENSG00000177239;ENSG00000126091;ENSG00000089597"
"REACTOME","REACTOME_MITOCHONDRIAL_TRANSLATION_ELONGATION",0.00182497612347707,0.0223510516627998,0.45505986738723,0.452979281131592,1.58741173497075,89,"ENSG00000239789;ENSG00000090263;ENSG00000061794;ENSG00000166902;ENSG00000143314;ENSG00000123297;ENSG00000182154;ENSG00000105364;ENSG00000132676;ENSG00000204568;ENSG00000242485;ENSG00000149792;ENSG00000185608;ENSG00000125901;ENSG00000243927;ENSG00000175581;ENSG00000173141;ENSG00000055950;ENSG00000167862;ENSG00000178952;ENSG00000137547;ENSG00000266472;ENSG00000214026;ENSG00000175110;ENSG00000134056;ENSG00000102738;ENSG00000113048;ENSG00000120333;ENSG00000130312;ENSG00000180992;ENSG00000243147;ENSG00000108826;ENSG00000163319;ENSG00000131368;ENSG00000062582;ENSG00000147586;ENSG00000074071;ENSG00000204822;ENSG00000162910;ENSG00000172590;ENSG00000262814;ENSG00000159111;ENSG00000174547;ENSG00000048544;ENSG00000116221;ENSG00000198015;ENSG00000211459;ENSG00000172586;ENSG00000154719;ENSG00000136897;ENSG00000182180"
"REACTOME","REACTOME_CELL_DEATH_SIGNALLING_VIA_NRAGE_NRIF_AND_NADE",0.00189689844682378,0.0227428140098135,0.45505986738723,-0.550284214126236,-1.63684674800891,74,"ENSG00000090924;ENSG00000124126;ENSG00000113319;ENSG00000134215;ENSG00000110237;ENSG00000116584;ENSG00000154358;ENSG00000171680;ENSG00000130762;ENSG00000136002;ENSG00000114346;ENSG00000076928;ENSG00000205155;ENSG00000139132;ENSG00000138613;ENSG00000170776;ENSG00000146426;ENSG00000236699;ENSG00000102606;ENSG00000143801;ENSG00000165801;ENSG00000134259;ENSG00000205726;ENSG00000038382;ENSG00000127084;ENSG00000153094;ENSG00000100485"
"REACTOME","REACTOME_NUCLEAR_ENVELOPE_NE_REASSEMBLY",0.00189689844682378,0.0227428140098135,0.45505986738723,-0.5501314716153,-1.6363924080953,74,"ENSG00000213024;ENSG00000105568;ENSG00000167552;ENSG00000137267;ENSG00000137285;ENSG00000176014;ENSG00000163002;ENSG00000068903;ENSG00000258947;ENSG00000116030;ENSG00000127824;ENSG00000134057;ENSG00000170312;ENSG00000130724;ENSG00000157456;ENSG00000113368;ENSG00000120802;ENSG00000154222;ENSG00000139496;ENSG00000167553;ENSG00000176915;ENSG00000108424;ENSG00000083312;ENSG00000123416;ENSG00000102900;ENSG00000028116;ENSG00000100749;ENSG00000021574;ENSG00000069248;ENSG00000103275;ENSG00000120253;ENSG00000058804;ENSG00000113575;ENSG00000174106;ENSG00000101162"
"REACTOME","REACTOME_INTERLEUKIN_4_AND_INTERLEUKIN_13_SIGNALING",0.00203334828129272,0.0241248301290876,0.431707695803346,-0.531929508326685,-1.61957696233467,87,"ENSG00000073756;ENSG00000115414;ENSG00000160712;ENSG00000087245;ENSG00000123496;ENSG00000116329;ENSG00000181449;ENSG00000145675;ENSG00000012779;ENSG00000069667;ENSG00000138685;ENSG00000131724;ENSG00000164692;ENSG00000166888;ENSG00000115415;ENSG00000105329;ENSG00000113916;ENSG00000150907;ENSG00000089685;ENSG00000075618;ENSG00000124762;ENSG00000141510;ENSG00000028137;ENSG00000171150;ENSG00000143384;ENSG00000136997;ENSG00000150093;ENSG00000100985"
"REACTOME","REACTOME_DRUG_ADME",0.00207783919282903,0.0241824488155532,0.431707695803346,0.46458662803524,1.60408409037924,80,"ENSG00000171234;ENSG00000085563;ENSG00000165841;ENSG00000138109;ENSG00000112759;ENSG00000197888;ENSG00000178035;ENSG00000160868;ENSG00000171428;ENSG00000198805;ENSG00000106348;ENSG00000172831;ENSG00000137491;ENSG00000243989;ENSG00000135220;ENSG00000174669;ENSG00000170099;ENSG00000084207;ENSG00000125877;ENSG00000137364;ENSG00000168803;ENSG00000261052;ENSG00000243678;ENSG00000196620;ENSG00000156096;ENSG00000187758;ENSG00000125257"
"REACTOME","REACTOME_METABOLISM_OF_NUCLEOTIDES",0.00208066723786147,0.0241824488155532,0.431707695803346,0.446444798220201,1.57426499715851,95,"ENSG00000135318;ENSG00000140057;ENSG00000130021;ENSG00000047230;ENSG00000104687;ENSG00000178035;ENSG00000100938;ENSG00000187097;ENSG00000198805;ENSG00000188641;ENSG00000205309;ENSG00000106348;ENSG00000114491;ENSG00000239900;ENSG00000198931;ENSG00000112667;ENSG00000129187;ENSG00000275074;ENSG00000165609;ENSG00000125877;ENSG00000168803;ENSG00000166548;ENSG00000243678;ENSG00000159131;ENSG00000103024;ENSG00000116337;ENSG00000136810;ENSG00000130717;ENSG00000122643;ENSG00000166321;ENSG00000163655;ENSG00000198276;ENSG00000143774;ENSG00000155085;ENSG00000102967;ENSG00000162368;ENSG00000125458;ENSG00000143179;ENSG00000170222;ENSG00000165704;ENSG00000133805;ENSG00000101347"
"REACTOME","REACTOME_RAC1_GTPASE_CYCLE",0.00212632895559725,0.0244635220244976,0.354819512103747,-0.457568624274188,-1.51290061699544,176,"ENSG00000090924;ENSG00000124126;ENSG00000147459;ENSG00000113319;ENSG00000134215;ENSG00000139641;ENSG00000160007;ENSG00000135090;ENSG00000166398;ENSG00000092531;ENSG00000031081;ENSG00000128656;ENSG00000147251;ENSG00000145675;ENSG00000076706;ENSG00000132970;ENSG00000006607;ENSG00000130669;ENSG00000136002;ENSG00000101384;ENSG00000120278;ENSG00000128512;ENSG00000114346;ENSG00000061676;ENSG00000152767;ENSG00000139211;ENSG00000150760;ENSG00000088387;ENSG00000138639;ENSG00000161800;ENSG00000073712;ENSG00000146426;ENSG00000122966;ENSG00000165895;ENSG00000145703;ENSG00000102606;ENSG00000138443;ENSG00000273749;ENSG00000112290;ENSG00000139734;ENSG00000275832;ENSG00000135905;ENSG00000137843;ENSG00000129219;ENSG00000120802;ENSG00000117461;ENSG00000139436;ENSG00000134909;ENSG00000150093;ENSG00000196935;ENSG00000165168;ENSG00000123329;ENSG00000038382;ENSG00000004777;ENSG00000140575;ENSG00000035499;ENSG00000142627;ENSG00000100485;ENSG00000123338;ENSG00000186716;ENSG00000173218;ENSG00000175866;ENSG00000140750;ENSG00000120318;ENSG00000028116;ENSG00000196155;ENSG00000071205;ENSG00000106636;ENSG00000180448;ENSG00000163219;ENSG00000138640;ENSG00000160293;ENSG00000097096;ENSG00000143322;ENSG00000047365;ENSG00000115935;ENSG00000099331;ENSG00000128805;ENSG00000174106;ENSG00000006740;ENSG00000186635;ENSG00000154783"
"REACTOME","REACTOME_DENGUE_VIRUS_ATTACHMENT_AND_ENTRY",0.00219665791472147,0.0247722115333441,0.431707695803346,-0.630097234615175,-1.70201739621617,41,"ENSG00000183098;ENSG00000160932;ENSG00000115884;ENSG00000145675;ENSG00000076716;ENSG00000153208;ENSG00000063660;ENSG00000142798;ENSG00000113249;ENSG00000042753;ENSG00000196961;ENSG00000147257;ENSG00000162512;ENSG00000184500;ENSG00000188157"
"REACTOME","REACTOME_HS_GAG_BIOSYNTHESIS",0.00219597808848277,0.0247722115333441,0.431707695803346,-0.660173772723833,-1.6968416373848,31,"ENSG00000185352;ENSG00000125430;ENSG00000183098;ENSG00000115884;ENSG00000076716;ENSG00000063660;ENSG00000142798;ENSG00000122254;ENSG00000002587;ENSG00000147257;ENSG00000162512;ENSG00000138653;ENSG00000164100;ENSG00000171004;ENSG00000188157;ENSG00000138604;ENSG00000162694;ENSG00000151348;ENSG00000182601;ENSG00000179399;ENSG00000169439"
"REACTOME","REACTOME_SARS_COV_1_HOST_INTERACTIONS",0.00256349908140919,0.0286257397424026,0.431707695803346,0.434929179021695,1.53253612391811,94,"ENSG00000143627;ENSG00000166949;ENSG00000112306;ENSG00000115267;ENSG00000110700;ENSG00000198034;ENSG00000164587;ENSG00000123609;ENSG00000149476;ENSG00000171858;ENSG00000088888;ENSG00000231500;ENSG00000156508;ENSG00000142937;ENSG00000133661;ENSG00000186468;ENSG00000168028;ENSG00000145425;ENSG00000121060;ENSG00000137154;ENSG00000118181;ENSG00000138326;ENSG00000149273;ENSG00000197728;ENSG00000143947;ENSG00000171863;ENSG00000177954;ENSG00000135486;ENSG00000124614;ENSG00000233927;ENSG00000213741;ENSG00000134419"
"REACTOME","REACTOME_XENOBIOTICS",0.00270973885307313,0.029964976249032,0.431707695803346,0.730227834217223,1.79519628336551,16,"ENSG00000165841;ENSG00000138109;ENSG00000160870;ENSG00000134716;ENSG00000160868"
"REACTOME","REACTOME_SUMOYLATION_OF_TRANSCRIPTION_COFACTORS",0.00287966050318278,0.0315378203185114,0.335068558717014,-0.618711473299118,-1.68629227871844,43,"ENSG00000256683;ENSG00000130726;ENSG00000033800;ENSG00000116030;ENSG00000196498;ENSG00000169375;ENSG00000173894;ENSG00000111752;ENSG00000131788;ENSG00000180530;ENSG00000141570;ENSG00000134686;ENSG00000204209;ENSG00000103275;ENSG00000108654;ENSG00000005339;ENSG00000188612"
"REACTOME","REACTOME_COLLAGEN_CHAIN_TRIMERIZATION",0.0030288132732569,0.032855412554663,0.431707695803346,-0.63891529495131,-1.7031635264788,38,"ENSG00000142173;ENSG00000049089;ENSG00000139219;ENSG00000188153;ENSG00000108821;ENSG00000164692;ENSG00000081052;ENSG00000204248;ENSG00000050767;ENSG00000160963;ENSG00000169436;ENSG00000130635;ENSG00000187955;ENSG00000171502"
"REACTOME","REACTOME_VOLTAGE_GATED_POTASSIUM_CHANNELS",0.00308166409861325,0.0331133529086839,0.326351610990907,-0.631366868434883,-1.68304160292074,38,"ENSG00000184156;ENSG00000075043;ENSG00000129159;ENSG00000143473;ENSG00000131398;ENSG00000158445;ENSG00000171126;ENSG00000164794;ENSG00000173826;ENSG00000170745;ENSG00000182674"
"REACTOME","REACTOME_CLASS_B_2_SECRETIN_FAMILY_RECEPTORS",0.00311835577604536,0.033194460083324,0.310776919977249,-0.544261805547129,-1.62659619203341,76,"ENSG00000087460;ENSG00000155760;ENSG00000174804;ENSG00000215644;ENSG00000164930;ENSG00000114251;ENSG00000128602;ENSG00000176533;ENSG00000143816;ENSG00000112164;ENSG00000111664;ENSG00000141433;ENSG00000172380;ENSG00000108379;ENSG00000122679;ENSG00000131477;ENSG00000147571;ENSG00000078369;ENSG00000080293;ENSG00000115263;ENSG00000145708;ENSG00000144407;ENSG00000177283;ENSG00000175868;ENSG00000178473;ENSG00000188064;ENSG00000169884"
"REACTOME","REACTOME_TRIGLYCERIDE_METABOLISM",0.00333597061752246,0.0345424593941644,0.431707695803346,0.59599642003522,1.72092155048547,32,"ENSG00000006757;ENSG00000105355;ENSG00000134324;ENSG00000172531;ENSG00000132793;ENSG00000164434;ENSG00000198814;ENSG00000142875;ENSG00000074416;ENSG00000062282"
"REACTOME","REACTOME_POTASSIUM_CHANNELS",0.0033195020746888,0.0345424593941644,0.29723292199973,-0.513686322570234,-1.57213359185097,90,"ENSG00000184156;ENSG00000164588;ENSG00000075043;ENSG00000129159;ENSG00000143473;ENSG00000099822;ENSG00000176533;ENSG00000124780;ENSG00000131398;ENSG00000158445;ENSG00000006071;ENSG00000168135;ENSG00000111664;ENSG00000121361;ENSG00000138622;ENSG00000135750;ENSG00000172380;ENSG00000171126;ENSG00000197584;ENSG00000171303;ENSG00000164794;ENSG00000173826;ENSG00000170745;ENSG00000078369;ENSG00000182674"
"REACTOME","REACTOME_AEROBIC_RESPIRATION_AND_RESPIRATORY_ELECTRON_TRANSPORT",0.00329686620008625,0.0345424593941644,0.431707695803346,0.334658724364486,1.33928717274785,257,"ENSG00000004864;ENSG00000181061;ENSG00000105379;ENSG00000143627;ENSG00000244005;ENSG00000100577;ENSG00000131828;ENSG00000004961;ENSG00000128609;ENSG00000232838;ENSG00000151413;ENSG00000090266;ENSG00000167701;ENSG00000140740;ENSG00000241468;ENSG00000005882;ENSG00000091140;ENSG00000113845;ENSG00000204370;ENSG00000158864;ENSG00000136521;ENSG00000156411;ENSG00000164182;ENSG00000171503;ENSG00000133983;ENSG00000128585;ENSG00000183978;ENSG00000154079;ENSG00000166260;ENSG00000135070;ENSG00000082212;ENSG00000180185;ENSG00000196636;ENSG00000137806;ENSG00000073578;ENSG00000148290;ENSG00000011295;ENSG00000184983;ENSG00000143947;ENSG00000091483;ENSG00000165264;ENSG00000183605;ENSG00000165898;ENSG00000167863;ENSG00000267855;ENSG00000135390;ENSG00000163626;ENSG00000127184;ENSG00000134333;ENSG00000178127;ENSG00000250317;ENSG00000240230;ENSG00000183513;ENSG00000178057;ENSG00000138495;ENSG00000142082;ENSG00000187118;ENSG00000153291;ENSG00000075239;ENSG00000110074;ENSG00000184857;ENSG00000119421;ENSG00000159199;ENSG00000100209;ENSG00000087299;ENSG00000145337;ENSG00000140990;ENSG00000168653;ENSG00000151366;ENSG00000143158;ENSG00000177542;ENSG00000184076;ENSG00000067829;ENSG00000169020;ENSG00000137038;ENSG00000153561;ENSG00000130159;ENSG00000063854;ENSG00000134056;ENSG00000189043;ENSG00000221983;ENSG00000173915;ENSG00000152256;ENSG00000183648;ENSG00000156170;ENSG00000176340;ENSG00000163541;ENSG00000154723;ENSG00000204922;ENSG00000151729;ENSG00000100412;ENSG00000171204;ENSG00000065518;ENSG00000214756;ENSG00000171202;ENSG00000167985;ENSG00000127838;ENSG00000147684;ENSG00000117118;ENSG00000014919;ENSG00000109390;ENSG00000186687;ENSG00000115944;ENSG00000170315;ENSG00000136463;ENSG00000160194;ENSG00000178449"
"REACTOME","REACTOME_LONG_TERM_POTENTIATION",0.00347509515141486,0.0349053051861062,0.318279675040437,-0.722237510159837,-1.73767827972778,22,"ENSG00000150672;ENSG00000183454;ENSG00000077522;ENSG00000157168;ENSG00000176884;ENSG00000277586;ENSG00000178568;ENSG00000120251;ENSG00000132535"
"REACTOME","REACTOME_UNBLOCKING_OF_NMDA_RECEPTORS_GLUTAMATE_BINDING_AND_ACTIVATION",0.00349359507569456,0.0349053051861062,0.318279675040437,-0.728620844603487,-1.71915394155435,20,"ENSG00000150672;ENSG00000183454;ENSG00000077522;ENSG00000152578;ENSG00000176884;ENSG00000277586;ENSG00000120251;ENSG00000132535"
"REACTOME","REACTOME_TP53_REGULATES_TRANSCRIPTION_OF_GENES_INVOLVED_IN_CYTOCHROME_C_RELEASE",0.00349359507569456,0.0349053051861062,0.318279675040437,-0.728504384473827,-1.71887915818462,20,"ENSG00000115107;ENSG00000197050;ENSG00000141391;ENSG00000078900;ENSG00000087088;ENSG00000141510;ENSG00000170855;ENSG00000164938;ENSG00000105327;ENSG00000042286;ENSG00000120471;ENSG00000149311;ENSG00000088808;ENSG00000143514;ENSG00000005339"
"REACTOME","REACTOME_SIGNALING_BY_MET",0.00342612419700214,0.0349053051861062,0.29723292199973,-0.542663140514409,-1.6141774995776,74,"ENSG00000101680;ENSG00000115414;ENSG00000139219;ENSG00000167642;ENSG00000053747;ENSG00000145675;ENSG00000108821;ENSG00000164692;ENSG00000107295;ENSG00000204248;ENSG00000167578;ENSG00000172037;ENSG00000179295;ENSG00000130635;ENSG00000171502;ENSG00000135862;ENSG00000136738;ENSG00000150093;ENSG00000091136;ENSG00000196569;ENSG00000168542;ENSG00000133703;ENSG00000147010;ENSG00000109758;ENSG00000167193"
"REACTOME","REACTOME_ASPARAGINE_N_LINKED_GLYCOSYLATION",0.00361054216039976,0.0357600653973506,0.431707695803346,0.323140290162461,1.30968336588333,300,"ENSG00000128268;ENSG00000161013;ENSG00000131446;ENSG00000033170;ENSG00000101638;ENSG00000196459;ENSG00000114270;ENSG00000158623;ENSG00000100522;ENSG00000088298;ENSG00000124302;ENSG00000151150;ENSG00000179085;ENSG00000105829;ENSG00000120697;ENSG00000135775;ENSG00000179163;ENSG00000159921;ENSG00000198898;ENSG00000100417;ENSG00000064601;ENSG00000070182;ENSG00000127022;ENSG00000152127;ENSG00000163933;ENSG00000242247;ENSG00000112699;ENSG00000197249;ENSG00000164597;ENSG00000088035;ENSG00000214160;ENSG00000073849;ENSG00000033011;ENSG00000198734;ENSG00000115275;ENSG00000185010;ENSG00000130175;ENSG00000136908;ENSG00000172269;ENSG00000206560;ENSG00000137100;ENSG00000143786;ENSG00000071073;ENSG00000168434;ENSG00000213380;ENSG00000143947;ENSG00000159063;ENSG00000135838;ENSG00000121542;ENSG00000054116;ENSG00000166685;ENSG00000145362;ENSG00000168282;ENSG00000169223;ENSG00000134287;ENSG00000128039;ENSG00000254685;ENSG00000111481;ENSG00000103051;ENSG00000170043;ENSG00000111726;ENSG00000175283;ENSG00000118705;ENSG00000138073;ENSG00000162298;ENSG00000167632;ENSG00000261456;ENSG00000177511;ENSG00000126062;ENSG00000204308;ENSG00000157353;ENSG00000134265;ENSG00000164414;ENSG00000093183;ENSG00000071537;ENSG00000177239;ENSG00000174871;ENSG00000086062;ENSG00000104671;ENSG00000126091"
"REACTOME","REACTOME_MRNA_3_END_PROCESSING",0.00396520849322077,0.0389342454636074,0.260820567718869,-0.462179433485717,-1.50530001089867,152,"ENSG00000063244;ENSG00000154548;ENSG00000104852;ENSG00000125755;ENSG00000170144;ENSG00000104824;ENSG00000131876;ENSG00000099817;ENSG00000105258;ENSG00000011304;ENSG00000125743;ENSG00000115524;ENSG00000125944;ENSG00000123136;ENSG00000128739;ENSG00000138668;ENSG00000161265;ENSG00000102241;ENSG00000136450;ENSG00000153187;ENSG00000147274;ENSG00000134453;ENSG00000077312;ENSG00000136527;ENSG00000117751;ENSG00000102978;ENSG00000112081;ENSG00000089280;ENSG00000092199;ENSG00000145216;ENSG00000111786;ENSG00000003756;ENSG00000165119;ENSG00000145833;ENSG00000099783;ENSG00000122257;ENSG00000163714;ENSG00000136709;ENSG00000111605;ENSG00000115875;ENSG00000133226;ENSG00000188529;ENSG00000105705;ENSG00000135829;ENSG00000198563;ENSG00000113649;ENSG00000087087;ENSG00000108654;ENSG00000265241;ENSG00000124193;ENSG00000099995;ENSG00000198231;ENSG00000144231;ENSG00000125676;ENSG00000167005;ENSG00000100227;ENSG00000177613;ENSG00000122566;ENSG00000126698;ENSG00000058673"
"REACTOME","REACTOME_TP53_REGULATES_TRANSCRIPTION_OF_CELL_CYCLE_GENES",0.00404676258992806,0.0393954067515219,0.279865652661932,-0.593373041302018,-1.6560281635881,49,"ENSG00000145632;ENSG00000088038;ENSG00000116717;ENSG00000126457;ENSG00000144580;ENSG00000165891;ENSG00000149115;ENSG00000158402;ENSG00000105173;ENSG00000116017;ENSG00000114126;ENSG00000134057;ENSG00000087088;ENSG00000151849;ENSG00000161642;ENSG00000124762;ENSG00000170312;ENSG00000141510;ENSG00000087586;ENSG00000090097"
"REACTOME","REACTOME_SIGNALING_BY_BMP",0.00415003990422985,0.0399165921954126,0.285313392143872,-0.658468209536333,-1.6712633484665,29,"ENSG00000163430;ENSG00000137834;ENSG00000125845;ENSG00000101938;ENSG00000170365;ENSG00000204217;ENSG00000120693;ENSG00000157933;ENSG00000072401"
"REACTOME","REACTOME_EPH_EPHRIN_MEDIATED_REPULSION_OF_CELLS",0.00417039022937146,0.0399165921954126,0.274717458595242,-0.579893582713677,-1.62832815335375,51,"ENSG00000116106;ENSG00000254087;ENSG00000125266;ENSG00000135333;ENSG00000134215;ENSG00000087245;ENSG00000108947;ENSG00000182580;ENSG00000145242;ENSG00000133216;ENSG00000070371;ENSG00000042753;ENSG00000044524;ENSG00000196961;ENSG00000205155;ENSG00000138613;ENSG00000143801;ENSG00000070886"
"REACTOME","REACTOME_EPIGENETIC_REGULATION_OF_GENE_EXPRESSION",0.00438697760332487,0.0416397290848919,0.235141995561108,-0.408382201773803,-1.41431765656879,302,"ENSG00000198093;ENSG00000196724;ENSG00000083844;ENSG00000011332;ENSG00000110987;ENSG00000273604;ENSG00000004799;ENSG00000071655;ENSG00000130726;ENSG00000104884;ENSG00000272333;ENSG00000184635;ENSG00000117877;ENSG00000088305;ENSG00000139289;ENSG00000175445;ENSG00000099817;ENSG00000145284;ENSG00000076053;ENSG00000130844;ENSG00000132475;ENSG00000175322;ENSG00000119772;ENSG00000170004;ENSG00000170100;ENSG00000115524;ENSG00000198538;ENSG00000175221;ENSG00000147872;ENSG00000152433;ENSG00000196417;ENSG00000079435;ENSG00000173041;ENSG00000197134;ENSG00000196498;ENSG00000009954;ENSG00000057935;ENSG00000169375;ENSG00000082014;ENSG00000162521;ENSG00000187605;ENSG00000139372;ENSG00000161298;ENSG00000164091;ENSG00000171681;ENSG00000033030;ENSG00000136518;ENSG00000008083;ENSG00000133422;ENSG00000132964;ENSG00000076108;ENSG00000097007;ENSG00000188486;ENSG00000136715;ENSG00000168661;ENSG00000168769;ENSG00000267680;ENSG00000094916;ENSG00000197061;ENSG00000124151;ENSG00000198039;ENSG00000111707;ENSG00000141380;ENSG00000129292;ENSG00000182141;ENSG00000133884;ENSG00000111058;ENSG00000127511;ENSG00000184402;ENSG00000205683;ENSG00000083812;ENSG00000096717;ENSG00000163041;ENSG00000161526;ENSG00000105968;ENSG00000011243;ENSG00000145919;ENSG00000082701;ENSG00000073584;ENSG00000025293;ENSG00000160563;ENSG00000049618;ENSG00000054267;ENSG00000103275"
"REACTOME","REACTOME_NEGATIVE_REGULATION_OF_NMDA_RECEPTOR_MEDIATED_NEURONAL_TRANSMISSION",0.00466900116725029,0.0439503498305627,0.274717458595242,-0.711991051047743,-1.69585828430498,21,"ENSG00000150672;ENSG00000183454;ENSG00000077522;ENSG00000152495;ENSG00000176884;ENSG00000277586;ENSG00000175175;ENSG00000132535"
"REACTOME","REACTOME_MAPK1_MAPK3_SIGNALING",0.00473260766682442,0.0441839355124018,0.229089382980959,-0.420028808671785,-1.43434924482608,250,"ENSG00000115414;ENSG00000136848;ENSG00000150672;ENSG00000129946;ENSG00000077522;ENSG00000160712;ENSG00000185737;ENSG00000146013;ENSG00000058335;ENSG00000113319;ENSG00000143507;ENSG00000188130;ENSG00000160460;ENSG00000188766;ENSG00000120875;ENSG00000013275;ENSG00000134352;ENSG00000099341;ENSG00000105568;ENSG00000011485;ENSG00000145675;ENSG00000157168;ENSG00000066468;ENSG00000156973;ENSG00000160867;ENSG00000129968;ENSG00000036257;ENSG00000138685;ENSG00000176884;ENSG00000144730;ENSG00000158186;ENSG00000186298;ENSG00000089220;ENSG00000041357;ENSG00000277586;ENSG00000113070;ENSG00000178568;ENSG00000151892;ENSG00000065675;ENSG00000075391;ENSG00000107362;ENSG00000179295;ENSG00000134853;ENSG00000169047;ENSG00000104695;ENSG00000170312;ENSG00000173692;ENSG00000169032;ENSG00000134962;ENSG00000163235;ENSG00000146648;ENSG00000111344;ENSG00000089234;ENSG00000172575;ENSG00000132535;ENSG00000136379;ENSG00000103653"
"REACTOME","REACTOME_SYNAPTIC_ADHESION_LIKE_MOLECULES",0.00482448843786392,0.0446755474042846,0.269842314478839,-0.716389108802734,-1.69029361320984,20,"ENSG00000105426;ENSG00000183454;ENSG00000153707;ENSG00000152578;ENSG00000128011;ENSG00000176884;ENSG00000126243;ENSG00000156564"
"REACTOME","REACTOME_MAPK_FAMILY_SIGNALING_CASCADES",0.00498955674170341,0.045831492974195,0.220823464091113,-0.408830186366969,-1.41109411451659,290,"ENSG00000115414;ENSG00000136848;ENSG00000150672;ENSG00000129946;ENSG00000077522;ENSG00000160712;ENSG00000185737;ENSG00000146013;ENSG00000058335;ENSG00000113319;ENSG00000143507;ENSG00000188130;ENSG00000160460;ENSG00000188766;ENSG00000087245;ENSG00000120875;ENSG00000013275;ENSG00000134352;ENSG00000099341;ENSG00000105568;ENSG00000011485;ENSG00000141639;ENSG00000145675;ENSG00000157168;ENSG00000066468;ENSG00000156973;ENSG00000160867;ENSG00000129968;ENSG00000036257;ENSG00000138685;ENSG00000176884;ENSG00000144730;ENSG00000158186;ENSG00000186298;ENSG00000089220;ENSG00000150907;ENSG00000041357;ENSG00000277586;ENSG00000113070;ENSG00000178568;ENSG00000151892;ENSG00000065675;ENSG00000075391;ENSG00000107362;ENSG00000179295;ENSG00000134853;ENSG00000169047;ENSG00000104695;ENSG00000170312;ENSG00000126070;ENSG00000173692;ENSG00000169032;ENSG00000134962;ENSG00000163235;ENSG00000146648;ENSG00000111344;ENSG00000089234;ENSG00000172575;ENSG00000132535;ENSG00000136997;ENSG00000136379;ENSG00000167617;ENSG00000092847;ENSG00000103653;ENSG00000106211;ENSG00000140575;ENSG00000070388;ENSG00000078687;ENSG00000259207;ENSG00000124151;ENSG00000158815"
"REACTOME","REACTOME_MRNA_POLYADENYLATION",0.00512416239653134,0.0464586022854043,0.232056818075608,-0.476839995870737,-1.52207479648532,127,"ENSG00000063244;ENSG00000154548;ENSG00000104852;ENSG00000125755;ENSG00000170144;ENSG00000104824;ENSG00000131876;ENSG00000099817;ENSG00000105258;ENSG00000011304;ENSG00000125743;ENSG00000115524;ENSG00000125944;ENSG00000128739;ENSG00000138668;ENSG00000161265;ENSG00000102241;ENSG00000136450;ENSG00000153187;ENSG00000147274;ENSG00000134453;ENSG00000077312;ENSG00000136527;ENSG00000117751;ENSG00000102978;ENSG00000112081;ENSG00000089280;ENSG00000092199;ENSG00000145216;ENSG00000111786;ENSG00000003756;ENSG00000165119;ENSG00000145833;ENSG00000099783;ENSG00000122257;ENSG00000163714;ENSG00000136709;ENSG00000111605;ENSG00000115875;ENSG00000188529;ENSG00000105705;ENSG00000135829;ENSG00000113649;ENSG00000087087"
"REACTOME","REACTOME_RHOA_GTPASE_CYCLE",0.00513940639856097,0.0464586022854043,0.229089382980959,-0.462737698011165,-1.49988697745028,145,"ENSG00000131941;ENSG00000124126;ENSG00000113319;ENSG00000134215;ENSG00000047648;ENSG00000160007;ENSG00000110237;ENSG00000116584;ENSG00000092531;ENSG00000154358;ENSG00000031081;ENSG00000171680;ENSG00000145675;ENSG00000076706;ENSG00000108561;ENSG00000136002;ENSG00000198826;ENSG00000161791;ENSG00000114346;ENSG00000076928;ENSG00000066933;ENSG00000152767;ENSG00000138639;ENSG00000177469;ENSG00000161800;ENSG00000170776;ENSG00000122966;ENSG00000165895;ENSG00000102606;ENSG00000241484;ENSG00000139734;ENSG00000275832;ENSG00000165801;ENSG00000120802;ENSG00000067900;ENSG00000134909;ENSG00000196935;ENSG00000123329;ENSG00000038382;ENSG00000140575;ENSG00000213390;ENSG00000035499;ENSG00000169851;ENSG00000119139;ENSG00000186716;ENSG00000011426;ENSG00000173218;ENSG00000120318;ENSG00000196155;ENSG00000071205;ENSG00000106636;ENSG00000204178;ENSG00000180448"
"REACTOME","REACTOME_SIGNALING_BY_NTRK3_TRKC",0.00524534686971235,0.0470429140519872,0.260820567718869,-0.758918374316065,-1.70908345151642,16,"ENSG00000105426;ENSG00000140538;ENSG00000124181;ENSG00000145675;ENSG00000151490;ENSG00000087088;ENSG00000169047"
"REACTOME","REACTOME_TRANSCRIPTIONAL_REGULATION_BY_TP53",0.00531914893617021,0.0473321143617021,0.211070537868325,-0.392787480981535,-1.37441462111901,352,"ENSG00000145632;ENSG00000118046;ENSG00000088038;ENSG00000197299;ENSG00000196235;ENSG00000071655;ENSG00000104884;ENSG00000105568;ENSG00000105221;ENSG00000116717;ENSG00000126457;ENSG00000144580;ENSG00000149212;ENSG00000115107;ENSG00000105220;ENSG00000126267;ENSG00000161281;ENSG00000099817;ENSG00000151615;ENSG00000197050;ENSG00000105258;ENSG00000165891;ENSG00000136492;ENSG00000141391;ENSG00000170004;ENSG00000149115;ENSG00000115419;ENSG00000078900;ENSG00000168395;ENSG00000158402;ENSG00000113916;ENSG00000185386;ENSG00000105173;ENSG00000116017;ENSG00000118515;ENSG00000114126;ENSG00000170633;ENSG00000140525;ENSG00000089685;ENSG00000134057;ENSG00000183955;ENSG00000162521;ENSG00000087088;ENSG00000151849;ENSG00000161642;ENSG00000138794;ENSG00000172115;ENSG00000140464;ENSG00000178741;ENSG00000124762;ENSG00000133119;ENSG00000104695;ENSG00000170312;ENSG00000138346;ENSG00000126070;ENSG00000141510;ENSG00000174371;ENSG00000115966;ENSG00000104881;ENSG00000087586;ENSG00000178913;ENSG00000138376;ENSG00000111445;ENSG00000170027;ENSG00000088325;ENSG00000198431;ENSG00000100425;ENSG00000165699;ENSG00000090097;ENSG00000092847;ENSG00000176749;ENSG00000102978;ENSG00000163781;ENSG00000165632;ENSG00000144554;ENSG00000270647;ENSG00000078687;ENSG00000152192;ENSG00000170855;ENSG00000164938;ENSG00000177302;ENSG00000105327;ENSG00000186654;ENSG00000185379;ENSG00000113456;ENSG00000042286;ENSG00000178999;ENSG00000123374;ENSG00000276293;ENSG00000134308;ENSG00000171862;ENSG00000163349;ENSG00000198176;ENSG00000011007;ENSG00000111596;ENSG00000204209;ENSG00000154582;ENSG00000187555;ENSG00000025293;ENSG00000120471;ENSG00000123908;ENSG00000101412;ENSG00000111775;ENSG00000130699;ENSG00000149311;ENSG00000170345;ENSG00000137713;ENSG00000083168;ENSG00000088808"
"REACTOME","REACTOME_COLLAGEN_BIOSYNTHESIS_AND_MODIFYING_ENZYMES",0.00539122832580504,0.0476016206441236,0.238352921646911,-0.556495800143332,-1.60480974451435,60,"ENSG00000142173;ENSG00000110811;ENSG00000049089;ENSG00000139219;ENSG00000188153;ENSG00000108821;ENSG00000164692;ENSG00000081052;ENSG00000204248;ENSG00000050767;ENSG00000149257;ENSG00000160963;ENSG00000169436;ENSG00000152952;ENSG00000090530;ENSG00000130635;ENSG00000168487;ENSG00000187955;ENSG00000171502;ENSG00000166794;ENSG00000169031;ENSG00000117385;ENSG00000168542;ENSG00000163710"
"REACTOME","REACTOME_MITOTIC_G2_G2_M_PHASES",0.00577892536579368,0.0506322768587616,0.211070537868325,-0.435464939920918,-1.45362000657245,191,"ENSG00000123485;ENSG00000013275;ENSG00000183580;ENSG00000099341;ENSG00000105568;ENSG00000140534;ENSG00000112242;ENSG00000139289;ENSG00000101367;ENSG00000167552;ENSG00000137267;ENSG00000137285;ENSG00000176014;ENSG00000101004;ENSG00000117724;ENSG00000158402;ENSG00000258947;ENSG00000077380;ENSG00000127824;ENSG00000041357;ENSG00000129810;ENSG00000134057;ENSG00000162521;ENSG00000196230;ENSG00000151849;ENSG00000249115;ENSG00000124762;ENSG00000104695;ENSG00000117650;ENSG00000170312;ENSG00000141510;ENSG00000131351;ENSG00000173692;ENSG00000136122;ENSG00000111206;ENSG00000087586;ENSG00000157456;ENSG00000170027;ENSG00000088325;ENSG00000136811;ENSG00000167553;ENSG00000166851;ENSG00000267796;ENSG00000136861;ENSG00000175216;ENSG00000005249;ENSG00000114107;ENSG00000142731;ENSG00000204899;ENSG00000152193;ENSG00000075218;ENSG00000123374;ENSG00000123416;ENSG00000214367;ENSG00000213066;ENSG00000007168;ENSG00000148019;ENSG00000147400;ENSG00000183814;ENSG00000101412;ENSG00000103995;ENSG00000137713;ENSG00000205659;ENSG00000147874;ENSG00000129534;ENSG00000113575;ENSG00000101162;ENSG00000141577;ENSG00000173213;ENSG00000145386;ENSG00000166167;ENSG00000088986;ENSG00000139350;ENSG00000100804;ENSG00000214517;ENSG00000175166;ENSG00000104833;ENSG00000074054;ENSG00000188229;ENSG00000108671;ENSG00000101624;ENSG00000183785;ENSG00000164045;ENSG00000072864"
"REACTOME","REACTOME_NGF_STIMULATED_TRANSCRIPTION",0.00585696670776819,0.0509243135889158,0.235141995561108,-0.608424814851407,-1.62874846623971,39,"ENSG00000129167;ENSG00000117525;ENSG00000115738;ENSG00000125968;ENSG00000117318;ENSG00000172201;ENSG00000138386;ENSG00000125740;ENSG00000118515;ENSG00000122877;ENSG00000115966;ENSG00000171450;ENSG00000176749"
"REACTOME","REACTOME_SARS_COV_1_MODULATES_HOST_TRANSLATION_MACHINERY",0.00617977528089888,0.0533239700374532,0.310776919977249,0.556474676825437,1.64769163069318,36,"ENSG00000112306;ENSG00000110700;ENSG00000198034;ENSG00000164587;ENSG00000171858;ENSG00000231500;ENSG00000156508;ENSG00000142937;ENSG00000186468;ENSG00000168028;ENSG00000145425;ENSG00000137154;ENSG00000118181;ENSG00000138326;ENSG00000149273;ENSG00000197728;ENSG00000143947;ENSG00000171863;ENSG00000177954;ENSG00000135486;ENSG00000124614;ENSG00000233927;ENSG00000213741;ENSG00000134419"
"REACTOME","REACTOME_METABOLISM_OF_COFACTORS",0.00633078343445001,0.0542162581341245,0.29723292199973,0.621715940147647,1.69643045819092,25,"ENSG00000163050;ENSG00000137880;ENSG00000138669;ENSG00000116096;ENSG00000198668;ENSG00000167113;ENSG00000186603;ENSG00000119723;ENSG00000080824;ENSG00000167186;ENSG00000132423;ENSG00000142208;ENSG00000122729;ENSG00000088682"
"REACTOME","REACTOME_THE_ROLE_OF_GTSE1_IN_G2_M_PROGRESSION_AFTER_G2_CHECKPOINT",0.0068145570537915,0.0579237349572278,0.211070537868325,-0.539331152702346,-1.56923870249053,64,"ENSG00000013275;ENSG00000099341;ENSG00000101367;ENSG00000167552;ENSG00000137267;ENSG00000137285;ENSG00000176014;ENSG00000258947;ENSG00000127824;ENSG00000041357;ENSG00000134057;ENSG00000124762;ENSG00000170312;ENSG00000141510;ENSG00000173692;ENSG00000157456;ENSG00000167553;ENSG00000166851"
"REACTOME","REACTOME_GLUTATHIONE_CONJUGATION",0.00723947714603753,0.0610797368099018,0.407017918923954,0.62188918886509,1.75803035754178,29,"ENSG00000197448;ENSG00000100577;ENSG00000085871;ENSG00000134202;ENSG00000065621;ENSG00000170899;ENSG00000139684;ENSG00000168765;ENSG00000023909;ENSG00000178814;ENSG00000117448;ENSG00000084207;ENSG00000143198;ENSG00000128965"
"REACTOME","REACTOME_RAS_ACTIVATION_UPON_CA2_INFLUX_THROUGH_NMDA_RECEPTOR",0.00798536017301614,0.0662586822724576,0.208826601974224,-0.703927190160178,-1.66089017696126,20,"ENSG00000150672;ENSG00000077522;ENSG00000058335;ENSG00000113319;ENSG00000176884;ENSG00000277586"
"REACTOME","REACTOME_ASPIRIN_ADME",0.00802782981000803,0.0662586822724576,0.265216893779997,0.57607328876354,1.62851251951083,29,"ENSG00000171234;ENSG00000165841;ENSG00000138109;ENSG00000197888;ENSG00000160868;ENSG00000172831;ENSG00000137491;ENSG00000135220"
"REACTOME","REACTOME_CELL_SURFACE_INTERACTIONS_AT_THE_VASCULAR_WALL",0.00795041099582267,0.0662586822724576,0.18806904097585,-0.475021282702916,-1.48821924244652,109,"ENSG00000254087;ENSG00000115414;ENSG00000138448;ENSG00000172270;ENSG00000103064;ENSG00000002586;ENSG00000154721;ENSG00000115884;ENSG00000124181;ENSG00000145675;ENSG00000103257;ENSG00000153208;ENSG00000063660;ENSG00000108821;ENSG00000164692;ENSG00000092068;ENSG00000143153;ENSG00000105329;ENSG00000162512;ENSG00000168003;ENSG00000166086;ENSG00000179295;ENSG00000102181;ENSG00000184500;ENSG00000101280;ENSG00000091879;ENSG00000019582;ENSG00000150093;ENSG00000154639;ENSG00000259207;ENSG00000069849;ENSG00000110876;ENSG00000115290;ENSG00000133703;ENSG00000115232;ENSG00000182866;ENSG00000090863"
"REACTOME","REACTOME_TNFS_BIND_THEIR_PHYSIOLOGICAL_RECEPTORS",0.00823970037453184,0.067035848047084,0.252643909566276,0.646827648259266,1.70116401250245,21,"ENSG00000158813;ENSG00000067182;ENSG00000157873;ENSG00000161955;ENSG00000120659;ENSG00000215788"
"REACTOME","REACTOME_RUNX2_REGULATES_BONE_DEVELOPMENT",0.00822915018199082,0.067035848047084,0.200513180400413,-0.630096335441236,-1.61134673805474,30,"ENSG00000119042;ENSG00000137834;ENSG00000170365;ENSG00000114315;ENSG00000108821;ENSG00000074047;ENSG00000178573;ENSG00000164683;ENSG00000097007;ENSG00000068024"
"REACTOME","REACTOME_GLUCURONIDATION",0.00862919132149901,0.069215837430897,0.245188063659135,0.688845705657551,1.71419024891041,17,"ENSG00000171234;ENSG00000130958;ENSG00000197888;ENSG00000169764;ENSG00000135220;ENSG00000116704;ENSG00000196620;ENSG00000156096;ENSG00000109814;ENSG00000115652"
"REACTOME","REACTOME_TRANSLATION_OF_SARS_COV_2_STRUCTURAL_PROTEINS",0.00859872611464968,0.069215837430897,0.279865652661932,0.469835649075601,1.55025773676422,61,"ENSG00000161013;ENSG00000131446;ENSG00000033170;ENSG00000178685;ENSG00000173193;ENSG00000088298;ENSG00000102699;ENSG00000127022;ENSG00000152127;ENSG00000163812;ENSG00000073849;ENSG00000115275;ENSG00000130175;ENSG00000188706;ENSG00000071073;ENSG00000143947;ENSG00000104219;ENSG00000168282;ENSG00000118705;ENSG00000147533;ENSG00000138496;ENSG00000177239;ENSG00000126091;ENSG00000089597"
"REACTOME","REACTOME_HEDGEHOG_OFF_STATE",0.00916051408258135,0.0729638149654557,0.17632375173773,-0.485237413250808,-1.50107251817208,98,"ENSG00000087460;ENSG00000143147;ENSG00000128602;ENSG00000166813;ENSG00000013275;ENSG00000099341;ENSG00000121281;ENSG00000173175;ENSG00000107882;ENSG00000167552;ENSG00000137267;ENSG00000137285;ENSG00000176014;ENSG00000155897;ENSG00000074047;ENSG00000258947;ENSG00000127824;ENSG00000041357"
"REACTOME","REACTOME_REGULATION_OF_INSULIN_SECRETION",0.00975190018643339,0.0771348216135252,0.175004015942342,-0.515124281256252,-1.52798963749035,73,"ENSG00000087460;ENSG00000254647;ENSG00000126266;ENSG00000133019;ENSG00000176533;ENSG00000158445;ENSG00000006071;ENSG00000173175;ENSG00000123104;ENSG00000112164;ENSG00000155897;ENSG00000111664;ENSG00000123983;ENSG00000172380;ENSG00000136854;ENSG00000154229;ENSG00000129990;ENSG00000170745;ENSG00000078369;ENSG00000115263;ENSG00000156052;ENSG00000141837;ENSG00000140575;ENSG00000108946;ENSG00000005249;ENSG00000179841"
"REACTOME","REACTOME_ATTACHMENT_OF_BACTERIA_TO_EPITHELIAL_CELLS",0.00992884328975674,0.0779927759105719,0.186472629239996,-0.682602213310375,-1.64231713678378,22,"ENSG00000101680;ENSG00000115414;ENSG00000053747;ENSG00000188153;ENSG00000081052;ENSG00000172037;ENSG00000130635;ENSG00000135862;ENSG00000169031;ENSG00000091136;ENSG00000196569;ENSG00000105668"
"REACTOME","REACTOME_MET_ACTIVATES_PTK2_SIGNALING",0.0101596516690856,0.0789981271859052,0.181914998907505,-0.644343961777945,-1.61836090331045,27,"ENSG00000101680;ENSG00000115414;ENSG00000139219;ENSG00000053747;ENSG00000108821;ENSG00000164692;ENSG00000204248;ENSG00000172037;ENSG00000130635;ENSG00000171502;ENSG00000135862;ENSG00000150093;ENSG00000091136;ENSG00000196569;ENSG00000168542"
"REACTOME","REACTOME_SARS_COV_2_INFECTION",0.0101955440705251,0.0789981271859052,0.380730400722792,0.323850548925337,1.30548142568918,284,"ENSG00000161013;ENSG00000131446;ENSG00000135047;ENSG00000033170;ENSG00000046647;ENSG00000178685;ENSG00000173193;ENSG00000088298;ENSG00000185507;ENSG00000112306;ENSG00000115267;ENSG00000102699;ENSG00000204592;ENSG00000139168;ENSG00000146833;ENSG00000206503;ENSG00000110700;ENSG00000184216;ENSG00000198034;ENSG00000127022;ENSG00000152127;ENSG00000164587;ENSG00000155561;ENSG00000149476;ENSG00000171858;ENSG00000163812;ENSG00000088888;ENSG00000073849;ENSG00000100324;ENSG00000231500;ENSG00000115275;ENSG00000142937;ENSG00000133661;ENSG00000244687;ENSG00000186468;ENSG00000168028;ENSG00000145425;ENSG00000130175;ENSG00000121060;ENSG00000137154;ENSG00000215305;ENSG00000157625;ENSG00000118181;ENSG00000111679;ENSG00000188706;ENSG00000163702;ENSG00000071073;ENSG00000138326;ENSG00000149273;ENSG00000171714;ENSG00000181481;ENSG00000197728;ENSG00000143947;ENSG00000171863;ENSG00000104219;ENSG00000177954;ENSG00000139719;ENSG00000124614;ENSG00000187608;ENSG00000168282;ENSG00000196455;ENSG00000204525;ENSG00000118705;ENSG00000147533;ENSG00000233927;ENSG00000138496;ENSG00000198382;ENSG00000213741;ENSG00000138750;ENSG00000174125;ENSG00000134419;ENSG00000080824;ENSG00000075188;ENSG00000177239;ENSG00000126775;ENSG00000126091;ENSG00000142208;ENSG00000205571;ENSG00000104365;ENSG00000089597;ENSG00000178952;ENSG00000096384;ENSG00000140988;ENSG00000149806;ENSG00000152700;ENSG00000130234;ENSG00000164924;ENSG00000166887;ENSG00000132849;ENSG00000126581;ENSG00000141429;ENSG00000183735"
"REACTOME","REACTOME_CELLULAR_RESPONSES_TO_MECHANICAL_STIMULI",0.0105421686746988,0.0811319602735265,0.164313492356652,-0.482984625437591,-1.49128451008013,96,"ENSG00000087460;ENSG00000115414;ENSG00000138448;ENSG00000121281;ENSG00000176533;ENSG00000105568;ENSG00000173175;ENSG00000126247;ENSG00000196557;ENSG00000142798;ENSG00000155897;ENSG00000111664;ENSG00000172380;ENSG00000115415;ENSG00000157227;ENSG00000113448;ENSG00000131477;ENSG00000078369;ENSG00000110218;ENSG00000097007;ENSG00000105605;ENSG00000156052;ENSG00000150093;ENSG00000108946;ENSG00000005249;ENSG00000118785;ENSG00000259207;ENSG00000186654;ENSG00000168036"
"REACTOME","REACTOME_NUCLEAR_EVENTS_KINASE_AND_TRANSCRIPTION_FACTOR_ACTIVATION",0.0106367477779397,0.081310441067606,0.168819300017839,-0.535106092237786,-1.54312659853141,60,"ENSG00000129167;ENSG00000117525;ENSG00000120875;ENSG00000071242;ENSG00000105568;ENSG00000115738;ENSG00000125968;ENSG00000117318;ENSG00000172201;ENSG00000138386;ENSG00000125740;ENSG00000185386;ENSG00000118515;ENSG00000122877;ENSG00000068305;ENSG00000104695;ENSG00000115966;ENSG00000171450;ENSG00000176749;ENSG00000105053"
"REACTOME","REACTOME_ACTIVATION_OF_GENE_EXPRESSION_BY_SREBF_SREBP",0.0110497237569061,0.0839042357274401,0.235141995561108,0.507513416917378,1.5501619505063,42,"ENSG00000001630;ENSG00000101849;ENSG00000163344;ENSG00000152904;ENSG00000160752;ENSG00000112972;ENSG00000169710;ENSG00000072310;ENSG00000067064;ENSG00000142453;ENSG00000130589"
"REACTOME","REACTOME_TP53_REGULATES_TRANSCRIPTION_OF_GENES_INVOLVED_IN_G2_CELL_CYCLE_ARREST",0.0113042011135482,0.085268113035307,0.17632375173773,-0.708470478627483,-1.62841233429115,18,"ENSG00000116717;ENSG00000126457;ENSG00000158402;ENSG00000114126;ENSG00000134057;ENSG00000087088;ENSG00000161642;ENSG00000170312;ENSG00000141510;ENSG00000087586"
"REACTOME","REACTOME_MET_PROMOTES_CELL_MOTILITY",0.0114356359140782,0.0856920349087833,0.167658528065765,-0.595723304228141,-1.58120081167878,37,"ENSG00000101680;ENSG00000115414;ENSG00000139219;ENSG00000053747;ENSG00000108821;ENSG00000164692;ENSG00000204248;ENSG00000172037;ENSG00000130635;ENSG00000171502;ENSG00000135862;ENSG00000150093;ENSG00000091136;ENSG00000196569;ENSG00000168542;ENSG00000167193"
"REACTOME","REACTOME_MRNA_SPLICING",0.0117632791656561,0.0870024348680667,0.146151534304949,-0.413430881869404,-1.39120091883813,212,"ENSG00000063244;ENSG00000154548;ENSG00000104852;ENSG00000105618;ENSG00000076650;ENSG00000170144;ENSG00000104824;ENSG00000131876;ENSG00000099817;ENSG00000076053;ENSG00000105258;ENSG00000105617;ENSG00000011304;ENSG00000126254;ENSG00000125743;ENSG00000115524;ENSG00000125944;ENSG00000096401;ENSG00000168566;ENSG00000128739;ENSG00000138668;ENSG00000161265;ENSG00000102241;ENSG00000136450;ENSG00000171960;ENSG00000153187;ENSG00000147274;ENSG00000134453;ENSG00000077312;ENSG00000136527;ENSG00000240344;ENSG00000117751;ENSG00000163510;ENSG00000102978;ENSG00000112081;ENSG00000102103;ENSG00000089280;ENSG00000092199;ENSG00000111786;ENSG00000003756;ENSG00000100813;ENSG00000165119;ENSG00000145833;ENSG00000099783;ENSG00000132792;ENSG00000163714;ENSG00000115875;ENSG00000133226;ENSG00000188529;ENSG00000105705;ENSG00000135829;ENSG00000152404;ENSG00000198563;ENSG00000090470;ENSG00000113649;ENSG00000068394;ENSG00000087087;ENSG00000109971;ENSG00000108654;ENSG00000265241;ENSG00000134597;ENSG00000112739;ENSG00000124193;ENSG00000099995;ENSG00000116752;ENSG00000198231;ENSG00000143751"
"REACTOME","REACTOME_G_ALPHA_I_SIGNALLING_EVENTS",0.0117605131860299,0.0870024348680667,0.144645572264101,-0.403502428385714,-1.37464961598002,240,"ENSG00000087460;ENSG00000213694;ENSG00000184588;ENSG00000107562;ENSG00000117152;ENSG00000122585;ENSG00000179603;ENSG00000121281;ENSG00000176533;ENSG00000105568;ENSG00000164082;ENSG00000116711;ENSG00000124493;ENSG00000116329;ENSG00000182732;ENSG00000173175;ENSG00000171700;ENSG00000123104;ENSG00000152495;ENSG00000171517;ENSG00000155897;ENSG00000111664;ENSG00000183943;ENSG00000172380;ENSG00000160360;ENSG00000147509;ENSG00000154229;ENSG00000154678;ENSG00000082556;ENSG00000113448;ENSG00000138814;ENSG00000168398;ENSG00000180616;ENSG00000125510;ENSG00000182481;ENSG00000126583;ENSG00000101333;ENSG00000121966;ENSG00000104695;ENSG00000078369;ENSG00000138835;ENSG00000151882;ENSG00000091844;ENSG00000036828;ENSG00000148908;ENSG00000142192;ENSG00000197746;ENSG00000159788;ENSG00000076344;ENSG00000168830;ENSG00000141404;ENSG00000156052;ENSG00000163485;ENSG00000181072;ENSG00000004660;ENSG00000182631;ENSG00000108946;ENSG00000005249;ENSG00000123360;ENSG00000274286;ENSG00000124875;ENSG00000180720;ENSG00000156049;ENSG00000196277;ENSG00000184451;ENSG00000118260"
"REACTOME","REACTOME_SIGNALING_BY_PDGF",0.0121212121212121,0.0885003885003885,0.159153456855406,-0.543825004123647,-1.55038317530374,56,"ENSG00000142173;ENSG00000170962;ENSG00000049089;ENSG00000139219;ENSG00000124181;ENSG00000145675;ENSG00000188153;ENSG00000166888;ENSG00000115415;ENSG00000081052;ENSG00000145431;ENSG00000179295;ENSG00000134853;ENSG00000130635;ENSG00000169031;ENSG00000118785;ENSG00000168542;ENSG00000133703;ENSG00000113721;ENSG00000167193"
"REACTOME","REACTOME_SARS_COV_2_HOST_INTERACTIONS",0.0120861797162375,0.0885003885003885,0.303779434551183,0.347910237210908,1.34490870818646,187,"ENSG00000046647;ENSG00000185507;ENSG00000112306;ENSG00000115267;ENSG00000204592;ENSG00000146833;ENSG00000206503;ENSG00000110700;ENSG00000184216;ENSG00000198034;ENSG00000164587;ENSG00000155561;ENSG00000149476;ENSG00000171858;ENSG00000088888;ENSG00000100324;ENSG00000231500;ENSG00000142937;ENSG00000133661;ENSG00000244687;ENSG00000186468;ENSG00000168028;ENSG00000145425;ENSG00000121060;ENSG00000137154;ENSG00000215305;ENSG00000157625;ENSG00000118181;ENSG00000111679;ENSG00000163702;ENSG00000138326;ENSG00000149273;ENSG00000181481;ENSG00000197728;ENSG00000143947;ENSG00000171863;ENSG00000177954;ENSG00000139719;ENSG00000124614;ENSG00000187608;ENSG00000196455;ENSG00000204525;ENSG00000233927;ENSG00000198382;ENSG00000213741;ENSG00000138750;ENSG00000174125;ENSG00000134419;ENSG00000080824;ENSG00000075188;ENSG00000126775;ENSG00000142208;ENSG00000205571;ENSG00000104365;ENSG00000178952;ENSG00000096384;ENSG00000140988;ENSG00000149806;ENSG00000152700;ENSG00000164924;ENSG00000166887;ENSG00000132849;ENSG00000126581;ENSG00000183735"
"REACTOME","REACTOME_TRANSCRIPTIONAL_REGULATION_BY_RUNX2",0.0124898180830844,0.0906108458384279,0.150129441088022,-0.472718114015381,-1.47075286786813,103,"ENSG00000119042;ENSG00000137834;ENSG00000125845;ENSG00000170365;ENSG00000013275;ENSG00000099341;ENSG00000105221;ENSG00000114315;ENSG00000108821;ENSG00000074047;ENSG00000115415;ENSG00000041357;ENSG00000178573;ENSG00000134057;ENSG00000087088;ENSG00000124762;ENSG00000170312;ENSG00000173692;ENSG00000164683;ENSG00000097007;ENSG00000091831;ENSG00000109705;ENSG00000068024"
"REACTOME","REACTOME_TRANSPORT_OF_CONNEXONS_TO_THE_PLASMA_MEMBRANE",0.0128226758899949,0.0924368850550901,0.165406383146814,-0.704227173166339,-1.6186591389788,18,"ENSG00000167552;ENSG00000137267;ENSG00000137285;ENSG00000176014;ENSG00000258947;ENSG00000127824;ENSG00000167553;ENSG00000123416;ENSG00000101162;ENSG00000173213;ENSG00000104833;ENSG00000188229;ENSG00000183785"
"REACTOME","REACTOME_RESPIRATORY_ELECTRON_TRANSPORT",0.0130841121495327,0.0937283253982249,0.274717458595242,0.359484650384237,1.35826073583348,156,"ENSG00000004864;ENSG00000181061;ENSG00000105379;ENSG00000244005;ENSG00000004961;ENSG00000128609;ENSG00000232838;ENSG00000151413;ENSG00000090266;ENSG00000140740;ENSG00000113845;ENSG00000204370;ENSG00000158864;ENSG00000136521;ENSG00000164182;ENSG00000171503;ENSG00000133983;ENSG00000183978;ENSG00000166260;ENSG00000137806;ENSG00000073578;ENSG00000148290;ENSG00000011295;ENSG00000184983;ENSG00000165264;ENSG00000183605;ENSG00000267855;ENSG00000163626;ENSG00000127184;ENSG00000178127;ENSG00000250317;ENSG00000240230;ENSG00000183513;ENSG00000178057;ENSG00000138495;ENSG00000187118;ENSG00000110074;ENSG00000184857;ENSG00000119421;ENSG00000100209;ENSG00000145337;ENSG00000140990;ENSG00000168653;ENSG00000151366;ENSG00000177542;ENSG00000184076;ENSG00000137038;ENSG00000130159;ENSG00000189043;ENSG00000183648;ENSG00000156170;ENSG00000176340;ENSG00000204922;ENSG00000171204;ENSG00000065518;ENSG00000171202;ENSG00000127838;ENSG00000147684;ENSG00000117118;ENSG00000014919;ENSG00000109390;ENSG00000186687;ENSG00000115944;ENSG00000136463;ENSG00000160194;ENSG00000178449;ENSG00000108528;ENSG00000167792;ENSG00000099795;ENSG00000143252;ENSG00000164919;ENSG00000131143;ENSG00000147123;ENSG00000126602;ENSG00000004779;ENSG00000174886"
"REACTOME","REACTOME_NUCLEOTIDE_SALVAGE",0.0133872189946956,0.0947083381053312,0.198584486969905,0.620018046453206,1.65256278251164,22,"ENSG00000130021;ENSG00000100938;ENSG00000198805;ENSG00000198931;ENSG00000168803;ENSG00000166548;ENSG00000116337;ENSG00000130717;ENSG00000198276;ENSG00000143179;ENSG00000165704;ENSG00000133805"
"REACTOME","REACTOME_KINESINS",0.0133216220172742,0.0947083381053312,0.150964206987421,-0.530037881913687,-1.52414634662073,59,"ENSG00000162849;ENSG00000137807;ENSG00000167552;ENSG00000137267;ENSG00000137285;ENSG00000176014;ENSG00000121621;ENSG00000130294;ENSG00000258947;ENSG00000127824;ENSG00000161800;ENSG00000163808;ENSG00000066735;ENSG00000079616;ENSG00000090889;ENSG00000186185;ENSG00000142945;ENSG00000237649;ENSG00000138160;ENSG00000126214;ENSG00000167553;ENSG00000138778;ENSG00000138182;ENSG00000123416;ENSG00000116852;ENSG00000112984"
"REACTOME","REACTOME_RECEPTOR_TYPE_TYROSINE_PROTEIN_PHOSPHATASES",0.0141271442986882,0.0993260330629991,0.157220069393743,-0.707543595916922,-1.61311485128598,17,"ENSG00000105426;ENSG00000153707;ENSG00000131409;ENSG00000140538;ENSG00000177380;ENSG00000166387;ENSG00000184564;ENSG00000139220;ENSG00000121871"
"REACTOME","REACTOME_G_ALPHA_Q_SIGNALLING_EVENTS",0.0145163308722313,0.101436201616389,0.133462622481397,-0.422283300133638,-1.39538170544259,175,"ENSG00000139679;ENSG00000126266;ENSG00000117152;ENSG00000215644;ENSG00000133019;ENSG00000181104;ENSG00000071242;ENSG00000176533;ENSG00000152822;ENSG00000116014;ENSG00000145675;ENSG00000171700;ENSG00000123104;ENSG00000171517;ENSG00000111664;ENSG00000172380;ENSG00000169836;ENSG00000077044;ENSG00000154229;ENSG00000133636;ENSG00000056291;ENSG00000113070;ENSG00000168398;ENSG00000157680;ENSG00000065675;ENSG00000274588;ENSG00000101333;ENSG00000078369;ENSG00000138835;ENSG00000146648;ENSG00000091844;ENSG00000036828;ENSG00000164251;ENSG00000183840;ENSG00000115263;ENSG00000142192;ENSG00000198049;ENSG00000117461;ENSG00000172575;ENSG00000186188;ENSG00000006638;ENSG00000177464;ENSG00000156052;ENSG00000038382;ENSG00000116741;ENSG00000166148;ENSG00000102539;ENSG00000137672;ENSG00000133703;ENSG00000147437;ENSG00000156049;ENSG00000180914;ENSG00000118260"
"REACTOME","REACTOME_BUDDING_AND_MATURATION_OF_HIV_VIRION",0.0150753768844221,0.104700330922907,0.191387828756382,0.567688884929579,1.59813924297867,28,"ENSG00000196814;ENSG00000170248;ENSG00000167987;ENSG00000160948;ENSG00000141971;ENSG00000143947;ENSG00000049759;ENSG00000132612;ENSG00000119541;ENSG00000074319;ENSG00000086065;ENSG00000221983;ENSG00000176428;ENSG00000254505;ENSG00000170315;ENSG00000164695"
"REACTOME","REACTOME_CDC42_GTPASE_CYCLE",0.0156110044785669,0.107763236976289,0.130086070372915,-0.432638153316302,-1.40809930938535,151,"ENSG00000090924;ENSG00000157827;ENSG00000124126;ENSG00000113319;ENSG00000134215;ENSG00000160007;ENSG00000187239;ENSG00000115107;ENSG00000092531;ENSG00000031081;ENSG00000128656;ENSG00000147251;ENSG00000145675;ENSG00000130762;ENSG00000130669;ENSG00000136002;ENSG00000107957;ENSG00000120278;ENSG00000161791;ENSG00000114346;ENSG00000152767;ENSG00000139132;ENSG00000088387;ENSG00000138639;ENSG00000161800;ENSG00000165895;ENSG00000145703;ENSG00000102606;ENSG00000139734;ENSG00000160410;ENSG00000135905;ENSG00000137843;ENSG00000120802;ENSG00000139436;ENSG00000167617;ENSG00000134909;ENSG00000205726;ENSG00000196935;ENSG00000123329;ENSG00000158985;ENSG00000038382;ENSG00000004777;ENSG00000140575;ENSG00000035499;ENSG00000153404;ENSG00000127084;ENSG00000186716;ENSG00000173218;ENSG00000175866;ENSG00000140750;ENSG00000120318;ENSG00000196155;ENSG00000071205;ENSG00000106636;ENSG00000180448"
"REACTOME","REACTOME_SARS_COV_INFECTIONS",0.0165853658536585,0.113799588598296,0.354819512103747,0.291493680614733,1.20975221312747,390,"ENSG00000161013;ENSG00000131446;ENSG00000135047;ENSG00000033170;ENSG00000105639;ENSG00000046647;ENSG00000178685;ENSG00000102054;ENSG00000197943;ENSG00000143627;ENSG00000147955;ENSG00000173193;ENSG00000089356;ENSG00000088298;ENSG00000178035;ENSG00000185507;ENSG00000166949;ENSG00000112306;ENSG00000115267;ENSG00000102699;ENSG00000204592;ENSG00000139168;ENSG00000146833;ENSG00000206503;ENSG00000163399;ENSG00000110700;ENSG00000184216;ENSG00000198034;ENSG00000127022;ENSG00000152127;ENSG00000164587;ENSG00000106348;ENSG00000123609;ENSG00000159128;ENSG00000155561;ENSG00000149476;ENSG00000110958;ENSG00000171858;ENSG00000163812;ENSG00000088888;ENSG00000073849;ENSG00000100324;ENSG00000231500;ENSG00000115275;ENSG00000156508;ENSG00000142937;ENSG00000133661;ENSG00000244687;ENSG00000186468;ENSG00000168028;ENSG00000145425;ENSG00000130175;ENSG00000121060;ENSG00000137154;ENSG00000215305;ENSG00000157625;ENSG00000118181;ENSG00000111679;ENSG00000188706;ENSG00000163702;ENSG00000071073;ENSG00000138326;ENSG00000149273;ENSG00000171714;ENSG00000150459;ENSG00000181481;ENSG00000197728;ENSG00000143947;ENSG00000171863;ENSG00000104219;ENSG00000177954;ENSG00000135486;ENSG00000139719;ENSG00000004478;ENSG00000124614;ENSG00000187608;ENSG00000168282;ENSG00000196455;ENSG00000204525;ENSG00000118705;ENSG00000147533;ENSG00000233927;ENSG00000138496;ENSG00000198382;ENSG00000213741;ENSG00000138750;ENSG00000174125;ENSG00000134419;ENSG00000080824;ENSG00000075188;ENSG00000177239;ENSG00000126775;ENSG00000126091;ENSG00000142208;ENSG00000205571;ENSG00000104365;ENSG00000089597;ENSG00000178952;ENSG00000164105;ENSG00000096384;ENSG00000140988;ENSG00000141646;ENSG00000149806;ENSG00000152700;ENSG00000130234"
"REACTOME","REACTOME_RAC2_GTPASE_CYCLE",0.0168137873055906,0.114676070305794,0.131183404131763,-0.485747490673173,-1.4715227419136,84,"ENSG00000124126;ENSG00000134215;ENSG00000139641;ENSG00000160007;ENSG00000135090;ENSG00000166398;ENSG00000145675;ENSG00000076706;ENSG00000130669;ENSG00000128512;ENSG00000061676;ENSG00000150760;ENSG00000161800;ENSG00000165895;ENSG00000138443;ENSG00000273749;ENSG00000139734;ENSG00000135905;ENSG00000129219;ENSG00000120802;ENSG00000117461;ENSG00000139436;ENSG00000134909;ENSG00000150093;ENSG00000165168;ENSG00000176915;ENSG00000038382;ENSG00000140575;ENSG00000035499;ENSG00000142627;ENSG00000123338;ENSG00000186716;ENSG00000173218;ENSG00000140750;ENSG00000028116"
"REACTOME","REACTOME_COLLAGEN_DEGRADATION",0.0170200059719319,0.114708797645151,0.134646973904378,-0.543806815253889,-1.52341619575601,50,"ENSG00000142173;ENSG00000049089;ENSG00000139219;ENSG00000087245;ENSG00000188153;ENSG00000108821;ENSG00000164692;ENSG00000081052;ENSG00000204248;ENSG00000050767;ENSG00000157227;ENSG00000160963;ENSG00000130635;ENSG00000187955;ENSG00000143387;ENSG00000164733;ENSG00000100985;ENSG00000169031;ENSG00000168542;ENSG00000151694"
"REACTOME","REACTOME_INNATE_IMMUNE_SYSTEM",0.0169240808241795,0.114708797645151,0.352487857583619,0.259129666666274,1.13227331575352,843,"ENSG00000101695;ENSG00000135047;ENSG00000257335;ENSG00000140284;ENSG00000163191;ENSG00000123131;ENSG00000241685;ENSG00000172794;ENSG00000117226;ENSG00000109107;ENSG00000106299;ENSG00000197943;ENSG00000118640;ENSG00000198053;ENSG00000130429;ENSG00000169692;ENSG00000169871;ENSG00000177189;ENSG00000105514;ENSG00000163932;ENSG00000130150;ENSG00000147535;ENSG00000038002;ENSG00000155093;ENSG00000174516;ENSG00000117676;ENSG00000196549;ENSG00000178035;ENSG00000105647;ENSG00000141959;ENSG00000116039;ENSG00000185507;ENSG00000050748;ENSG00000021355;ENSG00000148218;ENSG00000142185;ENSG00000123240;ENSG00000155849;ENSG00000108984;ENSG00000115267;ENSG00000110442;ENSG00000204592;ENSG00000196776;ENSG00000198805;ENSG00000146833;ENSG00000142875;ENSG00000179163;ENSG00000114738;ENSG00000128524;ENSG00000244731;ENSG00000171132;ENSG00000118271;ENSG00000198898;ENSG00000064601;ENSG00000161057;ENSG00000132109;ENSG00000184216;ENSG00000121851;ENSG00000023697;ENSG00000106244;ENSG00000116260;ENSG00000160959;ENSG00000129226;ENSG00000084072;ENSG00000106348;ENSG00000148175;ENSG00000184381;ENSG00000127922;ENSG00000100243;ENSG00000198001;ENSG00000149476;ENSG00000160703;ENSG00000197249;ENSG00000135605;ENSG00000088888;ENSG00000162889;ENSG00000135926;ENSG00000156711;ENSG00000157131;ENSG00000114021;ENSG00000015285;ENSG00000102882;ENSG00000198668;ENSG00000100324;ENSG00000224389;ENSG00000168495;ENSG00000185475;ENSG00000169299;ENSG00000072786;ENSG00000080815;ENSG00000156508;ENSG00000133661;ENSG00000244687;ENSG00000173930;ENSG00000162736;ENSG00000026297;ENSG00000198931;ENSG00000100413;ENSG00000167925;ENSG00000130175;ENSG00000051382;ENSG00000143162;ENSG00000162704;ENSG00000111144;ENSG00000127666;ENSG00000121060;ENSG00000109072;ENSG00000197329;ENSG00000100299;ENSG00000157625;ENSG00000150455;ENSG00000111679;ENSG00000084674;ENSG00000013364;ENSG00000155097;ENSG00000079385;ENSG00000084207;ENSG00000213689;ENSG00000177606;ENSG00000181481;ENSG00000167658;ENSG00000164062;ENSG00000143947;ENSG00000117335;ENSG00000100784;ENSG00000187554;ENSG00000121691;ENSG00000081237;ENSG00000109339;ENSG00000182179;ENSG00000124570;ENSG00000164305;ENSG00000164687;ENSG00000187608;ENSG00000167996;ENSG00000196455;ENSG00000077150;ENSG00000204525;ENSG00000153395;ENSG00000164406;ENSG00000170043;ENSG00000243678;ENSG00000147533;ENSG00000169228;ENSG00000106804;ENSG00000108861;ENSG00000069974;ENSG00000119801;ENSG00000196954;ENSG00000174125;ENSG00000072958;ENSG00000127329;ENSG00000163882;ENSG00000110330;ENSG00000080824;ENSG00000197548;ENSG00000030582;ENSG00000163739;ENSG00000171298;ENSG00000057663;ENSG00000055163;ENSG00000136810;ENSG00000175582;ENSG00000078902;ENSG00000165102;ENSG00000086062;ENSG00000085719;ENSG00000055130;ENSG00000100351;ENSG00000168884;ENSG00000185187;ENSG00000135218;ENSG00000186184;ENSG00000112062;ENSG00000171130;ENSG00000148334;ENSG00000049860;ENSG00000104365;ENSG00000080618;ENSG00000151366;ENSG00000105223;ENSG00000012223;ENSG00000096384;ENSG00000185127;ENSG00000116586;ENSG00000142867;ENSG00000164430;ENSG00000102189;ENSG00000173702;ENSG00000183258;ENSG00000160213;ENSG00000100284;ENSG00000115073;ENSG00000198168;ENSG00000075651;ENSG00000131966;ENSG00000130159;ENSG00000099940;ENSG00000143753;ENSG00000138646;ENSG00000121879;ENSG00000171791;ENSG00000051620;ENSG00000079805;ENSG00000033327;ENSG00000183735;ENSG00000159720;ENSG00000108771;ENSG00000171195;ENSG00000161980;ENSG00000177885;ENSG00000013503;ENSG00000018280;ENSG00000168710;ENSG00000132664"
"REACTOME","REACTOME_RHO_GTPASES_ACTIVATE_IQGAPS",0.0177243234689033,0.118752967241652,0.135862926377654,-0.609343604584871,-1.55827573400309,30,"ENSG00000167552;ENSG00000137267;ENSG00000137285;ENSG00000176014;ENSG00000258947;ENSG00000044115;ENSG00000127824;ENSG00000145703;ENSG00000167553;ENSG00000140575;ENSG00000168036;ENSG00000123416;ENSG00000130779;ENSG00000101162;ENSG00000173213;ENSG00000104833;ENSG00000188229;ENSG00000183785;ENSG00000183856"
"REACTOME","REACTOME_DEFECTIVE_B4GALT7_CAUSES_EDS_PROGEROID_TYPE",0.0179259507455185,0.119401508182138,0.139050712469267,-0.678166856822109,-1.58152504661666,19,"ENSG00000183098;ENSG00000115884;ENSG00000076716;ENSG00000063660;ENSG00000142798;ENSG00000147257;ENSG00000162512;ENSG00000188157;ENSG00000114646;ENSG00000130287;ENSG00000182492;ENSG00000179399;ENSG00000169439"
"REACTOME","REACTOME_SUMOYLATION_OF_CHROMATIN_ORGANIZATION_PROTEINS",0.0186335403726708,0.122679783147237,0.126448470699906,-0.506804621924144,-1.48835189974382,68,"ENSG00000119042;ENSG00000213024;ENSG00000033800;ENSG00000163002;ENSG00000170004;ENSG00000116030;ENSG00000173894;ENSG00000111752;ENSG00000132182;ENSG00000139496;ENSG00000094916;ENSG00000068024;ENSG00000197061;ENSG00000141570;ENSG00000102900;ENSG00000134686;ENSG00000069248;ENSG00000103275;ENSG00000120253;ENSG00000153201;ENSG00000058804;ENSG00000188612"
"REACTOME","REACTOME_RETROGRADE_TRANSPORT_AT_THE_TRANS_GOLGI_NETWORK",0.0186186186186186,0.122679783147237,0.183397180948084,0.471617243199602,1.48376118856698,49,"ENSG00000124222;ENSG00000105355;ENSG00000123595;ENSG00000117533;ENSG00000135775;ENSG00000179562;ENSG00000164597;ENSG00000143952;ENSG00000204070;ENSG00000136935;ENSG00000135968;ENSG00000101246;ENSG00000132254;ENSG00000168434;ENSG00000213380;ENSG00000104915;ENSG00000166685;ENSG00000103051;ENSG00000134265;ENSG00000175582;ENSG00000136933;ENSG00000223501;ENSG00000107185"
"REACTOME","REACTOME_MITOCHONDRIAL_PROTEIN_DEGRADATION",0.0189732142857143,0.12419822454844,0.202498775969141,0.397021311670453,1.40557793229546,98,"ENSG00000106028;ENSG00000162600;ENSG00000131828;ENSG00000137124;ENSG00000067704;ENSG00000119673;ENSG00000023330;ENSG00000161267;ENSG00000140740;ENSG00000152620;ENSG00000115317;ENSG00000091140;ENSG00000183172;ENSG00000082212;ENSG00000005022;ENSG00000081181;ENSG00000169100;ENSG00000100575;ENSG00000091483;ENSG00000165264;ENSG00000167863;ENSG00000114054;ENSG00000075239;ENSG00000169230;ENSG00000125656;ENSG00000182199;ENSG00000083720;ENSG00000151498"
"REACTOME","REACTOME_TURBULENT_OSCILLATORY_DISTURBED_FLOW_SHEAR_STRESS_ACTIVATES_SIGNALING_BY_PIEZO1_AND_INTEGRINS_IN_ENDOTHELIAL_CELLS",0.0196819398519918,0.125942300513588,0.128489714653408,-0.600965020097751,-1.54465765052475,31,"ENSG00000115414;ENSG00000138448;ENSG00000105568;ENSG00000126247;ENSG00000115415;ENSG00000113448;ENSG00000097007;ENSG00000156052;ENSG00000150093;ENSG00000259207"
"REACTOME","REACTOME_O_GLYCOSYLATION_OF_TSR_DOMAIN_CONTAINING_PROTEINS",0.0195591431232536,0.125942300513588,0.12797030576243,-0.582002702009749,-1.53733597196485,36,"ENSG00000262655;ENSG00000112902;ENSG00000187720;ENSG00000005108;ENSG00000173157;ENSG00000136378;ENSG00000197558;ENSG00000154734;ENSG00000134917;ENSG00000140873;ENSG00000156218;ENSG00000143382;ENSG00000187676;ENSG00000163638"
"REACTOME","REACTOME_SARS_COV_2_MODULATES_HOST_TRANSLATION_MACHINERY",0.0196731234866828,0.125942300513588,0.179054499269993,0.468393014755098,1.47976334255681,50,"ENSG00000046647;ENSG00000112306;ENSG00000110700;ENSG00000198034;ENSG00000164587;ENSG00000171858;ENSG00000231500;ENSG00000142937;ENSG00000186468;ENSG00000168028;ENSG00000145425;ENSG00000137154;ENSG00000118181;ENSG00000138326;ENSG00000149273;ENSG00000197728;ENSG00000143947;ENSG00000171863;ENSG00000177954;ENSG00000124614;ENSG00000233927;ENSG00000213741;ENSG00000134419;ENSG00000205571;ENSG00000140988;ENSG00000149806"
"REACTOME","REACTOME_LATE_SARS_COV_2_INFECTION_EVENTS",0.0194848084544254,0.125942300513588,0.18806904097585,0.423902014253753,1.4376870632711,72,"ENSG00000161013;ENSG00000131446;ENSG00000033170;ENSG00000178685;ENSG00000173193;ENSG00000088298;ENSG00000102699;ENSG00000127022;ENSG00000152127;ENSG00000163812;ENSG00000073849;ENSG00000115275;ENSG00000130175;ENSG00000188706;ENSG00000071073;ENSG00000171714;ENSG00000143947;ENSG00000104219;ENSG00000168282;ENSG00000118705;ENSG00000147533;ENSG00000138496"
"REACTOME","REACTOME_GAMMA_CARBOXYLATION_HYPUSINYLATION_HYDROXYLATION_AND_ARYLSULFATASE_ACTIVATION",0.0204081632653061,0.129859765135104,0.179054499269993,0.443955341968813,1.44874806473912,58,"ENSG00000115718;ENSG00000167363;ENSG00000129103;ENSG00000157399;ENSG00000126218;ENSG00000057593;ENSG00000108963;ENSG00000161016;ENSG00000117543;ENSG00000101846;ENSG00000164291;ENSG00000166441;ENSG00000134146;ENSG00000186468;ENSG00000185010;ENSG00000006756;ENSG00000137154;ENSG00000100299;ENSG00000167658;ENSG00000170468"
"REACTOME","REACTOME_INTERLEUKIN_6_FAMILY_SIGNALING",0.0209415584415584,0.131057335521621,0.126448470699906,-0.643562808729184,-1.58287368987151,24,"ENSG00000160712;ENSG00000134352;ENSG00000095752;ENSG00000006016;ENSG00000115415;ENSG00000179295"
"REACTOME","REACTOME_SUMOYLATION_OF_DNA_METHYLATION_PROTEINS",0.0208121827411167,0.131057335521621,0.129547467550097,-0.699506017879227,-1.57528688176898,16,"ENSG00000088305;ENSG00000119772;ENSG00000116030;ENSG00000173894;ENSG00000111752;ENSG00000141570;ENSG00000134686;ENSG00000103275"
"REACTOME","REACTOME_PEROXISOMAL_LIPID_METABOLISM",0.0208939434012166,0.131057335521621,0.162190534576841,0.552006602575432,1.55399099291607,28,"ENSG00000140284;ENSG00000181513;ENSG00000005469;ENSG00000168306;ENSG00000140876;ENSG00000131373;ENSG00000177465;ENSG00000095321;ENSG00000072210;ENSG00000242612;ENSG00000113790;ENSG00000103150;ENSG00000087008;ENSG00000198721;ENSG00000101473;ENSG00000107897;ENSG00000133835;ENSG00000116171"
"REACTOME","REACTOME_CYCLIN_A_B1_B2_ASSOCIATED_EVENTS_DURING_G2_M_TRANSITION",0.0211090107120353,0.13138340546999,0.124026527381656,-0.594105514533898,-1.5332084662303,32,"ENSG00000123485;ENSG00000105568;ENSG00000140534;ENSG00000158402;ENSG00000129810;ENSG00000134057;ENSG00000104695;ENSG00000170312;ENSG00000136122;ENSG00000111206;ENSG00000157456;ENSG00000166851;ENSG00000152193;ENSG00000123374;ENSG00000137713;ENSG00000129534;ENSG00000113575;ENSG00000145386;ENSG00000214517"
"REACTOME","REACTOME_GLYCOSAMINOGLYCAN_PROTEIN_LINKAGE_REGION_BIOSYNTHESIS",0.0217006912072014,0.134331996114144,0.123558344666082,-0.610552598571489,-1.54093383490237,28,"ENSG00000103489;ENSG00000183098;ENSG00000115884;ENSG00000076716;ENSG00000063660;ENSG00000142798;ENSG00000147257;ENSG00000162512;ENSG00000155893;ENSG00000109956;ENSG00000188157;ENSG00000114646;ENSG00000130287;ENSG00000182492;ENSG00000179399;ENSG00000169439"
"REACTOME","REACTOME_RHOB_GTPASE_CYCLE",0.0220588235294118,0.135810810810811,0.115931642749028,-0.497882848145254,-1.46598970440922,69,"ENSG00000131941;ENSG00000124126;ENSG00000160007;ENSG00000110237;ENSG00000116584;ENSG00000092531;ENSG00000145675;ENSG00000076706;ENSG00000114346;ENSG00000076928;ENSG00000066933;ENSG00000177469;ENSG00000161800;ENSG00000170776;ENSG00000122966;ENSG00000139734;ENSG00000067900;ENSG00000134909;ENSG00000035499;ENSG00000169851;ENSG00000119139;ENSG00000186716;ENSG00000011426;ENSG00000173218"
"REACTOME","REACTOME_TGF_BETA_RECEPTOR_SIGNALING_ACTIVATES_SMADS",0.0226965278821584,0.138985727192357,0.116711254186642,-0.542180108962602,-1.50208190219822,47,"ENSG00000138448;ENSG00000166147;ENSG00000168056;ENSG00000092969;ENSG00000049323;ENSG00000119681;ENSG00000130725;ENSG00000157077;ENSG00000105329;ENSG00000186298;ENSG00000095739;ENSG00000087074;ENSG00000106799;ENSG00000150093;ENSG00000108389;ENSG00000077943;ENSG00000259207;ENSG00000090006;ENSG00000124225;ENSG00000101665"
"REACTOME","REACTOME_TRAFFICKING_OF_AMPA_RECEPTORS",0.0235445895823254,0.143407954728709,0.118729771541953,-0.614142043321797,-1.54250451769378,27,"ENSG00000152578;ENSG00000088367;ENSG00000196586;ENSG00000042753;ENSG00000196961;ENSG00000154229;ENSG00000126583;ENSG00000120251;ENSG00000132535;ENSG00000179841"
"REACTOME","REACTOME_PCP_CE_PATHWAY",0.0238128986534373,0.143565155136078,0.110534700747335,-0.484072295116694,-1.44671212251271,76,"ENSG00000155760;ENSG00000174804;ENSG00000164930;ENSG00000114251;ENSG00000013275;ENSG00000099341;ENSG00000162738;ENSG00000042753;ENSG00000196961;ENSG00000139174;ENSG00000154229;ENSG00000163785;ENSG00000041357;ENSG00000126583;ENSG00000173692;ENSG00000177283;ENSG00000169750"
"REACTOME","REACTOME_INTEGRATION_OF_ENERGY_METABOLISM",0.023822488429077,0.143565155136078,0.108256440008936,-0.456722784040196,-1.41832501344054,102,"ENSG00000087460;ENSG00000254647;ENSG00000118046;ENSG00000126266;ENSG00000215644;ENSG00000133019;ENSG00000121281;ENSG00000176533;ENSG00000105568;ENSG00000158445;ENSG00000006071;ENSG00000173175;ENSG00000123104;ENSG00000112164;ENSG00000155897;ENSG00000111664;ENSG00000123983;ENSG00000172380;ENSG00000136854;ENSG00000154229;ENSG00000129990;ENSG00000170745;ENSG00000104695;ENSG00000078369;ENSG00000115263;ENSG00000156052;ENSG00000141837;ENSG00000140575;ENSG00000108946;ENSG00000005249;ENSG00000179841"
"REACTOME","REACTOME_RNA_POLYMERASE_III_TRANSCRIPTION_TERMINATION",0.0243777264562484,0.144615783508682,0.147704896905467,0.587030551249775,1.5768901186491,23,"ENSG00000008441;ENSG00000121851;ENSG00000168495;ENSG00000100413;ENSG00000163882;ENSG00000186184;ENSG00000161980;ENSG00000013503;ENSG00000132664;ENSG00000138385;ENSG00000147862;ENSG00000241258;ENSG00000141905;ENSG00000148606;ENSG00000171453;ENSG00000100142"
"REACTOME","REACTOME_SIGNALING_BY_ERBB4",0.0242424242424242,0.144615783508682,0.111901382188671,-0.51805153176282,-1.47690593976954,56,"ENSG00000113327;ENSG00000082175;ENSG00000107562;ENSG00000185737;ENSG00000130203;ENSG00000268089;ENSG00000145675;ENSG00000157168;ENSG00000117632;ENSG00000205155;ENSG00000138613;ENSG00000113070;ENSG00000178568;ENSG00000143801;ENSG00000182256;ENSG00000146648;ENSG00000091831;ENSG00000132535;ENSG00000055208;ENSG00000133703;ENSG00000151694;ENSG00000169752"
"REACTOME","REACTOME_TRANSPORT_TO_THE_GOLGI_AND_SUBSEQUENT_MODIFICATION",0.0242792109256449,0.144615783508682,0.208826601974224,0.332777538472915,1.2818629416156,178,"ENSG00000128268;ENSG00000161013;ENSG00000131446;ENSG00000033170;ENSG00000196459;ENSG00000114270;ENSG00000158623;ENSG00000124302;ENSG00000151150;ENSG00000105829;ENSG00000135775;ENSG00000179163;ENSG00000198898;ENSG00000070182;ENSG00000152127;ENSG00000242247;ENSG00000197249;ENSG00000164597;ENSG00000073849;ENSG00000198734;ENSG00000185010;ENSG00000206560;ENSG00000137100;ENSG00000143786;ENSG00000071073;ENSG00000168434;ENSG00000213380;ENSG00000121542;ENSG00000054116;ENSG00000166685;ENSG00000145362;ENSG00000168282;ENSG00000169223;ENSG00000134287;ENSG00000111481;ENSG00000103051;ENSG00000170043;ENSG00000138073;ENSG00000167632;ENSG00000261456;ENSG00000177511;ENSG00000126062;ENSG00000134265;ENSG00000093183;ENSG00000174871;ENSG00000086062;ENSG00000104671"
"REACTOME","REACTOME_ARACHIDONATE_METABOLISM",0.0252433090024331,0.148974761418504,0.158177999589196,0.453351046719358,1.43875513112143,51,"ENSG00000164120;ENSG00000165841;ENSG00000138109;ENSG00000059377;ENSG00000120915;ENSG00000140043;ENSG00000134716;ENSG00000186529;ENSG00000165591;ENSG00000110958;ENSG00000162889;ENSG00000106853;ENSG00000111144"
"REACTOME","REACTOME_EPH_EPHRIN_SIGNALING",0.0255066868881842,0.149753177142484,0.105228221404324,-0.462961971845812,-1.41997330227483,91,"ENSG00000116106;ENSG00000254087;ENSG00000125266;ENSG00000135333;ENSG00000134215;ENSG00000087245;ENSG00000108947;ENSG00000182580;ENSG00000145242;ENSG00000133216;ENSG00000070371;ENSG00000105357;ENSG00000042753;ENSG00000044524;ENSG00000196961;ENSG00000176884;ENSG00000205155;ENSG00000138613;ENSG00000102606;ENSG00000163466;ENSG00000143801;ENSG00000070886;ENSG00000067900;ENSG00000205726;ENSG00000182541;ENSG00000137575;ENSG00000100985;ENSG00000106683"
"REACTOME","REACTOME_TNFR1_INDUCED_NF_KAPPA_B_SIGNALING_PATHWAY",0.0256900792566275,0.150056411657942,0.148500141871431,0.517274856190352,1.5101438320322,33,"ENSG00000204628;ENSG00000067182;ENSG00000165312;ENSG00000123240;ENSG00000056558;ENSG00000100324;ENSG00000157625;ENSG00000036672;ENSG00000143947;ENSG00000110330;ENSG00000104365;ENSG00000114316;ENSG00000221983"
"REACTOME","REACTOME_REGULATION_OF_MITF_M_DEPENDENT_GENES_INVOLVED_IN_PIGMENTATION",0.0265104808877928,0.15097718865598,0.109215847765851,-0.558939433781366,-1.49627648851671,39,"ENSG00000011332;ENSG00000110987;ENSG00000105221;ENSG00000082014;ENSG00000136518;ENSG00000107165;ENSG00000187098;ENSG00000170011;ENSG00000141380;ENSG00000168036;ENSG00000133884;ENSG00000184402;ENSG00000205683;ENSG00000118260;ENSG00000073584;ENSG00000049618"
"REACTOME","REACTOME_DEVELOPMENTAL_LINEAGE_OF_PANCREATIC_DUCTAL_CELLS",0.0263317191283293,0.15097718865598,0.108573492628993,-0.543272196424183,-1.49217465324023,45,"ENSG00000101680;ENSG00000115414;ENSG00000139219;ENSG00000053747;ENSG00000105825;ENSG00000108821;ENSG00000164692;ENSG00000204248;ENSG00000172037;ENSG00000130635;ENSG00000171502;ENSG00000138772;ENSG00000135862;ENSG00000019582;ENSG00000091136;ENSG00000196569;ENSG00000168542"
"REACTOME","REACTOME_SUMOYLATION_OF_DNA_REPLICATION_PROTEINS",0.0263157894736842,0.15097718865598,0.108573492628993,-0.540634431676335,-1.49021211034656,46,"ENSG00000213024;ENSG00000163002;ENSG00000116030;ENSG00000089685;ENSG00000131747;ENSG00000087586;ENSG00000132182;ENSG00000131788;ENSG00000139496;ENSG00000149503;ENSG00000077097;ENSG00000178999;ENSG00000102900;ENSG00000134690;ENSG00000069248;ENSG00000103275;ENSG00000198900;ENSG00000120253;ENSG00000153201;ENSG00000058804;ENSG00000188612"
"REACTOME","REACTOME_MHC_CLASS_II_ANTIGEN_PRESENTATION",0.0261997059216682,0.15097718865598,0.10216770010847,-0.445851000346658,-1.40349419723488,112,"ENSG00000109861;ENSG00000103811;ENSG00000137807;ENSG00000167552;ENSG00000137267;ENSG00000137285;ENSG00000176014;ENSG00000042753;ENSG00000196961;ENSG00000107295;ENSG00000152056;ENSG00000121621;ENSG00000258947;ENSG00000141447;ENSG00000136943;ENSG00000077380;ENSG00000127824;ENSG00000161800;ENSG00000163808;ENSG00000066735;ENSG00000079616;ENSG00000090889;ENSG00000142945;ENSG00000135720;ENSG00000138160;ENSG00000126214;ENSG00000089692;ENSG00000167553;ENSG00000019582;ENSG00000143387;ENSG00000164733;ENSG00000138778;ENSG00000123416;ENSG00000112984;ENSG00000242574;ENSG00000170759;ENSG00000141367;ENSG00000077549;ENSG00000163131;ENSG00000223865;ENSG00000138674;ENSG00000101162;ENSG00000183020;ENSG00000068796;ENSG00000122705;ENSG00000173213;ENSG00000088986;ENSG00000204257;ENSG00000104833;ENSG00000188229;ENSG00000104892;ENSG00000161203;ENSG00000183785"
"REACTOME","REACTOME_GLYCOSAMINOGLYCAN_METABOLISM",0.0264259549973836,0.15097718865598,0.100604308574775,-0.433946464158363,-1.3832371148723,124,"ENSG00000103489;ENSG00000185352;ENSG00000171451;ENSG00000131873;ENSG00000125430;ENSG00000147408;ENSG00000171310;ENSG00000183098;ENSG00000064225;ENSG00000156966;ENSG00000115884;ENSG00000076716;ENSG00000063660;ENSG00000142798;ENSG00000122254;ENSG00000002587;ENSG00000147257;ENSG00000162512;ENSG00000155893;ENSG00000138653;ENSG00000175264;ENSG00000109956;ENSG00000122863;ENSG00000141012;ENSG00000176383;ENSG00000103888;ENSG00000164100;ENSG00000171004;ENSG00000188157;ENSG00000114646;ENSG00000113273;ENSG00000119899;ENSG00000175040;ENSG00000169105;ENSG00000138604;ENSG00000166105;ENSG00000130287;ENSG00000198682;ENSG00000162694;ENSG00000182492;ENSG00000151348;ENSG00000103044;ENSG00000182601;ENSG00000179399;ENSG00000127415;ENSG00000198108;ENSG00000169439"
"REACTOME","REACTOME_MECHANICAL_LOAD_ACTIVATES_SIGNALING_BY_PIEZO1_AND_INTEGRINS_IN_OSTEOCYTES",0.0267406659939455,0.151530440632358,0.113681552791533,-0.677886070208925,-1.5454992365761,17,"ENSG00000138448;ENSG00000196557;ENSG00000142798;ENSG00000110218;ENSG00000105605;ENSG00000150093;ENSG00000118785;ENSG00000259207"
"REACTOME","REACTOME_RHOG_GTPASE_CYCLE",0.0278615539279046,0.157100544177641,0.102704812014747,-0.487878069244396,-1.44237812659247,71,"ENSG00000124126;ENSG00000147459;ENSG00000134215;ENSG00000139641;ENSG00000160007;ENSG00000166398;ENSG00000145675;ENSG00000076706;ENSG00000130762;ENSG00000130669;ENSG00000128512;ENSG00000150760;ENSG00000145703;ENSG00000273749;ENSG00000139734;ENSG00000120802;ENSG00000134909;ENSG00000205726;ENSG00000150093;ENSG00000176915;ENSG00000038382;ENSG00000035499;ENSG00000142627;ENSG00000173218;ENSG00000028116;ENSG00000106636;ENSG00000046604"
"REACTOME","REACTOME_FACTORS_INVOLVED_IN_MEGAKARYOCYTE_DEVELOPMENT_AND_PLATELET_PRODUCTION",0.0280277706351247,0.157259264795109,0.0967541689411413,-0.420096414270349,-1.36245873207612,146,"ENSG00000134508;ENSG00000162849;ENSG00000147459;ENSG00000147251;ENSG00000137807;ENSG00000167552;ENSG00000137267;ENSG00000132475;ENSG00000137285;ENSG00000176014;ENSG00000130700;ENSG00000128512;ENSG00000108384;ENSG00000121621;ENSG00000130294;ENSG00000258947;ENSG00000150760;ENSG00000127824;ENSG00000088387;ENSG00000161800;ENSG00000163808;ENSG00000169375;ENSG00000066735;ENSG00000149679;ENSG00000079616;ENSG00000090889;ENSG00000186185;ENSG00000141510;ENSG00000118513;ENSG00000142945;ENSG00000237649;ENSG00000097007;ENSG00000138160;ENSG00000135905;ENSG00000126214;ENSG00000167553;ENSG00000094916;ENSG00000138778;ENSG00000108946;ENSG00000005249;ENSG00000138182;ENSG00000123374;ENSG00000123416;ENSG00000116852;ENSG00000112984;ENSG00000163041;ENSG00000135596;ENSG00000170759;ENSG00000077549"
"REACTOME","REACTOME_DISEASES_ASSOCIATED_WITH_N_GLYCOSYLATION_OF_PROTEINS",0.0283137058381358,0.158084857596258,0.13525091239264,0.598981423641146,1.55151032121569,20,"ENSG00000064601;ENSG00000163933;ENSG00000088035;ENSG00000214160;ENSG00000033011;ENSG00000115275;ENSG00000172269;ENSG00000159063;ENSG00000168282;ENSG00000177239;ENSG00000086062;ENSG00000086848"
"REACTOME","REACTOME_FORMATION_OF_THE_EMBRYONIC_STEM_CELL_BAF_ESBAF_COMPLEX",0.0288510207524886,0.160299086034559,0.10954123067857,-0.665140913205518,-1.52881976000451,18,"ENSG00000110987;ENSG00000119866;ENSG00000082014;ENSG00000136518;ENSG00000141380;ENSG00000133884;ENSG00000073584;ENSG00000130024;ENSG00000099956"
"REACTOME","REACTOME_GOLGI_TO_ER_RETROGRADE_TRANSPORT",0.0303820576346329,0.167986231290519,0.0935092741782427,-0.426927148439199,-1.36805667720493,131,"ENSG00000162849;ENSG00000105402;ENSG00000116711;ENSG00000137807;ENSG00000167552;ENSG00000137267;ENSG00000105438;ENSG00000137285;ENSG00000176014;ENSG00000079462;ENSG00000185963;ENSG00000121621;ENSG00000130294;ENSG00000258947;ENSG00000077380;ENSG00000154917;ENSG00000127824;ENSG00000161800;ENSG00000163808;ENSG00000066735;ENSG00000143641;ENSG00000079616;ENSG00000090889;ENSG00000186185;ENSG00000086598;ENSG00000142945;ENSG00000135720;ENSG00000237649;ENSG00000138160;ENSG00000126214;ENSG00000167553;ENSG00000138778;ENSG00000138182;ENSG00000123416;ENSG00000116852;ENSG00000112984;ENSG00000007168;ENSG00000170759;ENSG00000077549;ENSG00000134970;ENSG00000004059;ENSG00000166557"
"REACTOME","REACTOME_LAMININ_INTERACTIONS",0.0314445331205108,0.172189053962797,0.101902204113224,-0.589276512268948,-1.49564735670496,29,"ENSG00000101680;ENSG00000138448;ENSG00000053747;ENSG00000135424;ENSG00000188153;ENSG00000142798;ENSG00000081052;ENSG00000172037;ENSG00000135862;ENSG00000150093;ENSG00000169031;ENSG00000091136;ENSG00000196569"
"REACTOME","REACTOME_GAP_JUNCTION_TRAFFICKING_AND_REGULATION",0.0313024889296076,0.172189053962797,0.0998483683168439,-0.548280112002,-1.4810131474338,41,"ENSG00000167552;ENSG00000137267;ENSG00000070371;ENSG00000137285;ENSG00000176014;ENSG00000196586;ENSG00000258947;ENSG00000127824;ENSG00000104067;ENSG00000169562;ENSG00000167553;ENSG00000123416;ENSG00000141367;ENSG00000177291;ENSG00000101162;ENSG00000122705;ENSG00000173213;ENSG00000104833;ENSG00000182963;ENSG00000188229;ENSG00000161203;ENSG00000183785"
"REACTOME","REACTOME_TRANSCRIPTIONAL_REGULATION_BY_THE_AP_2_TFAP2_FAMILY_OF_TRANSCRIPTION_FACTORS",0.0324433405774604,0.176808444582428,0.0988657646175473,-0.562002177397405,-1.48450541664518,36,"ENSG00000153885;ENSG00000164442;ENSG00000008196;ENSG00000130203;ENSG00000116030;ENSG00000117139;ENSG00000124762;ENSG00000163235;ENSG00000146648;ENSG00000091831;ENSG00000136997;ENSG00000144381;ENSG00000103275;ENSG00000134504;ENSG00000156802;ENSG00000005339"
"REACTOME","REACTOME_HEPARAN_SULFATE_HEPARIN_HS_GAG_METABOLISM",0.0332819722650231,0.180515078142197,0.0972120409994456,-0.554542078918032,-1.47824891683473,38,"ENSG00000185352;ENSG00000125430;ENSG00000183098;ENSG00000115884;ENSG00000076716;ENSG00000063660;ENSG00000142798;ENSG00000122254;ENSG00000002587;ENSG00000147257;ENSG00000162512;ENSG00000138653;ENSG00000164100;ENSG00000171004;ENSG00000188157;ENSG00000138604;ENSG00000162694;ENSG00000151348;ENSG00000182601;ENSG00000179399;ENSG00000127415;ENSG00000169439"
"REACTOME","REACTOME_DISEASES_OF_METABOLISM",0.034396497811132,0.185487271035314,0.194887297433682,0.309770852258581,1.22704076332408,238,"ENSG00000159674;ENSG00000056998;ENSG00000138030;ENSG00000059377;ENSG00000106003;ENSG00000130707;ENSG00000168216;ENSG00000078070;ENSG00000179085;ENSG00000166126;ENSG00000011465;ENSG00000167972;ENSG00000198805;ENSG00000169814;ENSG00000119514;ENSG00000091140;ENSG00000159921;ENSG00000064601;ENSG00000186104;ENSG00000085998;ENSG00000163933;ENSG00000149541;ENSG00000151611;ENSG00000139428;ENSG00000108784;ENSG00000088035;ENSG00000214160;ENSG00000166106;ENSG00000243989;ENSG00000171759;ENSG00000033011;ENSG00000146085;ENSG00000115275;ENSG00000133661;ENSG00000133424;ENSG00000198931;ENSG00000119688;ENSG00000136908;ENSG00000172269;ENSG00000153406;ENSG00000023909;ENSG00000178814;ENSG00000174684;ENSG00000101444;ENSG00000036473;ENSG00000143947;ENSG00000116984;ENSG00000130714;ENSG00000159063;ENSG00000116704;ENSG00000137364;ENSG00000115850;ENSG00000168282;ENSG00000114054;ENSG00000128039;ENSG00000197859;ENSG00000175283;ENSG00000027847;ENSG00000115339;ENSG00000172817;ENSG00000178031;ENSG00000075239;ENSG00000171298;ENSG00000148090;ENSG00000177239;ENSG00000165102;ENSG00000086062;ENSG00000126091;ENSG00000213930;ENSG00000049860;ENSG00000009830;ENSG00000167775;ENSG00000173702;ENSG00000177156;ENSG00000141349;ENSG00000122176;ENSG00000213614;ENSG00000086848;ENSG00000176022;ENSG00000171195;ENSG00000204301;ENSG00000143891;ENSG00000169738;ENSG00000100983;ENSG00000221983"
"REACTOME","REACTOME_POST_TRANSLATIONAL_PROTEIN_MODIFICATION",0.0345244086562657,0.185487271035314,0.0766084781008854,-0.311259151172494,-1.14867682988309,1395,"ENSG00000254647;ENSG00000119042;ENSG00000185565;ENSG00000140545;ENSG00000262655;ENSG00000101439;ENSG00000115525;ENSG00000115414;ENSG00000256683;ENSG00000109861;ENSG00000082175;ENSG00000182667;ENSG00000112902;ENSG00000126261;ENSG00000177706;ENSG00000163430;ENSG00000117280;ENSG00000142230;ENSG00000171951;ENSG00000198612;ENSG00000183715;ENSG00000063244;ENSG00000166128;ENSG00000160460;ENSG00000006712;ENSG00000187720;ENSG00000198363;ENSG00000197299;ENSG00000101938;ENSG00000108106;ENSG00000113532;ENSG00000138722;ENSG00000213024;ENSG00000123892;ENSG00000005108;ENSG00000008196;ENSG00000181027;ENSG00000170365;ENSG00000166147;ENSG00000105402;ENSG00000144619;ENSG00000112139;ENSG00000013275;ENSG00000183580;ENSG00000163453;ENSG00000130726;ENSG00000099341;ENSG00000065802;ENSG00000173157;ENSG00000176641;ENSG00000130203;ENSG00000061273;ENSG00000168461;ENSG00000118508;ENSG00000158089;ENSG00000140395;ENSG00000160932;ENSG00000136026;ENSG00000064225;ENSG00000104805;ENSG00000156966;ENSG00000033800;ENSG00000136378;ENSG00000088305;ENSG00000140297;ENSG00000167889;ENSG00000104312;ENSG00000169914;ENSG00000167552;ENSG00000049323;ENSG00000180801;ENSG00000197121;ENSG00000105063;ENSG00000149972;ENSG00000269190;ENSG00000185924;ENSG00000137267;ENSG00000105619;ENSG00000109670;ENSG00000188215;ENSG00000184979;ENSG00000105438;ENSG00000137285;ENSG00000036257;ENSG00000176014;ENSG00000130725;ENSG00000069667;ENSG00000131408;ENSG00000169018;ENSG00000237172;ENSG00000143494;ENSG00000137821;ENSG00000163002;ENSG00000119772;ENSG00000072849;ENSG00000170004;ENSG00000151623;ENSG00000135913;ENSG00000144524;ENSG00000140367;ENSG00000116661;ENSG00000147257;ENSG00000186907;ENSG00000163527;ENSG00000171621;ENSG00000105329;ENSG00000107854;ENSG00000124440;ENSG00000167196;ENSG00000140455;ENSG00000167578;ENSG00000183475;ENSG00000176871;ENSG00000118600;ENSG00000122707;ENSG00000114933;ENSG00000109790;ENSG00000139629;ENSG00000144057;ENSG00000072401;ENSG00000258947;ENSG00000204386;ENSG00000172260;ENSG00000109113;ENSG00000164663;ENSG00000135678;ENSG00000172037;ENSG00000077380;ENSG00000172845;ENSG00000099804;ENSG00000150551;ENSG00000116030;ENSG00000102580;ENSG00000154917;ENSG00000196498;ENSG00000127824;ENSG00000170854;ENSG00000196547;ENSG00000162551;ENSG00000041357;ENSG00000103769;ENSG00000115461;ENSG00000143476;ENSG00000124006;ENSG00000184182;ENSG00000124785;ENSG00000261609;ENSG00000197558;ENSG00000089685;ENSG00000131747;ENSG00000065548;ENSG00000163257;ENSG00000166965;ENSG00000070404;ENSG00000169375;ENSG00000149600;ENSG00000174473;ENSG00000113805;ENSG00000173894;ENSG00000135108;ENSG00000111424;ENSG00000143641;ENSG00000154734;ENSG00000139372;ENSG00000180667;ENSG00000111728;ENSG00000116044;ENSG00000106799;ENSG00000134917;ENSG00000175063;ENSG00000118564;ENSG00000140873;ENSG00000111752;ENSG00000140464;ENSG00000134910;ENSG00000104112;ENSG00000124762;ENSG00000131871;ENSG00000170142;ENSG00000176383;ENSG00000170312;ENSG00000130338;ENSG00000115363;ENSG00000151655;ENSG00000141510;ENSG00000136518;ENSG00000115486;ENSG00000156218;ENSG00000086598;ENSG00000239474;ENSG00000173692;ENSG00000165905;ENSG00000110917;ENSG00000135720;ENSG00000135049;ENSG00000204099;ENSG00000150401;ENSG00000161243;ENSG00000184500;ENSG00000163235;ENSG00000164754;ENSG00000143799;ENSG00000087586;ENSG00000132182;ENSG00000138376;ENSG00000170946;ENSG00000124486;ENSG00000143382;ENSG00000118503;ENSG00000070501;ENSG00000142192;ENSG00000135862;ENSG00000091831;ENSG00000131788;ENSG00000013375;ENSG00000169902;ENSG00000171150;ENSG00000180530;ENSG00000151090;ENSG00000136738;ENSG00000187676;ENSG00000187098;ENSG00000102048;ENSG00000136997;ENSG00000049449;ENSG00000041982;ENSG00000184005;ENSG00000139496;ENSG00000083799;ENSG00000167553;ENSG00000196358;ENSG00000070950;ENSG00000094916;ENSG00000117399;ENSG00000068024;ENSG00000067365;ENSG00000183655;ENSG00000145781;ENSG00000064726;ENSG00000133103;ENSG00000124839;ENSG00000197061;ENSG00000165501;ENSG00000092199;ENSG00000113273;ENSG00000141570;ENSG00000163638;ENSG00000119899;ENSG00000149503;ENSG00000111885;ENSG00000077097;ENSG00000116663;ENSG00000162885;ENSG00000118785;ENSG00000165119;ENSG00000091136;ENSG00000111707;ENSG00000141505;ENSG00000255150;ENSG00000144591;ENSG00000068878;ENSG00000134371;ENSG00000176956;ENSG00000180398;ENSG00000206418;ENSG00000124422;ENSG00000178999;ENSG00000148396;ENSG00000222028;ENSG00000109466;ENSG00000159871;ENSG00000067369;ENSG00000196968;ENSG00000099364;ENSG00000172476;ENSG00000134982;ENSG00000123416;ENSG00000102158;ENSG00000151092;ENSG00000170035;ENSG00000132879;ENSG00000152484;ENSG00000169347;ENSG00000253729;ENSG00000102900;ENSG00000171862;ENSG00000162571;ENSG00000101665;ENSG00000140365;ENSG00000134686;ENSG00000163577;ENSG00000197694;ENSG00000145536;ENSG00000055044;ENSG00000100626;ENSG00000137815;ENSG00000100644;ENSG00000134690;ENSG00000203668;ENSG00000100483;ENSG00000107341;ENSG00000204209;ENSG00000117143;ENSG00000106636;ENSG00000150768;ENSG00000154582;ENSG00000187555;ENSG00000173273;ENSG00000131459;ENSG00000077549;ENSG00000134970;ENSG00000147400;ENSG00000004059;ENSG00000104343;ENSG00000166557;ENSG00000125875;ENSG00000135341;ENSG00000119523;ENSG00000141933;ENSG00000168646;ENSG00000144401;ENSG00000134086;ENSG00000115526;ENSG00000069248"
"REACTOME","REACTOME_DOWNSTREAM_SIGNALING_OF_ACTIVATED_FGFR4",0.0353510088377522,0.189036615334271,0.0981470491928706,-0.634581236499965,-1.51147945665794,21,"ENSG00000124181;ENSG00000145675;ENSG00000160867;ENSG00000138685;ENSG00000179295;ENSG00000134962;ENSG00000158815;ENSG00000156427;ENSG00000133703;ENSG00000102678;ENSG00000166225"
"REACTOME","REACTOME_DISEASES_ASSOCIATED_WITH_GLYCOSYLATION_PRECURSOR_BIOSYNTHESIS",0.0356793743890518,0.189900969295,0.118729771541953,0.627107091939012,1.54168366086437,16,"ENSG00000179085;ENSG00000159921;ENSG00000136908;ENSG00000128039;ENSG00000175283;ENSG00000213930;ENSG00000143891"
"REACTOME","REACTOME_FOXO_MEDIATED_TRANSCRIPTION",0.0361586883326014,0.18993743365755,0.0907499282531725,-0.4972900237587,-1.42997849547325,59,"ENSG00000254647;ENSG00000118046;ENSG00000164442;ENSG00000122585;ENSG00000221866;ENSG00000105221;ENSG00000116717;ENSG00000001167;ENSG00000133639;ENSG00000113916;ENSG00000150907;ENSG00000169375;ENSG00000124762;ENSG00000170027;ENSG00000138764;ENSG00000090097;ENSG00000105327;ENSG00000153094;ENSG00000134308;ENSG00000096717"
"REACTOME","REACTOME_TRNA_MODIFICATION_IN_THE_NUCLEUS_AND_CYTOSOL",0.0359457866823807,0.18993743365755,0.130086070372915,0.452995463520554,1.40239957314035,45,"ENSG00000126814;ENSG00000145331;ENSG00000110060;ENSG00000213339;ENSG00000165118;ENSG00000166166;ENSG00000092094;ENSG00000115970;ENSG00000167264;ENSG00000091127;ENSG00000136628;ENSG00000066651;ENSG00000172315;ENSG00000104907;ENSG00000189007;ENSG00000145996;ENSG00000196976;ENSG00000037897;ENSG00000065457;ENSG00000043514"
"REACTOME","REACTOME_PROCESSING_OF_CAPPED_INTRON_CONTAINING_PRE_MRNA",0.0361864996520529,0.18993743365755,0.080458872405786,-0.369777787053368,-1.27750982518471,294,"ENSG00000063244;ENSG00000154548;ENSG00000213024;ENSG00000104852;ENSG00000125755;ENSG00000105618;ENSG00000076650;ENSG00000170144;ENSG00000104824;ENSG00000131876;ENSG00000099817;ENSG00000076053;ENSG00000105258;ENSG00000105617;ENSG00000011304;ENSG00000163002;ENSG00000126254;ENSG00000125743;ENSG00000115524;ENSG00000125944;ENSG00000096401;ENSG00000168566;ENSG00000123136;ENSG00000128739;ENSG00000138668;ENSG00000161265;ENSG00000102241;ENSG00000136450;ENSG00000171960;ENSG00000153187;ENSG00000147274;ENSG00000134453;ENSG00000077312;ENSG00000136527;ENSG00000240344;ENSG00000132182;ENSG00000117751;ENSG00000163510;ENSG00000139496;ENSG00000102978;ENSG00000112081;ENSG00000102103;ENSG00000089280;ENSG00000092199;ENSG00000145216;ENSG00000111786;ENSG00000003756;ENSG00000100813;ENSG00000165119;ENSG00000145833;ENSG00000099783;ENSG00000132792;ENSG00000146457;ENSG00000122257;ENSG00000163714;ENSG00000136709;ENSG00000111605;ENSG00000102900;ENSG00000115875;ENSG00000133226;ENSG00000188529;ENSG00000105705;ENSG00000135829;ENSG00000069248;ENSG00000152404;ENSG00000198563;ENSG00000090470;ENSG00000113649;ENSG00000068394;ENSG00000087087;ENSG00000109971;ENSG00000120253;ENSG00000153201;ENSG00000108654;ENSG00000265241;ENSG00000134597;ENSG00000112739;ENSG00000058804;ENSG00000124193;ENSG00000099995;ENSG00000116752;ENSG00000198231;ENSG00000143751;ENSG00000162231;ENSG00000144231;ENSG00000125676;ENSG00000167005;ENSG00000100227;ENSG00000177613;ENSG00000122566;ENSG00000136875;ENSG00000126698;ENSG00000058673"
"REACTOME","REACTOME_SEALING_OF_THE_NUCLEAR_ENVELOPE_NE_BY_ESCRT_III",0.0368729229308435,0.192652565221242,0.0935092741782427,-0.579884560644782,-1.48294005644224,30,"ENSG00000167552;ENSG00000137267;ENSG00000137285;ENSG00000176014;ENSG00000258947;ENSG00000127824;ENSG00000130724;ENSG00000154222;ENSG00000167553;ENSG00000123416;ENSG00000021574;ENSG00000101162;ENSG00000173213;ENSG00000104833;ENSG00000188229;ENSG00000183785"
"REACTOME","REACTOME_ABC_FAMILY_PROTEINS_MEDIATED_TRANSPORT",0.0371561271882815,0.193245793915309,0.141072897117004,0.388621185800996,1.35718382420124,88,"ENSG00000005471;ENSG00000085563;ENSG00000091262;ENSG00000135776;ENSG00000130741;ENSG00000167972;ENSG00000147475;ENSG00000161057;ENSG00000127922;ENSG00000154265;ENSG00000125977;ENSG00000143947;ENSG00000197150;ENSG00000107331;ENSG00000125257;ENSG00000204308;ENSG00000118137;ENSG00000154258;ENSG00000034693;ENSG00000071537"
"REACTOME","REACTOME_MYOGENESIS",0.0383116883116883,0.194635728361487,0.0928974976713944,-0.612709867280526,-1.50698939604375,24,"ENSG00000179242;ENSG00000071564;ENSG00000188130;ENSG00000066032;ENSG00000196628;ENSG00000185386;ENSG00000044115;ENSG00000068305;ENSG00000064309;ENSG00000097007;ENSG00000140299"
"REACTOME","REACTOME_FIBRONECTIN_MATRIX_FORMATION",0.0383648852404088,0.194635728361487,0.0943434935405217,-0.642272887426335,-1.49781819622895,19,"ENSG00000115414;ENSG00000139219;ENSG00000188153;ENSG00000108821;ENSG00000164692;ENSG00000081052;ENSG00000130635;ENSG00000150093;ENSG00000169031;ENSG00000168542"
"REACTOME","REACTOME_SENSORY_PERCEPTION_OF_TASTE",0.0384973610679913,0.194635728361487,0.0905617673660515,-0.554105631501679,-1.46364701853491,36,"ENSG00000153253;ENSG00000152822;ENSG00000124493;ENSG00000111664;ENSG00000105711;ENSG00000130529;ENSG00000078369"
"REACTOME","REACTOME_ENDOSOMAL_SORTING_COMPLEX_REQUIRED_FOR_TRANSPORT_ESCRT",0.0386195562859491,0.194635728361487,0.120854561651304,0.508378191995256,1.45341941138271,31,"ENSG00000196814;ENSG00000131475;ENSG00000167987;ENSG00000160948;ENSG00000141971;ENSG00000143947;ENSG00000132612;ENSG00000119541;ENSG00000074319;ENSG00000136100;ENSG00000086065;ENSG00000221983;ENSG00000176428;ENSG00000254505;ENSG00000170315;ENSG00000164695;ENSG00000115145"
"REACTOME","REACTOME_ANTI_INFLAMMATORY_RESPONSE_FAVOURING_LEISHMANIA_PARASITE_INFECTION",0.0381117366825466,0.194635728361487,0.0876971923285634,-0.482438642386877,-1.41440455236504,67,"ENSG00000087460;ENSG00000145632;ENSG00000254087;ENSG00000121281;ENSG00000176533;ENSG00000173175;ENSG00000124181;ENSG00000123104;ENSG00000155897;ENSG00000111664;ENSG00000183943;ENSG00000172380;ENSG00000129667;ENSG00000078369;ENSG00000015413;ENSG00000165025;ENSG00000108946;ENSG00000005249"
"REACTOME","REACTOME_DEVELOPMENTAL_CELL_LINEAGES_OF_THE_EXOCRINE_PANCREAS",0.0377004188935433,0.194635728361487,0.0882143061853503,-0.479687960541742,-1.40871739615548,68,"ENSG00000101680;ENSG00000115414;ENSG00000139219;ENSG00000053747;ENSG00000105825;ENSG00000108821;ENSG00000138685;ENSG00000164692;ENSG00000204248;ENSG00000172037;ENSG00000121966;ENSG00000130635;ENSG00000171502;ENSG00000138772;ENSG00000135862;ENSG00000152804;ENSG00000019582;ENSG00000170835;ENSG00000091136;ENSG00000196569;ENSG00000168542;ENSG00000169347;ENSG00000170890;ENSG00000141086;ENSG00000196739;ENSG00000104267;ENSG00000124713;ENSG00000070193;ENSG00000134873;ENSG00000185615"
"REACTOME","REACTOME_PHOSPHOLIPID_METABOLISM",0.0385462555066079,0.194635728361487,0.172450317477257,0.318304162476055,1.23622826263357,199,"ENSG00000167588;ENSG00000169692;ENSG00000006530;ENSG00000134324;ENSG00000143036;ENSG00000105647;ENSG00000132793;ENSG00000070214;ENSG00000214530;ENSG00000176783;ENSG00000110697;ENSG00000188089;ENSG00000178773;ENSG00000074416;ENSG00000062282;ENSG00000107679;ENSG00000184381;ENSG00000109452;ENSG00000038210;ENSG00000163624;ENSG00000143845;ENSG00000133812;ENSG00000176454;ENSG00000102125;ENSG00000051382;ENSG00000103502;ENSG00000141179;ENSG00000135241;ENSG00000168389;ENSG00000138678;ENSG00000145779;ENSG00000153982;ENSG00000241878;ENSG00000069764;ENSG00000088766;ENSG00000152642;ENSG00000241973;ENSG00000143850;ENSG00000105559;ENSG00000196455;ENSG00000134287;ENSG00000100288;ENSG00000153395;ENSG00000180957;ENSG00000143393;ENSG00000127252;ENSG00000100439;ENSG00000138018;ENSG00000185361;ENSG00000163629;ENSG00000177666;ENSG00000134255;ENSG00000052126;ENSG00000032444;ENSG00000085719;ENSG00000171100;ENSG00000107242;ENSG00000116906;ENSG00000105223;ENSG00000156471;ENSG00000075651;ENSG00000185813;ENSG00000161217;ENSG00000121879;ENSG00000168118"
"REACTOME","REACTOME_ATP_DEPENDENT_CHROMATIN_REMODELERS",0.0389302104763412,0.195337047279968,0.0909392279226991,-0.57668322980496,-1.47475328607709,30,"ENSG00000011332;ENSG00000110987;ENSG00000063169;ENSG00000119866;ENSG00000082014;ENSG00000136518;ENSG00000163939;ENSG00000141380;ENSG00000133884;ENSG00000184402;ENSG00000205683;ENSG00000189079;ENSG00000073584;ENSG00000049618;ENSG00000130024;ENSG00000099956"
"REACTOME","REACTOME_SUMOYLATION_OF_DNA_DAMAGE_RESPONSE_AND_REPAIR_PROTEINS",0.0392489058308626,0.196072384830494,0.0853949304825912,-0.466313655675167,-1.39636855637706,77,"ENSG00000197299;ENSG00000213024;ENSG00000061273;ENSG00000033800;ENSG00000163002;ENSG00000116030;ENSG00000173894;ENSG00000139372;ENSG00000111752;ENSG00000140464;ENSG00000164754;ENSG00000143799;ENSG00000132182;ENSG00000139496;ENSG00000141570;ENSG00000255150;ENSG00000102900;ENSG00000134686;ENSG00000147400;ENSG00000069248;ENSG00000103275;ENSG00000128731;ENSG00000120253;ENSG00000153201;ENSG00000132383;ENSG00000012048;ENSG00000058804;ENSG00000188612;ENSG00000163029;ENSG00000137337;ENSG00000072501;ENSG00000173889;ENSG00000030066;ENSG00000196313"
"REACTOME","REACTOME_TRANSCRIPTIONAL_REGULATION_OF_PLURIPOTENT_STEM_CELLS",0.0394758394758395,0.196344895908215,0.0919032203847858,-0.615871360578174,-1.49896906552044,23,"ENSG00000103449;ENSG00000181449;ENSG00000138685;ENSG00000124440;ENSG00000148200;ENSG00000101115;ENSG00000165556;ENSG00000152804"
"REACTOME","REACTOME_MITF_M_DEPENDENT_GENE_EXPRESSION",0.0399131143089872,0.197656683469289,0.0829663391489805,-0.439127139151835,-1.36624233368234,103,"ENSG00000130508;ENSG00000011332;ENSG00000110987;ENSG00000105221;ENSG00000121068;ENSG00000181449;ENSG00000105486;ENSG00000163527;ENSG00000184486;ENSG00000134057;ENSG00000169375;ENSG00000082014;ENSG00000147416;ENSG00000124762;ENSG00000126070;ENSG00000136518;ENSG00000107165;ENSG00000187098;ENSG00000166851;ENSG00000092847;ENSG00000078687;ENSG00000170011;ENSG00000141380;ENSG00000168036;ENSG00000123374;ENSG00000133884;ENSG00000184402;ENSG00000205683;ENSG00000096717;ENSG00000118260;ENSG00000073584;ENSG00000123908;ENSG00000049618"
"REACTOME","REACTOME_RHOC_GTPASE_CYCLE",0.0402982934174674,0.198700243300846,0.0849239419737563,-0.471826592585661,-1.39955768034284,73,"ENSG00000157827;ENSG00000124126;ENSG00000160007;ENSG00000110237;ENSG00000145675;ENSG00000076706;ENSG00000108561;ENSG00000161791;ENSG00000155366;ENSG00000076928;ENSG00000177469;ENSG00000161800;ENSG00000170776;ENSG00000122966;ENSG00000139734;ENSG00000165801;ENSG00000120802;ENSG00000067900;ENSG00000134909;ENSG00000140575;ENSG00000035499;ENSG00000119139;ENSG00000186716;ENSG00000011426;ENSG00000173218"
"REACTOME","REACTOME_APOPTOSIS",0.040728560586896,0.199956165984804,0.0791568051442498,-0.403712120352383,-1.32315047096635,160,"ENSG00000196730;ENSG00000107731;ENSG00000105483;ENSG00000134602;ENSG00000013275;ENSG00000099341;ENSG00000105221;ENSG00000108561;ENSG00000078900;ENSG00000041357;ENSG00000104067;ENSG00000064012;ENSG00000114126;ENSG00000087088;ENSG00000065675;ENSG00000138794;ENSG00000172115;ENSG00000100453;ENSG00000141510;ENSG00000173692;ENSG00000189403;ENSG00000187323;ENSG00000164104;ENSG00000113368;ENSG00000170027;ENSG00000067900;ENSG00000100813;ENSG00000108424;ENSG00000105327;ENSG00000153094;ENSG00000168036;ENSG00000119139;ENSG00000081277;ENSG00000184047;ENSG00000105928;ENSG00000134308;ENSG00000134982;ENSG00000198176;ENSG00000197694;ENSG00000071205;ENSG00000046604;ENSG00000101412;ENSG00000101966;ENSG00000168298;ENSG00000092853;ENSG00000088808;ENSG00000170458;ENSG00000143514;ENSG00000186868;ENSG00000136448"
"REACTOME","REACTOME_POST_CHAPERONIN_TUBULIN_FOLDING_PATHWAY",0.0410205102551276,0.200525155281503,0.0909392279226991,-0.627252959029496,-1.49402457426906,21,"ENSG00000105254;ENSG00000167552;ENSG00000137267;ENSG00000137285;ENSG00000176014;ENSG00000258947;ENSG00000127824;ENSG00000167553;ENSG00000123416;ENSG00000101162;ENSG00000284770;ENSG00000171530;ENSG00000104833;ENSG00000188229;ENSG00000183785"
"REACTOME","REACTOME_MUSCLE_CONTRACTION",0.0427414330218069,0.208044838512128,0.0766084781008854,-0.394616736854788,-1.30644142792312,178,"ENSG00000153253;ENSG00000118160;ENSG00000077522;ENSG00000152402;ENSG00000061918;ENSG00000140416;ENSG00000164116;ENSG00000198363;ENSG00000105409;ENSG00000006283;ENSG00000104936;ENSG00000186439;ENSG00000137731;ENSG00000124780;ENSG00000123104;ENSG00000161958;ENSG00000168135;ENSG00000196557;ENSG00000135750;ENSG00000111275;ENSG00000143153;ENSG00000171303;ENSG00000163273;ENSG00000167460;ENSG00000105711;ENSG00000105048;ENSG00000100346;ENSG00000196465;ENSG00000114279;ENSG00000175084;ENSG00000120049;ENSG00000105605;ENSG00000137726;ENSG00000144935;ENSG00000069849;ENSG00000070961;ENSG00000053918;ENSG00000163349;ENSG00000124249;ENSG00000183873;ENSG00000171385;ENSG00000169427;ENSG00000092841;ENSG00000177098;ENSG00000082482;ENSG00000136531"
"REACTOME","REACTOME_DISEASES_ASSOCIATED_WITH_GLYCOSAMINOGLYCAN_METABOLISM",0.0429609024880235,0.208223267803654,0.0853949304825912,-0.546869220582969,-1.45152967716834,37,"ENSG00000131873;ENSG00000183098;ENSG00000115884;ENSG00000076716;ENSG00000063660;ENSG00000142798;ENSG00000147257;ENSG00000162512;ENSG00000122863;ENSG00000188157;ENSG00000114646;ENSG00000169105;ENSG00000130287;ENSG00000198682;ENSG00000182492;ENSG00000151348;ENSG00000179399;ENSG00000169439"
"REACTOME","REACTOME_CLASS_I_PEROXISOMAL_MEMBRANE_PROTEIN_IMPORT",0.0438486594838386,0.209019085149127,0.108256440008936,0.57789632667724,1.49689469496727,20,"ENSG00000214253;ENSG00000108733;ENSG00000131779;ENSG00000101417;ENSG00000072210;ENSG00000107897;ENSG00000034693;ENSG00000164751;ENSG00000215193;ENSG00000121680;ENSG00000142655;ENSG00000100372;ENSG00000176894;ENSG00000162928;ENSG00000162735;ENSG00000117528"
"REACTOME","REACTOME_INITIATION_OF_NUCLEAR_ENVELOPE_NE_REFORMATION",0.0435583849891104,0.209019085149127,0.0883886491452962,-0.636726471332341,-1.48488362727535,19,"ENSG00000105568;ENSG00000068903;ENSG00000134057;ENSG00000170312;ENSG00000157456;ENSG00000113368;ENSG00000120802;ENSG00000176915;ENSG00000108424;ENSG00000028116;ENSG00000100749;ENSG00000113575;ENSG00000174106"
"REACTOME","REACTOME_RHOV_GTPASE_CYCLE",0.0440426518312471,0.209019085149127,0.0843074724832269,-0.546409931105432,-1.45031060635221,37,"ENSG00000173517;ENSG00000145675;ENSG00000130669;ENSG00000151208;ENSG00000066933;ENSG00000167460;ENSG00000182504;ENSG00000102606;ENSG00000124486;ENSG00000137843;ENSG00000139436;ENSG00000154447;ENSG00000140575;ENSG00000035499;ENSG00000142627;ENSG00000173218;ENSG00000197694;ENSG00000141367"
"REACTOME","REACTOME_DENGUE_VIRUS_HOST_INTERACTIONS",0.0440266261824127,0.209019085149127,0.0729388423496436,-0.36947763715729,-1.27108758580989,276,"ENSG00000063244;ENSG00000006712;ENSG00000105323;ENSG00000125755;ENSG00000183098;ENSG00000140395;ENSG00000170144;ENSG00000115884;ENSG00000104824;ENSG00000076716;ENSG00000131876;ENSG00000099817;ENSG00000063660;ENSG00000105258;ENSG00000142798;ENSG00000011304;ENSG00000125743;ENSG00000147257;ENSG00000115524;ENSG00000104825;ENSG00000125944;ENSG00000162512;ENSG00000096401;ENSG00000128739;ENSG00000104067;ENSG00000138668;ENSG00000161265;ENSG00000136450;ENSG00000177733;ENSG00000140464;ENSG00000153187;ENSG00000117650;ENSG00000147274;ENSG00000134453;ENSG00000240344;ENSG00000188157;ENSG00000163510;ENSG00000102978;ENSG00000112081;ENSG00000102103;ENSG00000089280;ENSG00000100985;ENSG00000197061;ENSG00000092199;ENSG00000145216;ENSG00000111786;ENSG00000003756;ENSG00000165119;ENSG00000145833;ENSG00000186654;ENSG00000168036;ENSG00000099783;ENSG00000132792;ENSG00000134371;ENSG00000160551;ENSG00000163714;ENSG00000136709;ENSG00000111605;ENSG00000154153;ENSG00000115875;ENSG00000137815;ENSG00000133226;ENSG00000204209;ENSG00000066044;ENSG00000215301;ENSG00000105705;ENSG00000179399;ENSG00000063177;ENSG00000135829;ENSG00000103275;ENSG00000068394;ENSG00000087087;ENSG00000169439;ENSG00000109971"
"REACTOME","REACTOME_DENGUE_VIRUS_INFECTION",0.0436871508379888,0.209019085149127,0.0715673164948964,-0.352952841279784,-1.24175603909477,383,"ENSG00000254087;ENSG00000063244;ENSG00000006712;ENSG00000105323;ENSG00000125755;ENSG00000183098;ENSG00000140395;ENSG00000160932;ENSG00000077232;ENSG00000170144;ENSG00000115677;ENSG00000115884;ENSG00000145675;ENSG00000104824;ENSG00000076716;ENSG00000153208;ENSG00000131876;ENSG00000099817;ENSG00000063660;ENSG00000105438;ENSG00000105258;ENSG00000142798;ENSG00000011304;ENSG00000113249;ENSG00000042753;ENSG00000196961;ENSG00000125743;ENSG00000147257;ENSG00000163527;ENSG00000115524;ENSG00000104825;ENSG00000125944;ENSG00000162512;ENSG00000096401;ENSG00000116030;ENSG00000102580;ENSG00000128739;ENSG00000104067;ENSG00000138668;ENSG00000161265;ENSG00000136450;ENSG00000115053;ENSG00000177733;ENSG00000182481;ENSG00000140464;ENSG00000134910;ENSG00000153187;ENSG00000117650;ENSG00000147274;ENSG00000140612;ENSG00000134453;ENSG00000184500;ENSG00000240344;ENSG00000188157;ENSG00000163510;ENSG00000102978;ENSG00000112081;ENSG00000102103;ENSG00000089280;ENSG00000110321;ENSG00000100985;ENSG00000197061;ENSG00000092199;ENSG00000145216;ENSG00000149428;ENSG00000111786;ENSG00000003756;ENSG00000165119;ENSG00000108424;ENSG00000145833;ENSG00000186654;ENSG00000092445;ENSG00000168036;ENSG00000099783;ENSG00000132792;ENSG00000134371;ENSG00000160551;ENSG00000140941;ENSG00000163714;ENSG00000136709;ENSG00000111605;ENSG00000102158;ENSG00000154153;ENSG00000112208;ENSG00000115875;ENSG00000137815;ENSG00000133226;ENSG00000204209;ENSG00000066044;ENSG00000215301;ENSG00000105705;ENSG00000179399;ENSG00000063177;ENSG00000135829;ENSG00000103275;ENSG00000068394;ENSG00000087087;ENSG00000070010;ENSG00000169439;ENSG00000170458;ENSG00000109971;ENSG00000075151;ENSG00000108654;ENSG00000140564;ENSG00000170581;ENSG00000136448;ENSG00000196890;ENSG00000124193;ENSG00000099995;ENSG00000275713;ENSG00000116752;ENSG00000183020;ENSG00000198231;ENSG00000118363;ENSG00000144231;ENSG00000044574;ENSG00000167005;ENSG00000203852;ENSG00000165280"
"REACTOME","REACTOME_FORMATION_OF_THE_CANONICAL_BAF_CBAF_COMPLEX",0.0443732073561667,0.209714038085784,0.0878685871563087,-0.643843813560344,-1.4798685887235,18,"ENSG00000011332;ENSG00000110987;ENSG00000136518;ENSG00000141380;ENSG00000133884;ENSG00000184402;ENSG00000205683;ENSG00000073584;ENSG00000049618;ENSG00000099956"
"REACTOME","REACTOME_DEVELOPMENTAL_CELL_LINEAGES",0.0452855245683931,0.213141373898346,0.0768410915258218,-0.424156302854663,-1.3400045150246,116,"ENSG00000101680;ENSG00000140545;ENSG00000161249;ENSG00000115414;ENSG00000082175;ENSG00000139219;ENSG00000053747;ENSG00000105825;ENSG00000108821;ENSG00000138685;ENSG00000164692;ENSG00000204248;ENSG00000172037;ENSG00000118777;ENSG00000165272;ENSG00000272398;ENSG00000121966;ENSG00000130635;ENSG00000163235;ENSG00000146648;ENSG00000171502;ENSG00000138772;ENSG00000135862;ENSG00000091831;ENSG00000152804;ENSG00000019582;ENSG00000150093;ENSG00000143631;ENSG00000170835;ENSG00000091136;ENSG00000196569;ENSG00000165092;ENSG00000168542;ENSG00000169347;ENSG00000010438;ENSG00000170890;ENSG00000186395;ENSG00000132470;ENSG00000130176;ENSG00000141086;ENSG00000196739;ENSG00000104267;ENSG00000124713;ENSG00000070193;ENSG00000134873;ENSG00000185615"
"REACTOME","REACTOME_INTERACTION_BETWEEN_L1_AND_ANKYRINS",0.0462889066241022,0.216967344217499,0.0835547516226498,-0.572928085035898,-1.45415328479083,29,"ENSG00000153253;ENSG00000184156;ENSG00000075043;ENSG00000160460;ENSG00000163531;ENSG00000105711;ENSG00000091129;ENSG00000183873;ENSG00000197694;ENSG00000177098;ENSG00000136531"
"REACTOME","REACTOME_DEATH_RECEPTOR_SIGNALING",0.0479425714651968,0.223181282276947,0.0732425961656048,-0.403076115507939,-1.31035271217997,150,"ENSG00000090924;ENSG00000124126;ENSG00000113319;ENSG00000134215;ENSG00000105270;ENSG00000110237;ENSG00000116584;ENSG00000110851;ENSG00000154358;ENSG00000171680;ENSG00000104312;ENSG00000130762;ENSG00000136002;ENSG00000126861;ENSG00000114346;ENSG00000076928;ENSG00000103056;ENSG00000072401;ENSG00000205155;ENSG00000139132;ENSG00000138613;ENSG00000064012;ENSG00000170776;ENSG00000146426;ENSG00000236699;ENSG00000102606;ENSG00000143801;ENSG00000165801;ENSG00000118503;ENSG00000134259;ENSG00000083799;ENSG00000205726;ENSG00000038382;ENSG00000127084;ENSG00000055208;ENSG00000153094;ENSG00000100485;ENSG00000163558;ENSG00000169783;ENSG00000151694;ENSG00000040608;ENSG00000177169;ENSG00000064300"
"REACTOME","REACTOME_GLYCEROPHOSPHOLIPID_BIOSYNTHESIS",0.048006509357201,0.223181282276947,0.132308522605383,0.351239754682996,1.28036445378663,118,"ENSG00000167588;ENSG00000169692;ENSG00000006530;ENSG00000134324;ENSG00000143036;ENSG00000132793;ENSG00000070214;ENSG00000214530;ENSG00000110697;ENSG00000188089;ENSG00000178773;ENSG00000074416;ENSG00000062282;ENSG00000184381;ENSG00000163624;ENSG00000143845;ENSG00000176454;ENSG00000102125;ENSG00000103502;ENSG00000141179;ENSG00000135241;ENSG00000168389;ENSG00000138678;ENSG00000241878;ENSG00000069764;ENSG00000088766;ENSG00000152642;ENSG00000100288;ENSG00000153395;ENSG00000180957;ENSG00000127252;ENSG00000100439;ENSG00000138018;ENSG00000177666;ENSG00000134255;ENSG00000085719;ENSG00000116906;ENSG00000105223;ENSG00000156471;ENSG00000075651;ENSG00000185813;ENSG00000161217"
"REACTOME","REACTOME_DIGESTION_AND_ABSORPTION",0.0493646138807429,0.228238121846427,0.100604308574775,0.604142909070014,1.48522838238112,16,"ENSG00000257335;ENSG00000070019;ENSG00000163581;ENSG00000087842"
"REACTOME","REACTOME_RND3_GTPASE_CYCLE",0.0496258970835242,0.228238121846427,0.078777842678775,-0.528110148501368,-1.42653008216517,41,"ENSG00000160007;ENSG00000168143;ENSG00000136026;ENSG00000171680;ENSG00000145675;ENSG00000115963;ENSG00000162738;ENSG00000151208;ENSG00000144283;ENSG00000075391;ENSG00000147274;ENSG00000067900;ENSG00000035499;ENSG00000142627;ENSG00000173218;ENSG00000115355"
"REACTOME","REACTOME_ANCHORING_OF_THE_BASAL_BODY_TO_THE_PLASMA_MEMBRANE",0.0497948016415869,0.228238121846427,0.074281773080044,-0.435785666097622,-1.34669313776125,97,"ENSG00000168385;ENSG00000121289;ENSG00000007047;ENSG00000105568;ENSG00000101367;ENSG00000167552;ENSG00000101004;ENSG00000077380;ENSG00000127824;ENSG00000103769;ENSG00000182504;ENSG00000123810;ENSG00000196230;ENSG00000151849;ENSG00000048342;ENSG00000249115;ENSG00000117650;ENSG00000170312;ENSG00000131351;ENSG00000170027;ENSG00000103494;ENSG00000136811;ENSG00000166851;ENSG00000136861;ENSG00000186638;ENSG00000175216;ENSG00000005249;ENSG00000114107;ENSG00000142731;ENSG00000214367;ENSG00000213066;ENSG00000007168;ENSG00000148019;ENSG00000147400"
"REACTOME","REACTOME_SIGNALING_BY_HEDGEHOG",0.0498957790515894,0.228238121846427,0.0723419514602353,-0.410301409905244,-1.316778971019,133,"ENSG00000087460;ENSG00000143147;ENSG00000128602;ENSG00000166813;ENSG00000013275;ENSG00000099341;ENSG00000121281;ENSG00000173175;ENSG00000107882;ENSG00000167552;ENSG00000137267;ENSG00000137285;ENSG00000036257;ENSG00000176014;ENSG00000155897;ENSG00000072849;ENSG00000074047;ENSG00000134874;ENSG00000258947;ENSG00000127824;ENSG00000041357;ENSG00000173692;ENSG00000064309;ENSG00000054392;ENSG00000103494;ENSG00000167553;ENSG00000108946;ENSG00000005249;ENSG00000134371;ENSG00000151694;ENSG00000123416"
"REACTOME","REACTOME_TRAFFICKING_OF_GLUR2_CONTAINING_AMPA_RECEPTORS",0.0506048730618504,0.228629638928295,0.082532787767263,-0.665177331415384,-1.48039511959903,15,"ENSG00000152578;ENSG00000042753;ENSG00000196961;ENSG00000154229;ENSG00000126583;ENSG00000120251"
"REACTOME","REACTOME_KIDNEY_DEVELOPMENT",0.0507842832738003,0.228629638928295,0.0785280756545386,-0.545188867599089,-1.43378022520055,35,"ENSG00000273706;ENSG00000101443;ENSG00000168743;ENSG00000103449;ENSG00000166923;ENSG00000185008;ENSG00000145147;ENSG00000172201;ENSG00000101384;ENSG00000138685"
"REACTOME","REACTOME_ACTIVATION_OF_APC_C_AND_APC_C_CDC20_MEDIATED_DEGRADATION_OF_MITOTIC_PROTEINS",0.0506017108887922,0.228629638928295,0.0759225511621017,-0.477061178638232,-1.38805789582866,64,"ENSG00000108106;ENSG00000013275;ENSG00000099341;ENSG00000072401;ENSG00000041357;ENSG00000134057;ENSG00000156970;ENSG00000196510;ENSG00000175063;ENSG00000170142;ENSG00000117650;ENSG00000170312;ENSG00000173692;ENSG00000164611;ENSG00000166851;ENSG00000117399;ENSG00000164109"
"REACTOME","REACTOME_DISEASES_OF_SIGNAL_TRANSDUCTION_BY_GROWTH_FACTOR_RECEPTORS_AND_SECOND_MESSENGERS",0.0503961267605634,0.228629638928295,0.0658886340177412,-0.344815473781613,-1.22254895768015,431,"ENSG00000112531;ENSG00000254087;ENSG00000115414;ENSG00000174804;ENSG00000185737;ENSG00000143507;ENSG00000164930;ENSG00000188766;ENSG00000124831;ENSG00000204673;ENSG00000013275;ENSG00000099341;ENSG00000105568;ENSG00000105221;ENSG00000140538;ENSG00000061273;ENSG00000105723;ENSG00000114315;ENSG00000124181;ENSG00000145675;ENSG00000157168;ENSG00000066468;ENSG00000160867;ENSG00000099817;ENSG00000159784;ENSG00000141506;ENSG00000109670;ENSG00000105258;ENSG00000101384;ENSG00000143924;ENSG00000171094;ENSG00000138685;ENSG00000072849;ENSG00000119866;ENSG00000157077;ENSG00000110324;ENSG00000115415;ENSG00000127946;ENSG00000105329;ENSG00000107854;ENSG00000158186;ENSG00000163909;ENSG00000205155;ENSG00000186298;ENSG00000196782;ENSG00000089220;ENSG00000197921;ENSG00000196498;ENSG00000167460;ENSG00000150907;ENSG00000133030;ENSG00000041357;ENSG00000138613;ENSG00000175029;ENSG00000113070;ENSG00000178568;ENSG00000134057;ENSG00000100453;ENSG00000106799;ENSG00000112941;ENSG00000179295;ENSG00000134853;ENSG00000124762;ENSG00000169047;ENSG00000104695;ENSG00000126070;ENSG00000141510;ENSG00000173692;ENSG00000111206;ENSG00000143801;ENSG00000132964;ENSG00000169032;ENSG00000134962;ENSG00000163235;ENSG00000164683;ENSG00000146648;ENSG00000054392;ENSG00000089234;ENSG00000091831;ENSG00000126214;ENSG00000143384;ENSG00000117461;ENSG00000177283;ENSG00000136997;ENSG00000092847;ENSG00000103653;ENSG00000068024;ENSG00000102978;ENSG00000138363;ENSG00000140575;ENSG00000070388;ENSG00000145216;ENSG00000108946;ENSG00000078687;ENSG00000259207;ENSG00000122691;ENSG00000158815;ENSG00000153094;ENSG00000186654;ENSG00000168036;ENSG00000186716;ENSG00000156427;ENSG00000133703;ENSG00000151694;ENSG00000134982;ENSG00000111605;ENSG00000113721;ENSG00000108061;ENSG00000169752;ENSG00000171862;ENSG00000118260;ENSG00000123358"
"REACTOME","REACTOME_GLYCOSPHINGOLIPID_CATABOLISM",0.0510805500982318,0.22905805733026,0.106110518756861,0.48067190400799,1.4111179801586,35,"ENSG00000149328;ENSG00000129103;ENSG00000157399;ENSG00000177628;ENSG00000064601;ENSG00000054983;ENSG00000101846;ENSG00000164291;ENSG00000006756;ENSG00000100299;ENSG00000135587"
"REACTOME","REACTOME_COPI_DEPENDENT_GOLGI_TO_ER_RETROGRADE_TRAFFIC",0.051681706316653,0.229943216776046,0.0728383861629769,-0.435564994370243,-1.34741185463579,98,"ENSG00000162849;ENSG00000105402;ENSG00000137807;ENSG00000167552;ENSG00000137267;ENSG00000105438;ENSG00000137285;ENSG00000176014;ENSG00000121621;ENSG00000130294;ENSG00000258947;ENSG00000127824;ENSG00000161800;ENSG00000163808;ENSG00000066735;ENSG00000079616;ENSG00000090889;ENSG00000186185;ENSG00000086598;ENSG00000142945;ENSG00000237649;ENSG00000138160;ENSG00000126214;ENSG00000167553;ENSG00000138778;ENSG00000138182;ENSG00000123416;ENSG00000116852;ENSG00000112984;ENSG00000170759;ENSG00000134970;ENSG00000004059;ENSG00000166557"
"REACTOME","REACTOME_SLC_MEDIATED_TRANSMEMBRANE_TRANSPORT",0.0515524311657879,0.229943216776046,0.1535535368591,0.305896379761452,1.20139728557602,219,"ENSG00000174358;ENSG00000139540;ENSG00000169241;ENSG00000130958;ENSG00000112759;ENSG00000113504;ENSG00000198569;ENSG00000145217;ENSG00000117394;ENSG00000167703;ENSG00000104635;ENSG00000143036;ENSG00000070214;ENSG00000075142;ENSG00000188338;ENSG00000102931;ENSG00000147804;ENSG00000007216;ENSG00000163581;ENSG00000074803;ENSG00000040531;ENSG00000197208;ENSG00000183023;ENSG00000197818;ENSG00000205060;ENSG00000137491;ENSG00000198668;ENSG00000141526;ENSG00000133460;ENSG00000138079;ENSG00000173930;ENSG00000110911;ENSG00000066230;ENSG00000021488;ENSG00000112394;ENSG00000174669;ENSG00000005022;ENSG00000091137;ENSG00000169100;ENSG00000179520;ENSG00000213465;ENSG00000100156;ENSG00000151229;ENSG00000164889;ENSG00000157593;ENSG00000033867;ENSG00000155465;ENSG00000116704;ENSG00000196517;ENSG00000124786;ENSG00000167114;ENSG00000147606;ENSG00000115902;ENSG00000158467"
"REACTOME","REACTOME_CELLULAR_HEXOSE_TRANSPORT",0.0520216962524655,0.230555299733689,0.0983849253696529,0.595178359932539,1.48109937040974,17,"ENSG00000169241;ENSG00000117394;ENSG00000163581;ENSG00000133460"
"REACTOME","REACTOME_BACTERIAL_INFECTION_PATHWAYS",0.0522733460386605,0.2307726400699,0.0722438159950612,-0.42959745647753,-1.33408894744101,102,"ENSG00000010278;ENSG00000101680;ENSG00000115414;ENSG00000169604;ENSG00000105723;ENSG00000053747;ENSG00000122012;ENSG00000188153;ENSG00000116560;ENSG00000143858;ENSG00000107295;ENSG00000081052;ENSG00000160014;ENSG00000172037;ENSG00000113070;ENSG00000159164;ENSG00000065559;ENSG00000099365;ENSG00000130635;ENSG00000169032;ENSG00000135862;ENSG00000198431;ENSG00000136738;ENSG00000034152;ENSG00000169031;ENSG00000108424;ENSG00000091136;ENSG00000196569;ENSG00000168036;ENSG00000147010;ENSG00000105668;ENSG00000139190"
"REACTOME","REACTOME_MITOCHONDRIAL_PROTEIN_IMPORT",0.0524790727623954,0.230786347013005,0.112250868978221,0.399431396158911,1.33419649063423,65,"ENSG00000004864;ENSG00000105819;ENSG00000163528;ENSG00000106554;ENSG00000196683;ENSG00000205981;ENSG00000170791;ENSG00000102125;ENSG00000168275;ENSG00000181924;ENSG00000169100;ENSG00000182712;ENSG00000036473;ENSG00000126768;ENSG00000100575;ENSG00000214736;ENSG00000240230;ENSG00000138495;ENSG00000159199;ENSG00000100209;ENSG00000173171;ENSG00000175768;ENSG00000125611;ENSG00000067829;ENSG00000154174;ENSG00000150779;ENSG00000151729;ENSG00000100412;ENSG00000099800"
"REACTOME","REACTOME_COPI_INDEPENDENT_GOLGI_TO_ER_RETROGRADE_TRAFFIC",0.0528515974917886,0.231530652089028,0.0753641771859303,-0.499812049388029,-1.4001695997801,50,"ENSG00000116711;ENSG00000167552;ENSG00000137267;ENSG00000137285;ENSG00000176014;ENSG00000079462;ENSG00000185963;ENSG00000258947;ENSG00000077380;ENSG00000154917;ENSG00000127824;ENSG00000143641;ENSG00000135720;ENSG00000167553"
"REACTOME","REACTOME_SUMOYLATION_OF_RNA_BINDING_PROTEINS",0.0542612355328423,0.235891401801173,0.0746018195047473,-0.50642612648,-1.4030273460999,47,"ENSG00000213024;ENSG00000163002;ENSG00000116030;ENSG00000173894;ENSG00000111752;ENSG00000132182;ENSG00000139496;ENSG00000092199;ENSG00000141570;ENSG00000165119;ENSG00000102900;ENSG00000134686;ENSG00000055044;ENSG00000069248;ENSG00000103275;ENSG00000120253;ENSG00000153201;ENSG00000058804;ENSG00000188612"
"REACTOME","REACTOME_REGULATION_OF_TP53_ACTIVITY",0.0541703581825085,0.235891401801173,0.0682683723194118,-0.394906878226102,-1.29345822036131,159,"ENSG00000118046;ENSG00000197299;ENSG00000071655;ENSG00000105568;ENSG00000105221;ENSG00000151615;ENSG00000136492;ENSG00000170004;ENSG00000078900;ENSG00000168395;ENSG00000185386;ENSG00000118515;ENSG00000170633;ENSG00000183955;ENSG00000162521;ENSG00000161642;ENSG00000140464;ENSG00000133119;ENSG00000104695;ENSG00000170312;ENSG00000138346;ENSG00000141510;ENSG00000174371;ENSG00000104881;ENSG00000087586;ENSG00000178913;ENSG00000138376;ENSG00000111445;ENSG00000088325;ENSG00000100425;ENSG00000176749;ENSG00000163781;ENSG00000165632;ENSG00000270647;ENSG00000152192;ENSG00000164938;ENSG00000177302;ENSG00000186654;ENSG00000113456;ENSG00000178999;ENSG00000123374;ENSG00000276293;ENSG00000163349;ENSG00000204209;ENSG00000187555;ENSG00000025293;ENSG00000130699;ENSG00000149311;ENSG00000137713;ENSG00000083168;ENSG00000088808;ENSG00000143514;ENSG00000092201;ENSG00000132383;ENSG00000012048;ENSG00000127445;ENSG00000113575;ENSG00000198625;ENSG00000181090;ENSG00000149554;ENSG00000145386;ENSG00000143499;ENSG00000111642;ENSG00000152409"
"REACTOME","REACTOME_SIGNALING_BY_EGFR",0.0549597855227882,0.238019755553064,0.0737569644215925,-0.49830287770265,-1.39922328656126,51,"ENSG00000168143;ENSG00000124181;ENSG00000145675;ENSG00000063245;ENSG00000107295;ENSG00000113070;ENSG00000101447;ENSG00000102606;ENSG00000179295;ENSG00000127837;ENSG00000127527;ENSG00000163235;ENSG00000146648;ENSG00000136738;ENSG00000103653;ENSG00000076641;ENSG00000148848;ENSG00000133703;ENSG00000151694;ENSG00000147010"
"REACTOME","REACTOME_TRAF6_MEDIATED_IRF7_ACTIVATION",0.0552938259360278,0.238359317777545,0.095636421370719,0.573181466164775,1.46365948023333,19,"ENSG00000185507;ENSG00000115267;ENSG00000146833;ENSG00000088888;ENSG00000121060;ENSG00000181481"
"REACTOME","REACTOME_POLO_LIKE_KINASE_MEDIATED_EVENTS",0.0554991539763113,0.238359317777545,0.0784040413719235,-0.648594793698206,-1.46063485371307,16,"ENSG00000117724;ENSG00000158402;ENSG00000134057;ENSG00000162521;ENSG00000111206;ENSG00000157456;ENSG00000166851;ENSG00000267796;ENSG00000183814;ENSG00000205659"
"REACTOME","REACTOME_NEUTROPHIL_DEGRANULATION",0.0556660039761431,0.238359317777545,0.193113963346815,0.274179528945703,1.13883092805827,395,"ENSG00000257335;ENSG00000140284;ENSG00000163191;ENSG00000123131;ENSG00000172794;ENSG00000109107;ENSG00000118640;ENSG00000198053;ENSG00000169692;ENSG00000105514;ENSG00000163932;ENSG00000130150;ENSG00000038002;ENSG00000155093;ENSG00000196549;ENSG00000178035;ENSG00000141959;ENSG00000021355;ENSG00000148218;ENSG00000142185;ENSG00000110442;ENSG00000196776;ENSG00000198805;ENSG00000179163;ENSG00000118271;ENSG00000064601;ENSG00000161057;ENSG00000023697;ENSG00000106244;ENSG00000116260;ENSG00000129226;ENSG00000084072;ENSG00000106348;ENSG00000148175;ENSG00000100243;ENSG00000197249;ENSG00000135926;ENSG00000114021;ENSG00000185475;ENSG00000169299;ENSG00000072786;ENSG00000080815;ENSG00000156508;ENSG00000173930;ENSG00000162736;ENSG00000026297;ENSG00000198931;ENSG00000167925;ENSG00000143162;ENSG00000162704;ENSG00000111144;ENSG00000100299;ENSG00000111679;ENSG00000013364;ENSG00000079385;ENSG00000084207;ENSG00000167658;ENSG00000164062;ENSG00000121691;ENSG00000081237;ENSG00000124570;ENSG00000164687;ENSG00000167996;ENSG00000204525;ENSG00000153395;ENSG00000170043;ENSG00000243678;ENSG00000147533;ENSG00000169228;ENSG00000069974;ENSG00000119801;ENSG00000072958;ENSG00000127329;ENSG00000080824;ENSG00000197548;ENSG00000030582;ENSG00000163739;ENSG00000171298;ENSG00000175582;ENSG00000078902;ENSG00000165102;ENSG00000086062;ENSG00000085719;ENSG00000135218;ENSG00000112062;ENSG00000148334;ENSG00000049860;ENSG00000151366;ENSG00000012223;ENSG00000096384;ENSG00000185127;ENSG00000116586;ENSG00000160213;ENSG00000100284;ENSG00000115073;ENSG00000198168;ENSG00000075651;ENSG00000131966;ENSG00000099940;ENSG00000143753"
"REACTOME","REACTOME_RHOF_GTPASE_CYCLE",0.056071918330032,0.239198183437852,0.07386107958716,-0.520237457801016,-1.41103045554401,42,"ENSG00000131016;ENSG00000139641;ENSG00000115107;ENSG00000092531;ENSG00000145675;ENSG00000076706;ENSG00000176788;ENSG00000143337;ENSG00000152767;ENSG00000139734;ENSG00000113368;ENSG00000120802;ENSG00000134909;ENSG00000035499;ENSG00000173218"
"REACTOME","REACTOME_TIGHT_JUNCTION_INTERACTIONS",0.0568632636868553,0.241668870669135,0.0974433570168394,0.521148256208353,1.43562055455038,26,"ENSG00000157224;ENSG00000253958;ENSG00000181885;ENSG00000189143;ENSG00000165215;ENSG00000213937;ENSG00000106404;ENSG00000163347"
"REACTOME","REACTOME_FRS_MEDIATED_FGFR4_SIGNALING",0.0578680203045685,0.244117315284828,0.0767245323920217,-0.646024166687054,-1.45484580414797,16,"ENSG00000160867;ENSG00000138685;ENSG00000179295;ENSG00000134962;ENSG00000158815;ENSG00000156427;ENSG00000133703;ENSG00000102678;ENSG00000166225"
"REACTOME","REACTOME_G_ALPHA_S_SIGNALLING_EVENTS",0.057813319349764,0.244117315284828,0.067207783715993,-0.410433410811141,-1.30864916331718,125,"ENSG00000087460;ENSG00000115414;ENSG00000112541;ENSG00000215644;ENSG00000121281;ENSG00000176533;ENSG00000173175;ENSG00000112164;ENSG00000113749;ENSG00000155897;ENSG00000111664;ENSG00000073417;ENSG00000141433;ENSG00000123901;ENSG00000172380;ENSG00000172572;ENSG00000113448;ENSG00000128655;ENSG00000205268;ENSG00000171509;ENSG00000122679;ENSG00000131477;ENSG00000147571;ENSG00000078369;ENSG00000080293;ENSG00000183840;ENSG00000115263;ENSG00000144407;ENSG00000043591;ENSG00000100077;ENSG00000150093;ENSG00000108946;ENSG00000175868;ENSG00000005249"
"REACTOME","REACTOME_COBALAMIN_CBL_VITAMIN_B12_TRANSPORT_AND_METABOLISM",0.0586503067484663,0.245598159509202,0.0922972084621158,0.577691835738742,1.45806388566069,18,"ENSG00000168216;ENSG00000166126;ENSG00000151611;ENSG00000139428;ENSG00000146085;ENSG00000119688;ENSG00000116984"
"REACTOME","REACTOME_SUMOYLATION_OF_TRANSCRIPTION_FACTORS",0.0586362874853409,0.245598159509202,0.0758099300882185,-0.621906173288286,-1.45032181948541,19,"ENSG00000008196;ENSG00000033800;ENSG00000172845;ENSG00000116030;ENSG00000141510;ENSG00000131788;ENSG00000187098;ENSG00000067369;ENSG00000103275;ENSG00000188612"
"REACTOME","REACTOME_TRANSLATION_OF_SARS_COV_1_STRUCTURAL_PROTEINS",0.0591383462670591,0.246734712081247,0.0960789906091538,0.500699813384769,1.41543781063685,29,"ENSG00000131446;ENSG00000178685;ENSG00000173193;ENSG00000102699;ENSG00000127022;ENSG00000073849;ENSG00000115275;ENSG00000130175;ENSG00000143947;ENSG00000138496;ENSG00000126091;ENSG00000089597;ENSG00000141429;ENSG00000110080;ENSG00000221983"
"REACTOME","REACTOME_G_ALPHA_Z_SIGNALLING_EVENTS",0.0594240438823709,0.24702184664971,0.0716628565191792,-0.517315987246202,-1.40310660487543,42,"ENSG00000087460;ENSG00000117152;ENSG00000121281;ENSG00000176533;ENSG00000173175;ENSG00000171700;ENSG00000155897;ENSG00000111664;ENSG00000172380;ENSG00000147509;ENSG00000154229;ENSG00000065675;ENSG00000126583;ENSG00000078369;ENSG00000091844"
"REACTOME","REACTOME_POST_TRANSLATIONAL_MODIFICATION_SYNTHESIS_OF_GPI_ANCHORED_PROTEINS",0.0602681721947777,0.249619811381279,0.0683519284059275,-0.449215948352032,-1.3473528166003,78,"ENSG00000185565;ENSG00000182667;ENSG00000183715;ENSG00000144619;ENSG00000112139;ENSG00000160932;ENSG00000197121;ENSG00000149972;ENSG00000185924;ENSG00000186907;ENSG00000122707;ENSG00000172260;ENSG00000135678;ENSG00000150551;ENSG00000162551;ENSG00000124785;ENSG00000113805"
"REACTOME","REACTOME_ASSEMBLY_OF_THE_HIV_VIRION",0.06158357771261,0.253226335793006,0.0898202850323628,0.593708789361128,1.45957708282245,16,"ENSG00000196814;ENSG00000167987;ENSG00000160948;ENSG00000141971;ENSG00000143947;ENSG00000074319;ENSG00000221983;ENSG00000176428;ENSG00000170315"
"REACTOME","REACTOME_RHOD_GTPASE_CYCLE",0.0615338882282996,0.253226335793006,0.0694651820488471,-0.487350038150575,-1.3765610526943,53,"ENSG00000131016;ENSG00000139641;ENSG00000160007;ENSG00000115107;ENSG00000113758;ENSG00000145675;ENSG00000076706;ENSG00000156232;ENSG00000143337;ENSG00000161800;ENSG00000139734;ENSG00000113368;ENSG00000137843;ENSG00000120802;ENSG00000134909;ENSG00000035499;ENSG00000173218;ENSG00000185722;ENSG00000140750;ENSG00000028116;ENSG00000077549"
"REACTOME","REACTOME_GLUCAGON_LIKE_PEPTIDE_1_GLP1_REGULATES_INSULIN_SECRETION",0.0631741140215717,0.257904357959033,0.069818186147199,-0.526792005206723,-1.4042752402368,38,"ENSG00000087460;ENSG00000176533;ENSG00000158445;ENSG00000173175;ENSG00000123104;ENSG00000112164;ENSG00000155897;ENSG00000111664;ENSG00000172380;ENSG00000170745;ENSG00000078369;ENSG00000115263;ENSG00000140575;ENSG00000108946;ENSG00000005249;ENSG00000179841"
"REACTOME","REACTOME_RRNA_MODIFICATION_IN_THE_NUCLEUS_AND_CYTOSOL",0.0630774131889137,0.257904357959033,0.101638713652309,0.401355334774258,1.31823975168433,60,"ENSG00000119616;ENSG00000164587;ENSG00000120158;ENSG00000137154;ENSG00000126749;ENSG00000105671;ENSG00000171863;ENSG00000135372;ENSG00000164934;ENSG00000087269;ENSG00000140988;ENSG00000134987;ENSG00000065183;ENSG00000145912;ENSG00000117597;ENSG00000183751;ENSG00000165271;ENSG00000007520;ENSG00000156697;ENSG00000213782;ENSG00000071462;ENSG00000241945;ENSG00000227057;ENSG00000120800;ENSG00000100138;ENSG00000141076;ENSG00000108651;ENSG00000115946;ENSG00000130826;ENSG00000163811;ENSG00000165733"
"REACTOME","REACTOME_PINK1_PRKN_MEDIATED_MITOPHAGY",0.065407772304324,0.266069473766518,0.0922972084621158,0.478477185681194,1.38158833270465,32,"ENSG00000123240;ENSG00000196683;ENSG00000161011;ENSG00000244687;ENSG00000158828;ENSG00000143947;ENSG00000214736;ENSG00000057663;ENSG00000078668;ENSG00000185345;ENSG00000175768;ENSG00000183735;ENSG00000221983;ENSG00000154174;ENSG00000170315;ENSG00000101460;ENSG00000213585;ENSG00000109332"
"REACTOME","REACTOME_REGULATION_OF_INSULIN_LIKE_GROWTH_FACTOR_IGF_TRANSPORT_AND_UPTAKE_BY_INSULIN_LIKE_GROWTH_FACTOR_BINDING_PROTEINS_IGFBPS",0.0660048296216796,0.266642886119155,0.0634554993001747,-0.414566505303739,-1.30144115032908,110,"ENSG00000140545;ENSG00000101439;ENSG00000115414;ENSG00000177706;ENSG00000163430;ENSG00000171951;ENSG00000087245;ENSG00000101938;ENSG00000166147;ENSG00000163453;ENSG00000130203;ENSG00000136026;ENSG00000104805;ENSG00000049323;ENSG00000147257;ENSG00000172037;ENSG00000102580;ENSG00000115461;ENSG00000070404;ENSG00000104112;ENSG00000115363;ENSG00000151655;ENSG00000142192;ENSG00000135862;ENSG00000182752;ENSG00000049449;ENSG00000041982"
"REACTOME","REACTOME_SIGNALING_BY_WNT",0.0660169393201067,0.266642886119155,0.0587625026852205,-0.357116520693133,-1.23294854500367,292,"ENSG00000155760;ENSG00000174804;ENSG00000164930;ENSG00000114251;ENSG00000133275;ENSG00000013275;ENSG00000099341;ENSG00000176533;ENSG00000105568;ENSG00000105221;ENSG00000272333;ENSG00000143816;ENSG00000065717;ENSG00000181449;ENSG00000171016;ENSG00000123104;ENSG00000162738;ENSG00000132475;ENSG00000036257;ENSG00000111664;ENSG00000042753;ENSG00000196961;ENSG00000172380;ENSG00000196781;ENSG00000196628;ENSG00000108379;ENSG00000107854;ENSG00000124766;ENSG00000139174;ENSG00000154229;ENSG00000163785;ENSG00000041357;ENSG00000175029;ENSG00000101282;ENSG00000138814;ENSG00000126583;ENSG00000104695;ENSG00000126070;ENSG00000078369;ENSG00000173692;ENSG00000188486;ENSG00000177283;ENSG00000136997;ENSG00000092847;ENSG00000169750;ENSG00000110693;ENSG00000197061;ENSG00000078687;ENSG00000156076;ENSG00000188064;ENSG00000169884;ENSG00000168036;ENSG00000134371;ENSG00000133703;ENSG00000134982;ENSG00000087258;ENSG00000111237;ENSG00000163041;ENSG00000105968;ENSG00000082701;ENSG00000139292;ENSG00000141367;ENSG00000173273;ENSG00000123908;ENSG00000002745;ENSG00000135341;ENSG00000116729;ENSG00000168646;ENSG00000101966;ENSG00000137713;ENSG00000163251;ENSG00000171056;ENSG00000019995;ENSG00000168772;ENSG00000104290;ENSG00000005339;ENSG00000196890;ENSG00000113575;ENSG00000161202;ENSG00000275713;ENSG00000183020;ENSG00000122705;ENSG00000131650;ENSG00000203852;ENSG00000166167;ENSG00000090905;ENSG00000112640;ENSG00000100804;ENSG00000175166;ENSG00000274641;ENSG00000101266;ENSG00000165617;ENSG00000115464;ENSG00000161203;ENSG00000146374;ENSG00000108671;ENSG00000127588;ENSG00000113712;ENSG00000100888;ENSG00000242616;ENSG00000118518;ENSG00000182621;ENSG00000125398;ENSG00000108344"
"REACTOME","REACTOME_CREB1_PHOSPHORYLATION_THROUGH_NMDA_RECEPTOR_MEDIATED_ACTIVATION_OF_RAS_SIGNALING",0.0667095322295451,0.266840793946298,0.0693777189790397,-0.558865240204182,-1.41048348626533,28,"ENSG00000150672;ENSG00000077522;ENSG00000058335;ENSG00000113319;ENSG00000071242;ENSG00000176884;ENSG00000277586"
"REACTOME","REACTOME_AMINE_LIGAND_BINDING_RECEPTORS",0.0672574774489634,0.266840793946298,0.0685199122966855,-0.547254573155159,-1.39949531800022,30,"ENSG00000133019;ENSG00000149295;ENSG00000101180;ENSG00000113749;ENSG00000043591;ENSG00000168830;ENSG00000181072;ENSG00000274286;ENSG00000180720;ENSG00000169252;ENSG00000170214"
"REACTOME","REACTOME_NUCLEAR_SIGNALING_BY_ERBB4",0.0677058730908518,0.266840793946298,0.0681021234212085,-0.543203364719891,-1.39619313112249,31,"ENSG00000082175;ENSG00000107562;ENSG00000185737;ENSG00000130203;ENSG00000157168;ENSG00000117632;ENSG00000205155;ENSG00000138613;ENSG00000113070;ENSG00000178568;ENSG00000143801;ENSG00000091831;ENSG00000055208;ENSG00000151694;ENSG00000169752"
"REACTOME","REACTOME_INFECTION_WITH_ENTEROBACTERIA",0.0675256131636138,0.266840793946298,0.067691459732905,-0.525875692012972,-1.38907880551371,36,"ENSG00000101680;ENSG00000115414;ENSG00000053747;ENSG00000188153;ENSG00000081052;ENSG00000160014;ENSG00000172037;ENSG00000130635;ENSG00000135862;ENSG00000169031;ENSG00000091136;ENSG00000196569;ENSG00000105668"
"REACTOME","REACTOME_NEUROTRANSMITTER_RELEASE_CYCLE",0.0673018753781004,0.266840793946298,0.066890705100693,-0.499035843525734,-1.3755491954391,46,"ENSG00000101438;ENSG00000112294;ENSG00000177380;ENSG00000165646;ENSG00000115419;ENSG00000136854;ENSG00000139220;ENSG00000104863;ENSG00000104888;ENSG00000168993;ENSG00000110436;ENSG00000131626;ENSG00000005379;ENSG00000109971;ENSG00000147044;ENSG00000107282;ENSG00000128683;ENSG00000105649"
"REACTOME","REACTOME_ASYMMETRIC_LOCALIZATION_OF_PCP_PROTEINS",0.0676321289937295,0.266840793946298,0.0662690130576484,-0.487605977730507,-1.36597560528051,50,"ENSG00000155760;ENSG00000174804;ENSG00000114251;ENSG00000013275;ENSG00000099341;ENSG00000162738;ENSG00000139174;ENSG00000041357;ENSG00000173692;ENSG00000177283"
"REACTOME","REACTOME_O_LINKED_GLYCOSYLATION",0.0672155486570387,0.266840793946298,0.0630517909580997,-0.415450605274698,-1.29864075319699,107,"ENSG00000262655;ENSG00000112902;ENSG00000187720;ENSG00000138722;ENSG00000005108;ENSG00000181027;ENSG00000173157;ENSG00000158089;ENSG00000156966;ENSG00000136378;ENSG00000140297;ENSG00000167889;ENSG00000237172;ENSG00000118600;ENSG00000139629;ENSG00000197558;ENSG00000174473;ENSG00000143641;ENSG00000154734;ENSG00000134917;ENSG00000140873;ENSG00000176383;ENSG00000156218;ENSG00000165905;ENSG00000143382;ENSG00000187676;ENSG00000184005;ENSG00000163638;ENSG00000162885"
"REACTOME","REACTOME_GLYCOSPHINGOLIPID_METABOLISM",0.0679522497704316,0.266888318925936,0.0958569623789466,0.40812438076743,1.31276587918764,54,"ENSG00000149328;ENSG00000101638;ENSG00000129103;ENSG00000157399;ENSG00000177628;ENSG00000235863;ENSG00000176597;ENSG00000064601;ENSG00000054983;ENSG00000174607;ENSG00000101846;ENSG00000164291;ENSG00000006756;ENSG00000100299;ENSG00000148154;ENSG00000135587;ENSG00000128242;ENSG00000144455;ENSG00000188611;ENSG00000126091;ENSG00000049860"
"REACTOME","REACTOME_FORMATION_OF_NEURONAL_PROGENITOR_AND_NEURONAL_BAF_NPBAF_AND_NBAF",0.0686688311688312,0.268775940554291,0.0686890698977699,-0.576845907126125,-1.41878026062913,24,"ENSG00000011332;ENSG00000110987;ENSG00000119866;ENSG00000082014;ENSG00000136518;ENSG00000141380;ENSG00000133884;ENSG00000184402;ENSG00000205683;ENSG00000073584;ENSG00000049618;ENSG00000130024;ENSG00000099956"
"REACTOME","REACTOME_BBSOME_MEDIATED_CARGO_TARGETING_TO_CILIUM",0.0710803181934822,0.2753757905523,0.0855536111942314,0.524924518361249,1.41005997776135,23,"ENSG00000278195;ENSG00000165533;ENSG00000181004;ENSG00000125124;ENSG00000125863;ENSG00000122507;ENSG00000163818;ENSG00000115484;ENSG00000127328;ENSG00000140463;ENSG00000163468;ENSG00000120438"
"REACTOME","REACTOME_MITOCHONDRIAL_FATTY_ACID_BETA_OXIDATION",0.0710075778838058,0.2753757905523,0.0896376494762061,0.464499918058176,1.36364156233936,35,"ENSG00000112304;ENSG00000184227;ENSG00000111271;ENSG00000119673;ENSG00000005187;ENSG00000151611;ENSG00000146085;ENSG00000104325;ENSG00000167107;ENSG00000141179;ENSG00000124370;ENSG00000159445;ENSG00000116353;ENSG00000114054;ENSG00000167315;ENSG00000100294"
"REACTOME","REACTOME_CELL_CELL_COMMUNICATION",0.0709840977183683,0.2753757905523,0.0563335007829073,-0.35343345115674,-1.22503104017889,306,"ENSG00000161270;ENSG00000126259;ENSG00000179242;ENSG00000125753;ENSG00000071564;ENSG00000077522;ENSG00000162458;ENSG00000073008;ENSG00000130202;ENSG00000013275;ENSG00000099341;ENSG00000135074;ENSG00000053747;ENSG00000140479;ENSG00000196924;ENSG00000145675;ENSG00000081138;ENSG00000067225;ENSG00000171940;ENSG00000140945;ENSG00000132475;ENSG00000154162;ENSG00000145526;ENSG00000113361;ENSG00000162706;ENSG00000182985;ENSG00000149451;ENSG00000196781;ENSG00000118707;ENSG00000163909;ENSG00000044115;ENSG00000041357;ENSG00000175029;ENSG00000073712;ENSG00000183955;ENSG00000162521;ENSG00000152784;ENSG00000040731;ENSG00000134910;ENSG00000179295;ENSG00000126070;ENSG00000173692;ENSG00000140612;ENSG00000188486;ENSG00000148498;ENSG00000139880;ENSG00000172167;ENSG00000136997;ENSG00000069188;ENSG00000092847;ENSG00000134909;ENSG00000150093;ENSG00000164733;ENSG00000140575;ENSG00000197061;ENSG00000078687;ENSG00000122852;ENSG00000122691;ENSG00000168036;ENSG00000163558;ENSG00000150394;ENSG00000126016"
"REACTOME","REACTOME_FORMATION_OF_TUBULIN_FOLDING_INTERMEDIATES_BY_CCT_TRIC",0.0733766233766234,0.28140058594604,0.0663458340758821,-0.572072266707594,-1.40703926235995,24,"ENSG00000167552;ENSG00000137267;ENSG00000137285;ENSG00000176014;ENSG00000258947;ENSG00000127824;ENSG00000167553;ENSG00000123416;ENSG00000150753;ENSG00000101162;ENSG00000104833;ENSG00000188229;ENSG00000183785"
"REACTOME","REACTOME_PLATELET_HOMEOSTASIS",0.0731741771436644,0.28140058594604,0.0617563057695609,-0.438659805267761,-1.31975886375554,80,"ENSG00000087460;ENSG00000112541;ENSG00000118160;ENSG00000152402;ENSG00000061918;ENSG00000164116;ENSG00000176533;ENSG00000105568;ENSG00000116711;ENSG00000083454;ENSG00000123104;ENSG00000111664;ENSG00000172380;ENSG00000197584;ENSG00000157193;ENSG00000128655;ENSG00000179295;ENSG00000104695;ENSG00000160191;ENSG00000078369;ENSG00000135124"
"REACTOME","REACTOME_OPIOID_SIGNALLING",0.0729998598851058,0.28140058594604,0.0615683355795463,-0.435240553042901,-1.31851709849925,84,"ENSG00000184588;ENSG00000121281;ENSG00000176533;ENSG00000105568;ENSG00000116711;ENSG00000173175;ENSG00000123104;ENSG00000152495;ENSG00000155897;ENSG00000111664;ENSG00000183943;ENSG00000172380;ENSG00000154229;ENSG00000154678;ENSG00000113448;ENSG00000138814;ENSG00000182481;ENSG00000126583;ENSG00000101333;ENSG00000104695;ENSG00000078369;ENSG00000141404;ENSG00000156052;ENSG00000004660;ENSG00000108946;ENSG00000005249;ENSG00000123360;ENSG00000156049;ENSG00000118260"
"REACTOME","REACTOME_CALNEXIN_CALRETICULIN_CYCLE",0.0748479238296747,0.28607981624832,0.0846140864395758,0.50376905375859,1.38774561692688,26,"ENSG00000088298;ENSG00000127022;ENSG00000130175;ENSG00000143947;ENSG00000162298;ENSG00000204308;ENSG00000071537;ENSG00000177239;ENSG00000089597;ENSG00000179218;ENSG00000221983;ENSG00000135506;ENSG00000170315;ENSG00000134109"
"REACTOME","REACTOME_ATTACHMENT_AND_ENTRY",0.0753895124811526,0.286672805402087,0.0665002323311693,-0.605344193386948,-1.41169830703853,19,"ENSG00000183098;ENSG00000115884;ENSG00000076716;ENSG00000063660;ENSG00000142798;ENSG00000113249;ENSG00000147257;ENSG00000162512;ENSG00000188157;ENSG00000184012;ENSG00000179399;ENSG00000169439;ENSG00000140564"
"REACTOME","REACTOME_SYNTHESIS_OF_PC",0.0755064456721915,0.286672805402087,0.0840040435343081,0.495413604618755,1.38065425258934,27,"ENSG00000134324;ENSG00000143036;ENSG00000132793;ENSG00000070214;ENSG00000214530;ENSG00000141179;ENSG00000168389;ENSG00000100288;ENSG00000153395;ENSG00000134255"
"REACTOME","REACTOME_RND1_GTPASE_CYCLE",0.0766417796739296,0.290016568267793,0.0627208096593469,-0.502843615820888,-1.3638534589536,42,"ENSG00000160007;ENSG00000168143;ENSG00000171680;ENSG00000145675;ENSG00000162738;ENSG00000151208;ENSG00000144283;ENSG00000118193;ENSG00000075391;ENSG00000147274;ENSG00000082269;ENSG00000172602;ENSG00000133818;ENSG00000035499;ENSG00000142627;ENSG00000173218;ENSG00000115355;ENSG00000158062;ENSG00000166225;ENSG00000134313;ENSG00000174106;ENSG00000114554;ENSG00000168439"
"REACTOME","REACTOME_RESPIRATORY_SYNCYTIAL_VIRUS_INFECTION_PATHWAY",0.0780132271561614,0.294228694473072,0.0582749924019855,-0.409723414303131,-1.28073835155745,107,"ENSG00000183098;ENSG00000140443;ENSG00000115884;ENSG00000166233;ENSG00000076716;ENSG00000063660;ENSG00000142798;ENSG00000063322;ENSG00000147257;ENSG00000175221;ENSG00000126456;ENSG00000162512;ENSG00000186298;ENSG00000131711;ENSG00000115053;ENSG00000140612;ENSG00000132964;ENSG00000146648;ENSG00000188157;ENSG00000104973;ENSG00000155111;ENSG00000108424;ENSG00000156603;ENSG00000105085;ENSG00000154582;ENSG00000160563;ENSG00000179399;ENSG00000042429;ENSG00000169439;ENSG00000170458;ENSG00000123066;ENSG00000109971;ENSG00000140564;ENSG00000170581;ENSG00000005339;ENSG00000125686;ENSG00000137462"
"REACTOME","REACTOME_PHOSPHORYLATED_BMAL1_CLOCK_ARNTL_CLOCK_ACTIVATES_EXPRESSION_OF_CORE_CLOCK_GENES",0.0804236306470296,0.299354625186166,0.0638665387777927,-0.581032323601007,-1.39794352181707,22,"ENSG00000069667;ENSG00000105516;ENSG00000134107;ENSG00000179094;ENSG00000170485;ENSG00000118260;ENSG00000132326;ENSG00000049246;ENSG00000005339;ENSG00000134852;ENSG00000121671;ENSG00000142178"
"REACTOME","REACTOME_TRANSCRIPTIONAL_REGULATION_OF_BROWN_AND_BEIGE_ADIPOCYTE_DIFFERENTIATION",0.0803096274794388,0.299354625186166,0.0630517909580997,-0.55301843921875,-1.38898394946055,27,"ENSG00000170365;ENSG00000071655;ENSG00000161281;ENSG00000170004;ENSG00000057935;ENSG00000162521;ENSG00000153187;ENSG00000109424;ENSG00000142611;ENSG00000221818;ENSG00000111642;ENSG00000102935;ENSG00000155846;ENSG00000143614;ENSG00000196591;ENSG00000182979;ENSG00000186350;ENSG00000167491"
"REACTOME","REACTOME_INTRINSIC_PATHWAY_FOR_APOPTOSIS",0.0799586166124741,0.299354625186166,0.0603547333389437,-0.469057331112884,-1.33344247747106,55,"ENSG00000105483;ENSG00000105221;ENSG00000108561;ENSG00000078900;ENSG00000064012;ENSG00000114126;ENSG00000087088;ENSG00000172115;ENSG00000100453;ENSG00000141510;ENSG00000170027;ENSG00000105327;ENSG00000153094;ENSG00000184047;ENSG00000105928;ENSG00000134308;ENSG00000198176;ENSG00000101412;ENSG00000101966;ENSG00000088808;ENSG00000143514;ENSG00000136448"
"REACTOME","REACTOME_REGULATION_OF_RAS_BY_GAPS",0.0804020100502513,0.299354625186166,0.0601783862400583,-0.468769686519263,-1.332624757559,55,"ENSG00000136848;ENSG00000188766;ENSG00000013275;ENSG00000099341;ENSG00000036257;ENSG00000041357;ENSG00000075391;ENSG00000173692;ENSG00000111344"
"REACTOME","REACTOME_SMOOTH_MUSCLE_CONTRACTION",0.0809283860131318,0.300252220420056,0.0610138668284157,-0.50393963633972,-1.36124074281471,41,"ENSG00000152402;ENSG00000061918;ENSG00000140416;ENSG00000164116;ENSG00000006283;ENSG00000196557;ENSG00000111275;ENSG00000167460;ENSG00000100346;ENSG00000196465"
"REACTOME","REACTOME_IL_6_TYPE_CYTOKINE_RECEPTOR_LIGAND_INTERACTIONS",0.084426505213589,0.303155829851936,0.0627866166785788,-0.612474360728242,-1.39636835528453,17,"ENSG00000134352;ENSG00000095752;ENSG00000006016"
"REACTOME","REACTOME_RHOBTB2_GTPASE_CYCLE",0.0835380835380835,0.303155829851936,0.0622655030196783,-0.57322100071233,-1.39516237119357,23,"ENSG00000113758;ENSG00000036257;ENSG00000196586;ENSG00000147274;ENSG00000136527;ENSG00000092199;ENSG00000146247;ENSG00000133226;ENSG00000198563;ENSG00000112079"
"REACTOME","REACTOME_GLUCAGON_TYPE_LIGAND_RECEPTORS",0.0819803890049831,0.303155829851936,0.0622655030196783,-0.555559495934793,-1.38657049308488,26,"ENSG00000087460;ENSG00000215644;ENSG00000176533;ENSG00000112164;ENSG00000111664;ENSG00000141433;ENSG00000172380;ENSG00000078369;ENSG00000080293;ENSG00000115263"
"REACTOME","REACTOME_DEVELOPMENTAL_LINEAGE_OF_PANCREATIC_ACINAR_CELLS",0.0831408775981524,0.303155829851936,0.0789035841438956,0.515514889476794,1.3847836939692,23,"ENSG00000163623;ENSG00000164266;ENSG00000091704"
"REACTOME","REACTOME_RND2_GTPASE_CYCLE",0.0842679599878751,0.303155829851936,0.0594870687313202,-0.495491865701329,-1.35045840162721,43,"ENSG00000160007;ENSG00000168143;ENSG00000187239;ENSG00000136026;ENSG00000108830;ENSG00000145675;ENSG00000162738;ENSG00000151208;ENSG00000144283;ENSG00000118193;ENSG00000090615;ENSG00000147274;ENSG00000137269;ENSG00000035499;ENSG00000142627;ENSG00000173218"
"REACTOME","REACTOME_G_PROTEIN_MEDIATED_EVENTS",0.083543552455854,0.303155829851936,0.0590938580196366,-0.474613561759717,-1.33744107762567,52,"ENSG00000121281;ENSG00000116711;ENSG00000173175;ENSG00000123104;ENSG00000152495;ENSG00000155897;ENSG00000183943;ENSG00000154229;ENSG00000154678;ENSG00000182481;ENSG00000126583;ENSG00000101333;ENSG00000141404;ENSG00000156052;ENSG00000004660;ENSG00000108946;ENSG00000005249;ENSG00000123360;ENSG00000156049;ENSG00000118260"
"REACTOME","REACTOME_NEGATIVE_REGULATORS_OF_DDX58_IFIH1_SIGNALING",0.0839180465899523,0.303155829851936,0.0822473549270266,0.454519831368307,1.33434282518791,35,"ENSG00000101695;ENSG00000115267;ENSG00000146833;ENSG00000160703;ENSG00000088888;ENSG00000121060;ENSG00000181481;ENSG00000143947;ENSG00000182179;ENSG00000187608;ENSG00000057663;ENSG00000138646;ENSG00000183735;ENSG00000221983;ENSG00000197111;ENSG00000263528"
"REACTOME","REACTOME_APC_C_MEDIATED_DEGRADATION_OF_CELL_CYCLE_PROTEINS",0.0822640433418877,0.303155829851936,0.0583286073011755,-0.439940892377964,-1.31087292561863,75,"ENSG00000108106;ENSG00000013275;ENSG00000099341;ENSG00000072401;ENSG00000041357;ENSG00000134057;ENSG00000156970;ENSG00000196510;ENSG00000175063;ENSG00000170142;ENSG00000117650;ENSG00000170312;ENSG00000173692;ENSG00000087586;ENSG00000164611;ENSG00000166851;ENSG00000117399;ENSG00000164109;ENSG00000112029;ENSG00000178999;ENSG00000123374"
"REACTOME","REACTOME_BETA_CATENIN_INDEPENDENT_WNT_SIGNALING",0.083191182259546,0.303155829851936,0.0554741407704174,-0.396871558430495,-1.26644075598016,126,"ENSG00000155760;ENSG00000174804;ENSG00000164930;ENSG00000114251;ENSG00000013275;ENSG00000099341;ENSG00000176533;ENSG00000123104;ENSG00000162738;ENSG00000111664;ENSG00000042753;ENSG00000196961;ENSG00000172380;ENSG00000139174;ENSG00000154229;ENSG00000163785;ENSG00000041357;ENSG00000138814;ENSG00000126583;ENSG00000126070;ENSG00000078369;ENSG00000173692;ENSG00000177283;ENSG00000136997;ENSG00000092847;ENSG00000169750;ENSG00000078687;ENSG00000168036;ENSG00000133703;ENSG00000087258;ENSG00000141367;ENSG00000123908;ENSG00000135341;ENSG00000168646"
"REACTOME","REACTOME_TCF_DEPENDENT_SIGNALING_IN_RESPONSE_TO_WNT",0.0843814873610941,0.303155829851936,0.0529732526440329,-0.368565938613992,-1.23463328359465,201,"ENSG00000174804;ENSG00000164930;ENSG00000114251;ENSG00000133275;ENSG00000013275;ENSG00000099341;ENSG00000105568;ENSG00000105221;ENSG00000272333;ENSG00000143816;ENSG00000065717;ENSG00000181449;ENSG00000171016;ENSG00000132475;ENSG00000036257;ENSG00000196781;ENSG00000196628;ENSG00000108379;ENSG00000107854;ENSG00000124766;ENSG00000163785;ENSG00000041357;ENSG00000101282;ENSG00000104695;ENSG00000173692;ENSG00000188486;ENSG00000177283;ENSG00000136997;ENSG00000110693;ENSG00000197061;ENSG00000156076;ENSG00000168036;ENSG00000134371;ENSG00000134982;ENSG00000163041;ENSG00000105968;ENSG00000082701;ENSG00000139292;ENSG00000173273;ENSG00000168646;ENSG00000101966;ENSG00000137713;ENSG00000163251;ENSG00000171056;ENSG00000168772;ENSG00000005339;ENSG00000196890;ENSG00000113575;ENSG00000161202;ENSG00000275713;ENSG00000131650;ENSG00000203852;ENSG00000166167;ENSG00000112640;ENSG00000100804;ENSG00000175166;ENSG00000274641;ENSG00000101266;ENSG00000165617;ENSG00000115464;ENSG00000146374;ENSG00000108671;ENSG00000113712;ENSG00000100888;ENSG00000118518;ENSG00000125398;ENSG00000108344"
"REACTOME","REACTOME_SIGNALING_BY_NUCLEAR_RECEPTORS",0.0846387654898293,0.303155829851936,0.051659256956254,-0.354536544447551,-1.2178518232156,268,"ENSG00000213694;ENSG00000082175;ENSG00000129514;ENSG00000107562;ENSG00000165029;ENSG00000087245;ENSG00000196208;ENSG00000004799;ENSG00000176533;ENSG00000011485;ENSG00000105221;ENSG00000126457;ENSG00000130203;ENSG00000140443;ENSG00000145675;ENSG00000105698;ENSG00000143171;ENSG00000099817;ENSG00000171940;ENSG00000132475;ENSG00000105258;ENSG00000166426;ENSG00000131408;ENSG00000125740;ENSG00000111664;ENSG00000172380;ENSG00000100979;ENSG00000196498;ENSG00000113070;ENSG00000178568;ENSG00000122547;ENSG00000182481;ENSG00000007944;ENSG00000105971;ENSG00000110435;ENSG00000160179;ENSG00000126070;ENSG00000118513;ENSG00000078369;ENSG00000130208;ENSG00000163235;ENSG00000164754;ENSG00000115966;ENSG00000146648;ENSG00000171604;ENSG00000188486;ENSG00000091831;ENSG00000180530;ENSG00000117461;ENSG00000136997;ENSG00000092847;ENSG00000106211;ENSG00000102978;ENSG00000100985;ENSG00000197061;ENSG00000172819;ENSG00000078687;ENSG00000132855;ENSG00000124151"
"REACTOME","REACTOME_MATURATION_OF_TCA_ENZYMES_AND_REGULATION_OF_TCA_CYCLE",0.0854422450513656,0.304998553040956,0.0768410915258218,0.537333188760262,1.3918261157841,20,"ENSG00000244005;ENSG00000204370;ENSG00000154079;ENSG00000135070;ENSG00000196636;ENSG00000073578;ENSG00000165898;ENSG00000142082;ENSG00000075239;ENSG00000100412;ENSG00000214756;ENSG00000167985;ENSG00000117118"
"REACTOME","REACTOME_PLASMA_LIPOPROTEIN_ASSEMBLY_REMODELING_AND_CLEARANCE",0.0857184157270888,0.304998553040956,0.0574867959986614,-0.448898072453175,-1.31303550481761,66,"ENSG00000165029;ENSG00000130203;ENSG00000140479;ENSG00000115677;ENSG00000175445;ENSG00000131408;ENSG00000101670;ENSG00000042753;ENSG00000105699;ENSG00000196961;ENSG00000100979;ENSG00000213398;ENSG00000099139;ENSG00000007944;ENSG00000157978;ENSG00000160179;ENSG00000144959;ENSG00000130208;ENSG00000168487"
"REACTOME","REACTOME_LEISHMANIA_INFECTION",0.0859565720159322,0.304998553040956,0.0539014313173232,-0.386629849921098,-1.25319609680087,145,"ENSG00000087460;ENSG00000145632;ENSG00000254087;ENSG00000155760;ENSG00000134215;ENSG00000114251;ENSG00000121281;ENSG00000176533;ENSG00000173175;ENSG00000124181;ENSG00000123104;ENSG00000132970;ENSG00000155897;ENSG00000111664;ENSG00000183943;ENSG00000172380;ENSG00000061676;ENSG00000129667;ENSG00000150760;ENSG00000138443;ENSG00000273749;ENSG00000163466;ENSG00000112290;ENSG00000078369;ENSG00000135124;ENSG00000097007;ENSG00000015413;ENSG00000142192;ENSG00000165025"
"REACTOME","REACTOME_ADHERENS_JUNCTIONS_INTERACTIONS",0.0866170110523787,0.306387501828134,0.0517750634568288,-0.362154407742722,-1.22472499371878,222,"ENSG00000179242;ENSG00000071564;ENSG00000073008;ENSG00000130202;ENSG00000013275;ENSG00000099341;ENSG00000135074;ENSG00000140479;ENSG00000081138;ENSG00000067225;ENSG00000171940;ENSG00000140945;ENSG00000132475;ENSG00000154162;ENSG00000145526;ENSG00000113361;ENSG00000162706;ENSG00000182985;ENSG00000149451;ENSG00000196781;ENSG00000118707;ENSG00000163909;ENSG00000044115;ENSG00000041357;ENSG00000175029;ENSG00000183955;ENSG00000162521;ENSG00000152784;ENSG00000040731;ENSG00000134910;ENSG00000126070;ENSG00000173692;ENSG00000140612;ENSG00000188486;ENSG00000139880;ENSG00000172167;ENSG00000136997;ENSG00000092847;ENSG00000134909;ENSG00000164733;ENSG00000197061;ENSG00000078687;ENSG00000122691;ENSG00000168036;ENSG00000150394;ENSG00000126016;ENSG00000129351;ENSG00000096717;ENSG00000163041;ENSG00000105968;ENSG00000124216;ENSG00000123908;ENSG00000121741;ENSG00000163131;ENSG00000177485"
"REACTOME","REACTOME_EXTRA_NUCLEAR_ESTROGEN_SIGNALING",0.0879676440849343,0.310201692299505,0.0566777211926817,-0.445981665448899,-1.30973087124121,68,"ENSG00000213694;ENSG00000087245;ENSG00000176533;ENSG00000105221;ENSG00000126457;ENSG00000140443;ENSG00000145675;ENSG00000111664;ENSG00000172380;ENSG00000113070;ENSG00000105971;ENSG00000078369;ENSG00000163235;ENSG00000146648;ENSG00000091831;ENSG00000117461;ENSG00000106211;ENSG00000100985"
"REACTOME","REACTOME_RUNX2_REGULATES_OSTEOBLAST_DIFFERENTIATION",0.0887796887796888,0.312098967654523,0.060295791275842,-0.568050684365457,-1.38257834024327,23,"ENSG00000119042;ENSG00000114315;ENSG00000108821;ENSG00000178573;ENSG00000164683;ENSG00000097007"
"REACTOME","REACTOME_OTHER_INTERLEUKIN_SIGNALING",0.0897018291155099,0.313926237518518,0.0749258356507951,0.533071040497533,1.38078609557783,20,"ENSG00000076944;ENSG00000166900;ENSG00000106278;ENSG00000243646;ENSG00000164305;ENSG00000106089;ENSG00000103496"
"REACTOME","REACTOME_RECRUITMENT_OF_NUMA_TO_MITOTIC_CENTROSOMES",0.0898507053828243,0.313926237518518,0.0544711998459118,-0.418128721669443,-1.28747420609718,93,"ENSG00000105568;ENSG00000101367;ENSG00000167552;ENSG00000137267;ENSG00000137285;ENSG00000176014;ENSG00000101004;ENSG00000258947;ENSG00000077380;ENSG00000127824;ENSG00000196230;ENSG00000151849;ENSG00000249115;ENSG00000117650;ENSG00000170312;ENSG00000131351;ENSG00000170027;ENSG00000136811;ENSG00000167553;ENSG00000166851;ENSG00000136861;ENSG00000175216;ENSG00000005249;ENSG00000114107;ENSG00000142731;ENSG00000204899;ENSG00000123416;ENSG00000214367;ENSG00000213066;ENSG00000007168;ENSG00000148019;ENSG00000147400;ENSG00000103995;ENSG00000147874;ENSG00000101162;ENSG00000141577;ENSG00000173213;ENSG00000088986;ENSG00000139350;ENSG00000104833;ENSG00000074054;ENSG00000188229;ENSG00000101624;ENSG00000183785;ENSG00000072864"
"REACTOME","REACTOME_NEPHRIN_FAMILY_INTERACTIONS",0.0901869932152904,0.314137569639804,0.0601199218047462,-0.570380530117714,-1.37231567790742,22,"ENSG00000161270;ENSG00000126259;ENSG00000077522;ENSG00000145675"
"REACTOME","REACTOME_METABOLISM_OF_AMINE_DERIVED_HORMONES",0.0908334719680586,0.315424770035423,0.0600616151238803,-0.585592422936711,-1.38168366921189,20,"ENSG00000129167;ENSG00000139287;ENSG00000180176;ENSG00000211452"
"REACTOME","REACTOME_GLUCAGON_SIGNALING_IN_METABOLIC_REGULATION",0.0914701693305903,0.316184661185243,0.0582749924019855,-0.530080002194326,-1.35557475008285,30,"ENSG00000087460;ENSG00000215644;ENSG00000121281;ENSG00000176533;ENSG00000173175;ENSG00000155897;ENSG00000111664;ENSG00000172380;ENSG00000078369;ENSG00000115263;ENSG00000108946;ENSG00000005249"
"REACTOME","REACTOME_INTRACELLULAR_SIGNALING_BY_SECOND_MESSENGERS",0.0916074962169712,0.316184661185243,0.0493785565799981,-0.349879472133456,-1.20570364776884,284,"ENSG00000254647;ENSG00000185737;ENSG00000204673;ENSG00000013275;ENSG00000071655;ENSG00000099341;ENSG00000121281;ENSG00000105568;ENSG00000105221;ENSG00000140538;ENSG00000061273;ENSG00000105723;ENSG00000173175;ENSG00000124181;ENSG00000145675;ENSG00000157168;ENSG00000066468;ENSG00000169914;ENSG00000123104;ENSG00000152495;ENSG00000160867;ENSG00000141506;ENSG00000155897;ENSG00000138685;ENSG00000170004;ENSG00000183943;ENSG00000107854;ENSG00000154229;ENSG00000154678;ENSG00000101115;ENSG00000150907;ENSG00000041357;ENSG00000118515;ENSG00000113070;ENSG00000057935;ENSG00000178568;ENSG00000162521;ENSG00000173894;ENSG00000182481;ENSG00000111752;ENSG00000140464;ENSG00000179295;ENSG00000134853;ENSG00000126583;ENSG00000124762;ENSG00000169047;ENSG00000104695;ENSG00000126070;ENSG00000141510;ENSG00000173692;ENSG00000134962;ENSG00000163235;ENSG00000115966;ENSG00000146648;ENSG00000091831;ENSG00000117461;ENSG00000092847;ENSG00000004660;ENSG00000070388;ENSG00000141570;ENSG00000108946;ENSG00000078687;ENSG00000005249;ENSG00000143398;ENSG00000120738;ENSG00000158815;ENSG00000186654;ENSG00000123360;ENSG00000156427;ENSG00000276293;ENSG00000113721;ENSG00000169752;ENSG00000171862;ENSG00000118260;ENSG00000123358;ENSG00000134686;ENSG00000182866;ENSG00000082701;ENSG00000124216;ENSG00000187555;ENSG00000173273;ENSG00000123908"
"REACTOME","REACTOME_FERTILIZATION",0.0930626057529611,0.318845048308934,0.0598299516205161,-0.615434195195716,-1.38595721767078,16,"ENSG00000010278;ENSG00000099840;ENSG00000099338;ENSG00000182264"
"REACTOME","REACTOME_FORMATION_OF_THE_URETERIC_BUD",0.093570219966159,0.318845048308934,0.0596578256057473,-0.614959207132744,-1.38488754500825,16,"ENSG00000168743;ENSG00000103449;ENSG00000166923;ENSG00000185008;ENSG00000145147"
"REACTOME","REACTOME_CRMPS_IN_SEMA3A_SIGNALING",0.093570219966159,0.318845048308934,0.0596578256057473,-0.614938224985456,-1.38484029323267,16,"ENSG00000221866;ENSG00000075213;ENSG00000151640;ENSG00000157851;ENSG00000072832;ENSG00000176749;ENSG00000082701;ENSG00000076356;ENSG00000010810;ENSG00000114554;ENSG00000182511"
"REACTOME","REACTOME_SUMOYLATION_OF_UBIQUITINYLATION_PROTEINS",0.094019728729963,0.318845048308934,0.0566281919237633,-0.500707894932762,-1.34039111489071,39,"ENSG00000213024;ENSG00000033800;ENSG00000163002;ENSG00000116030;ENSG00000140464;ENSG00000132182;ENSG00000139496;ENSG00000102900;ENSG00000134086;ENSG00000069248;ENSG00000103275;ENSG00000120253;ENSG00000153201;ENSG00000058804"
"REACTOME","REACTOME_RECYCLING_PATHWAY_OF_L1",0.0943935066887119,0.318845048308934,0.0557565734717297,-0.478299399838008,-1.32510370714927,47,"ENSG00000071242;ENSG00000167552;ENSG00000137267;ENSG00000137285;ENSG00000176014;ENSG00000042753;ENSG00000196961;ENSG00000107295;ENSG00000258947;ENSG00000127824;ENSG00000137710;ENSG00000090889;ENSG00000167553;ENSG00000123416;ENSG00000141367;ENSG00000101162;ENSG00000092820;ENSG00000183020;ENSG00000122705;ENSG00000198910;ENSG00000173213;ENSG00000104833;ENSG00000188229;ENSG00000161203;ENSG00000183785"
"REACTOME","REACTOME_INTERFERON_GAMMA_SIGNALING",0.0946177579705176,0.318845048308934,0.0857131468775338,0.361650160516542,1.24319174184686,78,"ENSG00000117226;ENSG00000163932;ENSG00000168310;ENSG00000185507;ENSG00000204592;ENSG00000206503;ENSG00000167333;ENSG00000132109;ENSG00000106785;ENSG00000159128;ENSG00000102882;ENSG00000121060;ENSG00000111679;ENSG00000089127;ENSG00000234127;ENSG00000204525"
"REACTOME","REACTOME_ESR_MEDIATED_SIGNALING",0.0940745265729994,0.318845048308934,0.0499670502581102,-0.364669293019045,-1.22228265260158,203,"ENSG00000213694;ENSG00000082175;ENSG00000129514;ENSG00000107562;ENSG00000087245;ENSG00000196208;ENSG00000176533;ENSG00000011485;ENSG00000105221;ENSG00000126457;ENSG00000140443;ENSG00000145675;ENSG00000105698;ENSG00000099817;ENSG00000171940;ENSG00000132475;ENSG00000105258;ENSG00000125740;ENSG00000111664;ENSG00000172380;ENSG00000113070;ENSG00000178568;ENSG00000182481;ENSG00000105971;ENSG00000126070;ENSG00000118513;ENSG00000078369;ENSG00000163235;ENSG00000164754;ENSG00000115966;ENSG00000146648;ENSG00000171604;ENSG00000188486;ENSG00000091831;ENSG00000180530;ENSG00000117461;ENSG00000136997;ENSG00000092847;ENSG00000106211;ENSG00000102978;ENSG00000100985;ENSG00000197061;ENSG00000078687;ENSG00000124151"
"REACTOME","REACTOME_SIGNALING_BY_ROBO_RECEPTORS",0.0943188086045229,0.318845048308934,0.10954123067857,0.299569703469564,1.1653684391344,201,"ENSG00000070756;ENSG00000112306;ENSG00000142875;ENSG00000162244;ENSG00000110700;ENSG00000161057;ENSG00000100316;ENSG00000198034;ENSG00000164587;ENSG00000109475;ENSG00000130255;ENSG00000144713;ENSG00000127922;ENSG00000174748;ENSG00000198755;ENSG00000163682;ENSG00000071082;ENSG00000171858;ENSG00000161016;ENSG00000167526;ENSG00000071051;ENSG00000265681;ENSG00000108298;ENSG00000145592;ENSG00000231500;ENSG00000147403;ENSG00000166441;ENSG00000142937;ENSG00000188846;ENSG00000161970;ENSG00000198918;ENSG00000186468;ENSG00000168028;ENSG00000145425;ENSG00000172809;ENSG00000182899;ENSG00000137154;ENSG00000156482;ENSG00000147604;ENSG00000118181;ENSG00000116251;ENSG00000197958;ENSG00000138326;ENSG00000149273;ENSG00000131469;ENSG00000125691;ENSG00000148303;ENSG00000105640;ENSG00000163584;ENSG00000122406;ENSG00000142676;ENSG00000197728;ENSG00000143947;ENSG00000171863;ENSG00000136942;ENSG00000177954;ENSG00000229117;ENSG00000124614;ENSG00000114302;ENSG00000177600;ENSG00000233927;ENSG00000114391"
"REACTOME","REACTOME_COOPERATION_OF_PREFOLDIN_AND_TRIC_CCT_IN_ACTIN_AND_TUBULIN_FOLDING",0.0957329554400882,0.321239883951748,0.0567273700625101,-0.52499446308373,-1.34939087428668,31,"ENSG00000167552;ENSG00000137267;ENSG00000137285;ENSG00000176014;ENSG00000258947;ENSG00000127824;ENSG00000167553;ENSG00000123416;ENSG00000150753;ENSG00000155959;ENSG00000101162;ENSG00000104833;ENSG00000188229;ENSG00000183785;ENSG00000113068"
"REACTOME","REACTOME_TP53_REGULATES_TRANSCRIPTION_OF_CELL_DEATH_GENES",0.0958925026721637,0.321239883951748,0.0557565734717297,-0.494543231231917,-1.33585919203685,41,"ENSG00000115107;ENSG00000197050;ENSG00000141391;ENSG00000078900;ENSG00000113916;ENSG00000089685;ENSG00000087088;ENSG00000138794;ENSG00000141510;ENSG00000170855;ENSG00000164938;ENSG00000105327;ENSG00000042286;ENSG00000120471;ENSG00000149311;ENSG00000088808;ENSG00000143514;ENSG00000005339"
"REACTOME","REACTOME_SIGNALING_BY_FGFR",0.0969063427037717,0.323684235599988,0.0531803682854594,-0.425801760607588,-1.28107394617922,80,"ENSG00000011201;ENSG00000125848;ENSG00000105568;ENSG00000126500;ENSG00000124181;ENSG00000145675;ENSG00000066468;ENSG00000185070;ENSG00000100320;ENSG00000160867;ENSG00000099817;ENSG00000105258;ENSG00000011304;ENSG00000138685;ENSG00000179295;ENSG00000104695;ENSG00000134962;ENSG00000102978;ENSG00000070388;ENSG00000158815;ENSG00000099783;ENSG00000156427;ENSG00000133703"
"REACTOME","REACTOME_REGULATION_OF_EXPRESSION_AND_FUNCTION_OF_TYPE_II_CLASSICAL_CADHERINS",0.0972512457804212,0.323886458900292,0.0568770392020171,-0.533811623495085,-1.34725229903584,28,"ENSG00000135074;ENSG00000149451;ENSG00000163909;ENSG00000044115;ENSG00000152784;ENSG00000126070;ENSG00000139880;ENSG00000092847;ENSG00000078687;ENSG00000168036;ENSG00000150394;ENSG00000126016;ENSG00000129351;ENSG00000124216;ENSG00000123908"
"REACTOME","REACTOME_COMPLEX_I_BIOGENESIS",0.0977590126664502,0.324628324860311,0.0819647472921866,0.372691842085983,1.25223663953226,68,"ENSG00000128609;ENSG00000151413;ENSG00000090266;ENSG00000113845;ENSG00000158864;ENSG00000136521;ENSG00000164182;ENSG00000137806;ENSG00000184983;ENSG00000165264;ENSG00000183605;ENSG00000267855;ENSG00000178127;ENSG00000178057;ENSG00000110074;ENSG00000184857;ENSG00000119421;ENSG00000100209;ENSG00000145337;ENSG00000140990;ENSG00000168653;ENSG00000151366;ENSG00000137038;ENSG00000130159;ENSG00000183648;ENSG00000156170;ENSG00000171204;ENSG00000065518;ENSG00000171202;ENSG00000147684;ENSG00000109390;ENSG00000160194;ENSG00000167792;ENSG00000099795;ENSG00000147123;ENSG00000004779;ENSG00000174886"
"REACTOME","REACTOME_GPER1_SIGNALING",0.0986933128362798,0.326778149187566,0.0551036070153613,-0.494988096942209,-1.33039251952364,40,"ENSG00000087460;ENSG00000115414;ENSG00000121281;ENSG00000176533;ENSG00000173175;ENSG00000155897;ENSG00000111664;ENSG00000172380;ENSG00000078369;ENSG00000150093;ENSG00000108946;ENSG00000005249"
"REACTOME","REACTOME_SUMOYLATION_OF_INTRACELLULAR_RECEPTORS",0.0997605746209098,0.329354476791931,0.0558992795229295,-0.530204243314576,-1.3457155656414,29,"ENSG00000082175;ENSG00000033800;ENSG00000069667;ENSG00000131408;ENSG00000151623;ENSG00000116030;ENSG00000111424;ENSG00000091831;ENSG00000131788;ENSG00000151090;ENSG00000068024"
"REACTOME","REACTOME_INTERLEUKIN_7_SIGNALING",0.10019006244909,0.329816419449462,0.0737569644215925,0.465850558780647,1.32104259830912,30,"ENSG00000105639;ENSG00000105647;ENSG00000104432;ENSG00000173757;ENSG00000120833;ENSG00000126561;ENSG00000274750;ENSG00000114737;ENSG00000185950"
"REACTOME","REACTOME_CHK1_CHK2_CDS1_MEDIATED_INACTIVATION_OF_CYCLIN_B_CDK1_COMPLEX",0.101550519679673,0.331421323539104,0.0573326669871646,-0.618038188761443,-1.37548391257024,15,"ENSG00000158402;ENSG00000134057;ENSG00000170312;ENSG00000170027;ENSG00000134308;ENSG00000149554;ENSG00000145386"
"REACTOME","REACTOME_PURINE_CATABOLISM",0.101331360946746,0.331421323539104,0.0697294585228188,0.548781804792558,1.36564169715899,17,"ENSG00000135318;ENSG00000198805;ENSG00000112667;ENSG00000275074;ENSG00000165609;ENSG00000125877"
"REACTOME","REACTOME_FORMATION_OF_THE_POLYBROMO_BAF_PBAF_COMPLEX",0.101231651763118,0.331421323539104,0.0571289261785879,-0.593240248667993,-1.36355679914908,18,"ENSG00000110987;ENSG00000082014;ENSG00000136518;ENSG00000163939;ENSG00000189079;ENSG00000073584;ENSG00000130024;ENSG00000099956"
"REACTOME","REACTOME_METABOLIC_DISORDERS_OF_BIOLOGICAL_OXIDATION_ENZYMES",0.102604577742699,0.33306172993673,0.0716628565191792,0.479517099823291,1.33635273009874,27,"ENSG00000059377;ENSG00000186104;ENSG00000243989;ENSG00000023909;ENSG00000178814;ENSG00000101444;ENSG00000116704;ENSG00000137364;ENSG00000172817"
"REACTOME","REACTOME_HDR_THROUGH_SINGLE_STRAND_ANNEALING_SSA",0.102766187606243,0.33306172993673,0.0540750048245249,-0.499589822914308,-1.32603815880944,37,"ENSG00000197299;ENSG00000012061;ENSG00000136492;ENSG00000133119;ENSG00000138346;ENSG00000174371;ENSG00000097007;ENSG00000138376;ENSG00000111445;ENSG00000163781;ENSG00000177302;ENSG00000113456;ENSG00000149311;ENSG00000132383;ENSG00000012048"
"REACTOME","REACTOME_UNFOLDED_PROTEIN_RESPONSE_UPR",0.102930402930403,0.33306172993673,0.0849239419737563,0.345974266385061,1.21450980491373,92,"ENSG00000070669;ENSG00000175215;ENSG00000012174;ENSG00000130741;ENSG00000070540;ENSG00000172216;ENSG00000166340;ENSG00000174851;ENSG00000162772;ENSG00000143578;ENSG00000125977;ENSG00000178607;ENSG00000140694;ENSG00000175197;ENSG00000169429;ENSG00000124702;ENSG00000261052;ENSG00000138073;ENSG00000107175;ENSG00000162298;ENSG00000074842;ENSG00000044090;ENSG00000157613;ENSG00000154832"
"REACTOME","REACTOME_EPHRIN_SIGNALING",0.103367398224158,0.333137762830604,0.0562847952048854,-0.582929812413373,-1.35942665064967,19,"ENSG00000125266;ENSG00000108947;ENSG00000182580;ENSG00000133216;ENSG00000102606;ENSG00000137575"
"REACTOME","REACTOME_EARLY_SARS_COV_2_INFECTION_EVENTS",0.103538865708546,0.333137762830604,0.0538582753911296,-0.499131977453593,-1.32482292078036,37,"ENSG00000183098;ENSG00000115884;ENSG00000076716;ENSG00000063660;ENSG00000142798;ENSG00000113249;ENSG00000147257;ENSG00000162512;ENSG00000130724;ENSG00000188157;ENSG00000140941;ENSG00000184012;ENSG00000179399;ENSG00000134086;ENSG00000136003;ENSG00000169439;ENSG00000139687;ENSG00000108654;ENSG00000140564"
"REACTOME","REACTOME_FORMATION_OF_THE_NON_CANONICAL_BAF_NCBAF_COMPLEX",0.107635385132862,0.341521886849289,0.0551956030688697,-0.595134197836779,-1.35683485594208,17,"ENSG00000110987;ENSG00000063169;ENSG00000082014;ENSG00000136518;ENSG00000141380;ENSG00000184402"
"REACTOME","REACTOME_TRIGLYCERIDE_CATABOLISM",0.108243547982962,0.341521886849289,0.0679370144586811,0.519673271164494,1.34608255289513,20,"ENSG00000006757;ENSG00000105355;ENSG00000172531;ENSG00000164434;ENSG00000142875;ENSG00000074416"
"REACTOME","REACTOME_FORMATION_OF_THE_DYSTROPHIN_GLYCOPROTEIN_COMPLEX_DGC",0.106805293005671,0.341521886849289,0.0535163927028445,-0.513389327181465,-1.32490415195766,32,"ENSG00000101680;ENSG00000170624;ENSG00000172554;ENSG00000053747;ENSG00000142798;ENSG00000172037;ENSG00000102385;ENSG00000188157;ENSG00000135862;ENSG00000101400;ENSG00000185053;ENSG00000091136;ENSG00000196569"
"REACTOME","REACTOME_AQUAPORIN_MEDIATED_TRANSPORT",0.107985480943739,0.341521886849289,0.0520480397540998,-0.472522304418987,-1.30246691515867,46,"ENSG00000087460;ENSG00000121281;ENSG00000176533;ENSG00000173175;ENSG00000165269;ENSG00000155897;ENSG00000111664;ENSG00000172380;ENSG00000103769;ENSG00000165272;ENSG00000161798;ENSG00000078369;ENSG00000108946;ENSG00000005249;ENSG00000167306"
"REACTOME","REACTOME_CARDIAC_CONDUCTION",0.107304718741669,0.341521886849289,0.0487753178893387,-0.394486799956437,-1.24305321961545,113,"ENSG00000153253;ENSG00000118160;ENSG00000198363;ENSG00000105409;ENSG00000104936;ENSG00000186439;ENSG00000137731;ENSG00000124780;ENSG00000123104;ENSG00000161958;ENSG00000168135;ENSG00000135750;ENSG00000143153;ENSG00000171303;ENSG00000163273;ENSG00000105711;ENSG00000114279;ENSG00000120049;ENSG00000105605;ENSG00000137726;ENSG00000144935;ENSG00000069849;ENSG00000070961;ENSG00000053918;ENSG00000163349;ENSG00000124249;ENSG00000183873;ENSG00000171385;ENSG00000169427;ENSG00000177098;ENSG00000082482;ENSG00000136531"
"REACTOME","REACTOME_BIOSYNTHESIS_OF_THE_N_GLYCAN_PRECURSOR_DOLICHOL_LIPID_LINKED_OLIGOSACCHARIDE_LLO_AND_TRANSFER_TO_A_NASCENT_PROTEIN",0.107644840589647,0.341521886849289,0.080193537050732,0.35618674548757,1.2244109608938,78,"ENSG00000101638;ENSG00000100522;ENSG00000179085;ENSG00000120697;ENSG00000159921;ENSG00000100417;ENSG00000064601;ENSG00000163933;ENSG00000112699;ENSG00000088035;ENSG00000214160;ENSG00000073849;ENSG00000033011;ENSG00000136908;ENSG00000172269;ENSG00000159063;ENSG00000135838;ENSG00000128039;ENSG00000254685;ENSG00000111726;ENSG00000175283;ENSG00000177511;ENSG00000157353;ENSG00000164414"
"REACTOME","REACTOME_MITOCHONDRIAL_BIOGENESIS",0.107692307692308,0.341521886849289,0.0829663391489805,0.344395319735769,1.2089670626542,92,"ENSG00000101849;ENSG00000106028;ENSG00000106617;ENSG00000173153;ENSG00000131069;ENSG00000184831;ENSG00000023330;ENSG00000241468;ENSG00000106554;ENSG00000156411;ENSG00000124523;ENSG00000198668;ENSG00000131791;ENSG00000181929;ENSG00000127989;ENSG00000142453;ENSG00000162409;ENSG00000130589;ENSG00000174917;ENSG00000167863;ENSG00000135390;ENSG00000116604;ENSG00000142082;ENSG00000159199;ENSG00000173171;ENSG00000112062"
"REACTOME","REACTOME_PROTEIN_METHYLATION",0.108727810650888,0.342102144561771,0.067207783715993,0.544702485324747,1.35549032422238,17,"ENSG00000105379;ENSG00000185238;ENSG00000198668;ENSG00000156508;ENSG00000139160;ENSG00000167658"
"REACTOME","REACTOME_GAP_JUNCTION_ASSEMBLY",0.109337589784517,0.343073043428554,0.0532220567988579,-0.524119809994328,-1.33027261751262,29,"ENSG00000167552;ENSG00000137267;ENSG00000137285;ENSG00000176014;ENSG00000258947;ENSG00000127824;ENSG00000169562;ENSG00000167553;ENSG00000123416;ENSG00000177291;ENSG00000101162;ENSG00000173213;ENSG00000104833;ENSG00000182963;ENSG00000188229;ENSG00000183785"
"REACTOME","REACTOME_CLASS_C_3_METABOTROPIC_GLUTAMATE_PHEROMONE_RECEPTORS",0.1103022630163,0.345149114218587,0.0527275912884147,-0.517433691119678,-1.32323431108587,30,"ENSG00000179603;ENSG00000164082;ENSG00000152822;ENSG00000124493"
"REACTOME","REACTOME_CITRIC_ACID_CYCLE_TCA_CYCLE",0.111725663716814,0.348645290338223,0.070357361417532,0.441824524885069,1.2935631213303,34,"ENSG00000244005;ENSG00000091140;ENSG00000204370;ENSG00000154079;ENSG00000135070;ENSG00000196636;ENSG00000073578;ENSG00000091483;ENSG00000165898;ENSG00000142082;ENSG00000075239;ENSG00000067829;ENSG00000134056;ENSG00000163541;ENSG00000100412;ENSG00000214756;ENSG00000167985;ENSG00000117118"
"REACTOME","REACTOME_TRANSCRIPTIONAL_ACTIVITY_OF_SMAD2_SMAD3_SMAD4_HETEROTRIMER",0.113317408181547,0.351651186463051,0.05035804219297,-0.46174359199165,-1.29352491839997,50,"ENSG00000177426;ENSG00000136603;ENSG00000164692;ENSG00000157933;ENSG00000115415;ENSG00000118707;ENSG00000072401;ENSG00000196498;ENSG00000114126;ENSG00000132964;ENSG00000143799;ENSG00000124486;ENSG00000136997"
"REACTOME","REACTOME_METALLOPROTEASE_DUBS",0.113384955752212,0.351651186463051,0.069818186147199,0.441035985163237,1.29125445386977,34,"ENSG00000158019;ENSG00000163322;ENSG00000138134;ENSG00000180573;ENSG00000105393;ENSG00000124356;ENSG00000143947;ENSG00000087206;ENSG00000165660;ENSG00000221983;ENSG00000277075;ENSG00000170315;ENSG00000275221"
"REACTOME","REACTOME_CELL_JUNCTION_ORGANIZATION",0.113615133115367,0.351651186463051,0.0439556423350473,-0.345218310697021,-1.1874231648454,275,"ENSG00000179242;ENSG00000125753;ENSG00000071564;ENSG00000162458;ENSG00000073008;ENSG00000130202;ENSG00000013275;ENSG00000099341;ENSG00000135074;ENSG00000053747;ENSG00000140479;ENSG00000196924;ENSG00000081138;ENSG00000067225;ENSG00000171940;ENSG00000140945;ENSG00000132475;ENSG00000154162;ENSG00000145526;ENSG00000113361;ENSG00000162706;ENSG00000182985;ENSG00000149451;ENSG00000196781;ENSG00000118707;ENSG00000163909;ENSG00000044115;ENSG00000041357;ENSG00000175029;ENSG00000073712;ENSG00000183955;ENSG00000162521;ENSG00000152784;ENSG00000040731;ENSG00000134910;ENSG00000126070;ENSG00000173692;ENSG00000140612;ENSG00000188486;ENSG00000148498;ENSG00000139880;ENSG00000172167;ENSG00000136997;ENSG00000069188;ENSG00000092847;ENSG00000134909;ENSG00000150093;ENSG00000164733;ENSG00000197061;ENSG00000078687;ENSG00000122691;ENSG00000168036;ENSG00000163558;ENSG00000150394;ENSG00000126016"
"REACTOME","REACTOME_SEMAPHORIN_INTERACTIONS",0.11483532497814,0.354464593902716,0.0493445172546303,-0.441480011363895,-1.27532027978996,61,"ENSG00000112902;ENSG00000160007;ENSG00000221866;ENSG00000075213;ENSG00000151640;ENSG00000157851;ENSG00000006607;ENSG00000092421;ENSG00000105357;ENSG00000155366;ENSG00000072832;ENSG00000067900;ENSG00000176749;ENSG00000150093;ENSG00000172602;ENSG00000182541;ENSG00000106683;ENSG00000137872;ENSG00000187764;ENSG00000092841;ENSG00000082701;ENSG00000076356;ENSG00000186111;ENSG00000010810;ENSG00000114554;ENSG00000172757;ENSG00000133026;ENSG00000182511"
"REACTOME","REACTOME_ION_HOMEOSTASIS",0.115163438256659,0.354516638309011,0.0502863396522084,-0.471048226882879,-1.29380120910803,45,"ENSG00000118160;ENSG00000198363;ENSG00000105409;ENSG00000104936;ENSG00000186439;ENSG00000137731;ENSG00000123104;ENSG00000143153"
"REACTOME","REACTOME_NUCLEOTIDE_CATABOLISM",0.116703539823009,0.357326160909696,0.0687740931754234,0.438879693018824,1.28494131406035,34,"ENSG00000135318;ENSG00000187097;ENSG00000198805;ENSG00000188641;ENSG00000205309;ENSG00000112667;ENSG00000275074;ENSG00000165609;ENSG00000125877"
"REACTOME","REACTOME_RSV_HOST_INTERACTIONS",0.116575591985428,0.357326160909696,0.0479063974146957,-0.414111767476717,-1.25450958622869,84,"ENSG00000183098;ENSG00000115884;ENSG00000166233;ENSG00000076716;ENSG00000063660;ENSG00000142798;ENSG00000063322;ENSG00000147257;ENSG00000175221;ENSG00000126456;ENSG00000162512;ENSG00000131711;ENSG00000132964;ENSG00000188157;ENSG00000104973;ENSG00000155111;ENSG00000156603;ENSG00000105085;ENSG00000154582;ENSG00000160563;ENSG00000179399;ENSG00000042429;ENSG00000169439;ENSG00000170458;ENSG00000123066;ENSG00000170581;ENSG00000005339;ENSG00000125686;ENSG00000137462"
"REACTOME","REACTOME_NR1H3_NR1H2_REGULATE_GENE_EXPRESSION_LINKED_TO_CHOLESTEROL_TRANSPORT_AND_EFFLUX",0.117601002192296,0.359108690340549,0.0506476343598228,-0.500610722931296,-1.30641669792567,34,"ENSG00000165029;ENSG00000130203;ENSG00000131408;ENSG00000100979;ENSG00000196498;ENSG00000122547;ENSG00000160179;ENSG00000126070;ENSG00000130208;ENSG00000092847;ENSG00000078687;ENSG00000188042;ENSG00000123908;ENSG00000143921"
"REACTOME","REACTOME_DISEASES_ASSOCIATED_WITH_O_GLYCOSYLATION_OF_PROTEINS",0.119113979756491,0.362756211076587,0.0485460071652527,-0.445330902165879,-1.27742739510012,58,"ENSG00000262655;ENSG00000112902;ENSG00000187720;ENSG00000005108;ENSG00000134250;ENSG00000173157;ENSG00000136378;ENSG00000074181;ENSG00000197558;ENSG00000154734;ENSG00000134917;ENSG00000140873;ENSG00000156218;ENSG00000143382;ENSG00000187676"
"REACTOME","REACTOME_ACYL_CHAIN_REMODELLING_OF_PS",0.121489001692047,0.369002594472645,0.0518915766779433,-0.596497737026213,-1.34331233202416,16,"ENSG00000091039;ENSG00000116711;ENSG00000168907;ENSG00000176485;ENSG00000111684;ENSG00000144837;ENSG00000153246;ENSG00000170890;ENSG00000144645"
"REACTOME","REACTOME_INTERFERON_ALPHA_BETA_SIGNALING",0.122705314009662,0.371705725151609,0.0725393663199148,0.36736425357916,1.22380123334968,64,"ENSG00000168310;ENSG00000185507;ENSG00000204592;ENSG00000068079;ENSG00000204264;ENSG00000206503;ENSG00000134321;ENSG00000135828;ENSG00000183486;ENSG00000126709;ENSG00000111679;ENSG00000143947;ENSG00000089127;ENSG00000187608;ENSG00000204525;ENSG00000164163;ENSG00000152778;ENSG00000132530;ENSG00000206341"
"REACTOME","REACTOME_ACTIVATION_OF_BH3_ONLY_PROTEINS",0.123120746953632,0.371974882706066,0.0496877756011859,-0.51184167642047,-1.30893383965334,30,"ENSG00000105221;ENSG00000078900;ENSG00000114126;ENSG00000141510;ENSG00000170027;ENSG00000105327;ENSG00000153094;ENSG00000134308;ENSG00000198176;ENSG00000101412;ENSG00000088808;ENSG00000143514"
"REACTOME","REACTOME_PEPTIDE_HORMONE_METABOLISM",0.123571730850614,0.372349739256214,0.0465749092505758,-0.413303035971929,-1.24555285766571,81,"ENSG00000163083;ENSG00000254647;ENSG00000164756;ENSG00000126266;ENSG00000175426;ENSG00000016082;ENSG00000111664;ENSG00000166825;ENSG00000165556;ENSG00000078369;ENSG00000140612;ENSG00000115263;ENSG00000186188;ENSG00000170011;ENSG00000086619;ENSG00000168036;ENSG00000182473;ENSG00000087085"
"REACTOME","REACTOME_SIGNALING_BY_FGFR4",0.127038359993788,0.381785467105341,0.0483517351609411,-0.491923266092993,-1.29369819003505,35,"ENSG00000105568;ENSG00000124181;ENSG00000145675;ENSG00000160867;ENSG00000138685;ENSG00000179295;ENSG00000104695;ENSG00000134962;ENSG00000158815;ENSG00000156427;ENSG00000133703;ENSG00000102678;ENSG00000166225;ENSG00000113575;ENSG00000110395"
"REACTOME","REACTOME_REGULATION_OF_TP53_EXPRESSION_AND_DEGRADATION",0.130428063668676,0.39094095925953,0.0475332728011459,-0.48559759140489,-1.28889922591415,37,"ENSG00000105568;ENSG00000105221;ENSG00000118515;ENSG00000170633;ENSG00000104695;ENSG00000170312;ENSG00000141510;ENSG00000186654;ENSG00000123374;ENSG00000204209;ENSG00000187555;ENSG00000025293;ENSG00000149311;ENSG00000137713;ENSG00000113575;ENSG00000198625;ENSG00000145386"
"REACTOME","REACTOME_TRANSPORT_OF_MATURE_TRANSCRIPT_TO_CYTOPLASM",0.13086731119518,0.391227998559869,0.0449612426330254,-0.408908481710312,-1.23874675989411,84,"ENSG00000063244;ENSG00000213024;ENSG00000125755;ENSG00000163002;ENSG00000123136;ENSG00000161265;ENSG00000136450;ENSG00000132182;ENSG00000139496;ENSG00000112081;ENSG00000145216;ENSG00000111786;ENSG00000136709;ENSG00000102900;ENSG00000115875;ENSG00000133226;ENSG00000069248;ENSG00000198563;ENSG00000120253;ENSG00000153201;ENSG00000265241;ENSG00000058804;ENSG00000124193;ENSG00000162231;ENSG00000125676;ENSG00000100227;ENSG00000058673;ENSG00000165934;ENSG00000161547;ENSG00000030066;ENSG00000196313;ENSG00000205323"
"REACTOME","REACTOME_CLATHRIN_MEDIATED_ENDOCYTOSIS",0.132297734627832,0.393438954937599,0.0427718921296353,-0.372240061748596,-1.20260518766267,142,"ENSG00000174804;ENSG00000198612;ENSG00000114251;ENSG00000173744;ENSG00000187239;ENSG00000118473;ENSG00000070371;ENSG00000063245;ENSG00000143858;ENSG00000042753;ENSG00000078053;ENSG00000196961;ENSG00000107295;ENSG00000243244;ENSG00000144524;ENSG00000127946;ENSG00000122126;ENSG00000113070;ENSG00000116675;ENSG00000163466;ENSG00000157978;ENSG00000078269;ENSG00000127527;ENSG00000003056;ENSG00000163235;ENSG00000146648;ENSG00000178996;ENSG00000124507;ENSG00000136738;ENSG00000205726;ENSG00000100077;ENSG00000115977;ENSG00000181072"
"REACTOME","REACTOME_DISORDERS_OF_TRANSMEMBRANE_TRANSPORTERS",0.132200188857413,0.393438954937599,0.0850801033973234,0.302413280839435,1.14480338551762,158,"ENSG00000174358;ENSG00000005471;ENSG00000091262;ENSG00000198569;ENSG00000117394;ENSG00000168216;ENSG00000106633;ENSG00000147804;ENSG00000167972;ENSG00000147475;ENSG00000163581;ENSG00000161057;ENSG00000074803;ENSG00000127922;ENSG00000155561;ENSG00000138079;ENSG00000119688;ENSG00000110911;ENSG00000021488;ENSG00000091137;ENSG00000179520;ENSG00000143947;ENSG00000155465;ENSG00000167114;ENSG00000138750;ENSG00000204308;ENSG00000118137;ENSG00000164414;ENSG00000071537;ENSG00000075188;ENSG00000197375;ENSG00000102100;ENSG00000100170"
"REACTOME","REACTOME_HSP90_CHAPERONE_CYCLE_FOR_STEROID_HORMONE_RECEPTORS_SHR_IN_THE_PRESENCE_OF_LIGAND",0.133481811432814,0.395926518807226,0.0459169499433583,-0.445109514357461,-1.26111650554065,54,"ENSG00000082175;ENSG00000140403;ENSG00000167552;ENSG00000137267;ENSG00000137285;ENSG00000176014;ENSG00000151623;ENSG00000258947;ENSG00000077380;ENSG00000127824"
"REACTOME","REACTOME_SYNTHESIS_SECRETION_AND_DEACYLATION_OF_GHRELIN",0.138409475465313,0.397774215057352,0.0483517351609411,-0.58622120565933,-1.32016959323626,16,"ENSG00000254647;ENSG00000175426;ENSG00000140612;ENSG00000115263;ENSG00000087085;ENSG00000114200;ENSG00000118363"
"REACTOME","REACTOME_CARDIOGENESIS",0.137568784392196,0.397774215057352,0.0481276908996666,-0.549707133913914,-1.30932178939275,21,"ENSG00000184058;ENSG00000170365;ENSG00000016082;ENSG00000164532;ENSG00000141052;ENSG00000164683;ENSG00000168036"
"REACTOME","REACTOME_RNA_POLYMERASE_III_CHAIN_ELONGATION",0.13840490797546,0.397774215057352,0.059038272169415,0.514456445088251,1.29846107720967,18,"ENSG00000121851;ENSG00000168495;ENSG00000100413;ENSG00000163882;ENSG00000186184;ENSG00000161980;ENSG00000013503;ENSG00000132664;ENSG00000241258;ENSG00000148606;ENSG00000171453;ENSG00000100142"
"REACTOME","REACTOME_DOWNREGULATION_OF_SMAD2_3_SMAD4_TRANSCRIPTIONAL_ACTIVITY",0.138946035765153,0.397774215057352,0.0465167036061421,-0.503997543040211,-1.28887402018732,30,"ENSG00000177426;ENSG00000136603;ENSG00000157933;ENSG00000115415;ENSG00000118707;ENSG00000072401;ENSG00000196498;ENSG00000143799;ENSG00000124486"
"REACTOME","REACTOME_NR1H2_AND_NR1H3_MEDIATED_SIGNALING",0.136218192899589,0.397774215057352,0.0460578909158033,-0.469758510394388,-1.27411733810794,42,"ENSG00000165029;ENSG00000130203;ENSG00000131408;ENSG00000100979;ENSG00000196498;ENSG00000122547;ENSG00000007944;ENSG00000160179;ENSG00000126070;ENSG00000130208;ENSG00000180530;ENSG00000092847;ENSG00000078687;ENSG00000132855;ENSG00000188042;ENSG00000123908;ENSG00000143921"
"REACTOME","REACTOME_RIPK1_MEDIATED_REGULATED_NECROSIS",0.134757600657354,0.397774215057352,0.0634554993001747,0.442343153980518,1.26462963323481,31,"ENSG00000121858;ENSG00000170248;ENSG00000197329;ENSG00000143947;ENSG00000110330;ENSG00000080824;ENSG00000185345;ENSG00000147162;ENSG00000221983;ENSG00000132589;ENSG00000102871;ENSG00000170315"
"REACTOME","REACTOME_RNA_POLYMERASE_III_TRANSCRIPTION",0.136692730958587,0.397774215057352,0.0648554401962692,0.410577500725956,1.24903141744151,41,"ENSG00000008441;ENSG00000121851;ENSG00000168495;ENSG00000100413;ENSG00000185024;ENSG00000163882;ENSG00000115207;ENSG00000186184;ENSG00000161980;ENSG00000013503;ENSG00000132664;ENSG00000138385;ENSG00000147862;ENSG00000241258;ENSG00000141905;ENSG00000148606;ENSG00000171453;ENSG00000100142;ENSG00000122034"
"REACTOME","REACTOME_PKR_MEDIATED_SIGNALING",0.137330478229836,0.397774215057352,0.0442332865829381,-0.417035916306173,-1.24049330488714,74,"ENSG00000105568;ENSG00000180228;ENSG00000166233;ENSG00000167552;ENSG00000137267;ENSG00000137285;ENSG00000176014;ENSG00000115415;ENSG00000258947;ENSG00000116030;ENSG00000102580;ENSG00000127824;ENSG00000104695;ENSG00000170312;ENSG00000141510;ENSG00000131944;ENSG00000187790;ENSG00000167553;ENSG00000123416;ENSG00000129351;ENSG00000143621;ENSG00000135829;ENSG00000103275;ENSG00000137713;ENSG00000109971;ENSG00000213341;ENSG00000186868;ENSG00000113575;ENSG00000101162"
"REACTOME","REACTOME_GLOBAL_GENOME_NUCLEOTIDE_EXCISION_REPAIR_GG_NER",0.138993975059549,0.397774215057352,0.0434866142149823,-0.405764028688099,-1.22922095848101,84,"ENSG00000198612;ENSG00000104884;ENSG00000012061;ENSG00000033800;ENSG00000062822;ENSG00000105486;ENSG00000073050;ENSG00000105619;ENSG00000144524;ENSG00000114933;ENSG00000116030;ENSG00000133119;ENSG00000136518;ENSG00000143799;ENSG00000111445;ENSG00000131788"
"REACTOME","REACTOME_GASTRULATION",0.137659516698344,0.397774215057352,0.0429594939252289,-0.391690624546092,-1.21865461104264,103,"ENSG00000116106;ENSG00000182968;ENSG00000273706;ENSG00000129514;ENSG00000008196;ENSG00000013275;ENSG00000099341;ENSG00000181449;ENSG00000163132;ENSG00000138685;ENSG00000196782;ENSG00000041357;ENSG00000121966;ENSG00000118513;ENSG00000173692"
"REACTOME","REACTOME_ANTIMICROBIAL_MECHANISM_OF_IFN_STIMULATED_GENES",0.136956797162042,0.397774215057352,0.0414508753284105,-0.364129565360811,-1.19376463201537,161,"ENSG00000213024;ENSG00000105568;ENSG00000180228;ENSG00000196924;ENSG00000124181;ENSG00000166233;ENSG00000167552;ENSG00000137267;ENSG00000184979;ENSG00000137285;ENSG00000176014;ENSG00000163002;ENSG00000115415;ENSG00000258947;ENSG00000126456;ENSG00000116030;ENSG00000102580;ENSG00000127824;ENSG00000135930;ENSG00000182481;ENSG00000170142;ENSG00000104695;ENSG00000170312;ENSG00000141510;ENSG00000131944;ENSG00000136068;ENSG00000132182;ENSG00000187790;ENSG00000139496;ENSG00000167553;ENSG00000110321;ENSG00000108424;ENSG00000123416;ENSG00000129351;ENSG00000185745;ENSG00000102900;ENSG00000143621;ENSG00000135829;ENSG00000069248;ENSG00000103275;ENSG00000137713;ENSG00000109971;ENSG00000075151;ENSG00000213341;ENSG00000120253;ENSG00000153201;ENSG00000186868;ENSG00000140564;ENSG00000058804;ENSG00000127445;ENSG00000113575;ENSG00000101162"
"REACTOME","REACTOME_DNA_DOUBLE_STRAND_BREAK_REPAIR",0.138657582639415,0.397774215057352,0.0410683665294573,-0.36239045836177,-1.19071779844876,165,"ENSG00000197299;ENSG00000011485;ENSG00000079246;ENSG00000012061;ENSG00000062822;ENSG00000073050;ENSG00000051341;ENSG00000136492;ENSG00000064655;ENSG00000108384;ENSG00000116030;ENSG00000009954;ENSG00000182481;ENSG00000178295;ENSG00000133119;ENSG00000138346;ENSG00000141510;ENSG00000174371;ENSG00000143799;ENSG00000097007;ENSG00000138376;ENSG00000111445;ENSG00000188486;ENSG00000132436;ENSG00000168496;ENSG00000075131;ENSG00000163781;ENSG00000174405;ENSG00000109685;ENSG00000197061;ENSG00000177302;ENSG00000187736;ENSG00000185379;ENSG00000113456;ENSG00000123374;ENSG00000067369;ENSG00000127663;ENSG00000111247;ENSG00000253729;ENSG00000111602;ENSG00000063978;ENSG00000103275;ENSG00000092853;ENSG00000149311;ENSG00000128731;ENSG00000139618;ENSG00000132383;ENSG00000012048;ENSG00000196890;ENSG00000188612;ENSG00000275713"
"REACTOME","REACTOME_PROGRAMMED_CELL_DEATH",0.137803067788224,0.397774215057352,0.0407564308684108,-0.355421896900061,-1.18288737037367,186,"ENSG00000196730;ENSG00000107731;ENSG00000105483;ENSG00000134602;ENSG00000013275;ENSG00000099341;ENSG00000105221;ENSG00000108561;ENSG00000078900;ENSG00000041357;ENSG00000104067;ENSG00000064012;ENSG00000114126;ENSG00000087088;ENSG00000065675;ENSG00000138794;ENSG00000172115;ENSG00000100453;ENSG00000141510;ENSG00000173692;ENSG00000189403;ENSG00000187323;ENSG00000164104;ENSG00000130724;ENSG00000113368;ENSG00000170027;ENSG00000067900;ENSG00000137575;ENSG00000100813;ENSG00000108424;ENSG00000105327;ENSG00000153094;ENSG00000168036;ENSG00000119139;ENSG00000081277;ENSG00000184047;ENSG00000105928;ENSG00000134308;ENSG00000134982;ENSG00000198176;ENSG00000197694;ENSG00000071205;ENSG00000046604;ENSG00000101412;ENSG00000101966;ENSG00000168298;ENSG00000092853;ENSG00000088808;ENSG00000170458;ENSG00000143514"
"REACTOME","REACTOME_SARS_COV_2_ACTIVATES_MODULATES_INNATE_AND_ADAPTIVE_IMMUNE_RESPONSES",0.138932496075353,0.397774215057352,0.0753641771859303,0.319996147952761,1.15452109778234,110,"ENSG00000185507;ENSG00000115267;ENSG00000204592;ENSG00000146833;ENSG00000206503;ENSG00000184216;ENSG00000155561;ENSG00000149476;ENSG00000088888;ENSG00000100324;ENSG00000133661;ENSG00000244687;ENSG00000121060;ENSG00000157625;ENSG00000111679;ENSG00000163702;ENSG00000181481;ENSG00000143947;ENSG00000187608;ENSG00000196455;ENSG00000204525;ENSG00000138750;ENSG00000174125;ENSG00000080824;ENSG00000075188;ENSG00000126775;ENSG00000104365;ENSG00000096384;ENSG00000152700;ENSG00000126581;ENSG00000183735;ENSG00000221983;ENSG00000125450;ENSG00000154174;ENSG00000263528"
"REACTOME","REACTOME_ADAPTIVE_IMMUNE_SYSTEM",0.139429044269756,0.398019251687348,0.0365580174075411,-0.305437295911468,-1.11301449410456,788,"ENSG00000125753;ENSG00000139200;ENSG00000254087;ENSG00000109861;ENSG00000138411;ENSG00000103811;ENSG00000073008;ENSG00000139219;ENSG00000120217;ENSG00000138448;ENSG00000108106;ENSG00000130202;ENSG00000013275;ENSG00000183580;ENSG00000099341;ENSG00000065802;ENSG00000105568;ENSG00000105221;ENSG00000108578;ENSG00000092531;ENSG00000002586;ENSG00000124181;ENSG00000104312;ENSG00000145675;ENSG00000137807;ENSG00000167552;ENSG00000123104;ENSG00000269190;ENSG00000137267;ENSG00000141506;ENSG00000109670;ENSG00000108821;ENSG00000132475;ENSG00000137285;ENSG00000036257;ENSG00000176014;ENSG00000130725;ENSG00000125740;ENSG00000034677;ENSG00000072849;ENSG00000042753;ENSG00000164692;ENSG00000196961;ENSG00000107295;ENSG00000070423;ENSG00000140367;ENSG00000115415;ENSG00000116661;ENSG00000163527;ENSG00000171621;ENSG00000167196;ENSG00000163481;ENSG00000154380;ENSG00000152056;ENSG00000104825;ENSG00000183475;ENSG00000121621;ENSG00000109790;ENSG00000187079;ENSG00000072401;ENSG00000258947;ENSG00000141447;ENSG00000265491;ENSG00000153827;ENSG00000136943;ENSG00000077380;ENSG00000099804;ENSG00000127824;ENSG00000108395;ENSG00000041357;ENSG00000072201;ENSG00000114423;ENSG00000161800;ENSG00000152503;ENSG00000184182;ENSG00000163808;ENSG00000261609;ENSG00000124226;ENSG00000170633;ENSG00000138814;ENSG00000162521;ENSG00000066735;ENSG00000186187;ENSG00000065675;ENSG00000135108;ENSG00000196510;ENSG00000116044;ENSG00000175063;ENSG00000118564;ENSG00000007944;ENSG00000079616;ENSG00000134910;ENSG00000179295;ENSG00000090889;ENSG00000170142;ENSG00000104695;ENSG00000117650;ENSG00000126070;ENSG00000239474;ENSG00000142945;ENSG00000173692;ENSG00000135720;ENSG00000189403;ENSG00000204516;ENSG00000161243;ENSG00000183763;ENSG00000146373;ENSG00000170027;ENSG00000103657;ENSG00000188486;ENSG00000138160;ENSG00000065665;ENSG00000126214;ENSG00000089692;ENSG00000117461;ENSG00000172575;ENSG00000102048;ENSG00000165025;ENSG00000136997;ENSG00000154447;ENSG00000167553;ENSG00000092847;ENSG00000103653;ENSG00000117399;ENSG00000091972;ENSG00000019582;ENSG00000150093;ENSG00000183655;ENSG00000143387;ENSG00000165168;ENSG00000164733;ENSG00000064726;ENSG00000165338;ENSG00000197061;ENSG00000165501;ENSG00000154639;ENSG00000138778;ENSG00000076641;ENSG00000078687;ENSG00000116663;ENSG00000072736;ENSG00000055208;ENSG00000144935;ENSG00000186654;ENSG00000168036;ENSG00000109466;ENSG00000168542;ENSG00000133703;ENSG00000122257;ENSG00000099364;ENSG00000123416;ENSG00000147010;ENSG00000102158;ENSG00000112984;ENSG00000170035;ENSG00000132879;ENSG00000172175;ENSG00000115232;ENSG00000171862;ENSG00000242574;ENSG00000182866;ENSG00000163041;ENSG00000100644;ENSG00000105968;ENSG00000107341;ENSG00000082701;ENSG00000170759;ENSG00000141367;ENSG00000154582;ENSG00000077549;ENSG00000123908;ENSG00000104343;ENSG00000135341;ENSG00000118420;ENSG00000172009;ENSG00000134086;ENSG00000163131;ENSG00000063978;ENSG00000184557;ENSG00000118496;ENSG00000198961;ENSG00000153563;ENSG00000147912;ENSG00000223865;ENSG00000170345;ENSG00000137713;ENSG00000170458"
"REACTOME","REACTOME_SIGNAL_TRANSDUCTION_BY_L1",0.142571285642821,0.405669969894241,0.0471979591200671,-0.546508275723541,-1.30170257823205,21,"ENSG00000138448;ENSG00000144668;ENSG00000169032;ENSG00000146648;ENSG00000150093;ENSG00000259207;ENSG00000160293;ENSG00000198910;ENSG00000101266"
"REACTOME","REACTOME_INTERLEUKIN_RECEPTOR_SHC_SIGNALING",0.142821473158552,0.405669969894241,0.0585987461758163,0.488990678667428,1.28605100174189,21,"ENSG00000105639;ENSG00000105647;ENSG00000051382;ENSG00000111679;ENSG00000121879;ENSG00000033327;ENSG00000091181;ENSG00000177885;ENSG00000165458"
"REACTOME","REACTOME_PROTEIN_FOLDING",0.143976897689769,0.407934543454345,0.0421990420359359,-0.397525397208241,-1.22176873212574,92,"ENSG00000105254;ENSG00000176533;ENSG00000182732;ENSG00000167552;ENSG00000137267;ENSG00000109670;ENSG00000137285;ENSG00000176014;ENSG00000111664;ENSG00000172380;ENSG00000258947;ENSG00000105173;ENSG00000127824;ENSG00000118564;ENSG00000141510;ENSG00000078369;ENSG00000076344;ENSG00000167553;ENSG00000156052;ENSG00000140859;ENSG00000116663;ENSG00000123416;ENSG00000156049;ENSG00000150753"
"REACTOME","REACTOME_RHOU_GTPASE_CYCLE",0.145426594926979,0.411019582188162,0.0446454413139534,-0.469017021228374,-1.26058937664584,40,"ENSG00000173517;ENSG00000031081;ENSG00000145675;ENSG00000130669;ENSG00000151208;ENSG00000196586;ENSG00000102606;ENSG00000124486;ENSG00000136738;ENSG00000139436;ENSG00000140575;ENSG00000035499;ENSG00000142627;ENSG00000173218;ENSG00000197694;ENSG00000141367"
"REACTOME","REACTOME_TP53_REGULATES_TRANSCRIPTION_OF_ADDITIONAL_CELL_CYCLE_GENES_WHOSE_EXACT_ROLE_IN_THE_P53_PATHWAY_REMAIN_UNCERTAIN",0.145906286476572,0.411354604695087,0.0466040845253941,-0.544684050686587,-1.29735754168026,21,"ENSG00000145632;ENSG00000088038;ENSG00000144580;ENSG00000149115;ENSG00000158402;ENSG00000151849;ENSG00000141510"
"REACTOME","REACTOME_CS_GAG_BIOSYNTHESIS",0.148266041212933,0.413363912406439,0.0463144910700218,-0.556051939481083,-1.29674586816292,19,"ENSG00000131873;ENSG00000147408;ENSG00000171310;ENSG00000122863;ENSG00000114646;ENSG00000130287;ENSG00000182492;ENSG00000198108;ENSG00000169826;ENSG00000111962;ENSG00000123989;ENSG00000038427"
"REACTOME","REACTOME_HS_GAG_DEGRADATION",0.148433573462892,0.413363912406439,0.0462857931634898,-0.555974867944162,-1.29656613280016,19,"ENSG00000183098;ENSG00000115884;ENSG00000076716;ENSG00000063660;ENSG00000142798;ENSG00000147257;ENSG00000162512;ENSG00000188157"
"REACTOME","REACTOME_INTERLEUKIN_37_SIGNALING",0.147036945202083,0.413363912406439,0.0574867959986614,0.502920898001648,1.28424414189967,19,"ENSG00000166949;ENSG00000127947;ENSG00000072135;ENSG00000111679;ENSG00000163629;ENSG00000169410;ENSG00000185187;ENSG00000183735"
"REACTOME","REACTOME_SYNTHESIS_OF_BILE_ACIDS_AND_BILE_SALTS_VIA_7ALPHA_HYDROXYCHOLESTEROL",0.148064918851436,0.413363912406439,0.0574867959986614,0.485829849821043,1.27773798621508,21,"ENSG00000140284;ENSG00000198610;ENSG00000083807;ENSG00000168306;ENSG00000099377;ENSG00000101473;ENSG00000172817;ENSG00000133835;ENSG00000116171"
"REACTOME","REACTOME_HEDGEHOG_ON_STATE",0.147350280051702,0.413363912406439,0.0426788844272162,-0.415541803197848,-1.22852090594202,71,"ENSG00000143147;ENSG00000128602;ENSG00000166813;ENSG00000013275;ENSG00000099341;ENSG00000107882;ENSG00000036257;ENSG00000074047;ENSG00000134874;ENSG00000041357;ENSG00000173692;ENSG00000064309"
"REACTOME","REACTOME_INCRETIN_SYNTHESIS_SECRETION_AND_INACTIVATION",0.149429091510839,0.413969427916652,0.0458050138104871,-0.537168388019123,-1.29240842144939,22,"ENSG00000126266;ENSG00000175426;ENSG00000016082;ENSG00000111664;ENSG00000165556;ENSG00000078369;ENSG00000140612;ENSG00000115263;ENSG00000186188;ENSG00000168036"
"REACTOME","REACTOME_SIGNALING_BY_SCF_KIT",0.149641166590319,0.413969427916652,0.0437813130319179,-0.465267834044614,-1.25678054741407,41,"ENSG00000106070;ENSG00000254087;ENSG00000060656;ENSG00000145675;ENSG00000115415;ENSG00000154229;ENSG00000179295;ENSG00000154016;ENSG00000117461;ENSG00000100985"
"REACTOME","REACTOME_CARGO_RECOGNITION_FOR_CLATHRIN_MEDIATED_ENDOCYTOSIS",0.149741355839913,0.413969427916652,0.0410473806466076,-0.387980896928861,-1.20485123598053,102,"ENSG00000174804;ENSG00000198612;ENSG00000114251;ENSG00000173744;ENSG00000118473;ENSG00000070371;ENSG00000063245;ENSG00000143858;ENSG00000042753;ENSG00000196961;ENSG00000107295;ENSG00000243244;ENSG00000144524;ENSG00000113070;ENSG00000157978;ENSG00000127527;ENSG00000003056;ENSG00000163235;ENSG00000146648;ENSG00000136738;ENSG00000205726;ENSG00000100077;ENSG00000115977;ENSG00000181072"
"REACTOME","REACTOME_CELL_EXTRACELLULAR_MATRIX_INTERACTIONS",0.151341319385861,0.4143696220685,0.0459731894695299,-0.563797753424608,-1.2958835172651,18,"ENSG00000125753;ENSG00000162458;ENSG00000196924;ENSG00000073712"
"REACTOME","REACTOME_CO_INHIBITION_BY_CTLA4",0.150276428212431,0.4143696220685,0.0459731894695299,-0.554965053032347,-1.2942111849589,19,"ENSG00000254087;ENSG00000105568;ENSG00000105221;ENSG00000179295;ENSG00000104695;ENSG00000182866;ENSG00000137713;ENSG00000010810;ENSG00000113575;ENSG00000112640"
"REACTOME","REACTOME_SPHINGOLIPID_DE_NOVO_BIOSYNTHESIS",0.150826765569464,0.4143696220685,0.0438807083118067,-0.474414525284199,-1.25921653077433,37,"ENSG00000063176;ENSG00000133275;ENSG00000105287;ENSG00000172292;ENSG00000128699;ENSG00000118777;ENSG00000223802;ENSG00000115825;ENSG00000103018;ENSG00000184304;ENSG00000168350;ENSG00000163590"
"REACTOME","REACTOME_DDX58_IFIH1_MEDIATED_INDUCTION_OF_INTERFERON_ALPHA_BETA",0.151011089367254,0.4143696220685,0.0655143420284748,0.350287396160751,1.1814464023375,69,"ENSG00000101695;ENSG00000185507;ENSG00000115267;ENSG00000146833;ENSG00000149476;ENSG00000160703;ENSG00000088888;ENSG00000121060;ENSG00000181481;ENSG00000143947;ENSG00000182179;ENSG00000187608;ENSG00000077150;ENSG00000080824;ENSG00000057663;ENSG00000104365;ENSG00000096384;ENSG00000138646;ENSG00000183735;ENSG00000108771;ENSG00000221983;ENSG00000197111;ENSG00000154174;ENSG00000263528"
"REACTOME","REACTOME_PKA_ACTIVATION_IN_GLUCAGON_SIGNALLING",0.152622673434856,0.416875839429979,0.0458329302910375,-0.578350697366088,-1.30244521610397,16,"ENSG00000087460;ENSG00000121281;ENSG00000173175;ENSG00000155897;ENSG00000108946;ENSG00000005249"
"REACTOME","REACTOME_ENDOGENOUS_STEROLS",0.153094462540717,0.417164097688699,0.0565787817675287,0.492615308181105,1.27599572351634,20,"ENSG00000001630;ENSG00000145476;ENSG00000036530;ENSG00000172817;ENSG00000146233"
"REACTOME","REACTOME_METABOLISM_OF_FAT_SOLUBLE_VITAMINS",0.154197775407588,0.417176404249983,0.0430067286602703,-0.461449338069987,-1.25158052336251,42,"ENSG00000121207;ENSG00000183098;ENSG00000130203;ENSG00000114115;ENSG00000115884;ENSG00000076716;ENSG00000175445;ENSG00000147650;ENSG00000063660;ENSG00000142798;ENSG00000147257;ENSG00000162512;ENSG00000157193;ENSG00000138207"
"REACTOME","REACTOME_SIGNALING_BY_VEGF",0.154088050314465,0.417176404249983,0.0404909326266485,-0.389192694546395,-1.20396004533758,98,"ENSG00000129946;ENSG00000188130;ENSG00000134215;ENSG00000138448;ENSG00000105221;ENSG00000124181;ENSG00000145675;ENSG00000123104;ENSG00000132970;ENSG00000061676;ENSG00000185386;ENSG00000154229;ENSG00000118257;ENSG00000044115;ENSG00000150760;ENSG00000138443;ENSG00000273749;ENSG00000112290;ENSG00000127837;ENSG00000067900;ENSG00000106211;ENSG00000165168;ENSG00000102755;ENSG00000259207;ENSG00000186654;ENSG00000168036;ENSG00000123338;ENSG00000133703;ENSG00000175866;ENSG00000167193"
"REACTOME","REACTOME_CLASS_A_1_RHODOPSIN_LIKE_RECEPTORS",0.153531955790485,0.417176404249983,0.0376978125856325,-0.344375602788976,-1.16460106226915,222,"ENSG00000213694;ENSG00000107562;ENSG00000139679;ENSG00000148123;ENSG00000126266;ENSG00000122585;ENSG00000133019;ENSG00000181104;ENSG00000149295;ENSG00000116329;ENSG00000116014;ENSG00000101180;ENSG00000117598;ENSG00000171517;ENSG00000117600;ENSG00000113749;ENSG00000169836;ENSG00000133636;ENSG00000056291;ENSG00000082556;ENSG00000168398;ENSG00000180616;ENSG00000125510;ENSG00000171509;ENSG00000121966;ENSG00000129951;ENSG00000151882;ENSG00000164251;ENSG00000183840;ENSG00000142192;ENSG00000197746;ENSG00000198049;ENSG00000186188;ENSG00000006638;ENSG00000043591;ENSG00000168830;ENSG00000177464;ENSG00000163485;ENSG00000181072;ENSG00000182631;ENSG00000166148;ENSG00000102539;ENSG00000274286;ENSG00000124875;ENSG00000147437;ENSG00000180720;ENSG00000180914;ENSG00000184451"
"REACTOME","REACTOME_NEDDYLATION",0.155246765692381,0.41901911403702,0.037396361434556,-0.34318943804126,-1.16198594709433,226,"ENSG00000198612;ENSG00000013275;ENSG00000183580;ENSG00000099341;ENSG00000065802;ENSG00000269190;ENSG00000109670;ENSG00000188215;ENSG00000036257;ENSG00000130725;ENSG00000169018;ENSG00000144524;ENSG00000116661;ENSG00000171621;ENSG00000124440;ENSG00000167196;ENSG00000183475;ENSG00000176871;ENSG00000109790;ENSG00000072401;ENSG00000041357;ENSG00000143476;ENSG00000124006;ENSG00000184182;ENSG00000261609;ENSG00000089685;ENSG00000163257;ENSG00000149600;ENSG00000135108;ENSG00000116044;ENSG00000118564;ENSG00000124762;ENSG00000130338;ENSG00000239474;ENSG00000173692;ENSG00000150401;ENSG00000161243;ENSG00000171150;ENSG00000102048;ENSG00000183655;ENSG00000145781;ENSG00000064726;ENSG00000165501;ENSG00000116663;ENSG00000109466;ENSG00000099364;ENSG00000132879;ENSG00000140365;ENSG00000100644;ENSG00000154582;ENSG00000134086;ENSG00000184557;ENSG00000118496;ENSG00000173163;ENSG00000147912;ENSG00000070010;ENSG00000158290;ENSG00000165192;ENSG00000115239;ENSG00000109906;ENSG00000012048;ENSG00000115827;ENSG00000141965;ENSG00000138081;ENSG00000148444;ENSG00000166167;ENSG00000165280;ENSG00000049167;ENSG00000119402;ENSG00000163960;ENSG00000100804;ENSG00000175166"
"REACTOME","REACTOME_VASOPRESSIN_REGULATES_RENAL_WATER_HOMEOSTASIS_VIA_AQUAPORINS",0.156288532675709,0.420833661270999,0.0429594939252289,-0.468385475212173,-1.25386425033814,39,"ENSG00000087460;ENSG00000121281;ENSG00000176533;ENSG00000173175;ENSG00000155897;ENSG00000111664;ENSG00000172380;ENSG00000103769;ENSG00000165272;ENSG00000078369;ENSG00000108946;ENSG00000005249;ENSG00000167306"
"REACTOME","REACTOME_GABA_SYNTHESIS_RELEASE_REUPTAKE_AND_DEGRADATION",0.157583937911254,0.423321003021033,0.0449612426330254,-0.561284900941463,-1.29010775087645,18,"ENSG00000101438;ENSG00000112294;ENSG00000136854"
"REACTOME","REACTOME_RHO_GTPASES_ACTIVATE_CIT",0.159777290366121,0.428203138181205,0.04461938659259,-0.559696092535502,-1.2864558905899,18,"ENSG00000198901;ENSG00000105357;ENSG00000155366;ENSG00000122966;ENSG00000118193;ENSG00000132535"
"REACTOME","REACTOME_REGULATION_OF_BETA_CELL_DEVELOPMENT",0.160635211482669,0.428788478748446,0.0420868361451837,-0.461051364252628,-1.24539102760295,41,"ENSG00000254647;ENSG00000182759;ENSG00000122859;ENSG00000106331;ENSG00000105221;ENSG00000114315;ENSG00000170608;ENSG00000162992;ENSG00000196782;ENSG00000150907"
"REACTOME","REACTOME_S_PHASE",0.160748621971542,0.428788478748446,0.038109308003654,-0.361365768322192,-1.17475731354927,150,"ENSG00000134508;ENSG00000108106;ENSG00000013275;ENSG00000099341;ENSG00000105221;ENSG00000062822;ENSG00000105486;ENSG00000115942;ENSG00000072401;ENSG00000091651;ENSG00000105173;ENSG00000041357;ENSG00000114126;ENSG00000162521;ENSG00000196510;ENSG00000175063;ENSG00000124762;ENSG00000133119;ENSG00000170142;ENSG00000138346;ENSG00000173692;ENSG00000164754;ENSG00000147536;ENSG00000111445;ENSG00000136997;ENSG00000168496;ENSG00000267796;ENSG00000173207;ENSG00000085840;ENSG00000123374;ENSG00000198176;ENSG00000104738;ENSG00000146670;ENSG00000082701;ENSG00000183814;ENSG00000101412;ENSG00000093009;ENSG00000205659;ENSG00000171320;ENSG00000181938;ENSG00000073111;ENSG00000139687;ENSG00000132383"
"REACTOME","REACTOME_FCGR3A_MEDIATED_IL10_SYNTHESIS",0.161595777708786,0.4290386732175,0.0423347135736638,-0.47338647155629,-1.25043070908769,36,"ENSG00000254087;ENSG00000121281;ENSG00000173175;ENSG00000124181;ENSG00000123104;ENSG00000155897;ENSG00000183943"
"REACTOME","REACTOME_CA2_PATHWAY",0.161461402474956,0.4290386732175,0.0411314894003624,-0.428946449872273,-1.22607829656331,57,"ENSG00000174804;ENSG00000164930;ENSG00000114251;ENSG00000176533;ENSG00000123104;ENSG00000111664;ENSG00000172380;ENSG00000154229;ENSG00000138814;ENSG00000126070;ENSG00000078369;ENSG00000136997;ENSG00000092847;ENSG00000078687;ENSG00000168036;ENSG00000133703;ENSG00000087258;ENSG00000123908;ENSG00000135341;ENSG00000168646;ENSG00000163251;ENSG00000104290"
"REACTOME","REACTOME_SIGNALING_BY_HIPPO",0.165862585260356,0.435519753223111,0.0433653397528181,-0.541032606462242,-1.27654642987212,20,"ENSG00000113645;ENSG00000150457;ENSG00000104067;ENSG00000173542;ENSG00000119139;ENSG00000126016;ENSG00000104375"
"REACTOME","REACTOME_EPHA_MEDIATED_GROWTH_CONE_COLLAPSE",0.166371965921878,0.435519753223111,0.0424715179160691,-0.498831323773119,-1.25896780475522,28,"ENSG00000116106;ENSG00000254087;ENSG00000135333;ENSG00000145242;ENSG00000105357;ENSG00000044524"
"REACTOME","REACTOME_MITOCHONDRIAL_CALCIUM_ION_TRANSPORT",0.165768539902489,0.435519753223111,0.0549208699749138,0.464786999296835,1.24851768772064,23,"ENSG00000105819;ENSG00000121057;ENSG00000107745;ENSG00000183172;ENSG00000215021;ENSG00000167085;ENSG00000165283;ENSG00000078668;ENSG00000156026"
"REACTOME","REACTOME_RESOLUTION_OF_ABASIC_SITES_AP_SITES",0.166101694915254,0.435519753223111,0.0415155189937178,-0.464968869435563,-1.23947262748043,38,"ENSG00000039650;ENSG00000062822;ENSG00000105486;ENSG00000073050;ENSG00000139372;ENSG00000133119;ENSG00000143799;ENSG00000111445;ENSG00000070501;ENSG00000168496"
"REACTOME","REACTOME_N_GLYCAN_TRIMMING_IN_THE_ER_AND_CALNEXIN_CALRETICULIN_CYCLE",0.166713443727196,0.435519753223111,0.0574352925653288,0.416166548884278,1.2217483380543,35,"ENSG00000088298;ENSG00000127022;ENSG00000115275;ENSG00000130175;ENSG00000143947;ENSG00000162298;ENSG00000204308;ENSG00000071537;ENSG00000177239;ENSG00000089597;ENSG00000179218;ENSG00000100764;ENSG00000221983;ENSG00000135506;ENSG00000170315;ENSG00000134109"
"REACTOME","REACTOME_CYCLIN_A_CDK2_ASSOCIATED_EVENTS_AT_S_PHASE_ENTRY",0.165526090675791,0.435519753223111,0.0398168800491465,-0.405585751782685,-1.20850639310844,75,"ENSG00000134508;ENSG00000013275;ENSG00000099341;ENSG00000105221;ENSG00000105173;ENSG00000041357;ENSG00000114126;ENSG00000162521;ENSG00000124762;ENSG00000173692;ENSG00000136997;ENSG00000267796;ENSG00000173207;ENSG00000123374;ENSG00000198176;ENSG00000183814;ENSG00000101412;ENSG00000205659;ENSG00000139687;ENSG00000145386;ENSG00000100804;ENSG00000175166;ENSG00000108671;ENSG00000164045;ENSG00000110092;ENSG00000101213;ENSG00000108344"
"REACTOME","REACTOME_METABOLISM_OF_CARBOHYDRATES_AND_CARBOHYDRATE_DERIVATIVES",0.166140904311251,0.435519753223111,0.0354412126618991,-0.332648305432427,-1.14370168783535,274,"ENSG00000103489;ENSG00000185352;ENSG00000170525;ENSG00000171451;ENSG00000123836;ENSG00000131873;ENSG00000213024;ENSG00000125430;ENSG00000140263;ENSG00000147408;ENSG00000171310;ENSG00000183098;ENSG00000105568;ENSG00000064225;ENSG00000105220;ENSG00000152254;ENSG00000156966;ENSG00000104812;ENSG00000115884;ENSG00000197713;ENSG00000076716;ENSG00000067177;ENSG00000067225;ENSG00000063660;ENSG00000142798;ENSG00000163002;ENSG00000122254;ENSG00000163754;ENSG00000174951;ENSG00000002587;ENSG00000162630;ENSG00000147257;ENSG00000162512;ENSG00000155893;ENSG00000172318;ENSG00000138653;ENSG00000175264;ENSG00000109956;ENSG00000159322;ENSG00000122863;ENSG00000141012;ENSG00000104695;ENSG00000176383;ENSG00000103888;ENSG00000164100;ENSG00000171004;ENSG00000152556;ENSG00000132182;ENSG00000100504;ENSG00000188157;ENSG00000114480;ENSG00000114646;ENSG00000139496;ENSG00000113273;ENSG00000119899;ENSG00000068976;ENSG00000109323;ENSG00000175040;ENSG00000169105;ENSG00000165568;ENSG00000113552;ENSG00000138604;ENSG00000100994;ENSG00000166105;ENSG00000130287;ENSG00000165092;ENSG00000111674;ENSG00000198682;ENSG00000112425;ENSG00000162694;ENSG00000102900;ENSG00000182492;ENSG00000151348;ENSG00000188316;ENSG00000103044;ENSG00000182601;ENSG00000179399;ENSG00000069248;ENSG00000171314;ENSG00000127415;ENSG00000173599;ENSG00000198108;ENSG00000159399;ENSG00000169439;ENSG00000137713;ENSG00000090020;ENSG00000165475;ENSG00000120253;ENSG00000153201;ENSG00000187446"
"REACTOME","REACTOME_VITAMIN_B5_PANTOTHENATE_METABOLISM",0.167376597344024,0.436251588958452,0.0539446818693931,0.484678671984588,1.25543786898427,20,"ENSG00000136960;ENSG00000152782;ENSG00000169710;ENSG00000181035;ENSG00000068120;ENSG00000197594"
"REACTOME","REACTOME_NUCLEAR_RNA_DECAY",0.167883211678832,0.43657300936573,0.0414508753284105,-0.473906611053379,-1.24631658476894,35,"ENSG00000076053;ENSG00000130749;ENSG00000164091;ENSG00000112941;ENSG00000033030;ENSG00000139746;ENSG00000077348;ENSG00000087087;ENSG00000047188;ENSG00000147905;ENSG00000083896;ENSG00000135698;ENSG00000130713;ENSG00000171311;ENSG00000115421"
"REACTOME","REACTOME_AGGREPHAGY",0.17033051498847,0.440617142198682,0.0408804760052525,-0.45995974798572,-1.23624590526997,40,"ENSG00000167552;ENSG00000137267;ENSG00000137285;ENSG00000176014;ENSG00000258947;ENSG00000077380;ENSG00000127824;ENSG00000135720;ENSG00000167553;ENSG00000123416;ENSG00000169379;ENSG00000101162;ENSG00000173213;ENSG00000165280;ENSG00000088986;ENSG00000104833;ENSG00000188229;ENSG00000183785;ENSG00000094631"
"REACTOME","REACTOME_SPOP_MEDIATED_PROTEASOMAL_DEGRADATION_OF_PD_L1_CD274",0.17059891107078,0.440617142198682,0.0404706920896309,-0.444030198192403,-1.22393088552311,46,"ENSG00000120217;ENSG00000013275;ENSG00000099341;ENSG00000036257;ENSG00000041357;ENSG00000173692;ENSG00000170027"
"REACTOME","REACTOME_ISG15_ANTIVIRAL_MECHANISM",0.170021413276231,0.440617142198682,0.0392452338933764,-0.404552498986525,-1.20336078223945,74,"ENSG00000213024;ENSG00000124181;ENSG00000166233;ENSG00000184979;ENSG00000163002;ENSG00000115415;ENSG00000126456;ENSG00000135930;ENSG00000182481;ENSG00000170142;ENSG00000136068;ENSG00000132182;ENSG00000139496;ENSG00000110321;ENSG00000108424;ENSG00000185745;ENSG00000102900;ENSG00000069248;ENSG00000075151;ENSG00000120253;ENSG00000153201;ENSG00000058804;ENSG00000127445"
"REACTOME","REACTOME_MITOTIC_G1_PHASE_AND_G1_S_TRANSITION",0.172887506480041,0.445517805160107,0.0367791390199934,-0.36287992784707,-1.16978206379568,139,"ENSG00000254087;ENSG00000134508;ENSG00000013275;ENSG00000099341;ENSG00000105568;ENSG00000105221;ENSG00000112242;ENSG00000115942;ENSG00000123080;ENSG00000091651;ENSG00000105173;ENSG00000041357;ENSG00000114126;ENSG00000131747;ENSG00000134057;ENSG00000162521;ENSG00000124762;ENSG00000104695;ENSG00000065328;ENSG00000170312;ENSG00000173692;ENSG00000097007;ENSG00000136997;ENSG00000267796;ENSG00000173207;ENSG00000112029;ENSG00000085840;ENSG00000123374;ENSG00000176890;ENSG00000198176;ENSG00000104738;ENSG00000183814;ENSG00000101412;ENSG00000093009;ENSG00000137713;ENSG00000205659;ENSG00000073111;ENSG00000139687;ENSG00000132383;ENSG00000171848;ENSG00000113575"
"REACTOME","REACTOME_HIGH_LAMINAR_FLOW_SHEAR_STRESS_ACTIVATES_SIGNALING_BY_PIEZO1_AND_PECAM1_CDH5_KDR_IN_ENDOTHELIAL_CELLS",0.17381194593809,0.446888953551885,0.0391519644289041,-0.417864524978109,-1.21054533603633,62,"ENSG00000087460;ENSG00000121281;ENSG00000176533;ENSG00000173175;ENSG00000126247;ENSG00000155897;ENSG00000111664;ENSG00000172380;ENSG00000157227;ENSG00000131477;ENSG00000078369;ENSG00000110218;ENSG00000156052;ENSG00000108946;ENSG00000005249;ENSG00000186654;ENSG00000168036"
"REACTOME","REACTOME_FOXO_MEDIATED_TRANSCRIPTION_OF_CELL_DEATH_GENES",0.174476060657693,0.446895058318841,0.0427253227144247,-0.574876643500537,-1.27942510548096,15,"ENSG00000118046;ENSG00000164442;ENSG00000001167;ENSG00000113916;ENSG00000150907;ENSG00000105327;ENSG00000153094"
"REACTOME","REACTOME_MITOTIC_PROPHASE",0.174599035076281,0.446895058318841,0.0366997894072305,-0.365558117561507,-1.17140412706199,131,"ENSG00000213024;ENSG00000105568;ENSG00000115806;ENSG00000132475;ENSG00000113810;ENSG00000163002;ENSG00000119408;ENSG00000154229;ENSG00000134057;ENSG00000183955;ENSG00000104695;ENSG00000170312;ENSG00000132182;ENSG00000157456;ENSG00000113368;ENSG00000188486;ENSG00000120802;ENSG00000136824;ENSG00000139496;ENSG00000166851;ENSG00000172943;ENSG00000197061;ENSG00000120539;ENSG00000102900;ENSG00000028116;ENSG00000163041;ENSG00000100749;ENSG00000105968;ENSG00000069248;ENSG00000137713;ENSG00000120253;ENSG00000153201;ENSG00000139687;ENSG00000196890;ENSG00000058804;ENSG00000113575;ENSG00000174106;ENSG00000275713;ENSG00000205423;ENSG00000203852;ENSG00000119335;ENSG00000025770;ENSG00000274641;ENSG00000147316"
"REACTOME","REACTOME_AUTOPHAGY",0.175582990397805,0.448405888033857,0.0722438159950612,0.296196777931879,1.11212026227438,151,"ENSG00000105355;ENSG00000106617;ENSG00000123240;ENSG00000196814;ENSG00000070540;ENSG00000177058;ENSG00000196683;ENSG00000167987;ENSG00000161011;ENSG00000160948;ENSG00000156508;ENSG00000131791;ENSG00000244687;ENSG00000106615;ENSG00000196998;ENSG00000188554;ENSG00000141580;ENSG00000181929;ENSG00000188186;ENSG00000141971;ENSG00000158828;ENSG00000143947;ENSG00000162409;ENSG00000196455;ENSG00000214736;ENSG00000139197;ENSG00000198382;ENSG00000261456;ENSG00000185122;ENSG00000080824;ENSG00000074319;ENSG00000197548;ENSG00000057663;ENSG00000078668;ENSG00000126775;ENSG00000032742;ENSG00000185345;ENSG00000175768;ENSG00000096384;ENSG00000132356;ENSG00000116586"
"REACTOME","REACTOME_RAP1_SIGNALLING",0.176627147350593,0.449559915863038,0.0514297351265247,0.523025833329758,1.2658118418461,15,"ENSG00000091428;ENSG00000142875;ENSG00000213445"
"REACTOME","REACTOME_SLC_MEDIATED_TRANSPORT_OF_INORGANIC_ANIONS",0.176824268925936,0.449559915863038,0.0548754448345273,0.415974644660141,1.21440571950811,33,"ENSG00000113504;ENSG00000198569;ENSG00000145217;ENSG00000074803;ENSG00000091137;ENSG00000164889;ENSG00000033867;ENSG00000147606;ENSG00000158467"
"REACTOME","REACTOME_FORMATION_OF_RNA_POL_II_ELONGATION_COMPLEX",0.177224513847967,0.449573989471792,0.0390223216136609,-0.423884740855897,-1.21161016990007,57,"ENSG00000006712;ENSG00000196235;ENSG00000104884;ENSG00000140395;ENSG00000145088;ENSG00000109111;ENSG00000099817;ENSG00000105258"
"REACTOME","REACTOME_APOPTOTIC_EXECUTION_PHASE",0.178168696436626,0.450630378188502,0.0393579006834084,-0.436688894925363,-1.21450253080464,48,"ENSG00000134602;ENSG00000104067;ENSG00000064012;ENSG00000065675;ENSG00000138794;ENSG00000189403;ENSG00000164104;ENSG00000113368;ENSG00000067900;ENSG00000100813;ENSG00000108424;ENSG00000168036;ENSG00000119139;ENSG00000081277;ENSG00000134982;ENSG00000197694;ENSG00000046604;ENSG00000168298;ENSG00000092853;ENSG00000186868"
"REACTOME","REACTOME_RNA_POLYMERASE_II_TRANSCRIPTION_TERMINATION",0.178432221741013,0.450630378188502,0.0384253873126644,-0.409672420632315,-1.20106990985205,67,"ENSG00000063244;ENSG00000125755;ENSG00000142528;ENSG00000123136;ENSG00000161265;ENSG00000136450;ENSG00000112081;ENSG00000145216;ENSG00000111786;ENSG00000136709;ENSG00000111605;ENSG00000115875;ENSG00000133226;ENSG00000198563;ENSG00000265241;ENSG00000124193;ENSG00000125676;ENSG00000167005;ENSG00000100227;ENSG00000177613;ENSG00000058673;ENSG00000165934;ENSG00000161547;ENSG00000205323"
"REACTOME","REACTOME_NUCLEAR_PORE_COMPLEX_NPC_DISASSEMBLY",0.178981682707234,0.451018001335264,0.0399729091433235,-0.466958884236671,-1.23345250406343,36,"ENSG00000213024;ENSG00000163002;ENSG00000119408;ENSG00000134057;ENSG00000170312;ENSG00000132182;ENSG00000157456;ENSG00000139496;ENSG00000102900;ENSG00000069248;ENSG00000120253;ENSG00000153201;ENSG00000058804"
"REACTOME","REACTOME_PERK_REGULATES_GENE_EXPRESSION",0.179802955665025,0.452087343272545,0.054426785675636,0.418717409652109,1.20903379552378,32,"ENSG00000070669;ENSG00000130741;ENSG00000172216;ENSG00000162772;ENSG00000125977;ENSG00000140694;ENSG00000175197;ENSG00000169429"
"REACTOME","REACTOME_ADORA2B_MEDIATED_ANTI_INFLAMMATORY_CYTOKINES_PRODUCTION",0.180277349768875,0.452281721116187,0.0396431810797813,-0.459448548745473,-1.2247570479222,38,"ENSG00000087460;ENSG00000121281;ENSG00000176533;ENSG00000173175;ENSG00000155897;ENSG00000111664;ENSG00000183943;ENSG00000172380"
"REACTOME","REACTOME_SIGNALING_BY_PTK6",0.181034482758621,0.453183023872679,0.0387481189630765,-0.428840551933334,-1.21129610217649,53,"ENSG00000185737;ENSG00000160007;ENSG00000157168;ENSG00000116560;ENSG00000121774;ENSG00000105173;ENSG00000150760;ENSG00000113070;ENSG00000178568;ENSG00000131773;ENSG00000112232;ENSG00000146648;ENSG00000136235;ENSG00000123374;ENSG00000133703;ENSG00000167193;ENSG00000169752;ENSG00000100644"
"REACTOME","REACTOME_PURINERGIC_SIGNALING_IN_LEISHMANIASIS_INFECTION",0.182022471910112,0.453662134585597,0.0514677969037334,0.470354047127339,1.23703645053093,21,"ENSG00000135318;ENSG00000187097;ENSG00000077150;ENSG00000136810;ENSG00000096384"
"REACTOME","REACTOME_CA_DEPENDENT_EVENTS",0.181775846010556,0.453662134585597,0.039623999518966,-0.465627045114916,-1.22993450632274,36,"ENSG00000121281;ENSG00000116711;ENSG00000173175;ENSG00000152495;ENSG00000155897;ENSG00000183943;ENSG00000154229;ENSG00000154678;ENSG00000182481;ENSG00000126583;ENSG00000004660;ENSG00000108946;ENSG00000005249;ENSG00000123360;ENSG00000118260"
"REACTOME","REACTOME_PLATELET_ACTIVATION_SIGNALING_AND_AGGREGATION",0.182709553987803,0.454380310026437,0.0339775191948361,-0.336419951848921,-1.14050977893849,229,"ENSG00000010278;ENSG00000100234;ENSG00000254087;ENSG00000115414;ENSG00000077522;ENSG00000134215;ENSG00000138722;ENSG00000181104;ENSG00000176533;ENSG00000116711;ENSG00000196924;ENSG00000145675;ENSG00000092969;ENSG00000123104;ENSG00000141506;ENSG00000108821;ENSG00000111664;ENSG00000164692;ENSG00000145685;ENSG00000172380;ENSG00000105329;ENSG00000077044;ENSG00000154229;ENSG00000127824;ENSG00000157680;ENSG00000065675;ENSG00000167711;ENSG00000179295;ENSG00000104112;ENSG00000126583;ENSG00000274588;ENSG00000138430;ENSG00000127837;ENSG00000078369;ENSG00000184500;ENSG00000142192;ENSG00000197746;ENSG00000117461;ENSG00000172575;ENSG00000165025;ENSG00000006638;ENSG00000103653;ENSG00000146535;ENSG00000156052"
"REACTOME","REACTOME_AURKA_ACTIVATION_BY_TPX2",0.183108689417838,0.454380821888708,0.0377147373899938,-0.403913456481949,-1.19613355761446,72,"ENSG00000105568;ENSG00000101367;ENSG00000167552;ENSG00000101004;ENSG00000077380;ENSG00000127824;ENSG00000196230;ENSG00000151849;ENSG00000249115;ENSG00000117650;ENSG00000170312;ENSG00000131351;ENSG00000087586;ENSG00000170027;ENSG00000088325;ENSG00000136811;ENSG00000166851;ENSG00000136861;ENSG00000175216;ENSG00000005249;ENSG00000114107;ENSG00000142731;ENSG00000214367;ENSG00000213066;ENSG00000007168;ENSG00000148019;ENSG00000147400;ENSG00000103995;ENSG00000147874;ENSG00000141577;ENSG00000088986;ENSG00000139350;ENSG00000104833;ENSG00000074054;ENSG00000188229;ENSG00000101624;ENSG00000072864"
"REACTOME","REACTOME_NITRIC_OXIDE_STIMULATES_GUANYLATE_CYCLASE",0.184258796064699,0.455251125201068,0.0409428614964308,-0.525378369515909,-1.25137423992489,21,"ENSG00000112541;ENSG00000152402;ENSG00000061918;ENSG00000164116;ENSG00000197584;ENSG00000128655;ENSG00000160191;ENSG00000156113;ENSG00000171121;ENSG00000123360"
"REACTOME","REACTOME_PI3K_AKT_SIGNALING_IN_CANCER",0.184030626196336,0.455251125201068,0.0365894056867201,-0.380049739335686,-1.17567649088177,98,"ENSG00000185737;ENSG00000204673;ENSG00000105221;ENSG00000140538;ENSG00000105723;ENSG00000145675;ENSG00000157168;ENSG00000066468;ENSG00000160867;ENSG00000141506;ENSG00000138685;ENSG00000150907;ENSG00000113070;ENSG00000178568;ENSG00000179295;ENSG00000134853;ENSG00000124762;ENSG00000169047;ENSG00000134962;ENSG00000163235;ENSG00000146648;ENSG00000091831;ENSG00000117461;ENSG00000070388;ENSG00000158815;ENSG00000186654;ENSG00000156427;ENSG00000113721;ENSG00000169752;ENSG00000171862;ENSG00000118260;ENSG00000123358;ENSG00000182866;ENSG00000082701;ENSG00000102678;ENSG00000213341;ENSG00000070193;ENSG00000176697;ENSG00000010810;ENSG00000166225"
"REACTOME","REACTOME_AMYLOID_FIBER_FORMATION",0.184830230010953,0.455674528100596,0.0365266953122174,-0.380732390465955,-1.17556602526062,96,"ENSG00000254647;ENSG00000140545;ENSG00000101439;ENSG00000130203;ENSG00000132475;ENSG00000142798;ENSG00000205155;ENSG00000138613;ENSG00000104327;ENSG00000124486;ENSG00000188486;ENSG00000142192;ENSG00000108219;ENSG00000120708;ENSG00000103365;ENSG00000197061"
"REACTOME","REACTOME_DOWNSTREAM_SIGNALING_OF_ACTIVATED_FGFR2",0.188311688311688,0.461932208573054,0.0398362991887894,-0.50484292453243,-1.24168546087697,24,"ENSG00000124181;ENSG00000145675;ENSG00000066468;ENSG00000138685;ENSG00000179295;ENSG00000070388;ENSG00000158815;ENSG00000156427;ENSG00000133703;ENSG00000102678;ENSG00000070193;ENSG00000166225"
"REACTOME","REACTOME_SULFUR_AMINO_ACID_METABOLISM",0.189160747171797,0.461932208573054,0.0518526599597102,0.436346155374176,1.21604083820422,27,"ENSG00000100348;ENSG00000149089;ENSG00000215845;ENSG00000101444;ENSG00000116984;ENSG00000116761;ENSG00000099810;ENSG00000128311;ENSG00000145293;ENSG00000139631;ENSG00000128309;ENSG00000139531"
"REACTOME","REACTOME_SIGNALING_BY_FGFR1",0.189237937772434,0.461932208573054,0.0380226568364937,-0.433810900187623,-1.20185062376217,47,"ENSG00000011201;ENSG00000125848;ENSG00000105568;ENSG00000126500;ENSG00000124181;ENSG00000145675;ENSG00000185070;ENSG00000138685;ENSG00000179295;ENSG00000104695;ENSG00000070388;ENSG00000158815;ENSG00000156427;ENSG00000133703"
"REACTOME","REACTOME_SIGNALING_BY_FGFR2",0.188805104408353,0.461932208573054,0.037297201667679,-0.409172191983152,-1.19345501945454,65,"ENSG00000105568;ENSG00000124181;ENSG00000145675;ENSG00000066468;ENSG00000100320;ENSG00000099817;ENSG00000105258;ENSG00000011304;ENSG00000138685;ENSG00000179295;ENSG00000104695;ENSG00000102978;ENSG00000070388;ENSG00000158815;ENSG00000099783;ENSG00000156427;ENSG00000133703;ENSG00000116001;ENSG00000102678;ENSG00000070193;ENSG00000166225;ENSG00000113575;ENSG00000144231;ENSG00000110395"
"REACTOME","REACTOME_SENSORY_PROCESSING_OF_SOUND_BY_OUTER_HAIR_CELLS_OF_THE_COCHLEA",0.189396261109409,0.461932208573054,0.0562362053989718,0.36472453634353,1.16117586016758,52,"ENSG00000187017;ENSG00000177106;ENSG00000151491;ENSG00000247596;ENSG00000006611;ENSG00000130830;ENSG00000091536"
"REACTOME","REACTOME_SYNTHESIS_SECRETION_AND_INACTIVATION_OF_GLUCAGON_LIKE_PEPTIDE_1_GLP_1",0.191154297202211,0.463349298455681,0.0402098897493978,-0.534829243808999,-1.24725329207418,19,"ENSG00000126266;ENSG00000175426;ENSG00000111664;ENSG00000165556;ENSG00000078369;ENSG00000140612;ENSG00000115263;ENSG00000186188;ENSG00000168036"
"REACTOME","REACTOME_INTERLEUKIN_2_FAMILY_SIGNALING",0.19056974459725,0.463349298455681,0.0534740728047682,0.407143096139968,1.19525801002715,35,"ENSG00000105639;ENSG00000105647;ENSG00000120899;ENSG00000173757;ENSG00000051382;ENSG00000111679;ENSG00000126561;ENSG00000164136;ENSG00000121879;ENSG00000033327;ENSG00000091181;ENSG00000177885;ENSG00000165458"
"REACTOME","REACTOME_ORGANELLE_BIOGENESIS_AND_MAINTENANCE",0.191197691197691,0.463349298455681,0.0875267616598382,0.266841123912308,1.08003999158968,291,"ENSG00000278195;ENSG00000165533;ENSG00000101849;ENSG00000205795;ENSG00000106028;ENSG00000105948;ENSG00000046651;ENSG00000092036;ENSG00000096872;ENSG00000106477;ENSG00000106617;ENSG00000173153;ENSG00000131558;ENSG00000181004;ENSG00000131069;ENSG00000184831;ENSG00000125124;ENSG00000125863;ENSG00000126870;ENSG00000023330;ENSG00000241468;ENSG00000138036;ENSG00000106554;ENSG00000138190;ENSG00000122507;ENSG00000127914;ENSG00000156411;ENSG00000124523;ENSG00000112685;ENSG00000198668;ENSG00000128581;ENSG00000131791;ENSG00000204852;ENSG00000188878;ENSG00000181929;ENSG00000163818;ENSG00000125971;ENSG00000011143;ENSG00000119650;ENSG00000137100;ENSG00000126001;ENSG00000115484;ENSG00000132259;ENSG00000180104;ENSG00000127989;ENSG00000142453;ENSG00000162409;ENSG00000130589;ENSG00000174917;ENSG00000109083;ENSG00000167863;ENSG00000135390;ENSG00000110274;ENSG00000138002;ENSG00000198089;ENSG00000100815;ENSG00000261456;ENSG00000116604;ENSG00000142082;ENSG00000080824;ENSG00000108641;ENSG00000127328;ENSG00000140463;ENSG00000159199;ENSG00000173171;ENSG00000176101;ENSG00000112877;ENSG00000032742;ENSG00000112062;ENSG00000054282"
"REACTOME","REACTOME_GPVI_MEDIATED_ACTIVATION_CASCADE",0.192119006171863,0.464593520233018,0.0388207651295308,-0.478959485241951,-1.22484414016556,30,"ENSG00000254087;ENSG00000134215;ENSG00000145675;ENSG00000141506;ENSG00000108821;ENSG00000164692;ENSG00000179295;ENSG00000117461;ENSG00000165025"
"REACTOME","REACTOME_BIOSYNTHESIS_OF_SPECIALIZED_PRORESOLVING_MEDIATORS_SPMS",0.196005917159763,0.470993121613862,0.0491079929978342,0.498939202717012,1.24160854756323,17,"ENSG00000164120;ENSG00000138109;ENSG00000120915;ENSG00000160868;ENSG00000106853;ENSG00000168765;ENSG00000111144"
"REACTOME","REACTOME_ACYL_CHAIN_REMODELLING_OF_PC",0.195598212808208,0.470993121613862,0.0394145411934656,-0.514137539520761,-1.2369970025791,22,"ENSG00000116711;ENSG00000168907;ENSG00000176485;ENSG00000143797;ENSG00000111684;ENSG00000105499;ENSG00000087253"
"REACTOME","REACTOME_MITOPHAGY",0.19578827546955,0.470993121613862,0.0530972576051429,0.392635527419554,1.18339202977455,39,"ENSG00000123240;ENSG00000196683;ENSG00000161011;ENSG00000244687;ENSG00000158828;ENSG00000143947;ENSG00000214736;ENSG00000057663;ENSG00000078668;ENSG00000185345;ENSG00000175768;ENSG00000183735;ENSG00000221983;ENSG00000154174"
"REACTOME","REACTOME_INTERLEUKIN_20_FAMILY_SIGNALING",0.196504369538077,0.471196793481832,0.0493785565799981,0.462761315856765,1.21706748162729,21,"ENSG00000105639;ENSG00000173757;ENSG00000243646;ENSG00000016402;ENSG00000142677;ENSG00000126561"
"REACTOME","REACTOME_RESOLUTION_OF_D_LOOP_STRUCTURES_THROUGH_SYNTHESIS_DEPENDENT_STRAND_ANNEALING_SDSA",0.197387518142235,0.472320132697491,0.0386397875986196,-0.487223724714757,-1.22373122744555,27,"ENSG00000197299;ENSG00000136492;ENSG00000108384;ENSG00000138346;ENSG00000174371;ENSG00000138376;ENSG00000177302;ENSG00000185379;ENSG00000111247;ENSG00000149311;ENSG00000139618;ENSG00000012048"
"REACTOME","REACTOME_RESOLUTION_OF_D_LOOP_STRUCTURES",0.199350950394066,0.476018307125453,0.0374961780735526,-0.455255071959818,-1.20836248002154,37,"ENSG00000197299;ENSG00000136492;ENSG00000108384;ENSG00000178295;ENSG00000138346;ENSG00000174371;ENSG00000138376;ENSG00000132436;ENSG00000177302;ENSG00000185379;ENSG00000111247;ENSG00000149311;ENSG00000139618;ENSG00000012048"
"REACTOME","REACTOME_REGULATION_OF_ENDOGENOUS_RETROELEMENTS_BY_PIWI_INTERACTING_RNAS_PIRNAS",0.200867254161421,0.476641255187206,0.0352391769861817,-0.384515873534585,-1.16702144188889,85,"ENSG00000011332;ENSG00000110987;ENSG00000071655;ENSG00000132475;ENSG00000119772;ENSG00000170004;ENSG00000057935;ENSG00000082014;ENSG00000162521;ENSG00000136518;ENSG00000188486;ENSG00000197061;ENSG00000141380;ENSG00000133884;ENSG00000184402;ENSG00000205683;ENSG00000163041;ENSG00000105968;ENSG00000073584;ENSG00000049618;ENSG00000196890;ENSG00000099956;ENSG00000275713;ENSG00000203852;ENSG00000111642;ENSG00000143614;ENSG00000274641;ENSG00000196591;ENSG00000182979"
"REACTOME","REACTOME_INTRA_GOLGI_AND_RETROGRADE_GOLGI_TO_ER_TRAFFIC",0.200708526752993,0.476641255187206,0.0325433433422922,-0.339572057907845,-1.13716554209162,199,"ENSG00000105443;ENSG00000162849;ENSG00000105402;ENSG00000116711;ENSG00000164292;ENSG00000137807;ENSG00000167552;ENSG00000137267;ENSG00000105438;ENSG00000137285;ENSG00000176014;ENSG00000079462;ENSG00000185963;ENSG00000107036;ENSG00000121621;ENSG00000130294;ENSG00000258947;ENSG00000077380;ENSG00000154917;ENSG00000127824;ENSG00000196547;ENSG00000161800;ENSG00000163808;ENSG00000066735;ENSG00000143641;ENSG00000079616;ENSG00000090889;ENSG00000186185;ENSG00000141252;ENSG00000086598;ENSG00000142945;ENSG00000135720;ENSG00000237649;ENSG00000003056;ENSG00000173905;ENSG00000138160;ENSG00000126214;ENSG00000148429;ENSG00000167553;ENSG00000133103;ENSG00000138778;ENSG00000111885;ENSG00000008256;ENSG00000138182;ENSG00000108669;ENSG00000135823;ENSG00000123416;ENSG00000116852;ENSG00000112984;ENSG00000153130;ENSG00000007168;ENSG00000106636;ENSG00000170759;ENSG00000077549;ENSG00000134970;ENSG00000004059;ENSG00000166557"
"REACTOME","REACTOME_SLC_TRANSPORTER_DISORDERS",0.200666419844502,0.476641255187206,0.060295791275842,0.320036675430126,1.12380913012521,93,"ENSG00000174358;ENSG00000198569;ENSG00000117394;ENSG00000106633;ENSG00000147804;ENSG00000163581;ENSG00000074803;ENSG00000155561;ENSG00000138079;ENSG00000110911;ENSG00000021488;ENSG00000091137;ENSG00000179520;ENSG00000155465;ENSG00000167114;ENSG00000138750;ENSG00000164414;ENSG00000075188;ENSG00000197375;ENSG00000102100;ENSG00000100170;ENSG00000117620"
"REACTOME","REACTOME_DAG_AND_IP3_SIGNALING",0.201383551114527,0.476872899624629,0.0371659974986293,-0.44790312076145,-1.203840991356,40,"ENSG00000121281;ENSG00000173175;ENSG00000124181;ENSG00000123104;ENSG00000152495;ENSG00000155897;ENSG00000183943;ENSG00000154229;ENSG00000154678;ENSG00000182481;ENSG00000126583;ENSG00000004660;ENSG00000108946;ENSG00000005249;ENSG00000123360;ENSG00000118260"
"REACTOME","REACTOME_INTERCONVERSION_OF_NUCLEOTIDE_DI_AND_TRIPHOSPHATES",0.202301311212202,0.478052268611407,0.0504661147656505,0.422752507249719,1.19508709072146,29,"ENSG00000140057;ENSG00000047230;ENSG00000104687;ENSG00000129187;ENSG00000243678;ENSG00000103024;ENSG00000136810;ENSG00000166321;ENSG00000143774;ENSG00000155085;ENSG00000162368"
"REACTOME","REACTOME_SENSORY_PROCESSING_OF_SOUND",0.203434610303831,0.479735033407999,0.0563335007829073,0.334078072274401,1.13304420946663,72,"ENSG00000187017;ENSG00000177106;ENSG00000151491;ENSG00000247596;ENSG00000006611;ENSG00000198898;ENSG00000130830;ENSG00000091536;ENSG00000179520;ENSG00000186472;ENSG00000008056;ENSG00000120756"
"REACTOME","REACTOME_RHOJ_GTPASE_CYCLE",0.20526159334126,0.483043295073751,0.0360494877805622,-0.420042482810384,-1.18644521811885,53,"ENSG00000124126;ENSG00000160007;ENSG00000187239;ENSG00000115107;ENSG00000092531;ENSG00000145675;ENSG00000130669;ENSG00000161791;ENSG00000122126;ENSG00000102606;ENSG00000139734;ENSG00000120802;ENSG00000139436;ENSG00000134909;ENSG00000038382;ENSG00000035499;ENSG00000173218;ENSG00000146729;ENSG00000169379"
"REACTOME","REACTOME_NEGATIVE_REGULATION_OF_FGFR4_SIGNALING",0.206407985831589,0.484739579097278,0.0376303019205309,-0.491474359668222,-1.22007738170301,25,"ENSG00000105568;ENSG00000160867;ENSG00000138685;ENSG00000179295;ENSG00000104695;ENSG00000134962;ENSG00000158815;ENSG00000156427;ENSG00000102678;ENSG00000166225;ENSG00000113575;ENSG00000110395"
"REACTOME","REACTOME_FCERI_MEDIATED_CA_2_MOBILIZATION",0.207023144453312,0.485183871465684,0.0373797893946985,-0.477178909020828,-1.2111315470633,29,"ENSG00000254087;ENSG00000134215;ENSG00000124181;ENSG00000123104;ENSG00000138814;ENSG00000165025;ENSG00000072736"
"REACTOME","REACTOME_GABA_RECEPTOR_ACTIVATION",0.207894346342187,0.486225175531317,0.0357496126221224,-0.419750904647445,-1.18284041476726,52,"ENSG00000113327;ENSG00000121281;ENSG00000176533;ENSG00000268089;ENSG00000173175;ENSG00000168135;ENSG00000155897;ENSG00000111664;ENSG00000172380;ENSG00000156642;ENSG00000078369;ENSG00000182256;ENSG00000141404;ENSG00000183185"
"REACTOME","REACTOME_ACTIVATED_TAK1_MEDIATES_P38_MAPK_ACTIVATION",0.208365409289197,0.486328281107367,0.0485460071652527,0.444522507466083,1.19408291109901,23,"ENSG00000108984;ENSG00000114738;ENSG00000184216;ENSG00000162889;ENSG00000100324;ENSG00000244687;ENSG00000157625;ENSG00000143947"
"REACTOME","REACTOME_SYNTHESIS_OF_ACTIVE_UBIQUITIN_ROLES_OF_E1_AND_E2_ENZYMES",0.20936857097642,0.4866751068207,0.0369552081269571,-0.472669111197429,-1.20875775285038,30,"ENSG00000108106;ENSG00000140367;ENSG00000072401;ENSG00000099804;ENSG00000175063;ENSG00000170142;ENSG00000124486;ENSG00000170035;ENSG00000107341;ENSG00000187555;ENSG00000104343;ENSG00000078140;ENSG00000077152;ENSG00000033178"
"REACTOME","REACTOME_ANTIGEN_PROCESSING_UBIQUITINATION_PROTEASOME_DEGRADATION",0.209034955289746,0.4866751068207,0.0307979036194709,-0.323733261803456,-1.11657054540498,287,"ENSG00000138411;ENSG00000108106;ENSG00000013275;ENSG00000183580;ENSG00000099341;ENSG00000065802;ENSG00000108578;ENSG00000269190;ENSG00000109670;ENSG00000036257;ENSG00000130725;ENSG00000034677;ENSG00000070423;ENSG00000140367;ENSG00000116661;ENSG00000171621;ENSG00000167196;ENSG00000163481;ENSG00000183475;ENSG00000109790;ENSG00000072401;ENSG00000265491;ENSG00000153827;ENSG00000099804;ENSG00000108395;ENSG00000041357;ENSG00000072201;ENSG00000114423;ENSG00000152503;ENSG00000184182;ENSG00000261609;ENSG00000124226;ENSG00000170633;ENSG00000186187;ENSG00000135108;ENSG00000196510;ENSG00000175063;ENSG00000118564;ENSG00000007944;ENSG00000170142;ENSG00000239474;ENSG00000173692;ENSG00000161243;ENSG00000183763;ENSG00000146373;ENSG00000103657;ENSG00000102048;ENSG00000154447;ENSG00000117399;ENSG00000183655;ENSG00000064726;ENSG00000165338;ENSG00000165501;ENSG00000116663;ENSG00000109466;ENSG00000122257;ENSG00000099364;ENSG00000170035;ENSG00000132879;ENSG00000107341;ENSG00000154582;ENSG00000104343;ENSG00000118420;ENSG00000172009;ENSG00000134086;ENSG00000063978;ENSG00000184557;ENSG00000118496;ENSG00000198961;ENSG00000147912;ENSG00000180537;ENSG00000128731;ENSG00000165192"
"REACTOME","REACTOME_APC_C_CDH1_MEDIATED_DEGRADATION_OF_CDC20_AND_OTHER_APC_C_CDH1_TARGETED_PROTEINS_IN_LATE_MITOSIS_EARLY_G1",0.210288545613524,0.487818031474142,0.0351392025914253,-0.407843366835257,-1.17815281171155,61,"ENSG00000108106;ENSG00000013275;ENSG00000099341;ENSG00000072401;ENSG00000041357;ENSG00000196510;ENSG00000175063;ENSG00000170142;ENSG00000173692;ENSG00000087586;ENSG00000164611;ENSG00000166851;ENSG00000117399"
"REACTOME","REACTOME_DEFECTIVE_INTRINSIC_PATHWAY_FOR_APOPTOSIS",0.211302211302211,0.489173208685404,0.0374961780735526,-0.499065132129301,-1.21467443142575,23,"ENSG00000126247;ENSG00000108561;ENSG00000158402;ENSG00000014216;ENSG00000141510;ENSG00000113368;ENSG00000142192;ENSG00000176749;ENSG00000153094"
"REACTOME","REACTOME_RHOQ_GTPASE_CYCLE",0.212410151092856,0.489747291689804,0.0350682118590514,-0.41031645918781,-1.17698880333203,58,"ENSG00000124126;ENSG00000160007;ENSG00000187239;ENSG00000115107;ENSG00000092531;ENSG00000154358;ENSG00000130669;ENSG00000102606;ENSG00000139734;ENSG00000139436;ENSG00000134909;ENSG00000205726;ENSG00000119729;ENSG00000004777;ENSG00000140575;ENSG00000035499;ENSG00000173218;ENSG00000169379;ENSG00000140750"
"REACTOME","REACTOME_NUCLEOTIDE_EXCISION_REPAIR",0.211998923863331,0.489747291689804,0.0333610279666885,-0.367294567237,-1.14997671570368,108,"ENSG00000198612;ENSG00000104884;ENSG00000012061;ENSG00000033800;ENSG00000062822;ENSG00000105486;ENSG00000073050;ENSG00000105619;ENSG00000099817;ENSG00000105258;ENSG00000144524;ENSG00000114933;ENSG00000116030;ENSG00000133119;ENSG00000136518;ENSG00000143799;ENSG00000111445;ENSG00000131788;ENSG00000102978"
"REACTOME","REACTOME_PHOSPHORYLATION_OF_THE_APC_C",0.214606554649809,0.490736435356625,0.0374961780735526,-0.518018052039378,-1.22224443969132,20,"ENSG00000108106;ENSG00000072401;ENSG00000134057;ENSG00000196510;ENSG00000175063;ENSG00000170142;ENSG00000170312;ENSG00000166851"
"REACTOME","REACTOME_INSULIN_PROCESSING",0.215424247303172,0.490736435356625,0.0367156255567355,-0.487204652186341,-1.20947789991387,25,"ENSG00000254647;ENSG00000164756;ENSG00000175426"
"REACTOME","REACTOME_FORMATION_OF_FIBRIN_CLOT_CLOTTING_CASCADE",0.215028355387524,0.490736435356625,0.0362938648320271,-0.464308488620072,-1.19824120173904,32,"ENSG00000117525;ENSG00000135919;ENSG00000137509;ENSG00000181104;ENSG00000108561;ENSG00000003436;ENSG00000184500"
"REACTOME","REACTOME_SIGNALING_BY_WNT_IN_CANCER",0.215355510011036,0.490736435356625,0.0362784722078344,-0.46057484530425,-1.19328755408948,33,"ENSG00000174804;ENSG00000164930;ENSG00000105568;ENSG00000107854;ENSG00000175029;ENSG00000104695;ENSG00000177283;ENSG00000168036;ENSG00000134982;ENSG00000082701;ENSG00000173273;ENSG00000137713;ENSG00000163251;ENSG00000113575;ENSG00000131650;ENSG00000112640"
"REACTOME","REACTOME_HOMOLOGOUS_DNA_PAIRING_AND_STRAND_EXCHANGE",0.21445892694756,0.490736435356625,0.0355432910251727,-0.434887190152811,-1.18528093063777,43,"ENSG00000197299;ENSG00000136492;ENSG00000108384;ENSG00000133119;ENSG00000138346;ENSG00000174371;ENSG00000138376;ENSG00000111445;ENSG00000163781;ENSG00000177302;ENSG00000185379;ENSG00000113456;ENSG00000111247;ENSG00000149311;ENSG00000139618;ENSG00000132383;ENSG00000012048"
"REACTOME","REACTOME_DISEASES_OF_GLYCOSYLATION",0.214630329899596,0.490736435356625,0.0325078283353193,-0.356378289120436,-1.14143260537029,130,"ENSG00000262655;ENSG00000112902;ENSG00000187720;ENSG00000131873;ENSG00000005108;ENSG00000134250;ENSG00000183098;ENSG00000173157;ENSG00000136378;ENSG00000115884;ENSG00000076716;ENSG00000063660;ENSG00000142798;ENSG00000074181;ENSG00000147257;ENSG00000204386;ENSG00000162512;ENSG00000197558;ENSG00000122863;ENSG00000154734;ENSG00000134917;ENSG00000140873;ENSG00000156218;ENSG00000143382;ENSG00000188157;ENSG00000187676;ENSG00000114646"
"REACTOME","REACTOME_NUCLEAR_ENVELOPE_BREAKDOWN",0.217242914378988,0.493891575803727,0.0348433536834516,-0.417056314994168,-1.17524717432913,52,"ENSG00000213024;ENSG00000163002;ENSG00000119408;ENSG00000154229;ENSG00000134057;ENSG00000170312;ENSG00000132182;ENSG00000157456;ENSG00000113368;ENSG00000120802;ENSG00000139496;ENSG00000166851;ENSG00000102900;ENSG00000028116;ENSG00000100749;ENSG00000069248;ENSG00000120253;ENSG00000153201;ENSG00000058804;ENSG00000174106;ENSG00000205423"
"REACTOME","REACTOME_TCR_SIGNALING",0.217915354061088,0.494433442780037,0.0331737704034897,-0.373884438186447,-1.15124014515017,93,"ENSG00000125753;ENSG00000013275;ENSG00000099341;ENSG00000124181;ENSG00000104312;ENSG00000145675;ENSG00000154380;ENSG00000072401;ENSG00000099804;ENSG00000041357;ENSG00000065675;ENSG00000173692;ENSG00000103653;ENSG00000076641;ENSG00000055208;ENSG00000172175;ENSG00000171862;ENSG00000182866"
"REACTOME","REACTOME_SIGNALING_BY_ALK_IN_CANCER",0.21839399833287,0.494534322268666,0.0334113872043914,-0.376940696798175,-1.15030512405266,89,"ENSG00000115414;ENSG00000124181;ENSG00000145675;ENSG00000143924;ENSG00000171094;ENSG00000119866;ENSG00000110324;ENSG00000115415;ENSG00000127946;ENSG00000167460;ENSG00000134057;ENSG00000100453;ENSG00000124762;ENSG00000169047;ENSG00000126070;ENSG00000141510;ENSG00000111206;ENSG00000126214;ENSG00000143384;ENSG00000092847;ENSG00000138363;ENSG00000108946;ENSG00000078687;ENSG00000122691;ENSG00000170759;ENSG00000141367;ENSG00000123908;ENSG00000169057;ENSG00000148400;ENSG00000153201;ENSG00000139687;ENSG00000166225;ENSG00000138674"
"REACTOME","REACTOME_SCAVENGING_BY_CLASS_A_RECEPTORS",0.219627749576988,0.496341283270217,0.0373632355660537,-0.545410072397246,-1.2282629602486,16,"ENSG00000130203;ENSG00000087086;ENSG00000108821;ENSG00000164692;ENSG00000168079;ENSG00000168542"
"REACTOME","REACTOME_GRB2_SOS_PROVIDES_LINKAGE_TO_MAPK_SIGNALING_FOR_INTEGRINS",0.222695518827739,0.496380031203121,0.0372150648906272,-0.552556359984178,-1.22974987268946,15,"ENSG00000115414"
"REACTOME","REACTOME_MODULATION_OF_HOST_RESPONSES_BY_IFN_STIMULATED_GENES",0.222633136094675,0.496380031203121,0.0458050138104871,0.486772661329869,1.21133214976105,17,"ENSG00000115267;ENSG00000096060;ENSG00000126709;ENSG00000121060;ENSG00000182179;ENSG00000187608;ENSG00000104365;ENSG00000138646"
"REACTOME","REACTOME_BASIGIN_INTERACTIONS",0.222347448075994,0.496380031203121,0.0360494877805622,-0.484157607381057,-1.20191365902352,25,"ENSG00000172270;ENSG00000103064;ENSG00000103257;ENSG00000092068;ENSG00000143153;ENSG00000168003"
"REACTOME","REACTOME_LATE_ENDOSOMAL_MICROAUTOPHAGY",0.221286994298127,0.496380031203121,0.0484486107620495,0.414364605105925,1.175040545211,30,"ENSG00000105355;ENSG00000196814;ENSG00000167987;ENSG00000160948;ENSG00000141971;ENSG00000143947;ENSG00000074319;ENSG00000032742;ENSG00000221983;ENSG00000176428;ENSG00000254505;ENSG00000170315;ENSG00000164695"
"REACTOME","REACTOME_CDK_MEDIATED_PHOSPHORYLATION_AND_REMOVAL_OF_CDC6",0.221914614600029,0.496380031203121,0.0340433059732153,-0.405421437399023,-1.16914498403293,60,"ENSG00000108106;ENSG00000013275;ENSG00000099341;ENSG00000072401;ENSG00000105173;ENSG00000041357;ENSG00000196510;ENSG00000175063;ENSG00000170142;ENSG00000173692"
"REACTOME","REACTOME_DEGRADATION_OF_BETA_CATENIN_BY_THE_DESTRUCTION_COMPLEX",0.221967307140809,0.496380031203121,0.0337173767448511,-0.392259989647672,-1.16162343541048,72,"ENSG00000013275;ENSG00000099341;ENSG00000105568;ENSG00000065717;ENSG00000196781;ENSG00000041357;ENSG00000175029;ENSG00000104695;ENSG00000173692;ENSG00000136997;ENSG00000168036;ENSG00000134982;ENSG00000082701;ENSG00000168646;ENSG00000137713;ENSG00000019995;ENSG00000113575;ENSG00000166167;ENSG00000112640;ENSG00000100804;ENSG00000175166"
"REACTOME","REACTOME_CHROMOSOME_MAINTENANCE",0.221439749608764,0.496380031203121,0.0319062895292908,-0.354202964920388,-1.13603836041204,132,"ENSG00000183207;ENSG00000197299;ENSG00000123485;ENSG00000062822;ENSG00000105486;ENSG00000099817;ENSG00000132475;ENSG00000105258;ENSG00000140451;ENSG00000159055;ENSG00000166451;ENSG00000102384;ENSG00000138092;ENSG00000162521;ENSG00000104147;ENSG00000136982;ENSG00000133119;ENSG00000138346;ENSG00000120334;ENSG00000111445;ENSG00000127586;ENSG00000188486;ENSG00000168496;ENSG00000085224;ENSG00000102978;ENSG00000197061;ENSG00000147601;ENSG00000166848;ENSG00000123374;ENSG00000163041;ENSG00000105968;ENSG00000204209;ENSG00000137812;ENSG00000145241;ENSG00000151725;ENSG00000110075;ENSG00000132383;ENSG00000196890;ENSG00000129534;ENSG00000275713;ENSG00000203760;ENSG00000144231;ENSG00000100162;ENSG00000145386"
"REACTOME","REACTOME_REGULATION_OF_PLK1_ACTIVITY_AT_G2_M_TRANSITION",0.223583460949464,0.497385863323124,0.0329889785720029,-0.377226509620815,-1.14854948823139,87,"ENSG00000105568;ENSG00000101367;ENSG00000167552;ENSG00000101004;ENSG00000077380;ENSG00000127824;ENSG00000134057;ENSG00000196230;ENSG00000151849;ENSG00000249115;ENSG00000117650;ENSG00000170312;ENSG00000131351;ENSG00000136122;ENSG00000087586;ENSG00000157456;ENSG00000170027;ENSG00000136811;ENSG00000166851;ENSG00000136861;ENSG00000175216;ENSG00000005249;ENSG00000114107;ENSG00000142731;ENSG00000214367;ENSG00000213066;ENSG00000007168;ENSG00000148019;ENSG00000147400;ENSG00000103995;ENSG00000147874;ENSG00000141577;ENSG00000166167;ENSG00000088986;ENSG00000139350;ENSG00000104833;ENSG00000074054;ENSG00000188229;ENSG00000101624;ENSG00000072864"
"REACTOME","REACTOME_SYNTHESIS_OF_BILE_ACIDS_AND_BILE_SALTS",0.22535976106435,0.500360171252036,0.0479693468044241,0.412792632907311,1.17058280184549,30,"ENSG00000140284;ENSG00000198610;ENSG00000083807;ENSG00000168306;ENSG00000036530;ENSG00000099377;ENSG00000101473;ENSG00000172817;ENSG00000146233;ENSG00000130703;ENSG00000133835;ENSG00000006025;ENSG00000116171"
"REACTOME","REACTOME_COMPLEX_IV_ASSEMBLY",0.226253687315634,0.50136760671694,0.050072872271063,0.366420713267087,1.14150841530353,46,"ENSG00000181061;ENSG00000232838;ENSG00000133983;ENSG00000183978;ENSG00000166260;ENSG00000148290;ENSG00000163626;ENSG00000127184;ENSG00000250317;ENSG00000240230;ENSG00000183513;ENSG00000138495;ENSG00000187118;ENSG00000189043;ENSG00000176340;ENSG00000127838;ENSG00000014919;ENSG00000115944;ENSG00000136463;ENSG00000178449;ENSG00000164919;ENSG00000131143"
"REACTOME","REACTOME_FBXL7_DOWN_REGULATES_AURKA_DURING_MITOTIC_ENTRY_AND_IN_EARLY_MITOSIS",0.227182690842602,0.502448708484901,0.0344716810025692,-0.433192586093469,-1.17494025646948,42,"ENSG00000013275;ENSG00000183580;ENSG00000099341;ENSG00000041357;ENSG00000173692;ENSG00000087586"
"REACTOME","REACTOME_TRANSCRIPTIONAL_REGULATION_BY_MECP2",0.227756429204848,0.502741420279693,0.033807885050626,-0.410408578041799,-1.166715014945,55,"ENSG00000183454;ENSG00000130005;ENSG00000181449;ENSG00000152495;ENSG00000196498;ENSG00000082556;ENSG00000118515;ENSG00000169375;ENSG00000147571;ENSG00000126070;ENSG00000120251;ENSG00000169258;ENSG00000078328;ENSG00000092847;ENSG00000128191;ENSG00000078687;ENSG00000178999;ENSG00000171862;ENSG00000118260;ENSG00000123908;ENSG00000088179;ENSG00000169057;ENSG00000148400;ENSG00000176697;ENSG00000112038"
"REACTOME","REACTOME_HCMV_EARLY_EVENTS",0.22835369859414,0.503084840809914,0.0314608277104382,-0.354646806733594,-1.13203374477323,127,"ENSG00000213024;ENSG00000130726;ENSG00000167552;ENSG00000137267;ENSG00000137285;ENSG00000176014;ENSG00000163002;ENSG00000258947;ENSG00000077380;ENSG00000196498;ENSG00000127824;ENSG00000162521;ENSG00000140464;ENSG00000108468;ENSG00000135720;ENSG00000146648;ENSG00000132182;ENSG00000139496;ENSG00000167553;ENSG00000150093;ENSG00000197061;ENSG00000123416;ENSG00000102900;ENSG00000118260;ENSG00000204209;ENSG00000069248;ENSG00000120253;ENSG00000153201;ENSG00000196890;ENSG00000058804;ENSG00000101162;ENSG00000275713;ENSG00000173213;ENSG00000203852;ENSG00000088986;ENSG00000104833;ENSG00000274641;ENSG00000188229;ENSG00000196747;ENSG00000183785;ENSG00000030066;ENSG00000196313"
"REACTOME","REACTOME_PLATELET_AGGREGATION_PLUG_FORMATION",0.228810928283142,0.50311901025965,0.0347045752570053,-0.447860542659866,-1.1830050277725,36,"ENSG00000115414;ENSG00000108821;ENSG00000164692;ENSG00000172575;ENSG00000165025;ENSG00000103653;ENSG00000259207;ENSG00000274286;ENSG00000167193"
"REACTOME","REACTOME_RAF_INDEPENDENT_MAPK1_3_ACTIVATION",0.231941031941032,0.505125880269284,0.0355286646087992,-0.490664233387832,-1.19422748723888,23,"ENSG00000160712;ENSG00000143507;ENSG00000120875;ENSG00000134352;ENSG00000179295;ENSG00000170312;ENSG00000169032"
"REACTOME","REACTOME_POSTMITOTIC_NUCLEAR_PORE_COMPLEX_NPC_REFORMATION",0.231575552330269,0.505125880269284,0.0352391769861817,-0.473391609374199,-1.18898991534344,27,"ENSG00000213024;ENSG00000163002;ENSG00000116030;ENSG00000139496;ENSG00000108424;ENSG00000083312;ENSG00000102900;ENSG00000069248;ENSG00000103275;ENSG00000120253;ENSG00000058804"
"REACTOME","REACTOME_FLT3_SIGNALING",0.23056714572709,0.505125880269284,0.0344580982777182,-0.444939015257473,-1.18098104787796,37,"ENSG00000106070;ENSG00000105221;ENSG00000145675;ENSG00000179295;ENSG00000165025;ENSG00000103653;ENSG00000153094;ENSG00000133703;ENSG00000182866;ENSG00000101082;ENSG00000143322;ENSG00000010810"
"REACTOME","REACTOME_SUMOYLATION_OF_SUMOYLATION_PROTEINS",0.231712998912875,0.505125880269284,0.0344580982777182,-0.448538456789052,-1.17960143320283,35,"ENSG00000213024;ENSG00000163002;ENSG00000116030;ENSG00000132182;ENSG00000139496;ENSG00000102900;ENSG00000069248;ENSG00000103275;ENSG00000120253;ENSG00000153201;ENSG00000058804;ENSG00000188612;ENSG00000030066;ENSG00000196313;ENSG00000197579;ENSG00000157020;ENSG00000108559;ENSG00000272391"
"REACTOME","REACTOME_ROLE_OF_PHOSPHOLIPIDS_IN_PHAGOCYTOSIS",0.231129619989589,0.505125880269284,0.0462285382195579,0.432928987347049,1.17349229017976,24,"ENSG00000197943;ENSG00000163932;ENSG00000147535;ENSG00000105647;ENSG00000171132;ENSG00000184381;ENSG00000051382"
"REACTOME","REACTOME_SIGNALING_BY_NOTCH4",0.234525348269424,0.509779335265027,0.0326623865740398,-0.389302884492313,-1.15094733829853,71,"ENSG00000013275;ENSG00000099341;ENSG00000134250;ENSG00000114315;ENSG00000109670;ENSG00000101384;ENSG00000205155;ENSG00000196782;ENSG00000197921;ENSG00000041357;ENSG00000138613;ENSG00000173692;ENSG00000143801;ENSG00000164683;ENSG00000013810"
"REACTOME","REACTOME_RET_SIGNALING",0.235175411362931,0.510218654366435,0.0341492010529558,-0.445667213388175,-1.17721143957078,36,"ENSG00000106070;ENSG00000206052;ENSG00000146013;ENSG00000124181;ENSG00000145675;ENSG00000154229;ENSG00000151892;ENSG00000179295"
"REACTOME","REACTOME_FGFR2_ALTERNATIVE_SPLICING",0.237058538945331,0.512352326107652,0.0347599263707937,-0.470642917751812,-1.18208618795434,27,"ENSG00000066468;ENSG00000100320;ENSG00000099817;ENSG00000105258;ENSG00000011304"
"REACTOME","REACTOME_EPHB_MEDIATED_FORWARD_SIGNALING",0.236934328813043,0.512352326107652,0.0336274432455028,-0.429869882564263,-1.16592814900942,42,"ENSG00000254087;ENSG00000125266;ENSG00000108947;ENSG00000182580;ENSG00000133216;ENSG00000176884;ENSG00000163466;ENSG00000067900;ENSG00000205726;ENSG00000182541;ENSG00000106683"
"REACTOME","REACTOME_ONCOGENIC_MAPK_SIGNALING",0.240107027179271,0.517182961620962,0.0318272813525166,-0.377547298623413,-1.13981624198004,82,"ENSG00000112531;ENSG00000115414;ENSG00000143507;ENSG00000188766;ENSG00000159784;ENSG00000158186;ENSG00000186298;ENSG00000089220;ENSG00000133030;ENSG00000112941;ENSG00000169032;ENSG00000089234;ENSG00000103653;ENSG00000140575;ENSG00000259207;ENSG00000153094;ENSG00000133703;ENSG00000108061"
"REACTOME","REACTOME_TRANSPORT_OF_SMALL_MOLECULES",0.240201744247137,0.517182961620962,0.0265058069055153,-0.297617792919301,-1.077720510114,645,"ENSG00000101438;ENSG00000087460;ENSG00000139209;ENSG00000164756;ENSG00000132932;ENSG00000118160;ENSG00000165029;ENSG00000148942;ENSG00000127325;ENSG00000005059;ENSG00000198363;ENSG00000075340;ENSG00000105409;ENSG00000111371;ENSG00000139641;ENSG00000124067;ENSG00000133065;ENSG00000013275;ENSG00000172270;ENSG00000099341;ENSG00000103064;ENSG00000121281;ENSG00000186439;ENSG00000137731;ENSG00000176533;ENSG00000130203;ENSG00000087086;ENSG00000115107;ENSG00000140479;ENSG00000064687;ENSG00000115677;ENSG00000173175;ENSG00000165269;ENSG00000175445;ENSG00000103257;ENSG00000114923;ENSG00000166394;ENSG00000131408;ENSG00000050438;ENSG00000101670;ENSG00000155897;ENSG00000133107;ENSG00000111664;ENSG00000072182;ENSG00000072849;ENSG00000042753;ENSG00000105699;ENSG00000196961;ENSG00000092068;ENSG00000141424;ENSG00000176463;ENSG00000172380;ENSG00000065923;ENSG00000100979;ENSG00000141540;ENSG00000143153;ENSG00000138449;ENSG00000213398;ENSG00000168003;ENSG00000136381;ENSG00000149150;ENSG00000118777;ENSG00000041357;ENSG00000103769;ENSG00000115194;ENSG00000118515;ENSG00000165272;ENSG00000130529;ENSG00000161798;ENSG00000174640;ENSG00000115616;ENSG00000099139;ENSG00000171492;ENSG00000102452;ENSG00000137968;ENSG00000003989;ENSG00000151572;ENSG00000147416;ENSG00000118564;ENSG00000007944;ENSG00000157978;ENSG00000129353;ENSG00000197496;ENSG00000104888;ENSG00000132874;ENSG00000160179;ENSG00000196632;ENSG00000144959;ENSG00000103546;ENSG00000144290;ENSG00000078369;ENSG00000173692;ENSG00000130208;ENSG00000168487;ENSG00000135740;ENSG00000144481;ENSG00000165349;ENSG00000081087;ENSG00000055732;ENSG00000106086;ENSG00000110881;ENSG00000144136;ENSG00000101049;ENSG00000140519;ENSG00000167614"
"REACTOME","REACTOME_SIGNALING_BY_FGFR2_IIIA_TM",0.240743843189814,0.517372146024902,0.0352248527088057,-0.512643158252745,-1.19551403404259,19,"ENSG00000066468;ENSG00000099817;ENSG00000105258;ENSG00000138685"
"REACTOME","REACTOME_RNA_POLYMERASE_III_TRANSCRIPTION_INITIATION_FROM_TYPE_1_PROMOTER",0.24173499074319,0.51788014429928,0.0455008642931611,0.412202262307594,1.16041837162282,28,"ENSG00000121851;ENSG00000168495;ENSG00000100413;ENSG00000185024;ENSG00000163882;ENSG00000115207;ENSG00000186184;ENSG00000161980;ENSG00000013503;ENSG00000132664;ENSG00000241258;ENSG00000148606;ENSG00000171453;ENSG00000100142;ENSG00000122034"
"REACTOME","REACTOME_BILE_ACID_AND_BILE_SALT_METABOLISM",0.241889584519067,0.51788014429928,0.0473495919352473,0.379465277140157,1.14369727949761,39,"ENSG00000140284;ENSG00000198610;ENSG00000083807;ENSG00000168306;ENSG00000036530;ENSG00000099377;ENSG00000101473;ENSG00000172817;ENSG00000146233;ENSG00000130703;ENSG00000133835;ENSG00000006025;ENSG00000116171"
"REACTOME","REACTOME_INHIBITION_OF_THE_PROTEOLYTIC_ACTIVITY_OF_APC_C_REQUIRED_FOR_THE_ONSET_OF_ANAPHASE_BY_MITOTIC_SPINDLE_CHECKPOINT_COMPONENTS",0.24312156078039,0.519201223883065,0.034927266134352,-0.499675620408883,-1.19015406034761,21,"ENSG00000108106;ENSG00000072401;ENSG00000156970;ENSG00000196510;ENSG00000175063;ENSG00000170142;ENSG00000117399;ENSG00000164109"
"REACTOME","REACTOME_SIGNALING_BY_ERYTHROPOIETIN",0.243734643734644,0.519201223883065,0.0345125065272769,-0.48429992619987,-1.17873740244379,23,"ENSG00000254087;ENSG00000124181;ENSG00000145675;ENSG00000141506"
"REACTOME","REACTOME_IMMUNOREGULATORY_INTERACTIONS_BETWEEN_A_LYMPHOID_AND_A_NON_LYMPHOID_CELL",0.243874148180368,0.519201223883065,0.0320886022863019,-0.395010102634002,-1.14932196633213,64,"ENSG00000139200;ENSG00000073008;ENSG00000139219;ENSG00000130202;ENSG00000002586;ENSG00000108821;ENSG00000164692;ENSG00000204516;ENSG00000091972;ENSG00000150093;ENSG00000154639;ENSG00000168542;ENSG00000115232"
"REACTOME","REACTOME_FORMATION_OF_THE_CORNIFIED_ENVELOPE",0.245159368483765,0.520963658028001,0.0325078283353193,-0.409867229115785,-1.15089797197472,51,"ENSG00000134755;ENSG00000140479;ENSG00000126247;ENSG00000144283;ENSG00000014216;ENSG00000171446;ENSG00000143631;ENSG00000204539;ENSG00000081277;ENSG00000092295;ENSG00000186395;ENSG00000204022;ENSG00000046604;ENSG00000171431;ENSG00000140564;ENSG00000204889;ENSG00000149418;ENSG00000159450"
"REACTOME","REACTOME_DOWNSTREAM_SIGNALING_OF_ACTIVATED_FGFR1",0.248352354926861,0.522871224143612,0.0337560952568549,-0.471036731835816,-1.17561780205686,26,"ENSG00000125848;ENSG00000126500;ENSG00000124181;ENSG00000145675;ENSG00000185070;ENSG00000138685;ENSG00000179295;ENSG00000070388;ENSG00000158815;ENSG00000133703;ENSG00000102678;ENSG00000070193;ENSG00000166225"
"REACTOME","REACTOME_PLASMA_LIPOPROTEIN_REMODELING",0.248191609066067,0.522871224143612,0.0337690249768445,-0.464003950855656,-1.17106927245047,28,"ENSG00000130203;ENSG00000140479;ENSG00000175445;ENSG00000101670;ENSG00000100979;ENSG00000213398;ENSG00000099139;ENSG00000160179"
"REACTOME","REACTOME_ER_QUALITY_CONTROL_COMPARTMENT_ERQC",0.24769038701623,0.522871224143612,0.0434866142149823,0.441546998517807,1.16127358768358,21,"ENSG00000088298;ENSG00000143947;ENSG00000162298;ENSG00000204308;ENSG00000071537;ENSG00000177239;ENSG00000221983;ENSG00000135506;ENSG00000170315;ENSG00000134109;ENSG00000116406;ENSG00000204977"
"REACTOME","REACTOME_P53_DEPENDENT_G1_DNA_DAMAGE_RESPONSE",0.248067776456599,0.522871224143612,0.0322385276578444,-0.406825224713374,-1.14911196420387,53,"ENSG00000013275;ENSG00000099341;ENSG00000105173;ENSG00000041357;ENSG00000161642;ENSG00000124762;ENSG00000141510;ENSG00000173692;ENSG00000090097;ENSG00000123374;ENSG00000025293;ENSG00000149311;ENSG00000198625;ENSG00000145386;ENSG00000100804;ENSG00000175166"
"REACTOME","REACTOME_TRANSCRIPTIONAL_REGULATION_BY_RUNX1",0.248291015625,0.522871224143612,0.0285554492181889,-0.329702250687006,-1.10587267054197,205,"ENSG00000158321;ENSG00000071564;ENSG00000013275;ENSG00000099341;ENSG00000126457;ENSG00000272333;ENSG00000132475;ENSG00000196092;ENSG00000078900;ENSG00000136943;ENSG00000041357;ENSG00000104067;ENSG00000169375;ENSG00000082014;ENSG00000173894;ENSG00000065675;ENSG00000111752;ENSG00000140464;ENSG00000179295;ENSG00000126070;ENSG00000136518;ENSG00000118513;ENSG00000173692;ENSG00000163939;ENSG00000097007;ENSG00000188486;ENSG00000091831;ENSG00000092847;ENSG00000143387;ENSG00000197061;ENSG00000141570;ENSG00000078687;ENSG00000127511;ENSG00000180008;ENSG00000015153;ENSG00000134686;ENSG00000163041;ENSG00000105968;ENSG00000189079;ENSG00000073584;ENSG00000123908;ENSG00000049618"
"REACTOME","REACTOME_GRB2_EVENTS_IN_ERBB2_SIGNALING",0.249787016527517,0.524921424031075,0.0348154909187968,-0.540388839539564,-1.2026702699533,15,"ENSG00000185737;ENSG00000157168;ENSG00000113070;ENSG00000178568;ENSG00000146648;ENSG00000133703;ENSG00000169752"
"REACTOME","REACTOME_JNK_C_JUN_KINASES_PHOSPHORYLATION_AND_ACTIVATION_MEDIATED_BY_ACTIVATED_HUMAN_TAK1",0.250820914372316,0.526123428121673,0.0434622887233228,0.43501142568399,1.15945607739168,22,"ENSG00000050748;ENSG00000184216;ENSG00000100324;ENSG00000244687;ENSG00000157625;ENSG00000143947;ENSG00000109339"
"REACTOME","REACTOME_MEMBRANE_TRAFFICKING",0.252089283825241,0.527811938009098,0.0257969111127991,-0.297216981031543,-1.07332533870711,610,"ENSG00000105443;ENSG00000254647;ENSG00000109861;ENSG00000174804;ENSG00000162849;ENSG00000198612;ENSG00000166128;ENSG00000160460;ENSG00000167994;ENSG00000123892;ENSG00000114251;ENSG00000105402;ENSG00000109686;ENSG00000173744;ENSG00000187239;ENSG00000105221;ENSG00000116711;ENSG00000168461;ENSG00000118508;ENSG00000087086;ENSG00000092531;ENSG00000164292;ENSG00000137807;ENSG00000118473;ENSG00000167552;ENSG00000105063;ENSG00000137267;ENSG00000104946;ENSG00000070371;ENSG00000105438;ENSG00000137285;ENSG00000176014;ENSG00000063245;ENSG00000143858;ENSG00000196586;ENSG00000079462;ENSG00000042753;ENSG00000078053;ENSG00000196961;ENSG00000107295;ENSG00000105612;ENSG00000243244;ENSG00000144524;ENSG00000127946;ENSG00000185963;ENSG00000107036;ENSG00000152056;ENSG00000121621;ENSG00000130294;ENSG00000029725;ENSG00000122126;ENSG00000258947;ENSG00000105339;ENSG00000105186;ENSG00000077380;ENSG00000189114;ENSG00000154917;ENSG00000127824;ENSG00000196547;ENSG00000103769;ENSG00000104067;ENSG00000161800;ENSG00000113070;ENSG00000163808;ENSG00000116675;ENSG00000066735;ENSG00000143641;ENSG00000163466;ENSG00000079616;ENSG00000157978;ENSG00000090889;ENSG00000186185;ENSG00000141252;ENSG00000174485;ENSG00000239264;ENSG00000011454;ENSG00000078269;ENSG00000127527;ENSG00000086598;ENSG00000142945;ENSG00000135720;ENSG00000146352;ENSG00000237649;ENSG00000003056;ENSG00000163235;ENSG00000146648;ENSG00000130724;ENSG00000170027;ENSG00000173905;ENSG00000178996;ENSG00000124507;ENSG00000142192;ENSG00000138160;ENSG00000169562;ENSG00000126214;ENSG00000148429;ENSG00000136738;ENSG00000165699;ENSG00000213047;ENSG00000188559;ENSG00000167553;ENSG00000205726;ENSG00000100077;ENSG00000139722;ENSG00000115977;ENSG00000119729;ENSG00000134243;ENSG00000103365;ENSG00000181072;ENSG00000133103;ENSG00000138778;ENSG00000111885;ENSG00000008256;ENSG00000138182;ENSG00000203879;ENSG00000081479;ENSG00000065882;ENSG00000180398;ENSG00000206418;ENSG00000108669;ENSG00000148396;ENSG00000140941;ENSG00000182473;ENSG00000134308;ENSG00000135823;ENSG00000085733;ENSG00000123416;ENSG00000147010;ENSG00000116852;ENSG00000112984;ENSG00000177169;ENSG00000205744;ENSG00000197694;ENSG00000153130;ENSG00000203668;ENSG00000170456;ENSG00000007168;ENSG00000106636;ENSG00000175984;ENSG00000170759;ENSG00000198837;ENSG00000141367;ENSG00000077549;ENSG00000134970;ENSG00000004059;ENSG00000166557;ENSG00000125875"
"REACTOME","REACTOME_MITOCHONDRIAL_TRNA_AMINOACYLATION",0.253183520599251,0.528677330598648,0.0429594939252289,0.439897650553898,1.15693578393037,21,"ENSG00000067704;ENSG00000106105;ENSG00000172053;ENSG00000143374;ENSG00000011376;ENSG00000138777;ENSG00000162396;ENSG00000065427;ENSG00000137513"
"REACTOME","REACTOME_DNA_REPAIR",0.253430924062214,0.528677330598648,0.0270431395006687,-0.313042157298223,-1.0894285462556,324,"ENSG00000198612;ENSG00000197299;ENSG00000104884;ENSG00000011485;ENSG00000079246;ENSG00000012061;ENSG00000033800;ENSG00000039650;ENSG00000062822;ENSG00000105486;ENSG00000073050;ENSG00000105619;ENSG00000099817;ENSG00000105258;ENSG00000051341;ENSG00000136492;ENSG00000064655;ENSG00000144524;ENSG00000108384;ENSG00000114933;ENSG00000116030;ENSG00000009954;ENSG00000143476;ENSG00000166803;ENSG00000135945;ENSG00000140525;ENSG00000139372;ENSG00000182481;ENSG00000178295;ENSG00000133119;ENSG00000138346;ENSG00000141510;ENSG00000136518;ENSG00000131944;ENSG00000174371;ENSG00000143799;ENSG00000097007;ENSG00000138376;ENSG00000111445;ENSG00000070501;ENSG00000188486;ENSG00000131788;ENSG00000132436;ENSG00000187790;ENSG00000168496;ENSG00000075131;ENSG00000070950;ENSG00000102978;ENSG00000163781;ENSG00000174405;ENSG00000109685;ENSG00000109674;ENSG00000197061;ENSG00000144554;ENSG00000009413;ENSG00000177302;ENSG00000187736;ENSG00000147601;ENSG00000185379;ENSG00000113456;ENSG00000166848;ENSG00000123374;ENSG00000067369;ENSG00000127663;ENSG00000111247;ENSG00000253729;ENSG00000105968;ENSG00000187555;ENSG00000147400;ENSG00000010072;ENSG00000111602;ENSG00000063978;ENSG00000103275;ENSG00000129071;ENSG00000092853;ENSG00000149311;ENSG00000070010;ENSG00000158290;ENSG00000128731;ENSG00000139618;ENSG00000132383;ENSG00000012048;ENSG00000196890;ENSG00000188612;ENSG00000275713;ENSG00000170322;ENSG00000144231;ENSG00000157450;ENSG00000149554;ENSG00000145386;ENSG00000077152;ENSG00000165280;ENSG00000049167"
"REACTOME","REACTOME_REGULATION_OF_GENE_EXPRESSION_IN_BETA_CELLS",0.254960813740203,0.530896465905104,0.0339643982663016,-0.495137088254736,-1.17934394224167,21,"ENSG00000254647;ENSG00000182759;ENSG00000105221;ENSG00000170608;ENSG00000162992;ENSG00000150907"
"REACTOME","REACTOME_APC_CDC20_MEDIATED_DEGRADATION_OF_NEK2A",0.255585918662594,0.53122693678229,0.0331861768896912,-0.468622841488198,-1.16959319235432,26,"ENSG00000108106;ENSG00000072401;ENSG00000156970;ENSG00000196510;ENSG00000175063;ENSG00000170142;ENSG00000117650;ENSG00000117399;ENSG00000164109"
"REACTOME","REACTOME_ACTIVATION_OF_MATRIX_METALLOPROTEINASES",0.256674856674857,0.532428661131654,0.0334745904199672,-0.479733866865423,-1.16762407240155,23,"ENSG00000196104;ENSG00000087245;ENSG00000136943;ENSG00000157227;ENSG00000143387;ENSG00000100985;ENSG00000198598;ENSG00000182871;ENSG00000140564"
"REACTOME","REACTOME_G2_M_CHECKPOINTS",0.257099002302379,0.532428661131654,0.0287686999295148,-0.340266666759463,-1.10823498423216,152,"ENSG00000197299;ENSG00000013275;ENSG00000099341;ENSG00000115942;ENSG00000136492;ENSG00000158402;ENSG00000091651;ENSG00000041357;ENSG00000134057;ENSG00000133119;ENSG00000065328;ENSG00000170312;ENSG00000138346;ENSG00000141510;ENSG00000173692;ENSG00000174371;ENSG00000138376;ENSG00000157456;ENSG00000111445;ENSG00000170027;ENSG00000188486;ENSG00000163781;ENSG00000109685;ENSG00000197061;ENSG00000085840;ENSG00000177302;ENSG00000113456;ENSG00000075218;ENSG00000123374;ENSG00000067369;ENSG00000134308;ENSG00000104738;ENSG00000093009;ENSG00000092853;ENSG00000149311;ENSG00000128731;ENSG00000073111;ENSG00000132383;ENSG00000012048;ENSG00000196890;ENSG00000275713;ENSG00000149554;ENSG00000145386;ENSG00000100804;ENSG00000175166;ENSG00000137337"
"REACTOME","REACTOME_APOPTOTIC_CLEAVAGE_OF_CELLULAR_PROTEINS",0.258925799441167,0.533381843331916,0.0322501280764486,-0.436901157984909,-1.15405626819933,36,"ENSG00000134602;ENSG00000104067;ENSG00000064012;ENSG00000065675;ENSG00000138794;ENSG00000113368;ENSG00000067900;ENSG00000100813;ENSG00000168036;ENSG00000119139;ENSG00000081277;ENSG00000134982;ENSG00000197694;ENSG00000046604;ENSG00000092853;ENSG00000186868"
"REACTOME","REACTOME_TRANSCRIPTIONAL_ACTIVATION_OF_MITOCHONDRIAL_BIOGENESIS",0.258964143426295,0.533381843331916,0.0475025276276735,0.348246690454388,1.10871523586779,52,"ENSG00000101849;ENSG00000106028;ENSG00000173153;ENSG00000131069;ENSG00000023330;ENSG00000124523;ENSG00000198668;ENSG00000127989;ENSG00000142453;ENSG00000130589;ENSG00000116604;ENSG00000142082"
"REACTOME","REACTOME_VESICLE_MEDIATED_TRANSPORT",0.258274666386466,0.533381843331916,0.0252748722149536,-0.295601403288851,-1.07041884834237,645,"ENSG00000105443;ENSG00000254647;ENSG00000109861;ENSG00000174804;ENSG00000162849;ENSG00000198612;ENSG00000166128;ENSG00000160460;ENSG00000167994;ENSG00000123892;ENSG00000114251;ENSG00000105402;ENSG00000109686;ENSG00000173744;ENSG00000187239;ENSG00000105221;ENSG00000116711;ENSG00000130203;ENSG00000168461;ENSG00000118508;ENSG00000087086;ENSG00000092531;ENSG00000164292;ENSG00000137807;ENSG00000118473;ENSG00000167552;ENSG00000105063;ENSG00000137267;ENSG00000104946;ENSG00000108821;ENSG00000070371;ENSG00000105438;ENSG00000137285;ENSG00000176014;ENSG00000063245;ENSG00000143858;ENSG00000196586;ENSG00000079462;ENSG00000042753;ENSG00000164692;ENSG00000078053;ENSG00000196961;ENSG00000107295;ENSG00000105612;ENSG00000243244;ENSG00000144524;ENSG00000127946;ENSG00000185963;ENSG00000107036;ENSG00000152056;ENSG00000121621;ENSG00000130294;ENSG00000029725;ENSG00000122126;ENSG00000258947;ENSG00000105339;ENSG00000105186;ENSG00000077380;ENSG00000189114;ENSG00000154917;ENSG00000127824;ENSG00000196547;ENSG00000103769;ENSG00000104067;ENSG00000161800;ENSG00000113070;ENSG00000163808;ENSG00000116675;ENSG00000066735;ENSG00000143641;ENSG00000163466;ENSG00000079616;ENSG00000157978;ENSG00000090889;ENSG00000186185;ENSG00000141252;ENSG00000174485;ENSG00000239264;ENSG00000011454;ENSG00000078269;ENSG00000127527;ENSG00000086598;ENSG00000142945;ENSG00000135720;ENSG00000146352;ENSG00000237649;ENSG00000189403;ENSG00000003056;ENSG00000163235;ENSG00000146648;ENSG00000130724;ENSG00000170027;ENSG00000173905;ENSG00000178996;ENSG00000124507;ENSG00000142192;ENSG00000138160;ENSG00000169562;ENSG00000126214;ENSG00000148429;ENSG00000136738;ENSG00000165699;ENSG00000213047;ENSG00000188559;ENSG00000167553;ENSG00000205726;ENSG00000100077;ENSG00000139722;ENSG00000115977;ENSG00000119729;ENSG00000134243;ENSG00000103365;ENSG00000181072;ENSG00000133103;ENSG00000138778;ENSG00000149428;ENSG00000111885;ENSG00000168079;ENSG00000008256;ENSG00000138182;ENSG00000203879;ENSG00000081479;ENSG00000065882;ENSG00000180398;ENSG00000206418;ENSG00000108669;ENSG00000148396;ENSG00000140941;ENSG00000168542;ENSG00000182473;ENSG00000134308;ENSG00000135823;ENSG00000085733;ENSG00000123416;ENSG00000147010;ENSG00000116852;ENSG00000112984;ENSG00000177169;ENSG00000205744;ENSG00000197694;ENSG00000153130;ENSG00000203668;ENSG00000170456;ENSG00000007168;ENSG00000106636;ENSG00000175984;ENSG00000170759;ENSG00000198837;ENSG00000141367;ENSG00000077549;ENSG00000134970;ENSG00000004059;ENSG00000166557;ENSG00000125875"
"REACTOME","REACTOME_RHOBTB1_GTPASE_CYCLE",0.260135694191627,0.53482771784163,0.0334113872043914,-0.486838279530041,-1.17131593441079,22,"ENSG00000113758;ENSG00000036257;ENSG00000196586;ENSG00000147274;ENSG00000136527;ENSG00000067900;ENSG00000092199;ENSG00000122257;ENSG00000133226;ENSG00000065526;ENSG00000072422;ENSG00000112079"
"REACTOME","REACTOME_REGULATION_OF_IFNA_IFNB_SIGNALING",0.26512182654626,0.538999808653731,0.0336146421505993,-0.533365993234224,-1.18704047184518,15,"ENSG00000184979;ENSG00000115415;ENSG00000179295;ENSG00000184557;ENSG00000170581"
"REACTOME","REACTOME_GENERATION_OF_SECOND_MESSENGER_MOLECULES",0.263941750786033,0.538999808653731,0.0331242538688919,-0.48540665083589,-1.16787148566441,22,"ENSG00000125753;ENSG00000124181;ENSG00000154380"
"REACTOME","REACTOME_DOPAMINE_NEUROTRANSMITTER_RELEASE_CYCLE",0.266423961608473,0.538999808653731,0.0329401098856199,-0.484542118292187,-1.16579145049291,22,"ENSG00000177380;ENSG00000165646;ENSG00000136854;ENSG00000139220;ENSG00000104863;ENSG00000168993;ENSG00000131626;ENSG00000005379;ENSG00000147044;ENSG00000107282;ENSG00000105649"
"REACTOME","REACTOME_SIGNALING_BY_FLT3_FUSION_PROTEINS",0.265766871165644,0.538999808653731,0.0414079229047718,0.45868591556859,1.15769918662002,18,"ENSG00000137193;ENSG00000173757;ENSG00000196535;ENSG00000100815;ENSG00000126561;ENSG00000139083;ENSG00000121879;ENSG00000033327;ENSG00000177885;ENSG00000213281"
"REACTOME","REACTOME_G0_AND_EARLY_G1",0.264473472020642,0.538999808653731,0.0325789493934004,-0.460679779589687,-1.15706235870734,27,"ENSG00000105173;ENSG00000114126;ENSG00000131747;ENSG00000162521;ENSG00000170312;ENSG00000136997;ENSG00000267796;ENSG00000123374;ENSG00000198176;ENSG00000183814;ENSG00000101412;ENSG00000205659;ENSG00000145386;ENSG00000157540;ENSG00000164045;ENSG00000094804"
"REACTOME","REACTOME_SIGNALING_BY_FGFR2_IN_DISEASE",0.266264874053469,0.538999808653731,0.0316261823222395,-0.432284992060932,-1.14739405940973,37,"ENSG00000124181;ENSG00000145675;ENSG00000066468;ENSG00000099817;ENSG00000105258;ENSG00000138685;ENSG00000102978;ENSG00000070388;ENSG00000158815;ENSG00000156427;ENSG00000133703;ENSG00000102678;ENSG00000070193;ENSG00000166225"
"REACTOME","REACTOME_TBC_RABGAPS",0.264322521976356,0.538999808653731,0.0313952424416677,-0.41951024898142,-1.14337122266135,43,"ENSG00000166128;ENSG00000104946;ENSG00000029725;ENSG00000154917;ENSG00000103769;ENSG00000011454;ENSG00000165699;ENSG00000103365;ENSG00000140941;ENSG00000177169;ENSG00000125875;ENSG00000175463"
"REACTOME","REACTOME_DEADENYLATION_OF_MRNA",0.264046425745186,0.538999808653731,0.0432689513601533,0.416755442334166,1.13716985577788,25,"ENSG00000070756;ENSG00000113300;ENSG00000135473;ENSG00000182973;ENSG00000063046;ENSG00000140694;ENSG00000155508;ENSG00000080802;ENSG00000158435"
"REACTOME","REACTOME_CYTOPROTECTION_BY_HMOX1",0.266036062666273,0.538999808653731,0.0307979036194709,-0.399323592215519,-1.1352024684342,55,"ENSG00000106605;ENSG00000126267;ENSG00000090013;ENSG00000161281;ENSG00000196498;ENSG00000169375;ENSG00000082014;ENSG00000172115;ENSG00000116044;ENSG00000178741"
"REACTOME","REACTOME_GSK3B_MEDIATED_PROTEASOMAL_DEGRADATION_OF_PD_L1_CD274",0.268362865364228,0.539866086442966,0.0310932864406094,-0.415688739804589,-1.13741349786281,44,"ENSG00000120217;ENSG00000013275;ENSG00000099341;ENSG00000041357;ENSG00000117650;ENSG00000173692"
"REACTOME","REACTOME_AMINO_ACIDS_REGULATE_MTORC1",0.268748086929905,0.539866086442966,0.0465167036061421,0.343032919402181,1.10339380162129,54,"ENSG00000116039;ENSG00000128524;ENSG00000177058;ENSG00000174206;ENSG00000106615;ENSG00000188186;ENSG00000155097;ENSG00000164603;ENSG00000114388;ENSG00000100150;ENSG00000171130;ENSG00000116586;ENSG00000080546;ENSG00000159720;ENSG00000117410;ENSG00000250565;ENSG00000155876"
"REACTOME","REACTOME_TNF_SIGNALING",0.268512756689483,0.539866086442966,0.0469580095971153,0.339224089832688,1.10143273986238,57,"ENSG00000204628;ENSG00000067182;ENSG00000165312;ENSG00000123240;ENSG00000056558;ENSG00000162889;ENSG00000100324;ENSG00000157625;ENSG00000036672;ENSG00000135587;ENSG00000143947;ENSG00000110330;ENSG00000104365;ENSG00000005206;ENSG00000183735;ENSG00000110514;ENSG00000114316;ENSG00000221983"
"REACTOME","REACTOME_SIGNALING_BY_INTERLEUKINS",0.267857142857143,0.539866086442966,0.0256766680724122,-0.306641872732155,-1.0793141887826,386,"ENSG00000073756;ENSG00000254087;ENSG00000115414;ENSG00000160712;ENSG00000087245;ENSG00000120875;ENSG00000123496;ENSG00000013275;ENSG00000134352;ENSG00000071242;ENSG00000099341;ENSG00000105568;ENSG00000116329;ENSG00000181449;ENSG00000095752;ENSG00000115884;ENSG00000104312;ENSG00000145675;ENSG00000012779;ENSG00000104998;ENSG00000131876;ENSG00000006016;ENSG00000184979;ENSG00000069667;ENSG00000138685;ENSG00000131724;ENSG00000164692;ENSG00000110324;ENSG00000166888;ENSG00000115415;ENSG00000105329;ENSG00000104825;ENSG00000113916;ENSG00000185386;ENSG00000140853;ENSG00000150907;ENSG00000041357;ENSG00000064012;ENSG00000089685;ENSG00000075618;ENSG00000197885;ENSG00000177663;ENSG00000065559;ENSG00000068305;ENSG00000179295;ENSG00000124762;ENSG00000169047;ENSG00000104695;ENSG00000141510;ENSG00000173692;ENSG00000189403;ENSG00000090376;ENSG00000169032;ENSG00000115966;ENSG00000115594;ENSG00000113368;ENSG00000142192;ENSG00000028137;ENSG00000171150;ENSG00000143384;ENSG00000117461;ENSG00000165025;ENSG00000136997;ENSG00000157368;ENSG00000034152;ENSG00000150093;ENSG00000064666;ENSG00000105053;ENSG00000100985"
"REACTOME","REACTOME_RESOLUTION_OF_AP_SITES_VIA_THE_MULTIPLE_NUCLEOTIDE_PATCH_REPLACEMENT_PATHWAY",0.271292867493157,0.544018619849835,0.0320542342874157,-0.465894456465453,-1.15657567360796,25,"ENSG00000062822;ENSG00000105486;ENSG00000133119;ENSG00000143799;ENSG00000111445;ENSG00000070501;ENSG00000168496"
"REACTOME","REACTOME_SHC_MEDIATED_CASCADE_FGFR1",0.272727272727273,0.545933855248442,0.0407152957956739,0.474043415728625,1.1653910439913,16,"ENSG00000133116;ENSG00000138675"
"REACTOME","REACTOME_PROSTACYCLIN_SIGNALLING_THROUGH_PROSTACYCLIN_RECEPTOR",0.27326565143824,0.546051889452905,0.0328792632922865,-0.521093636693906,-1.17350237035263,16,"ENSG00000087460;ENSG00000176533;ENSG00000111664;ENSG00000172380;ENSG00000078369"
"REACTOME","REACTOME_TNFR2_NON_CANONICAL_NF_KB_PATHWAY",0.278025368529311,0.554228962123699,0.0485785891955028,0.314489724775616,1.08107522523512,78,"ENSG00000158813;ENSG00000067182;ENSG00000006327;ENSG00000157873;ENSG00000161057;ENSG00000127922;ENSG00000161955;ENSG00000120659;ENSG00000143947;ENSG00000215788;ENSG00000077150"
"REACTOME","REACTOME_TOLL_LIKE_RECEPTOR_CASCADES",0.278330962541489,0.554228962123699,0.0577985195763119,0.27825210141074,1.05754500361146,162,"ENSG00000135047;ENSG00000197943;ENSG00000177189;ENSG00000174516;ENSG00000117676;ENSG00000185507;ENSG00000050748;ENSG00000123240;ENSG00000108984;ENSG00000114738;ENSG00000184216;ENSG00000160959;ENSG00000198001;ENSG00000160703;ENSG00000162889;ENSG00000102882;ENSG00000100324;ENSG00000133661;ENSG00000244687;ENSG00000127666;ENSG00000197329;ENSG00000157625;ENSG00000150455;ENSG00000084674;ENSG00000177606;ENSG00000143947;ENSG00000100784;ENSG00000187554;ENSG00000109339;ENSG00000196455;ENSG00000077150;ENSG00000108861;ENSG00000174125;ENSG00000110330;ENSG00000055130;ENSG00000168884;ENSG00000185187;ENSG00000135218;ENSG00000112062;ENSG00000104365"
"REACTOME","REACTOME_STIMULI_SENSING_CHANNELS",0.279152915291529,0.554651897511427,0.0285907503359651,-0.359422851076205,-1.10466300805017,92,"ENSG00000127325;ENSG00000198363;ENSG00000186439;ENSG00000133107;ENSG00000072182;ENSG00000141540;ENSG00000118515;ENSG00000130529;ENSG00000102452;ENSG00000151572;ENSG00000196632;ENSG00000144481;ENSG00000081087;ENSG00000055732;ENSG00000110881;ENSG00000101049;ENSG00000167614;ENSG00000160746;ENSG00000171365;ENSG00000144935;ENSG00000137672;ENSG00000136295;ENSG00000167723;ENSG00000177119;ENSG00000119121;ENSG00000108684;ENSG00000124564"
"REACTOME","REACTOME_INTERLEUKIN_17_SIGNALING",0.279517286366601,0.554651897511427,0.0471376665555693,0.322486723251274,1.08768052508513,69,"ENSG00000177189;ENSG00000056736;ENSG00000117676;ENSG00000050748;ENSG00000108984;ENSG00000114738;ENSG00000184216;ENSG00000162889;ENSG00000102882;ENSG00000100324;ENSG00000244687;ENSG00000157625;ENSG00000163702;ENSG00000177606;ENSG00000143947;ENSG00000100784;ENSG00000109339;ENSG00000163701;ENSG00000108861;ENSG00000055130;ENSG00000168884;ENSG00000112062;ENSG00000104365"
"REACTOME","REACTOME_SIGNALING_BY_CSF3_G_CSF",0.280019289503295,0.554681688250875,0.0314170691794325,-0.452152985846776,-1.14115939572379,28,"ENSG00000254087;ENSG00000115415;ENSG00000072401;ENSG00000179295;ENSG00000165025;ENSG00000133703;ENSG00000154582;ENSG00000184557"
"REACTOME","REACTOME_MECP2_REGULATES_NEURONAL_RECEPTORS_AND_CHANNELS",0.2834179357022,0.5600645555814,0.032169128942943,-0.515988427132618,-1.16200544331408,16,"ENSG00000183454;ENSG00000082556;ENSG00000169375;ENSG00000120251;ENSG00000169258;ENSG00000118260;ENSG00000088179;ENSG00000169057;ENSG00000148400;ENSG00000112038"
"REACTOME","REACTOME_PI_3K_CASCADE_FGFR2",0.283720147998655,0.5600645555814,0.0320313698146193,-0.507734983692608,-1.15757509139855,17,"ENSG00000145675;ENSG00000066468;ENSG00000138685;ENSG00000179295;ENSG00000070388;ENSG00000158815;ENSG00000156427;ENSG00000102678;ENSG00000070193;ENSG00000166225"
"REACTOME","REACTOME_SYNTHESIS_OF_PA",0.28429203539823,0.560222540343571,0.0426325766329192,0.379278421287387,1.11044215714681,34,"ENSG00000167588;ENSG00000169692;ENSG00000176454;ENSG00000138678;ENSG00000069764;ENSG00000152642;ENSG00000153395;ENSG00000116906;ENSG00000075651;ENSG00000180488;ENSG00000026652;ENSG00000186281"
"REACTOME","REACTOME_PROTEIN_HYDROXYLATION",0.285977550678506,0.561037345442648,0.0318047908234536,-0.49491396261098,-1.15416850575297,19,"ENSG00000063244;ENSG00000198363;ENSG00000170854;ENSG00000065548;ENSG00000166965"
"REACTOME","REACTOME_FCERI_MEDIATED_NF_KB_ACTIVATION",0.285487135010119,0.561037345442648,0.0290860458768323,-0.380759239528279,-1.11372810659626,66,"ENSG00000254087;ENSG00000013275;ENSG00000099341;ENSG00000072401;ENSG00000099804;ENSG00000041357;ENSG00000065675;ENSG00000173692;ENSG00000172575;ENSG00000055208;ENSG00000172175;ENSG00000135341;ENSG00000213341;ENSG00000068831;ENSG00000166167;ENSG00000100804;ENSG00000175166"
"REACTOME","REACTOME_PYRUVATE_METABOLISM",0.286183228886899,0.561037345442648,0.0443098064347317,0.348015139248163,1.09163242423245,48,"ENSG00000143627;ENSG00000100577;ENSG00000131828;ENSG00000167701;ENSG00000005882;ENSG00000091140;ENSG00000128585;ENSG00000082212;ENSG00000180185;ENSG00000143947;ENSG00000134333;ENSG00000143158;ENSG00000153561;ENSG00000063854;ENSG00000221983;ENSG00000152256"
"REACTOME","REACTOME_ACYL_CHAIN_REMODELLING_OF_PE",0.287305487305487,0.561830495557707,0.0312866300545677,-0.467711294733214,-1.13836233875436,23,"ENSG00000116711;ENSG00000168907;ENSG00000176485;ENSG00000143797;ENSG00000111684;ENSG00000105499"
"REACTOME","REACTOME_PHASE_0_RAPID_DEPOLARISATION",0.287574344960617,0.561830495557707,0.030913179318951,-0.449573282697326,-1.1346486513976,28,"ENSG00000153253;ENSG00000161958;ENSG00000105711;ENSG00000114279;ENSG00000105605;ENSG00000183873;ENSG00000177098;ENSG00000136531"
"REACTOME","REACTOME_METABOLISM_OF_STEROID_HORMONES",0.288199090179288,0.562086924168167,0.0415371244882371,0.39433334973246,1.11474843466236,29,"ENSG00000085662;ENSG00000101846;ENSG00000198189;ENSG00000170099;ENSG00000131748;ENSG00000149084;ENSG00000128039"
"REACTOME","REACTOME_METABOLISM_OF_FOLATE_AND_PTERINES",0.290322580645161,0.563682078873937,0.0393014653454297,0.46754097549358,1.14940540773399,16,"ENSG00000076351;ENSG00000178700;ENSG00000163738;ENSG00000136010;ENSG00000100714;ENSG00000177000;ENSG00000182199"
"REACTOME","REACTOME_INSULIN_RECEPTOR_SIGNALLING_CASCADE",0.290996542912972,0.563682078873937,0.0294489133351372,-0.402118942185554,-1.11404969603869,47,"ENSG00000106070;ENSG00000254647;ENSG00000105221;ENSG00000145675;ENSG00000066468;ENSG00000160867;ENSG00000138685;ENSG00000179295;ENSG00000169047;ENSG00000134962;ENSG00000070388;ENSG00000158815;ENSG00000156427;ENSG00000133703"
"REACTOME","REACTOME_G1_S_DNA_DAMAGE_CHECKPOINTS",0.290457629565468,0.563682078873937,0.0287507956878911,-0.379462598191674,-1.11250131971014,67,"ENSG00000013275;ENSG00000099341;ENSG00000185386;ENSG00000105173;ENSG00000041357;ENSG00000161642;ENSG00000124762;ENSG00000141510;ENSG00000173692;ENSG00000090097;ENSG00000123374;ENSG00000082701;ENSG00000025293;ENSG00000149311;ENSG00000198625;ENSG00000149554;ENSG00000145386;ENSG00000166167;ENSG00000100804;ENSG00000175166;ENSG00000108671;ENSG00000164045;ENSG00000113712;ENSG00000108344"
"REACTOME","REACTOME_SIGNALING_BY_NOTCH",0.290565122483628,0.563682078873937,0.0257048574266212,-0.321626605009576,-1.08254135401742,213,"ENSG00000110492;ENSG00000013275;ENSG00000099341;ENSG00000134250;ENSG00000061273;ENSG00000112242;ENSG00000064225;ENSG00000065717;ENSG00000114315;ENSG00000113645;ENSG00000109670;ENSG00000132475;ENSG00000101384;ENSG00000074181;ENSG00000196781;ENSG00000115415;ENSG00000163909;ENSG00000205155;ENSG00000196782;ENSG00000197921;ENSG00000196498;ENSG00000041357;ENSG00000138613;ENSG00000114126;ENSG00000100453;ENSG00000126070;ENSG00000141510;ENSG00000086598;ENSG00000173692;ENSG00000143801;ENSG00000132964;ENSG00000187957;ENSG00000164683;ENSG00000146648;ENSG00000013810;ENSG00000188486;ENSG00000018236;ENSG00000136997;ENSG00000092847;ENSG00000068024;ENSG00000197061;ENSG00000078687;ENSG00000163558;ENSG00000126787;ENSG00000151694;ENSG00000118260;ENSG00000198176;ENSG00000163041;ENSG00000100644;ENSG00000105968"
"REACTOME","REACTOME_DISEASES_OF_DNA_REPAIR",0.29416145367888,0.568845323837427,0.0290860458768323,-0.396047095647856,-1.11209134765646,51,"ENSG00000197299;ENSG00000136492;ENSG00000108384;ENSG00000133119;ENSG00000138346;ENSG00000174371;ENSG00000138376;ENSG00000111445;ENSG00000163781;ENSG00000109674;ENSG00000177302;ENSG00000185379;ENSG00000113456;ENSG00000111247;ENSG00000149311;ENSG00000139618;ENSG00000132383;ENSG00000012048"
"REACTOME","REACTOME_SEMA3A_PAK_DEPENDENT_AXON_REPULSION",0.295939086294416,0.569624982969346,0.0313408280039714,-0.510122690995364,-1.14879581115545,16,"ENSG00000221866;ENSG00000075213;ENSG00000106683;ENSG00000076356;ENSG00000010810;ENSG00000114554;ENSG00000172757;ENSG00000182511"
"REACTOME","REACTOME_NPAS4_REGULATES_EXPRESSION_OF_TARGET_GENES",0.295147573786893,0.569624982969346,0.0311146336757596,-0.477685725843446,-1.1377773558723,21,"ENSG00000254647;ENSG00000145632;ENSG00000167281"
"REACTOME","REACTOME_G1_S_SPECIFIC_TRANSCRIPTION",0.296249002394254,0.569624982969346,0.030225865148699,-0.444925640587339,-1.12926927243793,29,"ENSG00000105173;ENSG00000114126;ENSG00000162521;ENSG00000170312;ENSG00000267796;ENSG00000112029;ENSG00000085840;ENSG00000176890;ENSG00000198176;ENSG00000183814;ENSG00000101412;ENSG00000093009;ENSG00000205659;ENSG00000171848"
"REACTOME","REACTOME_ACTIVATION_OF_KAINATE_RECEPTORS_UPON_GLUTAMATE_BINDING",0.296565070149976,0.569624982969346,0.0303969601030789,-0.449463191622417,-1.12889031316713,27,"ENSG00000163873;ENSG00000176533;ENSG00000104490;ENSG00000111664;ENSG00000172380;ENSG00000078369;ENSG00000164418;ENSG00000132535"
"REACTOME","REACTOME_P130CAS_LINKAGE_TO_MAPK_SIGNALING_FOR_INTEGRINS",0.29817686147555,0.569837995336663,0.031329971144254,-0.51773308177421,-1.15224841755,15,"ENSG00000115414;ENSG00000259207;ENSG00000167193"
"REACTOME","REACTOME_NOREPINEPHRINE_NEUROTRANSMITTER_RELEASE_CYCLE",0.297679112008073,0.569837995336663,0.0311146336757596,-0.501530753889786,-1.14343018881802,17,"ENSG00000177380;ENSG00000165646;ENSG00000136854;ENSG00000139220;ENSG00000168993;ENSG00000131626;ENSG00000005379"
"REACTOME","REACTOME_APC_C_CDC20_MEDIATED_DEGRADATION_OF_CYCLIN_B",0.29724025974026,0.569837995336663,0.0304782366580794,-0.459454654007671,-1.13005082589196,24,"ENSG00000108106;ENSG00000072401;ENSG00000134057;ENSG00000196510;ENSG00000175063;ENSG00000170142;ENSG00000170312;ENSG00000117399"
"REACTOME","REACTOME_CHEMOKINE_RECEPTORS_BIND_CHEMOKINES",0.299920655911135,0.572210430624426,0.040349788069391,0.393407343416385,1.10750752864873,28,"ENSG00000161921;ENSG00000144648;ENSG00000143184;ENSG00000006210;ENSG00000143185;ENSG00000169429"
"REACTOME","REACTOME_FOXO_MEDIATED_TRANSCRIPTION_OF_OXIDATIVE_STRESS_METABOLIC_AND_NEURONAL_GENES",0.300434712606666,0.572232671670555,0.0301262327782685,-0.4544819875587,-1.12824439872331,25,"ENSG00000254647;ENSG00000122585;ENSG00000221866;ENSG00000150907;ENSG00000169375"
"REACTOME","REACTOME_REGULATION_OF_MITF_M_DEPENDENT_GENES_INVOLVED_IN_APOPTOSIS",0.301184433164129,0.572272067771225,0.0310082318686816,-0.507381603920416,-1.14262288569007,16,"ENSG00000184486;ENSG00000169375;ENSG00000126070;ENSG00000187098;ENSG00000092847;ENSG00000078687;ENSG00000123908"
"REACTOME","REACTOME_VISUAL_PHOTOTRANSDUCTION",0.301460263970795,0.572272067771225,0.027595843858204,-0.361434625786693,-1.09334891686547,83,"ENSG00000121207;ENSG00000183098;ENSG00000130203;ENSG00000114115;ENSG00000115884;ENSG00000076716;ENSG00000175445;ENSG00000147650;ENSG00000063660;ENSG00000142798;ENSG00000147257;ENSG00000162512;ENSG00000154229;ENSG00000157193;ENSG00000137868;ENSG00000065675;ENSG00000138207;ENSG00000078369;ENSG00000188157"
"REACTOME","REACTOME_CONSTITUTIVE_SIGNALING_BY_AKT1_E17K_IN_CANCER",0.302684455875261,0.573639925527325,0.0299585442797634,-0.450436937120588,-1.12420464518573,26,"ENSG00000204673;ENSG00000105221;ENSG00000105723;ENSG00000150907;ENSG00000124762;ENSG00000186654;ENSG00000118260;ENSG00000123358;ENSG00000082701"
"REACTOME","REACTOME_SIGNALING_BY_ERBB2_IN_CANCER",0.303654805989374,0.573743987712704,0.0299291697417822,-0.452857324207347,-1.12421119746088,25,"ENSG00000185737;ENSG00000124181;ENSG00000145675;ENSG00000157168;ENSG00000113070;ENSG00000178568;ENSG00000146648;ENSG00000133703;ENSG00000169752"
"REACTOME","REACTOME_ANTIGEN_PROCESSING_CROSS_PRESENTATION",0.303746817024373,0.573743987712704,0.0478123851715253,0.30317006585099,1.06317275222423,91,"ENSG00000135047;ENSG00000118640;ENSG00000204267;ENSG00000168394;ENSG00000204592;ENSG00000204264;ENSG00000206503;ENSG00000161057;ENSG00000127922;ENSG00000231925;ENSG00000150455;ENSG00000143947;ENSG00000092010;ENSG00000240065;ENSG00000204525;ENSG00000174125;ENSG00000103496;ENSG00000135218;ENSG00000104365;ENSG00000179218;ENSG00000100911;ENSG00000100764;ENSG00000221983;ENSG00000103035;ENSG00000051523"
"REACTOME","REACTOME_GROWTH_HORMONE_RECEPTOR_SIGNALING",0.30444185659624,0.574104759376023,0.0304884308883987,-0.479797297044449,-1.1320639815211,20,"ENSG00000254087;ENSG00000112964;ENSG00000115415;ENSG00000169047;ENSG00000113494;ENSG00000151694"
"REACTOME","REACTOME_HOMOLOGY_DIRECTED_REPAIR",0.305681965934209,0.575490511072833,0.0260264100244707,-0.336619590363144,-1.08286714647125,136,"ENSG00000197299;ENSG00000012061;ENSG00000062822;ENSG00000073050;ENSG00000051341;ENSG00000136492;ENSG00000108384;ENSG00000178295;ENSG00000133119;ENSG00000138346;ENSG00000174371;ENSG00000143799;ENSG00000097007;ENSG00000138376;ENSG00000111445;ENSG00000188486;ENSG00000132436;ENSG00000168496;ENSG00000075131;ENSG00000163781;ENSG00000109685;ENSG00000197061;ENSG00000177302;ENSG00000185379;ENSG00000113456;ENSG00000123374;ENSG00000067369;ENSG00000111247;ENSG00000111602;ENSG00000063978;ENSG00000103275;ENSG00000092853;ENSG00000149311;ENSG00000128731;ENSG00000139618;ENSG00000132383;ENSG00000012048;ENSG00000196890;ENSG00000188612;ENSG00000275713"
"REACTOME","REACTOME_GAB1_SIGNALOSOME",0.307106598984772,0.577218508652896,0.0306422787557872,-0.504918604693168,-1.13707621379116,16,"ENSG00000145675;ENSG00000113070;ENSG00000179295;ENSG00000163235;ENSG00000146648;ENSG00000103653;ENSG00000076641"
"REACTOME","REACTOME_SENSORY_PERCEPTION",0.308009909165979,0.577962580790856,0.0242730331357214,-0.31301422428451,-1.07011908409577,252,"ENSG00000153253;ENSG00000121207;ENSG00000183098;ENSG00000136425;ENSG00000152822;ENSG00000130203;ENSG00000095397;ENSG00000124493;ENSG00000088367;ENSG00000107736;ENSG00000114115;ENSG00000115884;ENSG00000076716;ENSG00000175445;ENSG00000147650;ENSG00000095777;ENSG00000063660;ENSG00000142798;ENSG00000111664;ENSG00000068615;ENSG00000147257;ENSG00000162512;ENSG00000154229;ENSG00000105711;ENSG00000157193;ENSG00000175029;ENSG00000082397;ENSG00000130529;ENSG00000137868;ENSG00000065675;ENSG00000138207;ENSG00000137710;ENSG00000106689;ENSG00000078369;ENSG00000157782"
"REACTOME","REACTOME_PROCESSING_OF_SMDT1",0.310850439882698,0.580424018076054,0.0377996460819896,0.459463796391595,1.12954842444123,16,"ENSG00000105819;ENSG00000107745;ENSG00000183172;ENSG00000215021;ENSG00000167085;ENSG00000165283;ENSG00000156026"
"REACTOME","REACTOME_TRANSCRIPTIONAL_REGULATION_BY_NPAS4",0.310420936465395,0.580424018076054,0.0291412258267377,-0.429666980474403,-1.11320942824096,33,"ENSG00000254647;ENSG00000145632;ENSG00000167281;ENSG00000126070;ENSG00000172379;ENSG00000092847;ENSG00000176749;ENSG00000164949;ENSG00000078687;ENSG00000123908;ENSG00000170345;ENSG00000176697;ENSG00000005339;ENSG00000113580;ENSG00000174576;ENSG00000090905"
"REACTOME","REACTOME_ESTROGEN_DEPENDENT_GENE_EXPRESSION",0.310523587350959,0.580424018076054,0.0257048574266212,-0.335350176843959,-1.08103698181977,139,"ENSG00000082175;ENSG00000129514;ENSG00000107562;ENSG00000196208;ENSG00000126457;ENSG00000105698;ENSG00000099817;ENSG00000171940;ENSG00000132475;ENSG00000105258;ENSG00000125740;ENSG00000178568;ENSG00000182481;ENSG00000126070;ENSG00000118513;ENSG00000163235;ENSG00000164754;ENSG00000115966;ENSG00000171604;ENSG00000188486;ENSG00000091831;ENSG00000180530;ENSG00000136997;ENSG00000092847;ENSG00000102978;ENSG00000197061;ENSG00000078687;ENSG00000124151"
"REACTOME","REACTOME_RHO_GTPASES_ACTIVATE_PAKS",0.315920811844951,0.585095617384389,0.0298026233666482,-0.475346091405394,-1.12156152640233,20,"ENSG00000196924;ENSG00000105357;ENSG00000106683;ENSG00000085733;ENSG00000092841;ENSG00000186575;ENSG00000133026;ENSG00000180370;ENSG00000149269;ENSG00000058272;ENSG00000077157;ENSG00000100345;ENSG00000118680"
"REACTOME","REACTOME_REGULATION_OF_TP53_ACTIVITY_THROUGH_ACETYLATION",0.315556258901725,0.585095617384389,0.0289128211987667,-0.434850733560548,-1.11204473292615,30,"ENSG00000071655;ENSG00000105221;ENSG00000170004;ENSG00000168395;ENSG00000162521;ENSG00000140464;ENSG00000141510;ENSG00000100425;ENSG00000276293;ENSG00000083168;ENSG00000127445;ENSG00000111642;ENSG00000143614;ENSG00000196591;ENSG00000156983"
"REACTOME","REACTOME_TNFR1_INDUCED_PROAPOPTOTIC_SIGNALING",0.314165127934582,0.585095617384389,0.0392452338933764,0.400747370831761,1.09348981105017,25,"ENSG00000067182;ENSG00000165312;ENSG00000123240;ENSG00000036672;ENSG00000110330;ENSG00000183735;ENSG00000114316;ENSG00000263528;ENSG00000102871"
"REACTOME","REACTOME_ACTIVATION_OF_ANTERIOR_HOX_GENES_IN_HINDBRAIN_DEVELOPMENT_DURING_EARLY_EMBRYOGENESIS",0.315340909090909,0.585095617384389,0.0261719936295095,-0.346048700761255,-1.07955165091564,105,"ENSG00000128645;ENSG00000170166;ENSG00000204103;ENSG00000144580;ENSG00000099817;ENSG00000132475;ENSG00000105258;ENSG00000128652;ENSG00000162521;ENSG00000122877;ENSG00000188486;ENSG00000102978;ENSG00000198353;ENSG00000197061;ENSG00000172819;ENSG00000124151;ENSG00000102974;ENSG00000163041;ENSG00000105968"
"REACTOME","REACTOME_INFECTIOUS_DISEASE",0.315512885295604,0.585095617384389,0.0214163109725815,-0.283057874423242,-1.04216767150203,1200,"ENSG00000010278;ENSG00000101680;ENSG00000087460;ENSG00000145632;ENSG00000254087;ENSG00000155760;ENSG00000115414;ENSG00000160712;ENSG00000063244;ENSG00000134215;ENSG00000006712;ENSG00000105323;ENSG00000196235;ENSG00000105409;ENSG00000213024;ENSG00000114251;ENSG00000125755;ENSG00000013275;ENSG00000071655;ENSG00000130726;ENSG00000099341;ENSG00000121281;ENSG00000137731;ENSG00000183098;ENSG00000104884;ENSG00000176533;ENSG00000105221;ENSG00000126457;ENSG00000169604;ENSG00000140443;ENSG00000140395;ENSG00000160932;ENSG00000105723;ENSG00000077232;ENSG00000079246;ENSG00000053747;ENSG00000170144;ENSG00000115677;ENSG00000173175;ENSG00000115884;ENSG00000124181;ENSG00000166233;ENSG00000104312;ENSG00000145675;ENSG00000104824;ENSG00000105486;ENSG00000167552;ENSG00000076716;ENSG00000122012;ENSG00000188153;ENSG00000123104;ENSG00000153208;ENSG00000137267;ENSG00000131876;ENSG00000099817;ENSG00000132970;ENSG00000116560;ENSG00000063660;ENSG00000115268;ENSG00000105438;ENSG00000105258;ENSG00000137285;ENSG00000036257;ENSG00000176014;ENSG00000142798;ENSG00000143858;ENSG00000063322;ENSG00000011304;ENSG00000163002;ENSG00000113249;ENSG00000155897;ENSG00000111664;ENSG00000042753;ENSG00000170004;ENSG00000196961;ENSG00000107295;ENSG00000183943;ENSG00000172380;ENSG00000125743;ENSG00000143153;ENSG00000115415;ENSG00000147257;ENSG00000163527;ENSG00000115524;ENSG00000081052;ENSG00000160014;ENSG00000105329;ENSG00000185088;ENSG00000175221;ENSG00000152056;ENSG00000104825;ENSG00000142534;ENSG00000061676;ENSG00000105193;ENSG00000258947;ENSG00000126456;ENSG00000125944;ENSG00000162512;ENSG00000186298;ENSG00000172037;ENSG00000077380;ENSG00000131711;ENSG00000129667;ENSG00000096401;ENSG00000150760;ENSG00000116030;ENSG00000102580;ENSG00000196498;ENSG00000127824;ENSG00000128739;ENSG00000041357;ENSG00000104067;ENSG00000138668;ENSG00000142252;ENSG00000161265;ENSG00000113070;ENSG00000083845;ENSG00000057935;ENSG00000159164;ENSG00000162521;ENSG00000136450;ENSG00000196230;ENSG00000115053;ENSG00000138443;ENSG00000177733;ENSG00000177663;ENSG00000273749;ENSG00000116044;ENSG00000151572;ENSG00000171960;ENSG00000163466;ENSG00000112290;ENSG00000182481;ENSG00000065559;ENSG00000140464;ENSG00000134910;ENSG00000153187;ENSG00000179295;ENSG00000105372;ENSG00000121966;ENSG00000099365;ENSG00000117650;ENSG00000130635;ENSG00000147274;ENSG00000108468;ENSG00000078369;ENSG00000173692;ENSG00000140612;ENSG00000134453;ENSG00000135720;ENSG00000135124;ENSG00000142541;ENSG00000132964;ENSG00000184500;ENSG00000169032;ENSG00000108107;ENSG00000143799;ENSG00000240344;ENSG00000097007;ENSG00000146648;ENSG00000132182;ENSG00000130724;ENSG00000178913;ENSG00000015413;ENSG00000115594;ENSG00000170027;ENSG00000188157;ENSG00000142192;ENSG00000135862;ENSG00000198431;ENSG00000136738;ENSG00000067900;ENSG00000111880;ENSG00000064703;ENSG00000165025;ENSG00000163510;ENSG00000104973;ENSG00000137726;ENSG00000168496;ENSG00000184005;ENSG00000139496;ENSG00000167553;ENSG00000065150;ENSG00000034152;ENSG00000188818;ENSG00000102978;ENSG00000139722;ENSG00000174405;ENSG00000150093;ENSG00000160746;ENSG00000112081;ENSG00000102103;ENSG00000089280;ENSG00000110321;ENSG00000100985;ENSG00000197061;ENSG00000166794;ENSG00000092199;ENSG00000169031;ENSG00000165632;ENSG00000145216;ENSG00000108946;ENSG00000155111;ENSG00000149428;ENSG00000270647;ENSG00000005249;ENSG00000111786;ENSG00000003756;ENSG00000165119;ENSG00000108424;ENSG00000055208;ENSG00000091136;ENSG00000151883;ENSG00000111707;ENSG00000196569;ENSG00000145833;ENSG00000186654;ENSG00000092445;ENSG00000168036;ENSG00000099783;ENSG00000132792;ENSG00000156603;ENSG00000069849;ENSG00000134371;ENSG00000160551;ENSG00000123338;ENSG00000105085;ENSG00000140941;ENSG00000163714;ENSG00000134308;ENSG00000136709;ENSG00000151694;ENSG00000137817;ENSG00000111605;ENSG00000123416;ENSG00000147010;ENSG00000102158;ENSG00000129824;ENSG00000154153;ENSG00000175866;ENSG00000115232;ENSG00000167193;ENSG00000105668;ENSG00000112208;ENSG00000174444;ENSG00000102900;ENSG00000118260;ENSG00000115875;ENSG00000011007;ENSG00000139190"
"REACTOME","REACTOME_PI3K_EVENTS_IN_ERBB2_SIGNALING",0.316578633498041,0.585362116159526,0.0302058792293513,-0.509036238857145,-1.13289303184714,15,"ENSG00000185737;ENSG00000145675;ENSG00000157168;ENSG00000113070;ENSG00000178568;ENSG00000146648"
"REACTOME","REACTOME_CARBOXYTERMINAL_POST_TRANSLATIONAL_MODIFICATIONS_OF_TUBULIN",0.31752046074568,0.586152033694214,0.028028631856996,-0.404049183152059,-1.10123223372393,43,"ENSG00000167552;ENSG00000137267;ENSG00000137285;ENSG00000176014;ENSG00000143494;ENSG00000137821;ENSG00000258947;ENSG00000127824;ENSG00000135049;ENSG00000167553;ENSG00000123416;ENSG00000162571;ENSG00000141933;ENSG00000135912;ENSG00000101162;ENSG00000173213;ENSG00000137941;ENSG00000104833;ENSG00000188229;ENSG00000183785"
"REACTOME","REACTOME_INACTIVATION_OF_CSF3_G_CSF_SIGNALING",0.319410319410319,0.586986429298167,0.0293175024119253,-0.457150543460116,-1.1126585303289,23,"ENSG00000254087;ENSG00000115415;ENSG00000072401;ENSG00000165025;ENSG00000154582;ENSG00000184557"
"REACTOME","REACTOME_EGR2_AND_SOX10_MEDIATED_INITIATION_OF_SCHWANN_CELL_MYELINATION",0.318497016610224,0.586986429298167,0.0290860458768323,-0.441545640267497,-1.10900426421992,27,"ENSG00000138386;ENSG00000164199;ENSG00000145284;ENSG00000184486;ENSG00000187079;ENSG00000122877;ENSG00000102385;ENSG00000135862;ENSG00000169562;ENSG00000091136;ENSG00000196569"
"REACTOME","REACTOME_DEACTIVATION_OF_THE_BETA_CATENIN_TRANSACTIVATING_COMPLEX",0.31951851287521,0.586986429298167,0.0280117156497292,-0.405382223901306,-1.09951072435021,42,"ENSG00000105221;ENSG00000272333;ENSG00000065717;ENSG00000181449;ENSG00000171016;ENSG00000196781;ENSG00000124766"
"REACTOME","REACTOME_RECYCLING_OF_BILE_ACIDS_AND_SALTS",0.321114369501466,0.587077474899149,0.0371008228654284,0.45473023298886,1.1179114051036,16,"ENSG00000083807"
"REACTOME","REACTOME_GLYOXYLATE_METABOLISM_AND_GLYCINE_DEGRADATION",0.320245398773006,0.587077474899149,0.0372478657624834,0.439935748626637,1.11037474895819,18,"ENSG00000250799;ENSG00000172482;ENSG00000091140"
"REACTOME","REACTOME_CHONDROITIN_SULFATE_DERMATAN_SULFATE_METABOLISM",0.32085727597453,0.587077474899149,0.0282764277273184,-0.421202024550367,-1.10770995063466,35,"ENSG00000171451;ENSG00000131873;ENSG00000147408;ENSG00000171310;ENSG00000122863;ENSG00000114646;ENSG00000113273;ENSG00000169105;ENSG00000166105;ENSG00000130287;ENSG00000182492;ENSG00000127415;ENSG00000198108"
"REACTOME","REACTOME_MITOCHONDRIAL_UNFOLDED_PROTEIN_RESPONSE_UPRMT",0.322336265884653,0.587177930485845,0.0370197510244561,0.454386803668786,1.11706711649927,16,"ENSG00000115317;ENSG00000121691;ENSG00000185122;ENSG00000142082;ENSG00000169136;ENSG00000142208;ENSG00000118689;ENSG00000106459"
"REACTOME","REACTOME_PCNA_DEPENDENT_LONG_PATCH_BASE_EXCISION_REPAIR",0.323661830915458,0.587177930485845,0.0294018307530426,-0.467699615512746,-1.11399190532854,21,"ENSG00000062822;ENSG00000105486;ENSG00000133119;ENSG00000111445;ENSG00000070501;ENSG00000168496"
"REACTOME","REACTOME_G_PROTEIN_BETA_GAMMA_SIGNALLING",0.322456196752934,0.587177930485845,0.0288045819903911,-0.43730858614153,-1.10369458463602,28,"ENSG00000176533;ENSG00000105221;ENSG00000141506;ENSG00000111664;ENSG00000172380;ENSG00000078369"
"REACTOME","REACTOME_ACTIVATED_NOTCH1_TRANSMITS_SIGNAL_TO_THE_NUCLEUS",0.323746918652424,0.587177930485845,0.0394145411934656,0.379004949163218,1.0835499216872,31,"ENSG00000107954;ENSG00000198719;ENSG00000133961;ENSG00000080815;ENSG00000162736;ENSG00000137486;ENSG00000185559;ENSG00000214357;ENSG00000143947;ENSG00000135144"
"REACTOME","REACTOME_CHROMATIN_ORGANIZATION",0.323285430540951,0.587177930485845,0.0233285418246271,-0.308804011502979,-1.06163491098681,272,"ENSG00000011332;ENSG00000110987;ENSG00000183207;ENSG00000104885;ENSG00000071655;ENSG00000126457;ENSG00000272333;ENSG00000063169;ENSG00000185787;ENSG00000119772;ENSG00000119866;ENSG00000170004;ENSG00000168395;ENSG00000196498;ENSG00000170854;ENSG00000117139;ENSG00000132510;ENSG00000057935;ENSG00000183878;ENSG00000183955;ENSG00000082014;ENSG00000162521;ENSG00000133247;ENSG00000171681;ENSG00000136518;ENSG00000120533;ENSG00000163939;ENSG00000115966;ENSG00000188486;ENSG00000136715;ENSG00000100425;ENSG00000172943;ENSG00000109685;ENSG00000197061;ENSG00000077684;ENSG00000128708;ENSG00000111707;ENSG00000141380;ENSG00000123562;ENSG00000124422;ENSG00000133884;ENSG00000127663;ENSG00000184402;ENSG00000205683;ENSG00000089094;ENSG00000173120;ENSG00000012817;ENSG00000105968;ENSG00000189079;ENSG00000174579;ENSG00000142611;ENSG00000073584;ENSG00000025293;ENSG00000165671;ENSG00000049618;ENSG00000043143;ENSG00000054267;ENSG00000162227;ENSG00000130024;ENSG00000083168;ENSG00000185420;ENSG00000112983;ENSG00000005339;ENSG00000196890;ENSG00000099956;ENSG00000134852;ENSG00000275713;ENSG00000188895;ENSG00000102221;ENSG00000115548;ENSG00000181555;ENSG00000116455;ENSG00000181090;ENSG00000203852;ENSG00000143499;ENSG00000101945;ENSG00000111642;ENSG00000163635;ENSG00000117505;ENSG00000143614;ENSG00000274641;ENSG00000172534;ENSG00000196747;ENSG00000196591;ENSG00000156983;ENSG00000147099;ENSG00000163872;ENSG00000178028;ENSG00000182979;ENSG00000064961;ENSG00000110092;ENSG00000087152;ENSG00000197724;ENSG00000167548;ENSG00000273841;ENSG00000117713;ENSG00000183495"
"REACTOME","REACTOME_FLT3_SIGNALING_IN_DISEASE",0.325440673506972,0.589311489863976,0.0384076550520297,0.389987006075295,1.08684382780887,27,"ENSG00000137193;ENSG00000173757;ENSG00000196535;ENSG00000143947;ENSG00000100815;ENSG00000126561;ENSG00000139083;ENSG00000121879;ENSG00000033327;ENSG00000177885;ENSG00000221983;ENSG00000213281;ENSG00000090554;ENSG00000170315"
"REACTOME","REACTOME_BETA_CATENIN_PHOSPHORYLATION_CASCADE",0.329465186680121,0.591894081433214,0.0292337091963034,-0.488775910158821,-1.11435066924215,17,"ENSG00000105568;ENSG00000104695;ENSG00000168036;ENSG00000134982;ENSG00000082701;ENSG00000137713;ENSG00000113575;ENSG00000112640;ENSG00000113712"
"REACTOME","REACTOME_MICRORNA_MIRNA_BIOGENESIS",0.329220779220779,0.591894081433214,0.0286084367290118,-0.447950542553739,-1.10175591030829,24,"ENSG00000180228;ENSG00000099817;ENSG00000105258;ENSG00000126070;ENSG00000092847;ENSG00000128191;ENSG00000102978"
"REACTOME","REACTOME_SIGNALING_BY_TGFBR3",0.328129736283722,0.591894081433214,0.0274493519433807,-0.401186744759121,-1.09343068491058,43,"ENSG00000071564;ENSG00000092969;ENSG00000138685;ENSG00000196628;ENSG00000105329;ENSG00000205155;ENSG00000157227;ENSG00000138613;ENSG00000106799;ENSG00000129911;ENSG00000126070;ENSG00000143801;ENSG00000092847;ENSG00000078687"
"REACTOME","REACTOME_SIGNALING_BY_BRAF_AND_RAF1_FUSIONS",0.3290313225058,0.591894081433214,0.0266342338311079,-0.371453643198382,-1.08343925529534,65,"ENSG00000112531;ENSG00000115414;ENSG00000159784;ENSG00000089220;ENSG00000133030;ENSG00000112941;ENSG00000169032;ENSG00000103653;ENSG00000140575;ENSG00000259207;ENSG00000153094;ENSG00000133703"
"REACTOME","REACTOME_RECRUITMENT_OF_MITOTIC_CENTROSOME_PROTEINS_AND_COMPLEXES",0.327549724925942,0.591894081433214,0.0262380567668797,-0.358369648348219,-1.08000256652142,81,"ENSG00000105568;ENSG00000101367;ENSG00000167552;ENSG00000101004;ENSG00000077380;ENSG00000127824;ENSG00000196230;ENSG00000151849;ENSG00000249115;ENSG00000117650;ENSG00000170312;ENSG00000131351;ENSG00000170027;ENSG00000136811;ENSG00000166851;ENSG00000136861;ENSG00000175216;ENSG00000005249;ENSG00000114107;ENSG00000142731;ENSG00000204899;ENSG00000214367;ENSG00000213066;ENSG00000007168;ENSG00000148019;ENSG00000147400;ENSG00000103995;ENSG00000147874;ENSG00000141577;ENSG00000088986;ENSG00000139350;ENSG00000104833;ENSG00000074054;ENSG00000188229;ENSG00000101624;ENSG00000072864"
"REACTOME","REACTOME_DETOXIFICATION_OF_REACTIVE_OXYGEN_SPECIES",0.330437143632908,0.592705364721074,0.0387662484583825,0.379154918535036,1.07519415680051,30,"ENSG00000104687;ENSG00000164978;ENSG00000100348;ENSG00000084207;ENSG00000121691;ENSG00000197930;ENSG00000184470;ENSG00000117450;ENSG00000142168;ENSG00000136810;ENSG00000233276;ENSG00000165672;ENSG00000051523"
"REACTOME","REACTOME_G_BETA_GAMMA_SIGNALLING_THROUGH_PI3KGAMMA",0.332833083208271,0.59508881922675,0.028894719197839,-0.464172842953165,-1.10559165022249,21,"ENSG00000176533;ENSG00000105221;ENSG00000141506;ENSG00000111664;ENSG00000172380;ENSG00000078369"
"REACTOME","REACTOME_EFFECTS_OF_PIP2_HYDROLYSIS",0.332366130308626,0.59508881922675,0.0380053855849536,0.394638516427851,1.07682103033178,25,"ENSG00000163932;ENSG00000074416;ENSG00000171132;ENSG00000027075;ENSG00000145214;ENSG00000058866"
"REACTOME","REACTOME_REPRODUCTION",0.333333333333333,0.59508881922675,0.0246239707499508,-0.333063899226357,-1.06823884456923,132,"ENSG00000010278;ENSG00000197299;ENSG00000132475;ENSG00000108384;ENSG00000099840;ENSG00000121966;ENSG00000164754;ENSG00000113368;ENSG00000188486;ENSG00000168769;ENSG00000132436;ENSG00000099338;ENSG00000182264;ENSG00000164828;ENSG00000197061;ENSG00000177302;ENSG00000147601;ENSG00000166848;ENSG00000123374;ENSG00000163041;ENSG00000105968;ENSG00000131470;ENSG00000078699;ENSG00000103275;ENSG00000187556;ENSG00000149311;ENSG00000139618;ENSG00000132383;ENSG00000012048;ENSG00000196890;ENSG00000275713"
"REACTOME","REACTOME_ONCOGENE_INDUCED_SENESCENCE",0.334699668926376,0.596592993594901,0.0277937928015159,-0.421804557172548,-1.09283894564352,33,"ENSG00000125968;ENSG00000112242;ENSG00000105722;ENSG00000123080;ENSG00000114126;ENSG00000126070;ENSG00000141510;ENSG00000092847;ENSG00000078687;ENSG00000198176;ENSG00000101412;ENSG00000139687;ENSG00000198625;ENSG00000090905"
"REACTOME","REACTOME_PROCESSIVE_SYNTHESIS_ON_THE_C_STRAND_OF_THE_TELOMERE",0.335567096666108,0.597204567347965,0.0288315581564155,-0.474929419237184,-1.10756337373729,19,"ENSG00000197299;ENSG00000062822;ENSG00000105486;ENSG00000138346;ENSG00000168496;ENSG00000147601;ENSG00000166848"
"REACTOME","REACTOME_GLUTAMATE_NEUROTRANSMITTER_RELEASE_CYCLE",0.33675326824425,0.59783306413676,0.0285466388270098,-0.456502916548306,-1.0983301082532,22,"ENSG00000177380;ENSG00000115419;ENSG00000136854;ENSG00000139220;ENSG00000104888;ENSG00000168993;ENSG00000110436;ENSG00000131626;ENSG00000005379"
"REACTOME","REACTOME_CS_DS_DEGRADATION",0.336969997520456,0.59783306413676,0.0363865584085132,0.428638918280635,1.09455984426066,19,"ENSG00000149328;ENSG00000011465;ENSG00000049860;ENSG00000106302;ENSG00000213614;ENSG00000186792;ENSG00000170266"
"REACTOME","REACTOME_RHOBTB_GTPASE_CYCLE",0.33823989978077,0.599152792924257,0.0274898771930395,-0.418842886471171,-1.09303160245814,34,"ENSG00000113758;ENSG00000036257;ENSG00000196586;ENSG00000147274;ENSG00000136527;ENSG00000067900;ENSG00000092199;ENSG00000146247;ENSG00000122257;ENSG00000133226;ENSG00000198563;ENSG00000065526;ENSG00000072422;ENSG00000112079"
"REACTOME","REACTOME_CASPASE_ACTIVATION_VIA_EXTRINSIC_APOPTOTIC_SIGNALLING_PATHWAY",0.338798701298701,0.599210746551585,0.0280965182557428,-0.444347218551304,-1.09289336156841,24,"ENSG00000196730;ENSG00000107731;ENSG00000064012;ENSG00000187323"
"REACTOME","REACTOME_SIGNALING_BY_CTNNB1_PHOSPHO_SITE_MUTANTS",0.341284716306015,0.599230113897008,0.0288315581564155,-0.500435041231758,-1.11375051091932,15,"ENSG00000105568;ENSG00000104695;ENSG00000168036;ENSG00000134982;ENSG00000082701;ENSG00000137713;ENSG00000113575;ENSG00000112640;ENSG00000113712"
"REACTOME","REACTOME_CONSTITUTIVE_SIGNALING_BY_EGFRVIII",0.341966263417959,0.599230113897008,0.0287956022589584,-0.500153550320788,-1.11312403471346,15,"ENSG00000124181;ENSG00000145675;ENSG00000146648;ENSG00000133703"
"REACTOME","REACTOME_OTHER_SEMAPHORIN_INTERACTIONS",0.341069626639758,0.599230113897008,0.0286084367290118,-0.48438235955654,-1.10433389887306,17,"ENSG00000112902;ENSG00000221866;ENSG00000092421;ENSG00000150093;ENSG00000137872;ENSG00000187764;ENSG00000076356;ENSG00000114554;ENSG00000213949;ENSG00000138623"
"REACTOME","REACTOME_METABOLISM_OF_NITRIC_OXIDE_NOS3_ACTIVATION_AND_REGULATION",0.341715976331361,0.599230113897008,0.0359739433803791,0.43848272867924,1.09116281286836,17,"ENSG00000106299;ENSG00000116096;ENSG00000153904;ENSG00000120992;ENSG00000198668;ENSG00000080824;ENSG00000142208;ENSG00000079805"
"REACTOME","REACTOME_SLC_MEDIATED_TRANSPORT_OF_AMINO_ACIDS",0.341163487308844,0.599230113897008,0.0274574467865963,-0.419583460019053,-1.08708438128398,33,"ENSG00000139209;ENSG00000111371;ENSG00000103064;ENSG00000103257;ENSG00000092068;ENSG00000168003;ENSG00000149150;ENSG00000003989;ENSG00000165349"
"REACTOME","REACTOME_CRISTAE_FORMATION",0.339710303361574,0.599230113897008,0.0383016902909786,0.366546076856295,1.07010284860325,33,"ENSG00000184831;ENSG00000241468;ENSG00000106554;ENSG00000156411;ENSG00000174917;ENSG00000167863;ENSG00000135390;ENSG00000159199;ENSG00000173171;ENSG00000169020;ENSG00000132305;ENSG00000173915;ENSG00000173436;ENSG00000154723"
"REACTOME","REACTOME_TICAM1_RIP1_MEDIATED_IKK_COMPLEX_RECRUITMENT",0.343168856930325,0.60041371435275,0.0360041146230746,0.426245809494686,1.0884488714387,19,"ENSG00000244687;ENSG00000127666;ENSG00000143947;ENSG00000110330;ENSG00000104365;ENSG00000221983;ENSG00000170315;ENSG00000269335;ENSG00000164342;ENSG00000109332"
"REACTOME","REACTOME_REGULATION_OF_PTEN_STABILITY_AND_ACTIVITY",0.343925509902453,0.600814656102599,0.0262013124770488,-0.378492940771491,-1.07598481288033,55,"ENSG00000013275;ENSG00000099341;ENSG00000105221;ENSG00000169914;ENSG00000107854;ENSG00000041357;ENSG00000173692"
"REACTOME","REACTOME_INITIAL_TRIGGERING_OF_COMPLEMENT",0.34601226993865,0.603534418775073,0.0356166436155702,0.431191175453562,1.08830390504038,18,"ENSG00000244731;ENSG00000224389"
"REACTOME","REACTOME_REGULATION_OF_KIT_SIGNALING",0.348223350253807,0.606206576578064,0.0283456249058933,-0.489389175632787,-1.10210395443255,16,"ENSG00000254087;ENSG00000154229"
"REACTOME","REACTOME_UPTAKE_AND_ACTIONS_OF_BACTERIAL_TOXINS",0.348762968874701,0.606206576578064,0.0272885165856835,-0.427451557992641,-1.08491816578517,29,"ENSG00000010278;ENSG00000169604;ENSG00000122012;ENSG00000143858;ENSG00000113070;ENSG00000159164;ENSG00000065559;ENSG00000099365;ENSG00000169032;ENSG00000198431;ENSG00000034152"
"REACTOME","REACTOME_NUCLEAR_IMPORT_OF_REV_PROTEIN",0.349671155652991,0.606206576578064,0.0269105486313134,-0.414716089796933,-1.08226212462394,34,"ENSG00000213024;ENSG00000163002;ENSG00000132182;ENSG00000139496;ENSG00000108424;ENSG00000102900;ENSG00000069248;ENSG00000120253;ENSG00000153201;ENSG00000058804;ENSG00000030066;ENSG00000196313;ENSG00000132341;ENSG00000157020;ENSG00000108559;ENSG00000272391"
"REACTOME","REACTOME_RESPONSE_TO_ELEVATED_PLATELET_CYTOSOLIC_CA2",0.350205379621041,0.606206576578064,0.0240733246192523,-0.335102933308549,-1.06041406811586,117,"ENSG00000010278;ENSG00000100234;ENSG00000115414;ENSG00000077522;ENSG00000138722;ENSG00000196924;ENSG00000092969;ENSG00000145685;ENSG00000105329;ENSG00000154229;ENSG00000127824;ENSG00000167711;ENSG00000104112;ENSG00000126583;ENSG00000138430;ENSG00000184500;ENSG00000142192;ENSG00000197746"
"REACTOME","REACTOME_MITF_M_REGULATED_MELANOCYTE_DEVELOPMENT",0.350095969289827,0.606206576578064,0.0235105683703133,-0.325123079263253,-1.05817200786987,151,"ENSG00000130508;ENSG00000011332;ENSG00000110987;ENSG00000105221;ENSG00000125968;ENSG00000121068;ENSG00000181449;ENSG00000105486;ENSG00000163527;ENSG00000184486;ENSG00000116030;ENSG00000134057;ENSG00000169375;ENSG00000082014;ENSG00000147416;ENSG00000124762;ENSG00000126070;ENSG00000136518;ENSG00000156150;ENSG00000107165;ENSG00000170027;ENSG00000187098;ENSG00000166851;ENSG00000092847;ENSG00000078687;ENSG00000170011;ENSG00000141380;ENSG00000168036;ENSG00000123374;ENSG00000133884;ENSG00000184402;ENSG00000205683;ENSG00000096717;ENSG00000118260;ENSG00000082701;ENSG00000073584;ENSG00000123908;ENSG00000049618;ENSG00000103275"
"REACTOME","REACTOME_PTEN_REGULATION",0.350863422291994,0.606424033369622,0.0238342039568971,-0.332068070497189,-1.05849204386677,124,"ENSG00000013275;ENSG00000071655;ENSG00000099341;ENSG00000105221;ENSG00000061273;ENSG00000169914;ENSG00000170004;ENSG00000107854;ENSG00000101115;ENSG00000041357;ENSG00000057935;ENSG00000162521;ENSG00000173894;ENSG00000111752;ENSG00000140464;ENSG00000126070;ENSG00000141510;ENSG00000173692;ENSG00000115966;ENSG00000092847;ENSG00000141570;ENSG00000078687;ENSG00000120738;ENSG00000171862;ENSG00000134686;ENSG00000124216;ENSG00000187555;ENSG00000173273;ENSG00000123908"
"REACTOME","REACTOME_DISEASES_OF_MITOTIC_CELL_CYCLE",0.352080123266564,0.606685719214246,0.0265133256279299,-0.404571844916272,-1.07847161516793,38,"ENSG00000108106;ENSG00000112242;ENSG00000072401;ENSG00000105173;ENSG00000114126;ENSG00000196510;ENSG00000175063;ENSG00000124762;ENSG00000170142;ENSG00000085224;ENSG00000123374;ENSG00000198176;ENSG00000204209;ENSG00000101412"
"REACTOME","REACTOME_DISEASES_OF_IMMUNE_SYSTEM",0.351886540005352,0.606685719214246,0.0370845733682492,0.374942915271387,1.05993324726427,29,"ENSG00000198001;ENSG00000127666;ENSG00000150455;ENSG00000187554;ENSG00000077150;ENSG00000174125;ENSG00000135218;ENSG00000104365"
"REACTOME","REACTOME_SWITCHING_OF_ORIGINS_TO_A_POST_REPLICATIVE_STATE",0.352891396332863,0.607165106379352,0.0249784279069157,-0.354436973382549,-1.0654777674646,79,"ENSG00000108106;ENSG00000013275;ENSG00000099341;ENSG00000115942;ENSG00000072401;ENSG00000091651;ENSG00000105173;ENSG00000041357;ENSG00000196510;ENSG00000175063;ENSG00000170142;ENSG00000173692"
"REACTOME","REACTOME_SIALIC_ACID_METABOLISM",0.355062194929932,0.608242224027574,0.026740979054125,-0.419071531019852,-1.07713764505236,31,"ENSG00000115525;ENSG00000113532;ENSG00000064225;ENSG00000144057;ENSG00000204386;ENSG00000111728;ENSG00000204099;ENSG00000184005;ENSG00000119899"
"REACTOME","REACTOME_PLASMA_LIPOPROTEIN_CLEARANCE",0.356721515057436,0.608242224027574,0.0264159276456378,-0.406259316815992,-1.07311711703467,36,"ENSG00000130203;ENSG00000115677;ENSG00000131408;ENSG00000042753;ENSG00000105699;ENSG00000196961;ENSG00000007944;ENSG00000157978;ENSG00000144959;ENSG00000130208"
"REACTOME","REACTOME_SIGNALING_BY_FGFR_IN_DISEASE",0.356658809664113,0.608242224027574,0.0255297015133052,-0.373512002519322,-1.06762734586381,57,"ENSG00000124831;ENSG00000124181;ENSG00000145675;ENSG00000066468;ENSG00000160867;ENSG00000099817;ENSG00000105258;ENSG00000138685;ENSG00000115415;ENSG00000102978;ENSG00000070388;ENSG00000158815;ENSG00000186716;ENSG00000156427;ENSG00000133703;ENSG00000111605;ENSG00000213066;ENSG00000121741;ENSG00000102678;ENSG00000070193;ENSG00000166225"
"REACTOME","REACTOME_DOWNSTREAM_TCR_SIGNALING",0.356323487238314,0.608242224027574,0.0250921319809542,-0.35956167525163,-1.06479192237501,72,"ENSG00000013275;ENSG00000099341;ENSG00000104312;ENSG00000145675;ENSG00000072401;ENSG00000099804;ENSG00000041357;ENSG00000065675;ENSG00000173692;ENSG00000055208;ENSG00000172175;ENSG00000171862;ENSG00000182866;ENSG00000135341;ENSG00000223865;ENSG00000213341;ENSG00000198821;ENSG00000166167;ENSG00000100804;ENSG00000175166"
"REACTOME","REACTOME_SYNTHESIS_OF_SUBSTRATES_IN_N_GLYCAN_BIOSYTHESIS",0.356129032258065,0.608242224027574,0.040963710830083,0.313884188598627,1.04269181544164,63,"ENSG00000101638;ENSG00000100522;ENSG00000179085;ENSG00000120697;ENSG00000159921;ENSG00000100417;ENSG00000064601;ENSG00000112699;ENSG00000073849;ENSG00000136908;ENSG00000135838;ENSG00000128039;ENSG00000254685;ENSG00000111726;ENSG00000175283;ENSG00000177511;ENSG00000157353;ENSG00000164414"
"REACTOME","REACTOME_CARGO_TRAFFICKING_TO_THE_PERICILIARY_MEMBRANE",0.355838225701239,0.608242224027574,0.0412372486904686,0.30826502418241,1.03971369731972,69,"ENSG00000278195;ENSG00000165533;ENSG00000205795;ENSG00000131558;ENSG00000181004;ENSG00000125124;ENSG00000125863;ENSG00000138190;ENSG00000122507;ENSG00000112685;ENSG00000163818;ENSG00000115484;ENSG00000132259;ENSG00000180104"
"REACTOME","REACTOME_DENGUE_VIRUS_GENOME_TRANSLATION_AND_REPLICATION",0.357706831445245,0.609010584478527,0.0423120234220655,0.299372967112007,1.0364573497682,81,"ENSG00000070756;ENSG00000149380;ENSG00000119673;ENSG00000138669;ENSG00000179085;ENSG00000114902;ENSG00000127022;ENSG00000169710;ENSG00000122884;ENSG00000072682;ENSG00000136908;ENSG00000125844;ENSG00000143947;ENSG00000145741;ENSG00000118705;ENSG00000196531;ENSG00000118137;ENSG00000114127"
"REACTOME","REACTOME_FRS_MEDIATED_FGFR2_SIGNALING",0.362204724409449,0.615748031496063,0.0274736517713386,-0.466041975533526,-1.08683733164848,19,"ENSG00000066468;ENSG00000138685;ENSG00000179295;ENSG00000070388;ENSG00000158815;ENSG00000156427;ENSG00000133703;ENSG00000102678;ENSG00000070193;ENSG00000166225"
"REACTOME","REACTOME_RA_BIOSYNTHESIS_PATHWAY",0.365732705182246,0.620819003282532,0.0346907706589501,0.418794679752896,1.06942188377632,19,"ENSG00000072042;ENSG00000240857;ENSG00000157326;ENSG00000135437"
"REACTOME","REACTOME_KERATINIZATION",0.366365491110463,0.620967699962527,0.0248987847007365,-0.366768166733972,-1.05949730220441,61,"ENSG00000134755;ENSG00000140479;ENSG00000126247;ENSG00000144283;ENSG00000014216;ENSG00000171446;ENSG00000143631;ENSG00000204539;ENSG00000081277;ENSG00000092295;ENSG00000186395;ENSG00000204022;ENSG00000046604;ENSG00000171431;ENSG00000140564;ENSG00000204889;ENSG00000149418;ENSG00000159450"
"REACTOME","REACTOME_PRESYNAPTIC_FUNCTION_OF_KAINATE_RECEPTORS",0.368314492998144,0.621496603740572,0.0273045097934502,-0.470587018327268,-1.08163957161065,18,"ENSG00000163873;ENSG00000176533;ENSG00000111664;ENSG00000172380;ENSG00000078369"
"REACTOME","REACTOME_SHC1_EVENTS_IN_ERBB2_SIGNALING",0.367540574282147,0.621496603740572,0.0347322242247581,0.403324140712022,1.06074704041988,21,"ENSG00000163932;ENSG00000141736;ENSG00000065361;ENSG00000174808;ENSG00000127947;ENSG00000171132"
"REACTOME","REACTOME_MAPK6_MAPK4_SIGNALING",0.367923196385712,0.621496603740572,0.0243045300904002,-0.352878141639176,-1.05668777918218,77,"ENSG00000087245;ENSG00000013275;ENSG00000099341;ENSG00000141639;ENSG00000150907;ENSG00000041357;ENSG00000170312;ENSG00000126070;ENSG00000173692;ENSG00000136997;ENSG00000167617;ENSG00000092847;ENSG00000106211;ENSG00000078687;ENSG00000124151"
"REACTOME","REACTOME_CONSTITUTIVE_SIGNALING_BY_ABERRANT_PI3K_IN_CANCER",0.370960792761741,0.62411276655188,0.0244504540047781,-0.356773686542218,-1.05477699050758,71,"ENSG00000185737;ENSG00000140538;ENSG00000145675;ENSG00000157168;ENSG00000066468;ENSG00000160867;ENSG00000141506;ENSG00000138685;ENSG00000113070;ENSG00000178568;ENSG00000179295;ENSG00000134853;ENSG00000169047;ENSG00000134962;ENSG00000163235;ENSG00000146648;ENSG00000091831;ENSG00000117461;ENSG00000070388;ENSG00000158815;ENSG00000156427;ENSG00000113721;ENSG00000169752;ENSG00000182866"
"REACTOME","REACTOME_G2_M_DNA_DAMAGE_CHECKPOINT",0.370599559955996,0.62411276655188,0.0237555132762856,-0.341386066982238,-1.04922811259726,92,"ENSG00000197299;ENSG00000136492;ENSG00000158402;ENSG00000134057;ENSG00000133119;ENSG00000170312;ENSG00000138346;ENSG00000141510;ENSG00000174371;ENSG00000138376;ENSG00000111445;ENSG00000170027;ENSG00000188486;ENSG00000163781;ENSG00000109685;ENSG00000197061;ENSG00000177302;ENSG00000113456;ENSG00000067369;ENSG00000134308;ENSG00000149311;ENSG00000128731;ENSG00000132383;ENSG00000012048;ENSG00000196890;ENSG00000275713;ENSG00000149554;ENSG00000145386;ENSG00000137337;ENSG00000274641"
"REACTOME","REACTOME_REGULATION_OF_MITF_M_DEPENDENT_GENES_INVOLVED_IN_CELL_CYCLE_AND_PROLIFERATION",0.37303863674709,0.625146704477708,0.0270823998852187,-0.469110776818771,-1.07824644521604,18,"ENSG00000121068;ENSG00000134057;ENSG00000169375;ENSG00000124762;ENSG00000187098;ENSG00000166851;ENSG00000168036;ENSG00000123374"
"REACTOME","REACTOME_PLATELET_SENSITIZATION_BY_LDL",0.374201143625967,0.625146704477708,0.0269727730438533,-0.472841482659204,-1.07802207861578,17,"ENSG00000105568;ENSG00000116711;ENSG00000157193;ENSG00000179295;ENSG00000104695"
"REACTOME","REACTOME_SEROTONIN_NEUROTRANSMITTER_RELEASE_CYCLE",0.374369323915237,0.625146704477708,0.0269649784012008,-0.472722875859589,-1.07775166928549,17,"ENSG00000177380;ENSG00000165646;ENSG00000136854;ENSG00000139220;ENSG00000168993;ENSG00000131626;ENSG00000005379"
"REACTOME","REACTOME_DECTIN_1_MEDIATED_NONCANONICAL_NF_KB_SIGNALING",0.374868480384789,0.625146704477708,0.0250318068873382,-0.382099992704211,-1.05858823365771,47,"ENSG00000013275;ENSG00000099341;ENSG00000130725;ENSG00000041357;ENSG00000104856;ENSG00000173692"
"REACTOME","REACTOME_GLUCONEOGENESIS",0.372821419550391,0.625146704477708,0.0346769792883295,0.396646234050636,1.05719955727926,22,"ENSG00000109107;ENSG00000100889;ENSG00000160190;ENSG00000165140"
"REACTOME","REACTOME_TRNA_PROCESSING",0.374596774193548,0.625146704477708,0.04509456744793,0.282386504509709,1.0253556067845,115,"ENSG00000126814;ENSG00000155561;ENSG00000160917;ENSG00000145331;ENSG00000110060;ENSG00000213339;ENSG00000165118;ENSG00000166166;ENSG00000154743;ENSG00000124787;ENSG00000171103;ENSG00000172336;ENSG00000130299;ENSG00000152464;ENSG00000092094;ENSG00000115970;ENSG00000138750;ENSG00000172409;ENSG00000198860;ENSG00000241370;ENSG00000075188;ENSG00000167264;ENSG00000091127;ENSG00000136628;ENSG00000072756;ENSG00000184575;ENSG00000100890;ENSG00000066651;ENSG00000172315;ENSG00000104907;ENSG00000196449;ENSG00000189007;ENSG00000145996;ENSG00000196976;ENSG00000125450;ENSG00000037897;ENSG00000065457;ENSG00000043514"
"REACTOME","REACTOME_NOTCH3_INTRACELLULAR_DOMAIN_REGULATES_TRANSCRIPTION",0.379361179361179,0.630791800426837,0.0262822910752293,-0.43708554618873,-1.06382234125636,23,"ENSG00000114315;ENSG00000113645;ENSG00000074181;ENSG00000115415;ENSG00000163909;ENSG00000196782;ENSG00000197921;ENSG00000164683"
"REACTOME","REACTOME_TRANSPORT_OF_MATURE_MRNAS_DERIVED_FROM_INTRONLESS_TRANSCRIPTS",0.378902697787208,0.630791800426837,0.0249917512895644,-0.388038381181637,-1.05759494412454,43,"ENSG00000213024;ENSG00000125755;ENSG00000163002;ENSG00000132182;ENSG00000139496;ENSG00000145216;ENSG00000136709;ENSG00000102900;ENSG00000069248;ENSG00000120253;ENSG00000153201;ENSG00000058804;ENSG00000162231;ENSG00000165934;ENSG00000030066;ENSG00000196313"
"REACTOME","REACTOME_TRANSCRIPTION_COUPLED_NUCLEOTIDE_EXCISION_REPAIR_TC_NER",0.381856839121191,0.632172877556739,0.023761548652064,-0.35054648119312,-1.04765310669971,76,"ENSG00000198612;ENSG00000104884;ENSG00000012061;ENSG00000062822;ENSG00000105486;ENSG00000073050;ENSG00000099817;ENSG00000105258;ENSG00000144524"
"REACTOME","REACTOME_MTORC1_MEDIATED_SIGNALLING",0.381311816762103,0.632172877556739,0.0348294155746012,0.385095853603515,1.04383635282351,24,"ENSG00000177058;ENSG00000106615;ENSG00000188186;ENSG00000137154;ENSG00000063046;ENSG00000187840"
"REACTOME","REACTOME_TRANSCRIPTIONAL_AND_POST_TRANSLATIONAL_REGULATION_OF_MITF_M_EXPRESSION_AND_ACTIVITY",0.381475667189953,0.632172877556739,0.0388025714978873,0.315412186245168,1.02927648621451,58,"ENSG00000258839;ENSG00000196305;ENSG00000117676;ENSG00000133706;ENSG00000166986;ENSG00000172053;ENSG00000102882;ENSG00000164022;ENSG00000120659;ENSG00000115866;ENSG00000187140;ENSG00000106305;ENSG00000136628;ENSG00000166603;ENSG00000164924"
"REACTOME","REACTOME_ACTIVATION_OF_ATR_IN_RESPONSE_TO_REPLICATION_STRESS",0.384330088085304,0.633505022184024,0.0250787012305676,-0.397607897033234,-1.05535225004069,37,"ENSG00000115942;ENSG00000158402;ENSG00000091651;ENSG00000133119;ENSG00000065328;ENSG00000111445;ENSG00000085840;ENSG00000113456;ENSG00000123374;ENSG00000104738;ENSG00000093009;ENSG00000092853;ENSG00000073111;ENSG00000132383;ENSG00000149554;ENSG00000164045;ENSG00000094804;ENSG00000152942"
"REACTOME","REACTOME_NOTCH1_INTRACELLULAR_DOMAIN_REGULATES_TRANSCRIPTION",0.383701698992633,0.633505022184024,0.0246498839504959,-0.378030914682188,-1.05136518912939,48,"ENSG00000061273;ENSG00000065717;ENSG00000114315;ENSG00000109670;ENSG00000196781;ENSG00000163909;ENSG00000196782;ENSG00000197921;ENSG00000196498;ENSG00000132964;ENSG00000164683;ENSG00000136997;ENSG00000068024"
"REACTOME","REACTOME_FC_EPSILON_RECEPTOR_FCERI_SIGNALING",0.383776595744681,0.633505022184024,0.0226537754715134,-0.329897160922458,-1.04074613385592,114,"ENSG00000254087;ENSG00000134215;ENSG00000013275;ENSG00000099341;ENSG00000124181;ENSG00000145675;ENSG00000123104;ENSG00000072401;ENSG00000099804;ENSG00000041357;ENSG00000138814;ENSG00000065675;ENSG00000065559;ENSG00000173692;ENSG00000172575;ENSG00000165025;ENSG00000072736;ENSG00000095015;ENSG00000055208;ENSG00000133703;ENSG00000086730;ENSG00000172175"
"REACTOME","REACTOME_MRNA_CAPPING",0.390582601755786,0.642880900866821,0.0253500930689955,-0.414954590797842,-1.05319951492675,29,"ENSG00000196235;ENSG00000104884;ENSG00000099817;ENSG00000105258;ENSG00000111880;ENSG00000102978"
"REACTOME","REACTOME_ACTIVATION_OF_AMPK_DOWNSTREAM_OF_NMDARS",0.391898408615978,0.644115854853678,0.0254119747951087,-0.422213326854193,-1.05376389943291,26,"ENSG00000167552;ENSG00000137267;ENSG00000137285;ENSG00000176014;ENSG00000258947;ENSG00000127824;ENSG00000167553;ENSG00000123416;ENSG00000186868;ENSG00000101162;ENSG00000173213;ENSG00000104833;ENSG00000188229;ENSG00000183785"
"REACTOME","REACTOME_ION_CHANNEL_TRANSPORT",0.393708777270421,0.646158929842953,0.021506409820865,-0.316638939795651,-1.03645307589929,158,"ENSG00000132932;ENSG00000127325;ENSG00000198363;ENSG00000105409;ENSG00000186439;ENSG00000137731;ENSG00000133107;ENSG00000072182;ENSG00000141540;ENSG00000143153;ENSG00000118515;ENSG00000130529;ENSG00000102452;ENSG00000151572;ENSG00000147416;ENSG00000196632;ENSG00000144481;ENSG00000081087;ENSG00000055732;ENSG00000110881;ENSG00000101049;ENSG00000167614;ENSG00000137726;ENSG00000160746;ENSG00000171365;ENSG00000144935;ENSG00000069849;ENSG00000137672;ENSG00000070961;ENSG00000143515;ENSG00000136295;ENSG00000167723;ENSG00000177119;ENSG00000119121;ENSG00000108684;ENSG00000124564;ENSG00000124406;ENSG00000081923;ENSG00000165240;ENSG00000113732;ENSG00000165238"
"REACTOME","REACTOME_RHO_GTPASES_ACTIVATE_ROCKS",0.395478319554581,0.646679447257898,0.0260771738436169,-0.461154436225885,-1.05995887565862,18,"ENSG00000105357;ENSG00000155366;ENSG00000067900;ENSG00000182541;ENSG00000106683;ENSG00000092841;ENSG00000172757;ENSG00000133026"
"REACTOME","REACTOME_METAL_ION_SLC_TRANSPORTERS",0.395729213993639,0.646679447257898,0.0242604567010187,-0.382297436076361,-1.04604773320539,44,"ENSG00000164756;ENSG00000118160;ENSG00000133065;ENSG00000141424;ENSG00000065923;ENSG00000138449;ENSG00000115194;ENSG00000115616;ENSG00000135740"
"REACTOME","REACTOME_PLATELET_CALCIUM_HOMEOSTASIS",0.395662523142026,0.646679447257898,0.034403895723653,0.374638996213495,1.03202771398162,26,"ENSG00000187848;ENSG00000075142;ENSG00000183023;ENSG00000160991;ENSG00000198668;ENSG00000099957;ENSG00000276045;ENSG00000058668;ENSG00000067842"
"REACTOME","REACTOME_INTERACTIONS_OF_REV_WITH_HOST_CELLULAR_PROTEINS",0.397156544583527,0.648082097823262,0.0245336970340485,-0.393729585806975,-1.0450582279412,37,"ENSG00000213024;ENSG00000163002;ENSG00000132182;ENSG00000139496;ENSG00000108424;ENSG00000102900;ENSG00000069248;ENSG00000120253;ENSG00000153201;ENSG00000058804;ENSG00000030066;ENSG00000196313;ENSG00000132341;ENSG00000099901;ENSG00000157020;ENSG00000108559;ENSG00000272391"
"REACTOME","REACTOME_SIGNALING_BY_KIT_IN_DISEASE",0.397770753618366,0.648155777355249,0.0257401831144075,-0.4453942690987,-1.05089130916018,20,"ENSG00000254087;ENSG00000145675;ENSG00000115415;ENSG00000117461;ENSG00000133703;ENSG00000182866"
"REACTOME","REACTOME_AZATHIOPRINE_ADME",0.399148083187171,0.649470952500269,0.0331489902883037,0.401347907288041,1.03959053816797,20,"ENSG00000112759;ENSG00000178035;ENSG00000106348;ENSG00000174669;ENSG00000137364;ENSG00000243678;ENSG00000125257;ENSG00000163655;ENSG00000143774;ENSG00000137860;ENSG00000165704;ENSG00000114770"
"REACTOME","REACTOME_DEVELOPMENTAL_LINEAGES_OF_THE_MAMMARY_GLAND",0.400379806931477,0.649619088454347,0.0247933781576858,-0.409028056000848,-1.04600834307075,30,"ENSG00000140545;ENSG00000082175;ENSG00000272398;ENSG00000163235;ENSG00000146648;ENSG00000091831;ENSG00000150093"
"REACTOME","REACTOME_SYNTHESIS_OF_DNA",0.400188323917137,0.649619088454347,0.0221723009695452,-0.329867096018508,-1.03279360365083,108,"ENSG00000108106;ENSG00000013275;ENSG00000099341;ENSG00000062822;ENSG00000105486;ENSG00000115942;ENSG00000072401;ENSG00000091651;ENSG00000105173;ENSG00000041357;ENSG00000196510;ENSG00000175063;ENSG00000133119;ENSG00000170142;ENSG00000138346;ENSG00000173692;ENSG00000147536;ENSG00000111445;ENSG00000168496"
"REACTOME","REACTOME_FRS_MEDIATED_FGFR1_SIGNALING",0.401226993865031,0.650067633018876,0.032638496259634,0.413811003061112,1.04443726174676,18,"ENSG00000133116;ENSG00000138675"
"REACTOME","REACTOME_EXTENSION_OF_TELOMERES",0.40274054215073,0.651593007826252,0.0237013271393427,-0.36971762335167,-1.03815878092207,51,"ENSG00000183207;ENSG00000197299;ENSG00000062822;ENSG00000105486;ENSG00000140451;ENSG00000136982;ENSG00000133119;ENSG00000138346;ENSG00000111445;ENSG00000127586;ENSG00000168496;ENSG00000147601;ENSG00000166848;ENSG00000123374"
"REACTOME","REACTOME_MAP2K_AND_MAPK_ACTIVATION",0.409069946195234,0.659958454272482,0.0239623869390995,-0.385470656462465,-1.03603961594536,40,"ENSG00000115414;ENSG00000144730;ENSG00000089220;ENSG00000169032;ENSG00000103653;ENSG00000140575;ENSG00000259207;ENSG00000133703"
"REACTOME","REACTOME_RUNX1_INTERACTS_WITH_CO_FACTORS_WHOSE_PRECISE_EFFECT_ON_RUNX1_TARGETS_IS_NOT_KNOWN",0.409055787358986,0.659958454272482,0.0240485857811045,-0.390249449751274,-1.03582106377963,37,"ENSG00000158321;ENSG00000082014;ENSG00000173894;ENSG00000111752;ENSG00000136518;ENSG00000163939;ENSG00000141570;ENSG00000015153;ENSG00000134686;ENSG00000189079;ENSG00000073584;ENSG00000049618"
"REACTOME","REACTOME_FORMATION_OF_SENESCENCE_ASSOCIATED_HETEROCHROMATIN_FOCI_SAHF",0.417617992843755,0.661113141432165,0.0253226877800246,-0.469845870294058,-1.04567233502539,15,"ENSG00000124762;ENSG00000141510;ENSG00000118900;ENSG00000113368;ENSG00000168298;ENSG00000139687;ENSG00000183495;ENSG00000187837"
"REACTOME","REACTOME_TRANSCRIPTION_OF_E2F_TARGETS_UNDER_NEGATIVE_CONTROL_BY_DREAM_COMPLEX",0.413302060646674,0.661113141432165,0.0252136619638632,-0.447972907516086,-1.04469920096408,19,"ENSG00000114126;ENSG00000131747;ENSG00000162521;ENSG00000136997;ENSG00000267796;ENSG00000198176;ENSG00000183814;ENSG00000101412;ENSG00000205659"
"REACTOME","REACTOME_SIGNALING_BY_NODAL",0.41823323906172,0.661113141432165,0.0248987847007365,-0.438739596061562,-1.03518985419044,20,"ENSG00000136698;ENSG00000140479"
"REACTOME","REACTOME_NEGATIVE_REGULATION_OF_NOTCH4_SIGNALING",0.412994093593821,0.661113141432165,0.0235639219698724,-0.378193539609026,-1.03481859277216,44,"ENSG00000013275;ENSG00000099341;ENSG00000109670;ENSG00000041357;ENSG00000173692;ENSG00000013810"
"REACTOME","REACTOME_TRAF6_MEDIATED_INDUCTION_OF_TAK1_COMPLEX_WITHIN_TLR4_COMPLEX",0.413743043793854,0.661113141432165,0.0317711239893025,0.427384663602924,1.03434387698955,15,"ENSG00000100324;ENSG00000127666;ENSG00000157625;ENSG00000143947"
"REACTOME","REACTOME_EXPORT_OF_VIRAL_RIBONUCLEOPROTEINS_FROM_NUCLEUS",0.41888696200536,0.661113141432165,0.0239869540071094,-0.398477819740277,-1.03240250249158,33,"ENSG00000213024;ENSG00000163002;ENSG00000132182;ENSG00000139496;ENSG00000102900;ENSG00000069248;ENSG00000120253;ENSG00000153201;ENSG00000058804;ENSG00000030066;ENSG00000196313;ENSG00000132341;ENSG00000157020;ENSG00000108559;ENSG00000272391"
"REACTOME","REACTOME_SIGNALING_BY_PDGFR_IN_DISEASE",0.417177914110429,0.661113141432165,0.0318836693646416,0.408543919021374,1.0311434179602,18,"ENSG00000107104;ENSG00000105647;ENSG00000051382"
"REACTOME","REACTOME_CHAPERONE_MEDIATED_AUTOPHAGY",0.417914110429448,0.661113141432165,0.0318498087852129,0.408439658207711,1.03088026913641,18,"ENSG00000105355;ENSG00000156508;ENSG00000143947;ENSG00000080824;ENSG00000032742;ENSG00000096384;ENSG00000221983"
"REACTOME","REACTOME_RNA_POLYMERASE_I_TRANSCRIPTION_INITIATION",0.416503832857358,0.661113141432165,0.0233052491422641,-0.371689265524307,-1.02974585337272,47,"ENSG00000071655;ENSG00000104884;ENSG00000117877;ENSG00000099817;ENSG00000170004;ENSG00000057935;ENSG00000162521"
"REACTOME","REACTOME_VIRAL_MESSENGER_RNA_SYNTHESIS",0.419960623958807,0.661113141432165,0.0232936192958527,-0.376232422047328,-1.02945255474424,44,"ENSG00000213024;ENSG00000099817;ENSG00000105258;ENSG00000163002;ENSG00000132182;ENSG00000139496;ENSG00000102978;ENSG00000102900;ENSG00000069248;ENSG00000120253;ENSG00000153201;ENSG00000058804;ENSG00000144231"
"REACTOME","REACTOME_NEGATIVE_REGULATION_OF_THE_PI3K_AKT_NETWORK",0.412608225108225,0.661113141432165,0.0217807587437876,-0.329875127339167,-1.02909572419026,105,"ENSG00000254647;ENSG00000185737;ENSG00000105568;ENSG00000105221;ENSG00000140538;ENSG00000145675;ENSG00000157168;ENSG00000066468;ENSG00000160867;ENSG00000141506;ENSG00000138685;ENSG00000113070;ENSG00000178568;ENSG00000179295;ENSG00000134853;ENSG00000169047;ENSG00000104695;ENSG00000134962;ENSG00000163235;ENSG00000146648;ENSG00000091831;ENSG00000117461;ENSG00000070388;ENSG00000143398;ENSG00000158815;ENSG00000156427;ENSG00000276293;ENSG00000113721;ENSG00000169752;ENSG00000171862;ENSG00000182866;ENSG00000040199;ENSG00000102678;ENSG00000137713;ENSG00000186111;ENSG00000070193;ENSG00000176697;ENSG00000010810;ENSG00000166225;ENSG00000113575"
"REACTOME","REACTOME_REGULATION_OF_HSF1_MEDIATED_HEAT_SHOCK_RESPONSE",0.410495133305121,0.661113141432165,0.022522066727351,-0.341290748690477,-1.02853265117357,81,"ENSG00000213024;ENSG00000146072;ENSG00000165868;ENSG00000163002;ENSG00000160570;ENSG00000149257;ENSG00000155304;ENSG00000132182;ENSG00000151929;ENSG00000139496;ENSG00000106211;ENSG00000112208;ENSG00000102900;ENSG00000096717;ENSG00000082701;ENSG00000069248;ENSG00000149311;ENSG00000109971;ENSG00000120253;ENSG00000153201;ENSG00000132383;ENSG00000058804;ENSG00000120694;ENSG00000113013;ENSG00000149196;ENSG00000044574"
"REACTOME","REACTOME_TRANS_GOLGI_NETWORK_VESICLE_BUDDING",0.419558359621451,0.661113141432165,0.0224350400847643,-0.346805423954217,-1.0270160572699,72,"ENSG00000105402;ENSG00000109686;ENSG00000087086;ENSG00000092531;ENSG00000107295;ENSG00000105612;ENSG00000152056;ENSG00000122126;ENSG00000189114;ENSG00000116675;ENSG00000239264;ENSG00000146352;ENSG00000003056;ENSG00000130724;ENSG00000142192"
"REACTOME","REACTOME_CELLULAR_RESPONSE_TO_HEAT_STRESS",0.415472779369628,0.661113141432165,0.0218064754381049,-0.331259293386973,-1.02625616650038,99,"ENSG00000213024;ENSG00000204673;ENSG00000146072;ENSG00000165868;ENSG00000163002;ENSG00000160570;ENSG00000149257;ENSG00000152137;ENSG00000155304;ENSG00000132182;ENSG00000151929;ENSG00000139496;ENSG00000106211;ENSG00000112208;ENSG00000102900;ENSG00000096717;ENSG00000230989;ENSG00000082701;ENSG00000069248;ENSG00000149311;ENSG00000109971;ENSG00000120253;ENSG00000153201;ENSG00000132383;ENSG00000005339;ENSG00000058804;ENSG00000120694;ENSG00000113013;ENSG00000149196;ENSG00000044574;ENSG00000165280"
"REACTOME","REACTOME_PARASITE_INFECTION",0.420126155200235,0.661113141432165,0.0227757629222138,-0.357766623641696,-1.02625010721161,58,"ENSG00000254087;ENSG00000134215;ENSG00000132970;ENSG00000061676;ENSG00000150760;ENSG00000138443;ENSG00000273749;ENSG00000163466;ENSG00000112290;ENSG00000097007;ENSG00000165025;ENSG00000123338;ENSG00000175866;ENSG00000167193;ENSG00000160293;ENSG00000115935;ENSG00000010810;ENSG00000099331;ENSG00000198821"
"REACTOME","REACTOME_ACTIVATION_OF_THE_PRE_REPLICATIVE_COMPLEX",0.412134462968024,0.661113141432165,0.0342425086513012,0.349785354447826,1.02117121919454,33,"ENSG00000198056;ENSG00000164815;ENSG00000101868;ENSG00000166508"
"REACTOME","REACTOME_CYTOKINE_SIGNALING_IN_IMMUNE_SYSTEM",0.416920012579935,0.661113141432165,0.0177564306001308,-0.281321566339043,-1.0197206167403,668,"ENSG00000106070;ENSG00000073756;ENSG00000254087;ENSG00000115414;ENSG00000160712;ENSG00000112964;ENSG00000087245;ENSG00000120875;ENSG00000213024;ENSG00000123496;ENSG00000013275;ENSG00000134352;ENSG00000071242;ENSG00000099341;ENSG00000105568;ENSG00000105221;ENSG00000180228;ENSG00000116329;ENSG00000033800;ENSG00000181449;ENSG00000095752;ENSG00000196924;ENSG00000115884;ENSG00000124181;ENSG00000166233;ENSG00000104312;ENSG00000145675;ENSG00000012779;ENSG00000104998;ENSG00000167552;ENSG00000140968;ENSG00000137267;ENSG00000131876;ENSG00000006016;ENSG00000184979;ENSG00000137285;ENSG00000176014;ENSG00000130725;ENSG00000069667;ENSG00000163002;ENSG00000138685;ENSG00000131724;ENSG00000164692;ENSG00000110324;ENSG00000166888;ENSG00000115415;ENSG00000105329;ENSG00000104825;ENSG00000072401;ENSG00000258947;ENSG00000126456;ENSG00000113916;ENSG00000185386;ENSG00000140853;ENSG00000116030;ENSG00000102580;ENSG00000127824;ENSG00000150907;ENSG00000041357;ENSG00000064012;ENSG00000089685;ENSG00000135930;ENSG00000075618;ENSG00000197885;ENSG00000177663;ENSG00000182481;ENSG00000065559;ENSG00000140464;ENSG00000104856;ENSG00000068305;ENSG00000179295;ENSG00000124762;ENSG00000169047;ENSG00000170142;ENSG00000104695;ENSG00000170312;ENSG00000141510;ENSG00000173692;ENSG00000131944;ENSG00000189403;ENSG00000090376;ENSG00000169032;ENSG00000115966;ENSG00000136068;ENSG00000132182;ENSG00000115594;ENSG00000113368;ENSG00000142192;ENSG00000028137;ENSG00000171150;ENSG00000187790;ENSG00000143384;ENSG00000117461;ENSG00000128604;ENSG00000165025;ENSG00000136997;ENSG00000172183;ENSG00000139496;ENSG00000167553;ENSG00000157368;ENSG00000103653;ENSG00000034152;ENSG00000150093;ENSG00000064666;ENSG00000105053;ENSG00000110321;ENSG00000100985;ENSG00000113494;ENSG00000108424;ENSG00000055208;ENSG00000122691;ENSG00000120738;ENSG00000186197;ENSG00000153094;ENSG00000100485;ENSG00000101871;ENSG00000073331;ENSG00000152104;ENSG00000133703;ENSG00000151694;ENSG00000123416;ENSG00000129351;ENSG00000185745;ENSG00000167193;ENSG00000102900;ENSG00000143621;ENSG00000118260;ENSG00000101665"
"REACTOME","REACTOME_COPII_MEDIATED_VESICLE_TRANSPORT",0.420233463035019,0.661113141432165,0.037396361434556,0.300965820956898,1.00646656798706,66,"ENSG00000196459;ENSG00000114270;ENSG00000105829;ENSG00000197249;ENSG00000198734;ENSG00000185010;ENSG00000206560;ENSG00000143786;ENSG00000121542;ENSG00000054116;ENSG00000169223;ENSG00000170043;ENSG00000138073;ENSG00000167632;ENSG00000134265;ENSG00000093183;ENSG00000174871;ENSG00000167110;ENSG00000152700;ENSG00000138768;ENSG00000114745;ENSG00000182400;ENSG00000150961;ENSG00000092108"
"REACTOME","REACTOME_CO_STIMULATION_BY_CD28",0.422552288572295,0.663844216115646,0.0232067437495815,-0.376928653268583,-1.02731548559349,43,"ENSG00000254087;ENSG00000105568;ENSG00000105221;ENSG00000145675;ENSG00000141506"
"REACTOME","REACTOME_ROLE_OF_LAT2_NTAL_LAB_ON_CALCIUM_MOBILIZATION",0.430287648054145,0.665517110052757,0.0247083865417471,-0.459768201988147,-1.03539755017731,16,"ENSG00000254087;ENSG00000145675;ENSG00000165025;ENSG00000086730"
"REACTOME","REACTOME_SIGNALING_BY_ALK",0.428092577813248,0.665517110052757,0.0238342039568971,-0.405702051491709,-1.02971557204441,29,"ENSG00000120217;ENSG00000110492;ENSG00000124181;ENSG00000145675;ENSG00000171094;ENSG00000169375;ENSG00000105894;ENSG00000169047;ENSG00000136997"
"REACTOME","REACTOME_ERK_MAPK_TARGETS",0.429548107387027,0.665517110052757,0.0244952079175507,-0.430560786684519,-1.02553266072841,21,"ENSG00000120875;ENSG00000071242;ENSG00000105568;ENSG00000185386;ENSG00000068305;ENSG00000104695;ENSG00000105053"
"REACTOME","REACTOME_E2F_MEDIATED_REGULATION_OF_DNA_REPLICATION",0.426774780738044,0.665517110052757,0.0244760079391778,-0.425923289962761,-1.02475659237734,22,"ENSG00000105568;ENSG00000115942;ENSG00000091651;ENSG00000114126;ENSG00000134057;ENSG00000104695;ENSG00000170312;ENSG00000085840;ENSG00000198176;ENSG00000101412;ENSG00000137713;ENSG00000139687;ENSG00000113575"
"REACTOME","REACTOME_SCF_SKP2_MEDIATED_DEGRADATION_OF_P27_P21",0.426246640788295,0.665517110052757,0.0228260182989026,-0.365222231907834,-1.02313072865553,50,"ENSG00000013275;ENSG00000099341;ENSG00000105173;ENSG00000041357;ENSG00000124762;ENSG00000173692;ENSG00000173207;ENSG00000123374;ENSG00000145386;ENSG00000100804;ENSG00000175166;ENSG00000108671;ENSG00000110092;ENSG00000101213;ENSG00000108344"
"REACTOME","REACTOME_CYCLIN_D_ASSOCIATED_EVENTS_IN_G1",0.43033218097099,0.665517110052757,0.022781336708526,-0.368170990726611,-1.01999865532318,47,"ENSG00000254087;ENSG00000105568;ENSG00000112242;ENSG00000123080;ENSG00000105173;ENSG00000114126;ENSG00000124762;ENSG00000104695;ENSG00000097007;ENSG00000173207;ENSG00000123374;ENSG00000198176;ENSG00000101412;ENSG00000137713;ENSG00000139687;ENSG00000113575"
"REACTOME","REACTOME_CELLULAR_RESPONSE_TO_HYPOXIA",0.431041999709345,0.665517110052757,0.0222201387102157,-0.351312892921706,-1.01774656280785,62,"ENSG00000164442;ENSG00000013275;ENSG00000099341;ENSG00000269858;ENSG00000124440;ENSG00000072401;ENSG00000041357;ENSG00000173692"
"REACTOME","REACTOME_CIRCADIAN_CLOCK",0.428763080225382,0.665517110052757,0.021052725757175,-0.324167831577897,-1.01765422490975,110,"ENSG00000110090;ENSG00000013275;ENSG00000099341;ENSG00000029153;ENSG00000069667;ENSG00000105516;ENSG00000163884;ENSG00000072401;ENSG00000186298;ENSG00000151014;ENSG00000041357;ENSG00000082014;ENSG00000173692;ENSG00000115966;ENSG00000134107;ENSG00000180530;ENSG00000108557;ENSG00000179094;ENSG00000170485"
"REACTOME","REACTOME_ACTIVATION_OF_IRF3_IRF7_MEDIATED_BY_TBK1_IKK_IKBKE",0.431213017751479,0.665517110052757,0.0313408280039714,0.408935488721456,1.01763460444395,17,"ENSG00000185507;ENSG00000123240;ENSG00000127666;ENSG00000143947;ENSG00000183735;ENSG00000221983;ENSG00000263528;ENSG00000170315"
"REACTOME","REACTOME_POLYMERASE_SWITCHING_ON_THE_C_STRAND_OF_THE_TELOMERE",0.425284316318434,0.665517110052757,0.0329645228841272,0.367737256852272,1.01301531439842,26,"ENSG00000198056;ENSG00000175482;ENSG00000101868;ENSG00000107960;ENSG00000128513"
"REACTOME","REACTOME_FATTY_ACYL_COA_BIOSYNTHESIS",0.427729441481897,0.665517110052757,0.0340301242667663,0.344765324316201,1.01213435614018,35,"ENSG00000140284;ENSG00000204228;ENSG00000143554;ENSG00000221988;ENSG00000169710;ENSG00000176715;ENSG00000068366;ENSG00000149084"
"REACTOME","REACTOME_ATF4_ACTIVATES_GENES_IN_RESPONSE_TO_ENDOPLASMIC_RETICULUM_STRESS",0.431202315180216,0.665517110052757,0.0325908383807256,0.36268022113545,1.01074331623582,27,"ENSG00000070669;ENSG00000172216;ENSG00000162772;ENSG00000140694;ENSG00000175197;ENSG00000169429"
"REACTOME","REACTOME_SARS_COV_1_ACTIVATES_MODULATES_INNATE_IMMUNE_RESPONSES",0.42995444191344,0.665517110052757,0.0342157870484692,0.337106904208749,1.00958594719689,38,"ENSG00000115267;ENSG00000123609;ENSG00000149476;ENSG00000088888;ENSG00000133661;ENSG00000121060;ENSG00000143947;ENSG00000183735;ENSG00000221983;ENSG00000197111;ENSG00000154174;ENSG00000263528"
"REACTOME","REACTOME_RNA_POLYMERASE_III_TRANSCRIPTION_INITIATION_FROM_TYPE_3_PROMOTER",0.432689764612536,0.666892614199836,0.0326265664694886,0.356886104663534,1.00469412785374,28,"ENSG00000121851;ENSG00000168495;ENSG00000100413;ENSG00000163882;ENSG00000186184;ENSG00000161980;ENSG00000013503;ENSG00000132664;ENSG00000241258;ENSG00000148606;ENSG00000171453;ENSG00000100142"
"REACTOME","REACTOME_REGULATION_OF_RUNX1_EXPRESSION_AND_ACTIVITY",0.436596030945173,0.671033047439487,0.024367764741698,-0.451924399712949,-1.03033362896985,17,"ENSG00000140464;ENSG00000179295;ENSG00000126070;ENSG00000092847;ENSG00000078687;ENSG00000123908;ENSG00000090905;ENSG00000110092;ENSG00000159216"
"REACTOME","REACTOME_SOMITOGENESIS",0.436771164622141,0.671033047439487,0.0226648152822933,-0.371991575679294,-1.01784869002654,44,"ENSG00000116106;ENSG00000013275;ENSG00000099341;ENSG00000041357;ENSG00000173692"
"REACTOME","REACTOME_THE_CANONICAL_RETINOID_CYCLE_IN_RODS_TWILIGHT_VISION",0.437143565583933,0.671033047439487,0.0311896144173204,0.395428154649038,1.00975380654903,19,"ENSG00000145476;ENSG00000265203;ENSG00000072042;ENSG00000118271;ENSG00000135437"
"REACTOME","REACTOME_SIGNALING_BY_NOTCH2",0.437805454832098,0.671144566694159,0.0232703924930912,-0.393212738339247,-1.01876138385219,33,"ENSG00000110492;ENSG00000134250;ENSG00000114315;ENSG00000101384;ENSG00000205155;ENSG00000196782;ENSG00000197921;ENSG00000138613;ENSG00000100453;ENSG00000143801;ENSG00000018236"
"REACTOME","REACTOME_SIGNAL_AMPLIFICATION",0.440122166854204,0.673789177482443,0.02349874328398,-0.404136414088791,-1.01997350571036,28,"ENSG00000176533;ENSG00000116711;ENSG00000111664;ENSG00000172380;ENSG00000127837;ENSG00000078369;ENSG00000006638;ENSG00000156052"
"REACTOME","REACTOME_EGFR_DOWNREGULATION",0.441683810729546,0.67436710512192,0.0231894419555492,-0.398593910483249,-1.01932507989576,30,"ENSG00000063245;ENSG00000107295;ENSG00000113070;ENSG00000102606;ENSG00000127527;ENSG00000163235;ENSG00000146648;ENSG00000136738"
"REACTOME","REACTOME_PIWI_INTERACTING_RNA_PIRNA_BIOGENESIS",0.441247387879762,0.67436710512192,0.0234574445337431,-0.406810714171025,-1.01532191721647,26,"ENSG00000099817;ENSG00000105258;ENSG00000185697;ENSG00000173809;ENSG00000102978;ENSG00000156414;ENSG00000179598"
"REACTOME","REACTOME_INOSITOL_PHOSPHATE_METABOLISM",0.443559296557944,0.676324014430386,0.0223002857489942,-0.365051514446166,-1.01135630790443,47,"ENSG00000124181;ENSG00000122126;ENSG00000173598;ENSG00000040933;ENSG00000104643;ENSG00000161714;ENSG00000101333;ENSG00000196368;ENSG00000086544;ENSG00000100253;ENSG00000151689;ENSG00000141401;ENSG00000133731;ENSG00000171862;ENSG00000122824;ENSG00000068383"
"REACTOME","REACTOME_HSF1_DEPENDENT_TRANSACTIVATION",0.44427196522819,0.676505037961108,0.0227869130257434,-0.383138327687916,-1.01204398426182,36,"ENSG00000204673;ENSG00000146072;ENSG00000160570;ENSG00000149257;ENSG00000152137"
"REACTOME","REACTOME_TERMINATION_OF_O_GLYCAN_BIOSYNTHESIS",0.445014662756598,0.676731242830127,0.0305805284090173,0.40949654244469,1.00670864160603,16,"ENSG00000073849;ENSG00000126091;ENSG00000173702;ENSG00000171195;ENSG00000110080;ENSG00000176945"
"REACTOME","REACTOME_FCERI_MEDIATED_MAPK_ACTIVATION",0.446228940324358,0.677673017372592,0.0229440865655545,-0.394570595523592,-1.01416300228005,31,"ENSG00000254087;ENSG00000134215;ENSG00000124181;ENSG00000065559;ENSG00000165025;ENSG00000095015;ENSG00000133703;ENSG00000160293;ENSG00000170345"
"REACTOME","REACTOME_RESPONSE_OF_EIF2AK1_HRI_TO_HEME_DEFICIENCY",0.446890878296637,0.677774581065072,0.0303161727380477,0.416297234696394,1.00751040546451,15,"ENSG00000070669;ENSG00000130741;ENSG00000172216;ENSG00000101255;ENSG00000162772;ENSG00000125977;ENSG00000175197;ENSG00000128965"
"REACTOME","REACTOME_HH_MUTANTS_ABROGATE_LIGAND_SECRETION",0.447941888619855,0.678465174385658,0.0222521346383621,-0.367949635603901,-1.01062620824502,45,"ENSG00000013275;ENSG00000099341;ENSG00000072849;ENSG00000041357;ENSG00000173692;ENSG00000054392"
"REACTOME","REACTOME_PEPTIDE_LIGAND_BINDING_RECEPTORS",0.448680351906158,0.678681169749156,0.0416673669983408,0.270133613324465,0.997842330457389,128,"ENSG00000278195;ENSG00000119973;ENSG00000161921;ENSG00000170775;ENSG00000258839;ENSG00000139874;ENSG00000144648;ENSG00000143184;ENSG00000013583;ENSG00000006210;ENSG00000047597;ENSG00000162009;ENSG00000143185;ENSG00000186867;ENSG00000169429;ENSG00000126010"
"REACTOME","REACTOME_PKA_MEDIATED_PHOSPHORYLATION_OF_CREB",0.450661752387335,0.678973195726421,0.0237857196707869,-0.43585032515837,-1.01642862502021,19,"ENSG00000121281;ENSG00000173175;ENSG00000155897;ENSG00000183943;ENSG00000108946;ENSG00000005249;ENSG00000118260"
"REACTOME","REACTOME_SIGNALING_BY_NOTCH3",0.449721929956411,0.678973195726421,0.0220824474422395,-0.363653026115628,-1.00748186843863,47,"ENSG00000114315;ENSG00000113645;ENSG00000101384;ENSG00000074181;ENSG00000115415;ENSG00000163909;ENSG00000205155;ENSG00000196782;ENSG00000197921;ENSG00000138613;ENSG00000143801;ENSG00000164683;ENSG00000146648;ENSG00000013810"
"REACTOME","REACTOME_INTERLEUKIN_3_INTERLEUKIN_5_AND_GM_CSF_SIGNALING",0.450622646973646,0.678973195726421,0.0336146421505993,0.328016043079857,0.997868471865066,41,"ENSG00000105639;ENSG00000105647;ENSG00000173757;ENSG00000135605;ENSG00000051382;ENSG00000111679;ENSG00000143947;ENSG00000126561;ENSG00000164924;ENSG00000121879;ENSG00000033327;ENSG00000091181;ENSG00000177885;ENSG00000165458;ENSG00000221983;ENSG00000095585"
"REACTOME","REACTOME_GAP_FILLING_DNA_REPAIR_SYNTHESIS_AND_LIGATION_IN_GG_NER",0.45129608758654,0.679030705100488,0.0231204769713147,-0.406532722021426,-1.00921109983302,25,"ENSG00000062822;ENSG00000105486;ENSG00000073050;ENSG00000133119;ENSG00000111445"
"REACTOME","REACTOME_CD209_DC_SIGN_SIGNALING",0.459205897135199,0.686146361878223,0.0234810268832093,-0.432503701461281,-1.00862410147958,19,"ENSG00000254087;ENSG00000104856;ENSG00000133703;ENSG00000005339;ENSG00000010810"
"REACTOME","REACTOME_CONVERSION_FROM_APC_C_CDC20_TO_APC_C_CDH1_IN_LATE_ANAPHASE",0.462651805024122,0.686146361878223,0.0232472094116832,-0.425800348117582,-1.00466017710476,20,"ENSG00000108106;ENSG00000072401;ENSG00000196510;ENSG00000175063;ENSG00000170142;ENSG00000117399"
"REACTOME","REACTOME_DEGRADATION_OF_AXIN",0.462440956879476,0.686146361878223,0.0218580715513318,-0.369892072321863,-1.00325144121027,42,"ENSG00000013275;ENSG00000099341;ENSG00000107854;ENSG00000041357;ENSG00000173692"
"REACTOME","REACTOME_ADIPOGENESIS",0.461527967257844,0.686146361878223,0.0201793957835896,-0.323493444844392,-1.00279157821544,100,"ENSG00000170365;ENSG00000071655;ENSG00000161281;ENSG00000175445;ENSG00000063322;ENSG00000181444;ENSG00000170004;ENSG00000105329;ENSG00000175221;ENSG00000196498;ENSG00000057935;ENSG00000082014;ENSG00000162521;ENSG00000122877;ENSG00000153187;ENSG00000132964;ENSG00000104973;ENSG00000155111;ENSG00000124151;ENSG00000169884;ENSG00000109424;ENSG00000156603;ENSG00000105085;ENSG00000142611;ENSG00000160563;ENSG00000042429;ENSG00000123066;ENSG00000221818;ENSG00000181856;ENSG00000075292;ENSG00000005339;ENSG00000125686"
"REACTOME","REACTOME_HDMS_DEMETHYLATE_HISTONES",0.462062698773285,0.686146361878223,0.0217756218851449,-0.366334749234539,-1.0023704002938,44,"ENSG00000170854;ENSG00000117139;ENSG00000132510;ENSG00000183878;ENSG00000172943;ENSG00000197061;ENSG00000127663;ENSG00000089094;ENSG00000173120;ENSG00000012817"
"REACTOME","REACTOME_CILIUM_ASSEMBLY",0.461519667725385,0.686146361878223,0.0185166042203274,-0.299161415663163,-1.0018375937982,199,"ENSG00000168385;ENSG00000121289;ENSG00000128602;ENSG00000007047;ENSG00000105568;ENSG00000179941;ENSG00000101367;ENSG00000156973;ENSG00000167552;ENSG00000137267;ENSG00000137285;ENSG00000176014;ENSG00000101004;ENSG00000153317;ENSG00000258947;ENSG00000077380;ENSG00000127824;ENSG00000103769;ENSG00000182504;ENSG00000123810;ENSG00000196230;ENSG00000151849;ENSG00000048342;ENSG00000175970;ENSG00000163093;ENSG00000249115;ENSG00000117650;ENSG00000170312;ENSG00000131351;ENSG00000170027;ENSG00000103494;ENSG00000090565;ENSG00000197557;ENSG00000136811;ENSG00000167553;ENSG00000166851;ENSG00000113966;ENSG00000152760;ENSG00000136861;ENSG00000186638;ENSG00000175216;ENSG00000005249;ENSG00000114107;ENSG00000142731;ENSG00000083312;ENSG00000204104;ENSG00000113971;ENSG00000182473;ENSG00000123416;ENSG00000169379;ENSG00000214367;ENSG00000150753;ENSG00000213066;ENSG00000007168;ENSG00000148019;ENSG00000147400"
"REACTOME","REACTOME_COPI_MEDIATED_ANTEROGRADE_TRANSPORT",0.458549931600547,0.686146361878223,0.0203199312458395,-0.324000070545807,-1.00124603809354,97,"ENSG00000254647;ENSG00000160460;ENSG00000105402;ENSG00000167552;ENSG00000137267;ENSG00000105438;ENSG00000137285;ENSG00000176014;ENSG00000258947;ENSG00000077380;ENSG00000127824;ENSG00000086598;ENSG00000135720;ENSG00000167553;ENSG00000133103;ENSG00000123416;ENSG00000197694;ENSG00000106636;ENSG00000077549;ENSG00000134970;ENSG00000004059;ENSG00000166557"
"REACTOME","REACTOME_REGULATION_OF_TP53_ACTIVITY_THROUGH_PHOSPHORYLATION",0.458706742037777,0.686146361878223,0.0204344529994522,-0.326105762028131,-1.00021492899671,91,"ENSG00000118046;ENSG00000197299;ENSG00000136492;ENSG00000185386;ENSG00000133119;ENSG00000138346;ENSG00000141510;ENSG00000174371;ENSG00000087586;ENSG00000178913;ENSG00000138376;ENSG00000111445;ENSG00000088325;ENSG00000176749;ENSG00000163781;ENSG00000165632;ENSG00000270647;ENSG00000164938;ENSG00000177302;ENSG00000113456;ENSG00000178999;ENSG00000123374;ENSG00000163349;ENSG00000130699;ENSG00000149311;ENSG00000092201;ENSG00000132383;ENSG00000012048;ENSG00000127445;ENSG00000198625;ENSG00000149554;ENSG00000145386"
"REACTOME","REACTOME_SIGNALING_BY_THE_B_CELL_RECEPTOR_BCR",0.461032735241748,0.686146361878223,0.0202562638677872,-0.324683922229937,-0.999745182145078,93,"ENSG00000254087;ENSG00000013275;ENSG00000099341;ENSG00000145675;ENSG00000123104;ENSG00000104825;ENSG00000041357;ENSG00000138814;ENSG00000173692;ENSG00000172575;ENSG00000165025;ENSG00000072736;ENSG00000144935;ENSG00000133703;ENSG00000147010;ENSG00000172175"
"REACTOME","REACTOME_RHO_GTPASES_ACTIVATE_WASPS_AND_WAVES",0.45814606741573,0.686146361878223,0.032686317971351,0.337261684929367,0.9986137352768,36,"ENSG00000241685;ENSG00000106299;ENSG00000130429;ENSG00000015285;ENSG00000102882;ENSG00000162704"
"REACTOME","REACTOME_TOLL_LIKE_RECEPTOR_9_TLR9_CASCADE",0.45823754789272,0.686146361878223,0.0391519644289041,0.276735740143276,0.993143807132101,105,"ENSG00000177189;ENSG00000174516;ENSG00000117676;ENSG00000185507;ENSG00000050748;ENSG00000108984;ENSG00000114738;ENSG00000184216;ENSG00000160959;ENSG00000198001;ENSG00000160703;ENSG00000162889;ENSG00000102882;ENSG00000100324;ENSG00000244687;ENSG00000127666;ENSG00000197329;ENSG00000157625;ENSG00000177606;ENSG00000143947;ENSG00000100784;ENSG00000109339;ENSG00000196455;ENSG00000077150;ENSG00000108861;ENSG00000055130;ENSG00000168884;ENSG00000112062;ENSG00000104365"
"REACTOME","REACTOME_SLC_MEDIATED_TRANSPORT_OF_NEUROTRANSMITTERS",0.46585940127817,0.68818044325743,0.0233110681854237,-0.44115215225849,-1.00577419199552,17,"ENSG00000101438;ENSG00000104888;ENSG00000103546"
"REACTOME","REACTOME_NEGATIVE_REGULATION_OF_MAPK_PATHWAY",0.465640713088527,0.68818044325743,0.0217499698947484,-0.369304935088795,-1.00165895972894,42,"ENSG00000143507;ENSG00000188130;ENSG00000120875;ENSG00000105568;ENSG00000011485;ENSG00000089220;ENSG00000104695;ENSG00000169032;ENSG00000089234"
"REACTOME","REACTOME_NEGATIVE_REGULATION_OF_FGFR2_SIGNALING",0.466805979746022,0.68818044325743,0.0225548615894722,-0.395944477785458,-0.999298412601752,28,"ENSG00000105568;ENSG00000066468;ENSG00000138685;ENSG00000179295;ENSG00000104695;ENSG00000070388;ENSG00000158815;ENSG00000156427;ENSG00000102678;ENSG00000070193;ENSG00000166225;ENSG00000113575;ENSG00000110395"
"REACTOME","REACTOME_DARPP_32_EVENTS",0.466175266175266,0.68818044325743,0.0228764801286867,-0.41025582685277,-0.998521497775922,23,"ENSG00000184588;ENSG00000105568;ENSG00000113448;ENSG00000138814;ENSG00000104695;ENSG00000108946;ENSG00000005249"
"REACTOME","REACTOME_WNT_LIGAND_BIOGENESIS_AND_TRAFFICKING",0.467648518947543,0.68818044325743,0.0229893650041456,-0.414363202121701,-0.996943423896639,22,"ENSG00000114251;ENSG00000143816;ENSG00000108379;ENSG00000188064;ENSG00000169884;ENSG00000111237;ENSG00000002745;ENSG00000116729"
"REACTOME","REACTOME_TRAF6_MEDIATED_NF_KB_ACTIVATION",0.467539132666153,0.68818044325743,0.0305702641619783,0.367098180801426,0.986104543702914,23,"ENSG00000115267;ENSG00000146833;ENSG00000088888;ENSG00000121060;ENSG00000181481;ENSG00000077150;ENSG00000104365"
"REACTOME","REACTOME_CONDENSATION_OF_PROPHASE_CHROMOSOMES",0.46928426543031,0.68880770402722,0.0208463157678016,-0.342754753560068,-0.99605774607812,63,"ENSG00000132475;ENSG00000113810;ENSG00000134057;ENSG00000183955;ENSG00000170312;ENSG00000188486;ENSG00000136824;ENSG00000166851;ENSG00000172943;ENSG00000197061;ENSG00000163041;ENSG00000105968;ENSG00000139687;ENSG00000196890;ENSG00000275713;ENSG00000203852;ENSG00000119335;ENSG00000025770;ENSG00000274641;ENSG00000147316"
"REACTOME","REACTOME_HDR_THROUGH_HOMOLOGOUS_RECOMBINATION_HRR",0.468848693654895,0.68880770402722,0.0207184678325502,-0.337379960761621,-0.995445133367806,70,"ENSG00000197299;ENSG00000062822;ENSG00000136492;ENSG00000108384;ENSG00000178295;ENSG00000133119;ENSG00000138346;ENSG00000174371;ENSG00000138376;ENSG00000111445;ENSG00000132436;ENSG00000163781;ENSG00000177302;ENSG00000185379;ENSG00000113456;ENSG00000111247;ENSG00000149311;ENSG00000139618;ENSG00000132383;ENSG00000012048"
"REACTOME","REACTOME_SEMA4D_INDUCED_CELL_MIGRATION_AND_GROWTH_CONE_COLLAPSE",0.472105880381974,0.689303799791569,0.0230348108085409,-0.428707336937018,-0.999770755845223,19,"ENSG00000105357;ENSG00000155366;ENSG00000067900;ENSG00000172602;ENSG00000182541;ENSG00000106683;ENSG00000187764;ENSG00000092841"
"REACTOME","REACTOME_TELOMERE_MAINTENANCE",0.47362012987013,0.689303799791569,0.0196587236200171,-0.319782895012654,-0.997611467651967,105,"ENSG00000183207;ENSG00000197299;ENSG00000062822;ENSG00000105486;ENSG00000099817;ENSG00000132475;ENSG00000105258;ENSG00000140451;ENSG00000136982;ENSG00000133119;ENSG00000138346;ENSG00000111445;ENSG00000127586;ENSG00000188486;ENSG00000168496;ENSG00000085224;ENSG00000102978;ENSG00000197061;ENSG00000147601;ENSG00000166848;ENSG00000123374;ENSG00000163041;ENSG00000105968;ENSG00000204209"
"REACTOME","REACTOME_RAB_REGULATION_OF_TRAFFICKING",0.471958925750395,0.689303799791569,0.0193010779658804,-0.312883421104016,-0.993525224330797,121,"ENSG00000166128;ENSG00000167994;ENSG00000123892;ENSG00000105221;ENSG00000168461;ENSG00000118508;ENSG00000104946;ENSG00000107036;ENSG00000029725;ENSG00000105339;ENSG00000105186;ENSG00000154917;ENSG00000103769;ENSG00000174485;ENSG00000011454;ENSG00000165699;ENSG00000213047;ENSG00000103365;ENSG00000203879;ENSG00000206418;ENSG00000140941;ENSG00000177169;ENSG00000205744;ENSG00000203668;ENSG00000170456;ENSG00000175984;ENSG00000198837;ENSG00000125875;ENSG00000175463"
"REACTOME","REACTOME_FGFR2_MUTANT_RECEPTOR_ACTIVATION",0.473955813578455,0.689303799791569,0.0223647829682691,-0.395233619947871,-0.992685081478153,27,"ENSG00000066468;ENSG00000099817;ENSG00000105258;ENSG00000138685;ENSG00000102978;ENSG00000070388;ENSG00000158815;ENSG00000156427;ENSG00000102678;ENSG00000070193;ENSG00000144231"
"REACTOME","REACTOME_RAB_GERANYLGERANYLATION",0.474210373804694,0.689303799791569,0.0206855390713868,-0.34146797867307,-0.992318331583233,63,"ENSG00000117280;ENSG00000166128;ENSG00000123892;ENSG00000168461;ENSG00000118508;ENSG00000167578;ENSG00000109113;ENSG00000154917;ENSG00000103769"
"REACTOME","REACTOME_SEMA4D_IN_SEMAPHORIN_SIGNALING",0.474692874692875,0.689303799791569,0.0225877443609548,-0.407634518935874,-0.992141497454197,23,"ENSG00000160007;ENSG00000105357;ENSG00000155366;ENSG00000067900;ENSG00000172602;ENSG00000182541;ENSG00000106683;ENSG00000187764;ENSG00000092841"
"REACTOME","REACTOME_PROCESSIVE_SYNTHESIS_ON_THE_LAGGING_STRAND",0.472296152915558,0.689303799791569,0.0292988356681409,0.409247687904302,0.990449298267821,15,"ENSG00000198056;ENSG00000175482;ENSG00000101868"
"REACTOME","REACTOME_VXPX_CARGO_TARGETING_TO_CILIUM",0.475068905036332,0.689303799791569,0.0298317197809657,0.379062848865101,0.981866714377397,20,"ENSG00000131558;ENSG00000138190;ENSG00000112685;ENSG00000132259;ENSG00000180104;ENSG00000127328"
"REACTOME","REACTOME_EVASION_BY_RSV_OF_HOST_INTERFERON_RESPONSES",0.474492451847996,0.689303799791569,0.0305600077370596,0.3614482719786,0.979737492434682,24,"ENSG00000115267;ENSG00000088888;ENSG00000121060;ENSG00000143947;ENSG00000221983;ENSG00000142166;ENSG00000170315;ENSG00000055332"
"REACTOME","REACTOME_ABERRANT_REGULATION_OF_MITOTIC_EXIT_IN_CANCER_DUE_TO_RB1_DEFECTS",0.476958908667443,0.691165645002821,0.0227590567264933,-0.4211592902353,-0.993709772638015,20,"ENSG00000108106;ENSG00000072401;ENSG00000196510;ENSG00000175063;ENSG00000170142"
"REACTOME","REACTOME_PHASE_4_RESTING_MEMBRANE_POTENTIAL",0.479145644130508,0.693452209230811,0.0228596364782779,-0.43651612390978,-0.995204601339277,17,"ENSG00000124780;ENSG00000168135;ENSG00000135750;ENSG00000171303;ENSG00000124249;ENSG00000169427;ENSG00000082482"
"REACTOME","REACTOME_PROTEIN_UBIQUITINATION",0.481241184767278,0.695601154124276,0.0200493706916889,-0.329388159494728,-0.990178190097922,79,"ENSG00000006712;ENSG00000108106;ENSG00000176641;ENSG00000140395;ENSG00000140367;ENSG00000072401;ENSG00000099804;ENSG00000175063;ENSG00000131871;ENSG00000170142;ENSG00000124486;ENSG00000070950;ENSG00000134371;ENSG00000170035;ENSG00000253729;ENSG00000137815;ENSG00000107341;ENSG00000187555;ENSG00000104343"
"REACTOME","REACTOME_REGULATION_OF_FZD_BY_UBIQUITINATION",0.483330541129167,0.695971537732138,0.0226592941355964,-0.425662152839248,-0.99266920720165,19,"ENSG00000174804;ENSG00000164930;ENSG00000101282;ENSG00000177283"
"REACTOME","REACTOME_PYROPTOSIS",0.48290812072703,0.695971537732138,0.0225987248994441,-0.414889021861302,-0.98820481487133,21,"ENSG00000087088;ENSG00000172115;ENSG00000100453;ENSG00000141510;ENSG00000189403;ENSG00000130724;ENSG00000105928"
"REACTOME","REACTOME_SYNTHESIS_OF_LEUKOTRIENES_LT_AND_EOXINS_EX",0.482649071358749,0.695971537732138,0.0290860458768323,0.398774017757602,0.980348325599739,16,"ENSG00000186529;ENSG00000162889;ENSG00000106853;ENSG00000111144"
"REACTOME","REACTOME_GABA_B_RECEPTOR_ACTIVATION",0.484591679506934,0.696906468381815,0.0213021424335557,-0.370009278969524,-0.986337803116194,38,"ENSG00000121281;ENSG00000176533;ENSG00000173175;ENSG00000168135;ENSG00000155897;ENSG00000111664;ENSG00000172380"
"REACTOME","REACTOME_REGULATION_OF_ORNITHINE_DECARBOXYLASE_ODC",0.486594761171032,0.698024474778093,0.0212380808461584,-0.369583846699218,-0.98520372363571,38,"ENSG00000013275;ENSG00000099341;ENSG00000180304;ENSG00000041357;ENSG00000173692"
"REACTOME","REACTOME_ROS_AND_RNS_PRODUCTION_IN_PHAGOCYTES",0.486471713582946,0.698024474778093,0.0310082318686816,0.334763378228376,0.977315724458507,33,"ENSG00000116039;ENSG00000128524;ENSG00000155097;ENSG00000171130;ENSG00000159720;ENSG00000018280;ENSG00000117410;ENSG00000250565;ENSG00000051523;ENSG00000047249;ENSG00000128340;ENSG00000164867;ENSG00000151418"
"REACTOME","REACTOME_REGULATION_OF_HOMOTYPIC_CELL_CELL_ADHESION",0.488568284631373,0.699973932320923,0.0176862035286079,-0.295470145010121,-0.989859929405782,202,"ENSG00000071564;ENSG00000013275;ENSG00000099341;ENSG00000135074;ENSG00000140479;ENSG00000067225;ENSG00000171940;ENSG00000132475;ENSG00000149451;ENSG00000196781;ENSG00000118707;ENSG00000163909;ENSG00000044115;ENSG00000041357;ENSG00000175029;ENSG00000183955;ENSG00000162521;ENSG00000152784;ENSG00000134910;ENSG00000126070;ENSG00000173692;ENSG00000140612;ENSG00000188486;ENSG00000139880;ENSG00000172167;ENSG00000136997;ENSG00000092847;ENSG00000134909;ENSG00000164733;ENSG00000197061;ENSG00000078687;ENSG00000122691;ENSG00000168036;ENSG00000150394;ENSG00000126016;ENSG00000129351;ENSG00000096717;ENSG00000163041;ENSG00000105968;ENSG00000124216;ENSG00000123908;ENSG00000121741;ENSG00000163131;ENSG00000177485;ENSG00000143632;ENSG00000186111;ENSG00000139687;ENSG00000140564;ENSG00000010810;ENSG00000196890;ENSG00000140262;ENSG00000275713;ENSG00000065970;ENSG00000118363;ENSG00000203852;ENSG00000090905;ENSG00000100804;ENSG00000175166;ENSG00000225663;ENSG00000140937;ENSG00000274641;ENSG00000101266"
"REACTOME","REACTOME_STRIATED_MUSCLE_CONTRACTION",0.489317930052223,0.700074043471337,0.0215668466408855,-0.385482766321952,-0.985795922228662,30,"ENSG00000077522;ENSG00000140416;ENSG00000167460;ENSG00000105048;ENSG00000175084"
"REACTOME","REACTOME_TAK1_DEPENDENT_IKK_AND_NF_KAPPA_B_ACTIVATION",0.489867438671339,0.700074043471337,0.0209610914131814,-0.362561288165526,-0.983368290636429,42,"ENSG00000104312;ENSG00000184979;ENSG00000104825;ENSG00000140853;ENSG00000064012;ENSG00000197885;ENSG00000141510;ENSG00000189403;ENSG00000142192;ENSG00000055208;ENSG00000073331"
"REACTOME","REACTOME_ENERGY_DEPENDENT_REGULATION_OF_MTOR_BY_LKB1_AMPK",0.491404390372917,0.701390476985906,0.0302058792293513,0.343689542181606,0.967543595344366,28,"ENSG00000106617;ENSG00000177058;ENSG00000131791;ENSG00000106615;ENSG00000181929;ENSG00000188186;ENSG00000100614;ENSG00000162409"
"REACTOME","REACTOME_SIGNALING_BY_NOTCH1_HD_DOMAIN_MUTANTS_IN_CANCER",0.492136462617953,0.701556233944742,0.0285554492181889,0.402785958749029,0.974810810142913,15,"ENSG00000107954;ENSG00000198719;ENSG00000214357;ENSG00000143947"
"REACTOME","REACTOME_SIGNALING_BY_EGFR_IN_CANCER",0.493993506493506,0.70332325487013,0.0218167772698277,-0.397737601629121,-0.978254766359968,24,"ENSG00000124181;ENSG00000145675;ENSG00000113070;ENSG00000163235;ENSG00000146648"
"REACTOME","REACTOME_INTEGRIN_SIGNALING",0.49685534591195,0.705268683038653,0.021622510658181,-0.389147447834616,-0.977398800263174,27,"ENSG00000115414;ENSG00000172575;ENSG00000165025;ENSG00000103653;ENSG00000259207;ENSG00000167193"
"REACTOME","REACTOME_CGMP_EFFECTS",0.497217517541737,0.705268683038653,0.0283716689736199,0.401284785622434,0.971177714798066,15,"ENSG00000138735;ENSG00000115252;ENSG00000138669"
"REACTOME","REACTOME_CYTOSOLIC_SENSORS_OF_PATHOGEN_ASSOCIATED_DNA",0.497133757961783,0.705268683038653,0.0335508100250612,0.293970171188849,0.969976486799289,61,"ENSG00000169871;ENSG00000185507;ENSG00000132109;ENSG00000121851;ENSG00000168495;ENSG00000100413;ENSG00000127666;ENSG00000213689;ENSG00000143947;ENSG00000077150;ENSG00000163882;ENSG00000186184;ENSG00000104365;ENSG00000164430;ENSG00000183258;ENSG00000183735;ENSG00000161980;ENSG00000013503;ENSG00000132664;ENSG00000221983;ENSG00000241258;ENSG00000196419;ENSG00000170315;ENSG00000269335;ENSG00000148606;ENSG00000164342;ENSG00000171453;ENSG00000100142"
"REACTOME","REACTOME_POTENTIAL_THERAPEUTICS_FOR_SARS",0.502627939142462,0.707655405047298,0.0190971483806049,-0.319663753802459,-0.978328803724985,90,"ENSG00000160712;ENSG00000105409;ENSG00000071655;ENSG00000137731;ENSG00000036257;ENSG00000042753;ENSG00000170004;ENSG00000196961;ENSG00000143153;ENSG00000057935;ENSG00000162521;ENSG00000196230;ENSG00000116044;ENSG00000115594;ENSG00000067900;ENSG00000165025;ENSG00000137726;ENSG00000150093;ENSG00000111707;ENSG00000069849;ENSG00000147010;ENSG00000115232"
"REACTOME","REACTOME_DEPOSITION_OF_NEW_CENPA_CONTAINING_NUCLEOSOMES_AT_THE_CENTROMERE",0.50159005492917,0.707655405047298,0.0197933851570147,-0.333817722477228,-0.976423265429977,66,"ENSG00000123485;ENSG00000159055;ENSG00000166451;ENSG00000102384;ENSG00000138092;ENSG00000162521;ENSG00000104147;ENSG00000120334;ENSG00000188486;ENSG00000197061;ENSG00000105968;ENSG00000137812;ENSG00000145241;ENSG00000151725;ENSG00000196890;ENSG00000129534;ENSG00000275713;ENSG00000203760;ENSG00000100162;ENSG00000274641;ENSG00000115163;ENSG00000123219;ENSG00000048649;ENSG00000153147"
"REACTOME","REACTOME_INWARDLY_RECTIFYING_K_CHANNELS",0.501503402437094,0.707655405047298,0.0211841358304768,-0.381417594781544,-0.975400050148748,30,"ENSG00000176533;ENSG00000006071;ENSG00000168135;ENSG00000111664;ENSG00000121361;ENSG00000172380"
"REACTOME","REACTOME_SIGNALING_BY_NTRK2_TRKB",0.500974025974026,0.707655405047298,0.021597177421611,-0.39567058476374,-0.973170838935397,24,"ENSG00000124181;ENSG00000145675;ENSG00000179295;ENSG00000176749;ENSG00000133703;ENSG00000176697;ENSG00000010810;ENSG00000166225"
"REACTOME","REACTOME_SIGNALING_BY_RETINOIC_ACID",0.499575191163976,0.707655405047298,0.0311788775098507,0.325784863985616,0.970885890104637,37,"ENSG00000131828;ENSG00000072042;ENSG00000240857;ENSG00000005882;ENSG00000091140;ENSG00000157326;ENSG00000135437;ENSG00000164687;ENSG00000187758;ENSG00000131759;ENSG00000112033"
"REACTOME","REACTOME_DISEASES_OF_CARBOHYDRATE_METABOLISM",0.502307901167526,0.707655405047298,0.0302860025206102,0.341385708055683,0.968089560686413,30,"ENSG00000056998;ENSG00000138030;ENSG00000108784;ENSG00000143947;ENSG00000115850;ENSG00000171298;ENSG00000165102;ENSG00000177156;ENSG00000141349;ENSG00000169738;ENSG00000221983"
"REACTOME","REACTOME_PLASMA_LIPOPROTEIN_ASSEMBLY",0.504174476060658,0.70808227895572,0.0222574754265934,-0.439120292134368,-0.977290576047409,15,"ENSG00000165029;ENSG00000130203;ENSG00000130208;ENSG00000168487"
"REACTOME","REACTOME_SIGNALING_BY_CYTOSOLIC_FGFR1_FUSION_MUTANTS",0.504133625780327,0.70808227895572,0.0221035302120679,-0.422742959016132,-0.971670478112572,18,"ENSG00000124831;ENSG00000145675;ENSG00000115415;ENSG00000186716;ENSG00000111605;ENSG00000213066;ENSG00000121741"
"REACTOME","REACTOME_INTRINSIC_PATHWAY_OF_FIBRIN_CLOT_FORMATION",0.504942201373764,0.708287151926992,0.0219671367097621,-0.418932388322634,-0.976975000040404,19,"ENSG00000135919;ENSG00000137509;ENSG00000108561;ENSG00000184500;ENSG00000131187"
"REACTOME","REACTOME_DEGRADATION_OF_CRY_AND_PER_PROTEINS",0.50744248985115,0.710045449558305,0.0202155089217756,-0.34997127888311,-0.973326798212072,48,"ENSG00000013275;ENSG00000099341;ENSG00000072401;ENSG00000041357;ENSG00000173692;ENSG00000179094;ENSG00000132326;ENSG00000049246;ENSG00000121671;ENSG00000166167;ENSG00000100804;ENSG00000175166;ENSG00000108671;ENSG00000108344"
"REACTOME","REACTOME_RECOGNITION_AND_ASSOCIATION_OF_DNA_GLYCOSYLASE_WITH_SITE_CONTAINING_AN_AFFECTED_PURINE",0.507012831990451,0.710045449558305,0.0318949747934007,0.309564388387566,0.97102248046336,48,"ENSG00000128513;ENSG00000180573;ENSG00000246705;ENSG00000132781;ENSG00000185130;ENSG00000158373;ENSG00000270882;ENSG00000102977;ENSG00000184678;ENSG00000233822;ENSG00000197903;ENSG00000180596;ENSG00000277075;ENSG00000278705;ENSG00000103152;ENSG00000197837;ENSG00000132604;ENSG00000124635;ENSG00000270276;ENSG00000092330;ENSG00000277224"
"REACTOME","REACTOME_ABC_TRANSPORTER_DISORDERS",0.509014810045074,0.711371617964834,0.0332983312213635,0.289635676989306,0.967452502526521,65,"ENSG00000005471;ENSG00000091262;ENSG00000168216;ENSG00000167972;ENSG00000147475;ENSG00000161057;ENSG00000127922;ENSG00000119688"
"REACTOME","REACTOME_TRANSPORT_OF_THE_SLBP_DEPENDANT_MATURE_MRNA",0.511331884507917,0.7137340887923,0.0205872813039267,-0.366090437360625,-0.967012689809484,36,"ENSG00000213024;ENSG00000163002;ENSG00000132182;ENSG00000139496;ENSG00000102900;ENSG00000069248;ENSG00000120253;ENSG00000153201;ENSG00000058804;ENSG00000162231;ENSG00000030066;ENSG00000196313;ENSG00000157020;ENSG00000108559;ENSG00000272391"
"REACTOME","REACTOME_BLOOD_GROUP_SYSTEMS_BIOSYNTHESIS",0.512521150592217,0.714518470654265,0.0218891339708054,-0.431138335594906,-0.970923118502216,16,"ENSG00000064225;ENSG00000174951;ENSG00000162630;ENSG00000172318"
"REACTOME","REACTOME_SIGNALING_BY_FGFR1_IN_DISEASE",0.513466958972753,0.714961939205337,0.0206573848003479,-0.370296331501338,-0.966342286520213,34,"ENSG00000124831;ENSG00000124181;ENSG00000145675;ENSG00000138685;ENSG00000115415;ENSG00000158815;ENSG00000186716;ENSG00000133703;ENSG00000111605;ENSG00000213066;ENSG00000121741;ENSG00000102678;ENSG00000166225"
"REACTOME","REACTOME_FOXO_MEDIATED_TRANSCRIPTION_OF_CELL_CYCLE_GENES",0.515228426395939,0.716538678467613,0.0218064754381049,-0.43027081546727,-0.96896946400632,16,"ENSG00000116717;ENSG00000133639;ENSG00000150907;ENSG00000124762;ENSG00000138764;ENSG00000090097"
"REACTOME","REACTOME_ABERRANT_REGULATION_OF_MITOTIC_G1_S_TRANSITION_IN_CANCER_DUE_TO_RB1_DEFECTS",0.51732256979482,0.716547713973626,0.0216478964751679,-0.425236745023283,-0.969488965299196,17,"ENSG00000112242;ENSG00000105173;ENSG00000114126;ENSG00000124762;ENSG00000123374;ENSG00000198176;ENSG00000101412;ENSG00000139687"
"REACTOME","REACTOME_ACETYLCHOLINE_NEUROTRANSMITTER_RELEASE_CYCLE",0.519172552976791,0.716547713973626,0.0215921170649836,-0.424788548908246,-0.968467131713777,17,"ENSG00000177380;ENSG00000136854;ENSG00000139220;ENSG00000168993;ENSG00000131626;ENSG00000005379;ENSG00000105649;ENSG00000115665"
"REACTOME","REACTOME_APOPTOTIC_FACTOR_MEDIATED_RESPONSE",0.516053901181168,0.716547713973626,0.0215164619053811,-0.410024209197266,-0.967436960656523,20,"ENSG00000105483;ENSG00000108561;ENSG00000087088;ENSG00000172115;ENSG00000184047;ENSG00000105928;ENSG00000101966"
"REACTOME","REACTOME_DEVELOPMENTAL_CELL_LINEAGES_OF_THE_INTEGUMENTARY_SYSTEM",0.518622941089182,0.716547713973626,0.0196846721853154,-0.343124369117743,-0.966910056870215,52,"ENSG00000140545;ENSG00000161249;ENSG00000082175;ENSG00000118777;ENSG00000165272;ENSG00000272398;ENSG00000163235;ENSG00000146648;ENSG00000091831;ENSG00000150093;ENSG00000143631;ENSG00000165092;ENSG00000010438;ENSG00000186395;ENSG00000132470;ENSG00000130176"
"REACTOME","REACTOME_SIGNALING_BY_ACTIVIN",0.521863437605113,0.716547713973626,0.0215114348302808,-0.423746504944246,-0.96609139599414,17,"ENSG00000163083;ENSG00000070404"
"REACTOME","REACTOME_PD_L1_CD274_GLYCOSYLATION_AND_TRANSLOCATION_TO_PLASMA_MEMBRANE",0.520690232869827,0.716547713973626,0.0214863304063947,-0.41401007008001,-0.965495864028645,19,"ENSG00000120217;ENSG00000163527;ENSG00000134910"
"REACTOME","REACTOME_DOWNREGULATION_OF_ERBB2_SIGNALING",0.520173605529658,0.716547713973626,0.020860603947406,-0.382195665593993,-0.96459868329896,28,"ENSG00000185737;ENSG00000105221;ENSG00000157168;ENSG00000113070;ENSG00000178568;ENSG00000146648"
"REACTOME","REACTOME_DOWNSTREAM_SIGNALING_EVENTS_OF_B_CELL_RECEPTOR_BCR",0.522476798143852,0.716547713973626,0.0192257726748739,-0.330428596163445,-0.963779245972853,65,"ENSG00000013275;ENSG00000099341;ENSG00000104825;ENSG00000041357;ENSG00000138814;ENSG00000173692;ENSG00000172575;ENSG00000072736;ENSG00000133703;ENSG00000172175;ENSG00000135341;ENSG00000213341;ENSG00000166167;ENSG00000100804;ENSG00000175166;ENSG00000101096"
"REACTOME","REACTOME_SMAD2_SMAD3_SMAD4_HETEROTRIMER_REGULATES_TRANSCRIPTION",0.516609748525303,0.716547713973626,0.0204298515001083,-0.364779398295276,-0.96354963455415,36,"ENSG00000177426;ENSG00000164692;ENSG00000118707;ENSG00000114126;ENSG00000132964;ENSG00000136997;ENSG00000198176;ENSG00000101665"
"REACTOME","REACTOME_MATURATION_OF_DENV_PROTEINS",0.524057615691082,0.716547713973626,0.0317711239893025,0.302497043302578,0.963061788977586,52,"ENSG00000149380;ENSG00000119673;ENSG00000138669;ENSG00000179085;ENSG00000114902;ENSG00000127022;ENSG00000122884;ENSG00000072682;ENSG00000136908;ENSG00000143947;ENSG00000118705;ENSG00000118137"
"REACTOME","REACTOME_PRE_NOTCH_PROCESSING_IN_GOLGI",0.520836848321242,0.716547713973626,0.0215921170649836,-0.417960528027809,-0.960678108149086,18,"ENSG00000134250;ENSG00000064225;ENSG00000074181;ENSG00000086598"
"REACTOME","REACTOME_RRNA_MODIFICATION_IN_THE_MITOCHONDRION",0.524109729085023,0.716547713973626,0.0216478964751679,-0.431520750192785,-0.960377304547962,15,"ENSG00000182768;ENSG00000122085;ENSG00000210082;ENSG00000118246"
"REACTOME","REACTOME_INSULIN_RECEPTOR_RECYCLING",0.521290663845543,0.716547713973626,0.0291228068013242,0.338578700951893,0.953155721720855,28,"ENSG00000171105;ENSG00000142949;ENSG00000116039;ENSG00000128524"
"REACTOME","REACTOME_FRS_MEDIATED_FGFR3_SIGNALING",0.524193548387097,0.716547713973626,0.0276122240716951,0.387102595519895,0.951655234428842,16,"ENSG00000138675;ENSG00000068078"
"REACTOME","REACTOME_PARACETAMOL_ADME",0.524671460451277,0.716547713973626,0.0278521041678586,0.371414836441983,0.948434097311414,19,"ENSG00000171428;ENSG00000243989;ENSG00000084207;ENSG00000261052;ENSG00000196620;ENSG00000125257;ENSG00000213648;ENSG00000023839;ENSG00000114770;ENSG00000131067"
"REACTOME","REACTOME_NOTCH2_ACTIVATION_AND_TRANSMISSION_OF_SIGNAL_TO_THE_NUCLEUS",0.525470925470925,0.716780100732197,0.0209947715892826,-0.393780731664752,-0.958422769991017,23,"ENSG00000110492;ENSG00000134250;ENSG00000101384;ENSG00000205155;ENSG00000138613;ENSG00000143801;ENSG00000018236"
"REACTOME","REACTOME_TRP_CHANNELS",0.529207347344034,0.721013359599109,0.0210430476328877,-0.397871484481571,-0.957264925984899,22,"ENSG00000133107;ENSG00000130529;ENSG00000144481;ENSG00000055732;ENSG00000144935;ENSG00000137672;ENSG00000167723;ENSG00000119121"
"REACTOME","REACTOME_DEADENYLATION_DEPENDENT_MRNA_DECAY",0.531356194006796,0.72135244931316,0.0316594945330265,0.296660892956183,0.958963180077087,56,"ENSG00000070756;ENSG00000113300;ENSG00000135473;ENSG00000182973;ENSG00000063046;ENSG00000140694;ENSG00000155508;ENSG00000080802;ENSG00000164167;ENSG00000151065;ENSG00000158435;ENSG00000198677;ENSG00000114127"
"REACTOME","REACTOME_THROMBOXANE_SIGNALLING_THROUGH_TP_RECEPTOR",0.531265632816408,0.72135244931316,0.0211012316255368,-0.401835173260712,-0.957112461591331,21,"ENSG00000176533;ENSG00000111664;ENSG00000172380;ENSG00000127837;ENSG00000078369;ENSG00000006638;ENSG00000156052;ENSG00000156049"
"REACTOME","REACTOME_TELOMERE_C_STRAND_LAGGING_STRAND_SYNTHESIS",0.530692139054181,0.72135244931316,0.0201523806155801,-0.365732919585968,-0.954433397531893,34,"ENSG00000197299;ENSG00000062822;ENSG00000105486;ENSG00000136982;ENSG00000133119;ENSG00000138346;ENSG00000111445;ENSG00000127586;ENSG00000168496;ENSG00000147601;ENSG00000166848"
"REACTOME","REACTOME_DENGUE_VIRUS_ACTIVATES_MODULATES_INNATE_AND_ADAPTIVE_IMMUNE_RESPONSES",0.532228360957643,0.721676313250899,0.0286527576993215,0.339389267447223,0.945834411924926,27,"ENSG00000115267;ENSG00000244731;ENSG00000088888;ENSG00000224389;ENSG00000198730;ENSG00000121060;ENSG00000109072;ENSG00000118137;ENSG00000080824;ENSG00000096384;ENSG00000164430"
"REACTOME","REACTOME_ADP_SIGNALLING_THROUGH_P2Y_PURINOCEPTOR_1",0.537812344861824,0.726742514109062,0.0207940681390106,-0.395435241393212,-0.9514034100165,22,"ENSG00000176533;ENSG00000116711;ENSG00000111664;ENSG00000172380;ENSG00000078369;ENSG00000156052;ENSG00000156049"
"REACTOME","REACTOME_FORMATION_OF_THE_EARLY_ELONGATION_COMPLEX",0.537442850386253,0.726742514109062,0.0200627577742511,-0.366601034254177,-0.949814033380087,33,"ENSG00000196235;ENSG00000104884;ENSG00000099817;ENSG00000105258"
"REACTOME","REACTOME_PI_3K_CASCADE_FGFR1",0.537878787878788,0.726742514109062,0.0271612837153758,0.383276312472019,0.942248678303772,16,"ENSG00000133116;ENSG00000138675"
"REACTOME","REACTOME_DEGRADATION_OF_DVL",0.539557441648985,0.727285119571827,0.0194064380706192,-0.349902403414789,-0.953655696793791,43,"ENSG00000013275;ENSG00000099341;ENSG00000036257;ENSG00000041357;ENSG00000173692"
"REACTOME","REACTOME_DNA_DAMAGE_RECOGNITION_IN_GG_NER",0.53944530046225,0.727285119571827,0.0196587236200171,-0.35692295318021,-0.95145344057847,38,"ENSG00000198612;ENSG00000105619;ENSG00000144524;ENSG00000114933;ENSG00000136518;ENSG00000143799"
"REACTOME","REACTOME_METABOLISM_OF_POLYAMINES",0.540986085904416,0.728348879249563,0.019334695250735,-0.345344077619588,-0.951911118774751,46,"ENSG00000013275;ENSG00000099341;ENSG00000088826;ENSG00000180304;ENSG00000041357;ENSG00000173692;ENSG00000142920"
"REACTOME","REACTOME_SYNTHESIS_OF_VERY_LONG_CHAIN_FATTY_ACYL_COAS",0.542669942669943,0.729753323141753,0.020499056300524,-0.388856273474945,-0.946437133113797,23,"ENSG00000164398;ENSG00000074696;ENSG00000123983;ENSG00000165996"
"REACTOME","REACTOME_REGULATION_OF_CDH1_POSTTRANSLATIONAL_PROCESSING_AND_TRAFFICKING_TO_PLASMA_MEMBRANE",0.544608648056924,0.731495529125579,0.0289491002571879,0.326918723610975,0.943967879347466,32,"ENSG00000151150;ENSG00000114902;ENSG00000127022;ENSG00000115275;ENSG00000130175;ENSG00000130714;ENSG00000118705;ENSG00000089597;ENSG00000009830;ENSG00000198856;ENSG00000039068;ENSG00000163902;ENSG00000244038"
"REACTOME","REACTOME_DOWNREGULATION_OF_TGF_BETA_RECEPTOR_SIGNALING",0.545249959813535,0.731495529125579,0.0201388953348788,-0.377366805830412,-0.941835540320882,26,"ENSG00000157077;ENSG00000105329;ENSG00000186298;ENSG00000095739;ENSG00000087074;ENSG00000106799;ENSG00000108389;ENSG00000124225;ENSG00000101665"
"REACTOME","REACTOME_TRANSCRIPTION_OF_E2F_TARGETS_UNDER_NEGATIVE_CONTROL_BY_P107_RBL1_AND_P130_RBL2_IN_COMPLEX_WITH_HDAC1",0.547715736040609,0.733939086294416,0.0208558393657093,-0.419492080124039,-0.944695762345069,16,"ENSG00000114126;ENSG00000162521;ENSG00000170312;ENSG00000267796;ENSG00000198176;ENSG00000183814;ENSG00000101412;ENSG00000205659;ENSG00000145386"
"REACTOME","REACTOME_SPHINGOLIPID_METABOLISM",0.551245406288281,0.735033493793749,0.0174887171408878,-0.307605577127276,-0.95491729828386,101,"ENSG00000115525;ENSG00000078124;ENSG00000063176;ENSG00000100422;ENSG00000133275;ENSG00000105287;ENSG00000172292;ENSG00000180801;ENSG00000174951;ENSG00000103056;ENSG00000204386;ENSG00000128699;ENSG00000118777;ENSG00000169255;ENSG00000223802;ENSG00000115825;ENSG00000204099;ENSG00000003056;ENSG00000103018;ENSG00000197746;ENSG00000184304;ENSG00000135454;ENSG00000113273;ENSG00000168350;ENSG00000166105;ENSG00000163590"
"REACTOME","REACTOME_PI_METABOLISM",0.550499827645639,0.735033493793749,0.033099561009158,0.274988402408527,0.953333723606386,82,"ENSG00000105647;ENSG00000176783;ENSG00000107679;ENSG00000109452;ENSG00000038210;ENSG00000133812;ENSG00000051382;ENSG00000145779;ENSG00000153982;ENSG00000241973;ENSG00000143850;ENSG00000105559;ENSG00000196455;ENSG00000134287;ENSG00000180957;ENSG00000143393;ENSG00000185361;ENSG00000163629;ENSG00000052126;ENSG00000032444;ENSG00000171100;ENSG00000107242;ENSG00000121879;ENSG00000168118;ENSG00000165458;ENSG00000011405;ENSG00000166912"
"REACTOME","REACTOME_CLEC7A_DECTIN_1_SIGNALING",0.555367470729299,0.735033493793749,0.0179055699061551,-0.315034878077217,-0.949406509271553,81,"ENSG00000013275;ENSG00000099341;ENSG00000123104;ENSG00000130725;ENSG00000072401;ENSG00000099804;ENSG00000041357;ENSG00000064012;ENSG00000138814;ENSG00000104856;ENSG00000173692;ENSG00000165025;ENSG00000072736;ENSG00000055208"
"REACTOME","REACTOME_TRANSLOCATION_OF_SLC2A4_GLUT4_TO_THE_PLASMA_MEMBRANE",0.55262399077278,0.735033493793749,0.0183018411139917,-0.32230529856794,-0.949010899124791,69,"ENSG00000105221;ENSG00000092531;ENSG00000167552;ENSG00000137267;ENSG00000137285;ENSG00000176014;ENSG00000258947;ENSG00000127824;ENSG00000103769;ENSG00000170027;ENSG00000188559;ENSG00000167553;ENSG00000119729;ENSG00000065882;ENSG00000182473;ENSG00000134308;ENSG00000123416"
"REACTOME","REACTOME_SIGNALING_BY_NOTCH1",0.555174875089222,0.735033493793749,0.0180869068184981,-0.318775980327846,-0.948214419654946,74,"ENSG00000061273;ENSG00000065717;ENSG00000114315;ENSG00000109670;ENSG00000101384;ENSG00000196781;ENSG00000163909;ENSG00000205155;ENSG00000196782;ENSG00000197921;ENSG00000196498;ENSG00000138613;ENSG00000143801;ENSG00000132964;ENSG00000187957;ENSG00000164683;ENSG00000018236;ENSG00000136997;ENSG00000068024"
"REACTOME","REACTOME_GLUCOSE_METABOLISM",0.556276445698166,0.735033493793749,0.017879342517541,-0.315064112002988,-0.947118477684444,79,"ENSG00000170525;ENSG00000123836;ENSG00000213024;ENSG00000105568;ENSG00000105220;ENSG00000152254;ENSG00000067225;ENSG00000163002;ENSG00000159322;ENSG00000104695;ENSG00000152556;ENSG00000132182;ENSG00000139496;ENSG00000113552;ENSG00000111674;ENSG00000102900;ENSG00000188316;ENSG00000069248;ENSG00000171314;ENSG00000173599;ENSG00000159399;ENSG00000137713;ENSG00000120253;ENSG00000153201;ENSG00000058804;ENSG00000113575"
"REACTOME","REACTOME_TP53_REGULATES_TRANSCRIPTION_OF_DNA_REPAIR_GENES",0.553920139900903,0.735033493793749,0.0184263432174778,-0.327747909803289,-0.946777986028405,61,"ENSG00000196235;ENSG00000104884;ENSG00000099817;ENSG00000105258;ENSG00000140525;ENSG00000141510;ENSG00000115966;ENSG00000102978;ENSG00000144554;ENSG00000185379;ENSG00000011007;ENSG00000154582;ENSG00000149311;ENSG00000170345;ENSG00000092201;ENSG00000012048;ENSG00000144231;ENSG00000149554;ENSG00000137337"
"REACTOME","REACTOME_SCF_BETA_TRCP_MEDIATED_DEGRADATION_OF_EMI1",0.550358067956727,0.735033493793749,0.0191882918008837,-0.348420032170885,-0.945013222986312,42,"ENSG00000013275;ENSG00000099341;ENSG00000041357;ENSG00000173692;ENSG00000117399;ENSG00000112029"
"REACTOME","REACTOME_REGULATION_OF_SIGNALING_BY_CBL",0.553109888277472,0.735033493793749,0.0204805633909048,-0.395104767070666,-0.941081620926506,21,"ENSG00000254087;ENSG00000145675;ENSG00000117461;ENSG00000165025"
"REACTOME","REACTOME_ABORTIVE_ELONGATION_OF_HIV_1_TRANSCRIPT_IN_THE_ABSENCE_OF_TAT",0.552661752661753,0.735033493793749,0.0202200305586269,-0.385756909049484,-0.938893591241383,23,"ENSG00000196235;ENSG00000099817;ENSG00000105258"
"REACTOME","REACTOME_BRANCHED_CHAIN_AMINO_ACID_CATABOLISM",0.551310861423221,0.735033493793749,0.0271060140527064,0.353411744076726,0.92947687415191,21,"ENSG00000078070;ENSG00000091140;ENSG00000119711;ENSG00000106049;ENSG00000075239;ENSG00000148090;ENSG00000151498"
"REACTOME","REACTOME_NEGATIVE_REGULATION_OF_MET_ACTIVITY",0.556251566023553,0.735033493793749,0.0270118177076338,0.357008723329513,0.924741063992702,20,"ENSG00000105976;ENSG00000144749;ENSG00000143947;ENSG00000177885;ENSG00000221983;ENSG00000170315;ENSG00000138592;ENSG00000115145;ENSG00000141985"
"REACTOME","REACTOME_ABC_TRANSPORTERS_IN_LIPID_HOMEOSTASIS",0.557300613496932,0.735533486411363,0.0266190573072269,0.368583798589074,0.930286170437428,18,"ENSG00000167972;ENSG00000154265;ENSG00000107331;ENSG00000118137;ENSG00000154258;ENSG00000034693"
"REACTOME","REACTOME_SIGNALLING_TO_RAS",0.558476127100316,0.735994287701126,0.0202971548798136,-0.39690931708034,-0.936492857639345,20,"ENSG00000129946;ENSG00000188130;ENSG00000185386;ENSG00000134259;ENSG00000133703"
"REACTOME","REACTOME_DISASSEMBLY_OF_THE_DESTRUCTION_COMPLEX_AND_RECRUITMENT_OF_AXIN_TO_THE_MEMBRANE",0.558942106111917,0.735994287701126,0.0198108689005535,-0.371567076147673,-0.933243212733019,27,"ENSG00000133275;ENSG00000105568;ENSG00000104695;ENSG00000168036;ENSG00000134982;ENSG00000082701;ENSG00000137713;ENSG00000163251;ENSG00000113575;ENSG00000161202;ENSG00000112640"
"REACTOME","REACTOME_DNA_REPLICATION",0.562758102865724,0.736968777947486,0.015961202007294,-0.289463354722952,-0.956495010455358,175,"ENSG00000108106;ENSG00000013275;ENSG00000099341;ENSG00000140521;ENSG00000062822;ENSG00000105486;ENSG00000115942;ENSG00000132475;ENSG00000099821;ENSG00000072401;ENSG00000091651;ENSG00000105173;ENSG00000041357;ENSG00000196510;ENSG00000175063;ENSG00000133119;ENSG00000170142;ENSG00000065328;ENSG00000138346;ENSG00000173692;ENSG00000147536;ENSG00000111445;ENSG00000188486;ENSG00000168496;ENSG00000197061;ENSG00000085840;ENSG00000177302;ENSG00000108424"
"REACTOME","REACTOME_INTERLEUKIN_1_SIGNALING",0.56421139101862,0.736968777947486,0.0172336545797434,-0.306787734889652,-0.94725126396932,96,"ENSG00000013275;ENSG00000099341;ENSG00000104312;ENSG00000184979;ENSG00000104825;ENSG00000140853;ENSG00000041357;ENSG00000064012;ENSG00000197885;ENSG00000065559;ENSG00000141510;ENSG00000173692;ENSG00000189403;ENSG00000090376;ENSG00000169032;ENSG00000115594;ENSG00000142192"
"REACTOME","REACTOME_SIGNALING_BY_INSULIN_RECEPTOR",0.562168363688513,0.736968777947486,0.0179694939711885,-0.318082074799738,-0.943512336440713,73,"ENSG00000106070;ENSG00000254647;ENSG00000105221;ENSG00000145675;ENSG00000066468;ENSG00000160867;ENSG00000138685;ENSG00000147416;ENSG00000179295;ENSG00000169047;ENSG00000134962"
"REACTOME","REACTOME_FORMATION_OF_INCISION_COMPLEX_IN_GG_NER",0.562140042437102,0.736968777947486,0.0187913895287776,-0.344205304345539,-0.938128307071495,43,"ENSG00000104884;ENSG00000012061;ENSG00000033800;ENSG00000116030;ENSG00000143799;ENSG00000131788;ENSG00000147400;ENSG00000103275;ENSG00000158290;ENSG00000132383;ENSG00000188612;ENSG00000157450"
"REACTOME","REACTOME_VEGFR2_MEDIATED_CELL_PROLIFERATION",0.563740329633367,0.736968777947486,0.0203199312458395,-0.408276542533953,-0.930821730270517,17,"ENSG00000124181;ENSG00000123104;ENSG00000154229"
"REACTOME","REACTOME_THROMBIN_SIGNALLING_THROUGH_PROTEINASE_ACTIVATED_RECEPTORS_PARS",0.562651185292695,0.736968777947486,0.019710675673393,-0.370227869073482,-0.929879604941417,27,"ENSG00000181104;ENSG00000176533;ENSG00000111664;ENSG00000172380;ENSG00000078369;ENSG00000146535;ENSG00000156052"
"REACTOME","REACTOME_IKK_COMPLEX_RECRUITMENT_MEDIATED_BY_RIP1",0.563526142965395,0.736968777947486,0.0269260763455709,0.347337418345981,0.925774489655218,22,"ENSG00000244687;ENSG00000127666;ENSG00000143947;ENSG00000110330;ENSG00000104365;ENSG00000221983;ENSG00000170315;ENSG00000269335;ENSG00000109332;ENSG00000004139"
"REACTOME","REACTOME_C_TYPE_LECTIN_RECEPTORS_CLRS",0.571872047509785,0.74356422615713,0.016827595383871,-0.302850813450157,-0.946669480058128,107,"ENSG00000254087;ENSG00000013275;ENSG00000099341;ENSG00000123104;ENSG00000130725;ENSG00000072401;ENSG00000099804;ENSG00000041357;ENSG00000064012;ENSG00000138814;ENSG00000104856;ENSG00000173692;ENSG00000165025;ENSG00000072736;ENSG00000055208;ENSG00000133703;ENSG00000172175"
"REACTOME","REACTOME_SIGNALING_BY_ERBB2",0.571492805755396,0.74356422615713,0.0183795090452486,-0.335455600924612,-0.936213619590067,49,"ENSG00000185737;ENSG00000105221;ENSG00000124181;ENSG00000145675;ENSG00000157168;ENSG00000154229;ENSG00000113070;ENSG00000178568"
"REACTOME","REACTOME_CONSTITUTIVE_SIGNALING_BY_LIGAND_RESPONSIVE_EGFR_CANCER_VARIANTS",0.571284972357179,0.74356422615713,0.0200582937888236,-0.397643217587656,-0.927327400190359,19,"ENSG00000124181;ENSG00000145675;ENSG00000146648;ENSG00000133703"
"REACTOME","REACTOME_ANTIGEN_PROCESSING_UB_ATP_INDEPENDENT_PROTEASOMAL_DEGRADATION",0.570047111331515,0.74356422615713,0.0264084663455774,0.360067008763783,0.919456615411333,19,"ENSG00000204264;ENSG00000092010;ENSG00000240065;ENSG00000100911;ENSG00000277791;ENSG00000205220"
"REACTOME","REACTOME_SIGNALING_BY_ERBB2_ECD_MUTANTS",0.572758037225042,0.743867051766617,0.0201703841075602,-0.410716738347444,-0.924933701075574,16,"ENSG00000124181;ENSG00000145675;ENSG00000146648;ENSG00000133703"
"REACTOME","REACTOME_DEVELOPMENTAL_LINEAGE_OF_MAMMARY_GLAND_LUMINAL_EPITHELIAL_CELLS",0.573448677424721,0.743915767183095,0.0198942585004102,-0.391834085342951,-0.924518036015375,20,"ENSG00000082175;ENSG00000272398;ENSG00000163235;ENSG00000091831;ENSG00000150093;ENSG00000165092"
"REACTOME","REACTOME_REGULATION_OF_CDH1_GENE_TRANSCRIPTION",0.575082508250825,0.744373618653123,0.0170185207399593,-0.306785182008749,-0.942884518800811,92,"ENSG00000071564;ENSG00000067225;ENSG00000171940;ENSG00000132475;ENSG00000196781;ENSG00000118707;ENSG00000175029;ENSG00000183955;ENSG00000162521;ENSG00000188486;ENSG00000197061;ENSG00000122691;ENSG00000096717;ENSG00000163041;ENSG00000105968;ENSG00000124216;ENSG00000121741;ENSG00000177485;ENSG00000139687;ENSG00000196890;ENSG00000140262;ENSG00000275713;ENSG00000065970"
"REACTOME","REACTOME_VEGFR2_MEDIATED_VASCULAR_PERMEABILITY",0.575108678151666,0.744373618653123,0.019355752732419,-0.370913088036876,-0.92078591769651,25,"ENSG00000134215;ENSG00000105221;ENSG00000044115;ENSG00000186654;ENSG00000168036"
"REACTOME","REACTOME_CELLULAR_RESPONSES_TO_STIMULI",0.57653585370865,0.744794785423881,0.0127587165032058,-0.267255871656502,-0.976847922538646,863,"ENSG00000106070;ENSG00000087460;ENSG00000115414;ENSG00000082175;ENSG00000164442;ENSG00000140403;ENSG00000138448;ENSG00000118162;ENSG00000108106;ENSG00000213024;ENSG00000204673;ENSG00000013275;ENSG00000163453;ENSG00000071242;ENSG00000099341;ENSG00000121281;ENSG00000176533;ENSG00000105568;ENSG00000106605;ENSG00000105221;ENSG00000125968;ENSG00000112242;ENSG00000105723;ENSG00000146072;ENSG00000126267;ENSG00000090013;ENSG00000161281;ENSG00000173175;ENSG00000154059;ENSG00000167552;ENSG00000165868;ENSG00000269858;ENSG00000126247;ENSG00000137267;ENSG00000271303;ENSG00000001167;ENSG00000106080;ENSG00000116157;ENSG00000105722;ENSG00000115268;ENSG00000132475;ENSG00000196557;ENSG00000137285;ENSG00000036257;ENSG00000176014;ENSG00000069667;ENSG00000187193;ENSG00000142798;ENSG00000163002;ENSG00000155897;ENSG00000065833;ENSG00000111664;ENSG00000151623;ENSG00000172380;ENSG00000123080;ENSG00000115415;ENSG00000160570;ENSG00000185088;ENSG00000124440;ENSG00000149257;ENSG00000142534;ENSG00000105193;ENSG00000072401;ENSG00000258947;ENSG00000185386;ENSG00000105173;ENSG00000077380;ENSG00000157227;ENSG00000152137;ENSG00000051108;ENSG00000102580;ENSG00000196498;ENSG00000127824;ENSG00000211445;ENSG00000118777;ENSG00000041357;ENSG00000132510;ENSG00000087074;ENSG00000083845;ENSG00000113448;ENSG00000114126;ENSG00000169375;ENSG00000082014;ENSG00000162521;ENSG00000173894;ENSG00000172115;ENSG00000217128;ENSG00000196510;ENSG00000116044;ENSG00000147416;ENSG00000175063;ENSG00000065559;ENSG00000111752;ENSG00000071054;ENSG00000178741;ENSG00000105372;ENSG00000124762;ENSG00000001084;ENSG00000155304;ENSG00000131477;ENSG00000182158;ENSG00000170142;ENSG00000169715;ENSG00000126070;ENSG00000184205;ENSG00000141510;ENSG00000078369;ENSG00000173692;ENSG00000135720;ENSG00000118900;ENSG00000142541;ENSG00000110218;ENSG00000108107;ENSG00000115966;ENSG00000097007;ENSG00000132182;ENSG00000151929;ENSG00000113368;ENSG00000188486;ENSG00000153879;ENSG00000091831;ENSG00000198431;ENSG00000180530;ENSG00000105605;ENSG00000108557;ENSG00000136997;ENSG00000139496;ENSG00000167553;ENSG00000092847;ENSG00000089154;ENSG00000106211;ENSG00000034152;ENSG00000116809;ENSG00000156052;ENSG00000150093;ENSG00000165168;ENSG00000170485;ENSG00000197061;ENSG00000141570;ENSG00000108946;ENSG00000149428;ENSG00000078687;ENSG00000005249;ENSG00000118785;ENSG00000259207;ENSG00000147601;ENSG00000186654;ENSG00000077348;ENSG00000168036;ENSG00000159176;ENSG00000163558;ENSG00000166848;ENSG00000123374;ENSG00000140941;ENSG00000144381;ENSG00000166135;ENSG00000123416;ENSG00000127511;ENSG00000129824;ENSG00000112208;ENSG00000172795;ENSG00000162694;ENSG00000174444;ENSG00000102900;ENSG00000096717;ENSG00000118260;ENSG00000198176"
"REACTOME","REACTOME_COMMON_PATHWAY_OF_FIBRIN_CLOT_FORMATION",0.576741879494173,0.744794785423881,0.0262086528104306,0.358300280019742,0.914945148401558,19,"ENSG00000115718;ENSG00000126218;ENSG00000198734;ENSG00000185010"
"REACTOME","REACTOME_TRANSCRIPTIONAL_REGULATION_BY_VENTX",0.580893682588598,0.747613451376738,0.0185481535161878,-0.347211850310247,-0.925566446886664,38,"ENSG00000108106;ENSG00000072401;ENSG00000196510;ENSG00000175063;ENSG00000170142;ENSG00000126070;ENSG00000141510;ENSG00000092847;ENSG00000078687;ENSG00000168036"
"REACTOME","REACTOME_GENE_AND_PROTEIN_EXPRESSION_BY_JAK_STAT_SIGNALING_AFTER_INTERLEUKIN_12_STIMULATION",0.579646017699115,0.747613451376738,0.0280201709936167,0.31568271752239,0.924248199066174,34,"ENSG00000136167;ENSG00000110711;ENSG00000099810;ENSG00000142168;ENSG00000006451;ENSG00000120438;ENSG00000177156;ENSG00000150593;ENSG00000100911;ENSG00000183336;ENSG00000089157;ENSG00000148834"
"REACTOME","REACTOME_GLYCOSPHINGOLIPID_BIOSYNTHESIS",0.580666778354833,0.747613451376738,0.0198108689005535,-0.394519867314183,-0.920043563421925,19,"ENSG00000115525;ENSG00000100422;ENSG00000174951;ENSG00000169255"
"REACTOME","REACTOME_MYD88_INDEPENDENT_TLR4_CASCADE",0.582792207792208,0.74836564224952,0.0165852349853526,-0.30154529154057,-0.940716484680723,105,"ENSG00000120875;ENSG00000071242;ENSG00000105568;ENSG00000104312;ENSG00000184979;ENSG00000104825;ENSG00000072401;ENSG00000126456;ENSG00000185386;ENSG00000140853;ENSG00000064012;ENSG00000197885;ENSG00000065559;ENSG00000068305;ENSG00000179295;ENSG00000104695;ENSG00000141510;ENSG00000189403;ENSG00000169032;ENSG00000115966;ENSG00000142192;ENSG00000034152;ENSG00000105053;ENSG00000055208;ENSG00000073331;ENSG00000118260;ENSG00000135341;ENSG00000166484;ENSG00000170345;ENSG00000137713;ENSG00000170458"
"REACTOME","REACTOME_REGULATION_OF_PD_L1_CD274_POST_TRANSLATIONAL_MODIFICATION",0.582280258354395,0.74836564224952,0.0171415150521277,-0.308958705672658,-0.934607926587301,83,"ENSG00000120217;ENSG00000013275;ENSG00000099341;ENSG00000036257;ENSG00000072849;ENSG00000163527;ENSG00000041357;ENSG00000134910;ENSG00000117650;ENSG00000173692;ENSG00000170027"
"REACTOME","REACTOME_NS1_MEDIATED_EFFECTS_ON_HOST_PATHWAYS",0.586389815095483,0.75213738670468,0.0181632454774484,-0.338434334026625,-0.92239958195572,43,"ENSG00000213024;ENSG00000163002;ENSG00000182481;ENSG00000132182;ENSG00000139496;ENSG00000108424;ENSG00000102900;ENSG00000069248;ENSG00000120253;ENSG00000153201;ENSG00000058804;ENSG00000102753;ENSG00000030066;ENSG00000196313;ENSG00000157020;ENSG00000108559;ENSG00000117228;ENSG00000272391"
"REACTOME","REACTOME_PROCESSING_OF_DNA_DOUBLE_STRAND_BREAK_ENDS",0.589508286536091,0.754438132993941,0.0165987692037546,-0.303704992220622,-0.935148253355613,93,"ENSG00000197299;ENSG00000136492;ENSG00000133119;ENSG00000138346;ENSG00000174371;ENSG00000138376;ENSG00000111445;ENSG00000188486;ENSG00000075131;ENSG00000163781;ENSG00000109685;ENSG00000197061;ENSG00000177302;ENSG00000113456;ENSG00000123374;ENSG00000067369;ENSG00000111602;ENSG00000063978;ENSG00000103275;ENSG00000092853;ENSG00000149311;ENSG00000128731;ENSG00000132383;ENSG00000012048;ENSG00000196890;ENSG00000188612;ENSG00000275713;ENSG00000149554;ENSG00000145386;ENSG00000137337;ENSG00000274641"
"REACTOME","REACTOME_THE_ROLE_OF_NEF_IN_HIV_1_REPLICATION_AND_DISEASE_PATHOGENESIS",0.589055511707445,0.754438132993941,0.0268640784536404,0.328101574797727,0.914377058487001,27,"ENSG00000106367;ENSG00000155849;ENSG00000206503;ENSG00000182287;ENSG00000175115;ENSG00000072958;ENSG00000129354;ENSG00000100280"
"REACTOME","REACTOME_RHOH_GTPASE_CYCLE",0.592953175707,0.757995137071014,0.0182863654043061,-0.345668681317701,-0.917492392176359,37,"ENSG00000113758;ENSG00000130669;ENSG00000137843;ENSG00000067900;ENSG00000103653;ENSG00000173218;ENSG00000146729;ENSG00000123416;ENSG00000182866;ENSG00000144909;ENSG00000165280;ENSG00000116209;ENSG00000242173;ENSG00000180370;ENSG00000072274;ENSG00000176853;ENSG00000137831;ENSG00000149269"
"REACTOME","REACTOME_RNA_POLYMERASE_I_TRANSCRIPTION_TERMINATION",0.59565422768068,0.760594355749209,0.0184969264833752,-0.355167192703264,-0.912884615705687,31,"ENSG00000104884;ENSG00000117877;ENSG00000099817;ENSG00000177469"
"REACTOME","REACTOME_INTERLEUKIN_12_SIGNALING",0.597741094700261,0.76240437498723,0.0282936925560076,0.301613661603267,0.917548912460987,41,"ENSG00000136167;ENSG00000110711;ENSG00000099810;ENSG00000142168;ENSG00000006451;ENSG00000120438;ENSG00000177156;ENSG00000150593;ENSG00000100911;ENSG00000081985;ENSG00000183336;ENSG00000089157;ENSG00000148834"
"REACTOME","REACTOME_NONHOMOLOGOUS_END_JOINING_NHEJ",0.599677938808374,0.763655571770249,0.0301659967174125,0.279255162541765,0.93028325159088,64,"ENSG00000158019;ENSG00000042088;ENSG00000163322;ENSG00000157212;ENSG00000113522;ENSG00000111802;ENSG00000105393;ENSG00000166169;ENSG00000152457;ENSG00000087206;ENSG00000185130;ENSG00000158373;ENSG00000270882;ENSG00000184678;ENSG00000233822;ENSG00000197903;ENSG00000180596;ENSG00000112130;ENSG00000122678;ENSG00000278705;ENSG00000196419"
"REACTOME","REACTOME_SIGNALING_BY_CSF1_M_CSF_IN_MYELOID_CELLS",0.600062982207526,0.763655571770249,0.0183873025226148,-0.353934954850634,-0.909717400372554,31,"ENSG00000254087;ENSG00000145675;ENSG00000115415;ENSG00000179295;ENSG00000157368;ENSG00000133703"
"REACTOME","REACTOME_TRANSCRIPTIONAL_REGULATION_BY_RUNX3",0.602461882780808,0.764634632203433,0.0165886172176233,-0.304503164387308,-0.924179588989171,85,"ENSG00000013275;ENSG00000099341;ENSG00000114315;ENSG00000101384;ENSG00000105329;ENSG00000187079;ENSG00000196782;ENSG00000041357;ENSG00000124762;ENSG00000141510;ENSG00000173692;ENSG00000136997;ENSG00000068024;ENSG00000118785;ENSG00000153094;ENSG00000168036;ENSG00000133703;ENSG00000115232;ENSG00000140836"
"REACTOME","REACTOME_SIGNALLING_TO_ERKS",0.601608071890273,0.764634632203433,0.0183678279613653,-0.351065649157202,-0.909563937498359,33,"ENSG00000129946;ENSG00000188130;ENSG00000185386;ENSG00000169032;ENSG00000134259;ENSG00000143622;ENSG00000133703;ENSG00000167193"
"REACTOME","REACTOME_TGFBR3_EXPRESSION",0.60284626840973,0.764634632203433,0.0190600555213734,-0.37596673129683,-0.904562853195162,22,"ENSG00000071564;ENSG00000196628;ENSG00000129911;ENSG00000126070;ENSG00000092847;ENSG00000078687"
"REACTOME","REACTOME_MISCELLANEOUS_TRANSPORT_AND_BINDING_EVENTS",0.60486643745041,0.765492080284463,0.0264982926291305,0.328792737901665,0.905733842712533,26,"ENSG00000104361;ENSG00000158856;ENSG00000040531;ENSG00000163293;ENSG00000160862;ENSG00000124532"
"REACTOME","REACTOME_VLDLR_INTERNALISATION_AND_DEGRADATION",0.604399323181049,0.765492080284463,0.019355752732419,-0.400553427695201,-0.902045935228524,16,"ENSG00000131408;ENSG00000042753;ENSG00000196961;ENSG00000007944"
"REACTOME","REACTOME_DISEASES_OF_HEMOSTASIS",0.606598984771574,0.766832678862178,0.0193010779658804,-0.399578215654442,-0.899849758647501,16,"ENSG00000108821;ENSG00000164692;ENSG00000115486;ENSG00000169902;ENSG00000131187"
"REACTOME","REACTOME_DEVELOPMENTAL_LINEAGE_OF_MAMMARY_GLAND_MYOEPITHELIAL_CELLS",0.608234714003945,0.768048047949549,0.0252136619638632,0.359118451457006,0.893665072795621,17,"ENSG00000196549;ENSG00000141736"
"REACTOME","REACTOME_REGULATION_OF_RUNX3_EXPRESSION_AND_ACTIVITY",0.609117067999394,0.768310454541872,0.0175907323342711,-0.331667940950527,-0.907514581758536,44,"ENSG00000013275;ENSG00000099341;ENSG00000105329;ENSG00000041357;ENSG00000173692"
"REACTOME","REACTOME_RAB_GEFS_EXCHANGE_GTP_FOR_GDP_ON_RABS",0.614198388441234,0.773862792516112,0.0162085842354694,-0.302057220301102,-0.921784172472893,89,"ENSG00000166128;ENSG00000167994;ENSG00000123892;ENSG00000105221;ENSG00000168461;ENSG00000118508;ENSG00000107036;ENSG00000105339;ENSG00000105186;ENSG00000154917;ENSG00000174485;ENSG00000213047;ENSG00000203879;ENSG00000206418;ENSG00000177169;ENSG00000205744;ENSG00000203668;ENSG00000170456;ENSG00000175984;ENSG00000198837"
"REACTOME","REACTOME_CLASS_I_MHC_MEDIATED_ANTIGEN_PROCESSING_PRESENTATION",0.618042226487524,0.77701438281031,0.0131200764840739,-0.270481807205582,-0.947378399448016,358,"ENSG00000138411;ENSG00000138448;ENSG00000108106;ENSG00000013275;ENSG00000183580;ENSG00000099341;ENSG00000065802;ENSG00000108578;ENSG00000092531;ENSG00000269190;ENSG00000109670;ENSG00000036257;ENSG00000130725;ENSG00000034677;ENSG00000070423;ENSG00000140367;ENSG00000116661;ENSG00000171621;ENSG00000167196;ENSG00000163481;ENSG00000183475;ENSG00000109790;ENSG00000072401;ENSG00000265491;ENSG00000153827;ENSG00000136943;ENSG00000099804;ENSG00000108395;ENSG00000041357;ENSG00000072201;ENSG00000114423;ENSG00000152503;ENSG00000184182;ENSG00000261609;ENSG00000124226;ENSG00000170633;ENSG00000186187;ENSG00000135108;ENSG00000196510;ENSG00000175063;ENSG00000118564;ENSG00000007944;ENSG00000170142;ENSG00000239474;ENSG00000173692;ENSG00000189403;ENSG00000161243;ENSG00000183763;ENSG00000146373;ENSG00000103657;ENSG00000065665;ENSG00000102048;ENSG00000154447;ENSG00000117399;ENSG00000183655;ENSG00000165168;ENSG00000064726;ENSG00000165338;ENSG00000165501"
"REACTOME","REACTOME_UBIQUITIN_DEPENDENT_DEGRADATION_OF_CYCLIN_D",0.61806411837238,0.77701438281031,0.0176347062982835,-0.337415676553015,-0.903259124638392,39,"ENSG00000013275;ENSG00000099341;ENSG00000041357;ENSG00000173692"
"REACTOME","REACTOME_MISMATCH_REPAIR",0.619015164423241,0.77735200912687,0.0191012766955796,-0.398774611652416,-0.887498657920415,15,"ENSG00000062822;ENSG00000105486;ENSG00000174371"
"REACTOME","REACTOME_CELLULAR_SENESCENCE",0.620758234928527,0.778682411435674,0.0144460777915352,-0.281373718217303,-0.932501342723048,180,"ENSG00000108106;ENSG00000163453;ENSG00000071242;ENSG00000125968;ENSG00000112242;ENSG00000105722;ENSG00000132475;ENSG00000123080;ENSG00000072401;ENSG00000185386;ENSG00000105173;ENSG00000132510;ENSG00000114126;ENSG00000162521;ENSG00000173894;ENSG00000196510;ENSG00000175063;ENSG00000065559;ENSG00000111752;ENSG00000071054;ENSG00000124762;ENSG00000170142;ENSG00000126070;ENSG00000141510;ENSG00000118900;ENSG00000113368;ENSG00000188486;ENSG00000092847;ENSG00000034152;ENSG00000197061;ENSG00000141570;ENSG00000078687;ENSG00000147601;ENSG00000166848;ENSG00000123374;ENSG00000198176;ENSG00000134686;ENSG00000163041;ENSG00000105968;ENSG00000101412;ENSG00000197442;ENSG00000168298;ENSG00000166484;ENSG00000149311;ENSG00000170345"
"REACTOME","REACTOME_HCMV_INFECTION",0.624312220089571,0.780236963197961,0.0147822421743418,-0.284694444113805,-0.926589684866308,151,"ENSG00000213024;ENSG00000130726;ENSG00000167552;ENSG00000137267;ENSG00000137285;ENSG00000176014;ENSG00000163002;ENSG00000258947;ENSG00000077380;ENSG00000196498;ENSG00000127824;ENSG00000162521;ENSG00000140464;ENSG00000108468;ENSG00000135720;ENSG00000146648;ENSG00000132182;ENSG00000130724;ENSG00000139496;ENSG00000167553;ENSG00000139722;ENSG00000150093;ENSG00000197061;ENSG00000165119;ENSG00000123416;ENSG00000102900;ENSG00000118260;ENSG00000204209;ENSG00000069248;ENSG00000120253;ENSG00000153201;ENSG00000196890;ENSG00000058804;ENSG00000101162;ENSG00000275713;ENSG00000173213;ENSG00000203852;ENSG00000088986;ENSG00000104833;ENSG00000274641;ENSG00000188229;ENSG00000196747"
"REACTOME","REACTOME_UCH_PROTEINASES",0.624283116519793,0.780236963197961,0.0160713012378503,-0.300874822245157,-0.913167421820425,85,"ENSG00000013275;ENSG00000099341;ENSG00000105619;ENSG00000105329;ENSG00000114933;ENSG00000041357;ENSG00000106799;ENSG00000136518;ENSG00000173692;ENSG00000138376"
"REACTOME","REACTOME_RRNA_PROCESSING_IN_THE_MITOCHONDRION",0.623555034344111,0.780236963197961,0.0187391509567362,-0.381593346646459,-0.889898155996071,19,"ENSG00000182768;ENSG00000122085;ENSG00000210082;ENSG00000118246;ENSG00000072506"
"REACTOME","REACTOME_DOWNSTREAM_SIGNALING_OF_ACTIVATED_FGFR3",0.626646656661664,0.780236963197961,0.0185956281323105,-0.373444800599675,-0.889490756794797,21,"ENSG00000124181;ENSG00000145675;ENSG00000138685;ENSG00000179295;ENSG00000158815;ENSG00000156427;ENSG00000133703;ENSG00000102678;ENSG00000166225"
"REACTOME","REACTOME_REGULATION_OF_NF_KAPPA_B_SIGNALING",0.626792643833305,0.780236963197961,0.0187672520559438,-0.385566004316041,-0.886219618251347,18,"ENSG00000184979;ENSG00000140853;ENSG00000064012;ENSG00000141510"
"REACTOME","REACTOME_MRNA_DECAY_BY_3_TO_5_EXORIBONUCLEASE",0.625549915397631,0.780236963197961,0.0188398060192651,-0.392375341021307,-0.883628891877829,16,"ENSG00000140395;ENSG00000077348;ENSG00000130713;ENSG00000141698;ENSG00000171311;ENSG00000112339"
"REACTOME","REACTOME_SYNTHESIS_OF_PIPS_AT_THE_GOLGI_MEMBRANE",0.625276073619632,0.780236963197961,0.0246758511862341,0.349119838254582,0.881160155700931,18,"ENSG00000038210;ENSG00000241973;ENSG00000196455;ENSG00000134287;ENSG00000143393;ENSG00000011405;ENSG00000211456"
"REACTOME","REACTOME_DUAL_INCISION_IN_GG_NER",0.627882119407543,0.780739884285144,0.0172657047497692,-0.331419267342875,-0.895229065404957,41,"ENSG00000104884;ENSG00000012061;ENSG00000062822;ENSG00000133119;ENSG00000143799;ENSG00000111445"
"REACTOME","REACTOME_DOWNSTREAM_SIGNAL_TRANSDUCTION",0.633359936153232,0.786692439780296,0.017789833156009,-0.349585801520961,-0.887286476043654,29,"ENSG00000124181;ENSG00000145675;ENSG00000166888;ENSG00000115415;ENSG00000179295;ENSG00000134853;ENSG00000133703;ENSG00000113721;ENSG00000167193"
"REACTOME","REACTOME_DEGRADATION_OF_GLI1_BY_THE_PROTEASOME",0.63475499092559,0.786709395717352,0.0169661682065131,-0.324981542991268,-0.895783551008886,46,"ENSG00000013275;ENSG00000099341;ENSG00000107882;ENSG00000041357;ENSG00000173692"
"REACTOME","REACTOME_AUF1_HNRNP_D0_BINDS_AND_DESTABILIZES_MRNA",0.634161206765199,0.786709395717352,0.0170886583987616,-0.328566838316392,-0.891165771695668,42,"ENSG00000013275;ENSG00000099341;ENSG00000041357;ENSG00000138668;ENSG00000173692;ENSG00000106211"
"REACTOME","REACTOME_DNA_DOUBLE_STRAND_BREAK_RESPONSE",0.636168076867919,0.787150552794005,0.0161593903837143,-0.304229056995695,-0.902420762188136,73,"ENSG00000011485;ENSG00000064655;ENSG00000116030;ENSG00000009954;ENSG00000182481;ENSG00000141510;ENSG00000097007;ENSG00000138376;ENSG00000188486;ENSG00000109685;ENSG00000197061;ENSG00000067369;ENSG00000127663;ENSG00000103275;ENSG00000149311;ENSG00000128731;ENSG00000012048;ENSG00000196890;ENSG00000275713"
"REACTOME","REACTOME_MAPK_TARGETS_NUCLEAR_EVENTS_MEDIATED_BY_MAP_KINASES",0.636493115999367,0.787150552794005,0.0175907323342711,-0.346671425207004,-0.886543594628141,30,"ENSG00000120875;ENSG00000071242;ENSG00000105568;ENSG00000185386;ENSG00000068305;ENSG00000104695;ENSG00000115966;ENSG00000105053;ENSG00000118260;ENSG00000166484;ENSG00000170345;ENSG00000137713"
"REACTOME","REACTOME_COOPERATION_OF_PDCL_PHLP1_AND_TRIC_CCT_IN_G_PROTEIN_BETA_FOLDING",0.639384997670446,0.789013556171872,0.0172478891488041,-0.335857157498254,-0.883263359785206,35,"ENSG00000176533;ENSG00000182732;ENSG00000111664;ENSG00000172380;ENSG00000078369;ENSG00000076344;ENSG00000156052;ENSG00000156049;ENSG00000150753"
"REACTOME","REACTOME_ZINC_TRANSPORTERS",0.639291191003578,0.789013556171872,0.0186194336503219,-0.391212081502908,-0.870667758555084,15,"ENSG00000164756;ENSG00000141424;ENSG00000115194"
"REACTOME","REACTOME_HEME_SIGNALING",0.642773207990599,0.790624928619107,0.0272645640818413,0.292915729424657,0.89683679578957,43,"ENSG00000076351;ENSG00000101849;ENSG00000084674;ENSG00000142453;ENSG00000130589;ENSG00000116604;ENSG00000118137;ENSG00000156273"
"REACTOME","REACTOME_NEGATIVE_REGULATION_OF_FGFR1_SIGNALING",0.64185822215078,0.790624928619107,0.0176972660430339,-0.348906811248662,-0.880583117554298,28,"ENSG00000011201;ENSG00000105568;ENSG00000138685;ENSG00000179295;ENSG00000104695;ENSG00000070388;ENSG00000158815;ENSG00000102678;ENSG00000070193;ENSG00000166225;ENSG00000113575;ENSG00000110395"
"REACTOME","REACTOME_LDL_CLEARANCE",0.642151114089462,0.790624928619107,0.0183018411139917,-0.375551010420527,-0.8758070720906,19,"ENSG00000042753;ENSG00000105699;ENSG00000196961;ENSG00000157978;ENSG00000144959"
"REACTOME","REACTOME_CARGO_CONCENTRATION_IN_THE_ER",0.645126255769753,0.792014911519561,0.025846758461163,0.314141588383671,0.890831646186184,30,"ENSG00000114270;ENSG00000197249;ENSG00000198734;ENSG00000185010;ENSG00000143786;ENSG00000169223;ENSG00000138073;ENSG00000174871;ENSG00000152700;ENSG00000150527"
"REACTOME","REACTOME_IRAK4_DEFICIENCY_TLR2_4",0.64529397532059,0.792014911519561,0.023925627520731,0.358731107020194,0.868190545032653,15,"ENSG00000198001;ENSG00000150455;ENSG00000174125;ENSG00000135218"
"REACTOME","REACTOME_SIGNALING_BY_NOTCH1_PEST_DOMAIN_MUTANTS_IN_CANCER",0.650139357488631,0.795455899159622,0.0161724907896306,-0.310396822263505,-0.890370289110838,58,"ENSG00000061273;ENSG00000114315;ENSG00000109670;ENSG00000101384;ENSG00000163909;ENSG00000205155;ENSG00000196782;ENSG00000197921;ENSG00000196498;ENSG00000138613;ENSG00000143801;ENSG00000132964;ENSG00000164683;ENSG00000136997;ENSG00000068024"
"REACTOME","REACTOME_STABILIZATION_OF_P53",0.649250340754203,0.795455899159622,0.0166564476528002,-0.322795222606262,-0.88323692244006,44,"ENSG00000013275;ENSG00000099341;ENSG00000041357;ENSG00000141510;ENSG00000173692"
"REACTOME","REACTOME_ZBP1_DAI_MEDIATED_INDUCTION_OF_TYPE_I_IFNS",0.650192662087452,0.795455899159622,0.0181173864135619,-0.373091431748725,-0.870071189786049,19,"ENSG00000104825;ENSG00000126456;ENSG00000197885;ENSG00000135829;ENSG00000213341;ENSG00000172936"
"REACTOME","REACTOME_COMPLEMENT_CASCADE",0.653133274492498,0.795652652432314,0.0270118177076338,0.290675000091517,0.894786977759339,44,"ENSG00000244731;ENSG00000157131;ENSG00000224389;ENSG00000109072;ENSG00000117335;ENSG00000106804;ENSG00000080618"
"REACTOME","REACTOME_REGULATION_OF_RUNX2_EXPRESSION_AND_ACTIVITY",0.652466695944957,0.795652652432314,0.0160908258950932,-0.310029911966366,-0.891504124121516,59,"ENSG00000125845;ENSG00000013275;ENSG00000099341;ENSG00000115415;ENSG00000041357;ENSG00000173692;ENSG00000091831;ENSG00000109705"
"REACTOME","REACTOME_SIGNALING_BY_MODERATE_KINASE_ACTIVITY_BRAF_MUTANTS",0.653147699757869,0.795652652432314,0.0165582087832434,-0.321408849781609,-0.882795295117118,45,"ENSG00000115414;ENSG00000089220;ENSG00000169032;ENSG00000089234;ENSG00000103653;ENSG00000140575;ENSG00000259207;ENSG00000133703"
"REACTOME","REACTOME_NOTCH_HLH_TRANSCRIPTION_PATHWAY",0.651679449880984,0.795652652432314,0.025234032164571,0.312533929137584,0.879835329132872,28,"ENSG00000101849;ENSG00000184384;ENSG00000013619;ENSG00000161021;ENSG00000048052;ENSG00000163517;ENSG00000108840;ENSG00000108773;ENSG00000100603"
"REACTOME","REACTOME_M_DECAY_DEGRADATION_OF_MATERNAL_MRNAS_BY_MATERNALLY_STORED_FACTORS",0.654067378800329,0.795921735527323,0.0257614261895529,0.30916703470722,0.88388797292725,31,"ENSG00000070756;ENSG00000113300;ENSG00000182973;ENSG00000063046;ENSG00000155508;ENSG00000080802;ENSG00000158435;ENSG00000100697;ENSG00000140988;ENSG00000152518"
"REACTOME","REACTOME_REGULATED_NECROSIS",0.657370517928287,0.797153455149291,0.0276122240716951,0.284262531343218,0.905008455573105,52,"ENSG00000121858;ENSG00000168310;ENSG00000170248;ENSG00000197329;ENSG00000143947;ENSG00000164305;ENSG00000196954;ENSG00000110330;ENSG00000080824;ENSG00000185345;ENSG00000147162;ENSG00000221983;ENSG00000132589;ENSG00000254505;ENSG00000102871;ENSG00000170315;ENSG00000125347;ENSG00000164695"
"REACTOME","REACTOME_IRE1ALPHA_ACTIVATES_CHAPERONES",0.657082324455206,0.797153455149291,0.0274008896033539,0.284116873171759,0.897591810034259,50,"ENSG00000175215;ENSG00000070540;ENSG00000166340;ENSG00000174851;ENSG00000178607;ENSG00000124702;ENSG00000261052;ENSG00000138073;ENSG00000162298;ENSG00000074842;ENSG00000044090;ENSG00000154832;ENSG00000159720;ENSG00000143870;ENSG00000143321;ENSG00000068971"
"REACTOME","REACTOME_FORMATION_OF_TC_NER_PRE_INCISION_COMPLEX",0.657879058683348,0.797153455149291,0.0162217337048329,-0.314526196284005,-0.883182493553111,51,"ENSG00000198612;ENSG00000104884;ENSG00000099817;ENSG00000105258;ENSG00000144524"
"REACTOME","REACTOME_FGFR1_MUTANT_RECEPTOR_ACTIVATION",0.656990807934204,0.797153455149291,0.0174019246342755,-0.345986535424796,-0.868994070276227,27,"ENSG00000124831;ENSG00000145675;ENSG00000138685;ENSG00000115415;ENSG00000158815;ENSG00000186716;ENSG00000111605;ENSG00000213066;ENSG00000121741;ENSG00000102678"
"REACTOME","REACTOME_SNRNP_ASSEMBLY",0.659985152190052,0.79838239471747,0.0161299619767383,-0.312227719138253,-0.884626181628512,54,"ENSG00000213024;ENSG00000163002;ENSG00000125743;ENSG00000142252;ENSG00000132182;ENSG00000064703;ENSG00000139496;ENSG00000169371;ENSG00000102900;ENSG00000069248;ENSG00000120253;ENSG00000153201;ENSG00000058804;ENSG00000116455;ENSG00000179409;ENSG00000030066;ENSG00000196313"
"REACTOME","REACTOME_GLYCOGEN_BREAKDOWN_GLYCOGENOLYSIS",0.660295185095572,0.79838239471747,0.0235520456609964,0.355296594067277,0.859878437121847,15,"ENSG00000056998;ENSG00000044446;ENSG00000198668"
"REACTOME","REACTOME_INTRA_GOLGI_TRAFFIC",0.661867232494695,0.798587688359595,0.0163872232149383,-0.32113229021284,-0.875243024903918,43,"ENSG00000105443;ENSG00000105402;ENSG00000107036;ENSG00000196547;ENSG00000173905;ENSG00000133103;ENSG00000111885;ENSG00000008256;ENSG00000108669;ENSG00000135823;ENSG00000106636;ENSG00000112893"
"REACTOME","REACTOME_REGULATION_OF_GENE_EXPRESSION_IN_LATE_STAGE_BRANCHING_MORPHOGENESIS_PANCREATIC_BUD_PRECURSOR_CELLS",0.661782245697734,0.798587688359595,0.0181059478654166,-0.382961061846457,-0.852304581317616,15,"ENSG00000122859;ENSG00000114315;ENSG00000196782"
"REACTOME","REACTOME_FORMATION_OF_WDR5_CONTAINING_HISTONE_MODIFYING_COMPLEXES",0.663191427743991,0.799338662645932,0.0264757764277132,0.291651810181136,0.88724363421236,41,"ENSG00000149474;ENSG00000089123;ENSG00000157212;ENSG00000108773;ENSG00000162961;ENSG00000055609;ENSG00000154832;ENSG00000176476;ENSG00000129691;ENSG00000280789;ENSG00000171148;ENSG00000133895;ENSG00000147162"
"REACTOME","REACTOME_ION_TRANSPORT_BY_P_TYPE_ATPASES",0.665456745311555,0.800375113949167,0.01627776617377,-0.318439688845681,-0.8777514951488,46,"ENSG00000132932;ENSG00000105409;ENSG00000137731;ENSG00000143153;ENSG00000137726;ENSG00000069849;ENSG00000070961;ENSG00000143515;ENSG00000124406;ENSG00000081923;ENSG00000165240;ENSG00000129244;ENSG00000068650;ENSG00000123191"
"REACTOME","REACTOME_SLC_MEDIATED_TRANSPORT_OF_ORGANIC_ANIONS",0.664891951143126,0.800375113949167,0.0167966209516589,-0.33249054469055,-0.86768257168504,34,"ENSG00000148942;ENSG00000172270;ENSG00000176463;ENSG00000174640;ENSG00000137968;ENSG00000129353"
"REACTOME","REACTOME_TRANSCRIPTIONAL_REGULATION_OF_WHITE_ADIPOCYTE_DIFFERENTIATION",0.668379582048647,0.803042556912878,0.0293081657410513,0.265380281856202,0.910616653428725,77,"ENSG00000101849;ENSG00000102554;ENSG00000245848;ENSG00000172216;ENSG00000159479;ENSG00000072310;ENSG00000148297;ENSG00000161920;ENSG00000142453;ENSG00000185551;ENSG00000130589;ENSG00000136826;ENSG00000133997"
"REACTOME","REACTOME_NUCLEAR_RECEPTOR_TRANSCRIPTION_PATHWAY",0.670316301703163,0.804520829968285,0.0271375675079018,0.281815742260024,0.894370594579001,51,"ENSG00000126351;ENSG00000164749;ENSG00000184162;ENSG00000175745;ENSG00000173153;ENSG00000198963;ENSG00000025434;ENSG00000196482;ENSG00000131910;ENSG00000153234"
"REACTOME","REACTOME_BASE_EXCISION_REPAIR_AP_SITE_FORMATION",0.671817058096415,0.804735564357016,0.0273767267763414,0.279587051669914,0.900103468963972,55,"ENSG00000128513;ENSG00000180573;ENSG00000246705;ENSG00000132781;ENSG00000065057;ENSG00000123415;ENSG00000185130;ENSG00000158373;ENSG00000270882;ENSG00000102977;ENSG00000184678;ENSG00000233822;ENSG00000197903;ENSG00000180596;ENSG00000277075;ENSG00000278705;ENSG00000103152;ENSG00000197837;ENSG00000132604;ENSG00000124635;ENSG00000270276;ENSG00000092330;ENSG00000277224"
"REACTOME","REACTOME_TELOMERE_EXTENSION_BY_TELOMERASE",0.671908271908272,0.804735564357016,0.0173014108910013,-0.352366630604767,-0.857625005491989,23,"ENSG00000183207;ENSG00000140451;ENSG00000147601;ENSG00000166848;ENSG00000123374;ENSG00000110075"
"REACTOME","REACTOME_TRANSCRIPTIONAL_REGULATION_BY_E2F6",0.673034763545255,0.805238020670216,0.0166190970280354,-0.330566030592213,-0.862660271445966,34,"ENSG00000114126;ENSG00000162521;ENSG00000111752;ENSG00000094916;ENSG00000015153;ENSG00000198176;ENSG00000101412;ENSG00000012048;ENSG00000171848;ENSG00000181090;ENSG00000149554;ENSG00000174197;ENSG00000156374;ENSG00000173889"
"REACTOME","REACTOME_REGULATION_OF_LIPID_METABOLISM_BY_PPARALPHA",0.67586761356023,0.806790161461141,0.0143023409702741,-0.284859023952317,-0.895062404310183,111,"ENSG00000165029;ENSG00000110090;ENSG00000146072;ENSG00000001167;ENSG00000069667;ENSG00000131408;ENSG00000063322;ENSG00000065833;ENSG00000175221;ENSG00000115641;ENSG00000147872;ENSG00000196498;ENSG00000146426;ENSG00000169375;ENSG00000082014;ENSG00000132964;ENSG00000172379;ENSG00000198431;ENSG00000104973;ENSG00000170485;ENSG00000155111;ENSG00000124151;ENSG00000156603;ENSG00000105085;ENSG00000127511"
"REACTOME","REACTOME_BASE_EXCISION_REPAIR",0.678461106430778,0.806790161461141,0.0149219628586776,-0.292243741400796,-0.884044735409068,83,"ENSG00000039650;ENSG00000062822;ENSG00000105486;ENSG00000073050;ENSG00000139372;ENSG00000133119;ENSG00000143799;ENSG00000111445;ENSG00000070501;ENSG00000188486;ENSG00000168496;ENSG00000109674;ENSG00000197061;ENSG00000147601;ENSG00000166848;ENSG00000105968;ENSG00000129071;ENSG00000132383;ENSG00000196890;ENSG00000275713"
"REACTOME","REACTOME_ACTIVATION_OF_NF_KAPPAB_IN_B_CELLS",0.677548597714794,0.806790161461141,0.0157405274504555,-0.310160853117961,-0.874020253642469,52,"ENSG00000013275;ENSG00000099341;ENSG00000104825;ENSG00000041357;ENSG00000173692;ENSG00000172175;ENSG00000135341;ENSG00000213341;ENSG00000166167;ENSG00000100804;ENSG00000175166;ENSG00000108671;ENSG00000108344"
"REACTOME","REACTOME_HEDGEHOG_LIGAND_BIOGENESIS",0.678582067322014,0.806790161461141,0.0157722843078912,-0.310493936806303,-0.871859999521631,51,"ENSG00000013275;ENSG00000099341;ENSG00000072849;ENSG00000041357;ENSG00000173692;ENSG00000054392"
"REACTOME","REACTOME_DIFFERENTIATION_OF_KERATINOCYTES_IN_INTERFOLLICULAR_EPIDERMIS_IN_MAMMALIAN_SKIN",0.675348592475664,0.806790161461141,0.0245529863459819,0.311526425939776,0.868184241929931,27,"ENSG00000171476;ENSG00000198719;ENSG00000178934;ENSG00000133961;ENSG00000137693;ENSG00000144749;ENSG00000164687;ENSG00000171346"
"REACTOME","REACTOME_HIV_TRANSCRIPTION_ELONGATION",0.678348316318757,0.806790161461141,0.0161071185043535,-0.31835077864477,-0.863456941590959,42,"ENSG00000196235;ENSG00000104884;ENSG00000099817;ENSG00000105258"
"REACTOME","REACTOME_DISEASES_OF_PROGRAMMED_CELL_DEATH",0.682920147924942,0.807624208410833,0.0144692089712081,-0.287450177080945,-0.885097505505393,93,"ENSG00000088305;ENSG00000126247;ENSG00000108561;ENSG00000132475;ENSG00000119772;ENSG00000158402;ENSG00000064012;ENSG00000162521;ENSG00000014216;ENSG00000141510;ENSG00000113368;ENSG00000188486;ENSG00000142192;ENSG00000176749;ENSG00000197061;ENSG00000153094;ENSG00000105928;ENSG00000163041;ENSG00000105968"
"REACTOME","REACTOME_KERATAN_SULFATE_KERATIN_METABOLISM",0.680862831858407,0.807624208410833,0.0252476307269126,0.298778253671703,0.874755720058138,34,"ENSG00000149328;ENSG00000130958;ENSG00000174684;ENSG00000135702;ENSG00000086062;ENSG00000126091;ENSG00000049860;ENSG00000122176;ENSG00000213614;ENSG00000110080;ENSG00000118276;ENSG00000117411;ENSG00000170266"
"REACTOME","REACTOME_TRANSFERRIN_ENDOCYTOSIS_AND_RECYCLING",0.6828881248347,0.807624208410833,0.0244568375654331,0.307481939437364,0.865613132416712,28,"ENSG00000116039;ENSG00000128524;ENSG00000155097;ENSG00000171130;ENSG00000159720;ENSG00000010704;ENSG00000117410;ENSG00000250565;ENSG00000106327;ENSG00000047249;ENSG00000090674"
"REACTOME","REACTOME_NEF_MEDIATES_DOWN_MODULATION_OF_CELL_SURFACE_RECEPTORS_BY_RECRUITING_THEM_TO_CLATHRIN_ADAPTERS",0.683537960410925,0.807624208410833,0.0235579823866944,0.328045538322759,0.849719237439062,20,"ENSG00000106367;ENSG00000206503;ENSG00000182287;ENSG00000175115;ENSG00000072958;ENSG00000129354;ENSG00000100280"
"REACTOME","REACTOME_GASTRIN_CREB_SIGNALLING_PATHWAY_VIA_PKC_AND_MAPK",0.682643794147326,0.807624208410833,0.0174561003032982,-0.369312212373752,-0.8419877135194,17,"ENSG00000071242;ENSG00000154229;ENSG00000113070;ENSG00000146648;ENSG00000133703;ENSG00000118260;ENSG00000166484"
"REACTOME","REACTOME_DENGUE_VIRUS_MODULATES_APOPTOSIS",0.680033840947546,0.807624208410833,0.0176017114876999,-0.373787354232633,-0.841768763446813,16,"ENSG00000104825;ENSG00000186654;ENSG00000160551;ENSG00000154153;ENSG00000204209"
"REACTOME","REACTOME_REGULATION_OF_GLUCOKINASE_BY_GLUCOKINASE_REGULATORY_PROTEIN",0.685097668557026,0.807758584435657,0.0164473153619232,-0.332317379968439,-0.85761166657882,32,"ENSG00000213024;ENSG00000163002;ENSG00000132182;ENSG00000139496;ENSG00000102900;ENSG00000069248;ENSG00000120253;ENSG00000153201;ENSG00000058804"
"REACTOME","REACTOME_ANTIGEN_ACTIVATES_B_CELL_RECEPTOR_BCR_LEADING_TO_GENERATION_OF_SECOND_MESSENGERS",0.685554668794892,0.807758584435657,0.0166292728963089,-0.336489473508019,-0.854046582772364,29,"ENSG00000254087;ENSG00000145675;ENSG00000123104"
"REACTOME","REACTOME_INSERTION_OF_TAIL_ANCHORED_PROTEINS_INTO_THE_ENDOPLASMIC_RETICULUM_MEMBRANE",0.685779237181106,0.807758584435657,0.0236354208121768,0.319764189794497,0.852282288003136,22,"ENSG00000072210;ENSG00000164615;ENSG00000102178;ENSG00000106089;ENSG00000166347;ENSG00000198356;ENSG00000182093"
"REACTOME","REACTOME_CELLULAR_RESPONSE_TO_CHEMICAL_STRESS",0.686641079608766,0.807938212473537,0.0129305554242702,-0.271258733440283,-0.901879813946478,184,"ENSG00000013275;ENSG00000099341;ENSG00000106605;ENSG00000105221;ENSG00000126267;ENSG00000090013;ENSG00000161281;ENSG00000271303;ENSG00000116157;ENSG00000036257;ENSG00000065833;ENSG00000196498;ENSG00000211445;ENSG00000118777;ENSG00000041357;ENSG00000169375;ENSG00000082014;ENSG00000172115;ENSG00000116044;ENSG00000178741;ENSG00000124762;ENSG00000001084;ENSG00000173692"
"REACTOME","REACTOME_LAGGING_STRAND_SYNTHESIS",0.690900016636167,0.812110545870582,0.0171203461634246,-0.356903548290938,-0.842100725423255,20,"ENSG00000062822;ENSG00000105486;ENSG00000133119;ENSG00000138346;ENSG00000111445;ENSG00000168496"
"REACTOME","REACTOME_DAG1_GLYCOSYLATIONS",0.692593217479332,0.813261520318515,0.017290688529881,-0.365006887558024,-0.838964693281508,18,"ENSG00000181027;ENSG00000167889;ENSG00000118600;ENSG00000165905;ENSG00000162885"
"REACTOME","REACTOME_FCGAMMA_RECEPTOR_FCGR_DEPENDENT_PHAGOCYTOSIS",0.693625386127492,0.813634721729365,0.0146029418004328,-0.289537688942213,-0.875858858037378,83,"ENSG00000254087;ENSG00000134215;ENSG00000124181;ENSG00000145675;ENSG00000123104;ENSG00000132970;ENSG00000061676;ENSG00000150760;ENSG00000138443;ENSG00000273749;ENSG00000163466;ENSG00000112290;ENSG00000097007;ENSG00000129219;ENSG00000165025;ENSG00000203805;ENSG00000106683;ENSG00000123338;ENSG00000175866;ENSG00000167193"
"REACTOME","REACTOME_TP53_REGULATES_METABOLIC_GENES",0.695860997316005,0.814579317515858,0.0146438928395516,-0.290834092396886,-0.875008073941937,80,"ENSG00000105221;ENSG00000149212;ENSG00000105220;ENSG00000126267;ENSG00000161281;ENSG00000115419;ENSG00000172115;ENSG00000178741;ENSG00000126070;ENSG00000141510;ENSG00000170027;ENSG00000198431;ENSG00000165699;ENSG00000092847;ENSG00000078687;ENSG00000134308;ENSG00000171862;ENSG00000123908;ENSG00000111775"
"REACTOME","REACTOME_FORMATION_OF_ATP_BY_CHEMIOSMOTIC_COUPLING",0.695314457529441,0.814579317515858,0.0232820004194105,0.325383892856997,0.842824916098603,20,"ENSG00000241468;ENSG00000156411;ENSG00000167863;ENSG00000135390;ENSG00000159199;ENSG00000169020;ENSG00000173915;ENSG00000154723"
"REACTOME","REACTOME_AMPK_INDUCED_ERAD_AND_LYSOSOME_MEDIATED_DEGRADATION_OF_PD_L1_CD274",0.697253155159614,0.815370989452567,0.0153343528435688,-0.304809924343668,-0.863609548309251,54,"ENSG00000120217;ENSG00000013275;ENSG00000099341;ENSG00000072849;ENSG00000041357;ENSG00000173692"
"REACTOME","REACTOME_ADRENALINE_NORADRENALINE_INHIBITS_INSULIN_SECRETION",0.70211038961039,0.820208957708958,0.0165278713214594,-0.34104848634206,-0.838825159998514,24,"ENSG00000176533;ENSG00000173175;ENSG00000111664;ENSG00000172380;ENSG00000078369"
"REACTOME","REACTOME_TRANSLESION_SYNTHESIS_BY_POLK",0.702993609149008,0.82039930411959,0.0170255172517472,-0.363486080053244,-0.828704828018063,17,"ENSG00000135945;ENSG00000133119;ENSG00000111445;ENSG00000009413"
"REACTOME","REACTOME_TOLL_LIKE_RECEPTOR_TLR1_TLR2_CASCADE",0.705430534968333,0.820720510039766,0.0137658520498963,-0.280772657691441,-0.879647475059726,109,"ENSG00000120875;ENSG00000071242;ENSG00000105568;ENSG00000104312;ENSG00000184979;ENSG00000104825;ENSG00000185386;ENSG00000140853;ENSG00000064012;ENSG00000197885;ENSG00000065559;ENSG00000068305;ENSG00000104695;ENSG00000141510;ENSG00000189403;ENSG00000090376;ENSG00000169032;ENSG00000115966;ENSG00000142192;ENSG00000034152;ENSG00000105053;ENSG00000122852;ENSG00000095015;ENSG00000055208;ENSG00000073331;ENSG00000118260;ENSG00000135341;ENSG00000166484;ENSG00000170345;ENSG00000137713;ENSG00000170458;ENSG00000185303;ENSG00000213341;ENSG00000137462;ENSG00000113575;ENSG00000160307;ENSG00000172936;ENSG00000166167;ENSG00000112640"
"REACTOME","REACTOME_SYNTHESIS_OF_IP3_AND_IP4_IN_THE_CYTOSOL",0.705368950013224,0.820720510039766,0.023925627520731,0.309366064502822,0.852218684011194,26,"ENSG00000197943;ENSG00000149527;ENSG00000137825;ENSG00000198668"
"REACTOME","REACTOME_KERATAN_SULFATE_BIOSYNTHESIS",0.704709853721267,0.820720510039766,0.0163307220376802,-0.336086016482971,-0.838806567079943,26,"ENSG00000064225;ENSG00000156966;ENSG00000175264;ENSG00000122863;ENSG00000176383"
"REACTOME","REACTOME_REGULATION_OF_PYRUVATE_METABOLISM",0.708812260536398,0.822973664374065,0.0244058606493461,0.297473412089332,0.858945437173469,32,"ENSG00000100577;ENSG00000131828;ENSG00000005882;ENSG00000091140;ENSG00000128585;ENSG00000143947;ENSG00000134333"
"REACTOME","REACTOME_RAF_ACTIVATION",0.70842467898528,0.822973664374065,0.0158744158695942,-0.322451764634415,-0.841484910925109,34,"ENSG00000105568;ENSG00000158186;ENSG00000186298;ENSG00000104695;ENSG00000169032;ENSG00000089234;ENSG00000133703;ENSG00000108061"
"REACTOME","REACTOME_SYNTHESIS_OF_PIPS_AT_THE_PLASMA_MEMBRANE",0.711233120641045,0.823885255926856,0.0150389705030668,-0.302649641068957,-0.852853973648598,52,"ENSG00000145675;ENSG00000116095;ENSG00000141506;ENSG00000122126;ENSG00000040933;ENSG00000104643;ENSG00000078269;ENSG00000106086;ENSG00000117461;ENSG00000143398;ENSG00000276293;ENSG00000139505;ENSG00000171862"
"REACTOME","REACTOME_GOLGI_ASSOCIATED_VESICLE_BIOGENESIS",0.712490761271249,0.823885255926856,0.0149578606990627,-0.298823095652105,-0.851910626356321,56,"ENSG00000105402;ENSG00000109686;ENSG00000087086;ENSG00000107295;ENSG00000152056;ENSG00000122126;ENSG00000189114;ENSG00000116675;ENSG00000239264"
"REACTOME","REACTOME_VIF_MEDIATED_DEGRADATION_OF_APOBEC3G",0.712322491983509,0.823885255926856,0.0154301107137015,-0.312146751486339,-0.843170183926593,41,"ENSG00000013275;ENSG00000099341;ENSG00000041357;ENSG00000173692"
"REACTOME","REACTOME_COMPLEX_III_ASSEMBLY",0.712264909178589,0.823885255926856,0.0161757679271786,-0.333651656093526,-0.832730868058977,26,"ENSG00000169021;ENSG00000127540;ENSG00000074582"
"REACTOME","REACTOME_RUNX1_REGULATES_TRANSCRIPTION_OF_GENES_INVOLVED_IN_DIFFERENTIATION_OF_HSCS",0.714420995670996,0.825279426033736,0.0136394593727001,-0.280829631749962,-0.876090827432015,105,"ENSG00000071564;ENSG00000013275;ENSG00000099341;ENSG00000132475;ENSG00000078900;ENSG00000041357;ENSG00000118513;ENSG00000173692;ENSG00000097007;ENSG00000188486"
"REACTOME","REACTOME_NFE2L2_REGULATING_ANTI_OXIDANT_DETOXIFICATION_ENZYMES",0.719754601226994,0.829757581778893,0.0223971593026717,0.325534965846384,0.82163317508793,18,"ENSG00000104687;ENSG00000023909;ENSG00000181019;ENSG00000117450;ENSG00000156273;ENSG00000136810;ENSG00000128272"
"REACTOME","REACTOME_G_BETA_GAMMA_SIGNALLING_THROUGH_CDC42",0.719138916918937,0.829757581778893,0.0166939062553544,-0.357714449820813,-0.815546200764854,17,"ENSG00000176533;ENSG00000111664;ENSG00000172380;ENSG00000078369"
"REACTOME","REACTOME_SELECTIVE_AUTOPHAGY",0.721345951629863,0.83031479572868,0.0283456249058933,0.256861562617636,0.893936775588106,85,"ENSG00000105355;ENSG00000106617;ENSG00000123240;ENSG00000196683;ENSG00000161011;ENSG00000131791;ENSG00000244687;ENSG00000188554;ENSG00000181929;ENSG00000158828;ENSG00000143947;ENSG00000162409;ENSG00000214736;ENSG00000139197;ENSG00000261456;ENSG00000185122;ENSG00000080824;ENSG00000057663;ENSG00000078668;ENSG00000032742;ENSG00000185345;ENSG00000175768"
"REACTOME","REACTOME_LYSOSOME_VESICLE_BIOGENESIS",0.721695915514831,0.83031479572868,0.0154860227572263,-0.316481234648689,-0.832307045968566,35,"ENSG00000107295;ENSG00000105612;ENSG00000152056;ENSG00000116675;ENSG00000239264;ENSG00000146352;ENSG00000003056;ENSG00000130724;ENSG00000142192"
"REACTOME","REACTOME_SIGNALING_BY_FGFR3",0.723377832971127,0.830571927171486,0.0154456187724127,-0.315320242487687,-0.832905328087088,36,"ENSG00000105568;ENSG00000124181;ENSG00000145675;ENSG00000138685;ENSG00000179295;ENSG00000104695;ENSG00000158815;ENSG00000156427;ENSG00000133703;ENSG00000102678;ENSG00000166225;ENSG00000113575;ENSG00000110395"
"REACTOME","REACTOME_GLYCOGEN_METABOLISM",0.723232973756239,0.830571927171486,0.0159773358584007,-0.331833387885585,-0.823771175624283,25,"ENSG00000104812;ENSG00000067177;ENSG00000163754;ENSG00000100504;ENSG00000114480;ENSG00000068976;ENSG00000165568;ENSG00000100994;ENSG00000112425"
"REACTOME","REACTOME_NUCLEAR_EVENTS_STIMULATED_BY_ALK_SIGNALING_IN_CANCER",0.724795211090107,0.831361274352097,0.0156299663430398,-0.323088312705606,-0.833794207025553,32,"ENSG00000110324;ENSG00000134057;ENSG00000100453;ENSG00000126070;ENSG00000111206;ENSG00000092847;ENSG00000078687;ENSG00000122691;ENSG00000123908;ENSG00000169057;ENSG00000148400;ENSG00000139687"
"REACTOME","REACTOME_REGULATION_OF_PTEN_GENE_TRANSCRIPTION",0.734227014425178,0.837171866361219,0.0143166507010057,-0.292611997576479,-0.843827725117772,60,"ENSG00000071655;ENSG00000061273;ENSG00000170004;ENSG00000101115;ENSG00000057935;ENSG00000162521;ENSG00000173894;ENSG00000111752;ENSG00000141510;ENSG00000115966;ENSG00000141570;ENSG00000120738;ENSG00000171862;ENSG00000134686;ENSG00000124216"
"REACTOME","REACTOME_SIGNALING_BY_TYPE_1_INSULIN_LIKE_GROWTH_FACTOR_1_RECEPTOR_IGF1R",0.734271022383545,0.837171866361219,0.0148534151193175,-0.303477267576346,-0.83650887338952,46,"ENSG00000105221;ENSG00000140443;ENSG00000145675;ENSG00000066468;ENSG00000160867;ENSG00000138685;ENSG00000179295;ENSG00000169047;ENSG00000134962;ENSG00000070388;ENSG00000158815;ENSG00000156427;ENSG00000133703"
"REACTOME","REACTOME_ATTENUATION_PHASE",0.733107563296242,0.837171866361219,0.0158041166600953,-0.327183130900132,-0.821766662964332,27,"ENSG00000146072;ENSG00000160570;ENSG00000149257;ENSG00000106211;ENSG00000230989;ENSG00000109971;ENSG00000005339;ENSG00000120694"
"REACTOME","REACTOME_NOTCH3_ACTIVATION_AND_TRANSMISSION_OF_SIGNAL_TO_THE_NUCLEUS",0.732732249235228,0.837171866361219,0.0157881910182036,-0.329418981811101,-0.817777450450678,25,"ENSG00000101384;ENSG00000074181;ENSG00000205155;ENSG00000138613;ENSG00000143801;ENSG00000146648;ENSG00000013810"
"REACTOME","REACTOME_SURFACTANT_METABOLISM",0.731699182924796,0.837171866361219,0.0163174630038109,-0.342050997085824,-0.814715320100104,21,"ENSG00000103811;ENSG00000136026"
"REACTOME","REACTOME_TGF_BETA_RECEPTOR_SIGNALING_IN_EMT_EPITHELIAL_TO_MESENCHYMAL_TRANSITION",0.731427174975562,0.837171866361219,0.0220771824167872,0.330645983046048,0.812861975482336,16,"ENSG00000198742;ENSG00000143375;ENSG00000143947;ENSG00000163513;ENSG00000221983;ENSG00000102981"
"REACTOME","REACTOME_FORMATION_OF_THE_BETA_CATENIN_TCF_TRANSACTIVATING_COMPLEX",0.73510773130545,0.837287705956907,0.0138072949263479,-0.283302288177191,-0.855290318939782,82,"ENSG00000272333;ENSG00000065717;ENSG00000171016;ENSG00000132475;ENSG00000196781;ENSG00000196628;ENSG00000188486;ENSG00000136997;ENSG00000197061;ENSG00000168036;ENSG00000134371;ENSG00000163041;ENSG00000105968;ENSG00000168646;ENSG00000005339;ENSG00000196890;ENSG00000275713"
"REACTOME","REACTOME_REGULATION_OF_T_CELL_ACTIVATION_BY_CD28_FAMILY",0.739964264443121,0.837656688017255,0.011267504463431,-0.261477101980936,-0.889088582505523,236,"ENSG00000254087;ENSG00000120217;ENSG00000013275;ENSG00000099341;ENSG00000105568;ENSG00000105221;ENSG00000145675;ENSG00000141506;ENSG00000132475;ENSG00000036257;ENSG00000125740;ENSG00000072849;ENSG00000115415;ENSG00000163527;ENSG00000187079;ENSG00000041357;ENSG00000162521;ENSG00000116044;ENSG00000134910;ENSG00000179295;ENSG00000104695;ENSG00000117650;ENSG00000126070;ENSG00000173692;ENSG00000170027;ENSG00000188486;ENSG00000117461;ENSG00000136997;ENSG00000092847;ENSG00000103653;ENSG00000197061;ENSG00000078687;ENSG00000186654;ENSG00000168036;ENSG00000102158;ENSG00000182866;ENSG00000163041;ENSG00000100644;ENSG00000105968;ENSG00000082701;ENSG00000123908;ENSG00000223865;ENSG00000170345;ENSG00000137713;ENSG00000005339;ENSG00000010810;ENSG00000196890;ENSG00000198821;ENSG00000113575;ENSG00000275713;ENSG00000074219;ENSG00000203852;ENSG00000166167;ENSG00000165280;ENSG00000090905;ENSG00000112640;ENSG00000100804;ENSG00000175166"
"REACTOME","REACTOME_FORMATION_OF_PARAXIAL_MESODERM",0.744991160872127,0.837656688017255,0.014265201345657,-0.293478019999508,-0.838862359035526,57,"ENSG00000116106;ENSG00000013275;ENSG00000099341;ENSG00000196782;ENSG00000041357;ENSG00000173692"
"REACTOME","REACTOME_O_LINKED_GLYCOSYLATION_OF_MUCINS",0.740339798526537,0.837656688017255,0.0146497526205135,-0.299540812695154,-0.833071505424289,48,"ENSG00000158089;ENSG00000156966;ENSG00000140297;ENSG00000237172;ENSG00000139629;ENSG00000174473;ENSG00000143641;ENSG00000176383"
"REACTOME","REACTOME_CROSS_PRESENTATION_OF_SOLUBLE_EXOGENOUS_ANTIGENS_ENDOSOMES",0.737125288239815,0.837656688017255,0.0150329461208797,-0.307496170508159,-0.826465540390526,40,"ENSG00000013275;ENSG00000099341;ENSG00000041357;ENSG00000173692"
"REACTOME","REACTOME_MTOR_SIGNALLING",0.742352036894696,0.837656688017255,0.0149309286722731,-0.306200005472916,-0.822981803554009,40,"ENSG00000118046;ENSG00000204673;ENSG00000105221;ENSG00000082146;ENSG00000135932"
"REACTOME","REACTOME_HIV_ELONGATION_ARREST_AND_RECOVERY",0.741650913673598,0.837656688017255,0.0152974648208013,-0.318829719825131,-0.822804053763475,32,"ENSG00000196235;ENSG00000099817;ENSG00000105258"
"REACTOME","REACTOME_BINDING_AND_UPTAKE_OF_LIGANDS_BY_SCAVENGER_RECEPTORS",0.744992295839753,0.837656688017255,0.0149130027920862,-0.307173807088231,-0.818836594860636,38,"ENSG00000130203;ENSG00000087086;ENSG00000108821;ENSG00000164692;ENSG00000189403;ENSG00000149428;ENSG00000168079;ENSG00000168542"
"REACTOME","REACTOME_PROCESSING_OF_CAPPED_INTRONLESS_PRE_MRNA",0.740782122905028,0.837656688017255,0.0155047113990289,-0.322062847976232,-0.817430250891581,29,"ENSG00000125755;ENSG00000142528;ENSG00000145216;ENSG00000136709;ENSG00000111605"
"REACTOME","REACTOME_INTERLEUKIN_10_SIGNALING",0.738083538083538,0.837656688017255,0.0159322103526782,-0.333703837038185,-0.812201639472438,23,"ENSG00000073756;ENSG00000110324;ENSG00000115594;ENSG00000028137"
"REACTOME","REACTOME_ESTROGEN_DEPENDENT_NUCLEAR_EVENTS_DOWNSTREAM_OF_ESR_MEMBRANE_SIGNALING",0.742014742014742,0.837656688017255,0.0158552066129287,-0.332198770243636,-0.808538457985232,23,"ENSG00000105221;ENSG00000113070;ENSG00000163235;ENSG00000146648;ENSG00000118260;ENSG00000170345"
"REACTOME","REACTOME_CD28_DEPENDENT_PI3K_AKT_SIGNALING",0.744805194805195,0.837656688017255,0.0156709258382959,-0.328366228877924,-0.807632537622156,24,"ENSG00000105221;ENSG00000145675;ENSG00000141506;ENSG00000117461;ENSG00000186654;ENSG00000182866"
"REACTOME","REACTOME_SPRY_REGULATION_OF_FGF_SIGNALING",0.742808798646362,0.837656688017255,0.0163108385142793,-0.35219384206446,-0.793140194742039,16,"ENSG00000105568;ENSG00000179295;ENSG00000104695"
"REACTOME","REACTOME_ACTIVATION_OF_BAD_AND_TRANSLOCATION_TO_MITOCHONDRIA",0.740500937127279,0.837656688017255,0.0164573576694934,-0.355604433388734,-0.79142063752578,15,"ENSG00000105221;ENSG00000170027;ENSG00000134308"
"REACTOME","REACTOME_G_PROTEIN_ACTIVATION",0.746963899517551,0.839045248077407,0.0159837948921306,-0.339915703767464,-0.802018534408068,20,"ENSG00000176533;ENSG00000111664;ENSG00000172380;ENSG00000078369;ENSG00000156052;ENSG00000156049"
"REACTOME","REACTOME_METABOLISM_OF_ANGIOTENSINOGEN_TO_ANGIOTENSINS",0.749334623759981,0.840878952179919,0.0215416283252279,0.329903924028858,0.798423838930984,15,"ENSG00000196549;ENSG00000080618;ENSG00000130234;ENSG00000101160;ENSG00000117984;ENSG00000198848"
"REACTOME","REACTOME_NEGATIVE_REGULATION_OF_FGFR3_SIGNALING",0.750197836982327,0.841019031813848,0.0228877220707261,0.301283658199529,0.822090510022125,25,"ENSG00000138675;ENSG00000068078;ENSG00000102882;ENSG00000079277;ENSG00000143947"
"REACTOME","REACTOME_ORC1_REMOVAL_FROM_CHROMATIN",0.753997359542321,0.844447386940711,0.0140302708809171,-0.290097272747545,-0.832141227229524,58,"ENSG00000013275;ENSG00000099341;ENSG00000115942;ENSG00000091651;ENSG00000041357;ENSG00000173692;ENSG00000085840;ENSG00000123374;ENSG00000104738"
"REACTOME","REACTOME_IRON_UPTAKE_AND_TRANSPORT",0.757788637751985,0.845545952274371,0.0251190368255729,0.267274496308635,0.855489569485985,53,"ENSG00000076351;ENSG00000116039;ENSG00000128524;ENSG00000110911;ENSG00000155097;ENSG00000143947;ENSG00000167996;ENSG00000055130;ENSG00000171130;ENSG00000122729;ENSG00000159720;ENSG00000010704;ENSG00000221983;ENSG00000117410;ENSG00000250565;ENSG00000047457;ENSG00000106327;ENSG00000162769;ENSG00000103415;ENSG00000170315;ENSG00000047249;ENSG00000090674"
"REACTOME","REACTOME_UBIQUITIN_MEDIATED_DEGRADATION_OF_PHOSPHORYLATED_CDC25A",0.759011021745606,0.845545952274371,0.0141543452142314,-0.293477207615468,-0.824077406222759,51,"ENSG00000013275;ENSG00000099341;ENSG00000185386;ENSG00000041357;ENSG00000173692"
"REACTOME","REACTOME_DNA_STRAND_ELONGATION",0.756301197227473,0.845545952274371,0.0150148886324868,-0.314677019860118,-0.812087178413367,32,"ENSG00000062822;ENSG00000105486;ENSG00000133119;ENSG00000138346;ENSG00000147536;ENSG00000111445;ENSG00000168496;ENSG00000104738;ENSG00000093009;ENSG00000181938;ENSG00000073111;ENSG00000132383"
"REACTOME","REACTOME_RAS_PROCESSING",0.76314419573139,0.845545952274371,0.022402563681916,0.29799816147785,0.807750359071409,24,"ENSG00000138669;ENSG00000120992;ENSG00000198668;ENSG00000188706;ENSG00000213465;ENSG00000143947;ENSG00000147533"
"REACTOME","REACTOME_REGULATION_OF_MECP2_EXPRESSION_AND_ACTIVITY",0.760088621617344,0.845545952274371,0.015008874678602,-0.314754359928317,-0.804922013716902,30,"ENSG00000152495;ENSG00000196498;ENSG00000169375;ENSG00000126070;ENSG00000092847;ENSG00000078687;ENSG00000178999;ENSG00000118260;ENSG00000123908;ENSG00000169057"
"REACTOME","REACTOME_DAP12_INTERACTIONS",0.762780196742461,0.845545952274371,0.0152300936455108,-0.319609394929937,-0.802744154935641,27,"ENSG00000134215;ENSG00000124181;ENSG00000145675;ENSG00000197046;ENSG00000165025;ENSG00000133703;ENSG00000182866;ENSG00000160293;ENSG00000010810"
"REACTOME","REACTOME_LISTERIA_MONOCYTOGENES_ENTRY_INTO_HOST_CELLS",0.762214983713355,0.845545952274371,0.0218219314401667,0.309852634804088,0.802595108930179,20,"ENSG00000105976;ENSG00000143947;ENSG00000105879;ENSG00000177885;ENSG00000221983;ENSG00000039068;ENSG00000170315;ENSG00000115145;ENSG00000141985"
"REACTOME","REACTOME_NOTCH4_INTRACELLULAR_DOMAIN_REGULATES_TRANSCRIPTION",0.758418495560395,0.845545952274371,0.0158648077830046,-0.33921692796437,-0.791073852128303,19,"ENSG00000134250;ENSG00000114315;ENSG00000196782;ENSG00000197921;ENSG00000164683"
"REACTOME","REACTOME_SIGNALING_BY_FLT3_ITD_AND_TKD_MUTANTS",0.762400193563997,0.845545952274371,0.0212725338330706,0.325922063326499,0.788787055987512,15,"ENSG00000137193;ENSG00000173757;ENSG00000126561;ENSG00000121879;ENSG00000033327;ENSG00000177885;ENSG00000213281"
"REACTOME","REACTOME_RIP_MEDIATED_NFKB_ACTIVATION_VIA_ZBP1",0.762267343485618,0.845545952274371,0.0159354285272586,-0.346105109955733,-0.779428375869398,16,"ENSG00000104825;ENSG00000197885;ENSG00000135829;ENSG00000213341;ENSG00000172936"
"REACTOME","REACTOME_MATURATION_OF_SARS_COV_2_NUCLEOPROTEIN",0.76060657692963,0.845545952274371,0.0160680499292015,-0.348750890292414,-0.776167634645835,15,"ENSG00000126457;ENSG00000105723;ENSG00000116030;ENSG00000151883;ENSG00000137817;ENSG00000082701;ENSG00000103275"
"REACTOME","REACTOME_NUCLEOTIDE_BINDING_DOMAIN_LEUCINE_RICH_REPEAT_CONTAINING_RECEPTOR_NLR_SIGNALING_PATHWAYS",0.765998515219005,0.847478530035713,0.0139770125707318,-0.290987260362187,-0.824446175846293,54,"ENSG00000188130;ENSG00000104312;ENSG00000185386;ENSG00000064012;ENSG00000091592;ENSG00000127837;ENSG00000110218;ENSG00000118503;ENSG00000142192;ENSG00000083799;ENSG00000055208;ENSG00000135341;ENSG00000103313;ENSG00000213341;ENSG00000100292"
"REACTOME","REACTOME_IRS_MEDIATED_SIGNALLING",0.766376546037563,0.847478530035713,0.014374031026849,-0.29970477846668,-0.809561951166067,41,"ENSG00000105221;ENSG00000145675;ENSG00000066468;ENSG00000160867;ENSG00000138685;ENSG00000179295;ENSG00000169047;ENSG00000134962;ENSG00000070388;ENSG00000158815;ENSG00000156427;ENSG00000133703"
"REACTOME","REACTOME_TIE2_SIGNALING",0.767574840228725,0.847980352105255,0.0157468728045392,-0.341792620652728,-0.779246332828954,17,"ENSG00000145675;ENSG00000179295;ENSG00000101280;ENSG00000091879;ENSG00000115290;ENSG00000133703"
"REACTOME","REACTOME_INTERFERON_SIGNALING",0.774246898995865,0.849893148419887,0.0104627939071696,-0.256064566942479,-0.874975277105936,251,"ENSG00000213024;ENSG00000105568;ENSG00000180228;ENSG00000033800;ENSG00000196924;ENSG00000124181;ENSG00000166233;ENSG00000167552;ENSG00000140968;ENSG00000137267;ENSG00000184979;ENSG00000137285;ENSG00000176014;ENSG00000163002;ENSG00000115415;ENSG00000258947;ENSG00000126456;ENSG00000116030;ENSG00000102580;ENSG00000127824;ENSG00000135930;ENSG00000182481;ENSG00000140464;ENSG00000179295;ENSG00000170142;ENSG00000104695;ENSG00000170312;ENSG00000141510;ENSG00000131944;ENSG00000136068;ENSG00000132182;ENSG00000187790;ENSG00000128604;ENSG00000172183;ENSG00000139496;ENSG00000167553;ENSG00000110321;ENSG00000108424;ENSG00000120738;ENSG00000101871;ENSG00000123416;ENSG00000129351;ENSG00000185745;ENSG00000102900;ENSG00000143621;ENSG00000101665;ENSG00000117595;ENSG00000135829;ENSG00000069248;ENSG00000103275;ENSG00000184557;ENSG00000223865;ENSG00000137713;ENSG00000109971;ENSG00000075151;ENSG00000213341;ENSG00000120253;ENSG00000153201;ENSG00000186868;ENSG00000140564;ENSG00000170581;ENSG00000058804;ENSG00000127445;ENSG00000113575;ENSG00000101162"
"REACTOME","REACTOME_ACTIVATED_PKN1_STIMULATES_TRANSCRIPTION_OF_AR_ANDROGEN_RECEPTOR_REGULATED_GENES_KLK2_AND_KLK3",0.771013597033375,0.849893148419887,0.0250251220325419,0.265138194406903,0.853586770614308,55,"ENSG00000107077;ENSG00000180573;ENSG00000246705;ENSG00000123143;ENSG00000185130;ENSG00000274750;ENSG00000158373;ENSG00000270882;ENSG00000184678;ENSG00000233822;ENSG00000197903;ENSG00000180596;ENSG00000277075;ENSG00000278705;ENSG00000273983;ENSG00000197837;ENSG00000124635;ENSG00000270276;ENSG00000277224;ENSG00000197153;ENSG00000278828;ENSG00000274290;ENSG00000276180;ENSG00000273802"
"REACTOME","REACTOME_POSITIVE_EPIGENETIC_REGULATION_OF_RRNA_EXPRESSION",0.772864184008762,0.849893148419887,0.0126734506385231,-0.273448850496289,-0.844312662488727,96,"ENSG00000071655;ENSG00000117877;ENSG00000099817;ENSG00000132475;ENSG00000170004;ENSG00000115524;ENSG00000009954;ENSG00000057935;ENSG00000162521"
"REACTOME","REACTOME_NOD1_2_SIGNALING_PATHWAY",0.775275663922969,0.849893148419887,0.0144518571034085,-0.303352768394296,-0.797780780996107,35,"ENSG00000188130;ENSG00000104312;ENSG00000185386;ENSG00000064012;ENSG00000127837;ENSG00000118503;ENSG00000083799;ENSG00000055208"
"REACTOME","REACTOME_BMAL1_CLOCK_NPAS2_ACTIVATES_CIRCADIAN_EXPRESSION",0.774955794888282,0.849893148419887,0.0149548656840545,-0.317198518448883,-0.791666975994024,26,"ENSG00000029153;ENSG00000163884;ENSG00000151014;ENSG00000082014;ENSG00000134107;ENSG00000170485"
"REACTOME","REACTOME_REGULATION_OF_MITF_M_DEPENDENT_GENES_INVOLVED_IN_LYSOSOME_BIOGENESIS_AND_AUTOPHAGY",0.771942800788955,0.849893148419887,0.0213715092857371,0.31649142595279,0.787587861514132,17,"ENSG00000128524;ENSG00000155097;ENSG00000171130;ENSG00000159720;ENSG00000117410"
"REACTOME","REACTOME_DAP12_SIGNALING",0.773538961038961,0.849893148419887,0.0151235878640048,-0.320162763267749,-0.78745571928526,24,"ENSG00000134215;ENSG00000124181;ENSG00000145675"
"REACTOME","REACTOME_ACTIVATION_OF_SMO",0.770772238514174,0.849893148419887,0.021257756377706,0.319675174730632,0.785891277584382,16,"ENSG00000144857;ENSG00000173020;ENSG00000137486"
"REACTOME","REACTOME_RESPONSE_OF_MTB_TO_PHAGOCYTOSIS",0.776412776412776,0.8503213003213,0.0151995793019956,-0.321892521048404,-0.783454082068328,23,"ENSG00000105723;ENSG00000116560"
"REACTOME","REACTOME_ANTIMICROBIAL_PEPTIDES",0.779737148560972,0.851505860221425,0.0153620843297468,-0.330060878286601,-0.778766438075338,20,"ENSG00000100604;ENSG00000090382;ENSG00000205882;ENSG00000010438;ENSG00000165240;ENSG00000137462"
"REACTOME","REACTOME_REGULATION_OF_TP53_ACTIVITY_THROUGH_METHYLATION",0.778354833305411,0.851505860221425,0.0154891357429546,-0.332562874619496,-0.775556207878103,19,"ENSG00000183955;ENSG00000141510;ENSG00000149311;ENSG00000198625;ENSG00000181090;ENSG00000143499;ENSG00000152409"
"REACTOME","REACTOME_ADP_SIGNALLING_THROUGH_P2Y_PURINOCEPTOR_12",0.779179280188362,0.851505860221425,0.015529669742974,-0.338629940410796,-0.772035799799511,17,"ENSG00000176533;ENSG00000111664;ENSG00000172380;ENSG00000078369"
"REACTOME","REACTOME_OVARIAN_TUMOR_DOMAIN_PROTEASES",0.780739599383667,0.85178391158812,0.0142366965957834,-0.298724385174796,-0.796312877966536,38,"ENSG00000104312;ENSG00000169914;ENSG00000072401;ENSG00000180667;ENSG00000170312;ENSG00000141510;ENSG00000118503;ENSG00000091831;ENSG00000134982;ENSG00000171862"
"REACTOME","REACTOME_PRE_NOTCH_EXPRESSION_AND_PROCESSING",0.782537517053206,0.852928451601533,0.0124404920065319,-0.270304665308906,-0.837912626187833,100,"ENSG00000134250;ENSG00000112242;ENSG00000064225;ENSG00000132475;ENSG00000074181;ENSG00000196782;ENSG00000114126;ENSG00000126070;ENSG00000141510;ENSG00000086598;ENSG00000188486;ENSG00000092847;ENSG00000197061;ENSG00000078687;ENSG00000163558;ENSG00000198176;ENSG00000163041;ENSG00000105968;ENSG00000123908;ENSG00000101412;ENSG00000148400;ENSG00000264343;ENSG00000140564;ENSG00000005339;ENSG00000196890;ENSG00000275713;ENSG00000168214"
"REACTOME","REACTOME_INTERLEUKIN_1_FAMILY_SIGNALING",0.786313581541689,0.856224827319296,0.011786133272771,-0.265508806086005,-0.846563334722464,125,"ENSG00000013275;ENSG00000099341;ENSG00000104312;ENSG00000012779;ENSG00000184979;ENSG00000104825;ENSG00000140853;ENSG00000041357;ENSG00000064012;ENSG00000197885;ENSG00000065559;ENSG00000179295;ENSG00000141510;ENSG00000173692;ENSG00000189403;ENSG00000090376;ENSG00000169032;ENSG00000115594;ENSG00000142192"
"REACTOME","REACTOME_PROCESSING_OF_INTRONLESS_PRE_MRNAS",0.792047912161038,0.861645245416831,0.0151357184057462,-0.326346741381894,-0.770003069381605,20,"ENSG00000125755;ENSG00000145216;ENSG00000136709;ENSG00000111605;ENSG00000167005;ENSG00000177613;ENSG00000165934"
"REACTOME","REACTOME_REGULATION_OF_APOPTOSIS",0.794619523443505,0.863617974429534,0.0139490580992562,-0.29381712669561,-0.789700014765017,40,"ENSG00000013275;ENSG00000099341;ENSG00000041357;ENSG00000173692"
"REACTOME","REACTOME_RECOGNITION_OF_DNA_DAMAGE_BY_PCNA_CONTAINING_REPLICATION_COMPLEX",0.798385820541225,0.866884127356011,0.0142994807121528,-0.303780418914992,-0.776858330338957,30,"ENSG00000062822;ENSG00000143476;ENSG00000133119;ENSG00000111445;ENSG00000070950"
"REACTOME","REACTOME_TERMINATION_OF_TRANSLESION_DNA_SYNTHESIS",0.803229337712096,0.870483554380664,0.0223863576867889,0.27801238228522,0.802752305035935,32,"ENSG00000175482;ENSG00000121060;ENSG00000143947;ENSG00000182179;ENSG00000187608;ENSG00000106628;ENSG00000100479;ENSG00000101751;ENSG00000035928;ENSG00000106399;ENSG00000221983"
"REACTOME","REACTOME_RORA_B_C_AND_NR1D1_REV_ERBA_REGULATE_GENE_EXPRESSION",0.802769280309129,0.870483554380664,0.0144692089712081,-0.30985356835138,-0.769206618714943,25,"ENSG00000110090;ENSG00000069667;ENSG00000082014;ENSG00000180530"
"REACTOME","REACTOME_RUNX1_REGULATES_GENES_INVOLVED_IN_MEGAKARYOCYTE_DIFFERENTIATION_AND_PLATELET_FUNCTION",0.805940871514642,0.871763202901403,0.012399851505662,-0.270091332064255,-0.818214288612157,84,"ENSG00000126457;ENSG00000272333;ENSG00000132475;ENSG00000169375;ENSG00000065675;ENSG00000126070;ENSG00000188486;ENSG00000092847;ENSG00000197061;ENSG00000078687;ENSG00000127511;ENSG00000163041;ENSG00000105968"
"REACTOME","REACTOME_REGULATION_OF_ENDOGENOUS_RETROELEMENTS_BY_THE_HUMAN_SILENCING_HUB_HUSH_COMPLEX",0.805596036141067,0.871763202901403,0.012977730590135,-0.278716177228087,-0.805138135306261,61,"ENSG00000076053;ENSG00000132475;ENSG00000171681;ENSG00000033030;ENSG00000133422;ENSG00000188486;ENSG00000197061;ENSG00000163041;ENSG00000105968;ENSG00000196890;ENSG00000275713;ENSG00000134283;ENSG00000181090;ENSG00000203852;ENSG00000274641"
"REACTOME","REACTOME_HCMV_LATE_EVENTS",0.81102969533359,0.876435315925009,0.0279610991295042,0.24195334134173,0.870712687157534,107,"ENSG00000196814;ENSG00000131475;ENSG00000155561;ENSG00000167987;ENSG00000160948;ENSG00000180573;ENSG00000141971;ENSG00000132612;ENSG00000138750;ENSG00000074319;ENSG00000075188;ENSG00000185130;ENSG00000274750;ENSG00000131165;ENSG00000158373;ENSG00000270882;ENSG00000136100;ENSG00000184678;ENSG00000233822;ENSG00000197903;ENSG00000221869;ENSG00000180596;ENSG00000125450;ENSG00000176428;ENSG00000277075;ENSG00000278705;ENSG00000254505;ENSG00000273983;ENSG00000164695;ENSG00000275221;ENSG00000197837;ENSG00000085415;ENSG00000124635;ENSG00000196787;ENSG00000176108;ENSG00000124789;ENSG00000270276;ENSG00000277224;ENSG00000197153;ENSG00000113569;ENSG00000203814;ENSG00000278828;ENSG00000094914;ENSG00000274290;ENSG00000276180;ENSG00000273802;ENSG00000101421"
"REACTOME","REACTOME_INLB_MEDIATED_ENTRY_OF_LISTERIA_MONOCYTOGENES_INTO_HOST_CELL",0.812484877812727,0.877175616899238,0.02029260468578,0.309245010090127,0.748425738957904,15,"ENSG00000105976;ENSG00000143947;ENSG00000177885;ENSG00000221983;ENSG00000170315;ENSG00000115145;ENSG00000141985"
"REACTOME","REACTOME_MRNA_SPLICING_MINOR_PATHWAY",0.813377127500747,0.877307337332718,0.0131890612898131,-0.281631361111361,-0.788959911341951,50,"ENSG00000099817;ENSG00000105258;ENSG00000125743;ENSG00000115524;ENSG00000168566;ENSG00000136450"
"REACTOME","REACTOME_DNA_DAMAGE_BYPASS",0.814614343707713,0.877810536880875,0.013269029186396,-0.282887217586262,-0.786755160672262,48,"ENSG00000062822;ENSG00000143476;ENSG00000166803;ENSG00000135945;ENSG00000133119;ENSG00000111445;ENSG00000070950;ENSG00000009413;ENSG00000010072;ENSG00000070010;ENSG00000158290;ENSG00000132383"
"REACTOME","REACTOME_INTERLEUKIN_12_FAMILY_SIGNALING",0.819199761122723,0.881917323174652,0.0130856941793859,-0.280408906437681,-0.78553533629761,50,"ENSG00000134352;ENSG00000104998;ENSG00000131876;ENSG00000006016;ENSG00000115415"
"REACTOME","REACTOME_KEAP1_NFE2L2_PATHWAY",0.820581535575506,0.882570697847499,0.0114792025833392,-0.261079603300224,-0.820344513591269,111,"ENSG00000013275;ENSG00000099341;ENSG00000105221;ENSG00000271303;ENSG00000036257;ENSG00000065833;ENSG00000118777;ENSG00000041357;ENSG00000116044;ENSG00000124762;ENSG00000001084;ENSG00000173692;ENSG00000198431;ENSG00000136997;ENSG00000163558;ENSG00000140941;ENSG00000082701;ENSG00000070010;ENSG00000197063;ENSG00000148400;ENSG00000103222;ENSG00000100292;ENSG00000005339;ENSG00000012048;ENSG00000166167;ENSG00000165280;ENSG00000163960;ENSG00000100804;ENSG00000175166;ENSG00000108691;ENSG00000101266"
"REACTOME","REACTOME_INFLAMMASOMES",0.823923605294019,0.885329232481026,0.0146673464759006,-0.318191821150933,-0.74204206489373,19,"ENSG00000091592;ENSG00000110218;ENSG00000142192;ENSG00000103313;ENSG00000100292;ENSG00000171552;ENSG00000140368"
"REACTOME","REACTOME_HYALURONAN_METABOLISM",0.826735092864125,0.887512979050178,0.0201793957835896,0.301464535334011,0.741122137556233,16,"ENSG00000072571;ENSG00000049860;ENSG00000068001;ENSG00000106302;ENSG00000213614;ENSG00000186792;ENSG00000114770;ENSG00000026508"
"REACTOME","REACTOME_REGULATION_OF_MRNA_STABILITY_BY_PROTEINS_THAT_BIND_AU_RICH_ELEMENTS",0.828979300499643,0.889084202701595,0.0122608528071918,-0.267329109176628,-0.795183237626913,74,"ENSG00000013275;ENSG00000099341;ENSG00000185386;ENSG00000154229;ENSG00000041357;ENSG00000138668;ENSG00000140350;ENSG00000173692;ENSG00000106211;ENSG00000128016;ENSG00000077348;ENSG00000083312;ENSG00000172795;ENSG00000066044;ENSG00000109971;ENSG00000088247;ENSG00000272886;ENSG00000100804;ENSG00000175166;ENSG00000119335"
"REACTOME","REACTOME_GENE_SILENCING_BY_RNA",0.837075575027382,0.896922935048155,0.0115033939466258,-0.261310120074903,-0.80683258611352,96,"ENSG00000180228;ENSG00000099817;ENSG00000132475;ENSG00000105258;ENSG00000185697;ENSG00000173809;ENSG00000126070;ENSG00000188486;ENSG00000092847;ENSG00000128191;ENSG00000102978;ENSG00000156414;ENSG00000197061;ENSG00000078687;ENSG00000179598;ENSG00000163041;ENSG00000105968;ENSG00000123908"
"REACTOME","REACTOME_TRNA_PROCESSING_IN_THE_NUCLEUS",0.838383838383838,0.897247578006324,0.0124633935062729,-0.271468272381649,-0.780618498587448,59,"ENSG00000213024;ENSG00000105171;ENSG00000170892;ENSG00000163002;ENSG00000132182;ENSG00000139496;ENSG00000104356;ENSG00000171262;ENSG00000102900;ENSG00000069248;ENSG00000120253;ENSG00000153201;ENSG00000058804"
"REACTOME","REACTOME_MAP3K8_TPL2_DEPENDENT_MAPK1_3_ACTIVATION",0.838954056695992,0.897247578006324,0.0199560681654234,0.296270862219805,0.728353981872833,16,"ENSG00000143947;ENSG00000055130;ENSG00000168884;ENSG00000104365;ENSG00000221983;ENSG00000170315;ENSG00000269335"
"REACTOME","REACTOME_NRIF_SIGNALS_CELL_DEATH_FROM_THE_NUCLEUS",0.841116751269036,0.898716678888772,0.0145126804924478,-0.317724589105458,-0.71551547011806,16,"ENSG00000205155;ENSG00000138613;ENSG00000143801;ENSG00000134259;ENSG00000064300"
"REACTOME","REACTOME_DEFECTIVE_PYROPTOSIS",0.844516129032258,0.899816530372069,0.0242290712683194,0.247751328269782,0.823005081603609,63,"ENSG00000198056;ENSG00000102054;ENSG00000101868;ENSG00000180573;ENSG00000246705;ENSG00000106462;ENSG00000185130;ENSG00000274750;ENSG00000158373;ENSG00000270882;ENSG00000184678;ENSG00000233822;ENSG00000197903"
"REACTOME","REACTOME_INTERACTIONS_OF_VPR_WITH_HOST_CELLULAR_PROTEINS",0.843455416473497,0.899816530372069,0.0131624937192413,-0.284295148961721,-0.754591464030522,37,"ENSG00000213024;ENSG00000163002;ENSG00000132182;ENSG00000139496;ENSG00000102900;ENSG00000069248;ENSG00000120253;ENSG00000153201;ENSG00000058804"
"REACTOME","REACTOME_METABOLISM_OF_PORPHYRINS",0.843898443898444,0.899816530372069,0.0139966119011389,-0.301803278796895,-0.734558883148073,23,"ENSG00000106605;ENSG00000090013;ENSG00000118777;ENSG00000006695;ENSG00000163586;ENSG00000103222;ENSG00000100292;ENSG00000134538"
"REACTOME","REACTOME_DUAL_INCISION_IN_TC_NER",0.84642132715155,0.901003637033286,0.0121729531488321,-0.268021882872509,-0.778881313185988,63,"ENSG00000104884;ENSG00000012061;ENSG00000062822;ENSG00000099817;ENSG00000105258;ENSG00000133119;ENSG00000111445;ENSG00000102978"
"REACTOME","REACTOME_RHO_GTPASES_ACTIVATE_NADPH_OXIDASES",0.849243739151996,0.903163976558472,0.0199915283249277,0.287266731773747,0.733555950665403,19,"ENSG00000163932;ENSG00000102882;ENSG00000196455;ENSG00000112062"
"REACTOME","REACTOME_SARS_COV_1_TARGETS_HOST_INTRACELLULAR_SIGNALLING_AND_REGULATORY_PATHWAYS",0.850439882697947,0.903592375366569,0.0197497844171305,0.291281250703597,0.716087492388852,16,"ENSG00000166949;ENSG00000141646;ENSG00000164924"
"REACTOME","REACTOME_RNA_POLYMERASE_II_TRANSCRIBES_SNRNA_GENES",0.853818700927909,0.906336906203996,0.0118279086053257,-0.262546444310942,-0.780956971942288,74,"ENSG00000196235;ENSG00000028277;ENSG00000099817;ENSG00000105258;ENSG00000138614;ENSG00000173559"
"REACTOME","REACTOME_MEIOTIC_RECOMBINATION",0.857828603698998,0.909745604853965,0.0115955805958494,-0.261695609565104,-0.78364318971004,77,"ENSG00000197299;ENSG00000132475;ENSG00000108384;ENSG00000188486;ENSG00000132436;ENSG00000197061;ENSG00000177302;ENSG00000123374;ENSG00000163041;ENSG00000105968;ENSG00000131470;ENSG00000149311;ENSG00000139618;ENSG00000132383;ENSG00000012048;ENSG00000196890;ENSG00000275713"
"REACTOME","REACTOME_ER_TO_GOLGI_ANTEROGRADE_TRANSPORT",0.861737570476679,0.913041016532965,0.0100694471909773,-0.249822041523691,-0.811763281819333,149,"ENSG00000254647;ENSG00000109861;ENSG00000160460;ENSG00000105402;ENSG00000167552;ENSG00000105063;ENSG00000137267;ENSG00000105438;ENSG00000137285;ENSG00000176014;ENSG00000258947;ENSG00000077380;ENSG00000127824;ENSG00000086598;ENSG00000135720;ENSG00000163235;ENSG00000167553;ENSG00000133103;ENSG00000180398;ENSG00000148396;ENSG00000123416;ENSG00000197694;ENSG00000106636;ENSG00000077549;ENSG00000134970;ENSG00000004059;ENSG00000166557;ENSG00000125875;ENSG00000007255;ENSG00000110075"
"REACTOME","REACTOME_RESPIRATORY_SYNCYTIAL_VIRUS_RSV_GENOME_REPLICATION_TRANSCRIPTION_AND_TRANSLATION",0.864891518737673,0.914681002639006,0.0196285193882405,0.287134340633413,0.71453285227535,17,"ENSG00000172531;ENSG00000114902;ENSG00000080824;ENSG00000096384"
"REACTOME","REACTOME_TRANSLESION_SYNTHESIS_BY_POLH",0.864633942033841,0.914681002639006,0.013971417489002,-0.303068688227327,-0.706774028331056,19,"ENSG00000133119;ENSG00000111445;ENSG00000010072;ENSG00000070010;ENSG00000132383;ENSG00000165280"
"REACTOME","REACTOME_INFECTION_WITH_MYCOBACTERIUM_TUBERCULOSIS",0.866795678116433,0.914995623146077,0.0133843554378653,-0.287796616957976,-0.722841868036798,27,"ENSG00000105723;ENSG00000116560"
"REACTOME","REACTOME_TRISTETRAPROLIN_TTP_ZFP36_BINDS_AND_DESTABILIZES_MRNA",0.866633030608813,0.914995623146077,0.0139938104186121,-0.30521257615474,-0.695848202479207,17,"ENSG00000128016;ENSG00000077348;ENSG00000083312;ENSG00000172795;ENSG00000272886;ENSG00000130713;ENSG00000171311"
"REACTOME","REACTOME_INHIBITION_OF_DNA_RECOMBINATION_AT_TELOMERE",0.867842051580941,0.915251941435826,0.0118895065192727,-0.264467172452519,-0.762664328008667,60,"ENSG00000099817;ENSG00000132475;ENSG00000105258;ENSG00000188486;ENSG00000085224;ENSG00000102978;ENSG00000197061;ENSG00000147601;ENSG00000166848;ENSG00000163041;ENSG00000105968;ENSG00000204209"
"REACTOME","REACTOME_ERCC6_CSB_AND_EHMT2_G9A_POSITIVELY_REGULATE_RRNA_EXPRESSION",0.869470945359931,0.916121560374617,0.0117444467589086,-0.262114536737143,-0.766690066597666,66,"ENSG00000071655;ENSG00000132475;ENSG00000170004;ENSG00000057935;ENSG00000162521;ENSG00000188486;ENSG00000197061;ENSG00000163041;ENSG00000105968;ENSG00000196890;ENSG00000275713;ENSG00000203852;ENSG00000111642;ENSG00000143614;ENSG00000274641;ENSG00000196591;ENSG00000182979"
"REACTOME","REACTOME_SYNTHESIS_OF_PIPS_AT_THE_EARLY_ENDOSOME_MEMBRANE",0.870723362658847,0.916593262540135,0.0193937471638163,0.283534902605333,0.697043825927459,16,"ENSG00000109452;ENSG00000038210;ENSG00000196455;ENSG00000171100;ENSG00000011405;ENSG00000166912"
"REACTOME","REACTOME_RNA_POLYMERASE_I_TRANSCRIPTION",0.872192731727236,0.917282963219897,0.0108030897000769,-0.253474833547808,-0.786876185714519,101,"ENSG00000071655;ENSG00000104884;ENSG00000117877;ENSG00000099817;ENSG00000132475;ENSG00000170004;ENSG00000177469;ENSG00000057935;ENSG00000162521"
"REACTOME","REACTOME_NUCLEAR_EVENTS_MEDIATED_BY_NFE2L2",0.872989229262834,0.917282963219897,0.011198192004038,-0.255987600662194,-0.776932863874604,85,"ENSG00000013275;ENSG00000099341;ENSG00000271303;ENSG00000065833;ENSG00000118777;ENSG00000041357;ENSG00000116044;ENSG00000001084;ENSG00000173692;ENSG00000198431;ENSG00000136997"
"REACTOME","REACTOME_INTRAFLAGELLAR_TRANSPORT",0.876040428061831,0.919640596831729,0.0120431303871852,-0.265419640992535,-0.749700034490488,53,"ENSG00000167552;ENSG00000137267;ENSG00000137285;ENSG00000176014;ENSG00000258947;ENSG00000127824;ENSG00000197557;ENSG00000167553;ENSG00000152760;ENSG00000083312;ENSG00000204104;ENSG00000123416"
"REACTOME","REACTOME_VIRAL_INFECTION_PATHWAYS",0.878689191939752,0.921190497763097,0.0057405630575946,-0.241848133571931,-0.887078684119453,999,"ENSG00000254087;ENSG00000160712;ENSG00000063244;ENSG00000006712;ENSG00000105323;ENSG00000196235;ENSG00000105409;ENSG00000213024;ENSG00000125755;ENSG00000013275;ENSG00000071655;ENSG00000130726;ENSG00000099341;ENSG00000137731;ENSG00000183098;ENSG00000104884;ENSG00000105221;ENSG00000126457;ENSG00000140443;ENSG00000140395;ENSG00000160932;ENSG00000105723;ENSG00000077232;ENSG00000079246;ENSG00000170144;ENSG00000115677;ENSG00000115884;ENSG00000166233;ENSG00000104312;ENSG00000145675;ENSG00000104824;ENSG00000105486;ENSG00000167552;ENSG00000076716;ENSG00000153208;ENSG00000137267;ENSG00000131876;ENSG00000099817;ENSG00000063660;ENSG00000115268;ENSG00000105438;ENSG00000105258;ENSG00000137285;ENSG00000036257;ENSG00000176014;ENSG00000142798;ENSG00000063322;ENSG00000011304;ENSG00000163002;ENSG00000113249;ENSG00000042753;ENSG00000170004;ENSG00000196961;ENSG00000125743;ENSG00000143153;ENSG00000115415;ENSG00000147257;ENSG00000163527;ENSG00000115524;ENSG00000105329;ENSG00000185088;ENSG00000175221;ENSG00000152056;ENSG00000104825;ENSG00000142534;ENSG00000105193;ENSG00000258947;ENSG00000126456;ENSG00000125944;ENSG00000162512;ENSG00000186298;ENSG00000077380;ENSG00000131711;ENSG00000096401;ENSG00000116030;ENSG00000102580;ENSG00000196498;ENSG00000127824;ENSG00000128739;ENSG00000041357;ENSG00000104067;ENSG00000138668;ENSG00000142252;ENSG00000161265;ENSG00000083845;ENSG00000057935;ENSG00000162521;ENSG00000136450;ENSG00000196230;ENSG00000115053;ENSG00000177733;ENSG00000177663;ENSG00000116044;ENSG00000151572;ENSG00000171960;ENSG00000182481;ENSG00000140464;ENSG00000134910;ENSG00000153187;ENSG00000179295;ENSG00000105372;ENSG00000121966;ENSG00000117650;ENSG00000147274;ENSG00000108468;ENSG00000173692;ENSG00000140612;ENSG00000134453;ENSG00000135720;ENSG00000142541;ENSG00000132964;ENSG00000184500;ENSG00000108107;ENSG00000143799;ENSG00000240344;ENSG00000146648;ENSG00000132182;ENSG00000130724;ENSG00000178913;ENSG00000115594;ENSG00000170027;ENSG00000188157;ENSG00000067900;ENSG00000111880;ENSG00000064703;ENSG00000165025;ENSG00000163510;ENSG00000104973;ENSG00000137726;ENSG00000168496;ENSG00000184005;ENSG00000139496;ENSG00000167553;ENSG00000065150;ENSG00000188818;ENSG00000102978;ENSG00000139722;ENSG00000174405;ENSG00000150093;ENSG00000160746;ENSG00000112081;ENSG00000102103;ENSG00000089280;ENSG00000110321;ENSG00000100985;ENSG00000197061;ENSG00000166794;ENSG00000092199;ENSG00000165632;ENSG00000145216;ENSG00000155111;ENSG00000149428;ENSG00000270647;ENSG00000111786;ENSG00000003756;ENSG00000165119;ENSG00000108424;ENSG00000055208;ENSG00000151883;ENSG00000111707;ENSG00000145833;ENSG00000186654;ENSG00000092445;ENSG00000168036;ENSG00000099783;ENSG00000132792;ENSG00000156603;ENSG00000069849;ENSG00000134371;ENSG00000160551;ENSG00000105085;ENSG00000140941;ENSG00000163714;ENSG00000134308;ENSG00000136709;ENSG00000137817;ENSG00000111605;ENSG00000123416;ENSG00000147010;ENSG00000102158;ENSG00000129824;ENSG00000154153;ENSG00000115232;ENSG00000112208;ENSG00000174444;ENSG00000102900;ENSG00000118260;ENSG00000115875;ENSG00000011007;ENSG00000182866;ENSG00000137815;ENSG00000177119;ENSG00000133226;ENSG00000184012;ENSG00000204209;ENSG00000066044;ENSG00000082701;ENSG00000215301;ENSG00000141367;ENSG00000154582;ENSG00000160563;ENSG00000105705;ENSG00000179399;ENSG00000135341;ENSG00000134086;ENSG00000063177;ENSG00000054267;ENSG00000135829;ENSG00000069248;ENSG00000103275;ENSG00000136003;ENSG00000112893;ENSG00000042429;ENSG00000068394;ENSG00000130699;ENSG00000087087;ENSG00000070010;ENSG00000169439;ENSG00000170458;ENSG00000123066;ENSG00000109971;ENSG00000092201;ENSG00000075151;ENSG00000213341;ENSG00000120253;ENSG00000117602;ENSG00000153201;ENSG00000140307;ENSG00000139687;ENSG00000108654;ENSG00000105369;ENSG00000140564;ENSG00000170581;ENSG00000136448;ENSG00000005339;ENSG00000010810;ENSG00000104142;ENSG00000196890;ENSG00000172116;ENSG00000125686;ENSG00000198821;ENSG00000137462;ENSG00000113580;ENSG00000058804;ENSG00000124193"
"REACTOME","REACTOME_CO_INHIBITION_BY_PD_1",0.87913439075372,0.921190497763097,0.00911012748608782,-0.243551428368348,-0.812995941693542,191,"ENSG00000120217;ENSG00000013275;ENSG00000099341;ENSG00000132475;ENSG00000036257;ENSG00000125740;ENSG00000072849;ENSG00000115415;ENSG00000163527;ENSG00000187079;ENSG00000041357;ENSG00000162521;ENSG00000116044;ENSG00000134910;ENSG00000179295;ENSG00000117650;ENSG00000126070;ENSG00000173692;ENSG00000170027;ENSG00000188486;ENSG00000136997;ENSG00000092847;ENSG00000103653;ENSG00000197061;ENSG00000078687;ENSG00000168036;ENSG00000102158;ENSG00000182866;ENSG00000163041;ENSG00000100644;ENSG00000105968;ENSG00000082701;ENSG00000123908;ENSG00000223865;ENSG00000170345;ENSG00000005339;ENSG00000196890;ENSG00000198821;ENSG00000275713;ENSG00000074219;ENSG00000203852;ENSG00000166167;ENSG00000165280;ENSG00000090905;ENSG00000100804;ENSG00000175166"
"REACTOME","REACTOME_PKMTS_METHYLATE_HISTONE_LYSINES",0.881252718573293,0.922561439756416,0.0115907183082015,-0.259853804982908,-0.756071007071334,64,"ENSG00000104885;ENSG00000272333;ENSG00000183955;ENSG00000162521;ENSG00000133247;ENSG00000171681;ENSG00000109685;ENSG00000197061;ENSG00000142611;ENSG00000165671;ENSG00000185420;ENSG00000181555;ENSG00000181090;ENSG00000203852;ENSG00000143499;ENSG00000101945"
"REACTOME","REACTOME_HIV_LIFE_CYCLE",0.890560699588477,0.930595079661721,0.00961529552583581,-0.245242933361084,-0.795668208135742,147,"ENSG00000196235;ENSG00000213024;ENSG00000104884;ENSG00000079246;ENSG00000105486;ENSG00000099817;ENSG00000105258;ENSG00000163002;ENSG00000121966;ENSG00000132182;ENSG00000130724;ENSG00000178913;ENSG00000111880;ENSG00000168496;ENSG00000139496;ENSG00000102978;ENSG00000139722;ENSG00000174405;ENSG00000165632;ENSG00000270647;ENSG00000102900;ENSG00000011007;ENSG00000154582;ENSG00000069248;ENSG00000130699;ENSG00000092201;ENSG00000120253;ENSG00000153201;ENSG00000140307;ENSG00000140564;ENSG00000136448;ENSG00000058804"
"REACTOME","REACTOME_E3_UBIQUITIN_LIGASES_UBIQUITINATE_TARGET_PROTEINS",0.889767237593325,0.930595079661721,0.0115907183082015,-0.258288609031935,-0.742719819210736,59,"ENSG00000006712;ENSG00000176641;ENSG00000140395;ENSG00000072401;ENSG00000131871;ENSG00000170142;ENSG00000070950;ENSG00000134371;ENSG00000253729;ENSG00000137815"
"REACTOME","REACTOME_TRANSCRIPTIONAL_REGULATION_OF_GRANULOPOIESIS",0.891678420310296,0.930909001588843,0.0110057211183296,-0.252941363765861,-0.760370446098531,79,"ENSG00000160712;ENSG00000132475;ENSG00000114126;ENSG00000140464;ENSG00000124762;ENSG00000118513;ENSG00000188486;ENSG00000136997;ENSG00000197061;ENSG00000123374;ENSG00000118260;ENSG00000198176;ENSG00000163041;ENSG00000105968;ENSG00000101412"
"REACTOME","REACTOME_NEGATIVE_EPIGENETIC_REGULATION_OF_RRNA_EXPRESSION",0.894119252285441,0.932602406916775,0.0104651099309318,-0.248391975100812,-0.769529493195618,99,"ENSG00000104884;ENSG00000117877;ENSG00000088305;ENSG00000099817;ENSG00000132475;ENSG00000169375;ENSG00000076108;ENSG00000188486;ENSG00000136715;ENSG00000197061;ENSG00000111707;ENSG00000127511;ENSG00000096717;ENSG00000163041;ENSG00000161526;ENSG00000105968"
"REACTOME","REACTOME_EXPRESSION_OF_BMAL_ARNTL_CLOCK_AND_NPAS2",0.896492326965237,0.933820885183729,0.0124684867822931,-0.27103864850911,-0.707314885550507,34,"ENSG00000069667;ENSG00000082014;ENSG00000115966;ENSG00000180530;ENSG00000108557;ENSG00000170485;ENSG00000096717;ENSG00000118260;ENSG00000005339;ENSG00000125686;ENSG00000134852"
"REACTOME","REACTOME_MRNA_DECAY_BY_5_TO_3_EXORIBONUCLEASE",0.896927171546092,0.933820885183729,0.0187994458134011,0.276479740302536,0.669128190241481,15,"ENSG00000164167;ENSG00000151065;ENSG00000114127;ENSG00000130520;ENSG00000175324"
"REACTOME","REACTOME_HIV_TRANSCRIPTION_INITIATION",0.901164526724395,0.93737570405396,0.0219462873232094,0.24445296670117,0.7628366136441,47,"ENSG00000106290;ENSG00000005075;ENSG00000120656;ENSG00000272047;ENSG00000020426;ENSG00000163882;ENSG00000137947;ENSG00000163161;ENSG00000148835;ENSG00000134058;ENSG00000153767;ENSG00000165417;ENSG00000168002;ENSG00000125651;ENSG00000111358"
"REACTOME","REACTOME_DISORDERS_OF_DEVELOPMENTAL_BIOLOGY",0.902311456048591,0.937712361714731,0.0134572032053626,-0.28918911913712,-0.664698308189198,18,"ENSG00000152495;ENSG00000196498;ENSG00000169375"
"REACTOME","REACTOME_UB_SPECIFIC_PROCESSING_PROTEASES",0.904495081558959,0.938269488065259,0.00885580631146363,-0.240644937661238,-0.796968885186226,179,"ENSG00000170365;ENSG00000013275;ENSG00000099341;ENSG00000184979;ENSG00000135913;ENSG00000107854;ENSG00000140455;ENSG00000164663;ENSG00000041357;ENSG00000106799;ENSG00000141510;ENSG00000173692;ENSG00000124486;ENSG00000070501;ENSG00000136997;ENSG00000083799;ENSG00000117399;ENSG00000111707;ENSG00000124422;ENSG00000152484;ENSG00000171862;ENSG00000101665;ENSG00000100644;ENSG00000187555;ENSG00000173273;ENSG00000135341;ENSG00000168646;ENSG00000169252;ENSG00000092853;ENSG00000070010;ENSG00000196890;ENSG00000275713;ENSG00000198625;ENSG00000145386;ENSG00000090686;ENSG00000100804;ENSG00000175166;ENSG00000163635;ENSG00000274641;ENSG00000196747;ENSG00000115464;ENSG00000135093;ENSG00000103194;ENSG00000108671;ENSG00000164045;ENSG00000119912;ENSG00000118518"
"REACTOME","REACTOME_THE_NLRP3_INFLAMMASOME",0.90390185721588,0.938269488065259,0.0135739266468524,-0.290540840262228,-0.646617408102578,15,"ENSG00000110218;ENSG00000142192;ENSG00000103313;ENSG00000100292"
"REACTOME","REACTOME_ASSOCIATION_OF_TRIC_CCT_WITH_TARGET_PROTEINS_DURING_BIOSYNTHESIS",0.905855161787365,0.938825322361974,0.0120804861927489,-0.264990453904328,-0.706387966482015,38,"ENSG00000109670;ENSG00000105173;ENSG00000118564;ENSG00000141510;ENSG00000140859;ENSG00000116663;ENSG00000150753"
"REACTOME","REACTOME_PRC2_METHYLATES_HISTONES_AND_DNA",0.909800520381613,0.942057084286052,0.0110720708378235,-0.250423655884227,-0.732494015011651,66,"ENSG00000273604;ENSG00000088305;ENSG00000132475;ENSG00000119772;ENSG00000162521;ENSG00000008083;ENSG00000188486;ENSG00000197061;ENSG00000163041;ENSG00000105968"
"REACTOME","REACTOME_HSF1_ACTIVATION",0.910933758978452,0.942373797889606,0.0125143930198642,-0.270327353570555,-0.686119985091679,29,"ENSG00000146072;ENSG00000160570;ENSG00000149257;ENSG00000106211;ENSG00000230989;ENSG00000132383;ENSG00000120694;ENSG00000165280"
"REACTOME","REACTOME_EPIGENETIC_REGULATION_OF_GENE_EXPRESSION_BY_MLL3_AND_MLL4_COMPLEXES",0.912828947368421,0.94262209524264,0.0270118177076338,0.226942542108745,0.828696959938319,120,"ENSG00000101849;ENSG00000245848;ENSG00000169692;ENSG00000134324;ENSG00000074416;ENSG00000062282;ENSG00000164885;ENSG00000167676;ENSG00000180573;ENSG00000246705;ENSG00000157212;ENSG00000133997;ENSG00000177666;ENSG00000162961;ENSG00000055609;ENSG00000135218;ENSG00000185130;ENSG00000274750;ENSG00000158373;ENSG00000270882;ENSG00000116833;ENSG00000184678;ENSG00000129691;ENSG00000233822;ENSG00000164758;ENSG00000197903;ENSG00000280789"
"REACTOME","REACTOME_P75NTR_SIGNALS_VIA_NF_KB",0.912182741116751,0.94262209524264,0.0133413451012639,-0.285517684461717,-0.642985551731524,16,"ENSG00000104312;ENSG00000134259;ENSG00000163558;ENSG00000064300"
"REACTOME","REACTOME_REGULATION_OF_CDH1_FUNCTION",0.915799432355724,0.944832928852508,0.0225548615894722,0.236065120995018,0.772769043000879,59,"ENSG00000135047;ENSG00000204628;ENSG00000161057;ENSG00000127922;ENSG00000143947;ENSG00000105879"
"REACTOME","REACTOME_MEIOSIS",0.920096852300242,0.948407524678711,0.00980762274188223,-0.242504467277722,-0.759266582463659,108,"ENSG00000197299;ENSG00000132475;ENSG00000108384;ENSG00000164754;ENSG00000113368;ENSG00000188486;ENSG00000132436;ENSG00000164828;ENSG00000197061;ENSG00000177302;ENSG00000147601;ENSG00000166848;ENSG00000123374;ENSG00000163041;ENSG00000105968;ENSG00000131470;ENSG00000103275;ENSG00000149311;ENSG00000139618;ENSG00000132383;ENSG00000012048;ENSG00000196890;ENSG00000275713"
"REACTOME","REACTOME_EPIGENETIC_REGULATION_BY_WDR5_CONTAINING_HISTONE_MODIFYING_COMPLEXES",0.931412894375857,0.959179789012347,0.0285290358596046,0.222247569201074,0.834465609908104,151,"ENSG00000101849;ENSG00000245848;ENSG00000169692;ENSG00000134324;ENSG00000149474;ENSG00000074416;ENSG00000062282;ENSG00000164885;ENSG00000089123;ENSG00000167676;ENSG00000180573;ENSG00000246705;ENSG00000157212;ENSG00000133997;ENSG00000108773;ENSG00000177666;ENSG00000162961;ENSG00000055609;ENSG00000154832;ENSG00000135218;ENSG00000185130;ENSG00000274750;ENSG00000158373;ENSG00000270882;ENSG00000116833;ENSG00000176476;ENSG00000184678;ENSG00000129691;ENSG00000233822;ENSG00000164758;ENSG00000197903;ENSG00000280789;ENSG00000171148;ENSG00000133895;ENSG00000147162;ENSG00000155868;ENSG00000180596"
"REACTOME","REACTOME_DNA_REPLICATION_PRE_INITIATION",0.93307392996109,0.959179789012347,0.00901186678805236,-0.237018888857575,-0.76437264777931,140,"ENSG00000108106;ENSG00000013275;ENSG00000099341;ENSG00000115942;ENSG00000132475;ENSG00000072401;ENSG00000091651;ENSG00000041357;ENSG00000196510;ENSG00000175063;ENSG00000170142;ENSG00000065328;ENSG00000173692;ENSG00000188486;ENSG00000197061;ENSG00000085840;ENSG00000108424;ENSG00000123374;ENSG00000104738;ENSG00000163041;ENSG00000105968"
"REACTOME","REACTOME_OXIDATIVE_STRESS_INDUCED_SENESCENCE",0.932684617435351,0.959179789012347,0.009453077664638,-0.237949689336381,-0.749794739567324,113,"ENSG00000112242;ENSG00000132475;ENSG00000123080;ENSG00000185386;ENSG00000132510;ENSG00000114126;ENSG00000162521;ENSG00000173894;ENSG00000065559;ENSG00000111752;ENSG00000071054;ENSG00000126070;ENSG00000141510;ENSG00000188486;ENSG00000092847;ENSG00000034152;ENSG00000197061;ENSG00000141570;ENSG00000078687;ENSG00000198176;ENSG00000134686;ENSG00000163041;ENSG00000105968;ENSG00000101412;ENSG00000197442;ENSG00000170345"
"REACTOME","REACTOME_REPLACEMENT_OF_PROTAMINES_BY_NUCLEOSOMES_IN_THE_MALE_PRONUCLEUS",0.934550561797753,0.959831460674157,0.0204344529994522,0.239505327754666,0.709162412023978,36,"ENSG00000181038;ENSG00000185130;ENSG00000158373;ENSG00000270882;ENSG00000184678;ENSG00000233822;ENSG00000197903;ENSG00000180596;ENSG00000100084;ENSG00000278705;ENSG00000197837;ENSG00000124635;ENSG00000270276;ENSG00000277224;ENSG00000274290;ENSG00000276180;ENSG00000273802"
"REACTOME","REACTOME_HIV_INFECTION",0.937651039149348,0.962148228460457,0.00775296352348373,-0.23139762105497,-0.779774723017784,215,"ENSG00000196235;ENSG00000213024;ENSG00000013275;ENSG00000099341;ENSG00000104884;ENSG00000079246;ENSG00000105486;ENSG00000099817;ENSG00000105258;ENSG00000163002;ENSG00000042753;ENSG00000196961;ENSG00000152056;ENSG00000041357;ENSG00000121966;ENSG00000173692;ENSG00000132182;ENSG00000130724;ENSG00000178913;ENSG00000111880;ENSG00000168496;ENSG00000139496;ENSG00000102978;ENSG00000139722;ENSG00000174405;ENSG00000165632;ENSG00000270647;ENSG00000108424;ENSG00000102900;ENSG00000011007;ENSG00000182866;ENSG00000154582;ENSG00000069248;ENSG00000130699;ENSG00000092201;ENSG00000120253;ENSG00000153201;ENSG00000140307;ENSG00000140564;ENSG00000136448;ENSG00000010810;ENSG00000172116;ENSG00000198821;ENSG00000058804"
"REACTOME","REACTOME_METABOLISM_OF_RNA",0.939236291749038,0.96290741341328,0.0047389646209312,-0.231763431209081,-0.842558816017018,737,"ENSG00000063244;ENSG00000088038;ENSG00000154548;ENSG00000196235;ENSG00000213024;ENSG00000104852;ENSG00000125755;ENSG00000013275;ENSG00000099341;ENSG00000105618;ENSG00000105771;ENSG00000104884;ENSG00000105568;ENSG00000144580;ENSG00000076650;ENSG00000138442;ENSG00000140395;ENSG00000182768;ENSG00000170144;ENSG00000105171;ENSG00000104824;ENSG00000189369;ENSG00000131876;ENSG00000099817;ENSG00000076053;ENSG00000142528;ENSG00000130749;ENSG00000115268;ENSG00000105258;ENSG00000105617;ENSG00000122085;ENSG00000011304;ENSG00000170892;ENSG00000163002;ENSG00000065268;ENSG00000126254;ENSG00000149115;ENSG00000125743;ENSG00000115524;ENSG00000185088;ENSG00000142534;ENSG00000105193;ENSG00000105202;ENSG00000125944;ENSG00000179151;ENSG00000197381;ENSG00000185386;ENSG00000154229;ENSG00000096401;ENSG00000168566;ENSG00000123136;ENSG00000128739;ENSG00000041357;ENSG00000138668;ENSG00000142252;ENSG00000161265;ENSG00000083845;ENSG00000250305;ENSG00000140350;ENSG00000102241;ENSG00000136450;ENSG00000115053;ENSG00000171960;ENSG00000164091;ENSG00000112941;ENSG00000153187;ENSG00000105372;ENSG00000147274;ENSG00000033030;ENSG00000162971;ENSG00000173692;ENSG00000134453;ENSG00000142541;ENSG00000077312;ENSG00000108107;ENSG00000136527;ENSG00000240344;ENSG00000132182;ENSG00000117751;ENSG00000111880;ENSG00000064703;ENSG00000163510;ENSG00000278053;ENSG00000139496;ENSG00000177971;ENSG00000169371;ENSG00000106211;ENSG00000128016;ENSG00000102978;ENSG00000139746;ENSG00000112081;ENSG00000102103;ENSG00000089280;ENSG00000210082;ENSG00000092199;ENSG00000145216;ENSG00000104626;ENSG00000111786;ENSG00000003756;ENSG00000100813;ENSG00000165119;ENSG00000104356;ENSG00000118246;ENSG00000145833;ENSG00000077348;ENSG00000037474;ENSG00000083312;ENSG00000115368;ENSG00000099783;ENSG00000132792;ENSG00000157106;ENSG00000171262;ENSG00000146457;ENSG00000122257;ENSG00000163714;ENSG00000136709;ENSG00000111605;ENSG00000129824;ENSG00000213638;ENSG00000172795;ENSG00000174444;ENSG00000102900"
"REACTOME","REACTOME_DNA_METHYLATION",0.940460282108389,0.963295199030086,0.0109773433544713,-0.242462858854274,-0.68696332794211,54,"ENSG00000088305;ENSG00000132475;ENSG00000119772;ENSG00000188486;ENSG00000197061;ENSG00000163041;ENSG00000105968;ENSG00000196890;ENSG00000275713;ENSG00000203852;ENSG00000274641"
"REACTOME","REACTOME_REGULATION_OF_PD_L1_CD274_EXPRESSION",0.942896073330856,0.964535601354382,0.00808233095881229,-0.231662157881396,-0.769196818744905,182,"ENSG00000120217;ENSG00000013275;ENSG00000099341;ENSG00000132475;ENSG00000036257;ENSG00000125740;ENSG00000072849;ENSG00000115415;ENSG00000163527;ENSG00000187079;ENSG00000041357;ENSG00000162521;ENSG00000116044;ENSG00000134910;ENSG00000117650;ENSG00000126070;ENSG00000173692;ENSG00000170027;ENSG00000188486;ENSG00000136997;ENSG00000092847;ENSG00000197061;ENSG00000078687;ENSG00000168036;ENSG00000102158;ENSG00000163041;ENSG00000100644;ENSG00000105968;ENSG00000082701;ENSG00000123908"
"REACTOME","REACTOME_OLFACTORY_SIGNALING_PATHWAY",0.943914426134721,0.964535601354382,0.0105184325101271,-0.239866973074295,-0.701615514538732,66,"ENSG00000068615;ENSG00000106689;ENSG00000078369;ENSG00000141404;ENSG00000141194;ENSG00000221882;ENSG00000180090;ENSG00000188124;ENSG00000221970;ENSG00000183251;ENSG00000127588;ENSG00000164330"
"REACTOME","REACTOME_REGULATION_OF_TLR_BY_ENDOGENOUS_LIGAND",0.944211760763947,0.964535601354382,0.0126966625682614,-0.261136188636367,-0.608984969925711,19,"ENSG00000189403;ENSG00000122852;ENSG00000105928;ENSG00000170458;ENSG00000185303;ENSG00000137462"
"REACTOME","REACTOME_RNA_POLYMERASE_I_PROMOTER_ESCAPE",0.947133539306557,0.965909471012425,0.0233752597077374,0.221241194466995,0.765957809380363,81,"ENSG00000272047;ENSG00000180573;ENSG00000246705;ENSG00000020426;ENSG00000166012;ENSG00000163882;ENSG00000163161;ENSG00000185130;ENSG00000186184;ENSG00000274750;ENSG00000066379;ENSG00000158373;ENSG00000115750;ENSG00000134058;ENSG00000270882;ENSG00000184678;ENSG00000233822;ENSG00000197903;ENSG00000180596;ENSG00000125630;ENSG00000111358;ENSG00000277075;ENSG00000137054;ENSG00000278705;ENSG00000273983;ENSG00000145736;ENSG00000171453;ENSG00000197837;ENSG00000100142;ENSG00000108312"
"REACTOME","REACTOME_SIRT1_NEGATIVELY_REGULATES_RRNA_EXPRESSION",0.947252747252747,0.965909471012425,0.0219514963412754,0.225397705183016,0.735534542128503,58,"ENSG00000180573;ENSG00000246705;ENSG00000166012;ENSG00000185130;ENSG00000274750;ENSG00000132275;ENSG00000158373;ENSG00000115750;ENSG00000270882;ENSG00000184678;ENSG00000233822;ENSG00000197903;ENSG00000180596;ENSG00000277075;ENSG00000278705;ENSG00000273983;ENSG00000197837;ENSG00000124635;ENSG00000270276;ENSG00000277224;ENSG00000197153;ENSG00000278828;ENSG00000274290;ENSG00000276180;ENSG00000273802"
"REACTOME","REACTOME_DEUBIQUITINATION",0.949976459510358,0.966092131591337,0.00705492034714409,-0.228672832647693,-0.782665909452403,255,"ENSG00000170365;ENSG00000013275;ENSG00000099341;ENSG00000104312;ENSG00000169914;ENSG00000105619;ENSG00000184979;ENSG00000135913;ENSG00000105329;ENSG00000107854;ENSG00000140455;ENSG00000114933;ENSG00000072401;ENSG00000164663;ENSG00000041357;ENSG00000180667;ENSG00000106799;ENSG00000170312;ENSG00000141510;ENSG00000136518;ENSG00000173692;ENSG00000138376;ENSG00000124486;ENSG00000118503;ENSG00000070501;ENSG00000091831;ENSG00000136738;ENSG00000136997;ENSG00000083799;ENSG00000117399;ENSG00000111707;ENSG00000124422;ENSG00000134982;ENSG00000152484;ENSG00000171862;ENSG00000101665;ENSG00000100644;ENSG00000187555;ENSG00000173273;ENSG00000135341;ENSG00000168646;ENSG00000169252;ENSG00000092853;ENSG00000070010;ENSG00000019995;ENSG00000012048;ENSG00000196890;ENSG00000275713;ENSG00000170322;ENSG00000198625;ENSG00000145386;ENSG00000166987;ENSG00000165280;ENSG00000169918;ENSG00000090686;ENSG00000100804;ENSG00000175166;ENSG00000163635;ENSG00000274641;ENSG00000172534;ENSG00000196747;ENSG00000115464;ENSG00000135093;ENSG00000103194;ENSG00000108671;ENSG00000164045;ENSG00000119912;ENSG00000119318;ENSG00000118518"
"REACTOME","REACTOME_SENESCENCE_ASSOCIATED_SECRETORY_PHENOTYPE_SASP",0.949795361527967,0.966092131591337,0.00953185917406196,-0.233536580865556,-0.723935894929366,100,"ENSG00000108106;ENSG00000163453;ENSG00000071242;ENSG00000132475;ENSG00000123080;ENSG00000072401;ENSG00000196510;ENSG00000175063;ENSG00000124762;ENSG00000170142;ENSG00000188486"
"REACTOME","REACTOME_BUTYRATE_RESPONSE_FACTOR_1_BRF1_BINDS_AND_DESTABILIZES_MRNA",0.949704142011834,0.966092131591337,0.0182285017977177,0.242798244549074,0.604202624535916,17,"ENSG00000162889;ENSG00000114127;ENSG00000142208;ENSG00000185650"
"REACTOME","REACTOME_TRANSCRIPTION_OF_THE_HIV_GENOME",0.951989619377163,0.967275804166448,0.010349542762792,-0.237223938321176,-0.698493335357462,69,"ENSG00000196235;ENSG00000104884;ENSG00000099817;ENSG00000105258;ENSG00000178913;ENSG00000111880;ENSG00000102978;ENSG00000165632;ENSG00000270647;ENSG00000011007;ENSG00000154582;ENSG00000130699;ENSG00000092201;ENSG00000140307"
"REACTOME","REACTOME_REGULATION_OF_PD_L1_CD274_TRANSCRIPTION",0.953846153846154,0.968298368298368,0.0243171512838986,0.219189502110959,0.769443930698692,92,"ENSG00000102054;ENSG00000134323;ENSG00000148737;ENSG00000162772;ENSG00000137693;ENSG00000180573;ENSG00000246705;ENSG00000177606;ENSG00000077150;ENSG00000106462;ENSG00000162961;ENSG00000055609;ENSG00000185130;ENSG00000274750;ENSG00000158373;ENSG00000270882;ENSG00000197905;ENSG00000184678;ENSG00000129691;ENSG00000233822;ENSG00000197903"
"REACTOME","REACTOME_MEIOTIC_SYNAPSIS",0.955533596837945,0.968726993809874,0.0225712919579293,0.220702697056402,0.744832024611232,70,"ENSG00000066923;ENSG00000128513;ENSG00000180573;ENSG00000246705;ENSG00000161860;ENSG00000185130;ENSG00000158373;ENSG00000270882;ENSG00000118007;ENSG00000102977;ENSG00000184678;ENSG00000233822;ENSG00000197903;ENSG00000180596;ENSG00000277075;ENSG00000278705;ENSG00000175054;ENSG00000197837;ENSG00000132604;ENSG00000124635;ENSG00000270276;ENSG00000092330;ENSG00000277224"
"REACTOME","REACTOME_TRANSCRIPTIONAL_REGULATION_BY_SMALL_RNAS",0.955969395120543,0.968726993809874,0.010305749577261,-0.234489116190012,-0.687470787535382,67,"ENSG00000099817;ENSG00000132475;ENSG00000105258;ENSG00000188486;ENSG00000092847;ENSG00000102978;ENSG00000197061;ENSG00000163041;ENSG00000105968;ENSG00000123908;ENSG00000196890;ENSG00000275713;ENSG00000144231;ENSG00000203852;ENSG00000090905;ENSG00000274641"
"REACTOME","REACTOME_KSRP_KHSRP_BINDS_AND_DESTABILIZES_MRNA",0.957282206525395,0.969195051762156,0.0125527406998128,-0.2555526583814,-0.582629524031552,17,"ENSG00000185386;ENSG00000077348;ENSG00000172795;ENSG00000088247;ENSG00000130713;ENSG00000171311"
"REACTOME","REACTOME_TRANSLESION_SYNTHESIS_BY_Y_FAMILY_DNA_POLYMERASES_BYPASSES_LESIONS_ON_DNA_TEMPLATE",0.958538840937115,0.969605452777419,0.0112507538703024,-0.24277584659258,-0.649909040732146,39,"ENSG00000062822;ENSG00000166803;ENSG00000135945;ENSG00000133119;ENSG00000111445;ENSG00000009413;ENSG00000010072;ENSG00000070010;ENSG00000132383;ENSG00000165280;ENSG00000103194;ENSG00000116670"
"REACTOME","REACTOME_HOST_INTERACTIONS_OF_HIV_FACTORS",0.959984099642242,0.970205758200988,0.00889813682086035,-0.228321984507757,-0.722511862375212,117,"ENSG00000213024;ENSG00000013275;ENSG00000099341;ENSG00000163002;ENSG00000042753;ENSG00000196961;ENSG00000152056;ENSG00000041357;ENSG00000173692;ENSG00000132182;ENSG00000139496;ENSG00000108424;ENSG00000102900;ENSG00000182866;ENSG00000154582;ENSG00000069248;ENSG00000120253;ENSG00000153201;ENSG00000010810;ENSG00000172116;ENSG00000198821;ENSG00000058804;ENSG00000183020;ENSG00000166167;ENSG00000100804;ENSG00000175166;ENSG00000161203;ENSG00000108671;ENSG00000030066;ENSG00000196313;ENSG00000108344"
"REACTOME","REACTOME_DNA_DAMAGE_TELOMERE_STRESS_INDUCED_SENESCENCE",0.962101636520241,0.971483833330279,0.0101220581469849,-0.232132641858539,-0.684911184743313,70,"ENSG00000105173;ENSG00000124762;ENSG00000141510;ENSG00000118900;ENSG00000113368;ENSG00000188486;ENSG00000197061;ENSG00000147601;ENSG00000166848;ENSG00000123374;ENSG00000105968;ENSG00000168298;ENSG00000149311;ENSG00000139687;ENSG00000196890;ENSG00000275713;ENSG00000145386"
"REACTOME","REACTOME_MATERNAL_TO_ZYGOTIC_TRANSITION_MZT",0.967754172989378,0.976325954858194,0.0246563706853499,0.212005111543854,0.760396094245372,103,"ENSG00000070756;ENSG00000113300;ENSG00000181038;ENSG00000182973;ENSG00000137693;ENSG00000180573;ENSG00000246705;ENSG00000063046;ENSG00000155508;ENSG00000080802;ENSG00000158435;ENSG00000185130;ENSG00000274750;ENSG00000158373;ENSG00000100697;ENSG00000140988;ENSG00000270882;ENSG00000152518;ENSG00000197905;ENSG00000184678;ENSG00000233822;ENSG00000197903"
"REACTOME","REACTOME_HATS_ACETYLATE_HISTONES",0.975149957155099,0.982916638229785,0.0265811950045366,0.209569506030412,0.776043019929749,132,"ENSG00000102054;ENSG00000005302;ENSG00000149474;ENSG00000120656;ENSG00000163875;ENSG00000071243;ENSG00000180573;ENSG00000196284;ENSG00000127337;ENSG00000134014;ENSG00000111653;ENSG00000108773;ENSG00000109911;ENSG00000156650;ENSG00000101189;ENSG00000185130;ENSG00000274750;ENSG00000163832;ENSG00000158373;ENSG00000270882;ENSG00000196367;ENSG00000176476;ENSG00000184678;ENSG00000233822;ENSG00000197903;ENSG00000171148;ENSG00000147162;ENSG00000180596;ENSG00000134759"
"REACTOME","REACTOME_RHO_GTPASES_ACTIVATE_PKNS",0.980815347721823,0.986899838659308,0.00955213966102077,-0.220916212558184,-0.665765300294624,81,"ENSG00000132475;ENSG00000105357;ENSG00000155366;ENSG00000158402;ENSG00000170027;ENSG00000188486;ENSG00000167641;ENSG00000197061;ENSG00000134308;ENSG00000163041;ENSG00000105968;ENSG00000092841"
"REACTOME","REACTOME_ASSEMBLY_OF_THE_ORC_COMPLEX_AT_THE_ORIGIN_OF_REPLICATION",0.98170106865759,0.986899838659308,0.0101129021947052,-0.220057665785163,-0.632785124982746,59,"ENSG00000115942;ENSG00000132475;ENSG00000091651;ENSG00000188486;ENSG00000197061;ENSG00000085840;ENSG00000108424;ENSG00000163041;ENSG00000105968"
"REACTOME","REACTOME_FANCONI_ANEMIA_PATHWAY",0.981350184956843,0.986899838659308,0.0108994797972464,-0.223935660037811,-0.599474008817408,39,"ENSG00000012061;ENSG00000140525;ENSG00000131944;ENSG00000187790;ENSG00000144554"
"REACTOME","REACTOME_PROTEASOME_ASSEMBLY",0.983467381590706,0.987803657523646,0.010349542762792,-0.218757219417976,-0.614265357896799,51,"ENSG00000013275;ENSG00000099341;ENSG00000041357;ENSG00000173692;ENSG00000068878;ENSG00000222028"
"REACTOME","REACTOME_RMTS_METHYLATE_HISTONE_ARGININES",0.988632672945762,0.991243498666569,0.0218116252697408,0.203798805021417,0.684759637646784,68,"ENSG00000102054;ENSG00000077080;ENSG00000185238;ENSG00000180573;ENSG00000246705;ENSG00000080503;ENSG00000142453;ENSG00000274750;ENSG00000140988;ENSG00000270882;ENSG00000100462;ENSG00000198890"
"REACTOME","REACTOME_THE_PHOTOTRANSDUCTION_CASCADE",0.988053217485745,0.991243498666569,0.0190765274838085,0.204112018547999,0.578813669419106,30,"ENSG00000164024;ENSG00000198668;ENSG00000185527;ENSG00000127928;ENSG00000133256"
"REACTOME","REACTOME_B_WICH_COMPLEX_POSITIVELY_REGULATES_RRNA_EXPRESSION",0.991677246438144,0.993421621541817,0.00937891909046083,-0.210120018158786,-0.633229292533485,81,"ENSG00000117877;ENSG00000099817;ENSG00000132475;ENSG00000115524;ENSG00000009954;ENSG00000188486;ENSG00000197061;ENSG00000163041;ENSG00000105968;ENSG00000082701;ENSG00000196890;ENSG00000275713;ENSG00000103168;ENSG00000203852"
"REACTOME","REACTOME_CHROMATIN_MODIFICATIONS_DURING_THE_MATERNAL_TO_ZYGOTIC_TRANSITION_MZT",0.994144341970429,0.995017931023127,0.00991894130739729,-0.20359836408359,-0.585455706817752,59,"ENSG00000132475;ENSG00000117139;ENSG00000132510;ENSG00000187605;ENSG00000188486;ENSG00000197061;ENSG00000163041;ENSG00000105968;ENSG00000196890;ENSG00000275713;ENSG00000203852;ENSG00000274641"
"REACTOME","REACTOME_HDACS_DEACETYLATE_HISTONES",0.998948475289169,0.998948475289169,0.0228540270557801,0.176972264399729,0.61590381135195,85,"ENSG00000101849;ENSG00000102054;ENSG00000180573;ENSG00000150459;ENSG00000185130;ENSG00000274750;ENSG00000164105;ENSG00000158373;ENSG00000270882;ENSG00000184678;ENSG00000233822;ENSG00000197903;ENSG00000180596;ENSG00000032219;ENSG00000084093;ENSG00000277075;ENSG00000278705;ENSG00000171720;ENSG00000273983;ENSG00000275221;ENSG00000197837;ENSG00000124635;ENSG00000196787;ENSG00000116478;ENSG00000270276;ENSG00000277224;ENSG00000197153;ENSG00000203814;ENSG00000278828;ENSG00000274290;ENSG00000276180;ENSG00000273802"
