gene_id,gene_name,comparison,raw_log2FoldChange,raw_lfcSE,stat,pvalue,padj,shrunken_log2FoldChange,shrunken_lfcSE
ENSG00000003056,M6PR,KOsiINS_vs_KOsiCONT,-0.4345658338319456,0.07367801511904122,-5.898175095105638,3.6754383692887614e-9,1.0647164623455443e-6,-0.39487432707195463,0.07806870493884503
ENSG00000003989,SLC7A2,KOsiINS_vs_KOsiCONT,-0.47843357550873006,0.10820584355736311,-4.421513291517369,9.801203405814568e-6,9.868138453464034e-4,-0.3873805242675973,0.12256332003311513
ENSG00000004478,FKBP4,KOsiINS_vs_KOsiCONT,0.20686126883745348,0.0659655034260315,3.1359007070932363,0.0017132719890330125,0.04736837972907126,0.14912680826687363,0.0670241699565933
ENSG00000006468,ETV1,KOsiINS_vs_KOsiCONT,-0.6451802770707505,0.14698992004892122,-4.3892824545793445,1.1372528024834647e-5,0.0011304510510094633,-0.5060809564717776,0.16892582420079155
ENSG00000006757,PNPLA4,KOsiINS_vs_KOsiCONT,-0.30194138431130585,0.09164420208837115,-3.2947134399200535,9.852209232587826e-4,0.03184947157153863,-0.20412716846683013,0.09844608204564807
ENSG00000007341,ST7L,KOsiINS_vs_KOsiCONT,-0.2540397651618284,0.07577098614727405,-3.352731409197421,8.00183179205263e-4,0.02746907412689668,-0.1825416297849698,0.07984804150365189
ENSG00000008513,ST3GAL1,KOsiINS_vs_KOsiCONT,-0.721103219465023,0.17986979505355064,-4.009028971486496,6.096893698174907e-5,0.004177257624243322,-0.5036092513455075,0.2180309606753196
ENSG00000013583,HEBP1,KOsiINS_vs_KOsiCONT,-0.526273377838898,0.09431383084238017,-5.5800233448095264,2.404863057008313e-8,5.754941854684242e-6,-0.47044628895911356,0.1002054082899255
ENSG00000015413,DPEP1,KOsiINS_vs_KOsiCONT,0.6500407067285802,0.19709219904512074,3.298155431203875,9.732224553388025e-4,0.031633561382980915,0.3294072992017646,0.23064809225411353
ENSG00000018699,TTC27,KOsiINS_vs_KOsiCONT,0.46483264011086195,0.12224113212975438,3.802587819764787,1.4319248261247081e-4,0.007855130474741255,0.3321702896694175,0.14302735819749107
ENSG00000021645,NRXN3,KOsiINS_vs_KOsiCONT,0.4483459919310336,0.13982122931280774,3.2065659423433828,0.001343295136384875,0.039514765502014285,0.25681201171327367,0.15728944823708574
ENSG00000023318,ERP44,KOsiINS_vs_KOsiCONT,-0.33491362728779134,0.07841025735161439,-4.271298661678169,1.94337934563152e-5,0.0016713062372431071,-0.2718164715310499,0.08565908499225766
ENSG00000042493,CAPG,KOsiINS_vs_KOsiCONT,0.7752745737285532,0.16270045835947017,4.765042345582473,1.8881399185513284e-6,2.5554890438622566e-4,0.629994402056783,0.17957165940347203
ENSG00000044574,HSPA5,KOsiINS_vs_KOsiCONT,-1.3407042328985546,0.08271181517881093,-16.209343610706,4.3317026910225575e-59,3.576253741708223e-55,-1.3078897866865526,0.08207284668688566
ENSG00000047644,WWC3,KOsiINS_vs_KOsiCONT,-0.42050752357800103,0.09858456674397639,-4.265449831209959,1.99499840763955e-5,0.0016963386307906037,-0.3351811465169412,0.11127133351435246
ENSG00000050165,DKK3,KOsiINS_vs_KOsiCONT,0.5823971194872936,0.1166323910623238,4.9934423377814765,5.931249984154683e-7,9.327314260796394e-5,0.4981829281691341,0.12684701775170482
ENSG00000050405,LIMA1,KOsiINS_vs_KOsiCONT,-0.5118932059123056,0.10157852540480086,-5.0393841008457105,4.670323478739189e-7,7.560429537347205e-5,-0.4421642311561955,0.11072712193407708
ENSG00000051108,HERPUD1,KOsiINS_vs_KOsiCONT,-0.8417333977778901,0.06924662395215073,-12.155587518021473,5.357524188463753e-34,1.76926878799827e-30,-0.8198686305697428,0.06973308276733424
ENSG00000052749,RRP12,KOsiINS_vs_KOsiCONT,0.4385629835523541,0.1223568326272287,3.584295001231982,3.3798990556122417e-4,0.014962169760393924,0.29611590487100875,0.14187483941155507
ENSG00000052841,TTC17,KOsiINS_vs_KOsiCONT,-0.2298646771887527,0.07237867964850331,-3.175861708241399,0.0014939215003639834,0.04245719761447521,-0.16247548423952554,0.07458762820651761
ENSG00000063438,AHRR,KOsiINS_vs_KOsiCONT,-1.0745406190715963,0.2856538953711818,-3.761687260295633,1.687709937186747e-4,0.008763354239882884,-0.5466836348331767,0.35656881966306303
ENSG00000063978,RNF4,KOsiINS_vs_KOsiCONT,-0.48178264698018197,0.10395738588275717,-4.6344244123600316,3.579319870479699e-6,4.1620936409409007e-4,-0.4009203129733705,0.116100885123976
ENSG00000064309,CDON,KOsiINS_vs_KOsiCONT,-0.5191512196031941,0.11842867282461506,-4.383661551050414,1.167010333133315e-5,0.0011402174331773549,-0.41570853123974755,0.1351779795512948
ENSG00000065717,TLE2,KOsiINS_vs_KOsiCONT,0.5438886135006381,0.12211146933516631,4.454033814037533,8.427181951605976e-6,8.806938505374549e-4,0.4387858272538488,0.13879008546741028
ENSG00000066926,FECH,KOsiINS_vs_KOsiCONT,-0.28958870994622615,0.0868887235268249,-3.3328687336144633,8.595548613759567e-4,0.028847499737885765,-0.20022349165070324,0.09302387878563552
ENSG00000067167,TRAM1,KOsiINS_vs_KOsiCONT,-0.46559045811524336,0.10680304874158343,-4.359336775505053,1.3045721612973312e-5,0.0012357679324357545,-0.37411108124095266,0.12122882431910853
ENSG00000067191,CACNB1,KOsiINS_vs_KOsiCONT,0.4237252400312572,0.13370397095543773,3.1691298097083505,0.001528960915563253,0.04322979903729526,0.243717606001432,0.14853253242712744
ENSG00000067225,PKM,KOsiINS_vs_KOsiCONT,0.27540676165570527,0.08463479646702766,3.2540606600619553,0.0011376798389457524,0.03498206610925934,0.1888587872668214,0.08955577125847146
ENSG00000067445,TRO,KOsiINS_vs_KOsiCONT,0.32004412828035844,0.09348316976244987,3.4235481006219914,6.180931191103489e-4,0.02288330399719749,0.2212240527375579,0.1020586517519317
ENSG00000068724,TTC7A,KOsiINS_vs_KOsiCONT,0.29373535035752957,0.09401256644275081,3.124426462034737,0.0017815204660785989,0.04854202299651786,0.1896726606818543,0.09913418113233566
ENSG00000068784,SRBD1,KOsiINS_vs_KOsiCONT,-0.5169653562826408,0.12122469234918279,-4.264521907744201,2.0033068859264034e-5,0.0016963386307906037,-0.4057403257278888,0.13970056969984604
ENSG00000070031,SCT,KOsiINS_vs_KOsiCONT,0.7660775423781631,0.21237348355154093,3.607218422785082,3.094971147872263e-4,0.014039605382875499,0.4346388778808725,0.26203949940594234
ENSG00000070214,SLC44A1,KOsiINS_vs_KOsiCONT,-0.44576109140781806,0.08313461686090902,-5.361919116721409,8.234241098160984e-8,1.6785652964547428e-5,-0.39466625588432364,0.0894424886273266
ENSG00000070367,EXOC5,KOsiINS_vs_KOsiCONT,-0.6618948922351048,0.11295285860384223,-5.859921567426268,4.630858393753102e-9,1.2960124372483258e-6,-0.5933188333248932,0.11718745550521142
ENSG00000070718,AP3M2,KOsiINS_vs_KOsiCONT,-0.27418674923526676,0.06918196569914224,-3.9632691332831884,7.393035631781989e-5,0.0047499534767309025,-0.21794533496275387,0.07430640235124773
ENSG00000070770,CSNK2A2,KOsiINS_vs_KOsiCONT,-0.2756436455061809,0.06604467620356932,-4.173593714905427,2.9983224509170878e-5,0.0023664245449583504,-0.2252373324848264,0.07075583249733809
ENSG00000071073,MGAT4A,KOsiINS_vs_KOsiCONT,-0.39407350597674706,0.11425559070021574,-3.4490522832332875,5.625577673290147e-4,0.021502207995686782,-0.2606044997502768,0.1293686052542459
ENSG00000071242,RPS6KA2,KOsiINS_vs_KOsiCONT,-0.3857724299312984,0.1118722504426267,-3.4483299335177,5.640645596430073e-4,0.021510009258257128,-0.25644313273760755,0.12619920688210232
ENSG00000071537,SEL1L,KOsiINS_vs_KOsiCONT,-0.5936041547182026,0.12604620247675477,-4.7094172061841695,2.4842609980055263e-6,3.155393661466712e-4,-0.49246833310292865,0.14006278885895745
ENSG00000071575,TRIB2,KOsiINS_vs_KOsiCONT,-0.4627688031540887,0.13430994519697906,-3.445528940358003,5.699429340717265e-4,0.021684096146065316,-0.29253351565138375,0.15605583069791185
ENSG00000072849,DERL2,KOsiINS_vs_KOsiCONT,-0.2732273303031532,0.07218672780693776,-3.7850078345966214,1.537037362080999e-4,0.008293974157739038,-0.21121513152174098,0.07756563714884214
ENSG00000074211,PPP2R2C,KOsiINS_vs_KOsiCONT,-0.8109945226760656,0.2060858380120006,-3.9352268477023666,8.311815017482276e-5,0.005158666775824165,-0.5316786556543143,0.2544517882609951
ENSG00000074621,SLC24A1,KOsiINS_vs_KOsiCONT,-0.4448746691066789,0.10995587483905349,-4.045938152534901,5.2113991831112236e-5,0.0036308279878283765,-0.33924349645379664,0.12654932024134333
ENSG00000074966,TXK,KOsiINS_vs_KOsiCONT,1.3619706592288428,0.432198612439521,3.151261063845798,0.001625671130003483,0.04557399269714348,0.25492394125661333,0.34606881854949445
ENSG00000075275,CELSR1,KOsiINS_vs_KOsiCONT,-0.7121075423816571,0.2055095121020584,-3.4650831248532,5.300676130001247e-4,0.02064127162914473,-0.38373674939845903,0.24875426984154883
ENSG00000076067,RBMS2,KOsiINS_vs_KOsiCONT,-0.5799683936389173,0.18159938590053215,-3.193669355008638,0.0014047691295567316,0.040734300960920726,-0.29198475718344813,0.20701182471276863
ENSG00000077713,SLC25A43,KOsiINS_vs_KOsiCONT,-0.48433344131551587,0.11265764697602319,-4.299161701989001,1.7144535477556224e-5,0.0015219923107817656,-0.3844375908972492,0.12884414731567517
ENSG00000078081,LAMP3,KOsiINS_vs_KOsiCONT,-0.7421405392846993,0.21031168814868056,-3.5287650715828995,4.175035880614299e-4,0.017721900375502135,-0.40761815275312835,0.2571214503455935
ENSG00000078804,TP53INP2,KOsiINS_vs_KOsiCONT,-0.5986410025397049,0.12195680357964482,-4.9086314577665835,9.171414327698287e-7,1.3284069594645098e-4,-0.5071622890489919,0.13329390422891071
ENSG00000078967,UBE2D4,KOsiINS_vs_KOsiCONT,0.23787362465736028,0.07126073803587023,3.3380741094433066,8.436124576445272e-4,0.028459381404507267,0.1730894225472116,0.07445051224031862
ENSG00000079150,FKBP7,KOsiINS_vs_KOsiCONT,-0.31475413976574296,0.0985655400076432,-3.1933487072798012,0.0014063300908160013,0.040734300960920726,-0.2033799052418151,0.10559392324098255
ENSG00000081842,PCDHA6,KOsiINS_vs_KOsiCONT,-1.7542179333359436,0.44484761168960635,-3.9434131761956137,8.033008214572096e-5,0.0050626347953822304,-0.5824289711179043,0.5074230081375645
ENSG00000082146,STRADB,KOsiINS_vs_KOsiCONT,-0.7376395079935619,0.10522764814232843,-7.0099400776861245,2.3842021465877413e-12,1.2699337369179607e-9,-0.6824057009464797,0.10715108788451623
ENSG00000082438,COBLL1,KOsiINS_vs_KOsiCONT,-0.4750513431007847,0.11688812604125219,-4.0641539837256815,4.820699430267202e-5,0.003460842999677045,-0.3611882076376496,0.1355555541685545
ENSG00000082805,ERC1,KOsiINS_vs_KOsiCONT,-0.42034826564729205,0.11282340385121128,-3.725718701074087,1.9475950531433632e-4,0.009686352264308197,-0.29892962531153566,0.13000087966241466
ENSG00000083720,OXCT1,KOsiINS_vs_KOsiCONT,-0.5117680092095112,0.08065259047841808,-6.345338769328875,2.2193652253998628e-10,8.522362465535473e-8,-0.4719896324200943,0.08410438135388226
ENSG00000084636,COL16A1,KOsiINS_vs_KOsiCONT,-0.8748995424674259,0.23721135629626777,-3.6882700564078825,2.257839417127179e-4,0.010869225788805826,-0.4862034185617711,0.2957294853234694
ENSG00000086300,SNX10,KOsiINS_vs_KOsiCONT,-0.2945243757268341,0.08504389227501266,-3.4632043271774187,5.337828843050387e-4,0.02064127162914473,-0.2098710171669695,0.09183247664477152
ENSG00000086598,TMED2,KOsiINS_vs_KOsiCONT,-0.2661908617278392,0.06609304508608993,-4.0275169858055495,5.636899628633501e-5,0.0038944136681170033,-0.2143138588212428,0.07071889472812076
ENSG00000088367,EPB41L1,KOsiINS_vs_KOsiCONT,0.2570995193411906,0.08215900278501835,3.1292921119543156,0.0017522801518373115,0.048222749778562814,0.17363741997450033,0.08538031415880895
ENSG00000088756,ARHGAP28,KOsiINS_vs_KOsiCONT,-0.43193675687575467,0.12912750528921152,-3.3450406705243036,8.227050547226397e-4,0.028067160875165757,-0.26734464769166133,0.14722530376199233
ENSG00000088826,SMOX,KOsiINS_vs_KOsiCONT,1.4117477758371002,0.27808774471272346,5.0766270814828465,3.841938696357899e-7,6.326807231934418e-5,1.044912059402599,0.2889833156917437
ENSG00000089157,RPLP0,KOsiINS_vs_KOsiCONT,-0.3271403500462747,0.10257261216414466,-3.1893537967304497,0.0014259124636304675,0.04094724625994135,-0.20843040374245572,0.11041964065559415
ENSG00000089220,PEBP1,KOsiINS_vs_KOsiCONT,0.25866386633513333,0.08284318308033228,3.1223313339410113,0.0017942488232384687,0.048728418026557405,0.17400597693864092,0.08609360586063597
ENSG00000089597,GANAB,KOsiINS_vs_KOsiCONT,-0.368084975495549,0.09774374442259898,-3.7658161928411396,1.6600588858060956e-4,0.008693511136195707,-0.27027717549175667,0.10994454859949897
ENSG00000090238,YPEL3,KOsiINS_vs_KOsiCONT,0.4238210560127234,0.12128096602625643,3.494538919824973,4.748813657636449e-4,0.019361089164171126,0.27960093897704696,0.13936905515138479
ENSG00000090520,DNAJB11,KOsiINS_vs_KOsiCONT,-0.6763705062321307,0.09038780559160904,-7.482984035347796,7.265371035759926e-14,4.6140694824026116e-11,-0.6344689524299866,0.09160744335014379
ENSG00000090621,PABPC4,KOsiINS_vs_KOsiCONT,0.19422964076636481,0.04934911494064871,3.935828251427838,8.291025332067436e-5,0.005158666775824165,0.1607166903575194,0.05105933199099747
ENSG00000090863,GLG1,KOsiINS_vs_KOsiCONT,-0.40258197781038874,0.08933149026625102,-4.506607654372494,6.58722718745598e-6,7.109038909756414e-4,-0.33242081201187507,0.09901421227243401
ENSG00000096060,FKBP5,KOsiINS_vs_KOsiCONT,-0.33447376101098747,0.07674098252392943,-4.358476396972004,1.309710441958921e-5,0.0012357679324357545,-0.2744681847737586,0.08355347006069695
ENSG00000096070,BRPF3,KOsiINS_vs_KOsiCONT,-0.46853570758501795,0.12306888083583878,-3.807101392349512,1.4060510950892447e-4,0.007790844188628727,-0.33481210744754997,0.1441525746010929
ENSG00000099204,ABLIM1,KOsiINS_vs_KOsiCONT,-0.4407784881245544,0.1346830856739739,-3.2727085655844177,0.001065222496604704,0.033502769264641664,-0.26237815829282907,0.1527032181736621
ENSG00000099246,RAB18,KOsiINS_vs_KOsiCONT,-0.7732982061854647,0.10196612039159243,-7.583873969272118,3.3538696001187895e-14,2.215163793486458e-11,-0.7227460964712864,0.10359565557071598
ENSG00000099625,CBARP,KOsiINS_vs_KOsiCONT,0.7650808191471202,0.23792948650539697,3.2155779865046945,0.001301821175688035,0.03852270833863949,0.32502638708450804,0.26824582671020153
ENSG00000099812,MISP,KOsiINS_vs_KOsiCONT,0.45361320590692383,0.11826162191724232,3.835675501088218,1.252196507527576e-4,0.00710524698704307,0.3283731669212218,0.13772190881805682
ENSG00000099940,SNAP29,KOsiINS_vs_KOsiCONT,0.21774545961227088,0.0686529082673476,3.171685877666366,0.0015155684327353438,0.042998395122553254,0.15606389679985241,0.07031233144054558
ENSG00000099958,DERL3,KOsiINS_vs_KOsiCONT,-1.38390402131952,0.16714910683808745,-8.279458068896941,1.2373709373324555e-16,1.1350816065129726e-13,-1.2527066986281838,0.16315682784287988
ENSG00000100027,YPEL1,KOsiINS_vs_KOsiCONT,-0.5035150371625947,0.14576383298149656,-3.4543207794659976,5.516807553370655e-4,0.02123392221940705,-0.3113743948978738,0.17145780320025597
ENSG00000100219,XBP1,KOsiINS_vs_KOsiCONT,-0.22679690042495787,0.06541854157558846,-3.466859623626786,5.265768126482212e-4,0.02064127162914473,-0.17122781530535894,0.06832956058462902
ENSG00000100234,TIMP3,KOsiINS_vs_KOsiCONT,-0.7814706836104004,0.12915332381832348,-6.050720651290975,1.4419930675363732e-9,4.492488590785018e-7,-0.6985765447444383,0.13319466511480968
ENSG00000100321,SYNGR1,KOsiINS_vs_KOsiCONT,0.4972903187408469,0.1209032403886511,4.1131264732216914,3.903363945701054e-5,0.0029296520668825364,0.38024070686204087,0.14048318771752483
ENSG00000100767,PAPLN,KOsiINS_vs_KOsiCONT,-0.3236979629790946,0.08476522244884295,-3.8187590809951693,1.3412467200560354e-4,0.007532879537947366,-0.24522525263481598,0.09323723967260111
ENSG00000101109,STK4,KOsiINS_vs_KOsiCONT,-0.3372386528981893,0.09483652454471084,-3.555999700718657,3.7654450461325985e-4,0.016318905144814034,-0.2388413836333465,0.10491040384451539
ENSG00000101210,EEF1A2,KOsiINS_vs_KOsiCONT,0.28566313041371055,0.08655445840917449,3.300386088296882,9.655190043768709e-4,0.031507213044013625,0.19644892843766332,0.09231010352881329
ENSG00000101347,SAMHD1,KOsiINS_vs_KOsiCONT,0.2822805326606203,0.07214821387777626,3.912508951903117,9.134215107362633e-5,0.005545005876940139,0.22177990058361813,0.0777912672571275
ENSG00000101400,SNTA1,KOsiINS_vs_KOsiCONT,0.5504744872008298,0.11462643844637703,4.8023343886615235,1.5682651269301896e-6,2.17606670385473e-4,0.4637700790913499,0.12661819882934125
ENSG00000101438,SLC32A1,KOsiINS_vs_KOsiCONT,0.9429539670399064,0.15874241318459953,5.94015139446921,2.8475897819242537e-9,8.396321871273798e-7,0.8256456181752785,0.16360363307024361
ENSG00000101443,WFDC2,KOsiINS_vs_KOsiCONT,0.6941848845237822,0.19473870535574347,3.564699083603662,3.6427387049932705e-4,0.01595461578165753,0.40248371892031437,0.23818309955146896
ENSG00000101670,LIPG,KOsiINS_vs_KOsiCONT,-0.40272260921579034,0.09177556087564159,-4.3881247401090855,1.1433219810960538e-5,0.0011304510510094633,-0.3276136678351666,0.10233926847974682
ENSG00000102158,MAGT1,KOsiINS_vs_KOsiCONT,-0.4077685408842517,0.09572245765456716,-4.25990463341176,2.045141452066746e-5,0.0017141815054074166,-0.32543464275200756,0.10762347030657124
ENSG00000102580,DNAJC3,KOsiINS_vs_KOsiCONT,-0.9032880899411456,0.09640995430100753,-9.369240930463814,7.305602264011386e-21,1.0966373143941454e-17,-0.8616259624215716,0.0973889798965813
ENSG00000102974,CTCF,KOsiINS_vs_KOsiCONT,-0.22492619551674478,0.06696730714613436,-3.3587463062523413,7.829691106596109e-4,0.027103534497298732,-0.16655789682149288,0.06957330844389865
ENSG00000103021,CCDC113,KOsiINS_vs_KOsiCONT,-1.0403519065704796,0.21817236603484874,-4.768486153761122,1.856154276340057e-6,2.5444623782312645e-4,-0.8034256212505445,0.24090285881143914
ENSG00000103154,NECAB2,KOsiINS_vs_KOsiCONT,0.6297665578490922,0.15216501582123604,4.138707931322033,3.492672422069475e-5,0.002645459038220696,0.4696247588852326,0.17979583662881624
ENSG00000103222,ABCC1,KOsiINS_vs_KOsiCONT,-0.2533991894555288,0.07769172035145518,-3.261598382803511,0.001107859812317685,0.03432079028328258,-0.1781740289111825,0.08142286948841966
ENSG00000103269,RHBDL1,KOsiINS_vs_KOsiCONT,0.9857691971956002,0.2754771529405687,3.578406363914577,3.456956745897117e-4,0.015262371601137218,0.46474940798435027,0.3361935390304457
ENSG00000103319,EEF2K,KOsiINS_vs_KOsiCONT,-0.5899982078461334,0.09881856663732438,-5.9705197911997185,2.3649889098583975e-9,7.231610533255899e-7,-0.534678712170464,0.10281587399611299
ENSG00000103642,LACTB,KOsiINS_vs_KOsiCONT,0.3582340093830892,0.10342092462478913,3.4638445815753562,5.325140817238023e-4,0.02064127162914473,0.24376919663964056,0.11525693308393474
ENSG00000103742,IGDCC4,KOsiINS_vs_KOsiCONT,-1.1049120605309322,0.11306369189018624,-9.772474629645778,1.477971631258483e-22,2.440426757534007e-19,-1.0490850104377303,0.11264029103211007
ENSG00000103942,HOMER2,KOsiINS_vs_KOsiCONT,0.3917893376557432,0.07177732324091268,5.458399950925244,4.804444607704688e-8,1.0438288074002606e-5,0.3490364024166554,0.07648853835995782
ENSG00000104219,ZDHHC2,KOsiINS_vs_KOsiCONT,-0.2812351739916509,0.08425600071150098,-3.3378652157324877,8.442469141734858e-4,0.028459381404507267,-0.19621947732263195,0.08987475993555764
ENSG00000104626,ERI1,KOsiINS_vs_KOsiCONT,-0.3167729977441415,0.09721162195713684,-3.2585918367231343,0.001119666302888627,0.03462159174774721,-0.20880088320100804,0.1048538317526544
ENSG00000104635,SLC39A14,KOsiINS_vs_KOsiCONT,-0.2775889714595707,0.07812949860170959,-3.552934249260581,3.809596713382704e-4,0.016467031657428063,-0.2045905211580783,0.08389484831103351
ENSG00000104731,KLHDC4,KOsiINS_vs_KOsiCONT,0.3834432576801893,0.11592050938449218,3.3078120491030747,9.402789179317637e-4,0.030805328358907303,0.2426696091478215,0.12930084168562017
ENSG00000104953,TLE6,KOsiINS_vs_KOsiCONT,1.201824981938428,0.34691527123848565,3.4643184707548884,5.315767782431722e-4,0.02064127162914473,0.40917033928856733,0.38334283622529497
ENSG00000104960,PTOV1,KOsiINS_vs_KOsiCONT,0.39763407703448783,0.1146835643912967,3.467228099728161,5.258554490732822e-4,0.02064127162914473,0.2640102853635097,0.1301798468158607
ENSG00000104998,IL27RA,KOsiINS_vs_KOsiCONT,0.7414855188000911,0.16464718698388775,4.50348124606983,6.684926952385425e-6,7.167630768687541e-4,0.582469609049016,0.18737967880324366
ENSG00000105419,MEIS3,KOsiINS_vs_KOsiCONT,0.6462781038246362,0.19762306515667374,3.270256451655949,0.0010745002361677786,0.03360255284015599,0.32228251316069384,0.22969649476144796
ENSG00000105552,BCAT2,KOsiINS_vs_KOsiCONT,0.35088067061831396,0.10588290883277357,3.313855602252845,9.201901492950965e-4,0.03042375068375625,0.228577161781519,0.11651315820026248
ENSG00000106018,VIPR2,KOsiINS_vs_KOsiCONT,-1.4078755414549602,0.37962972770332026,-3.708549248691113,2.0845012134899332e-4,0.01018322012933307,-0.5063299074405895,0.4371538989631229
ENSG00000106070,GRB10,KOsiINS_vs_KOsiCONT,-1.1646703854093161,0.34817453177735763,-3.3450763312983267,8.225992804777811e-4,0.028067160875165757,-0.3605542350587884,0.3651428006651892
ENSG00000106477,CEP41,KOsiINS_vs_KOsiCONT,-0.30684900191544623,0.07032438694703211,-4.363337033375961,1.2809336986694765e-5,0.0012288343134995348,-0.2537466493085983,0.07578349717882628
ENSG00000106526,ACTR3C,KOsiINS_vs_KOsiCONT,-0.6881791026863835,0.1726598499065283,-3.9857506134688427,6.726713529757087e-5,0.0044134352303853335,-0.48239130728109,0.20888094039502825
ENSG00000106565,TMEM176B,KOsiINS_vs_KOsiCONT,0.7482012233798069,0.17615462257202505,4.247411804784668,2.162542509588895e-5,0.0017943669305694391,0.5558004444234731,0.20779234457108617
ENSG00000106624,AEBP1,KOsiINS_vs_KOsiCONT,0.7724749968278303,0.14195167542455292,5.441816692317939,5.2739930993419344e-8,1.1145240248670614e-5,0.6690604249042418,0.1491105779953626
ENSG00000106829,TLE4,KOsiINS_vs_KOsiCONT,-0.3327489730231072,0.08763852466029748,-3.7968344893173573,1.4655556834758255e-4,0.007960281396563431,-0.2499151130879042,0.0968474032193344
ENSG00000106868,SUSD1,KOsiINS_vs_KOsiCONT,0.45400795005428624,0.1002474350171945,4.528873481664788,5.929899084876546e-6,6.484403555594804e-4,0.3739433063904012,0.11232042233999225
ENSG00000108179,PPIF,KOsiINS_vs_KOsiCONT,0.4136531523578371,0.08001247438112571,5.169858269692688,2.342715996780109e-7,4.2179030910992066e-5,0.3621130120050112,0.0863742243632516
ENSG00000108389,MTMR4,KOsiINS_vs_KOsiCONT,-0.39718953450163935,0.09449802339675974,-4.2031517721169465,2.6322396778199926e-5,0.0021305657627531233,-0.31479973149537,0.10614325190648441
ENSG00000108551,RASD1,KOsiINS_vs_KOsiCONT,1.0634432831283924,0.14424901696707687,7.372274040322305,1.6774175556388365e-13,1.0258340251373507e-10,0.9715039048257722,0.1450538087917248
ENSG00000108578,BLMH,KOsiINS_vs_KOsiCONT,0.22363031646765213,0.06847757735960437,3.265745154698974,0.001091764560513247,0.03401361589282025,0.16258869788670846,0.07075540400975285
ENSG00000108774,RAB5C,KOsiINS_vs_KOsiCONT,-0.567582229205318,0.08398310589545663,-6.758290529429246,1.3962933150614391e-11,6.284702490398956e-9,-0.5280721856620736,0.08622559053335997
ENSG00000108828,VAT1,KOsiINS_vs_KOsiCONT,0.37305707905748997,0.10463800804301295,3.5652157952408605,3.635569333052413e-4,0.01595461578165753,0.25928538340530527,0.11785527802576369
ENSG00000108830,RND2,KOsiINS_vs_KOsiCONT,1.0625602929564086,0.199665833048735,5.321693134633885,1.028058859559248e-7,2.045217817956904e-5,0.8763534034223558,0.20858677555023553
ENSG00000108924,HLF,KOsiINS_vs_KOsiCONT,-0.3446608351603262,0.1001576923507529,-3.441181871017172,5.791790935001427e-4,0.02186743226370995,-0.2351269651651392,0.11077047274144078
ENSG00000108947,EFNB3,KOsiINS_vs_KOsiCONT,0.6929028263344054,0.16086054357563592,4.307475350589037,1.6512849082765598e-5,0.0014981327695309098,0.5292448064831506,0.1873214571309663
ENSG00000108960,MMD,KOsiINS_vs_KOsiCONT,-0.3647438164945152,0.0910491279156613,-4.006011093619446,6.175274993049352e-5,0.0041789401920176595,-0.2817962018961669,0.10170235295115873
ENSG00000109832,DDX25,KOsiINS_vs_KOsiCONT,0.37663187607975124,0.11283945061000228,3.3377677225802262,8.445431739467394e-4,0.028459381404507267,0.2423673159361038,0.1258354300422656
ENSG00000110536,PTPMT1,KOsiINS_vs_KOsiCONT,-0.5040320175378085,0.07937610777893311,-6.349921048554885,2.1542546004922685e-10,8.469298086506748e-8,-0.4650253835699497,0.08286128062568145
ENSG00000110665,C11orf21,KOsiINS_vs_KOsiCONT,-0.4964122391481533,0.13372044197194047,-3.7123137781156834,2.053731575722055e-4,0.010119343925973868,-0.3408386694112814,0.15825542987740826
ENSG00000110911,SLC11A2,KOsiINS_vs_KOsiCONT,-0.28014493513124195,0.08038842525757778,-3.4848914409457747,4.923367452367341e-4,0.01997411385098023,-0.20295111934577292,0.08626200479578895
ENSG00000110917,MLEC,KOsiINS_vs_KOsiCONT,-0.384696147808353,0.09225919910051077,-4.169732141173803,3.0495784831915154e-5,0.0023752188638895425,-0.30405831026083924,0.10328632535196965
ENSG00000111186,WNT5B,KOsiINS_vs_KOsiCONT,-0.37136779466814773,0.10693937096639622,-3.472694773797046,5.152609820292453e-4,0.02047848516221034,-0.25120843866767956,0.11997665623068568
ENSG00000111305,GSG1,KOsiINS_vs_KOsiCONT,-0.8007516376072553,0.15175094642910747,-5.276748886580008,1.3149588011765647e-7,2.4673408778440265e-5,-0.6829925351474733,0.16068911246091402
ENSG00000111452,ADGRD1,KOsiINS_vs_KOsiCONT,-0.5178535243103227,0.14713773143710257,-3.5195154856094217,4.323357966687573e-4,0.018257618093592123,-0.32676208332527673,0.17446452115747485
ENSG00000112078,KCTD20,KOsiINS_vs_KOsiCONT,-0.3192270713364033,0.08568112225107598,-3.72575735412236,1.947296600063061e-4,0.009686352264308197,-0.23782835121016493,0.09408837521840652
ENSG00000112139,MDGA1,KOsiINS_vs_KOsiCONT,-1.051993806828514,0.1674392141567656,-6.28284008693197,3.3244297755153746e-10,1.247567828484315e-7,-0.9257632970422299,0.17012767640739043
ENSG00000112182,BACH2,KOsiINS_vs_KOsiCONT,-0.6865949875533689,0.16218931519695726,-4.233293584843064,2.3029355334960402e-5,0.001891844354680926,-0.5164345351652753,0.1905864159626896
ENSG00000112308,C6orf62,KOsiINS_vs_KOsiCONT,0.23050250498737695,0.06742639399126385,3.418579748121221,6.294886818278752e-4,0.02314948132370128,0.17182012811031236,0.07043588729200752
ENSG00000112759,SLC29A1,KOsiINS_vs_KOsiCONT,-0.5389322580919806,0.08823029903653644,-6.108244718390982,1.0073281906210793e-9,3.394490425211278e-7,-0.4925821431540195,0.0921109933509545
ENSG00000112852,PCDHB2,KOsiINS_vs_KOsiCONT,-0.6445613841136426,0.17202528382553886,-3.746899117267732,1.7903404592081826e-4,0.009096031280752466,-0.42020700612271333,0.209935027676046
ENSG00000113273,ARSB,KOsiINS_vs_KOsiCONT,-0.5520461537298437,0.1326465367269934,-4.161783393305157,3.157718051510476e-5,0.002425127463560046,-0.42161812912221047,0.15493582999159558
ENSG00000113758,DBN1,KOsiINS_vs_KOsiCONT,0.38888515979522614,0.12152118978720554,3.2001427938304325,0.0013735951651951488,0.040214190368266484,0.23441459652963015,0.13417664123965434
ENSG00000114331,ACAP2,KOsiINS_vs_KOsiCONT,-0.396424254080724,0.11513179155628105,-3.443221448412326,5.74828412864535e-4,0.021769648516557803,-0.2612249722710765,0.13045171364915267
ENSG00000114739,ACVR2B,KOsiINS_vs_KOsiCONT,-0.42803796558289836,0.11865320177273904,-3.6074708409701044,3.0919627330522483e-4,0.014039605382875499,-0.2927712256590132,0.13707852385227687
ENSG00000114978,MOB1A,KOsiINS_vs_KOsiCONT,-0.3097099261235249,0.07729903972917467,-4.0066464888648845,6.158693434720211e-5,0.0041789401920176595,-0.2439802595048501,0.08421154542483204
ENSG00000115266,APC2,KOsiINS_vs_KOsiCONT,1.4702506501613357,0.36422514097342834,4.036653390350658,5.4219080992021314e-5,0.0037616196022699825,0.6894974862388022,0.44887408009597246
ENSG00000115317,HTRA2,KOsiINS_vs_KOsiCONT,0.34508635108758645,0.09287880540829119,3.7154477770316046,2.0284415813586344e-4,0.010028032153111908,0.2531162156045562,0.10332076027002993
ENSG00000115318,LOXL3,KOsiINS_vs_KOsiCONT,-0.3590625580935287,0.08608800504384623,-4.170877904658743,3.0342841216969423e-5,0.002374507081396204,-0.2855625101123491,0.09535436434392018
ENSG00000115414,FN1,KOsiINS_vs_KOsiCONT,-0.6330725588258443,0.1471764493655547,-4.301452858489798,1.6968187640521946e-5,0.0015144795368664777,-0.48940279031071005,0.17076510077052479
ENSG00000115604,IL18R1,KOsiINS_vs_KOsiCONT,-0.8324444926401551,0.23715313614250896,-3.5101559531556283,4.478439458464046e-4,0.018721010718521097,-0.4217539681424594,0.28908529239952796
ENSG00000115738,ID2,KOsiINS_vs_KOsiCONT,0.5523843628710533,0.12364834177582167,4.467381890753889,7.918270248363916e-6,8.381184509037498e-4,0.44600517063109174,0.1404234446843863
ENSG00000116095,PLEKHA3,KOsiINS_vs_KOsiCONT,0.30553396073036915,0.07951189025644591,3.842619760955815,1.2172798238148109e-4,0.007003388310393784,0.2345387169412808,0.08668372943220311
ENSG00000116544,DLGAP3,KOsiINS_vs_KOsiCONT,0.4021147346507695,0.12561235810101654,3.2012354574809576,0.0013683966274771239,0.04013315295364524,0.23956535279457652,0.13933772212453438
ENSG00000116678,LEPR,KOsiINS_vs_KOsiCONT,-0.5839507709342425,0.17736008196740358,-3.2924588467520266,9.93154315470888e-4,0.03184947157153863,-0.31219865199849095,0.20685802636857917
ENSG00000116857,TMEM9,KOsiINS_vs_KOsiCONT,0.30414074971845556,0.09251051817012192,3.2876342683451076,0.0010103299817916188,0.03219947514612904,0.20475129152426633,0.09942868038299862
ENSG00000117114,ADGRL2,KOsiINS_vs_KOsiCONT,-0.46450950379223993,0.14764710149399496,-3.1460793953420905,0.001654750788263227,0.0462322250690396,-0.25386750239869466,0.16478905188713505
ENSG00000117318,ID3,KOsiINS_vs_KOsiCONT,1.117602418016416,0.20217610237429082,5.527866077600934,3.2414933672552364e-8,7.433824788905342e-6,0.9300638700641672,0.20788137338367244
ENSG00000117394,SLC2A1,KOsiINS_vs_KOsiCONT,-0.559029355188602,0.11840694786629054,-4.7212546667436985,2.343942361787617e-6,3.047494195105286e-4,-0.4663787702351897,0.13157536068597175
ENSG00000117472,TSPAN1,KOsiINS_vs_KOsiCONT,0.6498628912764199,0.16510926175405008,3.9359566166825224,8.286594293617981e-5,0.005158666775824165,0.45408070114697985,0.19956382004525372
ENSG00000117505,DR1,KOsiINS_vs_KOsiCONT,-0.2156192329184805,0.06875198257048337,-3.1361893120308393,0.0017115867990921112,0.04736837972907126,-0.15367659171738693,0.07016577355879709
ENSG00000118217,ATF6,KOsiINS_vs_KOsiCONT,-0.33476805022885675,0.09214319923078276,-3.633128142104046,2.800058719060813e-4,0.01291468423718775,-0.2421306038687417,0.10193385593803228
ENSG00000118276,B4GALT6,KOsiINS_vs_KOsiCONT,-0.40220453902841563,0.12351265152265857,-3.2563833264856323,0.0011284129583561317,0.03482683134275971,-0.2454455517918211,0.13800496038633403
ENSG00000118495,PLAGL1,KOsiINS_vs_KOsiCONT,-0.3982466570740141,0.10436359391297843,-3.8159538412033256,1.356578645988339e-4,0.007567508987351167,-0.29239788921184195,0.11896516474085023
ENSG00000118523,CTGF,KOsiINS_vs_KOsiCONT,0.5552752514033871,0.16989154038927248,3.2684102465083598,0.0010815347409127828,0.03375860423809427,0.29979579580442733,0.19673119866878863
ENSG00000118707,TGIF2,KOsiINS_vs_KOsiCONT,0.3812466274833519,0.11446230698538348,3.3307613442741117,8.660882123036714e-4,0.028890603154663075,0.24381882827997725,0.12782146470349917
ENSG00000118922,KLF12,KOsiINS_vs_KOsiCONT,-0.5588543089540925,0.1435241909144867,-3.8937987066379915,9.868654937639122e-5,0.0058615550478524165,-0.3974668854916185,0.17135682374311087
ENSG00000118961,LDAH,KOsiINS_vs_KOsiCONT,-0.4574855555385046,0.09679338854685064,-4.72641326444594,2.2852033588816176e-6,2.9947045922105764e-4,-0.3852707771733237,0.1072423419861956
ENSG00000119778,ATAD2B,KOsiINS_vs_KOsiCONT,-0.4543013490239209,0.1245985458131526,-3.646120795865379,2.6622886508945604e-4,0.01238301695875239,-0.31077372718228796,0.14546862716412037
ENSG00000119938,PPP1R3C,KOsiINS_vs_KOsiCONT,-0.37469140980816845,0.10691268292348277,-3.5046488364372492,4.5720992264273953e-4,0.018887964589283414,-0.25547329685688186,0.12029146748524645
ENSG00000120217,CD274,KOsiINS_vs_KOsiCONT,0.9197063031170077,0.21368535747032383,4.304021173957764,1.6772562295013392e-5,0.0015051551555177235,0.6605810552463064,0.2536184327835808
ENSG00000120278,PLEKHG1,KOsiINS_vs_KOsiCONT,0.880197369771241,0.2515834390047871,3.4986300101990926,4.6765503197552084e-4,0.019161091533448638,0.42506595322608215,0.30494680024759346
ENSG00000120509,PDZD11,KOsiINS_vs_KOsiCONT,-0.3507337314765515,0.08995317580581305,-3.8990700254285633,9.656284791646286e-5,0.005777846365409065,-0.2668468689280406,0.10011479124105344
ENSG00000120693,SMAD9,KOsiINS_vs_KOsiCONT,0.6403160518267036,0.1669232665525605,3.8359904227316446,1.2505928124372913e-4,0.00710524698704307,0.433353000342093,0.20285542462658837
ENSG00000120896,SORBS3,KOsiINS_vs_KOsiCONT,0.4466690396965404,0.1372256052309848,3.2549977749756356,0.0011339325422487923,0.03493189204778369,0.2623879183106404,0.15546476544425944
ENSG00000120992,LYPLA1,KOsiINS_vs_KOsiCONT,-0.4080064073901939,0.08557947497541986,-4.767573153578957,1.8645830169935988e-6,2.5444623782312645e-4,-0.3461137701596005,0.09380494789755407
ENSG00000121210,TMEM131L,KOsiINS_vs_KOsiCONT,-0.4337659778587476,0.09175790172649585,-4.727287456416346,2.275390364758814e-6,2.9947045922105764e-4,-0.3659001905233716,0.10131070917951829
ENSG00000121454,LHX4,KOsiINS_vs_KOsiCONT,-0.5831079476313703,0.169323477214535,-3.443751316851148,5.737031256692423e-4,0.021769648516557803,-0.3404008977409761,0.20211459535428036
ENSG00000121858,TNFSF10,KOsiINS_vs_KOsiCONT,-0.4497414521619139,0.14160312853033388,-3.1760700263452963,0.001492849104440808,0.04245719761447521,-0.2533097614330246,0.15850269722304344
ENSG00000122733,PHF24,KOsiINS_vs_KOsiCONT,1.7143291141910844,0.4994277127313677,3.432587080151053,5.978518588223592e-4,0.022384875040532413,0.3002211968680503,0.40577963433744557
ENSG00000123091,RNF11,KOsiINS_vs_KOsiCONT,-0.6568308221430968,0.09926282976077273,-6.617087420599278,3.663448732816395e-11,1.5587497044428197e-8,-0.6050278401528677,0.10143553441018974
ENSG00000123739,PLA2G12A,KOsiINS_vs_KOsiCONT,-0.32258533872793155,0.0814959505400519,-3.9582989901982204,7.548542930473874e-5,0.00483106747550328,-0.2508271489298417,0.08939004344367424
ENSG00000124194,GDAP1L1,KOsiINS_vs_KOsiCONT,0.9738466186978786,0.18417382712337982,5.28764935772057,1.238981873657344e-7,2.3788451974221006e-5,0.812049836852606,0.19399175104044167
ENSG00000124226,RNF114,KOsiINS_vs_KOsiCONT,0.17481236483114776,0.046570581231069844,3.7537080321969576,1.7423780013043743e-4,0.008907165807287254,0.14390854998085964,0.04741242665669142
ENSG00000124440,HIF3A,KOsiINS_vs_KOsiCONT,0.9311492469537879,0.1627894635745327,5.719960165158133,1.0654903030848977e-8,2.7066732130058204e-6,0.8062432175179007,0.16877753448538724
ENSG00000124493,GRM4,KOsiINS_vs_KOsiCONT,-0.553758075386229,0.11230493286435755,-4.930843741788802,8.187520784387086e-7,1.1963924176265448e-4,-0.4723264598621941,0.12291344536742554
ENSG00000124831,LRRFIP1,KOsiINS_vs_KOsiCONT,0.4882744162722086,0.11411915683688527,4.278636732044185,1.8804146374351538e-5,0.0016341792891225925,0.38598344404145774,0.1307987369734185
ENSG00000124942,AHNAK,KOsiINS_vs_KOsiCONT,1.1671697738066598,0.3720600657654325,3.137046625537364,0.0017065898554834483,0.04736001965334907,0.2789749952217659,0.3360441784326042
ENSG00000125304,TM9SF2,KOsiINS_vs_KOsiCONT,-0.3546558603438294,0.0989297014329096,-3.584928036847899,3.371711619868658e-4,0.014962169760393924,-0.2504885088683634,0.1104678897247557
ENSG00000125457,MIF4GD,KOsiINS_vs_KOsiCONT,-0.4495298055252212,0.10337920999038218,-4.348357910328807,1.3716063672030588e-5,0.001279546007641633,-0.36136826229950175,0.11703402218975043
ENSG00000125741,OPA3,KOsiINS_vs_KOsiCONT,-0.4960606184613103,0.07657199482524091,-6.478355691182681,9.272755695594549e-11,3.7344327328209076e-8,-0.45949240456647056,0.07983122747834015
ENSG00000125816,NKX2-4,KOsiINS_vs_KOsiCONT,0.6716788860858811,0.13611738958269237,4.934556033913881,8.033328085288372e-7,1.1843420834310856e-4,0.5652841731256782,0.14793308722766
ENSG00000125844,RRBP1,KOsiINS_vs_KOsiCONT,-0.9067593782364338,0.08680652923117606,-10.44575086997922,1.5323789304854206e-25,3.6146629857393233e-22,-0.8732629219551595,0.08748825681932569
ENSG00000125952,MAX,KOsiINS_vs_KOsiCONT,-0.43237477889291465,0.08505739947261926,-5.083329393724293,3.708757063391277e-7,6.248877207215996e-5,-0.37602228737368326,0.09236709164328293
ENSG00000125966,MMP24,KOsiINS_vs_KOsiCONT,0.4122259559952097,0.12223475467761287,3.3724120204800343,7.451288809223567e-4,0.026079458203000117,0.26173776099347407,0.13871562896458922
ENSG00000125968,ID1,KOsiINS_vs_KOsiCONT,1.436199552354092,0.26389263931831597,5.442363061220896,5.257837644578593e-8,1.1145240248670614e-5,1.111154805821954,0.2639292122338627
ENSG00000126247,CAPNS1,KOsiINS_vs_KOsiCONT,0.28426201044249666,0.08588147572306608,3.3099339298631714,9.331799571198647e-4,0.03069455667721754,0.19626994231582026,0.09158766242835906
ENSG00000126767,ELK1,KOsiINS_vs_KOsiCONT,-1.0695558835824552,0.1328730361323416,-8.049457698228382,8.31616953995339e-16,6.241663247441381e-13,-0.9920569345749748,0.1331616199235128
ENSG00000127022,CANX,KOsiINS_vs_KOsiCONT,-0.6227646043483538,0.0880254825838271,-7.074821813732086,1.4964091381160064e-12,8.520244030541895e-10,-0.5815431719361963,0.08957657307903841
ENSG00000127452,FBXL12,KOsiINS_vs_KOsiCONT,0.39147240419345125,0.1208979915555945,3.238038938086363,0.0012035438186273817,0.0365310947301017,0.23925891205816888,0.13426213887354393
ENSG00000127483,HP1BP3,KOsiINS_vs_KOsiCONT,-0.3972759781649768,0.11122798092320264,-3.5717269599569192,3.546350324913326e-4,0.015615289750658356,-0.2729737934712828,0.12672465530750573
ENSG00000127585,FBXL16,KOsiINS_vs_KOsiCONT,-0.41885525643788435,0.1299109096121846,-3.224173071286071,0.0012633702007003528,0.03779124774268881,-0.24838238278134522,0.14534796688200646
ENSG00000128228,SDF2L1,KOsiINS_vs_KOsiCONT,-0.5022372728373237,0.12882320848524953,-3.898655209281103,9.672839151204655e-5,0.005777846365409065,-0.36418546312651445,0.15183824855002406
ENSG00000128294,TPST2,KOsiINS_vs_KOsiCONT,0.3814383853864154,0.10585328182424387,3.6034630085418238,3.140054535298118e-4,0.014205090544340418,0.266825437685289,0.11979502838696261
ENSG00000128564,VGF,KOsiINS_vs_KOsiCONT,0.592814181981662,0.12737273684688977,4.654168518764442,3.252906857170277e-6,3.8641725198270224e-4,0.488513537713869,0.14224433837370792
ENSG00000128739,SNRPN,KOsiINS_vs_KOsiCONT,0.2533440779988502,0.07893193274704952,3.209652534554467,0.0013289551367460478,0.03918519146062632,0.17574861362141939,0.08242670075199109
ENSG00000129128,SPCS3,KOsiINS_vs_KOsiCONT,-0.3000323978632208,0.08771762069606703,-3.4204347482566093,6.252113247302877e-4,0.023043503111487743,-0.21052516234617494,0.09481251808788431
ENSG00000129219,PLD2,KOsiINS_vs_KOsiCONT,0.5849061296578449,0.14397588120691235,4.06252856210866,4.854400578482783e-5,0.003469950751164836,0.43287342334560236,0.1704561655883765
ENSG00000129347,KRI1,KOsiINS_vs_KOsiCONT,0.2509324083603799,0.08044153205055657,3.119438453791156,0.0018119611054829253,0.048887421198911866,0.17027515609375957,0.08330506903917011
ENSG00000129353,SLC44A2,KOsiINS_vs_KOsiCONT,-0.5167207077343897,0.14690918385782692,-3.517279819854232,4.359938983096805e-4,0.01836513073696287,-0.32594485555237757,0.17412277800568465
ENSG00000129946,SHC2,KOsiINS_vs_KOsiCONT,0.5247100071568421,0.15471602002211945,3.3914394067390394,6.952653483826911e-4,0.02493309185369402,0.31046969566965765,0.18175850943513439
ENSG00000129965,INS-IGF2,KOsiINS_vs_KOsiCONT,1.9886890465264617,0.5292195008058027,3.757777337188888,1.7142931950850712e-4,0.008845752886638967,0.40200495923480556,0.4888307852617716
ENSG00000129993,CBFA2T3,KOsiINS_vs_KOsiCONT,-0.6365201391598481,0.10208677871944778,-6.2350888836361085,4.5152164720801233e-10,1.6567834308219333e-7,-0.5803613921864162,0.1050970578760886
ENSG00000130005,GAMT,KOsiINS_vs_KOsiCONT,0.5424267213973608,0.13565446895258765,3.9985908727190065,6.372071613955379e-5,0.004259742772859564,0.3993625294432231,0.16033164373919317
ENSG00000130584,ZBTB46,KOsiINS_vs_KOsiCONT,-0.483513693058158,0.10882530913191907,-4.4430261390026295,8.870238472732548e-6,9.15408610385999e-4,-0.39247225288570065,0.1231646725589073
ENSG00000130653,PNPLA7,KOsiINS_vs_KOsiCONT,0.6425136557838044,0.18092729616024536,3.5512256548328502,3.834415118009464e-4,0.016487985007440694,0.3820762730791662,0.21983136013760676
ENSG00000130703,OSBPL2,KOsiINS_vs_KOsiCONT,-0.24701091212732623,0.05662501328260395,-4.362222590475077,1.2874778115032674e-5,0.0012288343134995348,-0.2081987226753401,0.059944825177236115
ENSG00000130748,TMEM160,KOsiINS_vs_KOsiCONT,0.5088428853052546,0.15686609452642092,3.2438041301496816,0.0011794482159788607,0.035931824616684406,0.2818905602692951,0.17975523180968636
ENSG00000130956,HABP4,KOsiINS_vs_KOsiCONT,0.2551797548964284,0.07795553195326284,3.2734014957324375,0.0010626142102870453,0.033484514962327655,0.17962841266908672,0.08182844721073804
ENSG00000131477,RAMP2,KOsiINS_vs_KOsiCONT,0.8902226491245813,0.24473241554273126,3.637534681093951,2.752601377351014e-4,0.012731359647848724,0.4731777415949421,0.3037005840390597
ENSG00000131650,KREMEN2,KOsiINS_vs_KOsiCONT,0.9045029765508592,0.2676964033403205,3.3788387339704786,7.279269479805774e-4,0.025627995234659477,0.3856699829869046,0.31205518876099836
ENSG00000132464,ENAM,KOsiINS_vs_KOsiCONT,-0.4757467241916102,0.15243316770613555,-3.1210184197494772,0.001802267607132781,0.048785315949141775,-0.25352522551314993,0.16949986854857507
ENSG00000132874,SLC14A2,KOsiINS_vs_KOsiCONT,-0.9744692884484527,0.28136538142424505,-3.4633588663814323,5.334763737966849e-4,0.02064127162914473,-0.4195094344148203,0.33299312688385213
ENSG00000133433,GSTT2B,KOsiINS_vs_KOsiCONT,0.42155463830803247,0.12508535064420534,3.370135960262116,7.513110424889418e-4,0.02622758548325033,0.2656387252873705,0.14242487207655913
ENSG00000133639,BTG1,KOsiINS_vs_KOsiCONT,-0.24345316100399983,0.07150983819796669,-3.40447086916947,6.629237069849984e-4,0.02411056442673192,-0.17876453068922243,0.0751487547500816
ENSG00000133657,ATP13A3,KOsiINS_vs_KOsiCONT,-0.38066241362267583,0.1221575667479693,-3.1161591030054123,0.0018322338772674507,0.049273364464886234,-0.22286551278771974,0.13285239089430134
ENSG00000134108,ARL8B,KOsiINS_vs_KOsiCONT,-0.30215002873019475,0.08006254688135511,-3.7739247688179547,1.606992390445764e-4,0.008477526629725386,-0.22938391240908898,0.08718346476813617
ENSG00000134109,EDEM1,KOsiINS_vs_KOsiCONT,-0.4118013120722818,0.10490543176730234,-3.9254527161732242,8.656677410272173e-5,0.005313719605889,-0.308680174016568,0.11991780076850095
ENSG00000134198,TSPAN2,KOsiINS_vs_KOsiCONT,0.6786085134203744,0.12778078064909065,5.310724429552182,1.0919032853622047e-7,2.1463698866548482e-5,0.5888632034840504,0.1353831552046161
ENSG00000134333,LDHA,KOsiINS_vs_KOsiCONT,-0.7666502859432651,0.11234076771674581,-6.824328349582626,8.833762641792859e-12,4.167516821179534e-9,-0.7045098729449637,0.11465822242881529
ENSG00000134910,STT3A,KOsiINS_vs_KOsiCONT,-0.3538935309712967,0.06573452390878055,-5.383678315863257,7.297887987170926e-8,1.5062840805520791e-5,-0.3145720016784828,0.06954782472665427
ENSG00000135506,OS9,KOsiINS_vs_KOsiCONT,-0.34696033550708766,0.09491827325208439,-3.6553586956394453,2.568226375122396e-4,0.012047316450574148,-0.2506234927374941,0.10567298009070782
ENSG00000135519,KCNH3,KOsiINS_vs_KOsiCONT,0.6503877047871369,0.1494928459950924,4.350627620056735,1.3574841922832568e-5,0.0012735669876693828,0.5059024508376365,0.172643199483643
ENSG00000135679,MDM2,KOsiINS_vs_KOsiCONT,-0.36250763463667757,0.07685124234763507,-4.717004222220396,2.3934272547802853e-6,3.0860354919681255e-4,-0.30737744122550537,0.08332402575535593
ENSG00000135821,GLUL,KOsiINS_vs_KOsiCONT,-0.5507309066687497,0.08150460796341628,-6.757052397772992,1.4082727237449212e-11,6.284702490398956e-9,-0.5128554681542681,0.08387238223441441
ENSG00000136098,NEK3,KOsiINS_vs_KOsiCONT,0.5829439399227417,0.14896584149105677,3.913272560258313,9.105366053996131e-5,0.005545005876940139,0.4137692930819959,0.17843210165951437
ENSG00000136147,PHF11,KOsiINS_vs_KOsiCONT,0.8136639153420939,0.21921923490470344,3.7116447181097083,2.059168822145845e-4,0.010119343925973868,0.47659959805518437,0.27284080664616683
ENSG00000136231,IGF2BP3,KOsiINS_vs_KOsiCONT,-0.3048911085148505,0.09215930224539773,-3.3083053049056286,9.386242331083678e-4,0.030805328358907303,-0.20639909685138155,0.09922844730842142
ENSG00000136274,NACAD,KOsiINS_vs_KOsiCONT,0.7129732986646702,0.20021852382962782,3.560975703084103,3.6947927562497426e-4,0.016097207913244264,0.40746452961724633,0.245197117544374
ENSG00000136305,CIDEB,KOsiINS_vs_KOsiCONT,0.3363915184163659,0.0889835046229109,3.7803806429282174,1.5658877423369282e-4,0.008384065505075776,0.2513572694307739,0.09852572413481239
ENSG00000136425,CIB2,KOsiINS_vs_KOsiCONT,0.4323557112506615,0.11374707995039963,3.801026904947308,1.44097652848157e-4,0.007878610741154863,0.31238754123894447,0.1315549988387863
ENSG00000136698,CFC1,KOsiINS_vs_KOsiCONT,0.5575290328281932,0.1446622858984844,3.8540040299061413,1.1620168101838508e-4,0.006752103149207071,0.3917992992887786,0.17304731712685578
ENSG00000136731,UGGT1,KOsiINS_vs_KOsiCONT,-0.4116575349981466,0.08111086015465996,-5.075245586265629,3.869958396471513e-7,6.326807231934418e-5,-0.358045870216993,0.08783467807677754
ENSG00000136999,NOV,KOsiINS_vs_KOsiCONT,0.5118871684029895,0.15365998460115712,3.331297798393342,8.644207368044141e-4,0.028890603154663075,0.2965126220938263,0.1786832077319789
ENSG00000137168,PPIL1,KOsiINS_vs_KOsiCONT,-0.3131784310419661,0.08083645619654417,-3.8742226685508108,1.0696557749408633e-4,0.006289875766795164,-0.24091319014128507,0.08841065189494095
ENSG00000137198,GMPR,KOsiINS_vs_KOsiCONT,-0.650040220253292,0.20182033488277396,-3.2208856487670765,0.0012779512726088843,0.038029672963209755,-0.31172391452585024,0.23138646897201912
ENSG00000137267,TUBB2A,KOsiINS_vs_KOsiCONT,0.3353073882216113,0.09749351360583158,3.4392789409279727,5.832659160627016e-4,0.021938238738103254,0.23017070705518106,0.10731970495300844
ENSG00000137474,MYO7A,KOsiINS_vs_KOsiCONT,-0.3592807907169343,0.10358020238708439,-3.4686241428094924,5.231307693325275e-4,0.02064127162914473,-0.2446691153304291,0.11551695449926812
ENSG00000137571,SLCO5A1,KOsiINS_vs_KOsiCONT,-0.927248394688342,0.2757405361925032,-3.3627569144966065,7.716828282274555e-4,0.026881913206100727,-0.3807316441610817,0.31785135563252886
ENSG00000137573,SULF1,KOsiINS_vs_KOsiCONT,-0.5650784433806055,0.1663468500723111,-3.396989141272982,6.813167050193937e-4,0.02467083647649173,-0.32579000250748,0.19693398436120743
ENSG00000137575,SDCBP,KOsiINS_vs_KOsiCONT,0.23458472651470696,0.0621498082495527,3.7745044292456895,1.603260598738977e-4,0.008477526629725386,0.18535951782528173,0.06561718231834425
ENSG00000137731,FXYD2,KOsiINS_vs_KOsiCONT,-0.5207594149001945,0.14493994835351956,-3.5929322510176607,3.26977623623857e-4,0.01467134380781828,-0.3383138530535277,0.17251030402338302
ENSG00000137824,RMDN3,KOsiINS_vs_KOsiCONT,0.26305595614703314,0.08115022114946344,3.24159259729599,0.0011886381191537872,0.03614510612056599,0.18211230460148498,0.08531213377528792
ENSG00000137872,SEMA6D,KOsiINS_vs_KOsiCONT,-0.5418120469370205,0.14507470487108234,-3.734710661093473,1.879311250329018e-4,0.009431971843596579,-0.3678874763419859,0.17366645647158924
ENSG00000138029,HADHB,KOsiINS_vs_KOsiCONT,-0.42063706475356355,0.07210961014411064,-5.833301052563213,5.434139161837829e-9,1.4709591121355118e-6,-0.3812009699610681,0.07645803056214381
ENSG00000138032,PPM1B,KOsiINS_vs_KOsiCONT,-0.34134030537083876,0.09483369076980386,-3.599356964809024,3.1900504077754933e-4,0.014352619164356662,-0.24388232997719583,0.10521332400494222
ENSG00000138101,DTNB,KOsiINS_vs_KOsiCONT,0.3175386764407863,0.09292683945866305,3.4170824951174423,6.329609645909942e-4,0.02322544766072555,0.2195178841799853,0.10129543365975602
ENSG00000138378,STAT4,KOsiINS_vs_KOsiCONT,-0.8960475353095393,0.27617859991017213,-3.244449554024031,0.0011767785947529729,0.035917248237248074,-0.3391362208219718,0.30488003491057786
ENSG00000138443,ABI2,KOsiINS_vs_KOsiCONT,-0.3150082112985231,0.08518143379182963,-3.6980853370976927,2.1723186333771804e-4,0.010549801551271765,-0.23384339728334166,0.09334098612077295
ENSG00000138757,G3BP2,KOsiINS_vs_KOsiCONT,-0.413894106536716,0.11358379511076935,-3.6439538415940196,2.6848158970256835e-4,0.012452719126878675,-0.2882821982954534,0.13051488095540814
ENSG00000138759,FRAS1,KOsiINS_vs_KOsiCONT,-0.9820708223183435,0.1918071448584408,-5.1200950988720475,3.053816195835772e-7,5.364320534642582e-5,-0.8044858102111218,0.20428332843767083
ENSG00000138760,SCARB2,KOsiINS_vs_KOsiCONT,-0.27773931534538326,0.08319283739408884,-3.3385003330240743,8.423192935722034e-4,0.028459381404507267,-0.1944448236405727,0.08859702150199537
ENSG00000138821,SLC39A8,KOsiINS_vs_KOsiCONT,-0.316150036142607,0.08949897067916246,-3.5324432643582844,4.117385657039929e-4,0.01752223504356786,-0.2256403067492707,0.09790093586278263
ENSG00000139044,B4GALNT3,KOsiINS_vs_KOsiCONT,0.41526554046866415,0.1330192636902296,3.1218451294071166,0.0017972145456742648,0.048728418026557405,0.2352911707900432,0.1462288332178499
ENSG00000139209,SLC38A4,KOsiINS_vs_KOsiCONT,-0.8671887391428007,0.18565583619253131,-4.670947905152289,2.998129748291702e-6,3.694411821178551e-4,-0.683529970373795,0.20763769380784292
ENSG00000139289,PHLDA1,KOsiINS_vs_KOsiCONT,-0.41149172544010565,0.11682552689519451,-3.5222757934510276,4.278587808949711e-4,0.018114882538814776,-0.27607194626872994,0.13372920944888378
ENSG00000139508,SLC46A3,KOsiINS_vs_KOsiCONT,-0.7123686381370358,0.2110346745778132,-3.375599955609994,7.365493131821381e-4,0.025876387785666945,-0.3611296150959015,0.25119197448938907
ENSG00000139641,ESYT1,KOsiINS_vs_KOsiCONT,0.3187900743582044,0.08061383265265076,3.9545331597346136,7.668423633073437e-5,0.004870038885742638,0.24809602230218422,0.08827570230308517
ENSG00000140284,SLC27A2,KOsiINS_vs_KOsiCONT,-0.26106465689865,0.08295704166238634,-3.146986098674004,0.0016496280449564676,0.04616721742088337,-0.17638595435859672,0.08648981071220951
ENSG00000140450,ARRDC4,KOsiINS_vs_KOsiCONT,-0.6455746098424412,0.1160170424114637,-5.564480841985778,2.6293401187064667e-8,6.202237720011597e-6,-0.5711282688753139,0.1217130499459615
ENSG00000141258,SGSM2,KOsiINS_vs_KOsiCONT,0.3556381173431866,0.09265950695394291,3.8381179550195443,1.2398092611833191e-4,0.00710524698704307,0.26674305744504695,0.1034945319878469
ENSG00000141506,PIK3R5,KOsiINS_vs_KOsiCONT,-1.136783477212792,0.33372349038020704,-3.406363381605738,6.583449027203412e-4,0.02399688969915734,-0.38996817993016486,0.366958427424453
ENSG00000141576,RNF157,KOsiINS_vs_KOsiCONT,0.40164554980695516,0.1252708022016747,3.206218390462145,0.001344918738622337,0.039514765502014285,0.2399219762394286,0.13903458622537668
ENSG00000141664,ZCCHC2,KOsiINS_vs_KOsiCONT,-0.3378746498243685,0.08851393399957821,-3.8171916505934367,1.3497932047713907e-4,0.007555181490571255,-0.25423250899591243,0.09803934650360403
ENSG00000141905,NFIC,KOsiINS_vs_KOsiCONT,-0.42691850353662325,0.11073541760640737,-3.8553022399214836,1.155867370301483e-4,0.006752103149207071,-0.3133427138486464,0.12762753270542931
ENSG00000142188,TMEM50B,KOsiINS_vs_KOsiCONT,-0.8252235299067584,0.09074486059170096,-9.093887240840932,9.555996283976739e-20,1.2137585433924916e-16,-0.7867691321636642,0.09184953995810587
ENSG00000142252,GEMIN7,KOsiINS_vs_KOsiCONT,0.38612722164044583,0.121818040306156,3.169704755305714,0.001525939029261442,0.043218362351912405,0.23028163704864718,0.1338085816834186
ENSG00000142556,ZNF614,KOsiINS_vs_KOsiCONT,-0.4791391777267472,0.1204540226639673,-3.977776475455786,6.956271723007626e-5,0.00453999836720561,-0.3568689779359748,0.1405383023913417
ENSG00000143036,SLC44A3,KOsiINS_vs_KOsiCONT,-0.3475108860371974,0.08234331589479059,-4.220268303030319,2.440117323831727e-5,0.001992583121959037,-0.27919304290885455,0.09059235638964877
ENSG00000143153,ATP1B1,KOsiINS_vs_KOsiCONT,0.24127061123768712,0.07224418805336266,3.339654271696905,8.388274602782242e-4,0.028459381404507267,0.17502475620132937,0.07561087079709373
ENSG00000143319,ISG20L2,KOsiINS_vs_KOsiCONT,-0.2937213512833258,0.08920467307575633,-3.292667762303051,9.924167111757887e-4,0.03184947157153863,-0.19999684236410156,0.0954458792418231
ENSG00000143324,XPR1,KOsiINS_vs_KOsiCONT,-0.4004347282777264,0.1003388908252698,-3.990822750622624,6.58444774665746e-5,0.004366361493687067,-0.30530424489428903,0.1138965635567984
ENSG00000143344,RGL1,KOsiINS_vs_KOsiCONT,-0.4828890909456378,0.1363987290824631,-3.5402755890320337,3.997094057610374e-4,0.017098450020534325,-0.31343315122088866,0.1603474052158653
ENSG00000143515,ATP8B2,KOsiINS_vs_KOsiCONT,-0.3454628069249546,0.08256157155421089,-4.184305124304952,2.8603970228043333e-5,0.002270715175026209,-0.27627086147959257,0.09087510715216734
ENSG00000143627,PKLR,KOsiINS_vs_KOsiCONT,-0.763315700814934,0.20826824493280544,-3.665060417929801,2.472801998737336e-4,0.011733019138836464,-0.4487427524992804,0.2578180146019961
ENSG00000143643,TTC13,KOsiINS_vs_KOsiCONT,-0.3349697083081829,0.07848113082978242,-4.268155985604974,1.9709549141867884e-5,0.001686238732800635,-0.27174642590025216,0.08574816263914767
ENSG00000143870,PDIA6,KOsiINS_vs_KOsiCONT,-0.5407522622635067,0.05919058814401385,-9.135781197980794,6.49362314257621e-20,8.935225444184865e-17,-0.5215366405498288,0.05981416642118766
ENSG00000144191,CNGA3,KOsiINS_vs_KOsiCONT,-0.4538036293185359,0.12047445408383797,-3.7668037823415634,1.6535085524601028e-4,0.008693511136195707,-0.3222712476248532,0.14054072036784904
ENSG00000144339,TMEFF2,KOsiINS_vs_KOsiCONT,-0.37818416438700914,0.10007288775191772,-3.77908715220184,1.5740433058221236e-4,0.008384065505075776,-0.27738424824526253,0.11309424612302568
ENSG00000144711,IQSEC1,KOsiINS_vs_KOsiCONT,-0.48521909929464146,0.13191950014146514,-3.6781453748256485,2.3493604960313685e-4,0.011244243626223177,-0.3309010332691168,0.15562861681665266
ENSG00000144712,CAND2,KOsiINS_vs_KOsiCONT,0.5168040631143699,0.1400045601218483,3.6913373583302334,2.230780229868185e-4,0.01077036349578464,0.3492139908898867,0.16664911156994916
ENSG00000144736,SHQ1,KOsiINS_vs_KOsiCONT,-0.5002424048225722,0.11546870294721218,-4.332276989820035,1.4757511456653774e-5,0.001361318598727749,-0.39832137481266844,0.1320546301410514
ENSG00000144847,IGSF11,KOsiINS_vs_KOsiCONT,-0.36894899756066707,0.09353247228957218,-3.9446086319456857,7.993041320356677e-5,0.005056747060602661,-0.2813906567028764,0.1048738649813958
ENSG00000145050,MANF,KOsiINS_vs_KOsiCONT,-1.0251096228869236,0.102927319487058,-9.959548426944318,2.2910094031407937e-23,4.20323858496231e-20,-0.9791061680206307,0.10312485710629772
ENSG00000145284,SCD5,KOsiINS_vs_KOsiCONT,-1.004728621248179,0.21954664434306664,-4.576378856778043,4.730934572180771e-6,5.31409467046591e-4,-0.7543175841243032,0.24975957662934173
ENSG00000145335,SNCA,KOsiINS_vs_KOsiCONT,0.31640366872277503,0.0835749019928562,3.7858694557586268,1.5317207462906817e-4,0.00829238457795139,0.23899442936492743,0.09162871340089088
ENSG00000145495,MARCH6,KOsiINS_vs_KOsiCONT,-0.558823776762252,0.11002262293485385,-5.079171554500573,3.790842819541395e-7,6.322666326895709e-5,-0.48256330582124946,0.11924062145964531
ENSG00000145604,SKP2,KOsiINS_vs_KOsiCONT,-0.5036868441474094,0.0898568876462614,-5.605433899850479,2.0773389154314386e-8,5.0442676722946935e-6,-0.45128724785511004,0.09564075480787804
ENSG00000145626,UGT3A1,KOsiINS_vs_KOsiCONT,-0.5134103012357742,0.122495170080822,-4.19126975289742,2.7739760833396488e-5,0.0022127484583625255,-0.39762135897542444,0.1419246722698086
ENSG00000146457,WTAP,KOsiINS_vs_KOsiCONT,-0.26566421913951616,0.07746644298717281,-3.4294103213633527,6.048942927678765e-4,0.02254630826677918,-0.1922889638635946,0.08237865516918828
ENSG00000147164,SNX12,KOsiINS_vs_KOsiCONT,-1.1793585177505477,0.11751689550699351,-10.0356507263278,1.0625644857114431e-23,2.1931330985084185e-20,-1.1180441749828927,0.11646219406788466
ENSG00000147454,SLC25A37,KOsiINS_vs_KOsiCONT,-0.25474026875805295,0.08148831899103251,-3.1260955178874923,0.0017714400461111468,0.04842718218772725,-0.17237973074130666,0.08457499035452694
ENSG00000147535,PLPP5,KOsiINS_vs_KOsiCONT,-0.23146254532539196,0.06985376222979602,-3.313530122600354,9.212618302978515e-4,0.03042375068375625,-0.16862310870359576,0.07265508844930271
ENSG00000147804,SLC39A4,KOsiINS_vs_KOsiCONT,0.5438108461357352,0.158049121474769,3.4407710783925447,5.800590680417247e-4,0.02186743226370995,0.3255076570012172,0.18735522004531505
ENSG00000147912,FBXO10,KOsiINS_vs_KOsiCONT,-0.3812872416513615,0.10620721774725914,-3.5900313532241204,3.306381889786589e-4,0.014715627429691687,-0.26570973267342723,0.12015845479314059
ENSG00000148123,PLPPR1,KOsiINS_vs_KOsiCONT,-0.9762597287857461,0.1080724722420343,-9.033380180286413,1.664492001752278e-19,1.9631494237809723e-16,-0.9249467204503073,0.10883643331654169
ENSG00000148356,LRSAM1,KOsiINS_vs_KOsiCONT,0.3669027437397351,0.11363567065632352,3.2287638346359153,0.0012432651880809429,0.03746130435327104,0.22836745371572748,0.12488018237952998
ENSG00000148842,CNNM2,KOsiINS_vs_KOsiCONT,-0.31827499896906475,0.09809842070946492,-3.2444456971605082,0.0011767945310290219,0.035917248237248074,-0.20851355093643772,0.10575512552732368
ENSG00000149428,HYOU1,KOsiINS_vs_KOsiCONT,-0.9280553839734302,0.074103085832632,-12.523842611217576,5.529203609895077e-36,2.2824552501646878e-32,-0.9040511335315834,0.07443362900186987
ENSG00000149679,CABLES2,KOsiINS_vs_KOsiCONT,-0.56384195157946,0.09478913776416438,-5.9483814799782255,2.7080686534041192e-9,8.130114473637966e-7,-0.511474607662137,0.09901561153627492
ENSG00000149925,ALDOA,KOsiINS_vs_KOsiCONT,0.2869116108896582,0.08987492239197195,3.1923433506662646,0.0014112346918402797,0.040734300960920726,0.19085238235609717,0.09512487904370814
ENSG00000149972,CNTN5,KOsiINS_vs_KOsiCONT,4.314538447987764,1.3414870593312545,3.2162356080710963,0.0012988415127380168,0.03850353870436289,0.0691994039186043,0.28811419775276603
ENSG00000150938,CRIM1,KOsiINS_vs_KOsiCONT,-0.4519568514060918,0.14007935377014574,-3.226434440493647,0.0012534294330628008,0.03756193611385294,-0.2606324907957577,0.15823072092572565
ENSG00000151835,SACS,KOsiINS_vs_KOsiCONT,-0.5632052489567972,0.1453788635799566,-3.8740518056604647,1.0704064259141479e-4,0.006289875766795164,-0.3975293809647095,0.17391666878430984
ENSG00000151929,BAG3,KOsiINS_vs_KOsiCONT,0.42620150993811573,0.1305962350276037,3.2635053364902205,0.0011004311180192084,0.034154734249498435,0.2556912729160856,0.1472346339657811
ENSG00000152348,ATG10,KOsiINS_vs_KOsiCONT,-0.39353261299138853,0.11079985448740512,-3.551743048869458,3.826883739732629e-4,0.016487985007440694,-0.26928201116641215,0.12595682682203904
ENSG00000152377,SPOCK1,KOsiINS_vs_KOsiCONT,-0.45534454642423555,0.11641880628541337,-3.9112628015434967,9.181480036681667e-5,0.005553281991417131,-0.33589756135809656,0.13529115164909142
ENSG00000152455,SUV39H2,KOsiINS_vs_KOsiCONT,-0.39704301752684684,0.12436127345214412,-3.1926580237185678,0.001409697876157842,0.040734300960920726,-0.23674628498306236,0.1375523891375098
ENSG00000152556,PFKM,KOsiINS_vs_KOsiCONT,-0.28753012226222685,0.08945715705884384,-3.214165660027548,0.001308241718155688,0.03864344767475263,-0.1924298422097416,0.09488462264628827
ENSG00000152683,SLC30A6,KOsiINS_vs_KOsiCONT,-0.3074892229742807,0.09859625603785926,-3.118670376857009,0.0018166907428918586,0.048935069407227354,-0.1950626299082147,0.10447274282142045
ENSG00000152818,UTRN,KOsiINS_vs_KOsiCONT,-0.7436143083196287,0.12676034358971824,-5.866300826120075,4.456249859286798e-9,1.2686482358024758e-6,-0.6615679084368105,0.13125588774528238
ENSG00000152910,CNTNAP4,KOsiINS_vs_KOsiCONT,-1.1206467976227403,0.20217756022319042,-5.5428841676871645,2.9752969284962072e-8,6.919451110328081e-6,-0.933276305230312,0.20768080063559238
ENSG00000153140,CETN3,KOsiINS_vs_KOsiCONT,-0.6755968695886163,0.13663255715979844,-4.944625817099162,7.629025698729216e-7,1.1348691201569081e-4,-0.5688529793793679,0.14835227510061438
ENSG00000153789,FAM92B,KOsiINS_vs_KOsiCONT,-0.6529161419716497,0.1317624131021696,-4.9552533730949015,7.22360951697928e-7,1.084329457676017e-4,-0.5519731262331402,0.14306752678957396
ENSG00000153922,CHD1,KOsiINS_vs_KOsiCONT,-0.4198367636336176,0.12727358615068504,-3.2986951678768097,9.713533022831421e-4,0.031633561382980915,-0.2571348443863644,0.14379806072676118
ENSG00000154124,OTULIN,KOsiINS_vs_KOsiCONT,-0.35225690577222313,0.09438661666409369,-3.7320641233051823,1.8991713837346208e-4,0.00950276299643214,-0.25847054306855366,0.1053698577212383
ENSG00000154548,SRSF12,KOsiINS_vs_KOsiCONT,0.6717367675063668,0.12294866261574589,5.463554895312365,4.666928586904977e-8,1.0274709976929996e-5,0.5891953505067192,0.129334875309828
ENSG00000155090,KLF10,KOsiINS_vs_KOsiCONT,-0.506775910268246,0.13151780880292382,-3.8532873599471014,1.1654247804772379e-4,0.006752103149207071,-0.3622701049029636,0.15551441824183196
ENSG00000155115,GTF3C6,KOsiINS_vs_KOsiCONT,0.32071682931642514,0.1019661218687457,3.1453273247879614,0.0016590109800675725,0.046272954903506344,0.20244585883917718,0.10894791116971418
ENSG00000155330,C16orf87,KOsiINS_vs_KOsiCONT,-0.4822372527165415,0.09350726276219401,-5.157217081019242,2.5064715718518787e-7,4.4501998488621746e-5,-0.42092675318530814,0.10144738042372026
ENSG00000155465,SLC7A7,KOsiINS_vs_KOsiCONT,-0.4474432499957833,0.12933249947312073,-3.4596350632562833,5.409079289509685e-4,0.02086792458607101,-0.28720456877686573,0.1496493565125325
ENSG00000155592,ZKSCAN2,KOsiINS_vs_KOsiCONT,-0.5345098259847918,0.09210807390213392,-5.80307244892251,6.511064086475086e-9,1.7340433902560745e-6,-0.48273811822899393,0.09702881550828894
ENSG00000155629,PIK3AP1,KOsiINS_vs_KOsiCONT,-0.43998690250230515,0.13852450388030116,-3.176238789366084,0.0014919808532936518,0.04245719761447521,-0.2501082819364989,0.15471275704350332
ENSG00000155660,PDIA4,KOsiINS_vs_KOsiCONT,-1.4924240445509087,0.09646106634606214,-15.47177634546059,5.380168908907012e-54,2.9612449674624194e-50,-1.4451016065449156,0.09564368924890074
ENSG00000155755,TMEM237,KOsiINS_vs_KOsiCONT,-0.27254787171943845,0.0871789437973939,-3.1263038968772863,0.001770185210162188,0.04842718218772725,-0.18052146167872815,0.09115594106471922
ENSG00000156599,ZDHHC5,KOsiINS_vs_KOsiCONT,-0.46834610915703173,0.09857342232133583,-4.751241238538799,2.021717586470346e-6,2.71403258437385e-4,-0.3951381778372916,0.10917595907577198
ENSG00000156650,KAT6B,KOsiINS_vs_KOsiCONT,-0.41159902458382464,0.1272351992968251,-3.2349462008827556,0.0012166565307604777,0.03681334202579387,-0.2468367257491772,0.14223559935265875
ENSG00000157087,ATP2B2,KOsiINS_vs_KOsiCONT,-0.6636338467031202,0.19627833866516806,-3.3810855095692225,7.22000706084625e-4,0.02554319441421158,-0.35153408249261586,0.23382260869847468
ENSG00000157224,CLDN12,KOsiINS_vs_KOsiCONT,-0.4411901414117106,0.10598203040724938,-4.162876854843992,3.142628730395283e-5,0.002424817083938641,-0.34441348957408474,0.12106386442801706
ENSG00000157542,KCNJ6,KOsiINS_vs_KOsiCONT,-0.2873917279555942,0.08565188324367738,-3.3553462816219954,7.926569520949708e-4,0.02732432482879365,-0.20032766202293073,0.09172043273066957
ENSG00000157764,BRAF,KOsiINS_vs_KOsiCONT,-0.3603391551050718,0.10306278750787047,-3.496307094134769,4.717454478091007e-4,0.01928084364906899,-0.24729173221095818,0.11512626761464194
ENSG00000158156,XKR8,KOsiINS_vs_KOsiCONT,0.4946366919505219,0.11777579269747256,4.199816283309437,2.671316404015107e-5,0.002151647632346217,0.38505269761285893,0.1359270042565729
ENSG00000158161,EYA3,KOsiINS_vs_KOsiCONT,-0.47217062394554604,0.09745030699596345,-4.845245115185775,1.2645546021835594e-6,1.7915930616654537e-4,-0.4019487985035047,0.10738540693727348
ENSG00000158195,WASF2,KOsiINS_vs_KOsiCONT,-0.32368385833109686,0.10030010120360289,-3.2271538557477526,0.0012502821254913434,0.0375357426474783,-0.2097156806562994,0.10821914587945254
ENSG00000158246,TENT5B,KOsiINS_vs_KOsiCONT,0.6905484771414139,0.13793349614650666,5.006387109973235,5.546116400630579e-7,8.80552634684732e-5,0.5837581737721343,0.14896726078968375
ENSG00000159753,CARMIL2,KOsiINS_vs_KOsiCONT,0.45069579136798765,0.13886588670424646,3.2455472115183315,0.001172251250494725,0.035911340720164935,0.26265146304506637,0.15727397803387821
ENSG00000159873,CCDC117,KOsiINS_vs_KOsiCONT,-0.30133465753994176,0.08604474113572803,-3.5020694299563613,4.6165929823431426e-4,0.018962483414042282,-0.2156928688372266,0.09334782836610767
ENSG00000159884,CCDC107,KOsiINS_vs_KOsiCONT,0.5148480623106062,0.14694067809724837,3.503781723192193,4.587011749214298e-4,0.018887964589283414,0.32321088621766775,0.17394050680930023
ENSG00000160200,CBS,KOsiINS_vs_KOsiCONT,0.6192071455554796,0.16574169533977431,3.7359769024088396,1.8698783254240926e-4,0.009431971843596579,0.40659193227779045,0.2014710661730604
ENSG00000160216,AGPAT3,KOsiINS_vs_KOsiCONT,-0.33567711113660315,0.0877164451846639,-3.8268435346407768,1.297969600099675e-4,0.007317098119458378,-0.25332144412283714,0.09703938712699192
ENSG00000160460,SPTBN4,KOsiINS_vs_KOsiCONT,0.3959280426384729,0.1139588730457517,3.474306405956801,5.121758039521607e-4,0.02042764945617893,0.2637970949560082,0.12930570904443636
ENSG00000161021,MAML1,KOsiINS_vs_KOsiCONT,-0.34757244170452056,0.09915609454033589,-3.5053058847848324,4.5608295186515984e-4,0.018887964589283414,-0.24114934926679535,0.11010239921875384
ENSG00000161082,CELF5,KOsiINS_vs_KOsiCONT,-0.77093288591868,0.22967379620695036,-3.356642763130112,7.889497809507404e-4,0.027253428416440642,-0.3660411192462584,0.27120885040355
ENSG00000161270,NPHS1,KOsiINS_vs_KOsiCONT,-0.7893518287328174,0.1747591545667043,-4.516798165394692,6.278169368673462e-6,6.820074514180013e-4,-0.6154946852411458,0.19899269220233537
ENSG00000161509,GRIN2C,KOsiINS_vs_KOsiCONT,1.820275655424254,0.4477878002149273,4.065040750441539,4.8024070351189304e-5,0.003460842999677045,0.6525119142144825,0.5262087026312516
ENSG00000161905,ALOX15,KOsiINS_vs_KOsiCONT,0.7788587847134413,0.16930415542805724,4.600352441109476,4.217767090076446e-6,4.8030186338856744e-4,0.6174268914652493,0.1905623721999619
ENSG00000162390,ACOT11,KOsiINS_vs_KOsiCONT,-0.4835056416712389,0.14781859419828425,-3.2709392501911037,0.0010719093407682853,0.03358513668836039,-0.2776593541954269,0.1693764569281923
ENSG00000162545,CAMK2N1,KOsiINS_vs_KOsiCONT,-0.2910558078761937,0.08836351564313129,-3.293845947140268,9.882664589040064e-4,0.03184947157153863,-0.19875500947473643,0.09443613148876018
ENSG00000162885,B3GALNT2,KOsiINS_vs_KOsiCONT,-0.5169641921085416,0.13588224641744265,-3.804501365986992,1.4209012802365032e-4,0.007846796635205733,-0.3628468119724321,0.16139069958635674
ENSG00000163029,SMC6,KOsiINS_vs_KOsiCONT,-0.5495538122733232,0.13789049722449517,-3.985436439311782,6.735620627768315e-5,0.0044134352303853335,-0.4024039218734164,0.16334481620847002
ENSG00000163132,MSX1,KOsiINS_vs_KOsiCONT,0.5694016379278428,0.14984166405953092,3.800022120026804,1.446831726454019e-4,0.007884516655844475,0.3912630625996161,0.18011059448863287
ENSG00000163291,PAQR3,KOsiINS_vs_KOsiCONT,-0.48608459626501227,0.14834046959967936,-3.2768171597190556,0.0010498432992856201,0.03320946895408552,-0.2793945422785622,0.17022275107371795
ENSG00000163297,ANTXR2,KOsiINS_vs_KOsiCONT,-0.5164160107423726,0.15441930849487495,-3.344245067381014,8.250681952194825e-4,0.028089744411266174,-0.30011285596380266,0.1800450282953129
ENSG00000163344,PMVK,KOsiINS_vs_KOsiCONT,0.33616115943750885,0.10046352789481994,3.346101480623416,8.195639506484949e-4,0.028067160875165757,0.22408456383024974,0.11005896846030444
ENSG00000163393,SLC22A15,KOsiINS_vs_KOsiCONT,-0.47620108023096575,0.12742846843178698,-3.737007013357288,1.8622373136152685e-4,0.009431971843596579,-0.3322971373576024,0.1498445746011213
ENSG00000163462,TRIM46,KOsiINS_vs_KOsiCONT,0.43430093847700285,0.10954334034801967,3.9646493990161966,7.350390002532726e-5,0.00474124183793076,0.3263064384579927,0.12610799749290963
ENSG00000163517,HDAC11,KOsiINS_vs_KOsiCONT,0.6438128031588526,0.12589086726109927,5.114054872809611,3.153156941547346e-7,5.367518290601008e-5,0.5526387878983289,0.13520928686518446
ENSG00000163527,STT3B,KOsiINS_vs_KOsiCONT,-0.2926775186761846,0.08009037524214718,-3.654340709371086,2.578436836379798e-4,0.01206094873719638,-0.21814628552957602,0.08678115236330385
ENSG00000163590,PPM1L,KOsiINS_vs_KOsiCONT,-0.6357989870767328,0.13682067046769772,-4.646951260386054,3.3687671955257135e-6,3.973220280894327e-4,-0.5202114041630498,0.15280966137146204
ENSG00000163703,CRELD1,KOsiINS_vs_KOsiCONT,-0.6347615231232984,0.11081692987849995,-5.728019390351754,1.0160995468144443e-8,2.6215368307812666e-6,-0.5669442325935965,0.11564993586838335
ENSG00000163818,LZTFL1,KOsiINS_vs_KOsiCONT,-0.6005315383405555,0.09263082600570126,-6.483063621861624,8.987857424433608e-11,3.7101875448061933e-8,-0.5534213183672371,0.09518218894990273
ENSG00000163902,RPN1,KOsiINS_vs_KOsiCONT,-0.24584378167251636,0.07530500644155891,-3.2646406034545064,0.0010960304951053868,0.03408221381389858,-0.17439488905582531,0.07865716410073677
ENSG00000163904,SENP2,KOsiINS_vs_KOsiCONT,-0.26972115362794263,0.07778521988810261,-3.4675116174505662,5.253010350571187e-4,0.02064127162914473,-0.19626262088369753,0.08299897617550551
ENSG00000163932,PRKCD,KOsiINS_vs_KOsiCONT,0.2334899105547308,0.07446608862920853,3.1355200045131264,0.0017154972794322077,0.04736837972907126,0.16263516476472445,0.07663541464806037
ENSG00000164010,ERMAP,KOsiINS_vs_KOsiCONT,-0.39950511865333405,0.10639642970728266,-3.7548733519766646,1.7342915013552745e-4,0.008893360642974624,-0.2887661611682058,0.12146425177497895
ENSG00000164124,TMEM144,KOsiINS_vs_KOsiCONT,-0.7136050198601814,0.19725663413399006,-3.6176477561482296,2.972926179778434e-4,0.013635821411250417,-0.4210513164404097,0.2425604467114763
ENSG00000164211,STARD4,KOsiINS_vs_KOsiCONT,-0.4123414300209732,0.09562882105234809,-4.311894944258005,1.618613408170944e-5,0.0014848080330954793,-0.33141515197140137,0.10738958945682668
ENSG00000164307,ERAP1,KOsiINS_vs_KOsiCONT,-0.4182767485213178,0.10195931630680179,-4.102388714168087,4.089065448126189e-5,0.0030142253874758766,-0.3244187388815778,0.11597154538697067
ENSG00000164442,CITED2,KOsiINS_vs_KOsiCONT,0.5542871365794059,0.09040201378733195,6.131358289023847,8.713192745193501e-10,2.997338304346564e-7,0.5066088625324969,0.09411191839605447
ENSG00000164603,BMT2,KOsiINS_vs_KOsiCONT,-0.45632453385072774,0.10599064855469216,-4.305328253702118,1.6673830828692917e-5,0.001504471555428292,-0.364054739982634,0.12050189261336569
ENSG00000164754,RAD21,KOsiINS_vs_KOsiCONT,-0.4308735080048986,0.09314853244846093,-4.625660723568575,3.734061129601504e-6,4.311665550488114e-4,-0.359675530723474,0.10334171426161119
ENSG00000165061,ZMAT4,KOsiINS_vs_KOsiCONT,0.9568986602225941,0.28719696042885384,3.3318551101436285,8.626915820265669e-4,0.028890603154663075,0.3696443025909588,0.32414341847639494
ENSG00000165272,AQP3,KOsiINS_vs_KOsiCONT,0.7489867858501867,0.140648301921742,5.325245848093707,1.0081658850458807e-7,2.0301018407167786e-5,0.645259467399914,0.14861544046198097
ENSG00000165389,SPTSSA,KOsiINS_vs_KOsiCONT,-0.6702556848577653,0.08420459043807828,-7.9598473357655335,1.7225167488956107e-15,1.1850915232401801e-12,-0.633921396527988,0.0851211125602155
ENSG00000165449,SLC16A9,KOsiINS_vs_KOsiCONT,-0.36541933034777907,0.10755826604497684,-3.3974081563845067,6.80274189689382e-4,0.02467083647649173,-0.24217322168029756,0.11985702377291299
ENSG00000165795,NDRG2,KOsiINS_vs_KOsiCONT,1.0218944432078114,0.2714004449457091,3.7652644357758187,1.6637291176343526e-4,0.008693511136195707,0.5414657085865079,0.3398602443243129
ENSG00000165868,HSPA12A,KOsiINS_vs_KOsiCONT,-0.4504744651877909,0.14119585465982373,-3.19042273778573,0.0014206482105269247,0.04086714852303237,-0.25543224156450006,0.1584780646367745
ENSG00000165912,PACSIN3,KOsiINS_vs_KOsiCONT,-0.3049322803079342,0.0974701177441761,-3.1284693951870604,0.0017571930965750511,0.04827749153185898,-0.1946781337393583,0.10328936037743576
ENSG00000165914,TTC7B,KOsiINS_vs_KOsiCONT,-0.2808341239955769,0.08268936417633334,-3.3962544856035413,6.831481237425382e-4,0.024683023674478756,-0.1990085736521232,0.0884513626560481
ENSG00000166016,ABTB2,KOsiINS_vs_KOsiCONT,0.5619627553565041,0.1307823834275921,4.296930065260936,1.7317980191556038e-5,0.001529168389962424,0.44020624674075604,0.1510096462949723
ENSG00000166068,SPRED1,KOsiINS_vs_KOsiCONT,-0.7912120698024947,0.17738848908426752,-4.460334906097731,8.183167569213203e-6,8.606398911009453e-4,-0.6100980475047763,0.20361694143551717
ENSG00000166341,DCHS1,KOsiINS_vs_KOsiCONT,0.6262818589377627,0.16846645029546925,3.717546477885312,2.0116698563437944e-4,0.009974982783167788,0.40673083285787165,0.2050896723772805
ENSG00000166343,MSS51,KOsiINS_vs_KOsiCONT,0.7085460196488961,0.20894239616342358,3.391106987663285,6.961092141807741e-4,0.02493309185369402,0.3642895633303384,0.24954118570576672
ENSG00000166402,TUB,KOsiINS_vs_KOsiCONT,-0.2931600708626905,0.08675654553451198,-3.37911184748672,7.272041610548369e-4,0.025627995234659477,-0.20461711868214788,0.09327745871303089
ENSG00000166446,CDYL2,KOsiINS_vs_KOsiCONT,-0.6888380794424805,0.11126793388825944,-6.190804981911901,5.985773005706946e-10,2.102916678090066e-7,-0.6242787709556094,0.11442436300930824
ENSG00000166598,HSP90B1,KOsiINS_vs_KOsiCONT,-1.292004373884449,0.11755949595617597,-10.990217024799806,4.259007599876378e-28,1.1720788914859793e-24,-1.2280375218690514,0.11595981064729811
ENSG00000166770,ZNF667-AS1,KOsiINS_vs_KOsiCONT,-0.2982560594867606,0.06739734475805545,-4.425338424791764,9.629120620177812e-6,9.754358262599757e-4,-0.24889948015901153,0.07228823601233568
ENSG00000166794,PPIB,KOsiINS_vs_KOsiCONT,-0.41564365293105343,0.0915070895922308,-4.542201645612633,5.566975265123668e-6,6.169254736759866e-4,-0.34416412375738537,0.10161077028975933
ENSG00000166823,MESP1,KOsiINS_vs_KOsiCONT,0.588251381840511,0.1772574446715497,3.3186272256745837,9.046110311071286e-4,0.030054199890625567,0.31845144819380067,0.2078518665523365
ENSG00000166881,NEMP1,KOsiINS_vs_KOsiCONT,-0.35016128342906916,0.10845045888051036,-3.228767190509294,0.0012432505998862813,0.03746130435327104,-0.2213422287232607,0.11836923242557382
ENSG00000166888,STAT6,KOsiINS_vs_KOsiCONT,-1.4018305647281926,0.42848100241127074,-3.2716282795256055,0.0010693006618027376,0.03356709606024107,-0.29289609093662516,0.37116881275078617
ENSG00000166900,STX3,KOsiINS_vs_KOsiCONT,-0.4715281888840288,0.0587794548712775,-8.021989824788939,1.0404576194934432e-15,7.469580962206841e-13,-0.4501119565018446,0.06034546288852983
ENSG00000166902,MRPL16,KOsiINS_vs_KOsiCONT,0.3469323883719714,0.09596877602244859,3.615054841283153,3.0028404825127423e-4,0.01373487591336576,0.24807840501611614,0.10679797835365788
ENSG00000167004,PDIA3,KOsiINS_vs_KOsiCONT,-0.4729398328832292,0.08990910817804863,-5.2601993554052155,1.4389930360178663e-7,2.6400725567474454e-5,-0.4158500944510422,0.09713053456509006
ENSG00000167461,RAB8A,KOsiINS_vs_KOsiCONT,-0.32609403720687413,0.08101015830589393,-4.025347487602046,5.689124284366993e-5,0.0039141175076444915,-0.25605332854764096,0.08885785989057192
ENSG00000167552,TUBA1A,KOsiINS_vs_KOsiCONT,0.3072392621762435,0.08838765113544625,3.476042843421945,5.088709854275015e-4,0.020394363377133264,0.21752254598785178,0.09608904994922676
ENSG00000167711,SERPINF2,KOsiINS_vs_KOsiCONT,1.0984749001913325,0.18152203014007548,6.051468790557654,1.435310946074974e-9,4.492488590785018e-7,0.9498592667365051,0.18421706117666964
ENSG00000168283,BMI1,KOsiINS_vs_KOsiCONT,-0.7537645421327469,0.09360838233246371,-8.05231885597214,8.123992462411601e-16,6.241663247441381e-13,-0.7108562216167318,0.09486426750053531
ENSG00000168522,FNTA,KOsiINS_vs_KOsiCONT,-0.29457639296957294,0.05912136375078396,-4.982571007856137,6.274495385993606e-7,9.682660543320225e-5,-0.25767994881885276,0.06233612397770357
ENSG00000168778,TCTN2,KOsiINS_vs_KOsiCONT,-0.3359708234481769,0.10611994048736209,-3.165953749174859,0.001545753692735015,0.04355543510996684,-0.21030483385856374,0.11435506999112993
ENSG00000168916,ZNF608,KOsiINS_vs_KOsiCONT,-0.47908975770513257,0.11667263234543837,-4.106273665675666,4.020930700950595e-5,0.0029907030510854153,-0.3671897852601128,0.13508378935624496
ENSG00000168917,SLC35G2,KOsiINS_vs_KOsiCONT,0.45177124103627275,0.10314669065367503,4.379890796042486,1.1873879874925118e-5,0.0011533029676162561,0.36476520322928796,0.11659785448477109
ENSG00000169291,SHE,KOsiINS_vs_KOsiCONT,1.9195797248249957,0.5692232525376208,3.372279182671175,7.454883885547514e-4,0.026079458203000117,0.23913560851784854,0.3801406134378569
ENSG00000169359,SLC33A1,KOsiINS_vs_KOsiCONT,-0.2614222925332504,0.08348958892882691,-3.1311963070761712,0.0017409574439016268,0.047991134079638835,-0.1757344088855641,0.08693577326034341
ENSG00000169504,CLIC4,KOsiINS_vs_KOsiCONT,0.3766354748748289,0.10993360900255972,3.426026656380027,6.124802702235045e-4,0.022726458925686532,0.2500238246828864,0.12334778361141031
ENSG00000169554,ZEB2,KOsiINS_vs_KOsiCONT,-0.5157901802111002,0.16125456869755708,-3.1986081658157333,0.0013809271856382469,0.040250990934219376,-0.27670381264249627,0.18330779963849256
ENSG00000169684,CHRNA5,KOsiINS_vs_KOsiCONT,-0.37441426783189485,0.10758889507146864,-3.4800456644078435,5.013283263884514e-4,0.020190081281283193,-0.2533621352779216,0.12091759626596568
ENSG00000170044,ZPLD1,KOsiINS_vs_KOsiCONT,-0.4527391879161575,0.10321643852320425,-4.38630894839853,1.1529033682339784e-5,0.0011331393104928246,-0.36584429871696483,0.11665339651515408
ENSG00000170191,NANP,KOsiINS_vs_KOsiCONT,-0.2703359263476813,0.0822267379968706,-3.2876888094231562,0.0010101342864884707,0.03219947514612904,-0.1880673924962784,0.08700084584663144
ENSG00000170348,TMED10,KOsiINS_vs_KOsiCONT,-0.22443267193115746,0.061365555735138556,-3.6573069247484216,2.5487911533209366e-4,0.01199021069049439,-0.17541913755421787,0.06434520329646991
ENSG00000170542,SERPINB9,KOsiINS_vs_KOsiCONT,-0.37055124262954053,0.11638308841761832,-3.1838925024904707,0.001453089641064658,0.04158304359317094,-0.225707035497693,0.12738425605486153
ENSG00000170915,PAQR8,KOsiINS_vs_KOsiCONT,0.45389550481383933,0.1284700100527744,3.533085306270179,4.1073991411244413e-4,0.01752223504356786,0.29851797646238004,0.14955796305015287
ENSG00000171055,FEZ2,KOsiINS_vs_KOsiCONT,-0.6666572365215567,0.09115219501357909,-7.313671781817693,2.5993962573852536e-13,1.5329011072123322e-10,-0.6237381750302345,0.09247897645008105
ENSG00000171234,UGT2B7,KOsiINS_vs_KOsiCONT,-0.6397413700001509,0.16136189017536096,-3.964637308753066,7.350762539427535e-5,0.00474124183793076,-0.4528003451012095,0.194269025883989
ENSG00000171303,KCNK3,KOsiINS_vs_KOsiCONT,0.8649975172282279,0.1579038058252848,5.478002969639113,4.3015291602091575e-8,9.598222904509946e-6,0.7429899817344477,0.16544403465001428
ENSG00000171314,PGAM1,KOsiINS_vs_KOsiCONT,0.23168476141303634,0.0703254665909572,3.2944646177836736,9.860935813637034e-4,0.03184947157153863,0.16803384458952383,0.07307907955339427
ENSG00000171517,LPAR3,KOsiINS_vs_KOsiCONT,-2.1440051378153866,0.5369324955589186,-3.993062732371207,6.522530328809253e-5,0.004342742773762031,-0.5153207126197938,0.5593148858728788
ENSG00000171700,RGS19,KOsiINS_vs_KOsiCONT,1.4493289147242736,0.3906196329936705,3.7103329999487205,2.0698680184848736e-4,0.010141739086416093,0.5003406982354196,0.44384951952681123
ENSG00000171812,COL8A2,KOsiINS_vs_KOsiCONT,-0.9827057107553909,0.21078717108447265,-4.662075522430979,3.1303626731129516e-6,3.772886748791318e-4,-0.7545459637425955,0.23648821435203216
ENSG00000172071,EIF2AK3,KOsiINS_vs_KOsiCONT,-0.6350619842808464,0.12737244388530947,-4.985866368809552,6.168476968645437e-7,9.608857708139006e-5,-0.5396413249112004,0.13810336428778844
ENSG00000172201,ID4,KOsiINS_vs_KOsiCONT,0.3334108229504581,0.0955133300925807,3.4907255628851415,4.8171079165145353e-4,0.019591154166868966,0.23257362899137343,0.10525743491654461
ENSG00000172795,DCP2,KOsiINS_vs_KOsiCONT,-0.6857646340736913,0.11744418393501668,-5.839068492767026,5.2493487454599025e-9,1.444620774750565e-6,-0.6127378923313795,0.12180299793488361
ENSG00000172818,OVOL1,KOsiINS_vs_KOsiCONT,0.9773537347870359,0.19097539644661618,5.117694493490621,3.0929305428390046e-7,5.367518290601008e-5,0.8010442057126841,0.20348103455445885
ENSG00000173320,STOX2,KOsiINS_vs_KOsiCONT,-0.8600393907438132,0.22158703972568394,-3.8812711781722804,1.0391189396663874e-4,0.006149796391315909,-0.5376699040897596,0.2760597206135963
ENSG00000173567,ADGRF3,KOsiINS_vs_KOsiCONT,-0.5651166885779081,0.17216812619763858,-3.2823537147008754,0.001029443837255718,0.03268880123224311,-0.30510553050343064,0.20009741552953714
ENSG00000173950,XXYLT1,KOsiINS_vs_KOsiCONT,-0.3208558053461983,0.0850034714688047,-3.77462002200638,1.602517400840641e-4,0.008477526629725386,-0.24127278080423706,0.09340417052201287
ENSG00000174611,KY,KOsiINS_vs_KOsiCONT,-1.0854063948277664,0.23942943634750005,-4.533303888551293,5.806817888561215e-6,6.392145131728185e-4,-0.7890022076157538,0.2748607080902218
ENSG00000174684,B4GAT1,KOsiINS_vs_KOsiCONT,0.2825389664980868,0.08228672192093955,3.4335912271429168,5.956417268542111e-4,0.022352809531401664,0.20179741938990325,0.08823613061997429
ENSG00000174749,FAM241A,KOsiINS_vs_KOsiCONT,0.5366029207389005,0.11423723050510975,4.697268293062292,2.636640219935466e-6,3.273398745231159e-4,0.44751387710077967,0.12723296021948757
ENSG00000175029,CTBP2,KOsiINS_vs_KOsiCONT,-0.262518801855463,0.06584823166522606,-3.9867251590006956,6.699155211561341e-5,0.0044134352303853335,-0.21054574984458904,0.070383630652543
ENSG00000175087,PDIK1L,KOsiINS_vs_KOsiCONT,-0.6045210769874033,0.10782949287976418,-5.606268385788271,2.0673530826233404e-8,5.0442676722946935e-6,-0.5381039170812001,0.1133446631649315
ENSG00000175197,DDIT3,KOsiINS_vs_KOsiCONT,-0.8875098773316873,0.12656136479132007,-7.01248662097673,2.341192547396684e-12,1.2699337369179607e-9,-0.813363963306543,0.1290812147231889
ENSG00000175567,UCP2,KOsiINS_vs_KOsiCONT,0.4072149512143427,0.10901403270792481,3.7354360819342487,1.8739017353535805e-4,0.009431971843596579,0.2919261774882295,0.12490095654753819
ENSG00000175893,ZDHHC21,KOsiINS_vs_KOsiCONT,-0.5823984465245999,0.12491326358988343,-4.662422786716523,3.1250835154010336e-6,3.772886748791318e-4,-0.4810945484106063,0.1394205297974508
ENSG00000175906,ARL4D,KOsiINS_vs_KOsiCONT,0.5028049426736036,0.1412622988430115,3.559371090459061,3.717439483214821e-4,0.016153252828116613,0.32531928240528035,0.16715150401530982
ENSG00000176349,AC104129.1,KOsiINS_vs_KOsiCONT,-0.6921015359546729,0.16124170817232678,-4.2923232692064435,1.768132713368973e-5,0.0015529472001674725,-0.526977154958768,0.1881241561547895
ENSG00000176381,PRR18,KOsiINS_vs_KOsiCONT,-0.5365071332599406,0.11936180125305512,-4.494797561931133,6.963616339127634e-6,7.418273096237129e-4,-0.4358889689548586,0.1351385068437989
ENSG00000176410,DNAJC30,KOsiINS_vs_KOsiCONT,0.4028735325440796,0.10660569629342169,3.779099490473847,1.5739653235258147e-4,0.008384065505075776,0.29261361204163655,0.12184714413565381
ENSG00000176422,SPRYD4,KOsiINS_vs_KOsiCONT,0.26611647436149793,0.08355721335606144,3.184841423893575,0.0014483334912114504,0.041518893414728246,0.1807252060714457,0.0875856320816493
ENSG00000176438,SYNE3,KOsiINS_vs_KOsiCONT,-0.7277292254894268,0.15960967263716985,-4.55943060007225,5.129250360485658e-6,5.72257986164454e-4,-0.5786589705877583,0.18025296564061155
ENSG00000176840,MIR7-3HG,KOsiINS_vs_KOsiCONT,0.4223832734826834,0.13233109290729778,3.191867188602278,0.001413563132909858,0.040734300960920726,0.24593393551235582,0.14749720835106475
ENSG00000176853,FAM91A1,KOsiINS_vs_KOsiCONT,-0.4642888392370875,0.11071294069127822,-4.193627559146421,2.74528585133425e-5,0.0022004932027782104,-0.3629601379755321,0.12701356655569362
ENSG00000177030,DEAF1,KOsiINS_vs_KOsiCONT,0.38523376514458735,0.11058185847133757,3.4836976920987324,4.945377388958851e-4,0.02001423319766876,0.2592068125182267,0.1249268376898809
ENSG00000177054,ZDHHC13,KOsiINS_vs_KOsiCONT,-0.22384676329137856,0.0706809881537853,-3.1670010442460192,0.0015401976534007184,0.043473066073423355,-0.15904943226235913,0.07258325331794331
ENSG00000177103,DSCAML1,KOsiINS_vs_KOsiCONT,-0.8138594017943958,0.21216997332860305,-3.83588398031192,1.2511346390772893e-4,0.00710524698704307,-0.5091755152481997,0.2637747745873789
ENSG00000177125,ZBTB34,KOsiINS_vs_KOsiCONT,-0.9326911551466807,0.10636863271377739,-8.768479309651537,1.8109544451565164e-18,1.868904987401525e-15,-0.8822847770825765,0.10747662894180476
ENSG00000177272,KCNA3,KOsiINS_vs_KOsiCONT,-0.8354105889247242,0.18964363745890092,-4.405160120944064,1.0570576823948658e-5,0.0010578264516184258,-0.6301772436153151,0.22009487286499752
ENSG00000177311,ZBTB38,KOsiINS_vs_KOsiCONT,-0.40935305561826635,0.11995773380483615,-3.41247740045055,6.437526452437635e-4,0.02356905471899118,-0.2644670139536836,0.13639314283905613
ENSG00000177380,PPFIA3,KOsiINS_vs_KOsiCONT,0.4742610114287694,0.10229009645151911,4.636431364140396,3.544758249926594e-6,4.15113817182893e-4,0.39500203851652976,0.11414706231282941
ENSG00000177556,ATOX1,KOsiINS_vs_KOsiCONT,0.40576640260728525,0.11559151693010303,3.5103475876404313,4.475212791049058e-4,0.018721010718521097,0.2720397142063612,0.1319319386396847
ENSG00000178473,UCN3,KOsiINS_vs_KOsiCONT,0.4073205032404003,0.11805516093924204,3.45025579567869,5.600556122118134e-4,0.02149299245144771,0.2671823095488919,0.13443909718096933
ENSG00000178573,MAF,KOsiINS_vs_KOsiCONT,-0.2974673013965731,0.08727195329679038,-3.408509723449872,6.531875729538266e-4,0.02386157788631324,-0.20850248526497872,0.09416191213223461
ENSG00000178773,CPNE7,KOsiINS_vs_KOsiCONT,1.3926323534182632,0.22997648096826268,6.055542495279984,1.399452229292795e-9,4.492488590785018e-7,1.148470329249295,0.2256175851020184
ENSG00000178951,ZBTB7A,KOsiINS_vs_KOsiCONT,-0.45156486571664717,0.08978498570895889,-5.029402880125304,4.920096313573079e-7,7.887439837836767e-5,-0.3908695945219769,0.09790463193990165
ENSG00000178980,SELENOW,KOsiINS_vs_KOsiCONT,0.5798604486486141,0.10213476329288193,5.677405321690565,1.367531722280888e-8,3.421315727015458e-6,0.5190901334013355,0.1073795819098514
ENSG00000179104,TMTC2,KOsiINS_vs_KOsiCONT,-0.8289026055408284,0.15237580085029895,-5.4398572536802,5.332327880601856e-8,1.1145240248670614e-5,-0.7131456825063252,0.1600000380417474
ENSG00000179218,CALR,KOsiINS_vs_KOsiCONT,-0.4692487773449708,0.07723184528816164,-6.0758457291049455,1.233359405744324e-9,4.0730461015300554e-7,-0.4292554891550271,0.08142824181669706
ENSG00000179387,ELMOD2,KOsiINS_vs_KOsiCONT,-0.5514828910348322,0.11729250870800877,-4.701774197768325,2.57910623771693e-6,3.2508551295558737e-4,-0.45943242492634206,0.1305626629174904
ENSG00000179523,EIF3J-DT,KOsiINS_vs_KOsiCONT,-0.2888263769122182,0.08679915977987081,-3.327525031863253,8.762111679403987e-4,0.029169352429499723,-0.19954072719284754,0.09286501634754635
ENSG00000179833,SERTAD2,KOsiINS_vs_KOsiCONT,-0.3944858104566677,0.09152338855484209,-4.310218586588785,1.6309325505030765e-5,0.0014878429985583867,-0.3178910815358912,0.10217069828026254
ENSG00000179846,NKPD1,KOsiINS_vs_KOsiCONT,1.5367081588618892,0.3932160886114809,3.908050060434433,9.304403025569266e-5,0.005607091341540135,0.6040358858658377,0.4686442118423819
ENSG00000179912,R3HDM2,KOsiINS_vs_KOsiCONT,-0.2751469097222625,0.0881897686546487,-3.119941393652345,0.0018088702536345688,0.0488839044648347,-0.18131673786649402,0.0922535974585119
ENSG00000180190,TDRP,KOsiINS_vs_KOsiCONT,0.42344035241563616,0.12600621015738903,3.360472090119485,7.780939181946825e-4,0.02699135877569453,0.265421290141654,0.1434486877651911
ENSG00000180901,KCTD2,KOsiINS_vs_KOsiCONT,0.29902692477479903,0.08533592762365128,3.504115243154892,4.581270544734614e-4,0.018887964589283414,0.21451301458879196,0.09247880356410089
ENSG00000180979,LRRC57,KOsiINS_vs_KOsiCONT,-0.39798058092522387,0.09279592685785466,-4.288772087322894,1.796636132315519e-5,0.0015696325828991455,-0.31952983954052744,0.10382871577559451
ENSG00000180998,GPR137C,KOsiINS_vs_KOsiCONT,0.49250328484714306,0.1346572558182666,3.6574582027115228,2.5472878136158656e-4,0.01199021069049439,0.3323826893145438,0.15919810976515955
ENSG00000181458,TMEM45A,KOsiINS_vs_KOsiCONT,-0.5323545930936495,0.129712802883548,-4.104102149204041,4.0588810654167774e-5,0.003005392114446719,-0.40315681458763997,0.15180411552171125
ENSG00000182534,MXRA7,KOsiINS_vs_KOsiCONT,0.2510410011115681,0.07156727524692634,3.5077624549126556,4.518923601508922e-4,0.01884254204750387,0.18710343677786154,0.07577518182185271
ENSG00000182568,SATB1,KOsiINS_vs_KOsiCONT,-0.4845723238074138,0.1498000174720703,-3.2347948417146255,0.0012173016440215271,0.03681334202579387,-0.2728017239717763,0.1706638566535593
ENSG00000182871,COL18A1,KOsiINS_vs_KOsiCONT,-0.6866580627086416,0.2095937415513064,-3.2761381977646256,0.0010523705219507105,0.0332251282188339,-0.3312698102085479,0.2435892976174561
ENSG00000183023,SLC8A1,KOsiINS_vs_KOsiCONT,-0.5190259229759667,0.12500306068691033,-4.152105717442776,3.294300083389127e-5,0.0025067042846507494,-0.3983352082210303,0.14541232632043719
ENSG00000183354,KIAA2026,KOsiINS_vs_KOsiCONT,-0.34013210196832827,0.10330829989801281,-3.29239860015227,9.933671184194765e-4,0.03184947157153863,-0.22197162836340897,0.11293131616639426
ENSG00000183722,LHFPL6,KOsiINS_vs_KOsiCONT,-0.5721799380248526,0.14101069074282724,-4.057706086046937,4.955708061282757e-5,0.0034969509191410636,-0.4243587635213938,0.16670681082865535
ENSG00000183831,ANKRD45,KOsiINS_vs_KOsiCONT,-0.6819692781873823,0.19588042924517998,-3.481559034842494,4.985038818324638e-4,0.020125418329627488,-0.3796279493183534,0.23729196548356224
ENSG00000183837,PNMA3,KOsiINS_vs_KOsiCONT,0.3417331662670982,0.08315239023213758,4.109721504253545,3.96136574389518e-5,0.002959731726841503,0.2705350857249862,0.09161519441531195
ENSG00000184164,CRELD2,KOsiINS_vs_KOsiCONT,-0.8458715028586743,0.10046595229193304,-8.419484248760702,3.7814529474662495e-17,3.672903004033101e-14,-0.7990270596225842,0.10187643980886213
ENSG00000184384,MAML2,KOsiINS_vs_KOsiCONT,-0.5643823034102852,0.15055879721966367,-3.7485840338300354,1.7783575290701833e-4,0.009063036888891008,-0.3815132412238414,0.18107600753369824
ENSG00000184524,CEND1,KOsiINS_vs_KOsiCONT,-0.8918308566553921,0.26349933730113967,-3.384565842896846,7.129091826179405e-4,0.025369733671093606,-0.3870004206093303,0.30856004479568133
ENSG00000184588,PDE4B,KOsiINS_vs_KOsiCONT,-1.1893613854258949,0.32082347415983026,-3.707214344401027,2.0955157494764476e-4,0.010206830694795015,-0.5265462628734573,0.39085174850065174
ENSG00000184979,USP18,KOsiINS_vs_KOsiCONT,-0.6691724429579199,0.09613250104525858,-6.960938659474569,3.3801293631299094e-12,1.6912938195151838e-9,-0.6212641180755802,0.09782353264179906
ENSG00000185386,MAPK11,KOsiINS_vs_KOsiCONT,0.5080617061745284,0.12910293700848346,3.9353226033978084,8.308501582650667e-5,0.005158666775824165,0.3714304655569851,0.15209613483820306
ENSG00000185880,TRIM69,KOsiINS_vs_KOsiCONT,-0.3453761093947121,0.10797265858015348,-3.1987367351737683,0.0013803115349612482,0.040250990934219376,-0.21684483428859494,0.11723353974254053
ENSG00000186862,PDZD7,KOsiINS_vs_KOsiCONT,-0.971067931473657,0.2519307189616269,-3.8545038710486366,1.1596454885286636e-4,0.006752103149207071,-0.5634441654940483,0.31634581159540454
ENSG00000186951,PPARA,KOsiINS_vs_KOsiCONT,-0.5468908221775927,0.1402946892121434,-3.898157693985296,9.692729186157405e-5,0.005777846365409065,-0.39099806257233427,0.16705722151456562
ENSG00000187068,C3orf70,KOsiINS_vs_KOsiCONT,-0.5574481608378088,0.13937995118882499,-3.9994859811839505,6.348020770555363e-5,0.004259742772859564,-0.4088181103632688,0.16516996391366476
ENSG00000187398,LUZP2,KOsiINS_vs_KOsiCONT,-0.6749009732300034,0.1943645488271745,-3.4723460492279044,5.159308277301054e-4,0.02047848516221034,-0.3754871743671753,0.235061859370214
ENSG00000187800,PEAR1,KOsiINS_vs_KOsiCONT,-1.4386441540557042,0.2731435189412317,-5.266989894661335,1.38678837532037e-7,2.5728819835157246e-5,-1.0881676524164394,0.27715763618132166
ENSG00000187801,ZFP69B,KOsiINS_vs_KOsiCONT,-0.5364611883964742,0.1363749115279469,-3.9337234567997412,8.364000861602793e-5,0.005158666775824165,-0.38876146943200574,0.16169668313921215
ENSG00000187866,FAM122A,KOsiINS_vs_KOsiCONT,-0.28400996728772693,0.07552679079759324,-3.760387066476248,1.6965065172631395e-4,0.008781415552679925,-0.21724065827170083,0.08155018454786858
ENSG00000187867,PALM3,KOsiINS_vs_KOsiCONT,1.2026531397631843,0.24202734018686,4.9690796867604385,6.727142185972347e-7,1.0285052942108833e-4,0.9236915975015801,0.25819934026374797
ENSG00000188070,C11orf95,KOsiINS_vs_KOsiCONT,-0.35231190107415705,0.07942850050114422,-4.435585449193791,9.182239959690106e-6,9.359083099654508e-4,-0.29065019914963014,0.08680568901925002
ENSG00000188130,MAPK12,KOsiINS_vs_KOsiCONT,0.46106437678708556,0.13153398933609003,3.505286953693722,4.561153862148201e-4,0.018887964589283414,0.2988397829605613,0.15330679158586885
ENSG00000188176,SMTNL2,KOsiINS_vs_KOsiCONT,0.6138841386301346,0.18401495025780917,3.336055781174675,8.497611165946801e-4,0.028576895228536372,0.3289400432691958,0.21687232567982262
ENSG00000188177,ZC3H6,KOsiINS_vs_KOsiCONT,-0.3599727982828158,0.11171124529656862,-3.2223505997732613,0.001271434528413309,0.03796370150661946,-0.2249226075392556,0.12233652793183558
ENSG00000188803,SHISA6,KOsiINS_vs_KOsiCONT,1.5794019934319745,0.387939296312218,4.071260654555742,4.6759391251585625e-5,0.003386364334851675,0.7002199654852709,0.47398313093757727
ENSG00000189043,NDUFA4,KOsiINS_vs_KOsiCONT,0.3674462454004543,0.11616513486787657,3.1631370791105162,0.0015607882057538118,0.04390414796151097,0.222558622107454,0.1266520351920739
ENSG00000189067,LITAF,KOsiINS_vs_KOsiCONT,0.5545011623730216,0.16535376822722947,3.353423198744555,7.9818561820773e-4,0.02745758526634591,0.3146180532107142,0.19428337860038172
ENSG00000189159,JPT1,KOsiINS_vs_KOsiCONT,0.3983941903612323,0.09783450421878671,4.072123567676142,4.658645204940972e-5,0.003386364334851675,0.30868052641252197,0.11059818171700668
ENSG00000189409,MMP23B,KOsiINS_vs_KOsiCONT,-1.4056611738559406,0.2991552501344184,-4.6987681921822855,2.61735321925715e-6,3.273398745231159e-4,-0.9606652180128964,0.3332013554520038
ENSG00000196155,PLEKHG4,KOsiINS_vs_KOsiCONT,0.6558386821918928,0.1502720162833634,4.364343398142723,1.2750515109340827e-5,0.0012288343134995348,0.5109271891806847,0.17331207670572155
ENSG00000196169,KIF19,KOsiINS_vs_KOsiCONT,0.5029438030944032,0.10877827881755889,4.623568313099826,3.7719444128119133e-6,4.325162926690994e-4,0.41719453478650315,0.12174145473390534
ENSG00000196361,ELAVL3,KOsiINS_vs_KOsiCONT,-0.31055824152277417,0.07612988314731119,-4.07932113755967,4.516740617096463e-5,0.0033146853808665245,-0.24728914450824768,0.08282842387892961
ENSG00000196465,MYL6B,KOsiINS_vs_KOsiCONT,0.3788801761741414,0.1149686603604565,3.295508314929077,9.824379609458956e-4,0.03184947157153863,0.23953753129716643,0.1278489854355348
ENSG00000196482,ESRRG,KOsiINS_vs_KOsiCONT,-0.9862243298867017,0.14124505005179602,-6.9823638387684595,2.9025423639257153e-12,1.497711859785669e-9,-0.8966854819133422,0.14336203188369692
ENSG00000196511,TPK1,KOsiINS_vs_KOsiCONT,-0.6067760894109617,0.11860932551593316,-5.115753645605645,3.1249070211681126e-7,5.367518290601008e-5,-0.5230795888771865,0.1277173820740287
ENSG00000196549,MME,KOsiINS_vs_KOsiCONT,-0.5882803394116409,0.118439557772425,-4.9669244843178895,6.802306094842821e-7,1.0304557636517859e-4,-0.5017082370269177,0.1289914961599531
ENSG00000196700,ZNF512B,KOsiINS_vs_KOsiCONT,0.36210941776842465,0.0743134568639128,4.872730095594138,1.100665473369483e-6,1.5803641996762525e-4,0.3111594922176945,0.08008075636033522
ENSG00000196739,COL27A1,KOsiINS_vs_KOsiCONT,-0.380786873481631,0.09590495401417093,-3.9704609359946708,7.173371735714462e-5,0.004663256460634535,-0.29079868672680015,0.10802679864108232
ENSG00000196741,LINC01560,KOsiINS_vs_KOsiCONT,-0.45385790278682,0.10219891074931109,-4.440927006552068,8.95721765870745e-6,9.186433414942695e-4,-0.36953810072477394,0.1151321493772787
ENSG00000196911,KPNA5,KOsiINS_vs_KOsiCONT,-0.44716285756289054,0.13543228798419568,-3.301744836615862,9.608543580547769e-4,0.0314170834855455,-0.26839618003803234,0.1544164913049515
ENSG00000196932,TMEM26,KOsiINS_vs_KOsiCONT,-1.111156495934776,0.13466924671844324,-8.251004019187112,1.5706926812251673e-16,1.3650146080205244e-13,-1.0314839965352962,0.1343526188494472
ENSG00000196975,ANXA4,KOsiINS_vs_KOsiCONT,-0.30415144041325504,0.08996103217599873,-3.380924307518134,7.22424405973644e-4,0.02554319441421158,-0.21041143682674282,0.09724766346902516
ENSG00000197045,GMFB,KOsiINS_vs_KOsiCONT,-0.48382933959522434,0.11354729921792643,-4.261037848787857,2.0347976605159287e-5,0.0017141815054074166,-0.38157018567960405,0.13020649599305784
ENSG00000197128,ZNF772,KOsiINS_vs_KOsiCONT,-0.4932360226292676,0.14567414967087136,-3.3858857164682927,7.094892397397198e-4,0.02533296881785115,-0.29756991500991065,0.16982862696013457
ENSG00000197279,ZNF165,KOsiINS_vs_KOsiCONT,-0.5486814502572519,0.15026863128588241,-3.6513372455852,2.6087840158263475e-4,0.012168429850091709,-0.3598643240980424,0.18024403153548932
ENSG00000197457,STMN3,KOsiINS_vs_KOsiCONT,0.3963601393927172,0.11402396520885912,3.4761125756914293,5.087386858345255e-4,0.020394363377133264,0.26417564727515375,0.12941539063221044
ENSG00000198363,ASPH,KOsiINS_vs_KOsiCONT,-0.42312149371016095,0.11553425910200071,-3.662303259647023,2.49957706758922e-4,0.011826079237831862,-0.29507461411751423,0.13328930446494314
ENSG00000198551,ZNF627,KOsiINS_vs_KOsiCONT,-0.4745453213743875,0.12476235641444199,-3.8035937682839087,1.4261197618363524e-4,0.007849363169147283,-0.3380535310909246,0.146429638584626
ENSG00000198729,PPP1R14C,KOsiINS_vs_KOsiCONT,-0.4758156226867068,0.09824693912538174,-4.84305798147539,1.2785595887572441e-6,1.7915930616654537e-4,-0.40488187687753513,0.10829653378544978
ENSG00000198758,EPS8L3,KOsiINS_vs_KOsiCONT,0.3722189217350624,0.11637842851897302,3.1983497841645114,0.0013821652046815884,0.040250990934219376,0.2277218475809775,0.12769407907230637
ENSG00000198843,SELENOT,KOsiINS_vs_KOsiCONT,-0.6103577363352795,0.07427389318199644,-8.217661821492166,2.075091344890464e-16,1.7131954143415673e-13,-0.581243155622089,0.07501162700201236
ENSG00000203499,IQANK1,KOsiINS_vs_KOsiCONT,-0.5104710461219606,0.13591997625235747,-3.755673449899582,1.7287598352459406e-4,0.008892611339433323,-0.35356813649284463,0.16138016169277278
ENSG00000203618,GP1BB,KOsiINS_vs_KOsiCONT,24.22975585875556,4.687267645879095,5.169270818161543,2.3500913540523678e-7,4.2179030910992066e-5,19.366545065177352,8.820872638833709
ENSG00000203666,EFCAB2,KOsiINS_vs_KOsiCONT,0.3565875510930994,0.09685667581811452,3.681600138360406,2.3177472087010777e-4,0.011125186601765173,0.25796084611138764,0.10836613138863489
ENSG00000204178,MACO1,KOsiINS_vs_KOsiCONT,-0.2859956576643506,0.06737229168342028,-4.245004148118233,2.1858937725977278e-5,0.0018046738986566841,-0.23482297847027628,0.07232369434632029
ENSG00000204209,DAXX,KOsiINS_vs_KOsiCONT,0.2949069973984243,0.08514482756558504,3.4635926318749592,5.330130388278015e-4,0.02064127162914473,0.21010126452761002,0.0919600620365937
ENSG00000204472,AIF1,KOsiINS_vs_KOsiCONT,2.017478224285805,0.5039788810905962,4.003100725014585,6.251766915407465e-5,0.004213435726824819,0.5566574481534446,0.5487606648904626
ENSG00000204962,PCDHA8,KOsiINS_vs_KOsiCONT,-0.5521112766771376,0.1339792335879273,-4.120872032864709,3.7744103924769916e-5,0.0028458020274237483,-0.417829911891589,0.15705938360544078
ENSG00000205208,C4orf46,KOsiINS_vs_KOsiCONT,-0.3897690578074476,0.08768592036294087,-4.4450586387661115,8.786789736866697e-6,9.124998247493264e-4,-0.3199737617995368,0.09708964240593575
ENSG00000205356,TECPR1,KOsiINS_vs_KOsiCONT,-0.2334088000584231,0.07437823647430501,-3.1381330228104747,0.0017002769477957743,0.04726426424579769,-0.16270533721340646,0.07655793329386486
ENSG00000205659,LIN52,KOsiINS_vs_KOsiCONT,-0.23511793643891712,0.07531345278680243,-3.1218584162445686,0.0017971334395429173,0.048728418026557405,-0.1628487778285829,0.07747888974542472
ENSG00000205978,NYNRIN,KOsiINS_vs_KOsiCONT,0.8025458840941928,0.1289851523279897,6.222002064651908,4.908505760044915e-10,1.7619401545622097e-7,0.7211584649551346,0.13264752929577367
ENSG00000213463,SYNJ2BP,KOsiINS_vs_KOsiCONT,-0.3007840068685552,0.08351696193343433,-3.6014720830995937,3.164204051942869e-4,0.014275228772043895,-0.2204887745595666,0.09079000386522935
ENSG00000213553,RPLP0P6,KOsiINS_vs_KOsiCONT,-0.6082456945105814,0.17502081564818409,-3.475276310751739,5.103274056037142e-4,0.020403210947526704,-0.3550423645652032,0.21034261155212017
ENSG00000213853,EMP2,KOsiINS_vs_KOsiCONT,-0.4246471652780349,0.09005313120939494,-4.7155180455705565,2.410965228100098e-6,3.0860354919681255e-4,-0.35800744946973706,0.099316825164163125
ENSG00000214562,NUTM2D,KOsiINS_vs_KOsiCONT,-0.4294995992125844,0.12108186612827625,-3.5471835126621274,3.893732662219289e-4,0.01669956200482205,-0.28771009936395536,0.13975195893185116
ENSG00000214575,CPEB1,KOsiINS_vs_KOsiCONT,0.7321283242453379,0.2227246201768021,3.2871459098871223,0.001012083793655582,0.03219947514612904,0.3412106209342664,0.25870812293578815
ENSG00000215105,TTC3P1,KOsiINS_vs_KOsiCONT,-0.5543386072983121,0.1401426413495093,-3.9555313212330367,7.636474197496284e-5,0.0048684734343265885,-0.402025103900408,0.16651210558996896
ENSG00000215218,UBE2QL1,KOsiINS_vs_KOsiCONT,0.4495176872628516,0.1324602820209111,3.393603579916036,6.897946662116353e-4,0.024868754429009873,0.28048069488133653,0.15261262384148713
ENSG00000215256,DHRS4-AS1,KOsiINS_vs_KOsiCONT,-0.4439335809797422,0.10934856111603238,-4.059802675489014,4.9114204344545236e-5,0.003486826851372583,-0.3395649214966889,0.12572242598734962
ENSG00000215271,HOMEZ,KOsiINS_vs_KOsiCONT,-0.47323027158132913,0.11812034672653238,-4.00634001419699,6.166686065041925e-5,0.0041789401920176595,-0.35536487640577197,0.13737883567232556
ENSG00000215644,GCGR,KOsiINS_vs_KOsiCONT,1.6725229519772848,0.5180959343222564,3.2282109184376906,0.0012456709095529201,0.037465424514640834,0.23071648593333102,0.35580219176229766
ENSG00000215883,CYB5RL,KOsiINS_vs_KOsiCONT,-0.3460563910525779,0.10560764981834786,-3.2768117806599975,0.0010498632990572094,0.03320946895408552,-0.22344667678052185,0.1155977137643157
ENSG00000217442,SYCE3,KOsiINS_vs_KOsiCONT,1.431817403544714,0.43158388950980664,3.317587700437506,9.079840559287101e-4,0.030105688215853136,0.30619186344377236,0.38115279583442513
ENSG00000219438,FAM19A5,KOsiINS_vs_KOsiCONT,-0.5509790358261731,0.1400745558112702,-3.9334698056693185,8.37283609448205e-5,0.005158666775824165,-0.3974959460851412,0.16657055167802884
ENSG00000223572,CKMT1A,KOsiINS_vs_KOsiCONT,0.3869147340919499,0.09055635759164372,4.272640203095506,1.9317201726037433e-5,0.0016699771460750266,0.31052319032279213,0.10099342263901677
ENSG00000223764,LINC02593,KOsiINS_vs_KOsiCONT,1.5741781307127607,0.3883364688742387,4.053644859253619,5.042575047363807e-5,0.0035382254943702794,0.6898327848272123,0.47374609233752446
ENSG00000223802,CERS1,KOsiINS_vs_KOsiCONT,0.5243457962131772,0.15837317952834745,3.310824457617988,9.30215428485616e-4,0.03065811807416066,0.297544366533578,0.18402095454631656
ENSG00000225439,BOLA3-AS1,KOsiINS_vs_KOsiCONT,-0.4795465385578161,0.11264813267144887,-4.257030517820196,2.0716008649646852e-5,0.0017275895698129738,-0.3781863155075077,0.1291080281259473
ENSG00000225663,MCRIP1,KOsiINS_vs_KOsiCONT,0.5875967702659387,0.14497915167172076,4.052974262095601,5.057056787011785e-5,0.0035382254943702794,0.43346906827743503,0.17185877935886945
ENSG00000227403,LINC01806,KOsiINS_vs_KOsiCONT,-0.5690928520957779,0.1649643120397614,-3.4497937466535746,5.610150040318534e-4,0.02149299245144771,-0.3364640610509264,0.1966101047560424
ENSG00000233369,GTF2IP4,KOsiINS_vs_KOsiCONT,0.30370824348971137,0.07303505760530372,4.158389867110291,3.204986882191743e-5,0.002450034416608799,0.24513908266364115,0.07908098454588848
ENSG00000233393,AP000688.2,KOsiINS_vs_KOsiCONT,-0.7314018118694822,0.21073208646786568,-3.470766242240063,5.189755714065416e-4,0.020549939172817305,-0.3898832142096673,0.25543341090473365
ENSG00000233864,TTTY15,KOsiINS_vs_KOsiCONT,-0.5412534920187222,0.11405145086767068,-4.745695805717692,2.077907925352916e-6,2.766969005115109e-4,-0.45365219870778445,0.12655217907273603
ENSG00000235217,TSPY26P,KOsiINS_vs_KOsiCONT,0.3182743057733281,0.08784621139998655,3.6230851701064575,2.911099137707185e-4,0.013389434251203633,0.23189328804471734,0.09636305450650864
ENSG00000235437,LINC01278,KOsiINS_vs_KOsiCONT,-0.34500457685850106,0.09060652485542843,-3.8077233114170266,1.40252070095682e-4,0.007790844188628727,-0.25827246218932143,0.10072158145488164
ENSG00000235501,AC105942.1,KOsiINS_vs_KOsiCONT,-0.6242348847789276,0.14959842941024962,-4.172736887945955,3.009624239590925e-5,0.0023664245449583504,-0.4700338237770436,0.1759988339324003
ENSG00000235961,PNMA6A,KOsiINS_vs_KOsiCONT,0.5466111927604143,0.16616133252365886,3.289641365162891,0.0010031515170376274,0.03210084854520408,0.30102733857589836,0.19300101853536689
ENSG00000236609,ZNF853,KOsiINS_vs_KOsiCONT,0.5085143232571575,0.16002069184683224,3.177803553954726,0.0014839525879589174,0.042392777045636064,0.2713097423894494,0.1809382281114639
ENSG00000237036,ZEB1-AS1,KOsiINS_vs_KOsiCONT,-0.5381457113504133,0.1466802700723034,-3.6688350184052982,2.4365824799298772e-4,0.011594481241672085,-0.357157930173251,0.1755301071375276
ENSG00000237289,CKMT1B,KOsiINS_vs_KOsiCONT,0.36485756753695603,0.1133056712631266,3.2201174351604824,0.0012813809342690683,0.0380542481774296,0.22674557946986224,0.12429420183140175
ENSG00000237975,FLG-AS1,KOsiINS_vs_KOsiCONT,0.4695639401104039,0.13073556740844952,3.591707669293794,3.2851824011910014e-4,0.014688103960586302,0.3129382302573787,0.15330244106760188
ENSG00000240891,PLCXD2,KOsiINS_vs_KOsiCONT,-0.7161614549192585,0.12979745059656866,-5.51753098098362,3.437954909705871e-8,7.776371434118266e-6,-0.62719437061468,0.13600662890156237
ENSG00000241015,TPM3P9,KOsiINS_vs_KOsiCONT,-0.2734971232259166,0.07266568630831564,-3.76377265695237,1.6736905367889372e-4,0.008717974177747298,-0.21061159917561476,0.07808592270055828
ENSG00000241484,ARHGAP8,KOsiINS_vs_KOsiCONT,2.4209597966140395,0.7156161448625309,3.3830424508925847,7.168755042132609e-4,0.025456017904450245,0.17577313091666785,0.354573679405135
ENSG00000242114,MTFP1,KOsiINS_vs_KOsiCONT,0.6984644649010522,0.19332957693786915,3.612817427958887,3.028879726262842e-4,0.01381570774587073,0.4148253807232992,0.23730774530551074
ENSG00000243232,PCDHAC2,KOsiINS_vs_KOsiCONT,-0.8042084596368699,0.16606327790759673,-4.842783243652211,1.2803293439711939e-6,1.7915930616654537e-4,-0.6568876199358819,0.18185130478590647
ENSG00000247400,DNAJC3-DT,KOsiINS_vs_KOsiCONT,-0.819983249736492,0.12393277977625494,-6.616354859601056,3.6816399269179975e-11,1.5587497044428197e-8,-0.7461474753656528,0.1268544850710035
ENSG00000248487,ABHD14A,KOsiINS_vs_KOsiCONT,0.4649232227100778,0.1454415552448733,3.1966326400134255,0.001390418830256799,0.040420062896479335,0.2610099266612677,0.16393725952798027
ENSG00000248672,LY75-CD302,KOsiINS_vs_KOsiCONT,21.156484999748642,4.87621719663086,4.3387085001805,1.4332247262103803e-5,0.0013295172291677415,2.6738323953173317,6.906683457169262
ENSG00000249158,PCDHA11,KOsiINS_vs_KOsiCONT,-0.5845349396449054,0.14356379848330614,-4.071604024275495,4.66905026229763e-5,0.003386364334851675,-0.4336512927948065,0.16981874797122032
ENSG00000249592,AC139887.2,KOsiINS_vs_KOsiCONT,-0.6025980696188795,0.15392452667251855,-3.914893114473786,9.044426549076214e-5,0.00553116930290172,-0.42510607573962306,0.18497286413523867
ENSG00000249624,AP000295.1,KOsiINS_vs_KOsiCONT,10.513338503652355,2.524666495860166,4.164248434750353,3.1237983463867986e-5,0.002421603675846893,0.6923850258248199,2.5776517705340365
ENSG00000249715,FER1L5,KOsiINS_vs_KOsiCONT,-1.184847160304993,0.17033223938480874,-6.956094539614589,3.4983514637490823e-12,1.6989640991007308e-9,-1.055391469851162,0.16942460279907048
ENSG00000249896,LINC02495,KOsiINS_vs_KOsiCONT,0.547688534555466,0.1431205842772169,3.8267628470173274,1.2983949545792786e-4,0.007317098119458378,0.3828653226738207,0.17106684708313158
ENSG00000250462,LRRC37BP1,KOsiINS_vs_KOsiCONT,-0.5168091532257186,0.09793705431084805,-5.276952189978966,1.3135013739563587e-7,2.4673408778440265e-5,-0.45409172710993956,0.10545728044561502
ENSG00000250506,CDK3,KOsiINS_vs_KOsiCONT,1.964564476898119,0.6218664843937249,3.1591419158300966,0.001582344177629925,0.04443480792691381,0.17128410414535655,0.32154667857747493
ENSG00000251664,PCDHA12,KOsiINS_vs_KOsiCONT,-0.7110223816241937,0.12259350943613098,-5.799837078606707,6.6379379551149355e-9,1.7397719288072667e-6,-0.6325724923763898,0.12721163859161233
ENSG00000253352,TUG1,KOsiINS_vs_KOsiCONT,-0.34081019555058384,0.10045806915286186,-3.3925616769718174,6.924234159155038e-4,0.024909140399993025,-0.22970622145917416,0.11061585594149662
ENSG00000254647,INS,KOsiINS_vs_KOsiCONT,-2.9963050288833872,0.16020120428045365,-18.70338642172723,4.645834390280857e-78,7.67120174523175e-74,-2.98300191015929,0.16012371761144298
ENSG00000254996,ANKHD1-EIF4EBP3,KOsiINS_vs_KOsiCONT,-0.5087065411585103,0.1416527413701693,-3.5912227058786663,3.291302365199208e-4,0.014688103960586302,-0.33231165267562734,0.16805883199473154
ENSG00000256029,SNHG28,KOsiINS_vs_KOsiCONT,-1.017114272687579,0.3132956730592627,-3.2464995853778764,0.0011683361823966376,0.035857931308054425,-0.3354001735932198,0.3309521386175212
ENSG00000256925,ADGRA1-AS1,KOsiINS_vs_KOsiCONT,-0.8707631619319287,0.18684819896453644,-4.6602705659325006,3.1579399307903674e-6,3.7785437780587356e-4,-0.6846596317190565,0.20928643137763275
ENSG00000257218,GATC,KOsiINS_vs_KOsiCONT,-0.35132593173927146,0.0752495509093568,-4.668811009416753,3.029478996196951e-6,3.705389421126226e-4,-0.2970152765886028,0.08144174143260172
ENSG00000258128,MKRN9P,KOsiINS_vs_KOsiCONT,-0.3757252373722089,0.11665519982712066,-3.220818599848287,0.0012782502722009093,0.038029672963209755,-0.23124239446573389,0.12852185861985085
ENSG00000259623,AC125257.1,KOsiINS_vs_KOsiCONT,0.3757473749735249,0.11962072004685037,3.141156271475047,0.0016828221420030823,0.04685794133010943,0.2235818599498686,0.13039060251798734
ENSG00000259953,AL138756.1,KOsiINS_vs_KOsiCONT,0.64815308552769,0.14101106970557148,4.596469531654654,4.2970977584925255e-6,4.859840971796478e-4,0.52560207954245175,0.1583142171434483
ENSG00000260802,SERTM2,KOsiINS_vs_KOsiCONT,-0.8383922589051286,0.23855206343624058,-3.5145043259255284,4.4057549592979996e-4,0.018510897172500908,-0.4241269705813772,0.2909531174913291
ENSG00000261713,SSTR5-AS1,KOsiINS_vs_KOsiCONT,0.8317389043231402,0.15676526129713886,5.305632749507115,1.1228281805681951e-7,2.181192813828475e-5,0.7082636105735005,0.16568653202419725
ENSG00000261801,LOXL1-AS1,KOsiINS_vs_KOsiCONT,-0.40340321457360717,0.11768221845492582,-3.4279028715635325,6.082630411158143e-4,0.022620809312847576,-0.26315880888090565,0.13361533022647712
ENSG00000264727,AC005725.1,KOsiINS_vs_KOsiCONT,4.941615194930652,1.3059040233246122,3.7840569495682614,1.5429249399689286e-4,0.008298624302529952,0.149109460165514,0.606201941292566
ENSG00000265763,ZNF488,KOsiINS_vs_KOsiCONT,-0.39254689384945374,0.11444040571544475,-3.4301424518322556,6.032644483012845e-4,0.022536431154639842,-0.25814732064228,0.129351411152691
ENSG00000265972,TXNIP,KOsiINS_vs_KOsiCONT,-0.9345328933553091,0.2214855852167684,-4.219384717252275,2.449699453474349e-5,0.001992583121959037,-0.6506459722893712,0.2668918724467778
ENSG00000267106,ZNF561-AS1,KOsiINS_vs_KOsiCONT,-0.5874151357039331,0.15895146995159837,-3.695562777008633,2.194002589057136e-4,0.010623862390179305,-0.3850386149919613,0.19220842956668224
ENSG00000270076,AF131215.7,KOsiINS_vs_KOsiCONT,1.1204905686411297,0.35857689706215096,3.124826439799658,0.0017790999701829077,0.04854202299651786,0.2807299482263575,0.33026220913936594
ENSG00000271614,ATP2B1-AS1,KOsiINS_vs_KOsiCONT,-0.4426707408712951,0.12425424163852852,-3.562620760738944,3.6717091553699474e-4,0.0160389580882192,-0.29603606676667527,0.1442137122138977
ENSG00000271698,AC233992.2,KOsiINS_vs_KOsiCONT,1.3954073948445385,0.4077332960541879,3.422353308764581,6.208158647368619e-4,0.022932688050414016,0.3592336733936162,0.3996987230602491
ENSG00000272720,AL022322.1,KOsiINS_vs_KOsiCONT,0.8862250936508751,0.2833532888315506,3.127632988857677,0.0017622007694361548,0.0483346496759631,0.3011214422439448,0.2951482994091548
ENSG00000273156,AC124016.2,KOsiINS_vs_KOsiCONT,1.0986329098521017,0.28532958744901815,3.850399531553671,1.1792529759883242e-4,0.00680833046836336,0.5862532061171478,0.3581285697404704
ENSG00000273312,AL121749.1,KOsiINS_vs_KOsiCONT,1.5212991161278728,0.4493498453031805,3.3855561140817536,7.103418460916353e-4,0.02533296881785115,0.31827349240099095,0.3967933863649206
ENSG00000275055,AC011468.5,KOsiINS_vs_KOsiCONT,-0.6684857914965809,0.19892292796005076,-3.360526603704684,7.779403820610423e-4,0.02699135877569453,-0.3479237952855348,0.2360468137818214
ENSG00000276547,PCDHGB5,KOsiINS_vs_KOsiCONT,-0.7044618921058722,0.17353913065692605,-4.05938354905408,4.920243800689267e-5,0.003486826851372583,-0.5028636707577105,0.20874240103221994
ENSG00000277053,GTF2IP1,KOsiINS_vs_KOsiCONT,0.26033506859662603,0.07084849452069979,3.6745321175535213,2.3828567026160986e-4,0.011371598229363301,0.19895225580017722,0.07562006687118544
ENSG00000285238,AC006064.6,KOsiINS_vs_KOsiCONT,22.10946446439154,2.47421613063207,8.935947102868251,4.0370509691074126e-19,4.44398570679344e-16,21.64060654223488,2.4478412150067475
