"collection","pathway","pval","padj","log2err","ES","NES","size","leadingEdge"
"REACTOME","REACTOME_TRANSLATION",3.88293073272598e-32,5.48269819460908e-29,1.47456250139425,0.599084555061643,2.58379533434835,368,"ENSG00000166902;ENSG00000101210;ENSG00000102738;ENSG00000143374;ENSG00000115211;ENSG00000162910;ENSG00000163584;ENSG00000125445;ENSG00000177954;ENSG00000178952;ENSG00000181610;ENSG00000214026;ENSG00000062582;ENSG00000100804;ENSG00000104835;ENSG00000136930;ENSG00000144029;ENSG00000143947;ENSG00000096080;ENSG00000108826;ENSG00000143436;ENSG00000233927;ENSG00000141002;ENSG00000161960;ENSG00000143314;ENSG00000277791;ENSG00000083845;ENSG00000171421;ENSG00000197958;ENSG00000170445;ENSG00000142541;ENSG00000061794;ENSG00000175756;ENSG00000170889;ENSG00000112306;ENSG00000137818;ENSG00000262814;ENSG00000124614;ENSG00000108107;ENSG00000087191;ENSG00000177600;ENSG00000105372;ENSG00000133706;ENSG00000041357;ENSG00000008018;ENSG00000185627;ENSG00000130255;ENSG00000167526;ENSG00000105364;ENSG00000175390;ENSG00000132591;ENSG00000070010;ENSG00000112031;ENSG00000167862;ENSG00000213741;ENSG00000134001;ENSG00000100764;ENSG00000242485;ENSG00000145191;ENSG00000198918;ENSG00000174748;ENSG00000149273;ENSG00000172590;ENSG00000070756;ENSG00000179271;ENSG00000134056;ENSG00000111639;ENSG00000105193;ENSG00000114391;ENSG00000183617;ENSG00000101182;ENSG00000105640;ENSG00000168028;ENSG00000130706;ENSG00000116221;ENSG00000259494;ENSG00000126067;ENSG00000204316;ENSG00000197756;ENSG00000186468;ENSG00000137547;ENSG00000142676;ENSG00000161016;ENSG00000116120;ENSG00000106591;ENSG00000103035;ENSG00000166441;ENSG00000204822;ENSG00000155463;ENSG00000137411;ENSG00000231500;ENSG00000104529;ENSG00000109475;ENSG00000138326;ENSG00000114902;ENSG00000145425;ENSG00000156928;ENSG00000169288;ENSG00000165502;ENSG00000118181;ENSG00000115268;ENSG00000122026;ENSG00000103671;ENSG00000103707;ENSG00000198242;ENSG00000185608;ENSG00000198755;ENSG00000149806;ENSG00000163319;ENSG00000188846;ENSG00000065427;ENSG00000110700;ENSG00000174444;ENSG00000063177;ENSG00000198034;ENSG00000114686;ENSG00000221983;ENSG00000114942;ENSG00000197728;ENSG00000164587;ENSG00000108298;ENSG00000106263;ENSG00000136942;ENSG00000130312;ENSG00000243927;ENSG00000104131;ENSG00000084623;ENSG00000100387;ENSG00000142507;ENSG00000106588;ENSG00000165916;ENSG00000099341;ENSG00000074071;ENSG00000158042;ENSG00000182154;ENSG00000100316;ENSG00000174547;ENSG00000182774;ENSG00000172172;ENSG00000089009;ENSG00000265681;ENSG00000100325;ENSG00000197170;ENSG00000187840;ENSG00000163682;ENSG00000124608;ENSG00000204394;ENSG00000090263;ENSG00000134419;ENSG00000129824;ENSG00000172809;ENSG00000179115;ENSG00000144713;ENSG00000140988;ENSG00000182180;ENSG00000171863;ENSG00000128626;ENSG00000158417;ENSG00000100519;ENSG00000116898;ENSG00000103363;ENSG00000180817;ENSG00000142937;ENSG00000180992;ENSG00000008988;ENSG00000149100;ENSG00000131469;ENSG00000132432;ENSG00000116874;ENSG00000130811;ENSG00000145592;ENSG00000132676;ENSG00000106305;ENSG00000229117;ENSG00000109332;ENSG00000162244;ENSG00000125901;ENSG00000071082;ENSG00000142534;ENSG00000156482;ENSG00000167962;ENSG00000170315;ENSG00000115233;ENSG00000163516;ENSG00000148303;ENSG00000070785;ENSG00000197345;ENSG00000135900;ENSG00000127922;ENSG00000147403;ENSG00000171858;ENSG00000159377;ENSG00000122406;ENSG00000178982;ENSG00000241343;ENSG00000180879;ENSG00000112651;ENSG00000086504;ENSG00000004779;ENSG00000189369;ENSG00000147604;ENSG00000172586;ENSG00000147586;ENSG00000175110;ENSG00000136522;ENSG00000123297;ENSG00000164062;ENSG00000211459;ENSG00000136897;ENSG00000243147;ENSG00000138777;ENSG00000173692;ENSG00000100567;ENSG00000150991;ENSG00000173141;ENSG00000147677;ENSG00000159111;ENSG00000181991;ENSG00000148187;ENSG00000072401;ENSG00000198015;ENSG00000100353;ENSG00000182899;ENSG00000161970"
"REACTOME","REACTOME_RRNA_PROCESSING",6.33098630274599e-29,4.46967632973867e-26,1.39518713415833,0.674847540841116,2.75067616308261,210,"ENSG00000120800;ENSG00000071462;ENSG00000108592;ENSG00000163584;ENSG00000167112;ENSG00000177954;ENSG00000143947;ENSG00000130826;ENSG00000278053;ENSG00000278619;ENSG00000233927;ENSG00000138442;ENSG00000227057;ENSG00000083845;ENSG00000189306;ENSG00000197958;ENSG00000124541;ENSG00000142541;ENSG00000170889;ENSG00000112306;ENSG00000137818;ENSG00000126749;ENSG00000124614;ENSG00000108107;ENSG00000261236;ENSG00000177600;ENSG00000105372;ENSG00000130255;ENSG00000100138;ENSG00000167526;ENSG00000160214;ENSG00000112578;ENSG00000241370;ENSG00000156990;ENSG00000213741;ENSG00000198918;ENSG00000100029;ENSG00000174748;ENSG00000105671;ENSG00000149273;ENSG00000145912;ENSG00000130713;ENSG00000124784;ENSG00000105193;ENSG00000141456;ENSG00000114391;ENSG00000101361;ENSG00000167721;ENSG00000105640;ENSG00000168028;ENSG00000183751;ENSG00000197756;ENSG00000186468;ENSG00000142676;ENSG00000161016;ENSG00000111641;ENSG00000171824;ENSG00000114767;ENSG00000241945;ENSG00000166441;ENSG00000006744;ENSG00000231500;ENSG00000109475;ENSG00000138326;ENSG00000072506;ENSG00000145425;ENSG00000165502;ENSG00000118181;ENSG00000109534;ENSG00000115268;ENSG00000165271;ENSG00000122026;ENSG00000198242;ENSG00000198755;ENSG00000149806;ENSG00000184967;ENSG00000188846;ENSG00000110700;ENSG00000174444;ENSG00000063177;ENSG00000198034;ENSG00000221983;ENSG00000183520;ENSG00000162408;ENSG00000197728;ENSG00000077348;ENSG00000164587;ENSG00000150990;ENSG00000108298;ENSG00000136942;ENSG00000182117;ENSG00000115053;ENSG00000100316;ENSG00000120158;ENSG00000182774;ENSG00000135521;ENSG00000089009;ENSG00000265681;ENSG00000163682;ENSG00000115946;ENSG00000134419;ENSG00000129824;ENSG00000172809;ENSG00000144713;ENSG00000140988;ENSG00000007520;ENSG00000178896;ENSG00000171863;ENSG00000086189;ENSG00000156697;ENSG00000142937;ENSG00000065268;ENSG00000008988;ENSG00000131469;ENSG00000145592;ENSG00000229117;ENSG00000162244;ENSG00000071082;ENSG00000142534;ENSG00000156482;ENSG00000163684;ENSG00000108651;ENSG00000274523;ENSG00000165526;ENSG00000148303;ENSG00000147403;ENSG00000171858;ENSG00000122406;ENSG00000171861;ENSG00000241343;ENSG00000141076;ENSG00000117395;ENSG00000147604;ENSG00000165733;ENSG00000130935;ENSG00000075914;ENSG00000211459;ENSG00000124787;ENSG00000178718;ENSG00000087269;ENSG00000011260;ENSG00000122687;ENSG00000135372;ENSG00000182899;ENSG00000001497;ENSG00000055044;ENSG00000161970;ENSG00000105202;ENSG00000137154;ENSG00000156469;ENSG00000197223;ENSG00000029639;ENSG00000173113;ENSG00000124383"
"REACTOME","REACTOME_RIBOSOME_ASSOCIATED_QUALITY_CONTROL",1.72545470887934e-26,8.12114016312544e-24,1.33449749081658,0.723140654030424,2.81262744728106,143,"ENSG00000163584;ENSG00000177954;ENSG00000100804;ENSG00000136930;ENSG00000143947;ENSG00000233927;ENSG00000141002;ENSG00000277791;ENSG00000083845;ENSG00000197958;ENSG00000142541;ENSG00000170889;ENSG00000112306;ENSG00000137818;ENSG00000124614;ENSG00000108107;ENSG00000087191;ENSG00000177600;ENSG00000105372;ENSG00000041357;ENSG00000008018;ENSG00000185627;ENSG00000130255;ENSG00000167526;ENSG00000070010;ENSG00000213741;ENSG00000100764;ENSG00000198918;ENSG00000174748;ENSG00000149273;ENSG00000105193;ENSG00000114391;ENSG00000101182;ENSG00000105640;ENSG00000168028;ENSG00000130706;ENSG00000126067;ENSG00000197756;ENSG00000186468;ENSG00000142676;ENSG00000161016;ENSG00000103035;ENSG00000166441;ENSG00000231500;ENSG00000109475;ENSG00000138326;ENSG00000145425;ENSG00000165502;ENSG00000118181;ENSG00000115268;ENSG00000122026;ENSG00000103671;ENSG00000198242;ENSG00000198755;ENSG00000149806;ENSG00000188846;ENSG00000110700;ENSG00000174444;ENSG00000063177;ENSG00000198034;ENSG00000221983;ENSG00000197728;ENSG00000164587;ENSG00000108298;ENSG00000136942;ENSG00000100387;ENSG00000142507;ENSG00000106588;ENSG00000165916;ENSG00000099341;ENSG00000100316;ENSG00000182774;ENSG00000089009;ENSG00000265681;ENSG00000100325;ENSG00000197170;ENSG00000163682;ENSG00000134419;ENSG00000129824;ENSG00000172809;ENSG00000144713;ENSG00000140988;ENSG00000171863;ENSG00000100519;ENSG00000103363;ENSG00000142937;ENSG00000008988;ENSG00000131469;ENSG00000145592;ENSG00000229117;ENSG00000109332;ENSG00000162244;ENSG00000071082;ENSG00000142534;ENSG00000156482;ENSG00000167962;ENSG00000170315;ENSG00000115233;ENSG00000163516;ENSG00000148303;ENSG00000127922;ENSG00000147403;ENSG00000171858;ENSG00000159377;ENSG00000122406;ENSG00000241343"
"REACTOME","REACTOME_EUKARYOTIC_TRANSLATION_INITIATION",1.90440415897031e-24,6.7225466811652e-22,1.27903397725049,0.739584983835924,2.79928168681934,118,"ENSG00000115211;ENSG00000163584;ENSG00000177954;ENSG00000143947;ENSG00000233927;ENSG00000161960;ENSG00000083845;ENSG00000197958;ENSG00000142541;ENSG00000170889;ENSG00000112306;ENSG00000137818;ENSG00000124614;ENSG00000108107;ENSG00000177600;ENSG00000105372;ENSG00000130255;ENSG00000167526;ENSG00000175390;ENSG00000213741;ENSG00000134001;ENSG00000145191;ENSG00000198918;ENSG00000174748;ENSG00000149273;ENSG00000070756;ENSG00000105193;ENSG00000114391;ENSG00000105640;ENSG00000168028;ENSG00000197756;ENSG00000186468;ENSG00000142676;ENSG00000161016;ENSG00000166441;ENSG00000231500;ENSG00000109475;ENSG00000138326;ENSG00000145425;ENSG00000165502;ENSG00000118181;ENSG00000115268;ENSG00000122026;ENSG00000198242;ENSG00000198755;ENSG00000149806;ENSG00000188846;ENSG00000110700;ENSG00000174444;ENSG00000063177;ENSG00000198034;ENSG00000221983;ENSG00000197728;ENSG00000164587;ENSG00000108298;ENSG00000106263;ENSG00000136942;ENSG00000104131;ENSG00000084623;ENSG00000100316;ENSG00000182774;ENSG00000089009;ENSG00000265681;ENSG00000187840;ENSG00000163682;ENSG00000134419;ENSG00000129824;ENSG00000172809;ENSG00000144713;ENSG00000140988;ENSG00000171863;ENSG00000158417;ENSG00000142937;ENSG00000008988;ENSG00000149100;ENSG00000131469;ENSG00000130811;ENSG00000145592;ENSG00000229117;ENSG00000162244;ENSG00000071082;ENSG00000142534;ENSG00000156482;ENSG00000148303;ENSG00000070785;ENSG00000147403;ENSG00000171858;ENSG00000122406;ENSG00000178982;ENSG00000241343"
"REACTOME","REACTOME_EUKARYOTIC_TRANSLATION_ELONGATION",3.76596882087302e-22,1.06350959501454e-19,1.22105375677186,0.771417234622321,2.81007599329386,92,"ENSG00000101210;ENSG00000163584;ENSG00000177954;ENSG00000143947;ENSG00000233927;ENSG00000083845;ENSG00000197958;ENSG00000142541;ENSG00000170889;ENSG00000112306;ENSG00000137818;ENSG00000124614;ENSG00000108107;ENSG00000177600;ENSG00000105372;ENSG00000130255;ENSG00000167526;ENSG00000213741;ENSG00000198918;ENSG00000174748;ENSG00000149273;ENSG00000105193;ENSG00000114391;ENSG00000105640;ENSG00000168028;ENSG00000197756;ENSG00000186468;ENSG00000142676;ENSG00000161016;ENSG00000166441;ENSG00000231500;ENSG00000104529;ENSG00000109475;ENSG00000138326;ENSG00000145425;ENSG00000165502;ENSG00000118181;ENSG00000115268;ENSG00000122026;ENSG00000198242;ENSG00000198755;ENSG00000149806;ENSG00000188846;ENSG00000110700;ENSG00000174444;ENSG00000063177;ENSG00000198034;ENSG00000221983;ENSG00000114942;ENSG00000197728;ENSG00000164587;ENSG00000108298;ENSG00000136942;ENSG00000100316;ENSG00000182774;ENSG00000089009;ENSG00000265681;ENSG00000163682;ENSG00000134419;ENSG00000129824;ENSG00000172809;ENSG00000144713;ENSG00000140988;ENSG00000171863;ENSG00000142937;ENSG00000008988;ENSG00000131469;ENSG00000145592;ENSG00000229117;ENSG00000162244;ENSG00000071082;ENSG00000142534;ENSG00000156482;ENSG00000148303;ENSG00000147403;ENSG00000171858;ENSG00000122406;ENSG00000241343"
"REACTOME","REACTOME_REGULATION_OF_EXPRESSION_OF_SLITS_AND_ROBOS",1.57338076793756e-21,3.70268940721306e-19,1.20397524075264,0.674823392450774,2.65296095189175,156,"ENSG00000163584;ENSG00000177954;ENSG00000100804;ENSG00000136930;ENSG00000143947;ENSG00000233927;ENSG00000187122;ENSG00000277791;ENSG00000083845;ENSG00000197958;ENSG00000142541;ENSG00000170889;ENSG00000112306;ENSG00000137818;ENSG00000124614;ENSG00000108107;ENSG00000087191;ENSG00000177600;ENSG00000105372;ENSG00000041357;ENSG00000008018;ENSG00000185627;ENSG00000130255;ENSG00000167526;ENSG00000213741;ENSG00000100764;ENSG00000198918;ENSG00000174748;ENSG00000149273;ENSG00000070756;ENSG00000105193;ENSG00000114391;ENSG00000101182;ENSG00000105640;ENSG00000168028;ENSG00000130706;ENSG00000126067;ENSG00000197756;ENSG00000186468;ENSG00000141543;ENSG00000142676;ENSG00000161016;ENSG00000103035;ENSG00000166441;ENSG00000231500;ENSG00000109475;ENSG00000138326;ENSG00000145425;ENSG00000165502;ENSG00000118181;ENSG00000115268;ENSG00000122026;ENSG00000198242;ENSG00000198755;ENSG00000149806;ENSG00000188846;ENSG00000110700;ENSG00000174444;ENSG00000063177;ENSG00000198034;ENSG00000221983;ENSG00000197728;ENSG00000164587;ENSG00000108298;ENSG00000136942;ENSG00000143355;ENSG00000100387;ENSG00000142507;ENSG00000106588;ENSG00000165916;ENSG00000099341;ENSG00000100316;ENSG00000182774;ENSG00000089009;ENSG00000265681;ENSG00000197170;ENSG00000163682;ENSG00000134419;ENSG00000129824;ENSG00000172809;ENSG00000144713;ENSG00000140988;ENSG00000169062;ENSG00000171863;ENSG00000100519;ENSG00000103363;ENSG00000142937;ENSG00000008988;ENSG00000131469;ENSG00000145592;ENSG00000229117;ENSG00000162244;ENSG00000071082;ENSG00000142534;ENSG00000156482;ENSG00000170315;ENSG00000115233;ENSG00000148303;ENSG00000145147;ENSG00000127922;ENSG00000147403;ENSG00000171858;ENSG00000159377;ENSG00000122406;ENSG00000241343;ENSG00000162385"
"REACTOME","REACTOME_NONSENSE_MEDIATED_DECAY_NMD",3.14452126144533e-21,6.34294860165829e-19,1.19534448258848,0.720076510816673,2.70877908235421,114,"ENSG00000163584;ENSG00000177954;ENSG00000143947;ENSG00000233927;ENSG00000083845;ENSG00000197958;ENSG00000142541;ENSG00000170889;ENSG00000112306;ENSG00000137818;ENSG00000124614;ENSG00000108107;ENSG00000177600;ENSG00000105372;ENSG00000130255;ENSG00000167526;ENSG00000213741;ENSG00000198918;ENSG00000174748;ENSG00000149273;ENSG00000070756;ENSG00000105193;ENSG00000114391;ENSG00000105640;ENSG00000168028;ENSG00000197756;ENSG00000186468;ENSG00000141543;ENSG00000142676;ENSG00000161016;ENSG00000166441;ENSG00000231500;ENSG00000109475;ENSG00000138326;ENSG00000145425;ENSG00000165502;ENSG00000118181;ENSG00000115268;ENSG00000122026;ENSG00000198242;ENSG00000198755;ENSG00000149806;ENSG00000188846;ENSG00000110700;ENSG00000174444;ENSG00000063177;ENSG00000198034;ENSG00000221983;ENSG00000197728;ENSG00000164587;ENSG00000108298;ENSG00000136942;ENSG00000100316;ENSG00000182774;ENSG00000089009;ENSG00000265681;ENSG00000163682;ENSG00000134419;ENSG00000129824;ENSG00000172809;ENSG00000144713;ENSG00000113575;ENSG00000140988;ENSG00000169062;ENSG00000171863;ENSG00000142937;ENSG00000008988;ENSG00000131469;ENSG00000145592;ENSG00000229117;ENSG00000162244;ENSG00000105568;ENSG00000071082;ENSG00000142534;ENSG00000156482;ENSG00000148303;ENSG00000147403;ENSG00000171858;ENSG00000122406;ENSG00000241343;ENSG00000162385;ENSG00000189369;ENSG00000147604"
"REACTOME","REACTOME_SELENOAMINO_ACID_METABOLISM",2.98495285851288e-19,5.26844179527523e-17,1.13308993200902,0.704021678776589,2.65282269109341,115,"ENSG00000160200;ENSG00000163584;ENSG00000177954;ENSG00000151224;ENSG00000143947;ENSG00000233927;ENSG00000083845;ENSG00000197958;ENSG00000142541;ENSG00000101444;ENSG00000170889;ENSG00000112306;ENSG00000137818;ENSG00000124614;ENSG00000108107;ENSG00000177600;ENSG00000105372;ENSG00000133706;ENSG00000130255;ENSG00000167526;ENSG00000213741;ENSG00000198918;ENSG00000174748;ENSG00000149273;ENSG00000105193;ENSG00000114391;ENSG00000105640;ENSG00000168028;ENSG00000197756;ENSG00000186468;ENSG00000142676;ENSG00000161016;ENSG00000166441;ENSG00000231500;ENSG00000109475;ENSG00000138326;ENSG00000145425;ENSG00000165502;ENSG00000118181;ENSG00000115268;ENSG00000179988;ENSG00000122026;ENSG00000198242;ENSG00000198755;ENSG00000149806;ENSG00000188846;ENSG00000065427;ENSG00000110700;ENSG00000174444;ENSG00000063177;ENSG00000198034;ENSG00000221983;ENSG00000197728;ENSG00000164587;ENSG00000108298;ENSG00000136942;ENSG00000100316;ENSG00000182774;ENSG00000089009;ENSG00000265681;ENSG00000163682;ENSG00000134419;ENSG00000129824;ENSG00000172809;ENSG00000144713;ENSG00000132330;ENSG00000140988;ENSG00000171863;ENSG00000142937;ENSG00000008988;ENSG00000131469;ENSG00000145592;ENSG00000106305;ENSG00000229117;ENSG00000162244;ENSG00000071082;ENSG00000142534;ENSG00000156482;ENSG00000148303;ENSG00000147403;ENSG00000171858;ENSG00000122406;ENSG00000241343"
"REACTOME","REACTOME_SIGNALING_BY_ROBO_RECEPTORS",7.16851005360658e-18,1.12465957729917e-15,1.0864405425825,0.596354559275273,2.41982275848811,201,"ENSG00000108518;ENSG00000163584;ENSG00000177954;ENSG00000100804;ENSG00000136930;ENSG00000143947;ENSG00000233927;ENSG00000187122;ENSG00000277791;ENSG00000083845;ENSG00000197958;ENSG00000142541;ENSG00000170889;ENSG00000112306;ENSG00000137818;ENSG00000124614;ENSG00000108107;ENSG00000087191;ENSG00000177600;ENSG00000105372;ENSG00000125753;ENSG00000137843;ENSG00000041357;ENSG00000008018;ENSG00000185627;ENSG00000130255;ENSG00000167526;ENSG00000213741;ENSG00000100764;ENSG00000198918;ENSG00000174748;ENSG00000149273;ENSG00000070756;ENSG00000105193;ENSG00000114391;ENSG00000101182;ENSG00000105640;ENSG00000107562;ENSG00000168028;ENSG00000130706;ENSG00000126067;ENSG00000197756;ENSG00000186468;ENSG00000141543;ENSG00000142676;ENSG00000147799;ENSG00000161016;ENSG00000103035;ENSG00000166441;ENSG00000231500;ENSG00000109475;ENSG00000138326;ENSG00000145425;ENSG00000165502;ENSG00000118181;ENSG00000115268;ENSG00000122026;ENSG00000198242;ENSG00000198755;ENSG00000149806;ENSG00000188846;ENSG00000110700;ENSG00000174444;ENSG00000063177;ENSG00000198034;ENSG00000221983;ENSG00000197728;ENSG00000164587;ENSG00000108298;ENSG00000136942;ENSG00000143355;ENSG00000100387;ENSG00000142507;ENSG00000106588;ENSG00000165916;ENSG00000099341;ENSG00000196405;ENSG00000100316;ENSG00000182774;ENSG00000089009;ENSG00000265681;ENSG00000197170;ENSG00000163682;ENSG00000149269;ENSG00000134419;ENSG00000129824;ENSG00000172809;ENSG00000144713;ENSG00000140988;ENSG00000169062;ENSG00000171863;ENSG00000100519;ENSG00000103363;ENSG00000142937;ENSG00000008988;ENSG00000131469;ENSG00000145592;ENSG00000229117;ENSG00000162244;ENSG00000071082;ENSG00000142534;ENSG00000156482;ENSG00000170315;ENSG00000115233;ENSG00000148303;ENSG00000145147;ENSG00000127922;ENSG00000147403;ENSG00000171858;ENSG00000159377;ENSG00000122406;ENSG00000241343;ENSG00000162385;ENSG00000196220;ENSG00000189369;ENSG00000147604"
"REACTOME","REACTOME_METABOLISM_OF_AMINO_ACIDS_AND_DERIVATIVES",1.96372794521112e-17,2.7727838586381e-15,1.07686819261983,0.508020309433431,2.1770866627918,345,"ENSG00000088826;ENSG00000223572;ENSG00000130005;ENSG00000160200;ENSG00000203797;ENSG00000105552;ENSG00000237289;ENSG00000141744;ENSG00000151552;ENSG00000162174;ENSG00000111181;ENSG00000163584;ENSG00000177954;ENSG00000151224;ENSG00000135423;ENSG00000100804;ENSG00000136930;ENSG00000128311;ENSG00000143947;ENSG00000151498;ENSG00000100348;ENSG00000233927;ENSG00000277791;ENSG00000198130;ENSG00000083845;ENSG00000181019;ENSG00000197958;ENSG00000142541;ENSG00000101444;ENSG00000166165;ENSG00000170889;ENSG00000112306;ENSG00000137818;ENSG00000124614;ENSG00000108107;ENSG00000087191;ENSG00000175309;ENSG00000177600;ENSG00000105372;ENSG00000133706;ENSG00000041357;ENSG00000008018;ENSG00000185627;ENSG00000130255;ENSG00000167526;ENSG00000178445;ENSG00000116649;ENSG00000149089;ENSG00000130821;ENSG00000213741;ENSG00000100764;ENSG00000198918;ENSG00000174748;ENSG00000104524;ENSG00000149273;ENSG00000124523;ENSG00000134056;ENSG00000103316;ENSG00000105193;ENSG00000114391;ENSG00000105755;ENSG00000101182;ENSG00000105640;ENSG00000168028;ENSG00000130706;ENSG00000126067;ENSG00000197756;ENSG00000186468;ENSG00000142676;ENSG00000179761;ENSG00000161016;ENSG00000139531;ENSG00000103035;ENSG00000132840;ENSG00000153406;ENSG00000166441;ENSG00000231500;ENSG00000109475;ENSG00000138326;ENSG00000072506;ENSG00000145425;ENSG00000165502;ENSG00000118181;ENSG00000115268;ENSG00000179988;ENSG00000132541;ENSG00000122026;ENSG00000198242;ENSG00000198755;ENSG00000149806;ENSG00000181915;ENSG00000188846;ENSG00000139344;ENSG00000065427;ENSG00000110700;ENSG00000174444;ENSG00000099810;ENSG00000063177;ENSG00000198034;ENSG00000221983;ENSG00000197728;ENSG00000164587;ENSG00000132437;ENSG00000108298;ENSG00000136942;ENSG00000183077;ENSG00000142507;ENSG00000106588;ENSG00000165916;ENSG00000099341;ENSG00000100316;ENSG00000182774;ENSG00000089009;ENSG00000265681;ENSG00000140287;ENSG00000197170;ENSG00000163682;ENSG00000164175;ENSG00000134419;ENSG00000129824;ENSG00000103507;ENSG00000172809;ENSG00000171097;ENSG00000144713;ENSG00000132330;ENSG00000140988;ENSG00000171863;ENSG00000101323;ENSG00000139631;ENSG00000100519;ENSG00000142937;ENSG00000008988;ENSG00000127884;ENSG00000131469;ENSG00000145592;ENSG00000106305;ENSG00000162882;ENSG00000164300;ENSG00000229117;ENSG00000162244;ENSG00000065154;ENSG00000104904;ENSG00000071082;ENSG00000183048;ENSG00000142534;ENSG00000156482;ENSG00000080166;ENSG00000128309;ENSG00000120053;ENSG00000115233;ENSG00000148303;ENSG00000148832;ENSG00000129596;ENSG00000127922;ENSG00000147403;ENSG00000171858;ENSG00000159377;ENSG00000122406"
"REACTOME","REACTOME_RESPIRATORY_ELECTRON_TRANSPORT",6.9785102890248e-16,8.95786957100274e-14,1.02766987054358,0.616125327874714,2.42220881616594,157,"ENSG00000189043;ENSG00000224877;ENSG00000183648;ENSG00000105341;ENSG00000267855;ENSG00000171503;ENSG00000127838;ENSG00000186010;ENSG00000164919;ENSG00000137288;ENSG00000178449;ENSG00000178741;ENSG00000250317;ENSG00000131143;ENSG00000178127;ENSG00000169021;ENSG00000213619;ENSG00000184076;ENSG00000166136;ENSG00000160194;ENSG00000108528;ENSG00000074582;ENSG00000168569;ENSG00000110717;ENSG00000130159;ENSG00000164258;ENSG00000130414;ENSG00000174886;ENSG00000145494;ENSG00000090266;ENSG00000140990;ENSG00000099795;ENSG00000168273;ENSG00000139180;ENSG00000126602;ENSG00000179091;ENSG00000155463;ENSG00000170906;ENSG00000147684;ENSG00000147123;ENSG00000204954;ENSG00000126267;ENSG00000233954;ENSG00000214113;ENSG00000167792;ENSG00000100209;ENSG00000137806;ENSG00000111775;ENSG00000112695;ENSG00000010256;ENSG00000117118;ENSG00000113013;ENSG00000127540;ENSG00000178057;ENSG00000131495;ENSG00000146701;ENSG00000173660;ENSG00000183978;ENSG00000138495;ENSG00000136003;ENSG00000004961;ENSG00000146066;ENSG00000133983;ENSG00000168653;ENSG00000127184;ENSG00000164405;ENSG00000135940;ENSG00000115286;ENSG00000151366;ENSG00000109390;ENSG00000120053;ENSG00000184752;ENSG00000204922;ENSG00000140374;ENSG00000123545;ENSG00000229833;ENSG00000004779;ENSG00000073578;ENSG00000136463;ENSG00000140740;ENSG00000119421;ENSG00000156467;ENSG00000184983;ENSG00000101247;ENSG00000164182;ENSG00000156170;ENSG00000144120;ENSG00000131174;ENSG00000125356;ENSG00000113845;ENSG00000176340;ENSG00000065518;ENSG00000148290;ENSG00000171202"
"REACTOME","REACTOME_MITOCHONDRIAL_TRANSLATION_ELONGATION",7.97093895511787e-16,9.37913817052203e-14,1.02766987054358,0.713306870476216,2.5842181261763,89,"ENSG00000166902;ENSG00000102738;ENSG00000162910;ENSG00000125445;ENSG00000178952;ENSG00000181610;ENSG00000214026;ENSG00000062582;ENSG00000144029;ENSG00000096080;ENSG00000108826;ENSG00000143436;ENSG00000143314;ENSG00000171421;ENSG00000061794;ENSG00000175756;ENSG00000262814;ENSG00000105364;ENSG00000132591;ENSG00000167862;ENSG00000242485;ENSG00000172590;ENSG00000179271;ENSG00000134056;ENSG00000111639;ENSG00000183617;ENSG00000116221;ENSG00000259494;ENSG00000204316;ENSG00000137547;ENSG00000106591;ENSG00000204822;ENSG00000155463;ENSG00000169288;ENSG00000185608;ENSG00000163319;ENSG00000114686;ENSG00000130312;ENSG00000243927;ENSG00000074071;ENSG00000158042;ENSG00000182154;ENSG00000174547;ENSG00000172172;ENSG00000090263;ENSG00000182180;ENSG00000128626;ENSG00000116898;ENSG00000180992;ENSG00000132676;ENSG00000125901;ENSG00000197345;ENSG00000135900;ENSG00000112651;ENSG00000086504;ENSG00000172586;ENSG00000147586;ENSG00000175110;ENSG00000136522;ENSG00000123297;ENSG00000211459;ENSG00000136897;ENSG00000243147;ENSG00000173141;ENSG00000159111;ENSG00000181991;ENSG00000198015"
"REACTOME","REACTOME_MITOCHONDRIAL_TRANSLATION",9.97413940713573e-16,1.08334498791351e-13,1.01754479730988,0.664170124955422,2.49847080772486,114,"ENSG00000166902;ENSG00000102738;ENSG00000162910;ENSG00000125445;ENSG00000178952;ENSG00000181610;ENSG00000214026;ENSG00000062582;ENSG00000144029;ENSG00000096080;ENSG00000108826;ENSG00000143436;ENSG00000143314;ENSG00000171421;ENSG00000061794;ENSG00000175756;ENSG00000262814;ENSG00000105364;ENSG00000132591;ENSG00000112031;ENSG00000167862;ENSG00000242485;ENSG00000172590;ENSG00000179271;ENSG00000134056;ENSG00000111639;ENSG00000183617;ENSG00000116221;ENSG00000259494;ENSG00000204316;ENSG00000137547;ENSG00000106591;ENSG00000204822;ENSG00000155463;ENSG00000156928;ENSG00000169288;ENSG00000103707;ENSG00000185608;ENSG00000163319;ENSG00000114686;ENSG00000130312;ENSG00000243927;ENSG00000074071;ENSG00000158042;ENSG00000182154;ENSG00000174547;ENSG00000172172;ENSG00000090263;ENSG00000182180;ENSG00000128626;ENSG00000116898;ENSG00000180992;ENSG00000132676;ENSG00000125901;ENSG00000197345;ENSG00000135900;ENSG00000112651;ENSG00000086504;ENSG00000004779;ENSG00000172586;ENSG00000147586;ENSG00000175110;ENSG00000136522;ENSG00000123297;ENSG00000211459;ENSG00000136897;ENSG00000243147;ENSG00000173141;ENSG00000159111;ENSG00000181991;ENSG00000148187;ENSG00000198015"
"REACTOME","REACTOME_RIBOSOME_QUALITY_CONTROL_RQC_COMPLEX_EXTRACTS_AND_DEGRADES_NASCENT_PEPTIDE",1.89317156648377e-15,1.90939875133934e-13,1.00731795687447,0.688587743614716,2.55229426404119,102,"ENSG00000163584;ENSG00000100804;ENSG00000136930;ENSG00000143947;ENSG00000141002;ENSG00000277791;ENSG00000197958;ENSG00000142541;ENSG00000137818;ENSG00000108107;ENSG00000087191;ENSG00000177600;ENSG00000041357;ENSG00000008018;ENSG00000185627;ENSG00000130255;ENSG00000167526;ENSG00000070010;ENSG00000100764;ENSG00000198918;ENSG00000174748;ENSG00000114391;ENSG00000101182;ENSG00000105640;ENSG00000130706;ENSG00000126067;ENSG00000197756;ENSG00000142676;ENSG00000161016;ENSG00000103035;ENSG00000166441;ENSG00000109475;ENSG00000165502;ENSG00000122026;ENSG00000198242;ENSG00000198755;ENSG00000188846;ENSG00000174444;ENSG00000063177;ENSG00000221983;ENSG00000108298;ENSG00000136942;ENSG00000100387;ENSG00000142507;ENSG00000106588;ENSG00000165916;ENSG00000099341;ENSG00000100316;ENSG00000089009;ENSG00000265681;ENSG00000197170;ENSG00000163682;ENSG00000172809;ENSG00000144713;ENSG00000100519;ENSG00000103363;ENSG00000131469;ENSG00000145592;ENSG00000229117;ENSG00000162244;ENSG00000071082;ENSG00000156482;ENSG00000170315;ENSG00000115233;ENSG00000163516;ENSG00000148303;ENSG00000127922;ENSG00000147403;ENSG00000159377;ENSG00000122406;ENSG00000241343"
"REACTOME","REACTOME_AEROBIC_RESPIRATION_AND_RESPIRATORY_ELECTRON_TRANSPORT",7.99399062420689e-15,7.52500984092008e-13,0.986546283587582,0.529081721025862,2.20072260532913,258,"ENSG00000175567;ENSG00000067225;ENSG00000189043;ENSG00000224877;ENSG00000183648;ENSG00000105341;ENSG00000267855;ENSG00000152234;ENSG00000100412;ENSG00000101365;ENSG00000171503;ENSG00000143947;ENSG00000154723;ENSG00000241837;ENSG00000127838;ENSG00000186010;ENSG00000099624;ENSG00000164919;ENSG00000241468;ENSG00000137288;ENSG00000178449;ENSG00000111716;ENSG00000178741;ENSG00000250317;ENSG00000168291;ENSG00000131143;ENSG00000178127;ENSG00000169021;ENSG00000134056;ENSG00000213619;ENSG00000184076;ENSG00000166136;ENSG00000160194;ENSG00000108528;ENSG00000205138;ENSG00000074582;ENSG00000168569;ENSG00000110717;ENSG00000130159;ENSG00000164258;ENSG00000130414;ENSG00000174886;ENSG00000145494;ENSG00000090266;ENSG00000140990;ENSG00000099795;ENSG00000168273;ENSG00000124172;ENSG00000139180;ENSG00000169020;ENSG00000126602;ENSG00000179091;ENSG00000151729;ENSG00000155463;ENSG00000170906;ENSG00000109424;ENSG00000147684;ENSG00000167985;ENSG00000147123;ENSG00000159199;ENSG00000204954;ENSG00000126267;ENSG00000233954;ENSG00000214113;ENSG00000167792;ENSG00000221983;ENSG00000100209;ENSG00000137806;ENSG00000111775;ENSG00000112695;ENSG00000010256;ENSG00000117118;ENSG00000113013;ENSG00000127540;ENSG00000005882;ENSG00000178057;ENSG00000131495;ENSG00000146701;ENSG00000116459;ENSG00000173660;ENSG00000183978;ENSG00000138495;ENSG00000065833;ENSG00000136003;ENSG00000004961;ENSG00000180902;ENSG00000110955;ENSG00000146066;ENSG00000133983;ENSG00000168653;ENSG00000127184;ENSG00000125375;ENSG00000164405;ENSG00000135940;ENSG00000115286;ENSG00000151366;ENSG00000156411;ENSG00000162877;ENSG00000109390;ENSG00000170315;ENSG00000120053;ENSG00000184752;ENSG00000204922;ENSG00000135390;ENSG00000167283;ENSG00000140374;ENSG00000123545;ENSG00000091483;ENSG00000229833;ENSG00000004779;ENSG00000073578;ENSG00000110435;ENSG00000136463;ENSG00000140740;ENSG00000154079;ENSG00000119421;ENSG00000156467;ENSG00000063854;ENSG00000184983;ENSG00000101247;ENSG00000164182;ENSG00000156170;ENSG00000144120;ENSG00000114098;ENSG00000131174;ENSG00000125356;ENSG00000150991;ENSG00000165629;ENSG00000113845;ENSG00000176340;ENSG00000180185;ENSG00000065518;ENSG00000148290;ENSG00000171202;ENSG00000100577;ENSG00000075239;ENSG00000091140"
"REACTOME","REACTOME_RESPONSE_OF_EIF2AK4_GCN2_TO_AMINO_ACID_DEFICIENCY",1.81842503562179e-14,1.60476009393623e-12,0.97599468306432,0.679066218634798,2.50709388232769,100,"ENSG00000163584;ENSG00000177954;ENSG00000143947;ENSG00000233927;ENSG00000083845;ENSG00000197958;ENSG00000142541;ENSG00000170889;ENSG00000112306;ENSG00000137818;ENSG00000124614;ENSG00000108107;ENSG00000177600;ENSG00000105372;ENSG00000130255;ENSG00000167526;ENSG00000213741;ENSG00000134001;ENSG00000198918;ENSG00000174748;ENSG00000149273;ENSG00000105193;ENSG00000114391;ENSG00000105640;ENSG00000168028;ENSG00000197756;ENSG00000186468;ENSG00000142676;ENSG00000161016;ENSG00000166441;ENSG00000231500;ENSG00000109475;ENSG00000138326;ENSG00000145425;ENSG00000165502;ENSG00000118181;ENSG00000115268;ENSG00000122026;ENSG00000198242;ENSG00000198755;ENSG00000149806;ENSG00000188846;ENSG00000110700;ENSG00000174444;ENSG00000063177;ENSG00000198034;ENSG00000221983;ENSG00000197728;ENSG00000164587;ENSG00000108298;ENSG00000136942;ENSG00000100316;ENSG00000182774;ENSG00000089009;ENSG00000265681;ENSG00000163682;ENSG00000134419;ENSG00000129824;ENSG00000172809;ENSG00000144713;ENSG00000140988;ENSG00000171863;ENSG00000142937;ENSG00000008988;ENSG00000131469;ENSG00000145592;ENSG00000229117;ENSG00000162244;ENSG00000071082;ENSG00000142534;ENSG00000156482;ENSG00000162772;ENSG00000148303;ENSG00000147403;ENSG00000171858;ENSG00000122406;ENSG00000241343"
"REACTOME","REACTOME_ACTIVATION_OF_THE_MRNA_UPON_BINDING_OF_THE_CAP_BINDING_COMPLEX_AND_EIFS_AND_SUBSEQUENT_BINDING_TO_43S",1.26940385747762e-12,1.05435190985789e-10,0.910119734774459,0.754198462105329,2.5435187096216,59,"ENSG00000177954;ENSG00000143947;ENSG00000233927;ENSG00000161960;ENSG00000083845;ENSG00000170889;ENSG00000112306;ENSG00000124614;ENSG00000105372;ENSG00000175390;ENSG00000213741;ENSG00000134001;ENSG00000149273;ENSG00000070756;ENSG00000105193;ENSG00000168028;ENSG00000186468;ENSG00000231500;ENSG00000138326;ENSG00000145425;ENSG00000118181;ENSG00000115268;ENSG00000149806;ENSG00000110700;ENSG00000198034;ENSG00000197728;ENSG00000164587;ENSG00000106263;ENSG00000104131;ENSG00000084623;ENSG00000182774;ENSG00000187840;ENSG00000134419;ENSG00000129824;ENSG00000140988;ENSG00000171863;ENSG00000142937;ENSG00000008988;ENSG00000149100;ENSG00000130811;ENSG00000142534;ENSG00000171858;ENSG00000178982"
"REACTOME","REACTOME_INFLUENZA_VIRAL_RNA_TRANSCRIPTION_AND_REPLICATION",2.38579421472974e-12,1.87152301733244e-10,0.898671232061694,0.597090192184611,2.30233992664001,135,"ENSG00000177700;ENSG00000163584;ENSG00000177954;ENSG00000143947;ENSG00000163882;ENSG00000233927;ENSG00000083845;ENSG00000197958;ENSG00000142541;ENSG00000170889;ENSG00000112306;ENSG00000137818;ENSG00000124614;ENSG00000108107;ENSG00000177600;ENSG00000105372;ENSG00000130255;ENSG00000167526;ENSG00000213741;ENSG00000198918;ENSG00000174748;ENSG00000149273;ENSG00000105193;ENSG00000114391;ENSG00000100142;ENSG00000132463;ENSG00000105640;ENSG00000168028;ENSG00000197756;ENSG00000080824;ENSG00000186468;ENSG00000142676;ENSG00000161016;ENSG00000166441;ENSG00000231500;ENSG00000109475;ENSG00000138326;ENSG00000145425;ENSG00000165502;ENSG00000118181;ENSG00000115268;ENSG00000122026;ENSG00000198242;ENSG00000198755;ENSG00000149806;ENSG00000188846;ENSG00000110700;ENSG00000174444;ENSG00000063177;ENSG00000198034;ENSG00000221983;ENSG00000197728;ENSG00000164587;ENSG00000108298;ENSG00000136942;ENSG00000100316;ENSG00000125651;ENSG00000182774;ENSG00000089009;ENSG00000265681;ENSG00000163682;ENSG00000134419;ENSG00000129824;ENSG00000172809;ENSG00000144713;ENSG00000140988;ENSG00000171863;ENSG00000142937;ENSG00000008988;ENSG00000131469;ENSG00000145592;ENSG00000229117;ENSG00000105258;ENSG00000162244;ENSG00000071082;ENSG00000142534;ENSG00000156482;ENSG00000168002;ENSG00000148303;ENSG00000099817;ENSG00000147403;ENSG00000171858;ENSG00000122406;ENSG00000241343"
"REACTOME","REACTOME_SARS_COV_1_MODULATES_HOST_TRANSLATION_MACHINERY",9.15472171829201e-12,6.80340371906754e-10,0.875325132024659,0.828819039727541,2.54583208072984,36,"ENSG00000177954;ENSG00000143947;ENSG00000233927;ENSG00000083845;ENSG00000170889;ENSG00000112306;ENSG00000124614;ENSG00000105372;ENSG00000213741;ENSG00000149273;ENSG00000105193;ENSG00000168028;ENSG00000186468;ENSG00000231500;ENSG00000138326;ENSG00000145425;ENSG00000118181;ENSG00000115268;ENSG00000149806;ENSG00000110700;ENSG00000198034;ENSG00000197728;ENSG00000164587;ENSG00000182774;ENSG00000134419;ENSG00000129824;ENSG00000140988;ENSG00000171863;ENSG00000142937;ENSG00000008988;ENSG00000142534;ENSG00000171858"
"REACTOME","REACTOME_SRP_DEPENDENT_COTRANSLATIONAL_PROTEIN_TARGETING_TO_MEMBRANE",2.21151622659677e-11,1.56133045597732e-09,0.863415391606693,0.614355432814273,2.30341849629293,111,"ENSG00000163584;ENSG00000177954;ENSG00000143947;ENSG00000233927;ENSG00000083845;ENSG00000197958;ENSG00000142541;ENSG00000170889;ENSG00000112306;ENSG00000137818;ENSG00000124614;ENSG00000108107;ENSG00000177600;ENSG00000105372;ENSG00000130255;ENSG00000167526;ENSG00000213741;ENSG00000198918;ENSG00000174748;ENSG00000149273;ENSG00000105193;ENSG00000114391;ENSG00000105640;ENSG00000168028;ENSG00000197756;ENSG00000186468;ENSG00000142676;ENSG00000161016;ENSG00000166441;ENSG00000231500;ENSG00000109475;ENSG00000138326;ENSG00000114902;ENSG00000145425;ENSG00000165502;ENSG00000118181;ENSG00000115268;ENSG00000122026;ENSG00000198242;ENSG00000198755;ENSG00000149806;ENSG00000188846;ENSG00000110700;ENSG00000174444;ENSG00000063177;ENSG00000198034;ENSG00000221983;ENSG00000197728;ENSG00000164587;ENSG00000108298;ENSG00000136942;ENSG00000100316;ENSG00000182774;ENSG00000089009;ENSG00000265681;ENSG00000163682;ENSG00000134419;ENSG00000129824;ENSG00000172809;ENSG00000144713;ENSG00000140988;ENSG00000171863;ENSG00000142937;ENSG00000008988;ENSG00000131469;ENSG00000132432;ENSG00000145592;ENSG00000229117;ENSG00000162244;ENSG00000071082;ENSG00000142534;ENSG00000156482;ENSG00000148303;ENSG00000147403;ENSG00000171858;ENSG00000122406;ENSG00000241343;ENSG00000180879"
"REACTOME","REACTOME_CELLULAR_RESPONSE_TO_STARVATION",6.37061002251705e-11,4.28347683418765e-09,0.839088935621274,0.558232954090677,2.19231522917141,155,"ENSG00000163584;ENSG00000177954;ENSG00000143947;ENSG00000233927;ENSG00000118162;ENSG00000188186;ENSG00000083845;ENSG00000197958;ENSG00000142541;ENSG00000170889;ENSG00000112306;ENSG00000137818;ENSG00000124614;ENSG00000108107;ENSG00000177600;ENSG00000105372;ENSG00000130766;ENSG00000130255;ENSG00000167526;ENSG00000213741;ENSG00000134001;ENSG00000198918;ENSG00000174748;ENSG00000149273;ENSG00000105193;ENSG00000114391;ENSG00000105640;ENSG00000168028;ENSG00000197756;ENSG00000186468;ENSG00000142676;ENSG00000161016;ENSG00000174206;ENSG00000128524;ENSG00000166441;ENSG00000231500;ENSG00000109475;ENSG00000116586;ENSG00000138326;ENSG00000145425;ENSG00000165502;ENSG00000118181;ENSG00000115268;ENSG00000103091;ENSG00000122026;ENSG00000198242;ENSG00000198755;ENSG00000149806;ENSG00000149357;ENSG00000188846;ENSG00000110700;ENSG00000174444;ENSG00000063177;ENSG00000198034;ENSG00000221983;ENSG00000197728;ENSG00000164587;ENSG00000080546;ENSG00000108298;ENSG00000136942;ENSG00000100316;ENSG00000182774;ENSG00000089009;ENSG00000265681;ENSG00000163682;ENSG00000134419;ENSG00000129824;ENSG00000172809;ENSG00000144713;ENSG00000140988;ENSG00000185883;ENSG00000171863;ENSG00000142937;ENSG00000008988;ENSG00000131469;ENSG00000145592;ENSG00000229117;ENSG00000162244;ENSG00000047249;ENSG00000071082;ENSG00000142534;ENSG00000156482;ENSG00000162772;ENSG00000148303;ENSG00000147403;ENSG00000171858;ENSG00000122406;ENSG00000241343"
"REACTOME","REACTOME_UNFOLDED_PROTEIN_RESPONSE_UPR",1.33591723446199e-10,8.57415970481966e-09,0.826657301178302,-0.6632063734994,-2.37463512011549,92,"ENSG00000044574;ENSG00000149428;ENSG00000051108;ENSG00000166598;ENSG00000102580;ENSG00000143870;ENSG00000090520;ENSG00000175197;ENSG00000179218;ENSG00000172795;ENSG00000172071;ENSG00000134109;ENSG00000118217;ENSG00000100219;ENSG00000128590;ENSG00000124783;ENSG00000100196;ENSG00000001167;ENSG00000162298;ENSG00000178607;ENSG00000172216;ENSG00000138674;ENSG00000182158;ENSG00000157613;ENSG00000198380;ENSG00000153879;ENSG00000164463;ENSG00000160691;ENSG00000065485"
"REACTOME","REACTOME_SARS_COV_2_MODULATES_HOST_TRANSLATION_MACHINERY",2.12224240510485e-10,1.30287229391654e-08,0.826657301178302,0.738306403918673,2.41616230381452,50,"ENSG00000142252;ENSG00000177954;ENSG00000143947;ENSG00000233927;ENSG00000083845;ENSG00000170889;ENSG00000112306;ENSG00000124614;ENSG00000105372;ENSG00000213741;ENSG00000149273;ENSG00000105193;ENSG00000168028;ENSG00000186468;ENSG00000231500;ENSG00000138326;ENSG00000145425;ENSG00000118181;ENSG00000115268;ENSG00000149806;ENSG00000110700;ENSG00000198034;ENSG00000197728;ENSG00000164587;ENSG00000182774;ENSG00000134419;ENSG00000129824;ENSG00000140988;ENSG00000171863;ENSG00000143977;ENSG00000142937;ENSG00000008988;ENSG00000125743;ENSG00000142534;ENSG00000179409;ENSG00000171858;ENSG00000172062;ENSG00000125835;ENSG00000182004;ENSG00000092208;ENSG00000137154;ENSG00000100028;ENSG00000152147"
"REACTOME","REACTOME_RRNA_MODIFICATION_IN_THE_NUCLEUS_AND_CYTOSOL",4.94902213460862e-10,2.91167468919474e-08,0.801215574617779,0.702558827027188,2.37717545021921,60,"ENSG00000120800;ENSG00000071462;ENSG00000130826;ENSG00000278053;ENSG00000227057;ENSG00000189306;ENSG00000124541;ENSG00000170889;ENSG00000126749;ENSG00000100138;ENSG00000105671;ENSG00000145912;ENSG00000101361;ENSG00000183751;ENSG00000111641;ENSG00000114767;ENSG00000241945;ENSG00000109534;ENSG00000165271;ENSG00000184967;ENSG00000183520;ENSG00000164587;ENSG00000150990;ENSG00000182117;ENSG00000120158;ENSG00000115946;ENSG00000140988;ENSG00000007520;ENSG00000171863;ENSG00000086189;ENSG00000156697;ENSG00000108651;ENSG00000141076;ENSG00000165733;ENSG00000130935;ENSG00000087269;ENSG00000011260;ENSG00000135372;ENSG00000055044;ENSG00000105202;ENSG00000137154;ENSG00000173113;ENSG00000124383"
"REACTOME","REACTOME_ASPARAGINE_N_LINKED_GLYCOSYLATION",3.56567754762127e-09,2.01389467889649e-07,0.774939030136436,-0.45816706011067,-1.8961029744614,305,"ENSG00000254647;ENSG00000127022;ENSG00000179218;ENSG00000134910;ENSG00000167004;ENSG00000145495;ENSG00000136731;ENSG00000071537;ENSG00000102158;ENSG00000110917;ENSG00000086598;ENSG00000008513;ENSG00000134109;ENSG00000072849;ENSG00000089597;ENSG00000170348;ENSG00000135506;ENSG00000163527;ENSG00000071073;ENSG00000170191;ENSG00000163902;ENSG00000118276;ENSG00000136240;ENSG00000114354;ENSG00000117143;ENSG00000100196;ENSG00000198856;ENSG00000134970;ENSG00000175548;ENSG00000114270;ENSG00000100934;ENSG00000101162;ENSG00000244038;ENSG00000162298;ENSG00000196547;ENSG00000138674;ENSG00000204099;ENSG00000136152;ENSG00000164597;ENSG00000115306;ENSG00000253710;ENSG00000095380;ENSG00000130175;ENSG00000176014;ENSG00000116489;ENSG00000136874;ENSG00000167130;ENSG00000198380;ENSG00000136986;ENSG00000150961;ENSG00000112893;ENSG00000110075;ENSG00000185010;ENSG00000122218;ENSG00000172269;ENSG00000173230;ENSG00000158623;ENSG00000086848;ENSG00000119414;ENSG00000154305;ENSG00000117069;ENSG00000139133;ENSG00000165280;ENSG00000131459;ENSG00000095139;ENSG00000120697;ENSG00000033170;ENSG00000160218;ENSG00000133103;ENSG00000182858;ENSG00000138768;ENSG00000198162;ENSG00000104833;ENSG00000184432;ENSG00000172469;ENSG00000013375;ENSG00000143761;ENSG00000173898;ENSG00000180398;ENSG00000159921;ENSG00000119523;ENSG00000033011;ENSG00000138069;ENSG00000102595;ENSG00000138942;ENSG00000119318;ENSG00000105438;ENSG00000111885;ENSG00000153989;ENSG00000184005;ENSG00000206560;ENSG00000113615;ENSG00000108587;ENSG00000074695;ENSG00000176986;ENSG00000054116;ENSG00000114745;ENSG00000111728;ENSG00000108433;ENSG00000093183;ENSG00000107651;ENSG00000182400;ENSG00000104723;ENSG00000029534;ENSG00000117643;ENSG00000129083;ENSG00000242247;ENSG00000132912"
"REACTOME","REACTOME_COMPLEX_I_BIOGENESIS",3.93929598498874e-09,2.13934074261696e-07,0.761460801445585,0.664648277783526,2.30092678868653,68,"ENSG00000224877;ENSG00000183648;ENSG00000105341;ENSG00000267855;ENSG00000186010;ENSG00000178127;ENSG00000213619;ENSG00000166136;ENSG00000160194;ENSG00000110717;ENSG00000130159;ENSG00000164258;ENSG00000130414;ENSG00000174886;ENSG00000145494;ENSG00000090266;ENSG00000140990;ENSG00000099795;ENSG00000139180;ENSG00000155463;ENSG00000170906;ENSG00000147684;ENSG00000147123;ENSG00000167792;ENSG00000100209;ENSG00000137806;ENSG00000113013;ENSG00000178057;ENSG00000131495;ENSG00000168653;ENSG00000115286;ENSG00000151366;ENSG00000109390;ENSG00000184752;ENSG00000123545;ENSG00000004779;ENSG00000119421;ENSG00000184983;ENSG00000101247;ENSG00000164182;ENSG00000156170;ENSG00000125356;ENSG00000113845;ENSG00000065518;ENSG00000171202"
"REACTOME","REACTOME_INFLUENZA_INFECTION",4.48120872905348e-09,2.3435061946013e-07,0.761460801445585,0.523100877073503,2.05649646081296,157,"ENSG00000177700;ENSG00000163584;ENSG00000177954;ENSG00000143947;ENSG00000163882;ENSG00000233927;ENSG00000083845;ENSG00000197958;ENSG00000142541;ENSG00000170889;ENSG00000112306;ENSG00000137818;ENSG00000124614;ENSG00000108107;ENSG00000177600;ENSG00000105372;ENSG00000130255;ENSG00000167526;ENSG00000213741;ENSG00000198918;ENSG00000174748;ENSG00000149273;ENSG00000105193;ENSG00000114391;ENSG00000100142;ENSG00000132463;ENSG00000105640;ENSG00000168028;ENSG00000197756;ENSG00000080824;ENSG00000186468;ENSG00000142676;ENSG00000161016;ENSG00000166441;ENSG00000231500;ENSG00000109475;ENSG00000138326;ENSG00000145425;ENSG00000165502;ENSG00000118181;ENSG00000115268;ENSG00000204389;ENSG00000122026;ENSG00000198242;ENSG00000198755;ENSG00000149806;ENSG00000188846;ENSG00000110700;ENSG00000174444;ENSG00000063177;ENSG00000198034;ENSG00000221983;ENSG00000197728;ENSG00000164587;ENSG00000108298;ENSG00000136942;ENSG00000102753;ENSG00000122705;ENSG00000100316;ENSG00000125651;ENSG00000182774;ENSG00000089009;ENSG00000265681;ENSG00000163682;ENSG00000134419;ENSG00000129824;ENSG00000172809;ENSG00000144713;ENSG00000140988;ENSG00000171863;ENSG00000142937;ENSG00000008988;ENSG00000131469;ENSG00000145592;ENSG00000168404;ENSG00000229117;ENSG00000105258;ENSG00000162244;ENSG00000182481;ENSG00000071082;ENSG00000142534;ENSG00000156482;ENSG00000168002;ENSG00000148303;ENSG00000099817;ENSG00000147403;ENSG00000171858;ENSG00000122406;ENSG00000241343"
"REACTOME","REACTOME_DEGRADATION_OF_GLI1_BY_THE_PROTEASOME",9.53864648397456e-09,4.81020315549003e-07,0.747739663149885,0.721627240944023,2.32785666127687,46,"ENSG00000100804;ENSG00000136930;ENSG00000143947;ENSG00000277791;ENSG00000087191;ENSG00000041357;ENSG00000008018;ENSG00000185627;ENSG00000100764;ENSG00000101182;ENSG00000130706;ENSG00000126067;ENSG00000103035;ENSG00000221983;ENSG00000100387;ENSG00000142507;ENSG00000106588;ENSG00000165916;ENSG00000099341;ENSG00000197170;ENSG00000100519;ENSG00000055130;ENSG00000170315;ENSG00000115233;ENSG00000127922;ENSG00000159377;ENSG00000113558;ENSG00000173692;ENSG00000100567;ENSG00000150991"
"REACTOME","REACTOME_VIF_MEDIATED_DEGRADATION_OF_APOBEC3G",2.3665917512322e-08,1.11387585091329e-06,0.73376198835648,0.733469384261998,2.31413713947803,41,"ENSG00000100804;ENSG00000136930;ENSG00000143947;ENSG00000277791;ENSG00000087191;ENSG00000041357;ENSG00000008018;ENSG00000185627;ENSG00000100764;ENSG00000101182;ENSG00000130706;ENSG00000126067;ENSG00000103035;ENSG00000221983;ENSG00000239713;ENSG00000100387;ENSG00000142507;ENSG00000106588;ENSG00000165916;ENSG00000099341;ENSG00000197170;ENSG00000100519;ENSG00000103363;ENSG00000170315;ENSG00000115233;ENSG00000127922;ENSG00000159377;ENSG00000173692;ENSG00000100567;ENSG00000150991"
"REACTOME","REACTOME_FBXL7_DOWN_REGULATES_AURKA_DURING_MITOTIC_ENTRY_AND_IN_EARLY_MITOSIS",2.31663994574629e-08,1.11387585091329e-06,0.73376198835648,0.725106056550552,2.30141991244079,42,"ENSG00000100804;ENSG00000136930;ENSG00000143947;ENSG00000277791;ENSG00000087191;ENSG00000041357;ENSG00000008018;ENSG00000185627;ENSG00000100764;ENSG00000101182;ENSG00000130706;ENSG00000126067;ENSG00000103035;ENSG00000221983;ENSG00000100387;ENSG00000142507;ENSG00000106588;ENSG00000165916;ENSG00000099341;ENSG00000197170;ENSG00000100519;ENSG00000055130;ENSG00000170315;ENSG00000115233;ENSG00000127922;ENSG00000159377;ENSG00000113558;ENSG00000173692;ENSG00000100567;ENSG00000150991;ENSG00000183580"
"REACTOME","REACTOME_AUF1_HNRNP_D0_BINDS_AND_DESTABILIZES_MRNA",2.71376709477572e-08,1.23607714123333e-06,0.73376198835648,0.72289478700271,2.29440154633668,42,"ENSG00000100804;ENSG00000136930;ENSG00000106211;ENSG00000143947;ENSG00000277791;ENSG00000087191;ENSG00000041357;ENSG00000008018;ENSG00000185627;ENSG00000100764;ENSG00000070756;ENSG00000101182;ENSG00000130706;ENSG00000126067;ENSG00000103035;ENSG00000204389;ENSG00000221983;ENSG00000142507;ENSG00000106588;ENSG00000165916;ENSG00000099341;ENSG00000197170;ENSG00000100519;ENSG00000170315;ENSG00000115233;ENSG00000127922;ENSG00000159377;ENSG00000173692;ENSG00000100567;ENSG00000150991;ENSG00000109971;ENSG00000175166"
"REACTOME","REACTOME_PROTEIN_LOCALIZATION",3.48245486887535e-08,1.53663321089125e-06,0.719512826338911,0.497669673259325,1.96637282709163,164,"ENSG00000203797;ENSG00000072210;ENSG00000152234;ENSG00000100412;ENSG00000143947;ENSG00000163528;ENSG00000250479;ENSG00000005469;ENSG00000104980;ENSG00000160087;ENSG00000217930;ENSG00000166136;ENSG00000242612;ENSG00000126768;ENSG00000100292;ENSG00000214736;ENSG00000074582;ENSG00000181924;ENSG00000107897;ENSG00000115155;ENSG00000179761;ENSG00000173171;ENSG00000128654;ENSG00000179091;ENSG00000151729;ENSG00000060971;ENSG00000214253;ENSG00000100575;ENSG00000105197;ENSG00000159199;ENSG00000144381;ENSG00000117305;ENSG00000157326;ENSG00000221983;ENSG00000100209;ENSG00000104969;ENSG00000086666;ENSG00000139197;ENSG00000130204;ENSG00000113013;ENSG00000119673;ENSG00000134809;ENSG00000150779;ENSG00000215193;ENSG00000112357;ENSG00000127554;ENSG00000138495;ENSG00000101323;ENSG00000110955;ENSG00000239857;ENSG00000132432;ENSG00000198356;ENSG00000099800;ENSG00000109332;ENSG00000102125;ENSG00000100347;ENSG00000170315;ENSG00000102178;ENSG00000148832;ENSG00000196683;ENSG00000125611;ENSG00000175768;ENSG00000106153;ENSG00000103121;ENSG00000157911;ENSG00000120742;ENSG00000168275;ENSG00000136881;ENSG00000150991;ENSG00000177465;ENSG00000170791;ENSG00000140876;ENSG00000197448;ENSG00000173208;ENSG00000072401"
"REACTOME","REACTOME_CRISTAE_FORMATION",3.75812803087642e-08,1.6080232665447e-06,0.719512826338911,0.768122182075109,2.31907765904897,33,"ENSG00000152234;ENSG00000174917;ENSG00000154723;ENSG00000241837;ENSG00000099624;ENSG00000241468;ENSG00000178307;ENSG00000007923;ENSG00000173171;ENSG00000124172;ENSG00000169020;ENSG00000128654;ENSG00000132305;ENSG00000159199;ENSG00000113013;ENSG00000116459;ENSG00000110955;ENSG00000125375;ENSG00000156411;ENSG00000100347;ENSG00000135390;ENSG00000167283"
"REACTOME","REACTOME_DEGRADATION_OF_DVL",6.31021900705883e-08,2.6205968346962e-06,0.704975715167238,0.70740027363823,2.25651216664855,43,"ENSG00000100804;ENSG00000136930;ENSG00000143947;ENSG00000277791;ENSG00000087191;ENSG00000041357;ENSG00000008018;ENSG00000185627;ENSG00000100764;ENSG00000101182;ENSG00000130706;ENSG00000126067;ENSG00000103035;ENSG00000221983;ENSG00000100387;ENSG00000142507;ENSG00000106588;ENSG00000165916;ENSG00000099341;ENSG00000197170;ENSG00000100519;ENSG00000170315;ENSG00000115233;ENSG00000127922;ENSG00000159377;ENSG00000173692;ENSG00000100567;ENSG00000150991"
"REACTOME","REACTOME_GSK3B_MEDIATED_PROTEASOMAL_DEGRADATION_OF_PD_L1_CD274",7.9819370956749e-08,3.22014147974085e-06,0.704975715167238,0.711667558193456,2.28048867359907,44,"ENSG00000120217;ENSG00000100804;ENSG00000136930;ENSG00000143947;ENSG00000277791;ENSG00000087191;ENSG00000041357;ENSG00000008018;ENSG00000185627;ENSG00000100764;ENSG00000101182;ENSG00000130706;ENSG00000126067;ENSG00000103035;ENSG00000221983;ENSG00000100387;ENSG00000142507;ENSG00000106588;ENSG00000165916;ENSG00000099341;ENSG00000197170;ENSG00000100519;ENSG00000055130;ENSG00000170315;ENSG00000115233;ENSG00000127922;ENSG00000159377;ENSG00000113558;ENSG00000173692;ENSG00000100567;ENSG00000150991"
"REACTOME","REACTOME_THE_ROLE_OF_GTSE1_IN_G2_M_PROGRESSION_AFTER_G2_CHECKPOINT",9.62316104264177e-08,3.77441760894727e-06,0.704975715167238,0.64638888098959,2.22516623697005,66,"ENSG00000167552;ENSG00000137267;ENSG00000137285;ENSG00000100804;ENSG00000136930;ENSG00000143947;ENSG00000277791;ENSG00000087191;ENSG00000041357;ENSG00000008018;ENSG00000185627;ENSG00000100764;ENSG00000096384;ENSG00000101182;ENSG00000130706;ENSG00000126067;ENSG00000080824;ENSG00000103035;ENSG00000188229;ENSG00000183785;ENSG00000167553;ENSG00000221983;ENSG00000142507;ENSG00000106588;ENSG00000165916;ENSG00000099341;ENSG00000123416;ENSG00000197170;ENSG00000100519;ENSG00000173213;ENSG00000170315;ENSG00000115233;ENSG00000127824;ENSG00000127922;ENSG00000159377;ENSG00000124762;ENSG00000173692;ENSG00000101367;ENSG00000100567;ENSG00000150991"
"REACTOME","REACTOME_CROSS_PRESENTATION_OF_SOLUBLE_EXOGENOUS_ANTIGENS_ENDOSOMES",1.05474496823772e-07,4.02513485176123e-06,0.704975715167238,0.721825636629941,2.26487810730902,40,"ENSG00000205220;ENSG00000100804;ENSG00000136930;ENSG00000277791;ENSG00000087191;ENSG00000041357;ENSG00000008018;ENSG00000185627;ENSG00000100911;ENSG00000011028;ENSG00000100764;ENSG00000101182;ENSG00000130706;ENSG00000126067;ENSG00000103035;ENSG00000204264;ENSG00000142507;ENSG00000106588;ENSG00000165916;ENSG00000099341;ENSG00000197170;ENSG00000100519;ENSG00000115233;ENSG00000127922;ENSG00000159377;ENSG00000173692;ENSG00000100567;ENSG00000260314;ENSG00000092010;ENSG00000175166"
"REACTOME","REACTOME_MATURATION_OF_DENV_PROTEINS",1.16877182134567e-07,4.34291003089495e-06,0.704975715167238,-0.706848025035316,-2.28304936443645,52,"ENSG00000044574;ENSG00000149428;ENSG00000102580;ENSG00000090520;ENSG00000127022;ENSG00000179218;ENSG00000134910;ENSG00000167004;ENSG00000102158;ENSG00000163527;ENSG00000129128;ENSG00000196911;ENSG00000163902;ENSG00000198856;ENSG00000244038;ENSG00000118363;ENSG00000185624"
"REACTOME","REACTOME_SCF_BETA_TRCP_MEDIATED_DEGRADATION_OF_EMI1",1.25976882157641e-07,4.56100916939972e-06,0.690132458796796,0.706164506975592,2.24130117674622,42,"ENSG00000100804;ENSG00000136930;ENSG00000143947;ENSG00000277791;ENSG00000087191;ENSG00000041357;ENSG00000008018;ENSG00000185627;ENSG00000100764;ENSG00000101182;ENSG00000130706;ENSG00000126067;ENSG00000103035;ENSG00000221983;ENSG00000142507;ENSG00000106588;ENSG00000165916;ENSG00000099341;ENSG00000197170;ENSG00000100519;ENSG00000055130;ENSG00000170315;ENSG00000115233;ENSG00000127922;ENSG00000159377;ENSG00000113558;ENSG00000105325;ENSG00000173692;ENSG00000100567;ENSG00000150991"
"REACTOME","REACTOME_MITOCHONDRIAL_PROTEIN_IMPORT",1.93396441587552e-07,6.82689438804058e-06,0.690132458796796,0.635836056909635,2.18381629674046,65,"ENSG00000152234;ENSG00000100412;ENSG00000163528;ENSG00000250479;ENSG00000104980;ENSG00000217930;ENSG00000166136;ENSG00000126768;ENSG00000214736;ENSG00000074582;ENSG00000181924;ENSG00000173171;ENSG00000128654;ENSG00000179091;ENSG00000151729;ENSG00000100575;ENSG00000105197;ENSG00000159199;ENSG00000144381;ENSG00000100209;ENSG00000130204;ENSG00000113013;ENSG00000134809;ENSG00000150779;ENSG00000127554;ENSG00000138495;ENSG00000110955;ENSG00000099800;ENSG00000102125;ENSG00000100347;ENSG00000196683;ENSG00000125611;ENSG00000175768;ENSG00000106153;ENSG00000103121;ENSG00000168275;ENSG00000170791"
"REACTOME","REACTOME_DEGRADATION_OF_AXIN",2.04368629535258e-07,7.03825621716548e-06,0.690132458796796,0.699707698295901,2.22080786003479,42,"ENSG00000100804;ENSG00000136930;ENSG00000143947;ENSG00000277791;ENSG00000087191;ENSG00000041357;ENSG00000103126;ENSG00000008018;ENSG00000185627;ENSG00000100764;ENSG00000101182;ENSG00000130706;ENSG00000126067;ENSG00000103035;ENSG00000221983;ENSG00000142507;ENSG00000106588;ENSG00000165916;ENSG00000099341;ENSG00000197170;ENSG00000100519;ENSG00000170315;ENSG00000115233;ENSG00000127922;ENSG00000159377;ENSG00000173692;ENSG00000100567;ENSG00000150991"
"REACTOME","REACTOME_CDK_MEDIATED_PHOSPHORYLATION_AND_REMOVAL_OF_CDC6",5.0541990141983e-07,1.66888811532194e-05,0.659444398037935,0.630411831121495,2.13305914155394,60,"ENSG00000100804;ENSG00000136930;ENSG00000143947;ENSG00000089053;ENSG00000196510;ENSG00000277791;ENSG00000087191;ENSG00000041357;ENSG00000008018;ENSG00000185627;ENSG00000100764;ENSG00000101182;ENSG00000130706;ENSG00000126067;ENSG00000103035;ENSG00000221983;ENSG00000108106;ENSG00000110200;ENSG00000142507;ENSG00000106588;ENSG00000165916;ENSG00000099341;ENSG00000197170;ENSG00000141552;ENSG00000170142;ENSG00000100519;ENSG00000170315;ENSG00000115233;ENSG00000127922;ENSG00000130177;ENSG00000159377;ENSG00000105325;ENSG00000173692;ENSG00000100567;ENSG00000150991;ENSG00000072401;ENSG00000176386;ENSG00000175166;ENSG00000166295"
"REACTOME","REACTOME_SLC_MEDIATED_TRANSMEMBRANE_TRANSPORT",5.0823079999181e-07,1.66888811532194e-05,0.659444398037935,-0.45440749554148,-1.82766700367586,231,"ENSG00000112759;ENSG00000070214;ENSG00000117394;ENSG00000139209;ENSG00000003989;ENSG00000143036;ENSG00000183023;ENSG00000074621;ENSG00000120509;ENSG00000163393;ENSG00000104635;ENSG00000138821;ENSG00000129353;ENSG00000110911;ENSG00000132874;ENSG00000155465;ENSG00000169359;ENSG00000123643;ENSG00000141526;ENSG00000139514;ENSG00000198743;ENSG00000115194;ENSG00000092068;ENSG00000164756;ENSG00000133065;ENSG00000116704;ENSG00000091664;ENSG00000136052;ENSG00000168065;ENSG00000136868;ENSG00000149150;ENSG00000147100;ENSG00000145740;ENSG00000198246;ENSG00000115902;ENSG00000103064;ENSG00000101187;ENSG00000115616;ENSG00000155850;ENSG00000113504;ENSG00000091137;ENSG00000170385;ENSG00000180773;ENSG00000141424;ENSG00000170571;ENSG00000144290;ENSG00000158467;ENSG00000065923;ENSG00000151012;ENSG00000074803;ENSG00000131389;ENSG00000137860;ENSG00000139540;ENSG00000112473;ENSG00000110436;ENSG00000007216;ENSG00000151229;ENSG00000196517;ENSG00000134294;ENSG00000158296;ENSG00000089060;ENSG00000158715;ENSG00000130876;ENSG00000101200;ENSG00000181804;ENSG00000163581;ENSG00000106688;ENSG00000115665;ENSG00000174502;ENSG00000050438;ENSG00000198569;ENSG00000168003"
"REACTOME","REACTOME_UBIQUITIN_DEPENDENT_DEGRADATION_OF_CYCLIN_D",6.99106069737363e-07,2.24349493288445e-05,0.659444398037935,0.715795136005547,2.23668872173511,39,"ENSG00000100804;ENSG00000136930;ENSG00000143947;ENSG00000277791;ENSG00000087191;ENSG00000041357;ENSG00000008018;ENSG00000185627;ENSG00000100764;ENSG00000101182;ENSG00000130706;ENSG00000126067;ENSG00000103035;ENSG00000221983;ENSG00000142507;ENSG00000106588;ENSG00000165916;ENSG00000099341;ENSG00000197170;ENSG00000100519;ENSG00000170315;ENSG00000115233;ENSG00000127922;ENSG00000159377;ENSG00000173692;ENSG00000100567;ENSG00000150991"
"REACTOME","REACTOME_METABOLISM_OF_POLYAMINES",7.4546632593392e-07,2.3391076715971e-05,0.659444398037935,0.675020049310698,2.17750914755897,46,"ENSG00000088826;ENSG00000100804;ENSG00000136930;ENSG00000277791;ENSG00000181019;ENSG00000087191;ENSG00000041357;ENSG00000008018;ENSG00000185627;ENSG00000116649;ENSG00000100764;ENSG00000101182;ENSG00000130706;ENSG00000126067;ENSG00000103035;ENSG00000142507;ENSG00000106588;ENSG00000165916;ENSG00000099341;ENSG00000197170;ENSG00000100519;ENSG00000104904;ENSG00000115233;ENSG00000148832;ENSG00000127922;ENSG00000159377"
"REACTOME","REACTOME_DENGUE_VIRUS_GENOME_TRANSLATION_AND_REPLICATION",7.91115641513517e-07,2.4283810561241e-05,0.659444398037935,-0.601339860427813,-2.10898695256952,82,"ENSG00000044574;ENSG00000149428;ENSG00000125844;ENSG00000102580;ENSG00000090520;ENSG00000127022;ENSG00000179218;ENSG00000134910;ENSG00000167004;ENSG00000102158;ENSG00000163527;ENSG00000129128;ENSG00000196911;ENSG00000163902;ENSG00000198856;ENSG00000244038;ENSG00000118363;ENSG00000185624;ENSG00000075151;ENSG00000114127;ENSG00000072682;ENSG00000165280"
"REACTOME","REACTOME_HIV_INFECTION",8.62160568644603e-07,2.59015047431102e-05,0.659444398037935,0.444964927546547,1.82126950705145,217,"ENSG00000177700;ENSG00000132612;ENSG00000139722;ENSG00000183020;ENSG00000100804;ENSG00000136930;ENSG00000143947;ENSG00000163882;ENSG00000137309;ENSG00000277791;ENSG00000100401;ENSG00000087191;ENSG00000041357;ENSG00000008018;ENSG00000185627;ENSG00000147457;ENSG00000176428;ENSG00000100764;ENSG00000105656;ENSG00000204356;ENSG00000198821;ENSG00000100142;ENSG00000101182;ENSG00000130706;ENSG00000126067;ENSG00000196262;ENSG00000042753;ENSG00000166337;ENSG00000103035;ENSG00000151729;ENSG00000104884;ENSG00000188986;ENSG00000141971;ENSG00000197265;ENSG00000161203;ENSG00000160948;ENSG00000101421;ENSG00000221983;ENSG00000101158;ENSG00000239713;ENSG00000106290;ENSG00000100387;ENSG00000142507;ENSG00000106588;ENSG00000165916;ENSG00000099341;ENSG00000125651;ENSG00000197170;ENSG00000086065;ENSG00000060069;ENSG00000182866;ENSG00000181163;ENSG00000100519;ENSG00000103363;ENSG00000011007;ENSG00000140307;ENSG00000272047;ENSG00000105258;ENSG00000047249;ENSG00000168002;ENSG00000170315;ENSG00000196814;ENSG00000115233;ENSG00000185049;ENSG00000106367;ENSG00000099817;ENSG00000127922;ENSG00000159377;ENSG00000175115;ENSG00000113558;ENSG00000134480;ENSG00000152056;ENSG00000138750;ENSG00000254505;ENSG00000165006;ENSG00000120656;ENSG00000005075;ENSG00000173692;ENSG00000148835;ENSG00000100567;ENSG00000150991;ENSG00000099901;ENSG00000136243;ENSG00000134516;ENSG00000180198;ENSG00000005022;ENSG00000196235;ENSG00000213024;ENSG00000147669;ENSG00000206503;ENSG00000137947;ENSG00000132341;ENSG00000085415;ENSG00000175166;ENSG00000270647"
"REACTOME","REACTOME_ACTIVATION_OF_APC_C_AND_APC_C_CDC20_MEDIATED_DEGRADATION_OF_MITOTIC_PROTEINS",9.02137500444885e-07,2.6537878138087e-05,0.659444398037935,0.617223436494675,2.1118729348944,64,"ENSG00000100804;ENSG00000136930;ENSG00000143947;ENSG00000089053;ENSG00000196510;ENSG00000277791;ENSG00000087191;ENSG00000041357;ENSG00000008018;ENSG00000185627;ENSG00000100764;ENSG00000101182;ENSG00000130706;ENSG00000126067;ENSG00000103035;ENSG00000221983;ENSG00000108106;ENSG00000110200;ENSG00000142507;ENSG00000106588;ENSG00000165916;ENSG00000099341;ENSG00000197170;ENSG00000141552;ENSG00000170142;ENSG00000100519;ENSG00000170315;ENSG00000115233;ENSG00000127922;ENSG00000130177;ENSG00000159377;ENSG00000164611;ENSG00000173692;ENSG00000100567;ENSG00000150991;ENSG00000072401;ENSG00000176386;ENSG00000175166;ENSG00000166295"
"REACTOME","REACTOME_REGULATION_OF_ORNITHINE_DECARBOXYLASE_ODC",1.21144599157681e-06,3.39865440905987e-05,0.643551836150722,0.700653145686196,2.17661103822586,38,"ENSG00000100804;ENSG00000136930;ENSG00000277791;ENSG00000181019;ENSG00000087191;ENSG00000041357;ENSG00000008018;ENSG00000185627;ENSG00000100764;ENSG00000101182;ENSG00000130706;ENSG00000126067;ENSG00000103035;ENSG00000142507;ENSG00000106588;ENSG00000165916;ENSG00000099341;ENSG00000197170;ENSG00000100519;ENSG00000104904;ENSG00000115233;ENSG00000127922;ENSG00000159377;ENSG00000173692;ENSG00000100567"
"REACTOME","REACTOME_REGULATION_OF_APOPTOSIS",1.2275593120542e-06,3.39865440905987e-05,0.643551836150722,0.693609384042285,2.17634374455841,40,"ENSG00000100804;ENSG00000136930;ENSG00000143947;ENSG00000277791;ENSG00000087191;ENSG00000041357;ENSG00000008018;ENSG00000185627;ENSG00000100764;ENSG00000101182;ENSG00000130706;ENSG00000126067;ENSG00000103035;ENSG00000221983;ENSG00000162600;ENSG00000142507;ENSG00000106588;ENSG00000165916;ENSG00000099341;ENSG00000197170;ENSG00000100519;ENSG00000170315;ENSG00000115233;ENSG00000127922;ENSG00000159377;ENSG00000173692;ENSG00000100567;ENSG00000150991"
"REACTOME","REACTOME_CELLULAR_RESPONSE_TO_HYPOXIA",1.19591285452033e-06,3.39865440905987e-05,0.643551836150722,0.608112899369824,2.06913904026902,62,"ENSG00000164442;ENSG00000124440;ENSG00000129521;ENSG00000100804;ENSG00000136930;ENSG00000143947;ENSG00000277791;ENSG00000087191;ENSG00000041357;ENSG00000008018;ENSG00000185627;ENSG00000100764;ENSG00000101182;ENSG00000130706;ENSG00000126067;ENSG00000103035;ENSG00000107159;ENSG00000221983;ENSG00000269858;ENSG00000100387;ENSG00000142507;ENSG00000106588;ENSG00000165916;ENSG00000099341;ENSG00000197170;ENSG00000100519;ENSG00000103363;ENSG00000109332;ENSG00000134086;ENSG00000170315;ENSG00000115233;ENSG00000127922;ENSG00000159377"
"REACTOME","REACTOME_UBIQUITIN_MEDIATED_DEGRADATION_OF_PHOSPHORYLATED_CDC25A",1.2593023645931e-06,3.41949026693357e-05,0.643551836150722,0.643153425634586,2.11144729509256,51,"ENSG00000185386;ENSG00000100804;ENSG00000136930;ENSG00000143947;ENSG00000277791;ENSG00000087191;ENSG00000041357;ENSG00000008018;ENSG00000185627;ENSG00000100764;ENSG00000101182;ENSG00000130706;ENSG00000126067;ENSG00000103035;ENSG00000221983;ENSG00000100387;ENSG00000142507;ENSG00000106588;ENSG00000165916;ENSG00000099341;ENSG00000197170;ENSG00000100519;ENSG00000055130;ENSG00000170315;ENSG00000115233;ENSG00000127922;ENSG00000159377;ENSG00000113558;ENSG00000173692;ENSG00000100567;ENSG00000150991"
"REACTOME","REACTOME_NEGATIVE_REGULATION_OF_NOTCH4_SIGNALING",1.90653363238265e-06,5.07929337532888e-05,0.643551836150722,0.672854049329858,2.15611351229375,44,"ENSG00000100804;ENSG00000136930;ENSG00000143947;ENSG00000277791;ENSG00000087191;ENSG00000041357;ENSG00000008018;ENSG00000185627;ENSG00000100764;ENSG00000101182;ENSG00000130706;ENSG00000126067;ENSG00000103035;ENSG00000221983;ENSG00000100387;ENSG00000142507;ENSG00000106588;ENSG00000165916;ENSG00000099341;ENSG00000197170;ENSG00000100519;ENSG00000055130;ENSG00000170315;ENSG00000115233;ENSG00000127922;ENSG00000159377;ENSG00000113558;ENSG00000173692;ENSG00000100567;ENSG00000150991"
"REACTOME","REACTOME_SPOP_MEDIATED_PROTEASOMAL_DEGRADATION_OF_PD_L1_CD274",1.9632598618182e-06,5.10908860209968e-05,0.627256739718528,0.662179874145467,2.13608874988767,46,"ENSG00000120217;ENSG00000100804;ENSG00000136930;ENSG00000143947;ENSG00000277791;ENSG00000204435;ENSG00000087191;ENSG00000041357;ENSG00000008018;ENSG00000185627;ENSG00000100764;ENSG00000101182;ENSG00000130706;ENSG00000126067;ENSG00000103035;ENSG00000221983;ENSG00000100387;ENSG00000142507;ENSG00000106588;ENSG00000165916;ENSG00000099341;ENSG00000197170;ENSG00000100519;ENSG00000170315;ENSG00000115233;ENSG00000127922;ENSG00000159377;ENSG00000173692;ENSG00000100567;ENSG00000150991"
"REACTOME","REACTOME_DEGRADATION_OF_CRY_AND_PER_PROTEINS",1.99008408722013e-06,5.10908860209968e-05,0.627256739718528,0.640926489280529,2.08689672540369,48,"ENSG00000100804;ENSG00000136930;ENSG00000143947;ENSG00000277791;ENSG00000087191;ENSG00000041357;ENSG00000008018;ENSG00000185627;ENSG00000100764;ENSG00000101182;ENSG00000130706;ENSG00000126067;ENSG00000103035;ENSG00000221983;ENSG00000100387;ENSG00000142507;ENSG00000106588;ENSG00000165916;ENSG00000099341;ENSG00000197170;ENSG00000100519;ENSG00000055130;ENSG00000170315;ENSG00000115233;ENSG00000127922;ENSG00000159377;ENSG00000113558;ENSG00000173692;ENSG00000100567;ENSG00000150991;ENSG00000072401;ENSG00000179094"
"REACTOME","REACTOME_PROTEASOME_ASSEMBLY",2.2980546259383e-06,5.79438059254442e-05,0.627256739718528,0.635447538010297,2.08614917036511,51,"ENSG00000205220;ENSG00000157778;ENSG00000100804;ENSG00000136930;ENSG00000277791;ENSG00000087191;ENSG00000041357;ENSG00000008018;ENSG00000185627;ENSG00000100911;ENSG00000100764;ENSG00000183527;ENSG00000101182;ENSG00000130706;ENSG00000126067;ENSG00000103035;ENSG00000204264;ENSG00000132963;ENSG00000159352;ENSG00000142507;ENSG00000106588;ENSG00000165916;ENSG00000099341;ENSG00000197170;ENSG00000100519;ENSG00000115233;ENSG00000127922;ENSG00000159377"
"REACTOME","REACTOME_FCERI_MEDIATED_NF_KB_ACTIVATION",2.86382977611553e-06,7.09425902434233e-05,0.627256739718528,0.593603644649929,2.05497941315937,68,"ENSG00000100804;ENSG00000136930;ENSG00000143947;ENSG00000277791;ENSG00000087191;ENSG00000041357;ENSG00000008018;ENSG00000185627;ENSG00000100764;ENSG00000101182;ENSG00000130706;ENSG00000126067;ENSG00000068831;ENSG00000103035;ENSG00000100324;ENSG00000221983;ENSG00000142507;ENSG00000099804;ENSG00000106588;ENSG00000165916;ENSG00000099341;ENSG00000197170;ENSG00000100906;ENSG00000100519;ENSG00000244687;ENSG00000055130;ENSG00000170315;ENSG00000115233;ENSG00000127922;ENSG00000159377;ENSG00000113558;ENSG00000173692;ENSG00000100567;ENSG00000150991;ENSG00000072401;ENSG00000211644;ENSG00000173039"
"REACTOME","REACTOME_APC_C_CDH1_MEDIATED_DEGRADATION_OF_CDC20_AND_OTHER_APC_C_CDH1_TARGETED_PROTEINS_IN_LATE_MITOSIS_EARLY_G1",3.44933463124431e-06,8.39734568847753e-05,0.627256739718528,0.59760109670193,2.02699471468312,61,"ENSG00000100804;ENSG00000136930;ENSG00000143947;ENSG00000089053;ENSG00000196510;ENSG00000277791;ENSG00000087191;ENSG00000041357;ENSG00000008018;ENSG00000185627;ENSG00000100764;ENSG00000101182;ENSG00000130706;ENSG00000126067;ENSG00000103035;ENSG00000221983;ENSG00000108106;ENSG00000110200;ENSG00000142507;ENSG00000106588;ENSG00000165916;ENSG00000099341;ENSG00000197170;ENSG00000141552;ENSG00000170142;ENSG00000100519;ENSG00000170315;ENSG00000115233;ENSG00000127922;ENSG00000130177;ENSG00000159377;ENSG00000178999;ENSG00000105325;ENSG00000164611;ENSG00000173692;ENSG00000100567;ENSG00000150991;ENSG00000072401;ENSG00000176386;ENSG00000175166;ENSG00000166295"
"REACTOME","REACTOME_MRNA_SPLICING",6.39716427521742e-06,0.000153098236552661,0.610526878385931,0.422229563619645,1.72236026609599,212,"ENSG00000154548;ENSG00000128739;ENSG00000177700;ENSG00000105617;ENSG00000184209;ENSG00000163882;ENSG00000124562;ENSG00000161981;ENSG00000104852;ENSG00000100138;ENSG00000116350;ENSG00000126254;ENSG00000100319;ENSG00000100142;ENSG00000076053;ENSG00000141543;ENSG00000146007;ENSG00000105248;ENSG00000136819;ENSG00000128563;ENSG00000102103;ENSG00000065978;ENSG00000105618;ENSG00000204392;ENSG00000117751;ENSG00000125651;ENSG00000125870;ENSG00000060339;ENSG00000108883;ENSG00000143977;ENSG00000086589;ENSG00000089280;ENSG00000105705;ENSG00000183684;ENSG00000071859;ENSG00000125743;ENSG00000179950;ENSG00000113593;ENSG00000105258;ENSG00000130332;ENSG00000143294;ENSG00000175467;ENSG00000169249;ENSG00000168002;ENSG00000068394;ENSG00000100813;ENSG00000105058;ENSG00000169976;ENSG00000104824;ENSG00000018610;ENSG00000099817;ENSG00000273559;ENSG00000152404;ENSG00000162385;ENSG00000092199;ENSG00000132792;ENSG00000160799;ENSG00000125835;ENSG00000003756;ENSG00000163877;ENSG00000134453;ENSG00000076924;ENSG00000115128;ENSG00000183258;ENSG00000182004;ENSG00000198783;ENSG00000005075;ENSG00000143368;ENSG00000087365;ENSG00000130520;ENSG00000087087;ENSG00000137656;ENSG00000147669;ENSG00000111786;ENSG00000205937;ENSG00000109971;ENSG00000198258;ENSG00000136875;ENSG00000100603;ENSG00000100028;ENSG00000140259;ENSG00000076650;ENSG00000116754;ENSG00000005436;ENSG00000125352;ENSG00000104897;ENSG00000101161;ENSG00000084072;ENSG00000131876;ENSG00000169564;ENSG00000111196;ENSG00000116752;ENSG00000128534;ENSG00000099783;ENSG00000188342;ENSG00000039123;ENSG00000153187;ENSG00000110107;ENSG00000160201;ENSG00000120688;ENSG00000161265;ENSG00000170144;ENSG00000150316;ENSG00000134597;ENSG00000169045;ENSG00000163510;ENSG00000063244;ENSG00000117614;ENSG00000126698;ENSG00000139343;ENSG00000141759;ENSG00000096401;ENSG00000150459;ENSG00000100109;ENSG00000102241;ENSG00000105298;ENSG00000167088"
"REACTOME","REACTOME_DOWNSTREAM_TCR_SIGNALING",6.59229641594868e-06,0.000155138708988659,0.610526878385931,0.560900388079516,1.97208405320689,74,"ENSG00000100804;ENSG00000136930;ENSG00000143947;ENSG00000277791;ENSG00000087191;ENSG00000041357;ENSG00000008018;ENSG00000185627;ENSG00000100764;ENSG00000198821;ENSG00000101182;ENSG00000130706;ENSG00000126067;ENSG00000103035;ENSG00000221983;ENSG00000142507;ENSG00000099804;ENSG00000106588;ENSG00000165916;ENSG00000099341;ENSG00000197170;ENSG00000100906;ENSG00000182866;ENSG00000100519;ENSG00000244687;ENSG00000055130;ENSG00000170315;ENSG00000115233;ENSG00000127922;ENSG00000159377;ENSG00000113558;ENSG00000173692;ENSG00000100567;ENSG00000150991;ENSG00000051382;ENSG00000072401;ENSG00000173039"
"REACTOME","REACTOME_HOST_INTERACTIONS_OF_HIV_FACTORS",8.32701716113269e-06,0.000192749971008514,0.593325476396405,0.488580106690652,1.84924433985911,118,"ENSG00000183020;ENSG00000100804;ENSG00000136930;ENSG00000143947;ENSG00000137309;ENSG00000277791;ENSG00000100401;ENSG00000087191;ENSG00000041357;ENSG00000008018;ENSG00000185627;ENSG00000100764;ENSG00000198821;ENSG00000101182;ENSG00000130706;ENSG00000126067;ENSG00000196262;ENSG00000042753;ENSG00000103035;ENSG00000151729;ENSG00000161203;ENSG00000221983;ENSG00000239713;ENSG00000100387;ENSG00000142507;ENSG00000106588;ENSG00000165916;ENSG00000099341;ENSG00000197170;ENSG00000182866;ENSG00000181163;ENSG00000100519;ENSG00000103363;ENSG00000047249;ENSG00000170315;ENSG00000115233;ENSG00000106367;ENSG00000127922;ENSG00000159377;ENSG00000175115;ENSG00000113558;ENSG00000152056;ENSG00000138750;ENSG00000173692;ENSG00000100567;ENSG00000150991;ENSG00000099901;ENSG00000136243;ENSG00000134516;ENSG00000180198;ENSG00000005022;ENSG00000213024;ENSG00000206503;ENSG00000132341;ENSG00000085415;ENSG00000175166"
"REACTOME","REACTOME_DECTIN_1_MEDIATED_NONCANONICAL_NF_KB_SIGNALING",9.23993296165778e-06,0.000210432021642916,0.593325476396405,0.634412058143704,2.05695688234279,47,"ENSG00000100804;ENSG00000136930;ENSG00000143947;ENSG00000277791;ENSG00000087191;ENSG00000041357;ENSG00000008018;ENSG00000185627;ENSG00000100764;ENSG00000101182;ENSG00000130706;ENSG00000126067;ENSG00000103035;ENSG00000221983;ENSG00000142507;ENSG00000106588;ENSG00000165916;ENSG00000099341;ENSG00000197170;ENSG00000100519;ENSG00000055130;ENSG00000170315;ENSG00000115233;ENSG00000127922;ENSG00000159377;ENSG00000113558;ENSG00000173692;ENSG00000100567;ENSG00000150991;ENSG00000104856;ENSG00000173039;ENSG00000175166"
"REACTOME","REACTOME_TCR_SIGNALING",1.12903565265097e-05,0.000253047355800504,0.593325476396405,0.524008666977322,1.92418308297227,96,"ENSG00000124181;ENSG00000100804;ENSG00000136930;ENSG00000143947;ENSG00000277791;ENSG00000087191;ENSG00000125753;ENSG00000041357;ENSG00000008018;ENSG00000185627;ENSG00000100764;ENSG00000198821;ENSG00000101182;ENSG00000130706;ENSG00000126067;ENSG00000103035;ENSG00000221983;ENSG00000142507;ENSG00000099804;ENSG00000106588;ENSG00000165916;ENSG00000099341;ENSG00000196405;ENSG00000197170;ENSG00000149269;ENSG00000100906;ENSG00000182866;ENSG00000100519;ENSG00000244687;ENSG00000055130;ENSG00000170315;ENSG00000115233;ENSG00000127922;ENSG00000159377;ENSG00000113558;ENSG00000154380;ENSG00000173692;ENSG00000100567;ENSG00000150991;ENSG00000051382;ENSG00000072401;ENSG00000173039"
"REACTOME","REACTOME_ATF6_ATF6_ALPHA_ACTIVATES_CHAPERONE_GENES",1.24378618509384e-05,0.000274410327086329,0.593325476396405,-0.925866797792525,-2.0359196093928,10,"ENSG00000044574;ENSG00000166598;ENSG00000175197;ENSG00000179218;ENSG00000118217;ENSG00000100219;ENSG00000001167"
"REACTOME","REACTOME_ATF6_ATF6_ALPHA_ACTIVATES_CHAPERONES",1.47613097142647e-05,0.000320661066408336,0.593325476396405,-0.896965849338078,-2.0682077025755,12,"ENSG00000044574;ENSG00000166598;ENSG00000175197;ENSG00000179218;ENSG00000118217;ENSG00000100219;ENSG00000001167"
"REACTOME","REACTOME_REGULATION_OF_RUNX2_EXPRESSION_AND_ACTIVITY",1.5173310443636e-05,0.000324616884036576,0.593325476396405,0.59611065519835,2.01037085155186,59,"ENSG00000100804;ENSG00000136930;ENSG00000143947;ENSG00000277791;ENSG00000087191;ENSG00000041357;ENSG00000008018;ENSG00000185627;ENSG00000100764;ENSG00000101182;ENSG00000130706;ENSG00000126067;ENSG00000103035;ENSG00000122691;ENSG00000221983;ENSG00000100387;ENSG00000142507;ENSG00000106588;ENSG00000165916;ENSG00000099341;ENSG00000197170;ENSG00000103266;ENSG00000100519;ENSG00000173153;ENSG00000055130;ENSG00000170315;ENSG00000115233;ENSG00000127922;ENSG00000159377;ENSG00000113558;ENSG00000006377;ENSG00000173692;ENSG00000100567;ENSG00000150991"
"REACTOME","REACTOME_CALNEXIN_CALRETICULIN_CYCLE",1.58681781167929e-05,0.000334415932849426,0.575610261071129,-0.752421311327773,-2.10784710997203,26,"ENSG00000127022;ENSG00000179218;ENSG00000167004;ENSG00000145495;ENSG00000136731;ENSG00000071537;ENSG00000134109;ENSG00000072849;ENSG00000089597;ENSG00000135506;ENSG00000162298;ENSG00000130175"
"REACTOME","REACTOME_STABILIZATION_OF_P53",1.61836082591344e-05,0.000336047865616144,0.575610261071129,0.64107421092351,2.05427725363605,44,"ENSG00000100804;ENSG00000136930;ENSG00000143947;ENSG00000277791;ENSG00000087191;ENSG00000041357;ENSG00000008018;ENSG00000185627;ENSG00000100764;ENSG00000101182;ENSG00000130706;ENSG00000126067;ENSG00000103035;ENSG00000147889;ENSG00000198625;ENSG00000221983;ENSG00000142507;ENSG00000106588;ENSG00000165916;ENSG00000099341;ENSG00000197170;ENSG00000100519;ENSG00000170315;ENSG00000115233;ENSG00000127922;ENSG00000143207;ENSG00000159377;ENSG00000173692;ENSG00000100567;ENSG00000150991"
"REACTOME","REACTOME_P53_DEPENDENT_G1_DNA_DAMAGE_RESPONSE",1.65078808103036e-05,0.000337813444987663,0.575610261071129,0.621950159610347,2.0617645077171,53,"ENSG00000090097;ENSG00000100804;ENSG00000136930;ENSG00000143947;ENSG00000277791;ENSG00000087191;ENSG00000041357;ENSG00000008018;ENSG00000185627;ENSG00000100764;ENSG00000161642;ENSG00000101182;ENSG00000130706;ENSG00000126067;ENSG00000103035;ENSG00000147889;ENSG00000198625;ENSG00000221983;ENSG00000142507;ENSG00000106588;ENSG00000165916;ENSG00000099341;ENSG00000197170;ENSG00000100519;ENSG00000170315;ENSG00000115233;ENSG00000127922;ENSG00000143207;ENSG00000159377;ENSG00000124762;ENSG00000173692;ENSG00000100567;ENSG00000150991"
"REACTOME","REACTOME_SOMITOGENESIS",2.05463480182543e-05,0.000414449191453929,0.575610261071129,0.635964757497833,2.03790436923041,44,"ENSG00000100804;ENSG00000136930;ENSG00000277791;ENSG00000087191;ENSG00000041357;ENSG00000008018;ENSG00000185627;ENSG00000100764;ENSG00000101182;ENSG00000130706;ENSG00000126067;ENSG00000103035;ENSG00000149922;ENSG00000142507;ENSG00000106588;ENSG00000165916;ENSG00000099341;ENSG00000197170;ENSG00000100519;ENSG00000115233;ENSG00000090932;ENSG00000127922;ENSG00000159377"
"REACTOME","REACTOME_ASYMMETRIC_LOCALIZATION_OF_PCP_PROTEINS",2.11994710356578e-05,0.000421600747920405,0.575610261071129,0.604692115604552,1.98518033328869,51,"ENSG00000100804;ENSG00000136930;ENSG00000143947;ENSG00000277791;ENSG00000087191;ENSG00000041357;ENSG00000008018;ENSG00000185627;ENSG00000100764;ENSG00000101182;ENSG00000130706;ENSG00000126067;ENSG00000103035;ENSG00000221983;ENSG00000142507;ENSG00000106588;ENSG00000165916;ENSG00000099341;ENSG00000197170;ENSG00000100519;ENSG00000170315;ENSG00000115233;ENSG00000127922;ENSG00000159377;ENSG00000180900;ENSG00000177283;ENSG00000173692;ENSG00000100567;ENSG00000150991"
"REACTOME","REACTOME_DEGRADATION_OF_BETA_CATENIN_BY_THE_DESTRUCTION_COMPLEX",2.35769160831376e-05,0.000462369520963755,0.575610261071129,0.557962239285972,1.95123585443421,72,"ENSG00000065717;ENSG00000100804;ENSG00000136930;ENSG00000143947;ENSG00000277791;ENSG00000140332;ENSG00000181274;ENSG00000104964;ENSG00000087191;ENSG00000041357;ENSG00000103126;ENSG00000008018;ENSG00000185627;ENSG00000100764;ENSG00000101182;ENSG00000130706;ENSG00000126067;ENSG00000103035;ENSG00000137713;ENSG00000221983;ENSG00000100387;ENSG00000142507;ENSG00000106588;ENSG00000165916;ENSG00000099341;ENSG00000197170;ENSG00000113575;ENSG00000100519;ENSG00000105568;ENSG00000055130;ENSG00000170315;ENSG00000115233;ENSG00000127922;ENSG00000159377;ENSG00000113558;ENSG00000112640;ENSG00000173692;ENSG00000100567;ENSG00000150991"
"REACTOME","REACTOME_REGULATION_OF_RUNX3_EXPRESSION_AND_ACTIVITY",2.51906840187863e-05,0.000479307464211607,0.575610261071129,0.630145641602839,2.02714085231343,45,"ENSG00000100804;ENSG00000136930;ENSG00000143947;ENSG00000277791;ENSG00000087191;ENSG00000041357;ENSG00000008018;ENSG00000185627;ENSG00000100764;ENSG00000101182;ENSG00000130706;ENSG00000126067;ENSG00000103035;ENSG00000147889;ENSG00000221983;ENSG00000142507;ENSG00000106588;ENSG00000165916;ENSG00000099341;ENSG00000197170;ENSG00000100519;ENSG00000170315;ENSG00000115233;ENSG00000020633;ENSG00000127922;ENSG00000159377;ENSG00000173692;ENSG00000100567;ENSG00000150991"
"REACTOME","REACTOME_G1_S_DNA_DAMAGE_CHECKPOINTS",2.50055653647483e-05,0.000479307464211607,0.575610261071129,0.571062853740066,1.97331179507559,67,"ENSG00000185386;ENSG00000090097;ENSG00000100804;ENSG00000136930;ENSG00000143947;ENSG00000277791;ENSG00000087191;ENSG00000041357;ENSG00000008018;ENSG00000185627;ENSG00000100764;ENSG00000161642;ENSG00000101182;ENSG00000130706;ENSG00000126067;ENSG00000103035;ENSG00000147889;ENSG00000198625;ENSG00000221983;ENSG00000100387;ENSG00000142507;ENSG00000106588;ENSG00000165916;ENSG00000099341;ENSG00000197170;ENSG00000100519;ENSG00000055130;ENSG00000170315;ENSG00000115233;ENSG00000127922;ENSG00000143207;ENSG00000159377;ENSG00000113558;ENSG00000124762;ENSG00000173692;ENSG00000100567;ENSG00000150991"
"REACTOME","REACTOME_SARS_COV_1_HOST_INTERACTIONS",2.54589658752624e-05,0.000479307464211607,0.575610261071129,0.511365128745988,1.87775544941044,96,"ENSG00000177954;ENSG00000143947;ENSG00000233927;ENSG00000083845;ENSG00000170889;ENSG00000112306;ENSG00000124614;ENSG00000105372;ENSG00000213741;ENSG00000149273;ENSG00000105193;ENSG00000168028;ENSG00000196262;ENSG00000186468;ENSG00000231500;ENSG00000138326;ENSG00000145425;ENSG00000118181;ENSG00000115268;ENSG00000175793;ENSG00000149806;ENSG00000088832;ENSG00000110700;ENSG00000198034;ENSG00000221983;ENSG00000197728;ENSG00000164587;ENSG00000126456;ENSG00000103490;ENSG00000182774;ENSG00000100906;ENSG00000134419;ENSG00000129824;ENSG00000140988;ENSG00000171863;ENSG00000181163;ENSG00000100519;ENSG00000142937;ENSG00000008988;ENSG00000134070;ENSG00000182481;ENSG00000142534;ENSG00000170315;ENSG00000171858;ENSG00000128245;ENSG00000117602;ENSG00000166913;ENSG00000123609;ENSG00000150991"
"REACTOME","REACTOME_ACTIVATION_OF_NF_KAPPAB_IN_B_CELLS",3.04806277854082e-05,0.00056629797938153,0.575610261071129,0.594118975243389,1.97549702192587,54,"ENSG00000100804;ENSG00000136930;ENSG00000143947;ENSG00000277791;ENSG00000087191;ENSG00000041357;ENSG00000008018;ENSG00000185627;ENSG00000100764;ENSG00000101182;ENSG00000130706;ENSG00000126067;ENSG00000103035;ENSG00000221983;ENSG00000142507;ENSG00000106588;ENSG00000165916;ENSG00000099341;ENSG00000197170;ENSG00000100906;ENSG00000100519;ENSG00000055130;ENSG00000170315;ENSG00000115233;ENSG00000127922;ENSG00000159377;ENSG00000113558;ENSG00000173692;ENSG00000100567;ENSG00000150991"
"REACTOME","REACTOME_IRE1ALPHA_ACTIVATES_CHAPERONES",3.47896871592616e-05,0.000637961535959447,0.557332238758646,-0.651844707326385,-2.09383055892264,50,"ENSG00000044574;ENSG00000149428;ENSG00000102580;ENSG00000143870;ENSG00000090520;ENSG00000134109;ENSG00000100219;ENSG00000128590;ENSG00000124783;ENSG00000100196;ENSG00000162298;ENSG00000178607;ENSG00000138674;ENSG00000198380;ENSG00000160691;ENSG00000065485"
"REACTOME","REACTOME_ANTIGEN_PRESENTATION_FOLDING_ASSEMBLY_AND_PEPTIDE_LOADING_OF_CLASS_I_MHC",4.42162309382587e-05,0.000800427154933606,0.557332238758646,-0.725801283282947,-2.07413404774817,29,"ENSG00000044574;ENSG00000127022;ENSG00000179218;ENSG00000167004;ENSG00000164307;ENSG00000100934;ENSG00000126581;ENSG00000138674;ENSG00000150961;ENSG00000126775;ENSG00000164308"
"REACTOME","REACTOME_APC_C_MEDIATED_DEGRADATION_OF_CELL_CYCLE_PROTEINS",4.49890914045068e-05,0.00080410882358435,0.557332238758646,0.54126421978525,1.90885282475229,75,"ENSG00000100804;ENSG00000136930;ENSG00000143947;ENSG00000089053;ENSG00000196510;ENSG00000277791;ENSG00000087191;ENSG00000041357;ENSG00000008018;ENSG00000185627;ENSG00000100764;ENSG00000101182;ENSG00000130706;ENSG00000126067;ENSG00000103035;ENSG00000079335;ENSG00000221983;ENSG00000108106;ENSG00000110200;ENSG00000142507;ENSG00000106588;ENSG00000165916;ENSG00000099341;ENSG00000197170;ENSG00000141552;ENSG00000170142;ENSG00000100519;ENSG00000055130;ENSG00000170315;ENSG00000115233;ENSG00000127922;ENSG00000130177;ENSG00000159377;ENSG00000113558;ENSG00000178999;ENSG00000105325;ENSG00000164611;ENSG00000173692;ENSG00000100567;ENSG00000150991;ENSG00000072401;ENSG00000176386;ENSG00000175166;ENSG00000166295"
"REACTOME","REACTOME_SCF_SKP2_MEDIATED_DEGRADATION_OF_P27_P21",7.56291297148769e-05,0.00131837445873341,0.538434096309916,0.595106848872547,1.94753117046792,50,"ENSG00000100804;ENSG00000136930;ENSG00000143947;ENSG00000277791;ENSG00000087191;ENSG00000041357;ENSG00000008018;ENSG00000185627;ENSG00000100764;ENSG00000101182;ENSG00000130706;ENSG00000126067;ENSG00000103035;ENSG00000221983;ENSG00000142507;ENSG00000106588;ENSG00000165916;ENSG00000099341;ENSG00000197170;ENSG00000100519;ENSG00000055130;ENSG00000170315;ENSG00000115233;ENSG00000127922;ENSG00000159377;ENSG00000113558;ENSG00000124762;ENSG00000173692;ENSG00000100567;ENSG00000150991"
"REACTOME","REACTOME_NUCLEAR_EVENTS_MEDIATED_BY_NFE2L2",7.49080735767461e-05,0.00131837445873341,0.538434096309916,0.513247472425833,1.84883856852294,85,"ENSG00000161011;ENSG00000117450;ENSG00000100804;ENSG00000136930;ENSG00000143947;ENSG00000277791;ENSG00000181019;ENSG00000087191;ENSG00000041357;ENSG00000008018;ENSG00000185627;ENSG00000100764;ENSG00000100292;ENSG00000079999;ENSG00000101182;ENSG00000271303;ENSG00000130706;ENSG00000126067;ENSG00000116044;ENSG00000160211;ENSG00000033050;ENSG00000103035;ENSG00000147889;ENSG00000142657;ENSG00000221983;ENSG00000100387;ENSG00000142507;ENSG00000106588;ENSG00000165916;ENSG00000099341;ENSG00000197170;ENSG00000065833;ENSG00000162409;ENSG00000100519;ENSG00000163931;ENSG00000055130;ENSG00000170315;ENSG00000115233;ENSG00000127922;ENSG00000159377;ENSG00000113558;ENSG00000118777;ENSG00000001084;ENSG00000173692;ENSG00000100567;ENSG00000150991"
"REACTOME","REACTOME_PERK_REGULATES_GENE_EXPRESSION",7.71363195765094e-05,0.00132824979563453,0.538434096309916,-0.708248258672361,-2.07098985864596,32,"ENSG00000044574;ENSG00000051108;ENSG00000175197;ENSG00000172795;ENSG00000172071;ENSG00000118217;ENSG00000001167;ENSG00000172216"
"REACTOME","REACTOME_DNA_REPLICATION_PRE_INITIATION",7.9953187946063e-05,0.00136016748650411,0.538434096309916,0.435391043296762,1.69429045871805,144,"ENSG00000100804;ENSG00000136930;ENSG00000143947;ENSG00000089053;ENSG00000196510;ENSG00000277791;ENSG00000087191;ENSG00000273802;ENSG00000041357;ENSG00000008018;ENSG00000185627;ENSG00000115350;ENSG00000100764;ENSG00000101182;ENSG00000130706;ENSG00000126067;ENSG00000103035;ENSG00000132475;ENSG00000221983;ENSG00000108106;ENSG00000110200;ENSG00000142507;ENSG00000106588;ENSG00000165916;ENSG00000099341;ENSG00000158373;ENSG00000197170;ENSG00000148229;ENSG00000167513;ENSG00000141552;ENSG00000170142;ENSG00000100519;ENSG00000188486;ENSG00000180596;ENSG00000276180;ENSG00000274750;ENSG00000170315;ENSG00000115233;ENSG00000270882;ENSG00000127922;ENSG00000197061;ENSG00000130177;ENSG00000274183;ENSG00000159377;ENSG00000246705;ENSG00000124635;ENSG00000277224;ENSG00000105325;ENSG00000166508;ENSG00000273983;ENSG00000173692;ENSG00000100567;ENSG00000150991;ENSG00000277775;ENSG00000180573;ENSG00000072401;ENSG00000176386;ENSG00000100297;ENSG00000175166;ENSG00000276368;ENSG00000166295"
"REACTOME","REACTOME_GLUCURONIDATION",0.00010829693101974,0.00182041984047468,0.538434096309916,-0.781360539905023,-2.00636693007212,18,"ENSG00000145626;ENSG00000171234;ENSG00000109814;ENSG00000197888;ENSG00000135220;ENSG00000116704"
"REACTOME","REACTOME_REGULATION_OF_MRNA_STABILITY_BY_PROTEINS_THAT_BIND_AU_RICH_ELEMENTS",0.000114880729594823,0.0019083716492693,0.538434096309916,0.520665050605427,1.83061959874336,74,"ENSG00000185386;ENSG00000163932;ENSG00000100804;ENSG00000136930;ENSG00000106211;ENSG00000143947;ENSG00000277791;ENSG00000140350;ENSG00000087191;ENSG00000041357;ENSG00000008018;ENSG00000185627;ENSG00000100764;ENSG00000070756;ENSG00000130713;ENSG00000101182;ENSG00000130706;ENSG00000126067;ENSG00000103035;ENSG00000204389;ENSG00000221983;ENSG00000077348;ENSG00000142507;ENSG00000106588;ENSG00000165916;ENSG00000099341;ENSG00000197170;ENSG00000178896;ENSG00000100519;ENSG00000170315;ENSG00000115233;ENSG00000127922;ENSG00000159377;ENSG00000075914;ENSG00000166913;ENSG00000173692;ENSG00000100567;ENSG00000150991"
"REACTOME","REACTOME_SWITCHING_OF_ORIGINS_TO_A_POST_REPLICATIVE_STATE",0.000140137890266843,0.00230086861693933,0.518848077743792,0.515524811275861,1.82985405728136,79,"ENSG00000100804;ENSG00000136930;ENSG00000143947;ENSG00000089053;ENSG00000196510;ENSG00000277791;ENSG00000087191;ENSG00000041357;ENSG00000008018;ENSG00000185627;ENSG00000100764;ENSG00000101182;ENSG00000130706;ENSG00000126067;ENSG00000103035;ENSG00000221983;ENSG00000108106;ENSG00000110200;ENSG00000100387;ENSG00000142507;ENSG00000106588;ENSG00000165916;ENSG00000099341;ENSG00000197170;ENSG00000167513;ENSG00000141552;ENSG00000170142;ENSG00000100519;ENSG00000055130;ENSG00000170315;ENSG00000115233;ENSG00000127922;ENSG00000130177;ENSG00000159377;ENSG00000113558;ENSG00000105325;ENSG00000166508;ENSG00000173692;ENSG00000100567;ENSG00000150991;ENSG00000072401;ENSG00000176386;ENSG00000100297;ENSG00000175166;ENSG00000166295"
"REACTOME","REACTOME_CELLULAR_RESPONSE_TO_CHEMICAL_STRESS",0.000147757747084797,0.00239809125153717,0.518848077743792,0.40120161546527,1.61169872946255,188,"ENSG00000177556;ENSG00000189043;ENSG00000163932;ENSG00000161011;ENSG00000132109;ENSG00000106605;ENSG00000117450;ENSG00000233276;ENSG00000126432;ENSG00000130589;ENSG00000100804;ENSG00000136930;ENSG00000143947;ENSG00000100348;ENSG00000277791;ENSG00000090013;ENSG00000211445;ENSG00000181019;ENSG00000204435;ENSG00000087191;ENSG00000164919;ENSG00000103415;ENSG00000130766;ENSG00000041357;ENSG00000008018;ENSG00000185627;ENSG00000178741;ENSG00000070010;ENSG00000100764;ENSG00000131143;ENSG00000100292;ENSG00000079999;ENSG00000167815;ENSG00000101182;ENSG00000271303;ENSG00000130706;ENSG00000126067;ENSG00000116044;ENSG00000160211;ENSG00000033050;ENSG00000127511;ENSG00000116157;ENSG00000103035;ENSG00000147889;ENSG00000142657;ENSG00000126267;ENSG00000221983;ENSG00000080546;ENSG00000111775;ENSG00000112695;ENSG00000100387;ENSG00000142507;ENSG00000106588;ENSG00000165916;ENSG00000099341;ENSG00000197170;ENSG00000065833;ENSG00000162409;ENSG00000176153;ENSG00000100519;ENSG00000127184;ENSG00000135940;ENSG00000163931;ENSG00000142168;ENSG00000055130;ENSG00000170315;ENSG00000115233;ENSG00000127922;ENSG00000159377;ENSG00000113558;ENSG00000105221;ENSG00000118777;ENSG00000082014;ENSG00000124762;ENSG00000254986;ENSG00000001084;ENSG00000173692;ENSG00000131174;ENSG00000100567;ENSG00000150991;ENSG00000176340"
"REACTOME","REACTOME_RUNX1_REGULATES_TRANSCRIPTION_OF_GENES_INVOLVED_IN_DIFFERENTIATION_OF_HSCS",0.000157171602169906,0.0025218897984535,0.518848077743792,0.46432582619094,1.73496357945723,109,"ENSG00000100804;ENSG00000136930;ENSG00000143947;ENSG00000277791;ENSG00000087191;ENSG00000273802;ENSG00000041357;ENSG00000008018;ENSG00000185627;ENSG00000100764;ENSG00000101182;ENSG00000130706;ENSG00000126067;ENSG00000103035;ENSG00000132475;ENSG00000221983;ENSG00000142507;ENSG00000106588;ENSG00000165916;ENSG00000099341;ENSG00000137693;ENSG00000158373;ENSG00000197170;ENSG00000100519;ENSG00000188486;ENSG00000180596;ENSG00000276180;ENSG00000274750;ENSG00000170315;ENSG00000115233;ENSG00000270882;ENSG00000127922;ENSG00000197061;ENSG00000274183;ENSG00000159377;ENSG00000246705;ENSG00000124635;ENSG00000277224;ENSG00000134480;ENSG00000273983;ENSG00000173692;ENSG00000100567;ENSG00000150991;ENSG00000277775;ENSG00000180573"
"REACTOME","REACTOME_PROCESSING_OF_CAPPED_INTRON_CONTAINING_PRE_MRNA",0.000160320824294771,0.00254351689780019,0.518848077743792,0.361851928387319,1.52783136372087,294,"ENSG00000154548;ENSG00000128739;ENSG00000177700;ENSG00000105617;ENSG00000184209;ENSG00000143947;ENSG00000163882;ENSG00000124562;ENSG00000149016;ENSG00000161981;ENSG00000104852;ENSG00000100138;ENSG00000116350;ENSG00000126254;ENSG00000100319;ENSG00000100142;ENSG00000076053;ENSG00000141543;ENSG00000146007;ENSG00000105248;ENSG00000136819;ENSG00000162231;ENSG00000125755;ENSG00000123136;ENSG00000128563;ENSG00000102103;ENSG00000065978;ENSG00000221983;ENSG00000172531;ENSG00000105618;ENSG00000204392;ENSG00000117751;ENSG00000125651;ENSG00000125870;ENSG00000060339;ENSG00000108883;ENSG00000143977;ENSG00000086589;ENSG00000089280;ENSG00000105705;ENSG00000183684;ENSG00000071859;ENSG00000125743;ENSG00000205323;ENSG00000179950;ENSG00000113593;ENSG00000105258;ENSG00000172409;ENSG00000130332;ENSG00000071894;ENSG00000143294;ENSG00000175467;ENSG00000169249;ENSG00000168002;ENSG00000170315;ENSG00000068394;ENSG00000100813;ENSG00000100296;ENSG00000105058;ENSG00000169976;ENSG00000104824;ENSG00000018610;ENSG00000099817;ENSG00000273559;ENSG00000152404;ENSG00000162385;ENSG00000092199;ENSG00000119203;ENSG00000132792;ENSG00000176102;ENSG00000160799;ENSG00000125835;ENSG00000003756;ENSG00000163877;ENSG00000134453;ENSG00000076924;ENSG00000115128;ENSG00000183258;ENSG00000182004;ENSG00000198783;ENSG00000160679;ENSG00000138750;ENSG00000079134;ENSG00000005075;ENSG00000143368;ENSG00000150991;ENSG00000163950;ENSG00000136243;ENSG00000101138;ENSG00000087365;ENSG00000130520;ENSG00000087087;ENSG00000137656;ENSG00000213024;ENSG00000147669;ENSG00000111786;ENSG00000205937;ENSG00000085415;ENSG00000109971;ENSG00000198258;ENSG00000136875;ENSG00000100603;ENSG00000100028;ENSG00000140259;ENSG00000076650;ENSG00000116754;ENSG00000165819;ENSG00000005436;ENSG00000100227;ENSG00000125352;ENSG00000104897;ENSG00000160917"
"REACTOME","REACTOME_ANTIGEN_PROCESSING_UB_ATP_INDEPENDENT_PROTEASOMAL_DEGRADATION",0.000167443037480883,0.00262699521025562,0.518848077743792,0.754749643735791,2.00272166518079,19,"ENSG00000205220;ENSG00000100804;ENSG00000136930;ENSG00000277791;ENSG00000041357;ENSG00000008018;ENSG00000100911;ENSG00000101182;ENSG00000126067;ENSG00000204264;ENSG00000142507;ENSG00000106588"
"REACTOME","REACTOME_FORMATION_OF_ATP_BY_CHEMIOSMOTIC_COUPLING",0.00017891201696273,0.00277608536210302,0.518848077743792,0.748928822033287,2.01649106621929,20,"ENSG00000152234;ENSG00000154723;ENSG00000241837;ENSG00000099624;ENSG00000241468;ENSG00000124172;ENSG00000169020;ENSG00000159199;ENSG00000116459;ENSG00000110955;ENSG00000125375;ENSG00000156411;ENSG00000135390;ENSG00000167283"
"REACTOME","REACTOME_MATURATION_OF_SARS_COV_2_SPIKE_PROTEIN",0.000182674470836245,0.0028036560089215,0.518848077743792,-0.656091745032738,-2.02077883703708,41,"ENSG00000127022;ENSG00000134910;ENSG00000156599;ENSG00000102158;ENSG00000008513;ENSG00000089597;ENSG00000163527;ENSG00000071073;ENSG00000104219;ENSG00000163902;ENSG00000198856;ENSG00000244038;ENSG00000130175;ENSG00000112893"
"REACTOME","REACTOME_N_GLYCAN_TRIMMING_IN_THE_ER_AND_CALNEXIN_CALRETICULIN_CYCLE",0.000192255501483376,0.00289970791376242,0.518848077743792,-0.665259355615594,-1.98090695918096,35,"ENSG00000127022;ENSG00000179218;ENSG00000167004;ENSG00000145495;ENSG00000136731;ENSG00000071537;ENSG00000110917;ENSG00000134109;ENSG00000072849;ENSG00000089597;ENSG00000135506;ENSG00000162298;ENSG00000130175;ENSG00000136986"
"REACTOME","REACTOME_COMPLEX_III_ASSEMBLY",0.000193040045250473,0.00289970791376242,0.518848077743792,0.682348363482897,1.94829652612913,26,"ENSG00000137288;ENSG00000169021;ENSG00000184076;ENSG00000074582;ENSG00000168273;ENSG00000179091;ENSG00000204954;ENSG00000233954;ENSG00000214113;ENSG00000100209;ENSG00000010256;ENSG00000113013;ENSG00000127540;ENSG00000173660;ENSG00000136003;ENSG00000164405;ENSG00000204922;ENSG00000140740;ENSG00000156467"
"REACTOME","REACTOME_PCP_CE_PATHWAY",0.000202269292637841,0.00300636043373296,0.518848077743792,0.502154165646978,1.77994618490375,78,"ENSG00000108518;ENSG00000126583;ENSG00000183020;ENSG00000100804;ENSG00000136930;ENSG00000143947;ENSG00000277791;ENSG00000087191;ENSG00000041357;ENSG00000008018;ENSG00000185627;ENSG00000100764;ENSG00000101182;ENSG00000130706;ENSG00000126067;ENSG00000042753;ENSG00000103035;ENSG00000161203;ENSG00000175416;ENSG00000221983;ENSG00000122705;ENSG00000142507;ENSG00000106588;ENSG00000165916;ENSG00000099341;ENSG00000162552;ENSG00000197170;ENSG00000100519;ENSG00000170315;ENSG00000115233;ENSG00000127922;ENSG00000159377;ENSG00000180900;ENSG00000177283;ENSG00000173692;ENSG00000100567;ENSG00000150991"
"REACTOME","REACTOME_CREATINE_METABOLISM",0.000219391514711404,0.00319361668837631,0.518848077743792,0.862183303469102,1.91498501800721,10,"ENSG00000223572;ENSG00000130005;ENSG00000237289;ENSG00000111181;ENSG00000166165;ENSG00000130821"
"REACTOME","REACTOME_REGULATION_OF_INSULIN_LIKE_GROWTH_FACTOR_IGF_TRANSPORT_AND_UPTAKE_BY_INSULIN_LIKE_GROWTH_FACTOR_BINDING_PROTEINS_IGFBPS",0.000218875534039457,0.00319361668837631,0.518848077743792,-0.475533514427348,-1.76172129296896,115,"ENSG00000166598;ENSG00000102580;ENSG00000143870;ENSG00000115414;ENSG00000071073;ENSG00000132464;ENSG00000099769;ENSG00000091136;ENSG00000038427;ENSG00000170558;ENSG00000169174;ENSG00000128595;ENSG00000115461;ENSG00000130175;ENSG00000049323;ENSG00000185624;ENSG00000152291;ENSG00000167244;ENSG00000166147;ENSG00000154305;ENSG00000130203;ENSG00000150687;ENSG00000163453;ENSG00000070404;ENSG00000116260;ENSG00000142192"
"REACTOME","REACTOME_TRANSCRIPTIONAL_REGULATION_BY_RUNX2",0.00024391578739448,0.00351437848776536,0.518848077743792,0.461486077683203,1.7139615831128,104,"ENSG00000137834;ENSG00000100804;ENSG00000136930;ENSG00000102882;ENSG00000143947;ENSG00000277791;ENSG00000087191;ENSG00000131981;ENSG00000041357;ENSG00000008018;ENSG00000185627;ENSG00000100764;ENSG00000101182;ENSG00000130706;ENSG00000126067;ENSG00000198542;ENSG00000103035;ENSG00000170365;ENSG00000122691;ENSG00000221983;ENSG00000100387;ENSG00000142507;ENSG00000106588;ENSG00000165916;ENSG00000099341;ENSG00000137693;ENSG00000197170;ENSG00000103266;ENSG00000239306;ENSG00000087088;ENSG00000100519;ENSG00000173153;ENSG00000055130;ENSG00000170315;ENSG00000115233;ENSG00000127922;ENSG00000159377;ENSG00000113558;ENSG00000006377;ENSG00000105221;ENSG00000124762;ENSG00000173692;ENSG00000100567;ENSG00000150991"
"REACTOME","REACTOME_TRANSPORT_TO_THE_GOLGI_AND_SUBSEQUENT_MODIFICATION",0.000272813624748076,0.00389103876913417,0.49849310876659,-0.412004811776839,-1.61761322245477,183,"ENSG00000254647;ENSG00000086598;ENSG00000170348;ENSG00000071073;ENSG00000118276;ENSG00000136240;ENSG00000114354;ENSG00000100196;ENSG00000134970;ENSG00000114270;ENSG00000100934;ENSG00000101162;ENSG00000196547;ENSG00000138674;ENSG00000136152;ENSG00000164597;ENSG00000115306;ENSG00000176014;ENSG00000116489;ENSG00000136874;ENSG00000150961;ENSG00000112893;ENSG00000110075;ENSG00000185010;ENSG00000122218;ENSG00000173230;ENSG00000158623;ENSG00000119414;ENSG00000154305;ENSG00000095139;ENSG00000033170;ENSG00000160218;ENSG00000133103;ENSG00000138768;ENSG00000198162;ENSG00000104833;ENSG00000184432;ENSG00000172469;ENSG00000143761;ENSG00000173898;ENSG00000180398;ENSG00000138069;ENSG00000105438;ENSG00000111885;ENSG00000206560;ENSG00000113615;ENSG00000108587;ENSG00000074695;ENSG00000176986;ENSG00000054116;ENSG00000114745;ENSG00000108433;ENSG00000093183;ENSG00000107651;ENSG00000182400;ENSG00000029534;ENSG00000117643;ENSG00000129083;ENSG00000242247;ENSG00000132912;ENSG00000107862;ENSG00000086062;ENSG00000258947;ENSG00000265808;ENSG00000105829;ENSG00000111481;ENSG00000181789;ENSG00000198734;ENSG00000138802;ENSG00000073849"
"REACTOME","REACTOME_INSULIN_PROCESSING",0.000317098312753542,0.00447742817608001,0.49849310876659,-0.720512929114711,-1.99721583292893,25,"ENSG00000254647;ENSG00000070367;ENSG00000197535;ENSG00000164756;ENSG00000185624;ENSG00000145740;ENSG00000168280;ENSG00000086619"
"REACTOME","REACTOME_TRANSLATION_OF_SARS_COV_2_STRUCTURAL_PROTEINS",0.000354982545576466,0.00496272628073237,0.49849310876659,-0.544493520967442,-1.81640124190859,61,"ENSG00000127022;ENSG00000134910;ENSG00000156599;ENSG00000102158;ENSG00000008513;ENSG00000089597;ENSG00000163527;ENSG00000071073;ENSG00000104219;ENSG00000163902;ENSG00000138617;ENSG00000198856;ENSG00000244038;ENSG00000130175;ENSG00000112893;ENSG00000151883;ENSG00000102699;ENSG00000033170;ENSG00000135250"
"REACTOME","REACTOME_ORC1_REMOVAL_FROM_CHROMATIN",0.000388588448007353,0.00532705717074158,0.49849310876659,0.528699405440521,1.78065652087049,58,"ENSG00000100804;ENSG00000136930;ENSG00000143947;ENSG00000277791;ENSG00000087191;ENSG00000041357;ENSG00000008018;ENSG00000185627;ENSG00000100764;ENSG00000101182;ENSG00000130706;ENSG00000126067;ENSG00000103035;ENSG00000221983;ENSG00000100387;ENSG00000142507;ENSG00000106588;ENSG00000165916;ENSG00000099341;ENSG00000197170;ENSG00000167513;ENSG00000100519;ENSG00000055130;ENSG00000170315;ENSG00000115233;ENSG00000127922;ENSG00000159377;ENSG00000113558;ENSG00000166508;ENSG00000173692;ENSG00000100567;ENSG00000150991"
"REACTOME","REACTOME_AUTOPHAGY",0.000387623127605029,0.00532705717074158,0.49849310876659,0.412472433864443,1.62156984036967,156,"ENSG00000167552;ENSG00000137267;ENSG00000137285;ENSG00000161011;ENSG00000147872;ENSG00000139722;ENSG00000168397;ENSG00000143947;ENSG00000188186;ENSG00000204435;ENSG00000147457;ENSG00000158828;ENSG00000176428;ENSG00000185122;ENSG00000196998;ENSG00000096384;ENSG00000214736;ENSG00000080824;ENSG00000088986;ENSG00000116586;ENSG00000181929;ENSG00000141971;ENSG00000023287;ENSG00000188229;ENSG00000116288;ENSG00000160948;ENSG00000183785;ENSG00000101421;ENSG00000149357;ENSG00000167553;ENSG00000221983;ENSG00000139197;ENSG00000130204;ENSG00000123416;ENSG00000170296;ENSG00000001626;ENSG00000168010;ENSG00000162409;ENSG00000165637;ENSG00000163719;ENSG00000173213;ENSG00000085978;ENSG00000123395;ENSG00000109332;ENSG00000244687;ENSG00000158560;ENSG00000170315;ENSG00000196814;ENSG00000127824;ENSG00000196683;ENSG00000130734;ENSG00000144635;ENSG00000175768;ENSG00000078668;ENSG00000167965;ENSG00000254505;ENSG00000165006;ENSG00000150991;ENSG00000141580;ENSG00000032742;ENSG00000069509;ENSG00000156469;ENSG00000109971;ENSG00000111725;ENSG00000057663;ENSG00000197548;ENSG00000178462;ENSG00000123240;ENSG00000101460;ENSG00000247077"
"REACTOME","REACTOME_SLC_MEDIATED_TRANSPORT_OF_AMINO_ACIDS",0.000435040304773131,0.00585025628894915,0.49849310876659,-0.652665013938921,-1.95400093782829,36,"ENSG00000139209;ENSG00000003989;ENSG00000155465;ENSG00000123643;ENSG00000139514;ENSG00000092068;ENSG00000149150;ENSG00000115902;ENSG00000103064;ENSG00000180773;ENSG00000151012;ENSG00000131389;ENSG00000110436;ENSG00000134294;ENSG00000130876;ENSG00000106688;ENSG00000168003"
"REACTOME","REACTOME_REGULATION_OF_CDH1_FUNCTION",0.000434882296548591,0.00585025628894915,0.49849310876659,0.533293286274913,1.8044491921961,60,"ENSG00000100804;ENSG00000136930;ENSG00000143947;ENSG00000277791;ENSG00000087191;ENSG00000041357;ENSG00000008018;ENSG00000185627;ENSG00000100764;ENSG00000101182;ENSG00000130706;ENSG00000126067;ENSG00000103035;ENSG00000221983;ENSG00000142507;ENSG00000106588;ENSG00000165916;ENSG00000099341;ENSG00000204628;ENSG00000197170;ENSG00000172530;ENSG00000100519;ENSG00000170315;ENSG00000115233;ENSG00000184009;ENSG00000127922;ENSG00000159377;ENSG00000173692;ENSG00000100567;ENSG00000150991"
"REACTOME","REACTOME_RAC3_GTPASE_CYCLE",0.00044546585450587,0.00593394138266309,0.49849310876659,-0.50242193958846,-1.79332268262539,91,"ENSG00000138443;ENSG00000158195;ENSG00000173218;ENSG00000107863;ENSG00000101384;ENSG00000092531;ENSG00000134909;ENSG00000120802;ENSG00000028116;ENSG00000046604;ENSG00000174106;ENSG00000156299;ENSG00000150093;ENSG00000180370;ENSG00000124126;ENSG00000161800;ENSG00000273749;ENSG00000121871;ENSG00000079482;ENSG00000135905;ENSG00000135090;ENSG00000145675;ENSG00000105647;ENSG00000112851;ENSG00000160007;ENSG00000123338;ENSG00000266028;ENSG00000140750;ENSG00000061676;ENSG00000139436;ENSG00000196408;ENSG00000165168;ENSG00000038382;ENSG00000105137;ENSG00000074695;ENSG00000111348;ENSG00000143322;ENSG00000122126;ENSG00000008517;ENSG00000072274;ENSG00000047365"
"REACTOME","REACTOME_REGULATION_OF_CDH1_POSTTRANSLATIONAL_PROCESSING_AND_TRAFFICKING_TO_PLASMA_MEMBRANE",0.000462022272090858,0.00609696680553543,0.49849310876659,-0.670375616778711,-1.96024640630214,32,"ENSG00000127022;ENSG00000134910;ENSG00000070770;ENSG00000089597;ENSG00000129128;ENSG00000163902;ENSG00000130714;ENSG00000198856;ENSG00000134909;ENSG00000244038;ENSG00000130175;ENSG00000118363"
"REACTOME","REACTOME_UCH_PROTEINASES",0.000489378457576666,0.00639153243321412,0.477270815362862,0.486028449759942,1.75078922272812,85,"ENSG00000154277;ENSG00000100804;ENSG00000136930;ENSG00000143947;ENSG00000277791;ENSG00000153391;ENSG00000087191;ENSG00000041357;ENSG00000008018;ENSG00000185627;ENSG00000100764;ENSG00000101182;ENSG00000130706;ENSG00000126067;ENSG00000103035;ENSG00000169592;ENSG00000187778;ENSG00000221983;ENSG00000129559;ENSG00000105619;ENSG00000142507;ENSG00000106588;ENSG00000165916;ENSG00000099341;ENSG00000163930;ENSG00000197170;ENSG00000118939;ENSG00000100519;ENSG00000181218;ENSG00000170315;ENSG00000170322;ENSG00000115233;ENSG00000127922;ENSG00000278677;ENSG00000159377;ENSG00000173692;ENSG00000100567;ENSG00000150991;ENSG00000180573;ENSG00000115274;ENSG00000275221"
"REACTOME","REACTOME_EXTRACELLULAR_MATRIX_ORGANIZATION",0.000493397333725452,0.00639153243321412,0.477270815362862,-0.364895120622531,-1.50420660405227,289,"ENSG00000152818;ENSG00000171812;ENSG00000166794;ENSG00000115414;ENSG00000115318;ENSG00000196739;ENSG00000084636;ENSG00000182871;ENSG00000053747;ENSG00000091136;ENSG00000090530;ENSG00000038427;ENSG00000146197;ENSG00000114270;ENSG00000130508;ENSG00000101680;ENSG00000172554;ENSG00000154721;ENSG00000137809;ENSG00000150093;ENSG00000130287;ENSG00000079385;ENSG00000204580;ENSG00000049323;ENSG00000185624;ENSG00000179915;ENSG00000127990;ENSG00000142798;ENSG00000188517;ENSG00000082293;ENSG00000117385;ENSG00000166147;ENSG00000168807;ENSG00000196776;ENSG00000087116;ENSG00000105664;ENSG00000135047;ENSG00000072682;ENSG00000134013;ENSG00000083444;ENSG00000162510;ENSG00000082781;ENSG00000115380;ENSG00000169436;ENSG00000158859;ENSG00000162909;ENSG00000142192;ENSG00000197461;ENSG00000162736;ENSG00000168615;ENSG00000145536;ENSG00000087303;ENSG00000129038;ENSG00000132692;ENSG00000169031;ENSG00000081052;ENSG00000149294;ENSG00000119681;ENSG00000173402;ENSG00000197565;ENSG00000187498;ENSG00000147044;ENSG00000166033;ENSG00000171560;ENSG00000148848;ENSG00000156103;ENSG00000196569;ENSG00000108821;ENSG00000213949;ENSG00000037749;ENSG00000162512;ENSG00000116147;ENSG00000101203;ENSG00000124749;ENSG00000026508;ENSG00000188157;ENSG00000204291;ENSG00000139626;ENSG00000131375"
"REACTOME","REACTOME_MITOCHONDRIAL_PROTEIN_DEGRADATION",0.000508734324442447,0.00653029878284305,0.477270815362862,0.465636288398673,1.71243508876297,98,"ENSG00000115317;ENSG00000138796;ENSG00000152234;ENSG00000100412;ENSG00000154723;ENSG00000151498;ENSG00000196365;ENSG00000241837;ENSG00000186010;ENSG00000262814;ENSG00000107815;ENSG00000178741;ENSG00000168291;ENSG00000131143;ENSG00000213619;ENSG00000160194;ENSG00000167969;ENSG00000106591;ENSG00000106028;ENSG00000072506;ENSG00000100575;ENSG00000125656;ENSG00000144381;ENSG00000167792;ENSG00000169230;ENSG00000162600;ENSG00000113013;ENSG00000119673;ENSG00000134809;ENSG00000131495;ENSG00000146701;ENSG00000137124;ENSG00000110955;ENSG00000164405;ENSG00000135940;ENSG00000170855;ENSG00000165487;ENSG00000197912;ENSG00000167283;ENSG00000091483;ENSG00000183172;ENSG00000148672;ENSG00000140740;ENSG00000106153;ENSG00000114054"
"REACTOME","REACTOME_HEDGEHOG_ON_STATE",0.000555545029835101,0.00706693317231678,0.477270815362862,0.50559531214493,1.7615155703203,71,"ENSG00000100804;ENSG00000136930;ENSG00000143947;ENSG00000277791;ENSG00000087191;ENSG00000166813;ENSG00000041357;ENSG00000008018;ENSG00000185627;ENSG00000100764;ENSG00000101182;ENSG00000130706;ENSG00000126067;ENSG00000103035;ENSG00000139549;ENSG00000221983;ENSG00000100387;ENSG00000142507;ENSG00000106588;ENSG00000165916;ENSG00000099341;ENSG00000197170;ENSG00000100519;ENSG00000170315;ENSG00000115233;ENSG00000137486;ENSG00000141013;ENSG00000127922;ENSG00000159377"
"REACTOME","REACTOME_DOWNSTREAM_SIGNALING_EVENTS_OF_B_CELL_RECEPTOR_BCR",0.00057511385572425,0.00725054253823787,0.477270815362862,0.510308464532168,1.76662222078003,68,"ENSG00000100804;ENSG00000136930;ENSG00000143947;ENSG00000277791;ENSG00000087191;ENSG00000041357;ENSG00000008018;ENSG00000185627;ENSG00000100764;ENSG00000174775;ENSG00000101182;ENSG00000130706;ENSG00000126067;ENSG00000196262;ENSG00000103035;ENSG00000088832;ENSG00000221983;ENSG00000142507;ENSG00000106588;ENSG00000165916;ENSG00000099341;ENSG00000197170;ENSG00000100906;ENSG00000100519;ENSG00000055130;ENSG00000170315;ENSG00000115233;ENSG00000127922;ENSG00000159377;ENSG00000113558;ENSG00000173692;ENSG00000100567;ENSG00000150991;ENSG00000138814"
"REACTOME","REACTOME_REGULATION_OF_RAS_BY_GAPS",0.00075213584667637,0.00939837004873481,0.477270815362862,0.542627716869355,1.81010588552474,55,"ENSG00000188766;ENSG00000100804;ENSG00000136930;ENSG00000143947;ENSG00000277791;ENSG00000087191;ENSG00000041357;ENSG00000008018;ENSG00000185627;ENSG00000100764;ENSG00000174775;ENSG00000101182;ENSG00000130706;ENSG00000126067;ENSG00000103035;ENSG00000221983;ENSG00000100387;ENSG00000142507;ENSG00000106588;ENSG00000165916;ENSG00000099341;ENSG00000197170;ENSG00000100519;ENSG00000170315;ENSG00000115233;ENSG00000127922;ENSG00000159377;ENSG00000136848;ENSG00000173692;ENSG00000100567;ENSG00000150991;ENSG00000145715"
"REACTOME","REACTOME_INSULIN_RECEPTOR_SIGNALLING_CASCADE",0.000805894078700101,0.00998177578179424,0.477270815362862,-0.578711546862248,-1.83797021133387,48,"ENSG00000254647;ENSG00000106070;ENSG00000156427;ENSG00000068078;ENSG00000169047;ENSG00000179295;ENSG00000160691;ENSG00000213281;ENSG00000133116;ENSG00000145675;ENSG00000105647;ENSG00000102678;ENSG00000033327;ENSG00000185950;ENSG00000109458;ENSG00000138675;ENSG00000140992;ENSG00000100030;ENSG00000196455;ENSG00000239732"
"REACTOME","REACTOME_INTERLEUKIN_1_SIGNALING",0.00082855212159587,0.00999927859566981,0.477270815362862,0.457281154010227,1.67915669369376,96,"ENSG00000161011;ENSG00000100804;ENSG00000136930;ENSG00000143947;ENSG00000277791;ENSG00000090376;ENSG00000065559;ENSG00000087191;ENSG00000041357;ENSG00000008018;ENSG00000185627;ENSG00000100764;ENSG00000168256;ENSG00000101182;ENSG00000130706;ENSG00000126067;ENSG00000174516;ENSG00000103035;ENSG00000168884;ENSG00000184216;ENSG00000100324;ENSG00000221983;ENSG00000100387;ENSG00000142507;ENSG00000106588;ENSG00000165916;ENSG00000099341;ENSG00000197170;ENSG00000100906;ENSG00000100519;ENSG00000134070;ENSG00000244687;ENSG00000055130;ENSG00000170315;ENSG00000115233;ENSG00000127922;ENSG00000159377;ENSG00000113558;ENSG00000197885;ENSG00000101557;ENSG00000173692;ENSG00000100567;ENSG00000150991"
"REACTOME","REACTOME_FC_EPSILON_RECEPTOR_FCERI_SIGNALING",0.000815193564532995,0.00999927859566981,0.477270815362862,0.428345006804016,1.62042074839749,117,"ENSG00000074966;ENSG00000124181;ENSG00000100804;ENSG00000136930;ENSG00000102882;ENSG00000143947;ENSG00000277791;ENSG00000135605;ENSG00000065559;ENSG00000087191;ENSG00000041357;ENSG00000008018;ENSG00000185627;ENSG00000100764;ENSG00000174775;ENSG00000101182;ENSG00000130706;ENSG00000126067;ENSG00000068831;ENSG00000103035;ENSG00000100324;ENSG00000221983;ENSG00000142507;ENSG00000099804;ENSG00000106588;ENSG00000165916;ENSG00000099341;ENSG00000197170;ENSG00000149269;ENSG00000100906;ENSG00000100519;ENSG00000177606;ENSG00000244687;ENSG00000055130;ENSG00000170315;ENSG00000115233;ENSG00000127922;ENSG00000159377;ENSG00000086730;ENSG00000113558;ENSG00000173692;ENSG00000100567;ENSG00000150991;ENSG00000138814;ENSG00000051382;ENSG00000072401;ENSG00000050748;ENSG00000211644;ENSG00000173039;ENSG00000165025"
"REACTOME","REACTOME_PROGRAMMED_CELL_DEATH",0.000822079814167493,0.00999927859566981,0.477270815362862,0.381335113313698,1.53189143297542,188,"ENSG00000137575;ENSG00000163932;ENSG00000132589;ENSG00000100804;ENSG00000136930;ENSG00000102882;ENSG00000143947;ENSG00000277791;ENSG00000104081;ENSG00000087191;ENSG00000041357;ENSG00000008018;ENSG00000185627;ENSG00000147457;ENSG00000149089;ENSG00000100764;ENSG00000196954;ENSG00000105401;ENSG00000167657;ENSG00000101182;ENSG00000104518;ENSG00000130706;ENSG00000126067;ENSG00000160789;ENSG00000080824;ENSG00000088986;ENSG00000108561;ENSG00000136279;ENSG00000103035;ENSG00000100453;ENSG00000243414;ENSG00000147889;ENSG00000101421;ENSG00000175793;ENSG00000221983;ENSG00000178209;ENSG00000162600;ENSG00000142507;ENSG00000106588;ENSG00000165916;ENSG00000099341;ENSG00000170458;ENSG00000127666;ENSG00000030110;ENSG00000197170;ENSG00000103266;ENSG00000186868;ENSG00000105327;ENSG00000187837;ENSG00000087088;ENSG00000035664;ENSG00000100519;ENSG00000184047;ENSG00000169857;ENSG00000168404;ENSG00000168310;ENSG00000170315;ENSG00000100813;ENSG00000115233;ENSG00000127922;ENSG00000159377;ENSG00000128245;ENSG00000105221;ENSG00000015475;ENSG00000160049;ENSG00000254505;ENSG00000166913;ENSG00000173692;ENSG00000168040;ENSG00000100567;ENSG00000150991;ENSG00000132906;ENSG00000148180"
"REACTOME","REACTOME_COMPLEX_IV_ASSEMBLY",0.000927239209689191,0.0110954386786537,0.477270815362862,0.553997758662726,1.79622926118099,47,"ENSG00000189043;ENSG00000127838;ENSG00000164919;ENSG00000178449;ENSG00000178741;ENSG00000250317;ENSG00000131143;ENSG00000168569;ENSG00000126267;ENSG00000111775;ENSG00000112695;ENSG00000183978;ENSG00000138495;ENSG00000146066;ENSG00000133983;ENSG00000127184;ENSG00000135940;ENSG00000229833;ENSG00000136463;ENSG00000144120;ENSG00000131174;ENSG00000176340;ENSG00000148290;ENSG00000101084;ENSG00000232838"
"REACTOME","REACTOME_MRNA_3_END_PROCESSING",0.00100514668883161,0.011926614492691,0.45505986738723,0.403179828471646,1.58076495250756,152,"ENSG00000154548;ENSG00000128739;ENSG00000177700;ENSG00000143947;ENSG00000163882;ENSG00000124562;ENSG00000149016;ENSG00000104852;ENSG00000116350;ENSG00000100142;ENSG00000141543;ENSG00000125755;ENSG00000123136;ENSG00000065978;ENSG00000221983;ENSG00000172531;ENSG00000117751;ENSG00000125651;ENSG00000125870;ENSG00000060339;ENSG00000143977;ENSG00000089280;ENSG00000105705;ENSG00000183684;ENSG00000125743;ENSG00000205323;ENSG00000179950;ENSG00000105258;ENSG00000172409;ENSG00000071894;ENSG00000168002;ENSG00000170315;ENSG00000100296;ENSG00000169976;ENSG00000104824;ENSG00000099817;ENSG00000162385;ENSG00000092199;ENSG00000119203;ENSG00000176102;ENSG00000125835;ENSG00000003756;ENSG00000134453;ENSG00000115128;ENSG00000182004;ENSG00000160679;ENSG00000079134;ENSG00000005075;ENSG00000143368;ENSG00000150991;ENSG00000101138;ENSG00000087365;ENSG00000087087;ENSG00000147669;ENSG00000111786;ENSG00000205937;ENSG00000100028;ENSG00000116754;ENSG00000100227;ENSG00000104897;ENSG00000160917"
"REACTOME","REACTOME_MODULATION_OF_HOST_RESPONSES_BY_IFN_STIMULATED_GENES",0.00111324819660248,0.012943025666895,0.45505986738723,-0.734210352876733,-1.90863669770323,19,"ENSG00000044574;ENSG00000172071;ENSG00000096060;ENSG00000118217"
"REACTOME","REACTOME_FORMATION_OF_THE_EARLY_ELONGATION_COMPLEX",0.00110360725670949,0.012943025666895,0.45505986738723,0.597067034847348,1.80263616099255,33,"ENSG00000177700;ENSG00000163882;ENSG00000204356;ENSG00000100142;ENSG00000104884;ENSG00000188986;ENSG00000101158;ENSG00000125651;ENSG00000060069;ENSG00000272047;ENSG00000105258;ENSG00000168002;ENSG00000185049;ENSG00000099817;ENSG00000134480;ENSG00000005075;ENSG00000196235;ENSG00000147669"
"REACTOME","REACTOME_RAC1_GTPASE_CYCLE",0.0011183067502558,0.012943025666895,0.45505986738723,-0.400105312812399,-1.56627085500809,178,"ENSG00000138443;ENSG00000158195;ENSG00000173218;ENSG00000129675;ENSG00000031003;ENSG00000107863;ENSG00000152767;ENSG00000101384;ENSG00000092531;ENSG00000126217;ENSG00000134909;ENSG00000120802;ENSG00000028116;ENSG00000137727;ENSG00000174106;ENSG00000156299;ENSG00000122966;ENSG00000150093;ENSG00000106069;ENSG00000180370;ENSG00000124126;ENSG00000150760;ENSG00000088387;ENSG00000161800;ENSG00000273749;ENSG00000107099;ENSG00000117461;ENSG00000079482;ENSG00000164741;ENSG00000135905;ENSG00000135090;ENSG00000145703;ENSG00000159314;ENSG00000145675;ENSG00000105647;ENSG00000122574;ENSG00000112851;ENSG00000137962;ENSG00000160007;ENSG00000143776;ENSG00000160145;ENSG00000123338;ENSG00000123329;ENSG00000266028;ENSG00000075651;ENSG00000137135;ENSG00000140750;ENSG00000171475;ENSG00000061676;ENSG00000055163;ENSG00000139436;ENSG00000196408;ENSG00000165168;ENSG00000038382;ENSG00000147459;ENSG00000182957;ENSG00000132694;ENSG00000111348;ENSG00000031081;ENSG00000143322;ENSG00000114346;ENSG00000100092;ENSG00000023892;ENSG00000072274;ENSG00000047365;ENSG00000198844;ENSG00000003393;ENSG00000100485;ENSG00000183856;ENSG00000066248;ENSG00000165322;ENSG00000115904;ENSG00000188158"
"REACTOME","REACTOME_KEAP1_NFE2L2_PATHWAY",0.00114665382922152,0.0131632130639089,0.45505986738723,0.427633970188524,1.60333895325576,111,"ENSG00000163932;ENSG00000161011;ENSG00000132109;ENSG00000117450;ENSG00000100804;ENSG00000136930;ENSG00000143947;ENSG00000277791;ENSG00000181019;ENSG00000204435;ENSG00000087191;ENSG00000130766;ENSG00000041357;ENSG00000008018;ENSG00000185627;ENSG00000070010;ENSG00000100764;ENSG00000100292;ENSG00000079999;ENSG00000101182;ENSG00000271303;ENSG00000130706;ENSG00000126067;ENSG00000116044;ENSG00000160211;ENSG00000033050;ENSG00000103035;ENSG00000147889;ENSG00000142657;ENSG00000221983;ENSG00000080546;ENSG00000100387;ENSG00000142507;ENSG00000106588;ENSG00000165916;ENSG00000099341;ENSG00000197170;ENSG00000065833;ENSG00000162409;ENSG00000100519;ENSG00000163931;ENSG00000055130;ENSG00000170315;ENSG00000115233;ENSG00000127922;ENSG00000159377;ENSG00000113558;ENSG00000105221;ENSG00000118777;ENSG00000124762;ENSG00000254986;ENSG00000001084;ENSG00000173692;ENSG00000100567;ENSG00000150991"
"REACTOME","REACTOME_DNA_REPLICATION",0.00119450389128651,0.0136019314072303,0.45505986738723,0.380891200936203,1.51974425202041,179,"ENSG00000100804;ENSG00000136930;ENSG00000143947;ENSG00000089053;ENSG00000196510;ENSG00000277791;ENSG00000087191;ENSG00000107815;ENSG00000273802;ENSG00000041357;ENSG00000008018;ENSG00000185627;ENSG00000115350;ENSG00000100764;ENSG00000101182;ENSG00000130706;ENSG00000126067;ENSG00000103035;ENSG00000132475;ENSG00000106028;ENSG00000221983;ENSG00000108106;ENSG00000110200;ENSG00000100387;ENSG00000142507;ENSG00000106588;ENSG00000165916;ENSG00000099341;ENSG00000158373;ENSG00000197170;ENSG00000148229;ENSG00000167513;ENSG00000141552;ENSG00000170142;ENSG00000100519;ENSG00000188486;ENSG00000180596;ENSG00000276180;ENSG00000274750;ENSG00000055130;ENSG00000170315;ENSG00000115233;ENSG00000270882;ENSG00000127922;ENSG00000197061;ENSG00000130177;ENSG00000274183;ENSG00000159377;ENSG00000246705;ENSG00000124635;ENSG00000277224;ENSG00000113558;ENSG00000256525;ENSG00000157036;ENSG00000105325;ENSG00000166508;ENSG00000273983;ENSG00000173692;ENSG00000100567;ENSG00000150991;ENSG00000277775;ENSG00000180573;ENSG00000072401;ENSG00000176386;ENSG00000100297;ENSG00000175166;ENSG00000140521;ENSG00000276368;ENSG00000166295"
"REACTOME","REACTOME_LANOSTEROL_BIOSYNTHESIS",0.00125501284275148,0.0141766250717207,0.45505986738723,0.748120395005002,1.82640812786824,14,"ENSG00000163344;ENSG00000079459;ENSG00000167508;ENSG00000160752;ENSG00000120437;ENSG00000160285;ENSG00000067064;ENSG00000110921"
"REACTOME","REACTOME_ANTIGEN_PROCESSING_CROSS_PRESENTATION",0.00135386377486971,0.0151718702390161,0.45505986738723,0.449580767434947,1.63770792887989,92,"ENSG00000205220;ENSG00000100804;ENSG00000136930;ENSG00000143947;ENSG00000277791;ENSG00000087191;ENSG00000041357;ENSG00000008018;ENSG00000185627;ENSG00000100911;ENSG00000011028;ENSG00000118640;ENSG00000100764;ENSG00000101182;ENSG00000130706;ENSG00000126067;ENSG00000103496;ENSG00000103035;ENSG00000204264;ENSG00000204267;ENSG00000136943;ENSG00000221983;ENSG00000142507;ENSG00000106588;ENSG00000165916;ENSG00000099341;ENSG00000170458;ENSG00000197170;ENSG00000100519;ENSG00000132432;ENSG00000137462;ENSG00000170315;ENSG00000115233;ENSG00000127922;ENSG00000159377;ENSG00000135218;ENSG00000234745;ENSG00000173692;ENSG00000100567;ENSG00000150991;ENSG00000260314;ENSG00000206503;ENSG00000160678;ENSG00000092010;ENSG00000175166"
"REACTOME","REACTOME_CLEC7A_DECTIN_1_SIGNALING",0.00136529321668739,0.0151794804878945,0.45505986738723,0.455546170536511,1.63330050301195,83,"ENSG00000163932;ENSG00000100804;ENSG00000136930;ENSG00000143947;ENSG00000277791;ENSG00000087191;ENSG00000041357;ENSG00000008018;ENSG00000185627;ENSG00000100764;ENSG00000101182;ENSG00000130706;ENSG00000126067;ENSG00000103035;ENSG00000100324;ENSG00000221983;ENSG00000142507;ENSG00000099804;ENSG00000106588;ENSG00000165916;ENSG00000099341;ENSG00000103490;ENSG00000197170;ENSG00000100906;ENSG00000100519;ENSG00000244687;ENSG00000055130;ENSG00000170315;ENSG00000115233;ENSG00000127922;ENSG00000159377;ENSG00000113558;ENSG00000173692;ENSG00000100567;ENSG00000150991;ENSG00000138814;ENSG00000072401;ENSG00000104856;ENSG00000173039;ENSG00000165025;ENSG00000175166;ENSG00000064012;ENSG00000144744"
"REACTOME","REACTOME_REGULATION_OF_PTEN_STABILITY_AND_ACTIVITY",0.00152831089083515,0.0168591795145252,0.45505986738723,0.524074816794312,1.7482168360432,55,"ENSG00000100804;ENSG00000136930;ENSG00000143947;ENSG00000277791;ENSG00000204435;ENSG00000087191;ENSG00000041357;ENSG00000008018;ENSG00000185627;ENSG00000100764;ENSG00000101182;ENSG00000130706;ENSG00000126067;ENSG00000103035;ENSG00000221983;ENSG00000142507;ENSG00000106588;ENSG00000165916;ENSG00000099341;ENSG00000197170;ENSG00000103266;ENSG00000100519;ENSG00000170315;ENSG00000115233;ENSG00000127922;ENSG00000159377;ENSG00000105221;ENSG00000173692;ENSG00000100567;ENSG00000150991"
"REACTOME","REACTOME_SIGNALING_BY_INSULIN_RECEPTOR",0.00156522980400887,0.0171325928934924,0.45505986738723,-0.502532991086476,-1.74248068273437,76,"ENSG00000254647;ENSG00000106070;ENSG00000156427;ENSG00000068078;ENSG00000169047;ENSG00000179295;ENSG00000250565;ENSG00000160691;ENSG00000142949;ENSG00000213281;ENSG00000133116;ENSG00000145675;ENSG00000105647;ENSG00000143882;ENSG00000102678;ENSG00000033327;ENSG00000185950;ENSG00000109458;ENSG00000185344;ENSG00000100554;ENSG00000138675;ENSG00000110719;ENSG00000140992;ENSG00000100030;ENSG00000196455;ENSG00000239732;ENSG00000155097"
"REACTOME","REACTOME_ER_TO_GOLGI_ANTEROGRADE_TRANSPORT",0.00161010463791116,0.0174882134517736,0.45505986738723,-0.409031137996142,-1.57099874462895,154,"ENSG00000254647;ENSG00000086598;ENSG00000170348;ENSG00000136240;ENSG00000114354;ENSG00000100196;ENSG00000134970;ENSG00000114270;ENSG00000100934;ENSG00000101162;ENSG00000138674;ENSG00000136152;ENSG00000164597;ENSG00000115306;ENSG00000176014;ENSG00000116489;ENSG00000136874;ENSG00000150961;ENSG00000110075;ENSG00000185010;ENSG00000122218;ENSG00000173230;ENSG00000158623;ENSG00000119414;ENSG00000154305;ENSG00000095139;ENSG00000160218;ENSG00000133103;ENSG00000138768;ENSG00000104833;ENSG00000184432;ENSG00000143761;ENSG00000173898;ENSG00000180398;ENSG00000138069;ENSG00000105438;ENSG00000206560;ENSG00000113615;ENSG00000108587;ENSG00000074695;ENSG00000176986;ENSG00000054116;ENSG00000114745;ENSG00000108433;ENSG00000093183;ENSG00000107651;ENSG00000182400;ENSG00000029534;ENSG00000129083;ENSG00000242247;ENSG00000132912;ENSG00000107862;ENSG00000258947;ENSG00000265808;ENSG00000105829;ENSG00000111481;ENSG00000181789;ENSG00000198734;ENSG00000138802"
"REACTOME","REACTOME_RNA_POLYMERASE_I_TRANSCRIPTION",0.00175055515374619,0.0188685792144246,0.45505986738723,0.430408430222961,1.60042787361984,105,"ENSG00000170004;ENSG00000177700;ENSG00000102882;ENSG00000163882;ENSG00000171453;ENSG00000273802;ENSG00000100142;ENSG00000132475;ENSG00000104884;ENSG00000108773;ENSG00000134046;ENSG00000105849;ENSG00000158373;ENSG00000167491;ENSG00000188486;ENSG00000180596;ENSG00000272047;ENSG00000276180;ENSG00000274750;ENSG00000103168;ENSG00000270882;ENSG00000071655;ENSG00000099817;ENSG00000197061;ENSG00000274183;ENSG00000246705;ENSG00000124635;ENSG00000277224;ENSG00000115750;ENSG00000134480;ENSG00000117877;ENSG00000273983;ENSG00000066379;ENSG00000166012;ENSG00000277775;ENSG00000180573;ENSG00000147669;ENSG00000204371;ENSG00000276368;ENSG00000196591;ENSG00000278588;ENSG00000275714;ENSG00000197903;ENSG00000112592;ENSG00000122565;ENSG00000184678"
"REACTOME","REACTOME_MITOCHONDRIAL_BIOGENESIS",0.00177767259198968,0.0190157098476472,0.45505986738723,0.444277227513115,1.61838848727951,92,"ENSG00000185386;ENSG00000188130;ENSG00000162851;ENSG00000152234;ENSG00000130589;ENSG00000174917;ENSG00000154723;ENSG00000241837;ENSG00000099624;ENSG00000107815;ENSG00000241468;ENSG00000178307;ENSG00000007923;ENSG00000124523;ENSG00000173171;ENSG00000124172;ENSG00000169020;ENSG00000128654;ENSG00000106028;ENSG00000132305;ENSG00000181929;ENSG00000131069;ENSG00000160741;ENSG00000159199;ENSG00000113013;ENSG00000116459;ENSG00000162409;ENSG00000110955;ENSG00000125375;ENSG00000173153;ENSG00000156411;ENSG00000100347;ENSG00000135390;ENSG00000167283;ENSG00000256525;ENSG00000148672;ENSG00000127989;ENSG00000082014;ENSG00000165629;ENSG00000106459;ENSG00000148840;ENSG00000029639;ENSG00000111725;ENSG00000172115"
"REACTOME","REACTOME_SELECTIVE_AUTOPHAGY",0.00181746659885427,0.0192952093051295,0.45505986738723,0.456098234032898,1.64975807980909,88,"ENSG00000167552;ENSG00000137267;ENSG00000137285;ENSG00000161011;ENSG00000147872;ENSG00000143947;ENSG00000204435;ENSG00000158828;ENSG00000185122;ENSG00000214736;ENSG00000080824;ENSG00000088986;ENSG00000181929;ENSG00000188229;ENSG00000116288;ENSG00000183785;ENSG00000167553;ENSG00000221983;ENSG00000139197;ENSG00000130204;ENSG00000123416;ENSG00000001626;ENSG00000162409;ENSG00000165637;ENSG00000173213;ENSG00000109332;ENSG00000244687;ENSG00000158560;ENSG00000170315;ENSG00000127824;ENSG00000196683;ENSG00000144635;ENSG00000175768;ENSG00000078668;ENSG00000150991;ENSG00000032742;ENSG00000069509;ENSG00000156469;ENSG00000109971;ENSG00000111725;ENSG00000057663;ENSG00000178462;ENSG00000123240;ENSG00000101460;ENSG00000247077"
"REACTOME","REACTOME_TNFR2_NON_CANONICAL_NF_KB_PATHWAY",0.00186045322500342,0.0196041787589913,0.45505986738723,0.460147183789731,1.63722205995233,80,"ENSG00000100804;ENSG00000136930;ENSG00000143947;ENSG00000277791;ENSG00000087191;ENSG00000041357;ENSG00000008018;ENSG00000185627;ENSG00000100764;ENSG00000101182;ENSG00000130706;ENSG00000126067;ENSG00000103035;ENSG00000221983;ENSG00000142507;ENSG00000106588;ENSG00000165916;ENSG00000099341;ENSG00000164761;ENSG00000197170;ENSG00000100519;ENSG00000111321;ENSG00000055130;ENSG00000170315;ENSG00000115233;ENSG00000127922;ENSG00000159377;ENSG00000028137;ENSG00000113558;ENSG00000135960;ENSG00000173692;ENSG00000100567;ENSG00000150991;ENSG00000049249;ENSG00000104856;ENSG00000181634;ENSG00000120659;ENSG00000175166;ENSG00000102524;ENSG00000006327;ENSG00000144744"
"REACTOME","REACTOME_MRNA_POLYADENYLATION",0.00205435739966129,0.0214430190347366,0.431707695803346,0.404773244974572,1.54636502819486,127,"ENSG00000154548;ENSG00000128739;ENSG00000177700;ENSG00000143947;ENSG00000163882;ENSG00000124562;ENSG00000149016;ENSG00000104852;ENSG00000116350;ENSG00000100142;ENSG00000125755;ENSG00000065978;ENSG00000221983;ENSG00000172531;ENSG00000117751;ENSG00000125651;ENSG00000125870;ENSG00000060339;ENSG00000143977;ENSG00000089280;ENSG00000105705;ENSG00000125743;ENSG00000179950;ENSG00000105258;ENSG00000172409;ENSG00000071894;ENSG00000168002;ENSG00000170315;ENSG00000169976;ENSG00000104824;ENSG00000099817;ENSG00000092199;ENSG00000119203;ENSG00000176102;ENSG00000125835;ENSG00000003756;ENSG00000134453;ENSG00000115128;ENSG00000182004;ENSG00000005075;ENSG00000143368;ENSG00000150991;ENSG00000101138;ENSG00000087365;ENSG00000087087;ENSG00000147669;ENSG00000111786"
"REACTOME","REACTOME_RHO_GTPASE_CYCLE",0.00206533327813327,0.0214430190347366,0.431707695803346,-0.317679919121966,-1.36001011331993,443,"ENSG00000204178;ENSG00000176853;ENSG00000138443;ENSG00000088756;ENSG00000158195;ENSG00000167460;ENSG00000173218;ENSG00000129675;ENSG00000031003;ENSG00000116574;ENSG00000107863;ENSG00000152767;ENSG00000101384;ENSG00000092531;ENSG00000126217;ENSG00000134909;ENSG00000124164;ENSG00000120802;ENSG00000028116;ENSG00000046604;ENSG00000169379;ENSG00000198142;ENSG00000115145;ENSG00000119139;ENSG00000138735;ENSG00000090615;ENSG00000137727;ENSG00000174106;ENSG00000156299;ENSG00000103540;ENSG00000122966;ENSG00000154447;ENSG00000150093;ENSG00000113194;ENSG00000115306;ENSG00000106069;ENSG00000180370;ENSG00000134313;ENSG00000108582;ENSG00000131089;ENSG00000124126;ENSG00000144909;ENSG00000150760;ENSG00000088387;ENSG00000141738;ENSG00000161800;ENSG00000273749;ENSG00000153944;ENSG00000121871;ENSG00000073921;ENSG00000107099;ENSG00000118407;ENSG00000117461;ENSG00000186399;ENSG00000144283;ENSG00000079482;ENSG00000170776;ENSG00000164741;ENSG00000135905;ENSG00000135090;ENSG00000145703;ENSG00000159314;ENSG00000139132;ENSG00000075391;ENSG00000165280;ENSG00000163629;ENSG00000134318;ENSG00000110237;ENSG00000168421;ENSG00000145675;ENSG00000168143;ENSG00000105647;ENSG00000161791;ENSG00000122574;ENSG00000182504;ENSG00000112851;ENSG00000137962;ENSG00000102302;ENSG00000160007;ENSG00000143776;ENSG00000116984;ENSG00000160145;ENSG00000160447;ENSG00000079387;ENSG00000133121;ENSG00000123338;ENSG00000067900;ENSG00000107890;ENSG00000123329;ENSG00000266028;ENSG00000075651;ENSG00000137135;ENSG00000149532;ENSG00000157827;ENSG00000140750;ENSG00000196914;ENSG00000124486;ENSG00000198373;ENSG00000171475;ENSG00000061676;ENSG00000055163;ENSG00000139436;ENSG00000196408;ENSG00000165168;ENSG00000133226;ENSG00000146247;ENSG00000137269;ENSG00000038382;ENSG00000107554;ENSG00000147459;ENSG00000047932;ENSG00000128298;ENSG00000105137;ENSG00000074695;ENSG00000113368;ENSG00000198171;ENSG00000182957;ENSG00000132694;ENSG00000111348;ENSG00000031081;ENSG00000066933;ENSG00000143322;ENSG00000122126;ENSG00000114346;ENSG00000198399;ENSG00000197122;ENSG00000115107;ENSG00000072422;ENSG00000242247;ENSG00000008517;ENSG00000114993;ENSG00000100092;ENSG00000023892;ENSG00000136478;ENSG00000174373;ENSG00000188219;ENSG00000072274;ENSG00000047365;ENSG00000065526;ENSG00000198844;ENSG00000143878;ENSG00000128340;ENSG00000003393;ENSG00000100485;ENSG00000183856;ENSG00000066248;ENSG00000145990;ENSG00000165322;ENSG00000115904;ENSG00000188158;ENSG00000004399;ENSG00000115355"
"REACTOME","REACTOME_LATE_SARS_COV_2_INFECTION_EVENTS",0.00217396289720175,0.0224060993492618,0.431707695803346,-0.51551330908643,-1.76888729446712,72,"ENSG00000127022;ENSG00000134910;ENSG00000156599;ENSG00000102158;ENSG00000008513;ENSG00000089597;ENSG00000163527;ENSG00000071073;ENSG00000104219;ENSG00000163902;ENSG00000138617;ENSG00000198856;ENSG00000177119;ENSG00000244038;ENSG00000130175;ENSG00000112893;ENSG00000151883;ENSG00000171714;ENSG00000102699;ENSG00000033170;ENSG00000135250"
"REACTOME","REACTOME_ABORTIVE_ELONGATION_OF_HIV_1_TRANSCRIPT_IN_THE_ABSENCE_OF_TAT",0.00229574364809026,0.0234897828340829,0.431707695803346,0.65579867364926,1.82089511564888,23,"ENSG00000177700;ENSG00000163882;ENSG00000204356;ENSG00000100142;ENSG00000188986;ENSG00000101158;ENSG00000125651;ENSG00000060069;ENSG00000105258;ENSG00000168002;ENSG00000185049;ENSG00000099817;ENSG00000005075;ENSG00000196235;ENSG00000147669"
"REACTOME","REACTOME_INTEGRIN_CELL_SURFACE_INTERACTIONS",0.00232937829857196,0.0236624615653497,0.431707695803346,-0.492787934346278,-1.70869071586029,76,"ENSG00000171812;ENSG00000115414;ENSG00000084636;ENSG00000182871;ENSG00000114270;ENSG00000154721;ENSG00000137809;ENSG00000150093;ENSG00000142798;ENSG00000166147;ENSG00000196776;ENSG00000105664;ENSG00000082781;ENSG00000169031;ENSG00000081052;ENSG00000197565;ENSG00000187498;ENSG00000171560;ENSG00000108821;ENSG00000213949;ENSG00000026508;ENSG00000188157;ENSG00000139626;ENSG00000143127;ENSG00000142173;ENSG00000115232"
"REACTOME","REACTOME_INTERLEUKIN_1_FAMILY_SIGNALING",0.00241476717677525,0.0242550882545363,0.431707695803346,0.40243761950534,1.53744218166431,127,"ENSG00000161011;ENSG00000100804;ENSG00000136930;ENSG00000143947;ENSG00000175354;ENSG00000277791;ENSG00000090376;ENSG00000065559;ENSG00000087191;ENSG00000041357;ENSG00000008018;ENSG00000185627;ENSG00000100764;ENSG00000168256;ENSG00000127947;ENSG00000101182;ENSG00000104518;ENSG00000130706;ENSG00000126067;ENSG00000174516;ENSG00000103035;ENSG00000168884;ENSG00000184216;ENSG00000100324;ENSG00000221983;ENSG00000100387;ENSG00000142507;ENSG00000106588;ENSG00000165916;ENSG00000099341;ENSG00000197170;ENSG00000100906;ENSG00000185187;ENSG00000100519;ENSG00000134070;ENSG00000244687;ENSG00000055130;ENSG00000170315;ENSG00000115233;ENSG00000127922;ENSG00000159377;ENSG00000113558;ENSG00000197885;ENSG00000169410;ENSG00000072135;ENSG00000125571;ENSG00000101557;ENSG00000173692;ENSG00000100567;ENSG00000150991"
"REACTOME","REACTOME_SARS_COV_2_HOST_INTERACTIONS",0.00242207326054505,0.0242550882545363,0.431707695803346,0.367293924545102,1.47760012401042,190,"ENSG00000142252;ENSG00000177954;ENSG00000178952;ENSG00000152661;ENSG00000143947;ENSG00000233927;ENSG00000083845;ENSG00000170889;ENSG00000112306;ENSG00000124614;ENSG00000105372;ENSG00000213741;ENSG00000149273;ENSG00000096384;ENSG00000105193;ENSG00000168028;ENSG00000080824;ENSG00000186468;ENSG00000231500;ENSG00000138326;ENSG00000145425;ENSG00000118181;ENSG00000115268;ENSG00000177663;ENSG00000184056;ENSG00000175793;ENSG00000149806;ENSG00000184216;ENSG00000110700;ENSG00000198034;ENSG00000100324;ENSG00000221983;ENSG00000197728;ENSG00000164587;ENSG00000126456;ENSG00000182774;ENSG00000134419;ENSG00000129824;ENSG00000140988;ENSG00000171863;ENSG00000143977;ENSG00000136631;ENSG00000142937;ENSG00000008988;ENSG00000125743;ENSG00000215305;ENSG00000137462;ENSG00000134070;ENSG00000182481;ENSG00000244687;ENSG00000185507;ENSG00000142534;ENSG00000170315;ENSG00000179409;ENSG00000171858;ENSG00000128245;ENSG00000172062;ENSG00000105221;ENSG00000125835;ENSG00000139719;ENSG00000234745;ENSG00000181481;ENSG00000182004;ENSG00000138750;ENSG00000166913;ENSG00000150991;ENSG00000092208;ENSG00000136243"
"REACTOME","REACTOME_MAPK6_MAPK4_SIGNALING",0.00246701292378376,0.0245311425942441,0.431707695803346,0.461756404249695,1.63335853863161,77,"ENSG00000100804;ENSG00000136930;ENSG00000106211;ENSG00000143947;ENSG00000277791;ENSG00000087191;ENSG00000041357;ENSG00000008018;ENSG00000185627;ENSG00000100764;ENSG00000101182;ENSG00000130706;ENSG00000126067;ENSG00000103035;ENSG00000167617;ENSG00000079335;ENSG00000155363;ENSG00000221983;ENSG00000142507;ENSG00000106588;ENSG00000165916;ENSG00000099341;ENSG00000197170;ENSG00000149269;ENSG00000100519;ENSG00000177606;ENSG00000170315;ENSG00000115233;ENSG00000127922;ENSG00000159377;ENSG00000070831;ENSG00000166349;ENSG00000173692;ENSG00000100567;ENSG00000150991"
"REACTOME","REACTOME_MRNA_SPLICING_MINOR_PATHWAY",0.0026868503862648,0.0265302989189223,0.431707695803346,0.517587577919236,1.69384362380375,50,"ENSG00000177700;ENSG00000184209;ENSG00000163882;ENSG00000161981;ENSG00000100319;ENSG00000100142;ENSG00000065978;ENSG00000125651;ENSG00000108883;ENSG00000143977;ENSG00000125743;ENSG00000105258;ENSG00000169249;ENSG00000168002;ENSG00000169976;ENSG00000099817;ENSG00000125835;ENSG00000115128;ENSG00000182004;ENSG00000005075;ENSG00000143368;ENSG00000087365;ENSG00000147669;ENSG00000100028"
"REACTOME","REACTOME_RHOB_GTPASE_CYCLE",0.00273163993976632,0.0267852471871531,0.431707695803346,-0.490315284657066,-1.66970983819281,69,"ENSG00000173218;ENSG00000107863;ENSG00000092531;ENSG00000126217;ENSG00000134909;ENSG00000198142;ENSG00000119139;ENSG00000122966;ENSG00000124126;ENSG00000161800;ENSG00000079482;ENSG00000170776;ENSG00000164741;ENSG00000134318;ENSG00000110237;ENSG00000145675;ENSG00000105647;ENSG00000112851;ENSG00000160007;ENSG00000160447;ENSG00000133121;ENSG00000067900;ENSG00000196914;ENSG00000132694;ENSG00000066933;ENSG00000114346;ENSG00000114993;ENSG00000072274;ENSG00000143878;ENSG00000183856;ENSG00000173848;ENSG00000139734;ENSG00000105974"
"REACTOME","REACTOME_DISEASES_OF_SIGNAL_TRANSDUCTION_BY_GROWTH_FACTOR_RECEPTORS_AND_SECOND_MESSENGERS",0.00322003577817531,0.0313564863364382,0.34452128726268,-0.315964835727894,-1.35118617512052,436,"ENSG00000125844;ENSG00000172071;ENSG00000135679;ENSG00000071537;ENSG00000166068;ENSG00000115414;ENSG00000175029;ENSG00000072849;ENSG00000184384;ENSG00000135506;ENSG00000138032;ENSG00000161021;ENSG00000157764;ENSG00000141506;ENSG00000155629;ENSG00000167460;ENSG00000114354;ENSG00000156427;ENSG00000110324;ENSG00000101384;ENSG00000150907;ENSG00000139318;ENSG00000171435;ENSG00000005339;ENSG00000068078;ENSG00000078687;ENSG00000112531;ENSG00000123908;ENSG00000162298;ENSG00000172216;ENSG00000127946;ENSG00000105976;ENSG00000114166;ENSG00000185737;ENSG00000169047;ENSG00000138674;ENSG00000142208;ENSG00000115306;ENSG00000101752;ENSG00000089234;ENSG00000157168;ENSG00000107643;ENSG00000035403;ENSG00000198369;ENSG00000179295;ENSG00000116473;ENSG00000196712;ENSG00000126070;ENSG00000141480;ENSG00000169057;ENSG00000186654;ENSG00000108061;ENSG00000154001;ENSG00000117461;ENSG00000173230;ENSG00000160691;ENSG00000173757;ENSG00000183762;ENSG00000119397;ENSG00000165280;ENSG00000173273;ENSG00000135547;ENSG00000164086;ENSG00000213281;ENSG00000143801;ENSG00000133116;ENSG00000197461;ENSG00000145675;ENSG00000105647;ENSG00000153094;ENSG00000130829;ENSG00000145349;ENSG00000162736;ENSG00000013619;ENSG00000112851;ENSG00000141068;ENSG00000070018;ENSG00000102678;ENSG00000173821;ENSG00000196782;ENSG00000070808;ENSG00000130779;ENSG00000033327;ENSG00000185950;ENSG00000126214;ENSG00000110841;ENSG00000141646;ENSG00000164327;ENSG00000171560;ENSG00000149970;ENSG00000182606;ENSG00000068024;ENSG00000109458;ENSG00000166949;ENSG00000141027;ENSG00000138675;ENSG00000132842;ENSG00000068971;ENSG00000100393;ENSG00000115760;ENSG00000112941;ENSG00000082701;ENSG00000168610;ENSG00000133030;ENSG00000109670;ENSG00000140992;ENSG00000148660;ENSG00000130816;ENSG00000111266;ENSG00000068912;ENSG00000114742;ENSG00000100030;ENSG00000108946;ENSG00000257923;ENSG00000114315;ENSG00000108375;ENSG00000066027;ENSG00000197122;ENSG00000118260"
"REACTOME","REACTOME_C_TYPE_LECTIN_RECEPTORS_CLRS",0.00324591088037597,0.0313919600211704,0.431707695803346,0.403995070123428,1.51782480225749,113,"ENSG00000163932;ENSG00000100804;ENSG00000136930;ENSG00000143947;ENSG00000277791;ENSG00000185499;ENSG00000087191;ENSG00000041357;ENSG00000008018;ENSG00000185627;ENSG00000100764;ENSG00000174775;ENSG00000101182;ENSG00000130706;ENSG00000126067;ENSG00000103035;ENSG00000100324;ENSG00000221983;ENSG00000117983;ENSG00000142507;ENSG00000099804;ENSG00000106588;ENSG00000165916;ENSG00000099341;ENSG00000103490;ENSG00000197170;ENSG00000149269;ENSG00000100906;ENSG00000176945;ENSG00000100519;ENSG00000244687;ENSG00000055130;ENSG00000170315;ENSG00000115233;ENSG00000127922;ENSG00000159377;ENSG00000113558;ENSG00000173692;ENSG00000100567;ENSG00000150991;ENSG00000138814;ENSG00000072401;ENSG00000104856;ENSG00000173039;ENSG00000165025"
"REACTOME","REACTOME_METABOLISM_OF_WATER_SOLUBLE_VITAMINS_AND_COFACTORS",0.00337078651685393,0.0322860931997988,0.34452128726268,-0.417633788375907,-1.55533190703193,120,"ENSG00000196511;ENSG00000117394;ENSG00000120509;ENSG00000103222;ENSG00000138617;ENSG00000152620;ENSG00000124275;ENSG00000135318;ENSG00000103485;ENSG00000065911;ENSG00000171723;ENSG00000184719;ENSG00000120254;ENSG00000163864;ENSG00000176974;ENSG00000151883;ENSG00000004468;ENSG00000168216;ENSG00000076555;ENSG00000136010;ENSG00000170482;ENSG00000228716;ENSG00000102699;ENSG00000173599;ENSG00000160209;ENSG00000163738;ENSG00000278540;ENSG00000197594;ENSG00000116984;ENSG00000157064;ENSG00000136960;ENSG00000164933;ENSG00000166347;ENSG00000112874;ENSG00000135917"
"REACTOME","REACTOME_RESPONSE_TO_ELEVATED_PLATELET_CYTOSOLIC_CA2",0.00338409475465313,0.0322860931997988,0.34452128726268,-0.41020990125867,-1.53162722705709,123,"ENSG00000044574;ENSG00000145050;ENSG00000100234;ENSG00000115414;ENSG00000096070;ENSG00000112715;ENSG00000041353;ENSG00000128595;ENSG00000164111;ENSG00000184500;ENSG00000149218;ENSG00000125257;ENSG00000035403;ENSG00000167244;ENSG00000185010;ENSG00000165197;ENSG00000116260;ENSG00000196924;ENSG00000142192;ENSG00000197461;ENSG00000196937;ENSG00000100568;ENSG00000198113"
"REACTOME","REACTOME_TRANSCRIPTION_OF_E2F_TARGETS_UNDER_NEGATIVE_CONTROL_BY_DREAM_COMPLEX",0.00379772136717969,0.0350703331557463,0.335068558717014,-0.690498169479827,-1.79500349021552,19,"ENSG00000125952;ENSG00000205659;ENSG00000114126;ENSG00000080839;ENSG00000162521;ENSG00000198176;ENSG00000094804;ENSG00000131747;ENSG00000183814;ENSG00000103479"
"REACTOME","REACTOME_NPAS4_REGULATES_EXPRESSION_OF_TARGET_GENES",0.00376610505450942,0.0350703331557463,0.335068558717014,-0.672524603693768,-1.78703109159958,21,"ENSG00000254647;ENSG00000135679;ENSG00000133794;ENSG00000005339;ENSG00000164949;ENSG00000120645;ENSG00000172379"
"REACTOME","REACTOME_SIGNALING_BY_ALK_IN_CANCER",0.0038001140034201,0.0350703331557463,0.326351610990907,-0.443249912266143,-1.57966076336179,90,"ENSG00000125844;ENSG00000172071;ENSG00000135679;ENSG00000115414;ENSG00000138032;ENSG00000167460;ENSG00000114354;ENSG00000110324;ENSG00000078687;ENSG00000123908;ENSG00000172216;ENSG00000127946;ENSG00000169047;ENSG00000138674;ENSG00000107643;ENSG00000035403;ENSG00000126070;ENSG00000169057;ENSG00000160691;ENSG00000145675;ENSG00000105647;ENSG00000173821;ENSG00000126214;ENSG00000110841"
"REACTOME","REACTOME_NEGATIVE_REGULATION_OF_THE_PI3K_AKT_NETWORK",0.00373901663862404,0.0350703331557463,0.326351610990907,-0.425768705356815,-1.56308968047041,108,"ENSG00000254647;ENSG00000141506;ENSG00000155629;ENSG00000156427;ENSG00000068078;ENSG00000105976;ENSG00000185737;ENSG00000169047;ENSG00000142208;ENSG00000157168;ENSG00000179295;ENSG00000137331;ENSG00000154001;ENSG00000117461;ENSG00000133116;ENSG00000197461;ENSG00000145675;ENSG00000105647;ENSG00000143398;ENSG00000276293;ENSG00000102678;ENSG00000033327;ENSG00000185950;ENSG00000109458;ENSG00000138675;ENSG00000068971"
"REACTOME","REACTOME_INTRA_GOLGI_AND_RETROGRADE_GOLGI_TO_ER_TRAFFIC",0.00372856077554064,0.0350703331557463,0.326351610990907,-0.368418107300699,-1.46105553650307,202,"ENSG00000099246;ENSG00000003056;ENSG00000086598;ENSG00000160216;ENSG00000170348;ENSG00000136240;ENSG00000164627;ENSG00000100196;ENSG00000123570;ENSG00000197081;ENSG00000134970;ENSG00000137502;ENSG00000101162;ENSG00000135249;ENSG00000196547;ENSG00000136935;ENSG00000136152;ENSG00000164597;ENSG00000007168;ENSG00000176014;ENSG00000116489;ENSG00000151779;ENSG00000112893;ENSG00000164292;ENSG00000152291;ENSG00000161800;ENSG00000122218;ENSG00000105355;ENSG00000158623;ENSG00000120805;ENSG00000163808;ENSG00000095139;ENSG00000054523;ENSG00000133103;ENSG00000198162;ENSG00000115839;ENSG00000117533;ENSG00000104833;ENSG00000184432;ENSG00000138160;ENSG00000179331;ENSG00000143761;ENSG00000126214;ENSG00000101350;ENSG00000151746;ENSG00000138069;ENSG00000066455;ENSG00000138182;ENSG00000105438;ENSG00000111885;ENSG00000148248;ENSG00000084731;ENSG00000090889;ENSG00000138778;ENSG00000108587;ENSG00000168092;ENSG00000107185;ENSG00000108433;ENSG00000257923;ENSG00000117643;ENSG00000165115;ENSG00000129083;ENSG00000242247;ENSG00000132912"
"REACTOME","REACTOME_BUDDING_AND_MATURATION_OF_HIV_VIRION",0.00390946502057613,0.0351602841340987,0.335068558717014,0.603627628260538,1.75590807995605,28,"ENSG00000132612;ENSG00000139722;ENSG00000143947;ENSG00000147457;ENSG00000176428;ENSG00000196262;ENSG00000141971;ENSG00000160948;ENSG00000101421;ENSG00000221983;ENSG00000086065;ENSG00000170315;ENSG00000196814;ENSG00000254505;ENSG00000165006;ENSG00000150991"
"REACTOME","REACTOME_PINK1_PRKN_MEDIATED_MITOPHAGY",0.0038942406230785,0.0351602841340987,0.335068558717014,0.577981138565771,1.73307514628673,32,"ENSG00000161011;ENSG00000143947;ENSG00000158828;ENSG00000214736;ENSG00000221983;ENSG00000130204;ENSG00000165637;ENSG00000109332;ENSG00000244687;ENSG00000170315;ENSG00000196683;ENSG00000175768;ENSG00000078668;ENSG00000150991;ENSG00000156469;ENSG00000057663;ENSG00000123240;ENSG00000101460"
"REACTOME","REACTOME_AGGREPHAGY",0.00390143737166324,0.0351602841340987,0.335068558717014,0.529048154824438,1.68759278529037,43,"ENSG00000167552;ENSG00000137267;ENSG00000137285;ENSG00000143947;ENSG00000185122;ENSG00000080824;ENSG00000088986;ENSG00000188229;ENSG00000116288;ENSG00000183785;ENSG00000167553;ENSG00000221983;ENSG00000123416;ENSG00000001626;ENSG00000173213;ENSG00000244687;ENSG00000158560;ENSG00000170315;ENSG00000127824;ENSG00000144635"
"REACTOME","REACTOME_TCF_DEPENDENT_SIGNALING_IN_RESPONSE_TO_WNT",0.00388768898488121,0.0351602841340987,0.34452128726268,0.351667065596096,1.43452148514858,212,"ENSG00000065717;ENSG00000131650;ENSG00000171056;ENSG00000101282;ENSG00000100804;ENSG00000136930;ENSG00000143947;ENSG00000277791;ENSG00000140332;ENSG00000181274;ENSG00000204435;ENSG00000087191;ENSG00000273802;ENSG00000041357;ENSG00000103126;ENSG00000008018;ENSG00000185627;ENSG00000100764;ENSG00000156076;ENSG00000101182;ENSG00000130706;ENSG00000126067;ENSG00000103035;ENSG00000132475;ENSG00000172977;ENSG00000137713;ENSG00000108379;ENSG00000221983;ENSG00000166477;ENSG00000100387;ENSG00000142507;ENSG00000106588;ENSG00000165916;ENSG00000099341;ENSG00000162552;ENSG00000158373;ENSG00000197170;ENSG00000113575;ENSG00000143816;ENSG00000100519;ENSG00000164362;ENSG00000188486;ENSG00000180596;ENSG00000104371;ENSG00000276180;ENSG00000274750;ENSG00000105568;ENSG00000170315;ENSG00000115233;ENSG00000020633;ENSG00000270882;ENSG00000127922;ENSG00000197061;ENSG00000274183;ENSG00000159377;ENSG00000246705;ENSG00000124635;ENSG00000277224;ENSG00000162961;ENSG00000105221;ENSG00000177283;ENSG00000112640;ENSG00000273983;ENSG00000173692;ENSG00000100567;ENSG00000150991;ENSG00000277775;ENSG00000196363;ENSG00000180573"
"REACTOME","REACTOME_RNA_POLYMERASE_I_PROMOTER_ESCAPE",0.00397655922980327,0.0351772675717263,0.335068558717014,0.435231633930959,1.5678070994672,85,"ENSG00000177700;ENSG00000163882;ENSG00000171453;ENSG00000273802;ENSG00000100142;ENSG00000132475;ENSG00000104884;ENSG00000105849;ENSG00000158373;ENSG00000188486;ENSG00000180596;ENSG00000272047;ENSG00000276180;ENSG00000274750;ENSG00000103168;ENSG00000270882;ENSG00000099817;ENSG00000197061;ENSG00000274183;ENSG00000246705;ENSG00000124635;ENSG00000277224;ENSG00000115750;ENSG00000134480;ENSG00000117877;ENSG00000273983;ENSG00000066379;ENSG00000166012;ENSG00000277775;ENSG00000180573;ENSG00000147669;ENSG00000276368;ENSG00000278588;ENSG00000275714;ENSG00000197903;ENSG00000112592;ENSG00000122565;ENSG00000184678;ENSG00000234289;ENSG00000068654"
"REACTOME","REACTOME_HEDGEHOG_OFF_STATE",0.00398609264268854,0.0351772675717263,0.407017918923954,0.42541284918925,1.56774807977941,99,"ENSG00000167552;ENSG00000137267;ENSG00000137285;ENSG00000010361;ENSG00000100804;ENSG00000136930;ENSG00000143947;ENSG00000277791;ENSG00000087191;ENSG00000166813;ENSG00000041357;ENSG00000008018;ENSG00000185627;ENSG00000100764;ENSG00000101182;ENSG00000130706;ENSG00000126067;ENSG00000103035;ENSG00000188229;ENSG00000167553;ENSG00000221983;ENSG00000100387;ENSG00000142507;ENSG00000106588;ENSG00000165916;ENSG00000099341;ENSG00000123416;ENSG00000197170;ENSG00000046651;ENSG00000100519;ENSG00000005249;ENSG00000055130;ENSG00000170315;ENSG00000115233;ENSG00000127824;ENSG00000127922;ENSG00000159377;ENSG00000113558;ENSG00000163913;ENSG00000188191;ENSG00000121281;ENSG00000173692;ENSG00000100567;ENSG00000150991;ENSG00000032742"
"REACTOME","REACTOME_SEPARATION_OF_SISTER_CHROMATIDS",0.00393786917523518,0.0351772675717263,0.34452128726268,0.362131025569819,1.44391146619544,178,"ENSG00000167552;ENSG00000137267;ENSG00000137285;ENSG00000102901;ENSG00000002822;ENSG00000177954;ENSG00000100804;ENSG00000136930;ENSG00000143947;ENSG00000089053;ENSG00000196510;ENSG00000277791;ENSG00000100401;ENSG00000087191;ENSG00000041357;ENSG00000008018;ENSG00000185627;ENSG00000100764;ENSG00000090273;ENSG00000101182;ENSG00000130706;ENSG00000126067;ENSG00000088986;ENSG00000103035;ENSG00000188229;ENSG00000137713;ENSG00000183785;ENSG00000167553;ENSG00000221983;ENSG00000108106;ENSG00000110200;ENSG00000160783;ENSG00000142507;ENSG00000106588;ENSG00000165916;ENSG00000099341;ENSG00000123416;ENSG00000197170;ENSG00000141552;ENSG00000113575;ENSG00000170142;ENSG00000100519;ENSG00000173213;ENSG00000175279;ENSG00000105568;ENSG00000158560;ENSG00000170315;ENSG00000115233;ENSG00000127824;ENSG00000127922;ENSG00000130177;ENSG00000159377;ENSG00000144635;ENSG00000178999;ENSG00000164611;ENSG00000112640;ENSG00000173692;ENSG00000101367;ENSG00000100567;ENSG00000150991;ENSG00000072401;ENSG00000123810;ENSG00000179051;ENSG00000176386;ENSG00000085415;ENSG00000175166;ENSG00000178462"
"REACTOME","REACTOME_ACETYLCHOLINE_BINDING_AND_DOWNSTREAM_EVENTS",0.00402090872537193,0.0352641187591625,0.326351610990907,-0.756949339503158,-1.78480866181781,13,"ENSG00000169684;ENSG00000135902;ENSG00000120903;ENSG00000138435;ENSG00000160716;ENSG00000080644;ENSG00000117971;ENSG00000108556"
"REACTOME","REACTOME_COLLAGEN_FORMATION",0.00406490248927758,0.0354298908324688,0.407017918923954,-0.470612056913675,-1.65050540146589,82,"ENSG00000171812;ENSG00000166794;ENSG00000115318;ENSG00000196739;ENSG00000084636;ENSG00000182871;ENSG00000053747;ENSG00000090530;ENSG00000114270;ENSG00000130508;ENSG00000185624;ENSG00000188517;ENSG00000082293;ENSG00000117385;ENSG00000087116;ENSG00000135047;ENSG00000072682;ENSG00000134013;ENSG00000083444;ENSG00000169436;ENSG00000129038;ENSG00000169031;ENSG00000081052;ENSG00000197565;ENSG00000187498;ENSG00000108821;ENSG00000101203;ENSG00000124749;ENSG00000204291"
"REACTOME","REACTOME_HSP90_CHAPERONE_CYCLE_FOR_STEROID_HORMONE_RECEPTORS_SHR_IN_THE_PRESENCE_OF_LIGAND",0.00412541254125413,0.0357367025046063,0.326351610990907,0.486687522509138,1.62993016027238,56,"ENSG00000167552;ENSG00000137267;ENSG00000004478;ENSG00000140403;ENSG00000137285;ENSG00000204843;ENSG00000096384;ENSG00000080824;ENSG00000088986;ENSG00000204389;ENSG00000188229;ENSG00000183785;ENSG00000167553;ENSG00000168439;ENSG00000151623;ENSG00000123416;ENSG00000077549;ENSG00000086061;ENSG00000173213;ENSG00000110958;ENSG00000158560;ENSG00000127824;ENSG00000144635"
"REACTOME","REACTOME_PEPTIDE_HORMONE_METABOLISM",0.00421940928270042,0.0363280847998353,0.310776919977249,-0.454119751851283,-1.59266447242846,82,"ENSG00000254647;ENSG00000070367;ENSG00000196549;ENSG00000129128;ENSG00000197535;ENSG00000164756;ENSG00000118363;ENSG00000185624;ENSG00000145740;ENSG00000135744;ENSG00000111664;ENSG00000168280;ENSG00000086619"
"REACTOME","REACTOME_COLLAGEN_BIOSYNTHESIS_AND_MODIFYING_ENZYMES",0.00440950920245399,0.0377347090537275,0.303779434551183,-0.484099938338424,-1.61903010553825,62,"ENSG00000171812;ENSG00000166794;ENSG00000196739;ENSG00000084636;ENSG00000182871;ENSG00000090530;ENSG00000114270;ENSG00000185624;ENSG00000188517;ENSG00000082293;ENSG00000117385;ENSG00000087116;ENSG00000072682;ENSG00000083444;ENSG00000169436;ENSG00000169031;ENSG00000081052;ENSG00000197565;ENSG00000187498;ENSG00000108821;ENSG00000101203;ENSG00000124749;ENSG00000204291"
"REACTOME","REACTOME_PRESYNAPTIC_NICOTINIC_ACETYLCHOLINE_RECEPTORS",0.00448613376835237,0.0381591619332141,0.310776919977249,-0.790819305050168,-1.78003220814127,11,"ENSG00000169684;ENSG00000135902;ENSG00000120903;ENSG00000138435;ENSG00000160716;ENSG00000080644;ENSG00000117971;ENSG00000108556"
"REACTOME","REACTOME_RNA_POLYMERASE_I_TRANSCRIPTION_TERMINATION",0.00451481249578327,0.038173145173928,0.407017918923954,0.58768564711032,1.75236236989428,31,"ENSG00000177700;ENSG00000163882;ENSG00000171453;ENSG00000100142;ENSG00000104884;ENSG00000105849;ENSG00000272047;ENSG00000103168;ENSG00000099817;ENSG00000115750;ENSG00000134480;ENSG00000117877;ENSG00000066379;ENSG00000166012;ENSG00000147669"
"REACTOME","REACTOME_SLC_TRANSPORTER_DISORDERS",0.00456360524814604,0.0383560155379893,0.29723292199973,-0.430645270803397,-1.55242459907813,96,"ENSG00000117394;ENSG00000074621;ENSG00000110911;ENSG00000155465;ENSG00000169359;ENSG00000139496;ENSG00000120253;ENSG00000155561;ENSG00000198246;ENSG00000155850;ENSG00000091137;ENSG00000124789;ENSG00000074803;ENSG00000126883;ENSG00000106633;ENSG00000030066;ENSG00000101200;ENSG00000181804;ENSG00000163581;ENSG00000106688;ENSG00000115665;ENSG00000198569;ENSG00000168003;ENSG00000113569;ENSG00000110713;ENSG00000197375;ENSG00000112077;ENSG00000132182;ENSG00000102900;ENSG00000095319;ENSG00000140199;ENSG00000100170;ENSG00000156515;ENSG00000157020;ENSG00000196313;ENSG00000004939"
"REACTOME","REACTOME_RAC2_GTPASE_CYCLE",0.00478560490045942,0.0399838705292822,0.291090917251384,-0.445687061573767,-1.57254887251193,85,"ENSG00000138443;ENSG00000158195;ENSG00000173218;ENSG00000107863;ENSG00000134909;ENSG00000124164;ENSG00000120802;ENSG00000028116;ENSG00000046604;ENSG00000174106;ENSG00000156299;ENSG00000150093;ENSG00000180370;ENSG00000124126;ENSG00000150760;ENSG00000161800;ENSG00000273749;ENSG00000117461;ENSG00000079482;ENSG00000135905;ENSG00000135090;ENSG00000145675;ENSG00000105647;ENSG00000112851;ENSG00000160007;ENSG00000123338;ENSG00000140750;ENSG00000061676;ENSG00000139436;ENSG00000165168;ENSG00000038382;ENSG00000105137;ENSG00000074695"
"REACTOME","REACTOME_HIV_TRANSCRIPTION_ELONGATION",0.00492408699220353,0.0408988872528905,0.29723292199973,0.520775261759172,1.65289276857056,42,"ENSG00000177700;ENSG00000163882;ENSG00000105656;ENSG00000204356;ENSG00000100142;ENSG00000104884;ENSG00000188986;ENSG00000101158;ENSG00000125651;ENSG00000060069;ENSG00000103363;ENSG00000011007;ENSG00000272047;ENSG00000105258;ENSG00000168002;ENSG00000185049;ENSG00000099817;ENSG00000134480;ENSG00000005075;ENSG00000196235;ENSG00000147669"
"REACTOME","REACTOME_ECM_PROTEOGLYCANS",0.00497607655502392,0.041089006407566,0.285313392143872,-0.469594368911013,-1.61010652418687,71,"ENSG00000115414;ENSG00000053747;ENSG00000091136;ENSG00000038427;ENSG00000101680;ENSG00000150093;ENSG00000130287;ENSG00000142798;ENSG00000105664;ENSG00000162510;ENSG00000082781;ENSG00000142192;ENSG00000132692;ENSG00000169031;ENSG00000081052;ENSG00000149294;ENSG00000173402;ENSG00000197565;ENSG00000187498;ENSG00000196569;ENSG00000108821;ENSG00000116147;ENSG00000188157"
"REACTOME","REACTOME_ATF4_ACTIVATES_GENES_IN_RESPONSE_TO_ENDOPLASMIC_RETICULUM_STRESS",0.00503231067627108,0.0413117597377602,0.407017918923954,-0.644206767012458,-1.81741393377438,27,"ENSG00000051108;ENSG00000175197;ENSG00000172795;ENSG00000118217;ENSG00000001167;ENSG00000172216;ENSG00000153879"
"REACTOME","REACTOME_EXPRESSION_OF_BMAL_ARNTL_CLOCK_AND_NPAS2",0.005079117015042,0.0414549897412677,0.285313392143872,-0.57700492472025,-1.70995014879457,34,"ENSG00000186951;ENSG00000133794;ENSG00000125686;ENSG00000198646;ENSG00000005339;ENSG00000140396;ENSG00000140577;ENSG00000180530;ENSG00000105662;ENSG00000141027;ENSG00000100393;ENSG00000198963;ENSG00000143365;ENSG00000084676;ENSG00000118260;ENSG00000115966;ENSG00000069667;ENSG00000101849;ENSG00000096717;ENSG00000108557"
"REACTOME","REACTOME_SYNTHESIS_OF_DNA",0.00516311091393631,0.0418983483360809,0.407017918923954,0.415326319953249,1.55142107084843,108,"ENSG00000100804;ENSG00000136930;ENSG00000143947;ENSG00000089053;ENSG00000196510;ENSG00000277791;ENSG00000087191;ENSG00000041357;ENSG00000008018;ENSG00000185627;ENSG00000115350;ENSG00000100764;ENSG00000101182;ENSG00000130706;ENSG00000126067;ENSG00000103035;ENSG00000221983;ENSG00000108106;ENSG00000110200;ENSG00000100387;ENSG00000142507;ENSG00000106588;ENSG00000165916;ENSG00000099341;ENSG00000197170;ENSG00000148229;ENSG00000167513;ENSG00000141552;ENSG00000170142;ENSG00000100519;ENSG00000055130;ENSG00000170315;ENSG00000115233;ENSG00000127922;ENSG00000130177;ENSG00000159377;ENSG00000113558;ENSG00000105325;ENSG00000166508;ENSG00000173692;ENSG00000100567;ENSG00000150991;ENSG00000072401;ENSG00000176386;ENSG00000100297;ENSG00000175166;ENSG00000166295"
"REACTOME","REACTOME_TRANSCRIPTIONAL_REGULATION_BY_E2F6",0.00528500216736516,0.0424001310245432,0.407017918923954,-0.598519879025156,-1.77370956875588,34,"ENSG00000168283;ENSG00000125952;ENSG00000114126;ENSG00000163602;ENSG00000171848;ENSG00000106462;ENSG00000174197;ENSG00000162521;ENSG00000198176"
"REACTOME","REACTOME_METAL_ION_SLC_TRANSPORTERS",0.0052603395089913,0.0424001310245432,0.407017918923954,-0.549856768976001,-1.71719442149462,44,"ENSG00000183023;ENSG00000074621;ENSG00000104635;ENSG00000138821;ENSG00000110911;ENSG00000115194;ENSG00000164756;ENSG00000133065;ENSG00000136052;ENSG00000136868;ENSG00000145740;ENSG00000115616;ENSG00000170385;ENSG00000141424;ENSG00000065923;ENSG00000139540;ENSG00000112473;ENSG00000089060;ENSG00000181804"
"REACTOME","REACTOME_SUMOYLATION",0.00547168297183102,0.0436498099221774,0.407017918923954,-0.377213946247946,-1.48487091051838,187,"ENSG00000168283;ENSG00000135679;ENSG00000164754;ENSG00000163029;ENSG00000186951;ENSG00000163904;ENSG00000182568;ENSG00000172262;ENSG00000005339;ENSG00000088305;ENSG00000139496;ENSG00000137337;ENSG00000072501;ENSG00000214717;ENSG00000143799;ENSG00000140396;ENSG00000120253;ENSG00000155561;ENSG00000008196;ENSG00000185115;ENSG00000180530;ENSG00000165392;ENSG00000132383;ENSG00000100201;ENSG00000198900;ENSG00000124789;ENSG00000077150;ENSG00000149503;ENSG00000131747;ENSG00000064393;ENSG00000079387;ENSG00000141644;ENSG00000068024;ENSG00000178691;ENSG00000126883;ENSG00000030066;ENSG00000100393;ENSG00000152422;ENSG00000084676;ENSG00000111424;ENSG00000119231;ENSG00000270276;ENSG00000131788;ENSG00000118007;ENSG00000130816;ENSG00000184900;ENSG00000113569;ENSG00000110713;ENSG00000197837;ENSG00000177374;ENSG00000113580;ENSG00000141510;ENSG00000132182;ENSG00000126261;ENSG00000256683;ENSG00000102900;ENSG00000095319;ENSG00000147854;ENSG00000108654;ENSG00000169375;ENSG00000197238;ENSG00000172845;ENSG00000061273;ENSG00000055332;ENSG00000069667;ENSG00000119042"
"REACTOME","REACTOME_MITOTIC_G2_G2_M_PHASES",0.00567313986471743,0.0450026600504551,0.285313392143872,0.351544945798044,1.41766129101077,193,"ENSG00000167552;ENSG00000137267;ENSG00000137285;ENSG00000204843;ENSG00000152082;ENSG00000100804;ENSG00000136930;ENSG00000143947;ENSG00000277791;ENSG00000008128;ENSG00000087191;ENSG00000041357;ENSG00000008018;ENSG00000185627;ENSG00000100764;ENSG00000176101;ENSG00000096384;ENSG00000141577;ENSG00000101182;ENSG00000130706;ENSG00000037042;ENSG00000126067;ENSG00000080824;ENSG00000088986;ENSG00000103035;ENSG00000248333;ENSG00000188229;ENSG00000137713;ENSG00000183785;ENSG00000167553;ENSG00000221983;ENSG00000100387;ENSG00000142507;ENSG00000106588;ENSG00000165916;ENSG00000099341;ENSG00000123416;ENSG00000205629;ENSG00000197170;ENSG00000113575;ENSG00000046651;ENSG00000131462;ENSG00000126001;ENSG00000166483;ENSG00000100519;ENSG00000173213;ENSG00000005249;ENSG00000105568;ENSG00000055130;ENSG00000198089;ENSG00000170315;ENSG00000115233;ENSG00000127824;ENSG00000127922;ENSG00000159377;ENSG00000173272;ENSG00000113558;ENSG00000105325;ENSG00000134480;ENSG00000110274;ENSG00000124762;ENSG00000173692;ENSG00000101367;ENSG00000100567;ENSG00000150991;ENSG00000152240;ENSG00000183580;ENSG00000101057;ENSG00000078674;ENSG00000221914;ENSG00000130640;ENSG00000175166;ENSG00000178462;ENSG00000123240"
"REACTOME","REACTOME_SIGNALING_BY_THE_B_CELL_RECEPTOR_BCR",0.00573370142280739,0.0452289743519778,0.279865652661932,0.411602435694631,1.51371890693431,98,"ENSG00000100804;ENSG00000276045;ENSG00000136930;ENSG00000143947;ENSG00000277791;ENSG00000171608;ENSG00000087191;ENSG00000041357;ENSG00000008018;ENSG00000185627;ENSG00000100764;ENSG00000174775;ENSG00000101182;ENSG00000130706;ENSG00000126067;ENSG00000196262;ENSG00000103035;ENSG00000088832;ENSG00000221983;ENSG00000142507;ENSG00000106588;ENSG00000165916;ENSG00000099341;ENSG00000197170;ENSG00000100906;ENSG00000100519;ENSG00000105369;ENSG00000055130;ENSG00000170315;ENSG00000115233;ENSG00000127922;ENSG00000159377;ENSG00000113558;ENSG00000173692;ENSG00000100567;ENSG00000150991;ENSG00000138814;ENSG00000211644;ENSG00000173039;ENSG00000165025"
"REACTOME","REACTOME_FORMATION_OF_TC_NER_PRE_INCISION_COMPLEX",0.00583454886434674,0.0457687944247644,0.274717458595242,0.495104451679223,1.6254083607732,51,"ENSG00000177700;ENSG00000143947;ENSG00000163882;ENSG00000144524;ENSG00000100142;ENSG00000168090;ENSG00000104884;ENSG00000139842;ENSG00000221983;ENSG00000100387;ENSG00000111652;ENSG00000169727;ENSG00000272047;ENSG00000105258;ENSG00000168002;ENSG00000170315;ENSG00000099817;ENSG00000134480;ENSG00000076924;ENSG00000198783;ENSG00000005075;ENSG00000150991;ENSG00000147669"
"REACTOME","REACTOME_CYTOSOLIC_SENSORS_OF_PATHOGEN_ASSOCIATED_DNA",0.00605933974091099,0.0472695453821344,0.269842314478839,0.461474226814799,1.57019254117115,62,"ENSG00000124831;ENSG00000132109;ENSG00000177700;ENSG00000143947;ENSG00000163882;ENSG00000171453;ENSG00000113356;ENSG00000161980;ENSG00000168256;ENSG00000100142;ENSG00000168495;ENSG00000058600;ENSG00000221983;ENSG00000126456;ENSG00000127666;ENSG00000100906;ENSG00000185507;ENSG00000170315;ENSG00000099817;ENSG00000121851;ENSG00000197885;ENSG00000183258;ENSG00000100413;ENSG00000150991;ENSG00000164342;ENSG00000147669;ENSG00000173039"
"REACTOME","REACTOME_G0_AND_EARLY_G1",0.00630093357259,0.0488841659587752,0.407017918923954,-0.63533220070362,-1.79237731309329,27,"ENSG00000125952;ENSG00000205659;ENSG00000114126;ENSG00000080839;ENSG00000157540;ENSG00000162521;ENSG00000198176;ENSG00000094804;ENSG00000131747;ENSG00000123374;ENSG00000183814;ENSG00000103479"
"REACTOME","REACTOME_MITOCHONDRIAL_CALCIUM_ION_TRANSPORT",0.00649482443677694,0.0500390865219249,0.256635016972443,0.613841184118833,1.70439566113534,23,"ENSG00000167085;ENSG00000005059;ENSG00000121057;ENSG00000215021;ENSG00000165283;ENSG00000165637;ENSG00000165487;ENSG00000197912;ENSG00000183172;ENSG00000078668;ENSG00000162972;ENSG00000168924;ENSG00000165688;ENSG00000141385;ENSG00000155970;ENSG00000100678"
"REACTOME","REACTOME_COPII_MEDIATED_VESICLE_TRANSPORT",0.00655611261087543,0.0500390865219249,0.248832632022043,-0.463559195525306,-1.57859518879715,69,"ENSG00000086598;ENSG00000170348;ENSG00000114354;ENSG00000114270;ENSG00000100934;ENSG00000138674;ENSG00000136874;ENSG00000150961;ENSG00000110075;ENSG00000185010;ENSG00000119414;ENSG00000160218;ENSG00000138768;ENSG00000180398;ENSG00000138069;ENSG00000206560;ENSG00000113615;ENSG00000074695;ENSG00000176986;ENSG00000054116;ENSG00000114745;ENSG00000108433;ENSG00000093183;ENSG00000107651;ENSG00000182400;ENSG00000265808;ENSG00000105829;ENSG00000198734;ENSG00000138802"
"REACTOME","REACTOME_RHOC_GTPASE_CYCLE",0.00654475457170356,0.0500390865219249,0.248832632022043,-0.45621825229621,-1.56743291566207,73,"ENSG00000204178;ENSG00000173218;ENSG00000107863;ENSG00000126217;ENSG00000134909;ENSG00000124164;ENSG00000120802;ENSG00000119139;ENSG00000122966;ENSG00000124126;ENSG00000161800;ENSG00000079482;ENSG00000170776;ENSG00000164741;ENSG00000134318;ENSG00000110237;ENSG00000145675;ENSG00000161791;ENSG00000112851;ENSG00000160007;ENSG00000160447;ENSG00000133121;ENSG00000067900;ENSG00000157827;ENSG00000196914"
"REACTOME","REACTOME_ACTIVATION_OF_ATR_IN_RESPONSE_TO_REPLICATION_STRESS",0.00664192225043954,0.050421474288283,0.248832632022043,-0.552247032081347,-1.66325394616831,37,"ENSG00000092853;ENSG00000132383;ENSG00000113456;ENSG00000136273;ENSG00000094804;ENSG00000125885;ENSG00000135336;ENSG00000123374;ENSG00000133119;ENSG00000065328;ENSG00000076003;ENSG00000097046;ENSG00000104738;ENSG00000115942;ENSG00000073111;ENSG00000164045;ENSG00000115947;ENSG00000172613;ENSG00000158402;ENSG00000175054;ENSG00000085840;ENSG00000111445;ENSG00000093009"
"REACTOME","REACTOME_INHIBITION_OF_DNA_RECOMBINATION_AT_TELOMERE",0.00669596149822139,0.0505598804036823,0.256635016972443,0.45760790689974,1.56141884831257,63,"ENSG00000204209;ENSG00000177700;ENSG00000163882;ENSG00000273802;ENSG00000100142;ENSG00000132604;ENSG00000132475;ENSG00000158373;ENSG00000092330;ENSG00000188486;ENSG00000180596;ENSG00000105258;ENSG00000276180;ENSG00000168002;ENSG00000270882;ENSG00000099817;ENSG00000197061;ENSG00000274183;ENSG00000246705;ENSG00000124635;ENSG00000277224;ENSG00000005075;ENSG00000180573;ENSG00000166848;ENSG00000147669;ENSG00000102977;ENSG00000276368;ENSG00000278588;ENSG00000197903;ENSG00000184678;ENSG00000234289"
"REACTOME","REACTOME_REGULATION_OF_BETA_CELL_DEVELOPMENT",0.00686345615502789,0.0515489366537201,0.407017918923954,-0.569417375589669,-1.75381963078256,41,"ENSG00000254647;ENSG00000184384;ENSG00000143627;ENSG00000161021;ENSG00000150907;ENSG00000005339;ENSG00000114166;ENSG00000142208;ENSG00000164749;ENSG00000185002;ENSG00000013619;ENSG00000168267;ENSG00000196782;ENSG00000106633;ENSG00000100393"
"REACTOME","REACTOME_TRANSCRIPTIONAL_REGULATION_BY_NPAS4",0.00690510171008874,0.0515791448232286,0.407017918923954,-0.598443450018802,-1.76212839016442,33,"ENSG00000254647;ENSG00000135679;ENSG00000133794;ENSG00000005339;ENSG00000078687;ENSG00000123908;ENSG00000164949;ENSG00000126070;ENSG00000120645;ENSG00000172379"
"REACTOME","REACTOME_RHOA_GTPASE_CYCLE",0.00694053648471206,0.0515791448232286,0.238352921646911,-0.384865829418542,-1.46608656594969,145,"ENSG00000204178;ENSG00000088756;ENSG00000173218;ENSG00000107863;ENSG00000152767;ENSG00000092531;ENSG00000126217;ENSG00000134909;ENSG00000124164;ENSG00000120802;ENSG00000198142;ENSG00000119139;ENSG00000137727;ENSG00000156299;ENSG00000122966;ENSG00000113194;ENSG00000124126;ENSG00000161800;ENSG00000079482;ENSG00000170776;ENSG00000164741;ENSG00000134318;ENSG00000110237;ENSG00000145675;ENSG00000105647;ENSG00000161791;ENSG00000112851;ENSG00000137962;ENSG00000160007;ENSG00000160145;ENSG00000160447;ENSG00000133121;ENSG00000067900;ENSG00000123329;ENSG00000075651;ENSG00000196914;ENSG00000038382;ENSG00000074695;ENSG00000198171;ENSG00000132694;ENSG00000111348;ENSG00000031081;ENSG00000066933;ENSG00000114346;ENSG00000114993;ENSG00000023892;ENSG00000136478;ENSG00000072274;ENSG00000047365;ENSG00000198844;ENSG00000183856;ENSG00000066248;ENSG00000113319;ENSG00000142632;ENSG00000173848;ENSG00000139734;ENSG00000140575;ENSG00000105974"
"REACTOME","REACTOME_LAMININ_INTERACTIONS",0.00702028081123245,0.0518986204474357,0.241698386096655,-0.597157491945401,-1.70650660785482,29,"ENSG00000182871;ENSG00000053747;ENSG00000091136;ENSG00000114270;ENSG00000101680;ENSG00000150093;ENSG00000142798;ENSG00000087303;ENSG00000169031;ENSG00000081052;ENSG00000197565;ENSG00000187498;ENSG00000196569;ENSG00000213949"
"REACTOME","REACTOME_RHOJ_GTPASE_CYCLE",0.00716082833365589,0.0526619250370944,0.238352921646911,-0.495141101572151,-1.61268419895297,54,"ENSG00000173218;ENSG00000107863;ENSG00000092531;ENSG00000134909;ENSG00000120802;ENSG00000169379;ENSG00000180370;ENSG00000124126;ENSG00000107099;ENSG00000079482;ENSG00000145675;ENSG00000105647;ENSG00000161791;ENSG00000160007;ENSG00000143776;ENSG00000198373;ENSG00000171475;ENSG00000139436;ENSG00000038382;ENSG00000105137;ENSG00000122126;ENSG00000115107;ENSG00000072274;ENSG00000183856"
"REACTOME","REACTOME_ASSEMBLY_OF_THE_HIV_VIRION",0.0075712293285515,0.0553088866445194,0.235141995561108,0.68483435654249,1.7357589936398,16,"ENSG00000139722;ENSG00000143947;ENSG00000176428;ENSG00000196262;ENSG00000141971;ENSG00000160948;ENSG00000221983;ENSG00000170315;ENSG00000196814;ENSG00000165006;ENSG00000150991"
"REACTOME","REACTOME_HH_MUTANTS_ABROGATE_LIGAND_SECRETION",0.00759909632368043,0.0553088866445194,0.238352921646911,0.501884957778905,1.61453390122223,45,"ENSG00000100804;ENSG00000136930;ENSG00000143947;ENSG00000277791;ENSG00000087191;ENSG00000041357;ENSG00000008018;ENSG00000185627;ENSG00000100764;ENSG00000101182;ENSG00000130706;ENSG00000126067;ENSG00000103035;ENSG00000139549;ENSG00000221983;ENSG00000142507;ENSG00000106588;ENSG00000165916;ENSG00000099341;ENSG00000197170;ENSG00000100519;ENSG00000170315;ENSG00000115233;ENSG00000127922;ENSG00000159377;ENSG00000173692;ENSG00000100567;ENSG00000150991"
"REACTOME","REACTOME_G1_S_SPECIFIC_TRANSCRIPTION",0.0078003120124805,0.0564822592903716,0.229089382980959,-0.593121711595843,-1.6949734931786,29,"ENSG00000205659;ENSG00000114126;ENSG00000080839;ENSG00000171848;ENSG00000162521;ENSG00000198176;ENSG00000101868;ENSG00000112029;ENSG00000228716;ENSG00000094804;ENSG00000176890;ENSG00000183814;ENSG00000103479;ENSG00000164045;ENSG00000132646;ENSG00000105173;ENSG00000085840;ENSG00000133101;ENSG00000093009;ENSG00000170312"
"REACTOME","REACTOME_APOPTOSIS",0.00807155322862129,0.0581481283612922,0.238352921646911,0.355015520222654,1.40057161081144,162,"ENSG00000163932;ENSG00000100804;ENSG00000136930;ENSG00000102882;ENSG00000143947;ENSG00000277791;ENSG00000104081;ENSG00000087191;ENSG00000041357;ENSG00000008018;ENSG00000185627;ENSG00000149089;ENSG00000100764;ENSG00000167657;ENSG00000101182;ENSG00000104518;ENSG00000130706;ENSG00000126067;ENSG00000160789;ENSG00000088986;ENSG00000108561;ENSG00000136279;ENSG00000103035;ENSG00000100453;ENSG00000243414;ENSG00000147889;ENSG00000175793;ENSG00000221983;ENSG00000178209;ENSG00000162600;ENSG00000142507;ENSG00000106588;ENSG00000165916;ENSG00000099341;ENSG00000170458;ENSG00000127666;ENSG00000030110;ENSG00000197170;ENSG00000186868;ENSG00000105327;ENSG00000187837;ENSG00000087088;ENSG00000035664;ENSG00000100519;ENSG00000184047;ENSG00000169857;ENSG00000170315;ENSG00000100813;ENSG00000115233;ENSG00000127922;ENSG00000159377;ENSG00000128245;ENSG00000105221;ENSG00000015475;ENSG00000160049;ENSG00000166913;ENSG00000173692;ENSG00000168040;ENSG00000100567;ENSG00000150991;ENSG00000132906;ENSG00000148180"
"REACTOME","REACTOME_ER_QUALITY_CONTROL_COMPARTMENT_ERQC",0.00832507433102081,0.0596700759157431,0.223479119117479,-0.647276211994645,-1.71994111343164,21,"ENSG00000145495;ENSG00000136731;ENSG00000071537;ENSG00000134109;ENSG00000072849;ENSG00000135506;ENSG00000162298"
"REACTOME","REACTOME_SYNTHESIS_SECRETION_AND_DEACYLATION_OF_GHRELIN",0.00840168033606721,0.059781354112589,0.223479119117479,-0.684520249429856,-1.73263159623621,17,"ENSG00000254647;ENSG00000129128;ENSG00000118363"
"REACTOME","REACTOME_LYSOSPHINGOLIPID_AND_LPA_RECEPTORS",0.00842527582748245,0.059781354112589,0.223479119117479,-0.717343035983673,-1.7219651116632,14,"ENSG00000148123;ENSG00000171517;ENSG00000117600;ENSG00000213694"
"REACTOME","REACTOME_TRAF6_MEDIATED_INDUCTION_OF_TAK1_COMPLEX_WITHIN_TLR4_COMPLEX",0.00858797683243459,0.0603294690915306,0.220823464091113,0.688497124715937,1.7118580965656,15,"ENSG00000143947;ENSG00000004139;ENSG00000243414;ENSG00000100324;ENSG00000221983;ENSG00000170458;ENSG00000127666;ENSG00000134070;ENSG00000170315;ENSG00000150991"
"REACTOME","REACTOME_PENTOSE_PHOSPHATE_PATHWAY",0.00857085907913096,0.0603294690915306,0.220823464091113,0.699302640371826,1.70722792045561,14,"ENSG00000169299;ENSG00000197417;ENSG00000160211;ENSG00000142657;ENSG00000235376;ENSG00000130313;ENSG00000163931;ENSG00000023697;ENSG00000153574;ENSG00000177156"
"REACTOME","REACTOME_COLLAGEN_CHAIN_TRIMERIZATION",0.00877022022997466,0.0613047077461595,0.215782858966574,-0.536354569408522,-1.64392108920179,40,"ENSG00000171812;ENSG00000196739;ENSG00000084636;ENSG00000182871;ENSG00000114270;ENSG00000188517;ENSG00000082293;ENSG00000169436;ENSG00000169031;ENSG00000081052;ENSG00000197565;ENSG00000187498;ENSG00000108821;ENSG00000101203;ENSG00000124749;ENSG00000204291;ENSG00000142173"
"REACTOME","REACTOME_HOMOLOGOUS_DNA_PAIRING_AND_STRAND_EXCHANGE",0.00935307872174591,0.0650568825374642,0.208826601974224,-0.517039898474863,-1.60674815179707,43,"ENSG00000136492;ENSG00000139618;ENSG00000138376;ENSG00000182185;ENSG00000113522;ENSG00000165392;ENSG00000132383;ENSG00000113456;ENSG00000136273;ENSG00000020922;ENSG00000196584;ENSG00000111247;ENSG00000174371;ENSG00000133119;ENSG00000185379;ENSG00000175643;ENSG00000149311;ENSG00000171792;ENSG00000172613;ENSG00000175054;ENSG00000051180;ENSG00000083093;ENSG00000111445;ENSG00000101773;ENSG00000163781"
"REACTOME","REACTOME_BMAL1_CLOCK_NPAS2_ACTIVATES_CIRCADIAN_EXPRESSION",0.00953678474114441,0.0655453387193947,0.206652311234449,-0.600338671680705,-1.68179996373783,26,"ENSG00000186951;ENSG00000133794;ENSG00000125686;ENSG00000198646;ENSG00000005339;ENSG00000134107;ENSG00000163884;ENSG00000140396"
"REACTOME","REACTOME_APC_C_CDC20_MEDIATED_DEGRADATION_OF_CYCLIN_B",0.00956256358087487,0.0655453387193947,0.211070537868325,0.592223736330843,1.66134600509207,24,"ENSG00000143947;ENSG00000089053;ENSG00000196510;ENSG00000221983;ENSG00000108106;ENSG00000110200;ENSG00000141552;ENSG00000170142;ENSG00000170315;ENSG00000130177;ENSG00000150991;ENSG00000072401;ENSG00000176386;ENSG00000166295;ENSG00000117399;ENSG00000176248;ENSG00000175063;ENSG00000164162"
"REACTOME","REACTOME_MUSCLE_CONTRACTION",0.00955706671567727,0.0655453387193947,0.200513180400413,-0.351265604107984,-1.38716331389411,191,"ENSG00000196549;ENSG00000183023;ENSG00000198363;ENSG00000137731;ENSG00000157087;ENSG00000174437;ENSG00000152049;ENSG00000167460;ENSG00000065534;ENSG00000138735;ENSG00000197043;ENSG00000183091;ENSG00000123700;ENSG00000114166;ENSG00000169427;ENSG00000166257;ENSG00000152315;ENSG00000086967;ENSG00000180370;ENSG00000150995;ENSG00000035403;ENSG00000175538;ENSG00000163399;ENSG00000135750;ENSG00000169418;ENSG00000067842;ENSG00000061918;ENSG00000198626;ENSG00000053918;ENSG00000124249;ENSG00000168710;ENSG00000136546;ENSG00000164626;ENSG00000082781;ENSG00000182324;ENSG00000055118;ENSG00000145349;ENSG00000176076;ENSG00000130595;ENSG00000196876;ENSG00000070808;ENSG00000064393;ENSG00000082482;ENSG00000155962;ENSG00000213949;ENSG00000153253"
"REACTOME","REACTOME_REGULATED_NECROSIS",0.0101659751037344,0.0693447190650871,0.206652311234449,0.471915970425442,1.55888805127079,52,"ENSG00000137575;ENSG00000132589;ENSG00000143947;ENSG00000147457;ENSG00000196954;ENSG00000105401;ENSG00000104518;ENSG00000080824;ENSG00000100453;ENSG00000101421;ENSG00000221983;ENSG00000030110;ENSG00000103266;ENSG00000087088;ENSG00000168404;ENSG00000168310;ENSG00000170315;ENSG00000254505;ENSG00000168040;ENSG00000150991;ENSG00000137312;ENSG00000172115;ENSG00000064012"
"REACTOME","REACTOME_REGULATION_OF_FOXO_TRANSCRIPTIONAL_ACTIVITY_BY_ACETYLATION",0.010353227771011,0.0702824885224398,0.202498775969141,-0.772396270519393,-1.69844811059386,10,"ENSG00000265972;ENSG00000150907;ENSG00000005339;ENSG00000114166;ENSG00000142082;ENSG00000100393"
"REACTOME","REACTOME_SEALING_OF_THE_NUCLEAR_ENVELOPE_NE_BY_ESCRT_III",0.0104529616724739,0.0706200090025507,0.202498775969141,0.543490674071125,1.62965556593869,32,"ENSG00000167552;ENSG00000137267;ENSG00000137285;ENSG00000132612;ENSG00000154222;ENSG00000147457;ENSG00000188229;ENSG00000183785;ENSG00000101421;ENSG00000167553;ENSG00000123416;ENSG00000161904;ENSG00000173213;ENSG00000127824"
"REACTOME","REACTOME_HIV_ELONGATION_ARREST_AND_RECOVERY",0.0106579217052675,0.0714396911389252,0.200513180400413,0.541986420961095,1.62514506636566,32,"ENSG00000177700;ENSG00000163882;ENSG00000105656;ENSG00000204356;ENSG00000100142;ENSG00000188986;ENSG00000101158;ENSG00000125651;ENSG00000060069;ENSG00000103363;ENSG00000011007;ENSG00000105258;ENSG00000168002;ENSG00000185049;ENSG00000099817;ENSG00000005075;ENSG00000196235;ENSG00000147669"
"REACTOME","REACTOME_RNA_POLYMERASE_I_TRANSCRIPTION_INITIATION",0.0107260726072607,0.0714396911389252,0.200513180400413,0.485288868646206,1.57345413831975,47,"ENSG00000170004;ENSG00000177700;ENSG00000163882;ENSG00000171453;ENSG00000100142;ENSG00000104884;ENSG00000108773;ENSG00000105849;ENSG00000167491;ENSG00000272047;ENSG00000103168;ENSG00000071655;ENSG00000099817;ENSG00000115750;ENSG00000134480;ENSG00000117877;ENSG00000066379;ENSG00000166012;ENSG00000147669;ENSG00000204371;ENSG00000196591"
"REACTOME","REACTOME_GAP_JUNCTION_TRAFFICKING_AND_REGULATION",0.0106798110494968,0.0714396911389252,0.200513180400413,0.486969277604207,1.5665510499162,45,"ENSG00000167552;ENSG00000137267;ENSG00000137285;ENSG00000182963;ENSG00000152661;ENSG00000070371;ENSG00000161203;ENSG00000188229;ENSG00000183785;ENSG00000167553;ENSG00000175416;ENSG00000122705;ENSG00000123416;ENSG00000173213;ENSG00000184009;ENSG00000127824"
"REACTOME","REACTOME_DS_GAG_BIOSYNTHESIS",0.0112153344208809,0.0739576786088414,0.194887297433682,-0.754025486004174,-1.69721406935262,11,"ENSG00000171451;ENSG00000038427;ENSG00000111962;ENSG00000130287;ENSG00000111817;ENSG00000132692;ENSG00000169105"
"REACTOME","REACTOME_SULFUR_AMINO_ACID_METABOLISM",0.0112612612612613,0.0739576786088414,0.194887297433682,0.573844634836821,1.65673115841795,27,"ENSG00000160200;ENSG00000151224;ENSG00000128311;ENSG00000100348;ENSG00000101444;ENSG00000149089;ENSG00000105755;ENSG00000139531;ENSG00000132840;ENSG00000181915;ENSG00000099810;ENSG00000139631;ENSG00000183048;ENSG00000128309;ENSG00000120053;ENSG00000129596;ENSG00000145692;ENSG00000037757"
"REACTOME","REACTOME_CARDIAC_CONDUCTION",0.0112401648557512,0.0739576786088414,0.186472629239996,-0.389184079345443,-1.45277353805919,122,"ENSG00000196549;ENSG00000183023;ENSG00000198363;ENSG00000137731;ENSG00000157087;ENSG00000174437;ENSG00000152049;ENSG00000123700;ENSG00000114166;ENSG00000169427;ENSG00000166257;ENSG00000152315;ENSG00000150995;ENSG00000175538;ENSG00000163399;ENSG00000135750;ENSG00000169418;ENSG00000067842;ENSG00000198626;ENSG00000053918;ENSG00000124249;ENSG00000168710;ENSG00000136546;ENSG00000164626;ENSG00000182324;ENSG00000055118;ENSG00000145349;ENSG00000176076;ENSG00000196876;ENSG00000070808;ENSG00000064393;ENSG00000082482;ENSG00000155962;ENSG00000153253;ENSG00000163273"
"REACTOME","REACTOME_FIBRONECTIN_MATRIX_FORMATION",0.0113931641015391,0.0744775357008017,0.191387828756382,-0.646101686919004,-1.67959139403284,19,"ENSG00000115414;ENSG00000114270;ENSG00000150093;ENSG00000079385;ENSG00000169031;ENSG00000081052;ENSG00000197565;ENSG00000187498;ENSG00000108821"
"REACTOME","REACTOME_CLEC7A_DECTIN_1_INDUCES_NFAT_ACTIVATION",0.0122349102773246,0.0796114899151262,0.186472629239996,-0.750736928474586,-1.68981195070982,11,"ENSG00000072736;ENSG00000221823;ENSG00000150995;ENSG00000168710;ENSG00000101096;ENSG00000123104;ENSG00000096433;ENSG00000107758"
"REACTOME","REACTOME_ANTIGEN_PROCESSING_UBIQUITINATION_PROTEASOME_DEGRADATION",0.0124113475177305,0.0803890949313553,0.193113963346815,0.309756591983269,1.30693848241332,290,"ENSG00000124226;ENSG00000078967;ENSG00000108578;ENSG00000127452;ENSG00000148356;ENSG00000171621;ENSG00000132109;ENSG00000116514;ENSG00000100804;ENSG00000136930;ENSG00000143947;ENSG00000089053;ENSG00000130560;ENSG00000154359;ENSG00000196510;ENSG00000156804;ENSG00000277791;ENSG00000087191;ENSG00000041357;ENSG00000008018;ENSG00000185627;ENSG00000100764;ENSG00000186187;ENSG00000160087;ENSG00000079999;ENSG00000101182;ENSG00000172009;ENSG00000130706;ENSG00000126067;ENSG00000156587;ENSG00000206557;ENSG00000103035;ENSG00000182247;ENSG00000163833;ENSG00000109906;ENSG00000174842;ENSG00000187147;ENSG00000221983;ENSG00000108106;ENSG00000100387;ENSG00000142507;ENSG00000099804;ENSG00000106588;ENSG00000165916;ENSG00000099341;ENSG00000132879;ENSG00000161664;ENSG00000197170;ENSG00000103266;ENSG00000114125;ENSG00000141552;ENSG00000140367;ENSG00000170142;ENSG00000100519;ENSG00000107829;ENSG00000103363;ENSG00000077721;ENSG00000165501;ENSG00000103264;ENSG00000175931;ENSG00000109332;ENSG00000107341;ENSG00000154370;ENSG00000244687;ENSG00000104343;ENSG00000055130;ENSG00000134086;ENSG00000170315;ENSG00000135722;ENSG00000115233;ENSG00000118420;ENSG00000185019;ENSG00000127922;ENSG00000130177;ENSG00000099364;ENSG00000159377;ENSG00000113558;ENSG00000163481;ENSG00000105325;ENSG00000034677;ENSG00000196470;ENSG00000162413;ENSG00000159202;ENSG00000130985;ENSG00000003096;ENSG00000132004;ENSG00000173692;ENSG00000100567;ENSG00000150991;ENSG00000132388;ENSG00000059145;ENSG00000138642;ENSG00000183580;ENSG00000072401;ENSG00000169139;ENSG00000197530;ENSG00000148634;ENSG00000184182;ENSG00000183655;ENSG00000165572;ENSG00000176386;ENSG00000161040;ENSG00000175166;ENSG00000197548"
"REACTOME","REACTOME_POSITIVE_EPIGENETIC_REGULATION_OF_RRNA_EXPRESSION",0.012497352255878,0.0805765360059348,0.18806904097585,0.389269705006732,1.43717309036505,100,"ENSG00000170004;ENSG00000177700;ENSG00000163882;ENSG00000171453;ENSG00000273802;ENSG00000100142;ENSG00000132475;ENSG00000108773;ENSG00000105849;ENSG00000158373;ENSG00000167491;ENSG00000188486;ENSG00000180596;ENSG00000276180;ENSG00000274750;ENSG00000103168;ENSG00000270882;ENSG00000071655;ENSG00000099817;ENSG00000197061;ENSG00000274183;ENSG00000246705;ENSG00000124635;ENSG00000277224;ENSG00000115750;ENSG00000132382;ENSG00000117877;ENSG00000273983;ENSG00000066379;ENSG00000166012;ENSG00000277775;ENSG00000180573;ENSG00000147669;ENSG00000204371;ENSG00000276368;ENSG00000196591;ENSG00000278588;ENSG00000275714;ENSG00000197903;ENSG00000112592;ENSG00000122565;ENSG00000184678"
"REACTOME","REACTOME_RNA_POLYMERASE_III_CHAIN_ELONGATION",0.0126277811184606,0.0810473951784836,0.181914998907505,0.640613359717533,1.67572190807639,18,"ENSG00000177700;ENSG00000163882;ENSG00000171453;ENSG00000113356;ENSG00000161980;ENSG00000100142;ENSG00000168495;ENSG00000058600;ENSG00000099817;ENSG00000121851;ENSG00000100413;ENSG00000147669"
"REACTOME","REACTOME_HDR_THROUGH_SINGLE_STRAND_ANNEALING_SSA",0.0128931431920297,0.0823761003943255,0.177673526439218,-0.529918445633412,-1.59600485769078,37,"ENSG00000136492;ENSG00000138376;ENSG00000113522;ENSG00000165392;ENSG00000132383;ENSG00000113456;ENSG00000136273;ENSG00000020922;ENSG00000174371;ENSG00000133119;ENSG00000175643;ENSG00000097007;ENSG00000149311;ENSG00000171792;ENSG00000172613;ENSG00000175595;ENSG00000175054;ENSG00000051180;ENSG00000111445;ENSG00000101773;ENSG00000163781"
"REACTOME","REACTOME_RNA_POLYMERASE_III_TRANSCRIPTION_INITIATION_FROM_TYPE_1_PROMOTER",0.0131687242798354,0.0830099941211052,0.180467893079923,0.560249673201366,1.62972482025361,28,"ENSG00000155115;ENSG00000177700;ENSG00000163882;ENSG00000171453;ENSG00000113356;ENSG00000161980;ENSG00000100142;ENSG00000168495;ENSG00000148308;ENSG00000058600;ENSG00000122034;ENSG00000099817;ENSG00000121851"
"REACTOME","REACTOME_ION_TRANSPORT_BY_P_TYPE_ATPASES",0.0131223465843304,0.0830099941211052,0.175004015942342,-0.481697441894377,-1.55583520023654,52,"ENSG00000143515;ENSG00000120509;ENSG00000137731;ENSG00000157087;ENSG00000174437;ENSG00000058063;ENSG00000130270;ENSG00000163399;ENSG00000068650;ENSG00000067842;ENSG00000145246;ENSG00000145349;ENSG00000070808;ENSG00000017260;ENSG00000187527;ENSG00000166377"
"REACTOME","REACTOME_CDC42_GTPASE_CYCLE",0.0130572654355531,0.0830099941211052,0.172450317477257,-0.366102835467379,-1.40398775911809,152,"ENSG00000173218;ENSG00000129675;ENSG00000031003;ENSG00000107863;ENSG00000152767;ENSG00000092531;ENSG00000126217;ENSG00000134909;ENSG00000120802;ENSG00000137727;ENSG00000156299;ENSG00000180370;ENSG00000131089;ENSG00000124126;ENSG00000088387;ENSG00000161800;ENSG00000107099;ENSG00000186399;ENSG00000079482;ENSG00000164741;ENSG00000135905;ENSG00000145703;ENSG00000159314;ENSG00000139132;ENSG00000145675;ENSG00000105647;ENSG00000161791;ENSG00000122574;ENSG00000137962;ENSG00000102302;ENSG00000160007;ENSG00000143776;ENSG00000133121;ENSG00000123329;ENSG00000266028;ENSG00000075651;ENSG00000157827;ENSG00000140750;ENSG00000196914;ENSG00000171475;ENSG00000139436;ENSG00000038382;ENSG00000107554;ENSG00000105137;ENSG00000182957;ENSG00000132694;ENSG00000111348;ENSG00000031081;ENSG00000114346;ENSG00000115107;ENSG00000242247;ENSG00000023892;ENSG00000072274;ENSG00000047365;ENSG00000198844;ENSG00000183856;ENSG00000066248"
"REACTOME","REACTOME_IKK_COMPLEX_RECRUITMENT_MEDIATED_BY_RIP1",0.0135135135135135,0.084623087036938,0.17632375173773,0.593238284327179,1.63165141663065,22,"ENSG00000143947;ENSG00000004139;ENSG00000243414;ENSG00000221983;ENSG00000170458;ENSG00000127666;ENSG00000109332;ENSG00000244687;ENSG00000170315;ENSG00000150991;ENSG00000072401"
"REACTOME","REACTOME_HEDGEHOG_LIGAND_BIOGENESIS",0.0135444884350906,0.084623087036938,0.179054499269993,0.470455271681411,1.54448607635673,51,"ENSG00000100804;ENSG00000136930;ENSG00000143947;ENSG00000277791;ENSG00000087191;ENSG00000041357;ENSG00000008018;ENSG00000185627;ENSG00000100764;ENSG00000101182;ENSG00000130706;ENSG00000126067;ENSG00000103035;ENSG00000139549;ENSG00000221983;ENSG00000142507;ENSG00000106588;ENSG00000165916;ENSG00000099341;ENSG00000197170;ENSG00000100519;ENSG00000170315;ENSG00000115233;ENSG00000127922;ENSG00000159377;ENSG00000175356;ENSG00000173692;ENSG00000100567;ENSG00000150991"
"REACTOME","REACTOME_RUNX3_REGULATES_NOTCH_SIGNALING",0.0138415245737212,0.0860979414012964,0.173713219262156,-0.686558454227188,-1.64806744610753,14,"ENSG00000184384;ENSG00000161021;ENSG00000101384;ENSG00000005339;ENSG00000114166;ENSG00000013619;ENSG00000196782;ENSG00000100393;ENSG00000114315"
"REACTOME","REACTOME_REGULATION_OF_GENE_EXPRESSION_IN_LATE_STAGE_BRANCHING_MORPHOGENESIS_PANCREATIC_BUD_PRECURSOR_CELLS",0.0142142142142142,0.0869490576600112,0.171214318379654,-0.676768718122994,-1.66080123442983,15,"ENSG00000184384;ENSG00000161021;ENSG00000005339;ENSG00000114166;ENSG00000013619;ENSG00000196782;ENSG00000100393;ENSG00000114315"
"REACTOME","REACTOME_ENDOSOMAL_SORTING_COMPLEX_REQUIRED_FOR_TRANSPORT_ESCRT",0.0143178564123543,0.0869490576600112,0.172450317477257,0.535503828650497,1.5967665075293,31,"ENSG00000132612;ENSG00000139722;ENSG00000143947;ENSG00000147457;ENSG00000176428;ENSG00000159210;ENSG00000141971;ENSG00000160948;ENSG00000101421;ENSG00000221983;ENSG00000086065;ENSG00000170315;ENSG00000196814;ENSG00000254505;ENSG00000165006;ENSG00000150991"
"REACTOME","REACTOME_AMPK_INDUCED_ERAD_AND_LYSOSOME_MEDIATED_DEGRADATION_OF_PD_L1_CD274",0.0142709410548087,0.0869490576600112,0.173713219262156,0.455909292688833,1.51593786346608,54,"ENSG00000120217;ENSG00000100804;ENSG00000136930;ENSG00000143947;ENSG00000277791;ENSG00000087191;ENSG00000041357;ENSG00000008018;ENSG00000185627;ENSG00000100764;ENSG00000101182;ENSG00000130706;ENSG00000126067;ENSG00000103035;ENSG00000181929;ENSG00000221983;ENSG00000142507;ENSG00000106588;ENSG00000165916;ENSG00000099341;ENSG00000147475;ENSG00000197170;ENSG00000162409;ENSG00000100519;ENSG00000107566;ENSG00000170315;ENSG00000115233;ENSG00000127922;ENSG00000159377"
"REACTOME","REACTOME_HIV_LIFE_CYCLE",0.0142394822006473,0.0869490576600112,0.177673526439218,0.35272746637669,1.37654976612316,148,"ENSG00000177700;ENSG00000132612;ENSG00000139722;ENSG00000143947;ENSG00000163882;ENSG00000137309;ENSG00000100401;ENSG00000147457;ENSG00000176428;ENSG00000105656;ENSG00000204356;ENSG00000100142;ENSG00000196262;ENSG00000166337;ENSG00000104884;ENSG00000188986;ENSG00000141971;ENSG00000197265;ENSG00000160948;ENSG00000101421;ENSG00000221983;ENSG00000101158;ENSG00000106290;ENSG00000125651;ENSG00000086065;ENSG00000060069;ENSG00000103363;ENSG00000011007;ENSG00000140307;ENSG00000272047;ENSG00000105258;ENSG00000168002;ENSG00000170315;ENSG00000196814;ENSG00000185049;ENSG00000099817;ENSG00000134480;ENSG00000138750;ENSG00000254505;ENSG00000165006;ENSG00000120656;ENSG00000005075;ENSG00000148835;ENSG00000150991;ENSG00000099901;ENSG00000136243;ENSG00000180198;ENSG00000196235;ENSG00000213024;ENSG00000147669;ENSG00000137947;ENSG00000132341;ENSG00000085415;ENSG00000270647"
"REACTOME","REACTOME_MITOTIC_METAPHASE_AND_ANAPHASE",0.0143478260869565,0.0869490576600112,0.177673526439218,0.325590108132848,1.33480078991853,223,"ENSG00000167552;ENSG00000137267;ENSG00000137285;ENSG00000102901;ENSG00000132612;ENSG00000002822;ENSG00000177954;ENSG00000100804;ENSG00000136930;ENSG00000143947;ENSG00000089053;ENSG00000196510;ENSG00000277791;ENSG00000100401;ENSG00000154222;ENSG00000087191;ENSG00000041357;ENSG00000008018;ENSG00000185627;ENSG00000147457;ENSG00000100764;ENSG00000090273;ENSG00000101182;ENSG00000130706;ENSG00000126067;ENSG00000160789;ENSG00000088986;ENSG00000103035;ENSG00000188229;ENSG00000137713;ENSG00000183785;ENSG00000101421;ENSG00000167553;ENSG00000221983;ENSG00000108106;ENSG00000110200;ENSG00000160783;ENSG00000142507;ENSG00000106588;ENSG00000165916;ENSG00000099341;ENSG00000123416;ENSG00000197170;ENSG00000161904;ENSG00000141552;ENSG00000113575;ENSG00000170142;ENSG00000100519;ENSG00000173213;ENSG00000175279;ENSG00000105568;ENSG00000158560;ENSG00000170315;ENSG00000115233;ENSG00000127824;ENSG00000127922;ENSG00000130177;ENSG00000159377;ENSG00000144635;ENSG00000116030;ENSG00000178999;ENSG00000164611;ENSG00000138750;ENSG00000112640;ENSG00000254505;ENSG00000173692;ENSG00000101367;ENSG00000100567;ENSG00000150991;ENSG00000072401;ENSG00000180198;ENSG00000123810;ENSG00000213024;ENSG00000179051;ENSG00000221914;ENSG00000132341;ENSG00000176386;ENSG00000085415;ENSG00000175166;ENSG00000178462"
"REACTOME","REACTOME_NEDDYLATION",0.0143260256131973,0.0869490576600112,0.177673526439218,0.321961224028799,1.32417872728156,229,"ENSG00000124440;ENSG00000127452;ENSG00000171621;ENSG00000161011;ENSG00000100804;ENSG00000136930;ENSG00000143947;ENSG00000124006;ENSG00000156804;ENSG00000277791;ENSG00000170619;ENSG00000087191;ENSG00000041357;ENSG00000008018;ENSG00000119599;ENSG00000185627;ENSG00000070010;ENSG00000100764;ENSG00000144524;ENSG00000079999;ENSG00000101182;ENSG00000130706;ENSG00000126067;ENSG00000116044;ENSG00000103035;ENSG00000163833;ENSG00000109906;ENSG00000168090;ENSG00000139842;ENSG00000221983;ENSG00000129559;ENSG00000100387;ENSG00000142507;ENSG00000111652;ENSG00000106588;ENSG00000165916;ENSG00000099341;ENSG00000132879;ENSG00000161664;ENSG00000197170;ENSG00000114125;ENSG00000188243;ENSG00000118939;ENSG00000100519;ENSG00000107829;ENSG00000103363;ENSG00000169727;ENSG00000165501;ENSG00000103264;ENSG00000109332;ENSG00000140365;ENSG00000109184;ENSG00000169019;ENSG00000055130;ENSG00000134086;ENSG00000176871;ENSG00000170315;ENSG00000135722;ENSG00000115233;ENSG00000127922;ENSG00000143207;ENSG00000099364;ENSG00000159377;ENSG00000145780;ENSG00000113558;ENSG00000162413;ENSG00000124762;ENSG00000254986;ENSG00000003096;ENSG00000132004;ENSG00000173692;ENSG00000100567;ENSG00000150991;ENSG00000137692;ENSG00000196363;ENSG00000183580;ENSG00000162032;ENSG00000072401;ENSG00000142784"
"REACTOME","REACTOME_COPI_MEDIATED_ANTEROGRADE_TRANSPORT",0.0145805718613899,0.0879819122576176,0.164313492356652,-0.399934000292943,-1.45246082148489,100,"ENSG00000254647;ENSG00000086598;ENSG00000170348;ENSG00000136240;ENSG00000100196;ENSG00000134970;ENSG00000101162;ENSG00000136152;ENSG00000164597;ENSG00000115306;ENSG00000176014;ENSG00000116489;ENSG00000122218;ENSG00000173230;ENSG00000158623;ENSG00000095139;ENSG00000133103;ENSG00000138768;ENSG00000104833;ENSG00000184432;ENSG00000143761;ENSG00000173898;ENSG00000138069;ENSG00000105438;ENSG00000108587;ENSG00000114745;ENSG00000108433;ENSG00000029534;ENSG00000129083;ENSG00000242247;ENSG00000132912;ENSG00000107862;ENSG00000258947;ENSG00000105829;ENSG00000111481;ENSG00000181789"
"REACTOME","REACTOME_PIWI_INTERACTING_RNA_PIRNA_BIOGENESIS",0.0148148148148148,0.0886377903327056,0.170004278488927,0.550833993400228,1.60233530481883,28,"ENSG00000177700;ENSG00000163882;ENSG00000100142;ENSG00000080824;ENSG00000182134;ENSG00000105258;ENSG00000168002;ENSG00000099817;ENSG00000073146;ENSG00000125207;ENSG00000162639;ENSG00000173809;ENSG00000005075;ENSG00000147669;ENSG00000134627"
"REACTOME","REACTOME_SARS_COV_1_INFECTION",0.0147751605995717,0.0886377903327056,0.173713219262156,0.357146330362441,1.38705846269305,141,"ENSG00000177954;ENSG00000143947;ENSG00000233927;ENSG00000083845;ENSG00000170889;ENSG00000112306;ENSG00000124614;ENSG00000105372;ENSG00000147457;ENSG00000213741;ENSG00000149273;ENSG00000105193;ENSG00000168028;ENSG00000196262;ENSG00000186468;ENSG00000131446;ENSG00000231500;ENSG00000157350;ENSG00000138326;ENSG00000145425;ENSG00000118181;ENSG00000115268;ENSG00000173193;ENSG00000101421;ENSG00000175793;ENSG00000149806;ENSG00000088832;ENSG00000110700;ENSG00000198034;ENSG00000221983;ENSG00000197728;ENSG00000164587;ENSG00000126456;ENSG00000103490;ENSG00000182774;ENSG00000100906;ENSG00000134419;ENSG00000129824;ENSG00000140988;ENSG00000171863;ENSG00000181163;ENSG00000100519;ENSG00000142937;ENSG00000008988;ENSG00000178685;ENSG00000134070;ENSG00000182481;ENSG00000142534;ENSG00000134086;ENSG00000170315;ENSG00000171858;ENSG00000128245;ENSG00000116030;ENSG00000105723;ENSG00000117602;ENSG00000254505;ENSG00000166913;ENSG00000123609;ENSG00000150991;ENSG00000115275;ENSG00000070731;ENSG00000137154;ENSG00000173039"
"REACTOME","REACTOME_MITOCHONDRIAL_RNA_DEGRADATION",0.0149990132228143,0.0893612095806488,0.165406383146814,0.698217741104384,1.63646264600805,12,"ENSG00000119705;ENSG00000156502;ENSG00000132463;ENSG00000164896;ENSG00000136270;ENSG00000076043"
"REACTOME","REACTOME_RORA_B_C_AND_NR1D1_REV_ERBA_REGULATE_GENE_EXPRESSION",0.0154538341158059,0.0907409305096492,0.162190534576841,-0.590206868567421,-1.63601575346414,25,"ENSG00000186951;ENSG00000125686;ENSG00000198646;ENSG00000005339;ENSG00000140396;ENSG00000110090;ENSG00000180530;ENSG00000141027;ENSG00000100393;ENSG00000143365;ENSG00000084676"
"REACTOME","REACTOME_APOPTOTIC_FACTOR_MEDIATED_RESPONSE",0.0153876898481215,0.0907409305096492,0.164313492356652,0.604161519884016,1.62670506403002,20,"ENSG00000102882;ENSG00000149089;ENSG00000104518;ENSG00000108561;ENSG00000147889;ENSG00000030110;ENSG00000087088;ENSG00000184047;ENSG00000169857"
"REACTOME","REACTOME_LATE_ENDOSOMAL_MICROAUTOPHAGY",0.0153720024595204,0.0907409305096492,0.166521148019972,0.527840621316434,1.58272891789177,32,"ENSG00000147872;ENSG00000139722;ENSG00000143947;ENSG00000147457;ENSG00000176428;ENSG00000141971;ENSG00000116288;ENSG00000160948;ENSG00000101421;ENSG00000221983;ENSG00000001626;ENSG00000170315;ENSG00000196814;ENSG00000254505;ENSG00000165006;ENSG00000150991;ENSG00000032742"
"REACTOME","REACTOME_TP53_REGULATES_METABOLIC_GENES",0.0154876517371285,0.0907409305096492,0.167658528065765,0.406310402548771,1.44948330281393,81,"ENSG00000189043;ENSG00000117450;ENSG00000126432;ENSG00000135423;ENSG00000188186;ENSG00000164919;ENSG00000130766;ENSG00000178741;ENSG00000131143;ENSG00000167815;ENSG00000160211;ENSG00000116586;ENSG00000181929;ENSG00000155363;ENSG00000175793;ENSG00000149357;ENSG00000126267;ENSG00000080546;ENSG00000111775;ENSG00000112695;ENSG00000162409;ENSG00000176153;ENSG00000127184;ENSG00000135940;ENSG00000078237;ENSG00000128245;ENSG00000105221;ENSG00000167965;ENSG00000166913;ENSG00000131174;ENSG00000176340"
"REACTOME","REACTOME_PLATELET_ACTIVATION_SIGNALING_AND_AGGREGATION",0.0159023668639053,0.0927857107927038,0.155354732375283,-0.328776541684825,-1.32712927056432,238,"ENSG00000044574;ENSG00000145050;ENSG00000100234;ENSG00000115414;ENSG00000096070;ENSG00000141506;ENSG00000112715;ENSG00000172380;ENSG00000041353;ENSG00000128595;ENSG00000164111;ENSG00000168243;ENSG00000184500;ENSG00000149218;ENSG00000171132;ENSG00000142208;ENSG00000125257;ENSG00000146535;ENSG00000150995;ENSG00000035403;ENSG00000179295;ENSG00000116473;ENSG00000141480;ENSG00000167244;ENSG00000185010;ENSG00000169860;ENSG00000058866;ENSG00000117461;ENSG00000160691;ENSG00000137672;ENSG00000074416;ENSG00000165197;ENSG00000116260;ENSG00000112062;ENSG00000196924;ENSG00000111664;ENSG00000142192;ENSG00000197461;ENSG00000145675;ENSG00000105647;ENSG00000196937;ENSG00000100568;ENSG00000198113;ENSG00000117400;ENSG00000171560;ENSG00000079337;ENSG00000169398;ENSG00000108821"
"REACTOME","REACTOME_NOTCH4_INTRACELLULAR_DOMAIN_REGULATES_TRANSCRIPTION",0.0161902858285029,0.0940768872010127,0.160146983509279,-0.63138982251617,-1.64134676266682,19,"ENSG00000184384;ENSG00000161021;ENSG00000005339;ENSG00000114166;ENSG00000135547;ENSG00000013619;ENSG00000196782;ENSG00000166949;ENSG00000100393;ENSG00000114315;ENSG00000204301"
"REACTOME","REACTOME_CHOLESTEROL_BIOSYNTHESIS",0.0163800163800164,0.094789275117144,0.161159145661682,0.55599821534156,1.6052072485492,27,"ENSG00000163344;ENSG00000079459;ENSG00000167508;ENSG00000160752;ENSG00000120437;ENSG00000147383;ENSG00000160285;ENSG00000067064;ENSG00000052802;ENSG00000110921;ENSG00000147155;ENSG00000072310;ENSG00000148377;ENSG00000149809"
"REACTOME","REACTOME_BINDING_AND_UPTAKE_OF_LIGANDS_BY_SCAVENGER_RECEPTORS",0.0165369649805447,0.0949194900509316,0.15627914647544,-0.511030011426704,-1.5739851019317,41,"ENSG00000149428;ENSG00000166598;ENSG00000179218;ENSG00000179954;ENSG00000010327;ENSG00000130203;ENSG00000118004;ENSG00000187498;ENSG00000108821"
"REACTOME","REACTOME_FOXO_MEDIATED_TRANSCRIPTION",0.0164877300613497,0.0949194900509316,0.155354732375283,-0.450266531023873,-1.50587721978658,62,"ENSG00000254647;ENSG00000175197;ENSG00000265972;ENSG00000133639;ENSG00000150907;ENSG00000005339;ENSG00000001167;ENSG00000114166;ENSG00000142208;ENSG00000154262;ENSG00000120837;ENSG00000153094;ENSG00000142082;ENSG00000141646;ENSG00000221866;ENSG00000166949;ENSG00000106633;ENSG00000100393"
"REACTOME","REACTOME_PTEN_REGULATION",0.0167958656330749,0.096015231878145,0.16324176812788,0.36304730628666,1.38407171666864,125,"ENSG00000170004;ENSG00000100804;ENSG00000136930;ENSG00000102882;ENSG00000143947;ENSG00000277791;ENSG00000188186;ENSG00000204435;ENSG00000087191;ENSG00000041357;ENSG00000008018;ENSG00000185627;ENSG00000100764;ENSG00000101182;ENSG00000130706;ENSG00000126067;ENSG00000140464;ENSG00000103035;ENSG00000111752;ENSG00000116586;ENSG00000155363;ENSG00000149357;ENSG00000108840;ENSG00000221983;ENSG00000142507;ENSG00000106588;ENSG00000165916;ENSG00000099341;ENSG00000197170;ENSG00000103266;ENSG00000167491;ENSG00000100519;ENSG00000004487;ENSG00000177606;ENSG00000170315;ENSG00000115233;ENSG00000071655;ENSG00000127922;ENSG00000159377;ENSG00000105221;ENSG00000141570;ENSG00000134686;ENSG00000167965;ENSG00000173692;ENSG00000100567;ENSG00000150991;ENSG00000183741;ENSG00000121481"
"REACTOME","REACTOME_RHOG_GTPASE_CYCLE",0.0169133192389006,0.0962968014730956,0.1535535368591,-0.430991739339962,-1.47886737025237,72,"ENSG00000173218;ENSG00000107863;ENSG00000126217;ENSG00000134909;ENSG00000124164;ENSG00000120802;ENSG00000028116;ENSG00000046604;ENSG00000174106;ENSG00000150093;ENSG00000180370;ENSG00000124126;ENSG00000150760;ENSG00000273749;ENSG00000079482;ENSG00000145703;ENSG00000145675;ENSG00000112851;ENSG00000160007;ENSG00000160145;ENSG00000075651;ENSG00000038382;ENSG00000147459;ENSG00000074695;ENSG00000111348"
"REACTOME","REACTOME_FORMATION_OF_PARAXIAL_MESODERM",0.0171629445822994,0.0973256134546457,0.158177999589196,0.441331586571988,1.48640221533962,58,"ENSG00000100804;ENSG00000136930;ENSG00000277791;ENSG00000087191;ENSG00000041357;ENSG00000008018;ENSG00000185627;ENSG00000100764;ENSG00000101182;ENSG00000130706;ENSG00000126067;ENSG00000103035;ENSG00000149922;ENSG00000108773;ENSG00000142507;ENSG00000106588;ENSG00000165916;ENSG00000099341;ENSG00000197170;ENSG00000100519;ENSG00000115233;ENSG00000090932;ENSG00000127922;ENSG00000159377"
"REACTOME","REACTOME_SIGNALING_BY_TYPE_1_INSULIN_LIKE_GROWTH_FACTOR_1_RECEPTOR_IGF1R",0.0172580957921272,0.0974737250339344,0.152675855527469,-0.483188200082641,-1.53459097720633,48,"ENSG00000156427;ENSG00000068078;ENSG00000169047;ENSG00000179295;ENSG00000167244;ENSG00000160691;ENSG00000213281;ENSG00000133116;ENSG00000145675;ENSG00000105647;ENSG00000102678;ENSG00000033327;ENSG00000185950;ENSG00000109458;ENSG00000138675;ENSG00000140992;ENSG00000196455;ENSG00000239732"
"REACTOME","REACTOME_HIGHLY_CALCIUM_PERMEABLE_POSTSYNAPTIC_NICOTINIC_ACETYLCHOLINE_RECEPTORS",0.0180673974827446,0.100657788146852,0.152675855527469,-0.746038408420722,-1.64048892204071,10,"ENSG00000169684;ENSG00000120903;ENSG00000138435;ENSG00000160716;ENSG00000080644;ENSG00000117971"
"REACTOME","REACTOME_PROCESSING_OF_SMDT1",0.017931858936043,0.100657788146852,0.151812881287453,0.64248648973101,1.62842546111875,16,"ENSG00000167085;ENSG00000005059;ENSG00000215021;ENSG00000165283;ENSG00000165487;ENSG00000197912;ENSG00000183172;ENSG00000162972"
"REACTOME","REACTOME_ACTIVATION_OF_AMPK_DOWNSTREAM_OF_NMDARS",0.0181069958847737,0.100657788146852,0.1535535368591,0.543055653152547,1.5797086889217,28,"ENSG00000167552;ENSG00000137267;ENSG00000137285;ENSG00000181929;ENSG00000188229;ENSG00000183785;ENSG00000167553;ENSG00000123416;ENSG00000186868;ENSG00000162409;ENSG00000173213;ENSG00000127824"
"REACTOME","REACTOME_MITF_M_DEPENDENT_GENE_EXPRESSION",0.0180349427014841,0.100657788146852,0.146922135732098,-0.386417309621894,-1.41342419087091,105,"ENSG00000163527;ENSG00000137198;ENSG00000197535;ENSG00000170558;ENSG00000172986;ENSG00000130508;ENSG00000078687;ENSG00000123908;ENSG00000105976;ENSG00000110987;ENSG00000079385;ENSG00000101850;ENSG00000104763;ENSG00000126070;ENSG00000171791;ENSG00000136518;ENSG00000181449;ENSG00000112062;ENSG00000105486;ENSG00000138795;ENSG00000139613;ENSG00000100554;ENSG00000141380;ENSG00000148516;ENSG00000100354;ENSG00000173473;ENSG00000123374;ENSG00000069974;ENSG00000100697;ENSG00000107165;ENSG00000118260;ENSG00000155097;ENSG00000169375;ENSG00000066117;ENSG00000073111;ENSG00000184402;ENSG00000127616;ENSG00000096717;ENSG00000089159;ENSG00000049618;ENSG00000080503;ENSG00000164171;ENSG00000137203;ENSG00000131504"
"REACTOME","REACTOME_INTERLEUKIN_4_AND_INTERLEUKIN_13_SIGNALING",0.0182197760485861,0.100887544237661,0.146922135732098,-0.397950440011048,-1.42487637133135,92,"ENSG00000166598;ENSG00000115414;ENSG00000166888;ENSG00000112715;ENSG00000116574;ENSG00000073756;ENSG00000150907;ENSG00000150093;ENSG00000142208;ENSG00000075618;ENSG00000123496;ENSG00000171791;ENSG00000162594;ENSG00000181449;ENSG00000145675"
"REACTOME","REACTOME_REGULATION_OF_MITF_M_DEPENDENT_GENES_INVOLVED_IN_EXTRACELLULAR_MATRIX_FOCAL_ADHESION_AND_EPITHELIAL_TO_MESENCHYMAL_TRANSITION",0.0186423505572442,0.1028242147923,0.150129441088022,-0.707449477357124,-1.6312242649291,12,"ENSG00000163527;ENSG00000170558;ENSG00000172986;ENSG00000130508;ENSG00000181449;ENSG00000148516"
"REACTOME","REACTOME_CONVERSION_FROM_APC_C_CDC20_TO_APC_C_CDH1_IN_LATE_ANAPHASE",0.0189848121502798,0.104023883808191,0.147704896905467,0.596275794379372,1.60547274586713,20,"ENSG00000089053;ENSG00000196510;ENSG00000079335;ENSG00000108106;ENSG00000110200;ENSG00000141552;ENSG00000170142;ENSG00000130177;ENSG00000105325;ENSG00000072401;ENSG00000176386;ENSG00000166295;ENSG00000117399;ENSG00000176248;ENSG00000175063;ENSG00000164162"
"REACTOME","REACTOME_METABOLISM_OF_VITAMINS_AND_COFACTORS",0.019007196899797,0.104023883808191,0.141766537975907,-0.341654424363074,-1.34489384932011,187,"ENSG00000196511;ENSG00000117394;ENSG00000120509;ENSG00000103222;ENSG00000138617;ENSG00000152620;ENSG00000124275;ENSG00000135318;ENSG00000183098;ENSG00000103485;ENSG00000065911;ENSG00000142208;ENSG00000171723;ENSG00000184719;ENSG00000120254;ENSG00000163864;ENSG00000142798;ENSG00000176974;ENSG00000151883;ENSG00000147650;ENSG00000004468;ENSG00000168216;ENSG00000076555;ENSG00000136010;ENSG00000170482;ENSG00000228716;ENSG00000102699;ENSG00000173599;ENSG00000130203;ENSG00000160209;ENSG00000163738;ENSG00000278540;ENSG00000197594;ENSG00000138669;ENSG00000116984;ENSG00000131979;ENSG00000164494;ENSG00000157064;ENSG00000136960;ENSG00000084090;ENSG00000135697;ENSG00000162512;ENSG00000164933;ENSG00000167186;ENSG00000166347;ENSG00000112874;ENSG00000188157;ENSG00000135917"
"REACTOME","REACTOME_PI3K_AKT_SIGNALING_IN_CANCER",0.0195334724065997,0.106491363081539,0.141766537975907,-0.387144774925442,-1.40625116080501,101,"ENSG00000135679;ENSG00000141506;ENSG00000155629;ENSG00000156427;ENSG00000150907;ENSG00000068078;ENSG00000105976;ENSG00000185737;ENSG00000169047;ENSG00000142208;ENSG00000157168;ENSG00000179295;ENSG00000186654;ENSG00000117461;ENSG00000133116;ENSG00000197461;ENSG00000145675;ENSG00000105647;ENSG00000102678;ENSG00000033327;ENSG00000185950;ENSG00000164327;ENSG00000109458;ENSG00000138675;ENSG00000082701;ENSG00000140992;ENSG00000197122;ENSG00000118260;ENSG00000128340;ENSG00000117020;ENSG00000213341;ENSG00000204060;ENSG00000136238"
"REACTOME","REACTOME_POST_CHAPERONIN_TUBULIN_FOLDING_PATHWAY",0.0198903998376294,0.108020171425895,0.145392780236481,0.566516320024055,1.57299311742569,23,"ENSG00000167552;ENSG00000137267;ENSG00000137285;ENSG00000213465;ENSG00000188229;ENSG00000183785;ENSG00000167553;ENSG00000123416;ENSG00000124659;ENSG00000141556;ENSG00000127824;ENSG00000171530;ENSG00000105254;ENSG00000284770;ENSG00000178462"
"REACTOME","REACTOME_PI_3K_CASCADE_FGFR3",0.02002002002002,0.108307541257733,0.143909619745855,-0.662021891557939,-1.62461228670321,15,"ENSG00000156427;ENSG00000068078;ENSG00000179295;ENSG00000145675;ENSG00000102678;ENSG00000109458;ENSG00000138675"
"REACTOME","REACTOME_RNA_POLYMERASE_III_TRANSCRIPTION_INITIATION_FROM_TYPE_3_PROMOTER",0.0203703703703704,0.109364878186171,0.144645572264101,0.537929123425166,1.56479599349657,28,"ENSG00000177700;ENSG00000163882;ENSG00000171453;ENSG00000113356;ENSG00000161980;ENSG00000100142;ENSG00000168495;ENSG00000104221;ENSG00000058600;ENSG00000099817;ENSG00000121851;ENSG00000100413;ENSG00000147669;ENSG00000104976"
"REACTOME","REACTOME_CARGO_CONCENTRATION_IN_THE_ER",0.0203562340966921,0.109364878186171,0.141072897117004,-0.526819402619883,-1.55122998809126,33,"ENSG00000086598;ENSG00000170348;ENSG00000114270;ENSG00000100934;ENSG00000150961;ENSG00000185010;ENSG00000154305;ENSG00000180398;ENSG00000113615;ENSG00000074695;ENSG00000176986;ENSG00000108433;ENSG00000265808;ENSG00000198734;ENSG00000138802"
"REACTOME","REACTOME_GLUTATHIONE_CONJUGATION",0.0205170291341814,0.109735019460091,0.143909619745855,0.529850931215795,1.55564667673291,29,"ENSG00000133433;ENSG00000131067;ENSG00000213366;ENSG00000134202;ENSG00000148834;ENSG00000170899;ENSG00000143198;ENSG00000100983;ENSG00000085871;ENSG00000133313;ENSG00000134184;ENSG00000001084;ENSG00000197448;ENSG00000006625;ENSG00000100577"
"REACTOME","REACTOME_HSF1_ACTIVATION",0.020927369716865,0.111507343547975,0.142470368773132,0.529335901277117,1.55413454461174,29,"ENSG00000004478;ENSG00000106211;ENSG00000149257;ENSG00000185122;ENSG00000096384;ENSG00000080824;ENSG00000105993;ENSG00000204389;ENSG00000160570;ENSG00000110958;ENSG00000170315;ENSG00000120694"
"REACTOME","REACTOME_PHYSIOLOGICAL_FACTORS",0.0213108162444713,0.112783106423173,0.139715216553372,-0.683031261017667,-1.61051743800562,13,"ENSG00000196549;ENSG00000114166;ENSG00000169418;ENSG00000064393;ENSG00000163273"
"REACTOME","REACTOME_CHONDROITIN_SULFATE_DERMATAN_SULFATE_METABOLISM",0.0213265505771865,0.112783106423173,0.137749272114041,-0.513631399341794,-1.53775093589718,36,"ENSG00000113273;ENSG00000171451;ENSG00000038427;ENSG00000111962;ENSG00000130287;ENSG00000111817;ENSG00000131873;ENSG00000154080;ENSG00000147408;ENSG00000132692;ENSG00000169105;ENSG00000163521;ENSG00000114378;ENSG00000049860;ENSG00000169826"
"REACTOME","REACTOME_SIGNAL_ATTENUATION",0.0215184734064149,0.113373449439768,0.139715216553372,-0.736704399557097,-1.61996405634188,10,"ENSG00000254647;ENSG00000106070;ENSG00000169047;ENSG00000160691;ENSG00000185950"
"REACTOME","REACTOME_RNA_POLYMERASE_III_TRANSCRIPTION",0.0220074043603455,0.115518419913784,0.139050712469267,0.482526085448719,1.52239692489328,41,"ENSG00000155115;ENSG00000177700;ENSG00000163882;ENSG00000171453;ENSG00000008441;ENSG00000113356;ENSG00000161980;ENSG00000100142;ENSG00000168495;ENSG00000104221;ENSG00000148308;ENSG00000058600;ENSG00000122034;ENSG00000138385"
"REACTOME","REACTOME_ACYL_CHAIN_REMODELLING_OF_PS",0.0222044408881776,0.115692511195966,0.136483198012004,-0.634565069532655,-1.60618694663286,17,"ENSG00000123739;ENSG00000172197;ENSG00000111684;ENSG00000144645;ENSG00000153246;ENSG00000144837;ENSG00000188089;ENSG00000091039"
"REACTOME","REACTOME_EGR2_AND_SOX10_MEDIATED_INITIATION_OF_SCHWANN_CELL_MYELINATION",0.0221703617269545,0.115692511195966,0.134646973904378,-0.550248603495367,-1.56248756830008,28,"ENSG00000152818;ENSG00000145284;ENSG00000091136;ENSG00000001630;ENSG00000138386;ENSG00000112414;ENSG00000122877;ENSG00000197971;ENSG00000173402;ENSG00000196569;ENSG00000164199"
"REACTOME","REACTOME_GAP_JUNCTION_DEGRADATION",0.0225578658297372,0.115824387460323,0.134050934338562,0.691362139802868,1.57870368241304,11,"ENSG00000152661;ENSG00000070371;ENSG00000161203;ENSG00000175416;ENSG00000122705;ENSG00000184009;ENSG00000106976;ENSG00000196586"
"REACTOME","REACTOME_FOXO_MEDIATED_TRANSCRIPTION_OF_OXIDATIVE_STRESS_METABOLIC_AND_NEURONAL_GENES",0.0224697147323173,0.115824387460323,0.134050934338562,-0.556897257373562,-1.5710993535898,27,"ENSG00000254647;ENSG00000150907;ENSG00000154262;ENSG00000142082;ENSG00000141646;ENSG00000221866;ENSG00000166949;ENSG00000106633"
"REACTOME","REACTOME_COOPERATION_OF_PREFOLDIN_AND_TRIC_CCT_IN_ACTIN_AND_TUBULIN_FOLDING",0.0224810954424688,0.115824387460323,0.137111915255226,0.506685325323533,1.52976003759108,33,"ENSG00000167552;ENSG00000137267;ENSG00000137285;ENSG00000113068;ENSG00000150753;ENSG00000188229;ENSG00000183785;ENSG00000167553;ENSG00000123416;ENSG00000120438;ENSG00000123349;ENSG00000127824;ENSG00000163468;ENSG00000166226;ENSG00000115484;ENSG00000204220;ENSG00000178462;ENSG00000156261;ENSG00000146731;ENSG00000101132;ENSG00000135624"
"REACTOME","REACTOME_SENESCENCE_ASSOCIATED_SECRETORY_PHENOTYPE_SASP",0.0224406924556529,0.115824387460323,0.140389202001749,0.371299234655871,1.38063662993111,105,"ENSG00000102882;ENSG00000143947;ENSG00000089053;ENSG00000196510;ENSG00000273802;ENSG00000132475;ENSG00000147889;ENSG00000221983;ENSG00000108106;ENSG00000110200;ENSG00000105810;ENSG00000158373;ENSG00000141552;ENSG00000170142;ENSG00000147883;ENSG00000188486;ENSG00000180596;ENSG00000177606;ENSG00000276180;ENSG00000274750;ENSG00000170315;ENSG00000270882;ENSG00000197061;ENSG00000130177;ENSG00000274183;ENSG00000246705;ENSG00000124635;ENSG00000277224;ENSG00000105325;ENSG00000124762;ENSG00000273983;ENSG00000150991;ENSG00000277775;ENSG00000180573;ENSG00000072401;ENSG00000173039;ENSG00000166484;ENSG00000176386;ENSG00000204371;ENSG00000276368;ENSG00000181090;ENSG00000166295;ENSG00000278588;ENSG00000275714;ENSG00000197903;ENSG00000184678;ENSG00000176248;ENSG00000234289;ENSG00000175063"
"REACTOME","REACTOME_RRNA_PROCESSING_IN_THE_MITOCHONDRION",0.0228045609121824,0.115827482043171,0.134646973904378,0.594191415649658,1.5766817927808,19,"ENSG00000167112;ENSG00000278619;ENSG00000156990;ENSG00000006744;ENSG00000072506;ENSG00000274523;ENSG00000165526;ENSG00000171861;ENSG00000211459;ENSG00000122687;ENSG00000156469;ENSG00000029639;ENSG00000117481"
"REACTOME","REACTOME_INTEGRATION_OF_ENERGY_METABOLISM",0.022731542363329,0.115827482043171,0.13063133623686,-0.378609001129216,-1.38486322365096,105,"ENSG00000254647;ENSG00000117394;ENSG00000143627;ENSG00000172380;ENSG00000173175;ENSG00000138031;ENSG00000162104;ENSG00000168243;ENSG00000158445;ENSG00000150995;ENSG00000108788;ENSG00000116473;ENSG00000166006;ENSG00000076555;ENSG00000168710;ENSG00000170745;ENSG00000159346;ENSG00000111664;ENSG00000155897;ENSG00000278540;ENSG00000164742;ENSG00000182621;ENSG00000079337;ENSG00000136854;ENSG00000163581;ENSG00000129467;ENSG00000123104;ENSG00000149782;ENSG00000108946;ENSG00000007402;ENSG00000096433"
"REACTOME","REACTOME_CILIUM_ASSEMBLY",0.0227693446871529,0.115827482043171,0.129547467550097,-0.332598795372247,-1.3187246618324,200,"ENSG00000163818;ENSG00000070367;ENSG00000106477;ENSG00000167461;ENSG00000168778;ENSG00000278195;ENSG00000187240;ENSG00000101162;ENSG00000169379;ENSG00000205795;ENSG00000163093;ENSG00000103540;ENSG00000118965;ENSG00000100360;ENSG00000007168;ENSG00000176014;ENSG00000186638;ENSG00000112877;ENSG00000116127;ENSG00000083312;ENSG00000139350;ENSG00000128602;ENSG00000157796;ENSG00000119977;ENSG00000168014;ENSG00000119397;ENSG00000204852;ENSG00000204104;ENSG00000173226;ENSG00000182504;ENSG00000174483;ENSG00000164953;ENSG00000104833;ENSG00000101350;ENSG00000175970;ENSG00000175216;ENSG00000103494;ENSG00000249115;ENSG00000153317;ENSG00000084731;ENSG00000136811;ENSG00000184786;ENSG00000181004;ENSG00000103995;ENSG00000128881;ENSG00000048342;ENSG00000102218;ENSG00000101639;ENSG00000105948;ENSG00000107862;ENSG00000258947;ENSG00000122507;ENSG00000125124;ENSG00000138036;ENSG00000074054;ENSG00000101624;ENSG00000182923;ENSG00000092036;ENSG00000103769;ENSG00000168385;ENSG00000179941;ENSG00000140463;ENSG00000117650"
"REACTOME","REACTOME_INTERLEUKIN_15_SIGNALING",0.0230692076228686,0.116334718441037,0.134050934338562,-0.667086529443058,-1.60132554794548,14,"ENSG00000160691;ENSG00000173757;ENSG00000033327;ENSG00000168610;ENSG00000105639;ENSG00000164136;ENSG00000100485;ENSG00000115904"
"REACTOME","REACTOME_ATTACHMENT_OF_BACTERIA_TO_EPITHELIAL_CELLS",0.0229976209357653,0.116334718441037,0.133462622481397,-0.589725182427446,-1.58535402190758,22,"ENSG00000115414;ENSG00000053747;ENSG00000091136;ENSG00000101680;ENSG00000169031;ENSG00000081052;ENSG00000197565;ENSG00000187498;ENSG00000196569"
"REACTOME","REACTOME_MITOCHONDRIAL_UNFOLDED_PROTEIN_RESPONSE_UPRMT",0.0233114166168559,0.117137794530251,0.132881872272143,0.628467216362566,1.5928926646095,16,"ENSG00000115317;ENSG00000196365;ENSG00000185122;ENSG00000204389;ENSG00000169136;ENSG00000144381;ENSG00000113013;ENSG00000115541;ENSG00000086061"
"REACTOME","REACTOME_REGULATION_OF_INSULIN_SECRETION",0.023407521105142,0.11720361631369,0.130086070372915,-0.416254527367335,-1.43914196441986,75,"ENSG00000254647;ENSG00000117394;ENSG00000172380;ENSG00000173175;ENSG00000168243;ENSG00000158445;ENSG00000150995;ENSG00000116473;ENSG00000166006;ENSG00000168710;ENSG00000170745;ENSG00000111664;ENSG00000155897;ENSG00000182621;ENSG00000079337;ENSG00000136854;ENSG00000163581;ENSG00000123104;ENSG00000149782;ENSG00000108946;ENSG00000007402;ENSG00000096433;ENSG00000156052;ENSG00000137841;ENSG00000078369"
"REACTOME","REACTOME_ONCOGENIC_MAPK_SIGNALING",0.023590333716916,0.117701594375567,0.129547467550097,-0.402137412090652,-1.41035479443503,82,"ENSG00000166068;ENSG00000115414;ENSG00000157764;ENSG00000139318;ENSG00000171435;ENSG00000112531;ENSG00000089234;ENSG00000035403;ENSG00000198369;ENSG00000116473;ENSG00000196712;ENSG00000141480;ENSG00000108061;ENSG00000164086;ENSG00000213281;ENSG00000153094;ENSG00000130829;ENSG00000145349;ENSG00000141068;ENSG00000070808;ENSG00000171560;ENSG00000149970;ENSG00000182606;ENSG00000132842;ENSG00000112941;ENSG00000133030;ENSG00000148660;ENSG00000111266;ENSG00000100030;ENSG00000197122"
"REACTOME","REACTOME_ALK_MUTANTS_BIND_TKIS",0.0245187436676798,0.121475319504435,0.13063133623686,-0.693551820723564,-1.59917929853658,12,"ENSG00000172071;ENSG00000115414;ENSG00000138032;ENSG00000127946"
"REACTOME","REACTOME_SLC_MEDIATED_TRANSPORT_OF_ORGANIC_ANIONS",0.0244570534142047,0.121475319504435,0.128489714653408,-0.511683869434373,-1.52361350397736,35,"ENSG00000070214;ENSG00000143036;ENSG00000129353;ENSG00000141526;ENSG00000168065;ENSG00000147100;ENSG00000101187;ENSG00000170571;ENSG00000007216;ENSG00000158296;ENSG00000101200;ENSG00000115665;ENSG00000173930;ENSG00000176463"
"REACTOME","REACTOME_DNA_STRAND_ELONGATION",0.0247901620144447,0.1223905900853,0.12745704201113,-0.524935784126079,-1.53496556052726,32,"ENSG00000101868;ENSG00000132383;ENSG00000035928;ENSG00000105486;ENSG00000125885;ENSG00000077514;ENSG00000133119;ENSG00000147536;ENSG00000014138;ENSG00000076003;ENSG00000104738;ENSG00000146143;ENSG00000073111;ENSG00000132646;ENSG00000111445;ENSG00000093009;ENSG00000112118;ENSG00000198056;ENSG00000106628;ENSG00000181938"
"REACTOME","REACTOME_FORMATION_OF_RNA_POL_II_ELONGATION_COMPLEX",0.0251494537208823,0.123302182825992,0.130086070372915,0.432702736749951,1.45273590416442,57,"ENSG00000177700;ENSG00000163882;ENSG00000105656;ENSG00000204356;ENSG00000100142;ENSG00000140395;ENSG00000104884;ENSG00000188986;ENSG00000101158;ENSG00000166477;ENSG00000125651;ENSG00000006712;ENSG00000060069;ENSG00000103363;ENSG00000011007;ENSG00000272047;ENSG00000105258;ENSG00000168002;ENSG00000185049;ENSG00000099817;ENSG00000134480;ENSG00000005075;ENSG00000196235;ENSG00000147669;ENSG00000163166"
"REACTOME","REACTOME_SIGNALING_BY_NOTCH4",0.0251203684320703,0.123302182825992,0.131183404131763,0.406937125377988,1.41778625172305,71,"ENSG00000100804;ENSG00000136930;ENSG00000143947;ENSG00000277791;ENSG00000087191;ENSG00000041357;ENSG00000008018;ENSG00000185627;ENSG00000100764;ENSG00000101182;ENSG00000130706;ENSG00000126067;ENSG00000103035;ENSG00000205155;ENSG00000108773;ENSG00000221983;ENSG00000100387;ENSG00000142507;ENSG00000106588;ENSG00000165916;ENSG00000099341;ENSG00000197170;ENSG00000100519;ENSG00000128917;ENSG00000055130;ENSG00000170315;ENSG00000115233;ENSG00000127922;ENSG00000159377;ENSG00000113558;ENSG00000197921;ENSG00000173692;ENSG00000100567;ENSG00000150991"
"REACTOME","REACTOME_ESTABLISHMENT_OF_SISTER_CHROMATID_COHESION",0.0252854812398042,0.123540136714891,0.129015392724128,-0.714306412753645,-1.60781156082511,11,"ENSG00000164754;ENSG00000072501;ENSG00000062650;ENSG00000121892;ENSG00000141446;ENSG00000118007"
"REACTOME","REACTOME_DIFFERENTIATION_OF_KERATINOCYTES_IN_INTERFOLLICULAR_EPIDERMIS_IN_MAMMALIAN_SKIN",0.0254411161263849,0.123871917139502,0.129015392724128,0.518702891033453,1.52291593938769,29,"ENSG00000165272;ENSG00000010438;ENSG00000171345;ENSG00000137693;ENSG00000188508;ENSG00000186395;ENSG00000173546;ENSG00000133710;ENSG00000164687;ENSG00000118777;ENSG00000161249;ENSG00000171476;ENSG00000178934"
"REACTOME","REACTOME_NETRIN_1_SIGNALING",0.025875486381323,0.125553906427588,0.124499976253388,-0.487696585223567,-1.50211757086787,41,"ENSG00000177103;ENSG00000099204;ENSG00000145555;ENSG00000107731;ENSG00000067141;ENSG00000133107;ENSG00000179295;ENSG00000169855;ENSG00000150760;ENSG00000171587;ENSG00000137672;ENSG00000169398;ENSG00000184347;ENSG00000038382;ENSG00000113763;ENSG00000197122"
"REACTOME","REACTOME_ARACHIDONATE_METABOLISM",0.0260599793174767,0.126016064370812,0.12797030576243,0.437631059159573,1.45516115474654,54,"ENSG00000161905;ENSG00000015413;ENSG00000233276;ENSG00000130304;ENSG00000196139;ENSG00000148334;ENSG00000005421;ENSG00000179477;ENSG00000111144;ENSG00000176153;ENSG00000124212;ENSG00000132965;ENSG00000110958;ENSG00000117480;ENSG00000159228;ENSG00000106853;ENSG00000164120;ENSG00000167468"
"REACTOME","REACTOME_ZINC_TRANSPORTERS",0.0266266266266266,0.12752825736561,0.124499976253388,-0.649204952689955,-1.59315931418315,15,"ENSG00000104635;ENSG00000138821;ENSG00000115194;ENSG00000164756;ENSG00000145740;ENSG00000170385;ENSG00000141424;ENSG00000139540;ENSG00000112473"
"REACTOME","REACTOME_REGULATION_OF_IFNA_IFNB_SIGNALING",0.0266266266266266,0.12752825736561,0.124499976253388,-0.64876060657595,-1.59206888172832,15,"ENSG00000184979;ENSG00000179295;ENSG00000159110;ENSG00000170581;ENSG00000185338"
"REACTOME","REACTOME_REGULATION_OF_LIPID_METABOLISM_BY_PPARALPHA",0.0267090026148674,0.12752825736561,0.119991298354729,-0.366018077956028,-1.35599662691119,115,"ENSG00000186951;ENSG00000143344;ENSG00000185591;ENSG00000133794;ENSG00000125686;ENSG00000198646;ENSG00000198431;ENSG00000149485;ENSG00000005339;ENSG00000001167;ENSG00000054118;ENSG00000155111;ENSG00000146072;ENSG00000140396;ENSG00000163586;ENSG00000184634;ENSG00000110090;ENSG00000005471;ENSG00000108510;ENSG00000135744;ENSG00000123066;ENSG00000188786;ENSG00000120837;ENSG00000172379;ENSG00000165029;ENSG00000139278;ENSG00000159479;ENSG00000141027;ENSG00000106546;ENSG00000100393;ENSG00000112584;ENSG00000084676"
"REACTOME","REACTOME_LEISHMANIA_INFECTION",0.0267339689661619,0.12752825736561,0.119991298354729,-0.349109544623552,-1.33567752339989,150,"ENSG00000265972;ENSG00000138443;ENSG00000158195;ENSG00000172380;ENSG00000145555;ENSG00000173175;ENSG00000197535;ENSG00000138031;ENSG00000135318;ENSG00000162104;ENSG00000114251;ENSG00000168243;ENSG00000150995;ENSG00000107643;ENSG00000150760;ENSG00000273749;ENSG00000168710;ENSG00000112062;ENSG00000140368;ENSG00000111664;ENSG00000128266;ENSG00000155897;ENSG00000142192;ENSG00000122574;ENSG00000077150;ENSG00000123338;ENSG00000164742;ENSG00000169398;ENSG00000187097;ENSG00000183943;ENSG00000155760;ENSG00000171475;ENSG00000061676;ENSG00000055163;ENSG00000196408;ENSG00000129467;ENSG00000123104;ENSG00000138185;ENSG00000109320;ENSG00000100030;ENSG00000152207;ENSG00000097007;ENSG00000108946;ENSG00000197122;ENSG00000118260;ENSG00000096433;ENSG00000138071"
"REACTOME","REACTOME_G_ALPHA_I_SIGNALLING_EVENTS",0.0273244085824317,0.129905942486174,0.117506481856722,-0.313935779049434,-1.27915823202475,261,"ENSG00000013583;ENSG00000124493;ENSG00000171517;ENSG00000184588;ENSG00000172380;ENSG00000151882;ENSG00000173175;ENSG00000152495;ENSG00000213694;ENSG00000278195;ENSG00000138031;ENSG00000204174;ENSG00000162104;ENSG00000170775;ENSG00000168243;ENSG00000221823;ENSG00000036828;ENSG00000139874;ENSG00000163739;ENSG00000143248;ENSG00000150995;ENSG00000108370;ENSG00000197405;ENSG00000106804;ENSG00000179097;ENSG00000006210;ENSG00000168710;ENSG00000135744;ENSG00000169248;ENSG00000111664;ENSG00000169962;ENSG00000118432;ENSG00000128266;ENSG00000155897;ENSG00000142192;ENSG00000179603;ENSG00000145349;ENSG00000070808;ENSG00000172915;ENSG00000173080;ENSG00000164742;ENSG00000135312;ENSG00000182621;ENSG00000184574;ENSG00000121957;ENSG00000241563;ENSG00000183943;ENSG00000105650;ENSG00000196917;ENSG00000121446;ENSG00000054277;ENSG00000064547;ENSG00000148660;ENSG00000129467;ENSG00000123104;ENSG00000180616;ENSG00000149782;ENSG00000100030;ENSG00000115252;ENSG00000108946;ENSG00000197122;ENSG00000118260;ENSG00000096433;ENSG00000186810;ENSG00000107758;ENSG00000148908;ENSG00000169429;ENSG00000164850;ENSG00000159788;ENSG00000134183;ENSG00000156052;ENSG00000137841;ENSG00000078369;ENSG00000180245"
"REACTOME","REACTOME_RAB_GEFS_EXCHANGE_GTP_FOR_GDP_ON_RABS",0.0275613001330546,0.130592469086822,0.119145934080369,-0.391796894482745,-1.39333157719881,89,"ENSG00000099246;ENSG00000108774;ENSG00000167461;ENSG00000123570;ENSG00000041353;ENSG00000188419;ENSG00000142208;ENSG00000100099;ENSG00000154710;ENSG00000166444;ENSG00000160218;ENSG00000205593;ENSG00000103111;ENSG00000115839;ENSG00000179331;ENSG00000168461;ENSG00000174485;ENSG00000138069;ENSG00000069974;ENSG00000107185;ENSG00000054116;ENSG00000133812;ENSG00000182400;ENSG00000132669;ENSG00000084733;ENSG00000117020;ENSG00000003393"
"REACTOME","REACTOME_MITOPHAGY",0.0277891295463833,0.131231608426399,0.123095330850962,0.47622794276219,1.48809850049477,39,"ENSG00000161011;ENSG00000143947;ENSG00000204435;ENSG00000158828;ENSG00000214736;ENSG00000221983;ENSG00000130204;ENSG00000165637;ENSG00000109332;ENSG00000244687;ENSG00000170315;ENSG00000196683;ENSG00000175768;ENSG00000078668;ENSG00000150991;ENSG00000069509;ENSG00000156469;ENSG00000057663;ENSG00000123240;ENSG00000101460;ENSG00000247077"
"REACTOME","REACTOME_REGULATION_OF_INNATE_IMMUNE_RESPONSES_TO_CYTOSOLIC_DNA",0.0288385043754972,0.132378168626377,0.119145934080369,0.655476579028319,1.56772486817613,13,"ENSG00000132109;ENSG00000143947;ENSG00000221983;ENSG00000126456;ENSG00000170315;ENSG00000183258;ENSG00000150991"
"REACTOME","REACTOME_RESOLUTION_OF_D_LOOP_STRUCTURES_THROUGH_SYNTHESIS_DEPENDENT_STRAND_ANNEALING_SDSA",0.028526768268855,0.132378168626377,0.118729771541953,-0.543816899403029,-1.53419749839097,27,"ENSG00000136492;ENSG00000139618;ENSG00000138376;ENSG00000182185;ENSG00000113522;ENSG00000165392;ENSG00000020922;ENSG00000196584;ENSG00000111247;ENSG00000174371;ENSG00000185379;ENSG00000175643;ENSG00000258366;ENSG00000149311"
"REACTOME","REACTOME_APC_CDC20_MEDIATED_DEGRADATION_OF_NEK2A",0.0287828947368421,0.132378168626377,0.121293105191013,0.536089859307953,1.53068735337989,26,"ENSG00000143947;ENSG00000089053;ENSG00000196510;ENSG00000221983;ENSG00000108106;ENSG00000110200;ENSG00000141552;ENSG00000170142;ENSG00000170315;ENSG00000130177;ENSG00000150991;ENSG00000072401;ENSG00000176386;ENSG00000166295;ENSG00000117399;ENSG00000176248;ENSG00000175063"
"REACTOME","REACTOME_INSULIN_RECEPTOR_RECYCLING",0.0286499215070644,0.132378168626377,0.118729771541953,-0.526229811703686,-1.51451242662437,30,"ENSG00000254647;ENSG00000250565;ENSG00000142949;ENSG00000143882;ENSG00000185344;ENSG00000100554;ENSG00000110719"
"REACTOME","REACTOME_DNA_DAMAGE_RECOGNITION_IN_GG_NER",0.0288756911734589,0.132378168626377,0.120854561651304,0.479054100821845,1.48820347154082,38,"ENSG00000143947;ENSG00000153391;ENSG00000144524;ENSG00000168090;ENSG00000169592;ENSG00000139842;ENSG00000187778;ENSG00000221983;ENSG00000105619;ENSG00000100387;ENSG00000111652;ENSG00000179262;ENSG00000169727;ENSG00000170315;ENSG00000170322;ENSG00000129484;ENSG00000150991;ENSG00000115274"
"REACTOME","REACTOME_GABA_RECEPTOR_ACTIVATION",0.0285270716087716,0.132378168626377,0.11831785640414,-0.45015186843938,-1.46983765993573,55,"ENSG00000157542;ENSG00000172380;ENSG00000173175;ENSG00000138031;ENSG00000162104;ENSG00000123700;ENSG00000168243;ENSG00000011677;ENSG00000131089;ENSG00000151834;ENSG00000111664;ENSG00000155897;ENSG00000164742;ENSG00000156642;ENSG00000162989;ENSG00000129467;ENSG00000153822;ENSG00000186297;ENSG00000157551;ENSG00000078369;ENSG00000163288"
"REACTOME","REACTOME_RETROGRADE_TRANSPORT_AT_THE_TRANS_GOLGI_NETWORK",0.0285438765670202,0.132378168626377,0.117910116623497,-0.458655170506251,-1.46483319296102,49,"ENSG00000003056;ENSG00000123570;ENSG00000197081;ENSG00000136935;ENSG00000136152;ENSG00000164597;ENSG00000164292;ENSG00000152291;ENSG00000105355;ENSG00000120805;ENSG00000133103;ENSG00000117533"
"REACTOME","REACTOME_CYCLIN_A_CDK2_ASSOCIATED_EVENTS_AT_S_PHASE_ENTRY",0.0288100208768267,0.132378168626377,0.122184433304052,0.395619243909932,1.39521306537399,75,"ENSG00000100804;ENSG00000136930;ENSG00000143947;ENSG00000277791;ENSG00000087191;ENSG00000041357;ENSG00000008018;ENSG00000185627;ENSG00000100764;ENSG00000101182;ENSG00000130706;ENSG00000126067;ENSG00000103035;ENSG00000221983;ENSG00000142507;ENSG00000106588;ENSG00000165916;ENSG00000099341;ENSG00000197170;ENSG00000166483;ENSG00000100519;ENSG00000055130;ENSG00000170315;ENSG00000115233;ENSG00000127922;ENSG00000159377;ENSG00000113558;ENSG00000105325;ENSG00000134480;ENSG00000105221;ENSG00000124762;ENSG00000173692;ENSG00000100567;ENSG00000150991"
"REACTOME","REACTOME_BETA_CATENIN_INDEPENDENT_WNT_SIGNALING",0.0286334056399132,0.132378168626377,0.124978791119589,0.347419832158312,1.33153564171689,130,"ENSG00000108518;ENSG00000126583;ENSG00000183020;ENSG00000100804;ENSG00000136930;ENSG00000143947;ENSG00000277791;ENSG00000174021;ENSG00000087191;ENSG00000041357;ENSG00000008018;ENSG00000185627;ENSG00000100764;ENSG00000162188;ENSG00000101182;ENSG00000172354;ENSG00000130706;ENSG00000126067;ENSG00000042753;ENSG00000103035;ENSG00000161203;ENSG00000155363;ENSG00000175416;ENSG00000221983;ENSG00000122705;ENSG00000142507;ENSG00000106588;ENSG00000165916;ENSG00000099341;ENSG00000162552;ENSG00000197170;ENSG00000100519;ENSG00000185527;ENSG00000170315;ENSG00000115233;ENSG00000127922;ENSG00000159377;ENSG00000180900;ENSG00000132915;ENSG00000177283;ENSG00000127928;ENSG00000173692;ENSG00000100567;ENSG00000150991;ENSG00000138814"
"REACTOME","REACTOME_NUCLEOTIDE_BIOSYNTHESIS",0.0291010564082121,0.132979584622639,0.118729771541953,0.645593939791872,1.57610730413314,14,"ENSG00000102967;ENSG00000114491;ENSG00000178035;ENSG00000138363;ENSG00000035687;ENSG00000106348;ENSG00000239900;ENSG00000185100"
"REACTOME","REACTOME_DISEASES_OF_DNA_REPAIR",0.0292139150490102,0.133064671126459,0.116319528645477,-0.454030782598041,-1.46216424620746,51,"ENSG00000136492;ENSG00000139618;ENSG00000138376;ENSG00000182185;ENSG00000113522;ENSG00000165392;ENSG00000132383;ENSG00000113318;ENSG00000109674;ENSG00000113456;ENSG00000136273;ENSG00000020922;ENSG00000196584;ENSG00000111247;ENSG00000174371;ENSG00000133119;ENSG00000185379;ENSG00000095002;ENSG00000175643;ENSG00000076242;ENSG00000149311;ENSG00000171792;ENSG00000172613;ENSG00000122512;ENSG00000175054;ENSG00000051180;ENSG00000083093;ENSG00000111445;ENSG00000101773;ENSG00000163781"
"REACTOME","REACTOME_THYROXINE_BIOSYNTHESIS",0.0299557700040209,0.135569061684864,0.117506481856722,-0.664604495306728,-1.56706902034565,13,"ENSG00000115705;ENSG00000153066;ENSG00000137857;ENSG00000140254;ENSG00000211448;ENSG00000105974;ENSG00000211452"
"REACTOME","REACTOME_CONSTITUTIVE_SIGNALING_BY_ABERRANT_PI3K_IN_CANCER",0.0299309286262471,0.135569061684864,0.114790404232843,-0.41112632302751,-1.41833037566507,74,"ENSG00000141506;ENSG00000155629;ENSG00000156427;ENSG00000068078;ENSG00000105976;ENSG00000185737;ENSG00000169047;ENSG00000157168;ENSG00000179295;ENSG00000117461;ENSG00000133116;ENSG00000197461;ENSG00000145675;ENSG00000105647;ENSG00000102678;ENSG00000033327;ENSG00000185950;ENSG00000109458;ENSG00000138675"
"REACTOME","REACTOME_CA2_PATHWAY",0.0302739988503545,0.136136580817518,0.114047666631429,-0.435252995925158,-1.44749459736358,60,"ENSG00000172380;ENSG00000078687;ENSG00000123908;ENSG00000114251;ENSG00000168243;ENSG00000221823;ENSG00000150995;ENSG00000126070;ENSG00000111664;ENSG00000138795;ENSG00000138669;ENSG00000070808;ENSG00000182621;ENSG00000100354;ENSG00000123104;ENSG00000149782;ENSG00000096433;ENSG00000107758;ENSG00000134183;ENSG00000137841;ENSG00000078369"
"REACTOME","REACTOME_TRANSCRIPTION_COUPLED_NUCLEOTIDE_EXCISION_REPAIR_TC_NER",0.0301950094359404,0.136136580817518,0.119566417816168,0.393780061074355,1.38970049648599,76,"ENSG00000177700;ENSG00000143947;ENSG00000163882;ENSG00000115350;ENSG00000144524;ENSG00000105656;ENSG00000100142;ENSG00000168090;ENSG00000104884;ENSG00000139842;ENSG00000221983;ENSG00000100387;ENSG00000111652;ENSG00000073050;ENSG00000148229;ENSG00000169727;ENSG00000272047;ENSG00000105258;ENSG00000168002;ENSG00000170315;ENSG00000099817;ENSG00000134480;ENSG00000076924;ENSG00000198783;ENSG00000005075;ENSG00000012061;ENSG00000150991"
"REACTOME","REACTOME_TRANSPORT_OF_CONNEXONS_TO_THE_PLASMA_MEMBRANE",0.0308654428081501,0.137482666388353,0.115931642749028,0.56286860462192,1.53203922236545,21,"ENSG00000167552;ENSG00000137267;ENSG00000137285;ENSG00000152661;ENSG00000188229;ENSG00000183785;ENSG00000167553;ENSG00000123416;ENSG00000173213;ENSG00000127824"
"REACTOME","REACTOME_METABOLISM_OF_NUCLEOTIDES",0.0307822053552604,0.137482666388353,0.118729771541953,0.371762161050961,1.36512715583468,96,"ENSG00000101347;ENSG00000102967;ENSG00000114491;ENSG00000243678;ENSG00000125877;ENSG00000106992;ENSG00000168393;ENSG00000179958;ENSG00000130021;ENSG00000239672;ENSG00000154027;ENSG00000178035;ENSG00000198276;ENSG00000138363;ENSG00000125458;ENSG00000035687;ENSG00000025708;ENSG00000106348;ENSG00000239900;ENSG00000196839;ENSG00000106268;ENSG00000185100;ENSG00000171793;ENSG00000198585;ENSG00000085231;ENSG00000112667;ENSG00000197586;ENSG00000156110;ENSG00000114956;ENSG00000103202;ENSG00000198931;ENSG00000119125;ENSG00000136159"
"REACTOME","REACTOME_SIGNALING_BY_WNT",0.0308573947542429,0.137482666388353,0.121293105191013,0.290994669371274,1.23672130438236,306,"ENSG00000065717;ENSG00000131650;ENSG00000108518;ENSG00000126583;ENSG00000171056;ENSG00000183020;ENSG00000101282;ENSG00000100804;ENSG00000136930;ENSG00000143947;ENSG00000277791;ENSG00000140332;ENSG00000181274;ENSG00000204435;ENSG00000104964;ENSG00000174021;ENSG00000087191;ENSG00000273802;ENSG00000041357;ENSG00000103126;ENSG00000008018;ENSG00000185627;ENSG00000100764;ENSG00000162188;ENSG00000156076;ENSG00000101182;ENSG00000172354;ENSG00000130706;ENSG00000126067;ENSG00000042753;ENSG00000103035;ENSG00000132475;ENSG00000172977;ENSG00000161203;ENSG00000137713;ENSG00000108379;ENSG00000155363;ENSG00000175416;ENSG00000221983;ENSG00000166477;ENSG00000122705;ENSG00000100387;ENSG00000142507;ENSG00000106588;ENSG00000165916;ENSG00000099341;ENSG00000162552;ENSG00000158373;ENSG00000197170;ENSG00000113575;ENSG00000143816;ENSG00000100519;ENSG00000164362;ENSG00000188486;ENSG00000180596;ENSG00000104371;ENSG00000185527;ENSG00000276180;ENSG00000274750;ENSG00000105568;ENSG00000055130;ENSG00000170315;ENSG00000115233;ENSG00000020633;ENSG00000270882;ENSG00000127922;ENSG00000197061;ENSG00000274183;ENSG00000159377;ENSG00000246705;ENSG00000124635;ENSG00000277224;ENSG00000113558;ENSG00000180900;ENSG00000162961;ENSG00000105221;ENSG00000132915;ENSG00000112335;ENSG00000177283;ENSG00000112640;ENSG00000273983;ENSG00000127928;ENSG00000173692;ENSG00000100567;ENSG00000150991;ENSG00000277775;ENSG00000138814;ENSG00000196363;ENSG00000180573"
"REACTOME","REACTOME_NUCLEOTIDE_EXCISION_REPAIR",0.031377605845691,0.139324463692188,0.118729771541953,0.362988647901129,1.35591752744199,108,"ENSG00000177700;ENSG00000143947;ENSG00000163882;ENSG00000153391;ENSG00000115350;ENSG00000144524;ENSG00000105656;ENSG00000100142;ENSG00000168090;ENSG00000104884;ENSG00000169592;ENSG00000139842;ENSG00000187778;ENSG00000131778;ENSG00000221983;ENSG00000105619;ENSG00000100387;ENSG00000111652;ENSG00000073050;ENSG00000148229;ENSG00000179262;ENSG00000169727;ENSG00000272047;ENSG00000105258;ENSG00000168002;ENSG00000170315;ENSG00000170322;ENSG00000099817;ENSG00000116030;ENSG00000134480;ENSG00000076924;ENSG00000198783;ENSG00000129484;ENSG00000005075;ENSG00000012061;ENSG00000150991;ENSG00000115274;ENSG00000169139;ENSG00000147669"
"REACTOME","REACTOME_B_WICH_COMPLEX_POSITIVELY_REGULATES_RRNA_EXPRESSION",0.0318124738384261,0.140812580124946,0.116319528645477,0.382854570793145,1.37913255231851,85,"ENSG00000177700;ENSG00000163882;ENSG00000171453;ENSG00000273802;ENSG00000100142;ENSG00000132475;ENSG00000108773;ENSG00000105849;ENSG00000158373;ENSG00000188486;ENSG00000180596;ENSG00000276180;ENSG00000274750;ENSG00000103168;ENSG00000270882;ENSG00000099817;ENSG00000197061;ENSG00000274183;ENSG00000246705;ENSG00000124635;ENSG00000277224;ENSG00000115750;ENSG00000132382;ENSG00000117877;ENSG00000273983;ENSG00000066379;ENSG00000166012;ENSG00000277775;ENSG00000180573;ENSG00000147669;ENSG00000276368;ENSG00000278588;ENSG00000275714;ENSG00000197903;ENSG00000112592;ENSG00000184678"
"REACTOME","REACTOME_TRANSCRIPTION_OF_E2F_TARGETS_UNDER_NEGATIVE_CONTROL_BY_P107_RBL1_AND_P130_RBL2_IN_COMPLEX_WITH_HDAC1",0.0325105358217941,0.143452739313666,0.11260357881031,-0.628564427934932,-1.56862893166332,16,"ENSG00000205659;ENSG00000114126;ENSG00000080839;ENSG00000162521;ENSG00000198176;ENSG00000183814;ENSG00000103479"
"REACTOME","REACTOME_PASSIVE_TRANSPORT_BY_AQUAPORINS",0.0345233424872499,0.151859687202482,0.107942085094929,0.669934161207296,1.52977356783496,11,"ENSG00000165272;ENSG00000165269;ENSG00000171885"
"REACTOME","REACTOME_TRNA_AMINOACYLATION",0.0350841198194501,0.153847134115104,0.10954123067857,0.457246791937095,1.45125925008784,42,"ENSG00000143374;ENSG00000104835;ENSG00000170445;ENSG00000133706;ENSG00000116120;ENSG00000137411;ENSG00000065427;ENSG00000124608;ENSG00000204394;ENSG00000179115;ENSG00000180817;ENSG00000116874;ENSG00000106305"
"REACTOME","REACTOME_ADENYLATE_CYCLASE_ACTIVATING_PATHWAY",0.0355257815671945,0.15530155904916,0.108256440008936,-0.713640440201943,-1.56924794120161,10,"ENSG00000173175;ENSG00000138031;ENSG00000162104;ENSG00000155897;ENSG00000164742;ENSG00000129467"
"REACTOME","REACTOME_IRS_MEDIATED_SIGNALLING",0.0358814352574103,0.156372180813158,0.105519930289441,-0.470439870185783,-1.45533834812861,42,"ENSG00000156427;ENSG00000068078;ENSG00000169047;ENSG00000179295;ENSG00000213281;ENSG00000133116;ENSG00000145675;ENSG00000105647;ENSG00000102678;ENSG00000033327;ENSG00000185950;ENSG00000109458;ENSG00000138675;ENSG00000140992;ENSG00000196455;ENSG00000239732"
"REACTOME","REACTOME_REGULATION_OF_GENE_EXPRESSION_IN_BETA_CELLS",0.0368681863230922,0.160178089502173,0.104938859783548,-0.57110276538077,-1.51753317667268,21,"ENSG00000254647;ENSG00000143627;ENSG00000150907;ENSG00000142208;ENSG00000164749;ENSG00000185002"
"REACTOME","REACTOME_MET_ACTIVATES_PTK2_SIGNALING",0.0370514820592824,0.160480652354929,0.103804265291514,-0.521278530747012,-1.48966607511635,29,"ENSG00000115414;ENSG00000196739;ENSG00000053747;ENSG00000091136;ENSG00000101680;ENSG00000105976;ENSG00000150093;ENSG00000196569;ENSG00000169398;ENSG00000108821"
"REACTOME","REACTOME_RNA_POLYMERASE_III_TRANSCRIPTION_TERMINATION",0.0373452405114674,0.161258347407315,0.105519930289441,0.539617256450708,1.49830499217579,23,"ENSG00000177700;ENSG00000163882;ENSG00000171453;ENSG00000008441;ENSG00000113356;ENSG00000161980;ENSG00000100142;ENSG00000168495;ENSG00000058600;ENSG00000138385;ENSG00000099817;ENSG00000121851"
"REACTOME","REACTOME_ORGANIC_ANION_TRANSPORT_BY_SLCO_TRANSPORTERS",0.037555826228177,0.161673251933494,0.105228221404324,-0.709643317039806,-1.56045853278309,10,"ENSG00000147100;ENSG00000101187;ENSG00000101200;ENSG00000173930;ENSG00000176463"
"REACTOME","REACTOME_SIGNALING_BY_FGFR2_IIIA_TM",0.0378075615123025,0.162262239681979,0.104084546739236,0.568613685801436,1.50881150739765,19,"ENSG00000177700;ENSG00000163882;ENSG00000100142;ENSG00000125651;ENSG00000105258;ENSG00000168002;ENSG00000099817;ENSG00000005075;ENSG00000147669"
"REACTOME","REACTOME_RRNA_MODIFICATION_IN_THE_MITOCHONDRION",0.0383463151587777,0.163580051372188,0.103250260704189,0.612848247785005,1.52376705330418,15,"ENSG00000167112;ENSG00000278619;ENSG00000156990;ENSG00000274523;ENSG00000165526;ENSG00000171861;ENSG00000211459;ENSG00000122687;ENSG00000156469;ENSG00000029639;ENSG00000117481"
"REACTOME","REACTOME_REGULATION_OF_GLUCOKINASE_BY_GLUCOKINASE_REGULATORY_PROTEIN",0.0382588327152059,0.163580051372188,0.10216770010847,-0.503831257438549,-1.4732537805035,32,"ENSG00000139496;ENSG00000120253;ENSG00000155561;ENSG00000124789;ENSG00000126883;ENSG00000106633;ENSG00000030066;ENSG00000113569;ENSG00000110713;ENSG00000132182;ENSG00000102900;ENSG00000095319;ENSG00000157020;ENSG00000196313;ENSG00000111581;ENSG00000153201;ENSG00000069248"
"REACTOME","REACTOME_LAGGING_STRAND_SYNTHESIS",0.0388155262104842,0.165082900630132,0.102704812014747,-0.576308995869941,-1.51288578966641,20,"ENSG00000101868;ENSG00000132383;ENSG00000035928;ENSG00000105486;ENSG00000077514;ENSG00000133119;ENSG00000014138;ENSG00000146143;ENSG00000132646;ENSG00000111445;ENSG00000198056;ENSG00000106628"
"REACTOME","REACTOME_ATTENUATION_PHASE",0.0391072891072891,0.165824300959436,0.103526179501938,0.510404464341451,1.47357477640365,27,"ENSG00000004478;ENSG00000106211;ENSG00000149257;ENSG00000185122;ENSG00000096384;ENSG00000080824;ENSG00000105993;ENSG00000204389;ENSG00000160570;ENSG00000110958;ENSG00000170315;ENSG00000120694"
"REACTOME","REACTOME_SUMOYLATION_OF_DNA_DAMAGE_RESPONSE_AND_REPAIR_PROTEINS",0.0395113571292231,0.167036036725937,0.0993535227577061,-0.397242109990941,-1.37965061363346,77,"ENSG00000168283;ENSG00000164754;ENSG00000163029;ENSG00000139496;ENSG00000137337;ENSG00000072501;ENSG00000143799;ENSG00000120253;ENSG00000155561;ENSG00000185115;ENSG00000165392;ENSG00000132383;ENSG00000124789;ENSG00000126883;ENSG00000030066;ENSG00000152422;ENSG00000118007;ENSG00000184900;ENSG00000113569;ENSG00000110713;ENSG00000132182;ENSG00000102900;ENSG00000095319;ENSG00000061273;ENSG00000101972;ENSG00000198887;ENSG00000128731;ENSG00000157020;ENSG00000196313"
"REACTOME","REACTOME_GASTRULATION",0.0399654352992007,0.168451327290959,0.105228221404324,0.353803551323328,1.32199468822176,109,"ENSG00000163132;ENSG00000182968;ENSG00000100804;ENSG00000136930;ENSG00000277791;ENSG00000087191;ENSG00000041357;ENSG00000008018;ENSG00000185627;ENSG00000181885;ENSG00000100764;ENSG00000101182;ENSG00000130706;ENSG00000126067;ENSG00000103035;ENSG00000185668;ENSG00000149922;ENSG00000108773;ENSG00000125618;ENSG00000165588;ENSG00000142507;ENSG00000106588;ENSG00000165916;ENSG00000099341;ENSG00000137693;ENSG00000197170;ENSG00000100519;ENSG00000115233;ENSG00000090932;ENSG00000127922;ENSG00000159377"
"REACTOME","REACTOME_DISEASES_OF_HEMOSTASIS",0.0402470611675633,0.169133483239879,0.100604308574775,0.600340598508943,1.52160384938916,16,"ENSG00000203618;ENSG00000128294;ENSG00000160323;ENSG00000164692;ENSG00000178732;ENSG00000164344;ENSG00000180210"
"REACTOME","REACTOME_BASE_EXCISION_REPAIR_AP_SITE_FORMATION",0.0407361455748553,0.170680823595536,0.101902204113224,0.414674778236171,1.39662223998818,58,"ENSG00000103152;ENSG00000273802;ENSG00000140398;ENSG00000114026;ENSG00000065057;ENSG00000132604;ENSG00000158373;ENSG00000092330;ENSG00000188486;ENSG00000180596;ENSG00000276180;ENSG00000270882;ENSG00000076248;ENSG00000197061;ENSG00000274183;ENSG00000246705;ENSG00000124635;ENSG00000277224;ENSG00000123415;ENSG00000154328;ENSG00000180573;ENSG00000166848;ENSG00000102977;ENSG00000276368;ENSG00000278588;ENSG00000197903;ENSG00000184678;ENSG00000234289"
"REACTOME","REACTOME_MET_PROMOTES_CELL_MOTILITY",0.0409162098668755,0.170928071988249,0.0988657646175473,-0.472769373487299,-1.43855633636637,39,"ENSG00000115414;ENSG00000196739;ENSG00000053747;ENSG00000091136;ENSG00000101680;ENSG00000105976;ENSG00000150093;ENSG00000116473;ENSG00000196569;ENSG00000109458;ENSG00000169398;ENSG00000108821;ENSG00000099942"
"REACTOME","REACTOME_MECP2_REGULATES_NEURONAL_RECEPTORS_AND_CHANNELS",0.0414082816563313,0.172473432739645,0.0993535227577061,-0.60414599350001,-1.52919133940813,17,"ENSG00000096060;ENSG00000105976;ENSG00000183454;ENSG00000169057;ENSG00000120251;ENSG00000118260;ENSG00000169375"
"REACTOME","REACTOME_NOTCH3_INTRACELLULAR_DOMAIN_REGULATES_TRANSCRIPTION",0.0421674876847291,0.175119095914228,0.097676284397018,-0.549238762225247,-1.49121147902924,23,"ENSG00000184384;ENSG00000161021;ENSG00000005339;ENSG00000114166;ENSG00000135547;ENSG00000013619;ENSG00000196782;ENSG00000100393;ENSG00000113645;ENSG00000114315;ENSG00000004399;ENSG00000185630"
"REACTOME","REACTOME_DEGRADATION_OF_CYSTEINE_AND_HOMOCYSTEINE",0.0436515846123181,0.179174527536608,0.0965275765869161,0.619524646217588,1.51246357781615,14,"ENSG00000128311;ENSG00000100348;ENSG00000105755;ENSG00000139531;ENSG00000181915;ENSG00000139631;ENSG00000183048;ENSG00000128309;ENSG00000129596"
"REACTOME","REACTOME_INTERLEUKIN_20_FAMILY_SIGNALING",0.0434179222839017,0.179174527536608,0.0965275765869161,-0.553238996380283,-1.48726846694477,22,"ENSG00000138378;ENSG00000179295;ENSG00000173757;ENSG00000142677;ENSG00000170581;ENSG00000168610;ENSG00000105639;ENSG00000111536;ENSG00000115415;ENSG00000162892"
"REACTOME","REACTOME_VOLTAGE_GATED_POTASSIUM_CHANNELS",0.043579766536965,0.179174527536608,0.0954173509538673,-0.46560050494095,-1.43406109590893,41,"ENSG00000177272;ENSG00000129159;ENSG00000158445;ENSG00000169282;ENSG00000182674;ENSG00000069424;ENSG00000184611;ENSG00000166006;ENSG00000053918;ENSG00000170745;ENSG00000026559;ENSG00000055118"
"REACTOME","REACTOME_TRANSCRIPTIONAL_REGULATION_BY_SMALL_RNAS",0.0435419719489219,0.179174527536608,0.0991087684263433,0.388944362048463,1.3550986990565,71,"ENSG00000177700;ENSG00000163882;ENSG00000273802;ENSG00000100142;ENSG00000132475;ENSG00000158373;ENSG00000188486;ENSG00000180596;ENSG00000105258;ENSG00000276180;ENSG00000274750;ENSG00000168002;ENSG00000270882;ENSG00000099817;ENSG00000197061;ENSG00000274183;ENSG00000246705;ENSG00000124635;ENSG00000277224;ENSG00000273983;ENSG00000005075;ENSG00000277775;ENSG00000180573;ENSG00000147669;ENSG00000132341;ENSG00000276368;ENSG00000278588;ENSG00000275714;ENSG00000197903;ENSG00000184678;ENSG00000234289"
"REACTOME","REACTOME_INTRACELLULAR_SIGNALING_BY_SECOND_MESSENGERS",0.0444606413994169,0.181966451176744,0.0913212902305258,-0.298486481426248,-1.22991553136727,288,"ENSG00000254647;ENSG00000168283;ENSG00000135679;ENSG00000070770;ENSG00000141506;ENSG00000155629;ENSG00000156427;ENSG00000173175;ENSG00000152495;ENSG00000150907;ENSG00000138031;ENSG00000068078;ENSG00000078687;ENSG00000123908;ENSG00000162104;ENSG00000105976;ENSG00000185737;ENSG00000171132;ENSG00000169047;ENSG00000142208;ENSG00000106462;ENSG00000162521;ENSG00000150995;ENSG00000157168;ENSG00000179295;ENSG00000126070;ENSG00000137331;ENSG00000085276;ENSG00000186654;ENSG00000111816;ENSG00000154001;ENSG00000117461;ENSG00000168710;ENSG00000169914;ENSG00000173273;ENSG00000177058;ENSG00000133116;ENSG00000155897;ENSG00000197461;ENSG00000145675;ENSG00000105647;ENSG00000143398;ENSG00000145349;ENSG00000276293;ENSG00000102678;ENSG00000070808;ENSG00000033327;ENSG00000185950;ENSG00000172915;ENSG00000164327;ENSG00000164742;ENSG00000109458;ENSG00000109270;ENSG00000069869;ENSG00000178691;ENSG00000138675;ENSG00000183943;ENSG00000068971;ENSG00000198373;ENSG00000100354;ENSG00000082701;ENSG00000140992;ENSG00000148660;ENSG00000129467;ENSG00000123104;ENSG00000196083;ENSG00000100030;ENSG00000115252;ENSG00000108946;ENSG00000066027;ENSG00000197122;ENSG00000118260;ENSG00000096433"
"REACTOME","REACTOME_ASSEMBLY_OF_COLLAGEN_FIBRILS_AND_OTHER_MULTIMERIC_STRUCTURES",0.0447067931101219,0.182445063212405,0.093923690818302,-0.432405978298361,-1.40835468217124,54,"ENSG00000171812;ENSG00000115318;ENSG00000196739;ENSG00000182871;ENSG00000053747;ENSG00000114270;ENSG00000130508;ENSG00000135047;ENSG00000134013;ENSG00000129038;ENSG00000169031;ENSG00000081052;ENSG00000197565;ENSG00000187498;ENSG00000108821"
"REACTOME","REACTOME_GLYOXYLATE_METABOLISM_AND_GLYCINE_DEGRADATION",0.0450992182802165,0.18351612741114,0.0951997347571879,0.569179445531309,1.4888644640882,18,"ENSG00000203797;ENSG00000178445;ENSG00000134056;ENSG00000101323;ENSG00000140905;ENSG00000159423;ENSG00000091140;ENSG00000145020;ENSG00000176894;ENSG00000172482;ENSG00000137106;ENSG00000124713;ENSG00000119689;ENSG00000110887"
"REACTOME","REACTOME_GAP_JUNCTION_ASSEMBLY",0.0459840588595953,0.186578997441806,0.0951997347571879,0.47205102925032,1.42519383167409,33,"ENSG00000167552;ENSG00000137267;ENSG00000137285;ENSG00000182963;ENSG00000152661;ENSG00000188229;ENSG00000183785;ENSG00000167553;ENSG00000123416;ENSG00000173213;ENSG00000127824"
"REACTOME","REACTOME_MISMATCH_REPAIR",0.0462462462462462,0.187105156732664,0.093923690818302,-0.623205886372399,-1.52935719053598,15,"ENSG00000132383;ENSG00000113318;ENSG00000105486;ENSG00000077514;ENSG00000174371;ENSG00000095002;ENSG00000076242;ENSG00000132646;ENSG00000122512"
"REACTOME","REACTOME_PHOSPHORYLATION_OF_THE_APC_C",0.0467625899280576,0.188653648509764,0.0933040495921608,0.54735235888267,1.47374638188501,20,"ENSG00000089053;ENSG00000196510;ENSG00000108106;ENSG00000110200;ENSG00000141552;ENSG00000170142;ENSG00000130177;ENSG00000072401;ENSG00000176386;ENSG00000166295;ENSG00000176248;ENSG00000175063;ENSG00000164162;ENSG00000166851"
"REACTOME","REACTOME_OTHER_SEMAPHORIN_INTERACTIONS",0.0472094418883777,0.188837767553511,0.0928974976713944,-0.594531362746404,-1.50485515206566,17,"ENSG00000137872;ENSG00000136040;ENSG00000150093;ENSG00000092421;ENSG00000112902;ENSG00000221866;ENSG00000076356;ENSG00000213949;ENSG00000196189;ENSG00000004399;ENSG00000138623"
"REACTOME","REACTOME_TRAF6_MEDIATED_IRF7_ACTIVATION_IN_TLR7_8_OR_9_SIGNALING",0.0471360381861575,0.188837767553511,0.0926961428741135,0.62763185257304,1.5011277211412,13,"ENSG00000143947;ENSG00000184216;ENSG00000221983;ENSG00000244687;ENSG00000185507;ENSG00000170315;ENSG00000150991"
"REACTOME","REACTOME_NGF_STIMULATED_TRANSCRIPTION",0.0472006538618717,0.188837767553511,0.093923690818302,0.454624423172156,1.42059266511502,39,"ENSG00000117318;ENSG00000125968;ENSG00000128564;ENSG00000115738;ENSG00000172201;ENSG00000171450;ENSG00000117525;ENSG00000112658;ENSG00000130522;ENSG00000164885"
"REACTOME","REACTOME_DEVELOPMENTAL_LINEAGE_OF_MAMMARY_GLAND_ALVEOLAR_CELLS",0.0484160191273162,0.192573011289494,0.0915140765993025,0.588150148290995,1.49070632884251,16,"ENSG00000185499;ENSG00000111057;ENSG00000170421;ENSG00000171345"
"REACTOME","REACTOME_CELL_CYCLE_CHECKPOINTS",0.0482941958351794,0.192573011289494,0.0967541689411413,0.285857471591976,1.20559532392338,288,"ENSG00000185386;ENSG00000105229;ENSG00000102901;ENSG00000090097;ENSG00000002822;ENSG00000177954;ENSG00000100804;ENSG00000136930;ENSG00000143947;ENSG00000089053;ENSG00000196510;ENSG00000277791;ENSG00000100401;ENSG00000087191;ENSG00000273802;ENSG00000041357;ENSG00000008018;ENSG00000185627;ENSG00000100764;ENSG00000161642;ENSG00000090273;ENSG00000101182;ENSG00000130706;ENSG00000126067;ENSG00000088986;ENSG00000103035;ENSG00000147889;ENSG00000172977;ENSG00000198625;ENSG00000137713;ENSG00000175793;ENSG00000221983;ENSG00000108106;ENSG00000110200;ENSG00000160783;ENSG00000100387;ENSG00000142507;ENSG00000106588;ENSG00000165916;ENSG00000099341;ENSG00000158373;ENSG00000197170;ENSG00000141552;ENSG00000113575;ENSG00000166483;ENSG00000170142;ENSG00000100519;ENSG00000188486;ENSG00000180596;ENSG00000276180;ENSG00000175279;ENSG00000105568;ENSG00000163961;ENSG00000055130;ENSG00000158560;ENSG00000170315;ENSG00000115233;ENSG00000270882;ENSG00000163322;ENSG00000127922;ENSG00000197061;ENSG00000143207;ENSG00000130177;ENSG00000159377;ENSG00000124635;ENSG00000144635;ENSG00000128245;ENSG00000277224;ENSG00000113558;ENSG00000087206;ENSG00000178999;ENSG00000124762;ENSG00000166508;ENSG00000112640;ENSG00000166913;ENSG00000173692;ENSG00000101367;ENSG00000100567;ENSG00000150991;ENSG00000072401;ENSG00000169139;ENSG00000123810"
"REACTOME","REACTOME_DEVELOPMENTAL_CELL_LINEAGES_OF_THE_INTEGUMENTARY_SYSTEM",0.0489481358050406,0.194142606058195,0.0931001287011121,0.407713563076496,1.37500555617246,59,"ENSG00000165272;ENSG00000185499;ENSG00000130176;ENSG00000111057;ENSG00000146648;ENSG00000010438;ENSG00000170421;ENSG00000171345;ENSG00000137693;ENSG00000188508;ENSG00000163235;ENSG00000186395;ENSG00000173546;ENSG00000133710;ENSG00000164687;ENSG00000133392;ENSG00000118777;ENSG00000161249;ENSG00000171476;ENSG00000178934"
"REACTOME","REACTOME_PKA_MEDIATED_PHOSPHORYLATION_OF_CREB",0.0491704977013792,0.194478271020581,0.0909392279226991,-0.576534376867386,-1.49874578159388,19,"ENSG00000173175;ENSG00000138031;ENSG00000162104;ENSG00000155897;ENSG00000172915;ENSG00000164742;ENSG00000183943;ENSG00000129467;ENSG00000108946;ENSG00000118260"
"REACTOME","REACTOME_SYNTHESIS_OF_ACTIVE_UBIQUITIN_ROLES_OF_E1_AND_E2_ENZYMES",0.0493273542600897,0.19455369892527,0.0917080492176841,0.482954637960988,1.43087149625733,30,"ENSG00000143947;ENSG00000221983;ENSG00000108106;ENSG00000099804;ENSG00000118939;ENSG00000140367;ENSG00000170142;ENSG00000077721;ENSG00000107341;ENSG00000104343;ENSG00000170315;ENSG00000159202;ENSG00000130985;ENSG00000150991;ENSG00000132388;ENSG00000072401"
"REACTOME","REACTOME_SIGNALING_BY_LEPTIN",0.0497360941940723,0.194905189392078,0.0911296779883595,-0.691826858446721,-1.52128132337663,10,"ENSG00000116678;ENSG00000169047;ENSG00000179295;ENSG00000173757;ENSG00000185950;ENSG00000168610"
"REACTOME","REACTOME_FORMATION_OF_THE_NEPHRIC_DUCT",0.049830576041459,0.194905189392078,0.0901888162992841,0.611020907024644,1.49170315144232,14,"ENSG00000101443;ENSG00000172201;ENSG00000145287;ENSG00000125618;ENSG00000168743"
"REACTOME","REACTOME_TRANSCRIPTION_OF_THE_HIV_GENOME",0.0497709287796751,0.194905189392078,0.0922972084621158,0.387211089725039,1.34660661015253,70,"ENSG00000177700;ENSG00000163882;ENSG00000105656;ENSG00000204356;ENSG00000100142;ENSG00000166337;ENSG00000104884;ENSG00000188986;ENSG00000197265;ENSG00000101158;ENSG00000106290;ENSG00000125651;ENSG00000060069;ENSG00000103363;ENSG00000011007;ENSG00000140307;ENSG00000272047;ENSG00000105258;ENSG00000168002;ENSG00000185049;ENSG00000099817;ENSG00000134480;ENSG00000120656;ENSG00000005075;ENSG00000148835;ENSG00000196235;ENSG00000147669;ENSG00000137947;ENSG00000270647"
"REACTOME","REACTOME_GOLGI_TO_ER_RETROGRADE_TRANSPORT",0.0505836575875486,0.197304211363588,0.0861969619137114,-0.340779923030459,-1.28769503325049,133,"ENSG00000099246;ENSG00000086598;ENSG00000160216;ENSG00000170348;ENSG00000136240;ENSG00000164627;ENSG00000100196;ENSG00000134970;ENSG00000101162;ENSG00000135249;ENSG00000007168;ENSG00000176014;ENSG00000116489;ENSG00000151779;ENSG00000161800;ENSG00000122218;ENSG00000158623;ENSG00000163808;ENSG00000095139;ENSG00000054523;ENSG00000115839;ENSG00000104833;ENSG00000184432;ENSG00000138160;ENSG00000143761;ENSG00000126214;ENSG00000101350;ENSG00000151746;ENSG00000138069;ENSG00000138182;ENSG00000105438;ENSG00000148248;ENSG00000084731;ENSG00000090889;ENSG00000138778;ENSG00000168092;ENSG00000165115;ENSG00000129083;ENSG00000242247;ENSG00000132912;ENSG00000107862;ENSG00000258947;ENSG00000141429;ENSG00000265808;ENSG00000142945;ENSG00000111481;ENSG00000181789;ENSG00000104671;ENSG00000131437;ENSG00000197892;ENSG00000131966;ENSG00000237649;ENSG00000197102;ENSG00000068796"
"REACTOME","REACTOME_SIGNALING_BY_EGFR_IN_CANCER",0.0522889114954222,0.20010681783329,0.0889177270391536,0.516382507234643,1.44859106932932,24,"ENSG00000124181;ENSG00000143947;ENSG00000146648;ENSG00000105401;ENSG00000174775;ENSG00000080824;ENSG00000221983;ENSG00000113070;ENSG00000163235;ENSG00000170315"
"REACTOME","REACTOME_PYROPTOSIS",0.052249344361509,0.20010681783329,0.0885639937858774,0.531906387674045,1.44776497010476,21,"ENSG00000147457;ENSG00000196954;ENSG00000104518;ENSG00000100453;ENSG00000101421;ENSG00000030110;ENSG00000087088;ENSG00000168310;ENSG00000254505;ENSG00000172115"
"REACTOME","REACTOME_FATTY_ACYL_COA_BIOSYNTHESIS",0.0524359225200548,0.20010681783329,0.0870211644808265,-0.477292601187856,-1.42120847648016,35,"ENSG00000145284;ENSG00000140284;ENSG00000255154;ENSG00000164398;ENSG00000164181;ENSG00000099194;ENSG00000149084;ENSG00000074696;ENSG00000188921;ENSG00000278540"
"REACTOME","REACTOME_MRNA_CAPPING",0.0517029134181371,0.20010681783329,0.0898202850323628,0.483934849849271,1.42083668551042,29,"ENSG00000177700;ENSG00000163882;ENSG00000100142;ENSG00000104884;ENSG00000125651;ENSG00000272047;ENSG00000105258;ENSG00000168002;ENSG00000099817;ENSG00000134480;ENSG00000005075;ENSG00000196235;ENSG00000147669"
"REACTOME","REACTOME_NON_INTEGRIN_MEMBRANE_ECM_INTERACTIONS",0.0523389570552147,0.20010681783329,0.0861969619137114,-0.385344079526362,-1.34013082856848,78,"ENSG00000152818;ENSG00000115414;ENSG00000053747;ENSG00000091136;ENSG00000101680;ENSG00000172554;ENSG00000150093;ENSG00000204580;ENSG00000179915;ENSG00000127990;ENSG00000142798;ENSG00000168807;ENSG00000082781;ENSG00000197461;ENSG00000169031;ENSG00000081052;ENSG00000173402;ENSG00000197565;ENSG00000187498;ENSG00000147044;ENSG00000196569;ENSG00000108821;ENSG00000162512"
"REACTOME","REACTOME_PKR_MEDIATED_SIGNALING",0.051792828685259,0.20010681783329,0.0907499282531725,0.379003740327195,1.33755295955246,76,"ENSG00000145335;ENSG00000167552;ENSG00000137267;ENSG00000137285;ENSG00000175354;ENSG00000162585;ENSG00000134001;ENSG00000139546;ENSG00000156587;ENSG00000185504;ENSG00000204389;ENSG00000188229;ENSG00000137713;ENSG00000183785;ENSG00000167553;ENSG00000187741;ENSG00000123416;ENSG00000186868;ENSG00000113575;ENSG00000181163;ENSG00000173213;ENSG00000175279;ENSG00000105568;ENSG00000127824"
"REACTOME","REACTOME_DEGRADATION_OF_THE_EXTRACELLULAR_MATRIX",0.051666042680644,0.20010681783329,0.0857131468775338,-0.346139390575785,-1.29102170584031,121,"ENSG00000171812;ENSG00000115414;ENSG00000084636;ENSG00000182871;ENSG00000053747;ENSG00000091136;ENSG00000146197;ENSG00000114270;ENSG00000142798;ENSG00000188517;ENSG00000082293;ENSG00000166147;ENSG00000135047;ENSG00000158859;ENSG00000162909;ENSG00000162736;ENSG00000168615;ENSG00000145536;ENSG00000132692;ENSG00000169031;ENSG00000081052;ENSG00000197565;ENSG00000187498;ENSG00000166033;ENSG00000156103;ENSG00000108821"
"REACTOME","REACTOME_G2_M_CHECKPOINTS",0.0519620526088831,0.20010681783329,0.0919032203847858,0.321032474163762,1.26073874555054,154,"ENSG00000105229;ENSG00000100804;ENSG00000136930;ENSG00000143947;ENSG00000277791;ENSG00000087191;ENSG00000273802;ENSG00000041357;ENSG00000008018;ENSG00000185627;ENSG00000100764;ENSG00000101182;ENSG00000130706;ENSG00000126067;ENSG00000103035;ENSG00000172977;ENSG00000175793;ENSG00000221983;ENSG00000142507;ENSG00000106588;ENSG00000165916;ENSG00000099341;ENSG00000158373;ENSG00000197170;ENSG00000166483;ENSG00000100519;ENSG00000188486;ENSG00000180596;ENSG00000276180;ENSG00000163961;ENSG00000170315;ENSG00000115233;ENSG00000270882;ENSG00000163322;ENSG00000127922;ENSG00000197061;ENSG00000159377;ENSG00000124635;ENSG00000128245;ENSG00000277224;ENSG00000087206;ENSG00000166508;ENSG00000166913;ENSG00000173692;ENSG00000100567;ENSG00000150991"
"REACTOME","REACTOME_AFLATOXIN_ACTIVATION_AND_DETOXIFICATION",0.0529259037347713,0.201432280521556,0.0875267616598382,0.594132068215234,1.47723171948342,15,"ENSG00000015413;ENSG00000131067;ENSG00000143198;ENSG00000085871;ENSG00000243989;ENSG00000053371"
"REACTOME","REACTOME_CLASS_B_2_SECRETIN_FAMILY_RECEPTORS",0.054416073670992,0.206547032321077,0.0883886491452962,0.370813098873337,1.32284921062801,81,"ENSG00000131477;ENSG00000070031;ENSG00000178473;ENSG00000215644;ENSG00000174021;ENSG00000162188;ENSG00000172354;ENSG00000132329;ENSG00000010310;ENSG00000139549;ENSG00000108379;ENSG00000162552;ENSG00000114812;ENSG00000196352;ENSG00000087494;ENSG00000004948;ENSG00000143816;ENSG00000111432;ENSG00000147571;ENSG00000145708;ENSG00000177283;ENSG00000122679;ENSG00000110680;ENSG00000127928;ENSG00000121351;ENSG00000087460;ENSG00000242616;ENSG00000157240"
"REACTOME","REACTOME_SUPPRESSION_OF_PHAGOSOMAL_MATURATION",0.0552903739061257,0.208611850691725,0.0853949304825912,0.61610205327526,1.47355152137674,13,"ENSG00000143947;ENSG00000184056;ENSG00000221983;ENSG00000047249;ENSG00000170315;ENSG00000150991;ENSG00000185359;ENSG00000102879"
"REACTOME","REACTOME_DISEASES_ASSOCIATED_WITH_GLYCOSAMINOGLYCAN_METABOLISM",0.0554032889584965,0.208611850691725,0.0846140864395758,-0.460525793780238,-1.4013012175809,39,"ENSG00000038427;ENSG00000183098;ENSG00000151348;ENSG00000130287;ENSG00000142798;ENSG00000131873;ENSG00000155850;ENSG00000132692;ENSG00000162512;ENSG00000169105;ENSG00000188157;ENSG00000049860;ENSG00000076716;ENSG00000086062"
"REACTOME","REACTOME_GAMMA_CARBOXYLATION_HYPUSINYLATION_HYDROXYLATION_AND_ARYLSULFATASE_ACTIVATION",0.0552109181141439,0.208611850691725,0.087188756630299,0.401445332129093,1.35206554248548,58,"ENSG00000128294;ENSG00000081692;ENSG00000100299;ENSG00000006756;ENSG00000108591;ENSG00000129932;ENSG00000132507;ENSG00000163577;ENSG00000111832;ENSG00000132768;ENSG00000186468;ENSG00000161016;ENSG00000141337;ENSG00000166441;ENSG00000108963;ENSG00000115718;ENSG00000070495;ENSG00000180210;ENSG00000065548;ENSG00000185721"
"REACTOME","REACTOME_TGFBR3_EXPRESSION",0.0561062648691515,0.210696930838409,0.0846140864395758,-0.539196279512059,-1.44951753086653,22,"ENSG00000185591;ENSG00000078687;ENSG00000123908;ENSG00000140262;ENSG00000126070;ENSG00000141646;ENSG00000166949;ENSG00000100393;ENSG00000100354"
"REACTOME","REACTOME_RESPONSE_OF_EIF2AK1_HRI_TO_HEME_DEFICIENCY",0.0564564564564565,0.211025799099553,0.0847686054189199,-0.61024898029629,-1.49756073625352,15,"ENSG00000175197;ENSG00000106070;ENSG00000128965;ENSG00000172216;ENSG00000153879;ENSG00000087074;ENSG00000086232"
"REACTOME","REACTOME_MITOCHONDRIAL_MRNA_MODIFICATION",0.0564927422518635,0.211025799099553,0.0838535061362348,0.641574268436132,1.46501464545104,11,"ENSG00000167112;ENSG00000119705;ENSG00000156990;ENSG00000274523;ENSG00000165526;ENSG00000156469;ENSG00000171103"
"REACTOME","REACTOME_INTRA_GOLGI_TRAFFIC",0.0567762006610927,0.211525053650298,0.0832590466084807,-0.444439360031983,-1.38797743848975,44,"ENSG00000137502;ENSG00000196547;ENSG00000136152;ENSG00000164597;ENSG00000112893;ENSG00000133103;ENSG00000198162;ENSG00000179331;ENSG00000143761;ENSG00000066455;ENSG00000111885;ENSG00000108587;ENSG00000107185;ENSG00000108433;ENSG00000257923;ENSG00000117643;ENSG00000173905"
"REACTOME","REACTOME_GLUCONEOGENESIS",0.0569684638860631,0.211682818439792,0.0850801033973234,0.510727379799268,1.43272692408034,24,"ENSG00000171314;ENSG00000149925;ENSG00000111674;ENSG00000074800;ENSG00000111669;ENSG00000111640;ENSG00000105679;ENSG00000164708;ENSG00000170950;ENSG00000108515"
"REACTOME","REACTOME_TRANS_GOLGI_NETWORK_VESICLE_BUDDING",0.0572746492408226,0.212261954666776,0.0823897152356557,-0.390807716978474,-1.34098342944435,72,"ENSG00000108774;ENSG00000003056;ENSG00000197081;ENSG00000092531;ENSG00000239264;ENSG00000135677;ENSG00000177182;ENSG00000108582;ENSG00000152291;ENSG00000073921;ENSG00000173230;ENSG00000142192;ENSG00000116675;ENSG00000081014;ENSG00000143761;ENSG00000182287;ENSG00000132842;ENSG00000134243;ENSG00000133138;ENSG00000130724;ENSG00000122126;ENSG00000130340;ENSG00000182827;ENSG00000107862;ENSG00000072274;ENSG00000134644"
"REACTOME","REACTOME_NUCLEAR_PORE_COMPLEX_NPC_DISASSEMBLY",0.0579143024848366,0.214070667823532,0.0826765785309944,-0.469665364313642,-1.40612188907709,36,"ENSG00000139496;ENSG00000120253;ENSG00000155561;ENSG00000124789;ENSG00000126883;ENSG00000030066;ENSG00000113569;ENSG00000110713;ENSG00000132182;ENSG00000102900;ENSG00000095319;ENSG00000157020;ENSG00000196313;ENSG00000111581;ENSG00000153201;ENSG00000170312;ENSG00000069248"
"REACTOME","REACTOME_TICAM1_RIP1_MEDIATED_IKK_COMPLEX_RECRUITMENT",0.0600120024004801,0.221245293445112,0.0821057009024537,0.542509855853548,1.43954521994097,19,"ENSG00000143947;ENSG00000221983;ENSG00000127666;ENSG00000109332;ENSG00000244687;ENSG00000170315;ENSG00000150991;ENSG00000072401;ENSG00000164342"
"REACTOME","REACTOME_TGF_BETA_RECEPTOR_SIGNALING_IN_EMT_EPITHELIAL_TO_MESENCHYMAL_TRANSITION",0.0603705917513449,0.221411105332205,0.0816849181752493,0.574235785819048,1.4554394360958,16,"ENSG00000143947;ENSG00000148498;ENSG00000088832;ENSG00000221983;ENSG00000170315;ENSG00000104880;ENSG00000150991"
"REACTOME","REACTOME_PEROXISOMAL_PROTEIN_IMPORT",0.0602636534839925,0.221411105332205,0.0838535061362348,0.389314824876342,1.328393798105,63,"ENSG00000203797;ENSG00000143947;ENSG00000005469;ENSG00000242612;ENSG00000179761;ENSG00000060971;ENSG00000117305;ENSG00000157326;ENSG00000221983;ENSG00000086666;ENSG00000139197;ENSG00000119673;ENSG00000215193;ENSG00000112357;ENSG00000101323;ENSG00000109332;ENSG00000170315;ENSG00000148832;ENSG00000157911;ENSG00000136881;ENSG00000150991;ENSG00000177465;ENSG00000140876;ENSG00000197448;ENSG00000072401"
"REACTOME","REACTOME_DEFECTIVE_INTRINSIC_PATHWAY_FOR_APOPTOSIS",0.0608889790947838,0.222733778450349,0.0821057009024537,0.513138698827893,1.42478444664538,23,"ENSG00000126247;ENSG00000117450;ENSG00000167815;ENSG00000160789;ENSG00000108561;ENSG00000147889;ENSG00000164885;ENSG00000177606;ENSG00000014216"
"REACTOME","REACTOME_GPER1_SIGNALING",0.0614785992217899,0.223718770497409,0.0799307015710976,-0.449489690865168,-1.38443938922193,41,"ENSG00000115414;ENSG00000172380;ENSG00000173175;ENSG00000138031;ENSG00000162104;ENSG00000168243;ENSG00000150093;ENSG00000160691;ENSG00000111664;ENSG00000128266;ENSG00000155897;ENSG00000164742;ENSG00000129467;ENSG00000108946;ENSG00000197122;ENSG00000164850;ENSG00000078369"
"REACTOME","REACTOME_GLYCEROPHOSPHOLIPID_BIOSYNTHESIS",0.0616335706257025,0.223718770497409,0.0782805675040982,-0.341853960949565,-1.27609636340604,122,"ENSG00000110536;ENSG00000138029;ENSG00000070214;ENSG00000143036;ENSG00000070770;ENSG00000123739;ENSG00000160216;ENSG00000129353;ENSG00000172197;ENSG00000111684;ENSG00000168389;ENSG00000085788;ENSG00000134255;ENSG00000102230;ENSG00000143797;ENSG00000074416;ENSG00000110697;ENSG00000144645;ENSG00000180957;ENSG00000103502;ENSG00000158669;ENSG00000153246;ENSG00000161217;ENSG00000144837;ENSG00000075651;ENSG00000084090"
"REACTOME","REACTOME_DENGUE_VIRUS_INFECTION",0.0613530046779417,0.223718770497409,0.0768410915258218,-0.279275459439193,-1.18316986434329,391,"ENSG00000044574;ENSG00000149428;ENSG00000125844;ENSG00000102580;ENSG00000090520;ENSG00000127022;ENSG00000179218;ENSG00000134910;ENSG00000167004;ENSG00000102158;ENSG00000137168;ENSG00000163527;ENSG00000129128;ENSG00000196911;ENSG00000163902;ENSG00000163347;ENSG00000198856;ENSG00000126581;ENSG00000244038;ENSG00000183098;ENSG00000184260;ENSG00000184500;ENSG00000118363;ENSG00000185624;ENSG00000167005;ENSG00000142798;ENSG00000144028;ENSG00000186654;ENSG00000075151;ENSG00000101811;ENSG00000114127;ENSG00000137815;ENSG00000126775;ENSG00000072682;ENSG00000165280;ENSG00000088888;ENSG00000145675;ENSG00000169813;ENSG00000090060;ENSG00000145349;ENSG00000165494;ENSG00000138669;ENSG00000021776;ENSG00000066044;ENSG00000278463;ENSG00000070808;ENSG00000099995;ENSG00000215301;ENSG00000164327;ENSG00000170248;ENSG00000125944;ENSG00000149532;ENSG00000274290;ENSG00000105438;ENSG00000145833;ENSG00000163412;ENSG00000006125;ENSG00000162512"
"REACTOME","REACTOME_SCAVENGING_BY_CLASS_A_RECEPTORS",0.0620124024804961,0.224516698211437,0.080726747877111,-0.580042971956827,-1.46818268886015,17,"ENSG00000166598;ENSG00000179218;ENSG00000130203;ENSG00000118004;ENSG00000187498;ENSG00000108821"
"REACTOME","REACTOME_DOWNREGULATION_OF_ERBB2_SIGNALING",0.0627572016460905,0.226632145074885,0.081407821962867,0.481462559952852,1.40053894095889,28,"ENSG00000143947;ENSG00000146648;ENSG00000127947;ENSG00000105401;ENSG00000080824;ENSG00000221983;ENSG00000113070;ENSG00000103266;ENSG00000065361;ENSG00000178568;ENSG00000170315;ENSG00000169752;ENSG00000105221;ENSG00000072135;ENSG00000150991"
"REACTOME","REACTOME_SIGNALING_BY_ACTIVIN",0.0632126425285057,0.227509374581492,0.0799307015710976,-0.578246470030979,-1.46363545157679,17,"ENSG00000114739;ENSG00000135503;ENSG00000123612;ENSG00000134363;ENSG00000070404;ENSG00000141646;ENSG00000122641;ENSG00000166949;ENSG00000100030"
"REACTOME","REACTOME_FORMATION_OF_TUBULIN_FOLDING_INTERMEDIATES_BY_CCT_TRIC",0.0633223684210526,0.227509374581492,0.0809972046193163,0.49190010194864,1.40451316529481,26,"ENSG00000167552;ENSG00000137267;ENSG00000137285;ENSG00000150753;ENSG00000188229;ENSG00000183785;ENSG00000167553;ENSG00000123416;ENSG00000120438;ENSG00000127824;ENSG00000163468;ENSG00000166226;ENSG00000115484;ENSG00000178462;ENSG00000156261;ENSG00000146731"
"REACTOME","REACTOME_DENGUE_VIRUS_HOST_INTERACTIONS",0.0637125220458554,0.228330155149106,0.0837037443963104,0.281982239954846,1.18642322312199,283,"ENSG00000204209;ENSG00000128739;ENSG00000177700;ENSG00000163882;ENSG00000058404;ENSG00000273802;ENSG00000118137;ENSG00000116350;ENSG00000096384;ENSG00000100142;ENSG00000140395;ENSG00000080824;ENSG00000141543;ENSG00000109072;ENSG00000140464;ENSG00000124145;ENSG00000125755;ENSG00000102103;ENSG00000169217;ENSG00000065978;ENSG00000063177;ENSG00000166477;ENSG00000125651;ENSG00000125870;ENSG00000158373;ENSG00000006712;ENSG00000100906;ENSG00000060339;ENSG00000108883;ENSG00000143977;ENSG00000086589;ENSG00000089280;ENSG00000105705;ENSG00000183684;ENSG00000125743;ENSG00000180596;ENSG00000179950;ENSG00000169710;ENSG00000181218;ENSG00000105258;ENSG00000172409;ENSG00000276180;ENSG00000274750;ENSG00000071894;ENSG00000143294;ENSG00000180210;ENSG00000168002;ENSG00000068394;ENSG00000169976;ENSG00000270882;ENSG00000104824;ENSG00000099817;ENSG00000273559;ENSG00000197061;ENSG00000278677;ENSG00000124635;ENSG00000092199;ENSG00000119203;ENSG00000277224;ENSG00000115307;ENSG00000146425;ENSG00000132792;ENSG00000176102;ENSG00000125835;ENSG00000003756;ENSG00000134453;ENSG00000076924;ENSG00000115128;ENSG00000182004;ENSG00000167965;ENSG00000273983;ENSG00000005075;ENSG00000143368;ENSG00000277775;ENSG00000101138;ENSG00000087365;ENSG00000180573;ENSG00000087087;ENSG00000275221;ENSG00000147669;ENSG00000109519;ENSG00000111786;ENSG00000205937;ENSG00000109971;ENSG00000100603;ENSG00000100028;ENSG00000276368"
"REACTOME","REACTOME_NF_KB_IS_ACTIVATED_AND_SIGNALS_SURVIVAL",0.064041368337311,0.228711199876363,0.0791568051442498,0.605590589845216,1.44841090896213,13,"ENSG00000161011;ENSG00000143947;ENSG00000184216;ENSG00000221983;ENSG00000100906;ENSG00000170315;ENSG00000150991;ENSG00000173039"
"REACTOME","REACTOME_TICAM1_TRAF6_DEPENDENT_INDUCTION_OF_TAK1_COMPLEX",0.06414280109847,0.228711199876363,0.0785280756545386,0.633246540594284,1.445998541078,11,"ENSG00000143947;ENSG00000100324;ENSG00000221983;ENSG00000127666;ENSG00000170315;ENSG00000150991;ENSG00000164342"
"REACTOME","REACTOME_REGULATION_OF_MECP2_EXPRESSION_AND_ACTIVITY",0.0659104244083708,0.234421962883173,0.0773124512019339,-0.480977141006535,-1.39523223272961,31,"ENSG00000152495;ENSG00000078687;ENSG00000123908;ENSG00000126070;ENSG00000169057;ENSG00000145349;ENSG00000070808;ENSG00000064393;ENSG00000141027;ENSG00000100354;ENSG00000148660;ENSG00000118260;ENSG00000169375;ENSG00000101849"
"REACTOME","REACTOME_INFECTION_WITH_MYCOBACTERIUM_TUBERCULOSIS",0.0661343161343161,0.234627272315715,0.0790299034720993,0.483373406071804,1.39553414700391,27,"ENSG00000074800;ENSG00000102882;ENSG00000143947;ENSG00000184056;ENSG00000221983;ENSG00000137462;ENSG00000047249;ENSG00000170315;ENSG00000105723;ENSG00000150991;ENSG00000260314;ENSG00000185359;ENSG00000102879"
"REACTOME","REACTOME_NOTCH2_INTRACELLULAR_DOMAIN_REGULATES_TRANSCRIPTION",0.0666802610114192,0.23538132137031,0.0785280756545386,-0.654455819450848,-1.47309559843648,11,"ENSG00000184384;ENSG00000161021;ENSG00000013619;ENSG00000196782;ENSG00000100393;ENSG00000114315;ENSG00000118260"
"REACTOME","REACTOME_RESOLUTION_OF_D_LOOP_STRUCTURES",0.0666145731588201,0.23538132137031,0.0768410915258218,-0.457391267921742,-1.37756798519417,37,"ENSG00000136492;ENSG00000139618;ENSG00000138376;ENSG00000182185;ENSG00000113522;ENSG00000165392;ENSG00000132436;ENSG00000020922;ENSG00000196584;ENSG00000111247;ENSG00000174371;ENSG00000185379;ENSG00000175643;ENSG00000258366;ENSG00000132207;ENSG00000149311"
"REACTOME","REACTOME_NRAGE_SIGNALS_DEATH_THROUGH_JNK",0.0677538342069501,0.238574598254897,0.0759225511621017,-0.407270490191163,-1.34022932982446,57,"ENSG00000129675;ENSG00000126217;ENSG00000156299;ENSG00000183111;ENSG00000131089;ENSG00000124126;ENSG00000107643;ENSG00000170776;ENSG00000139132;ENSG00000110237;ENSG00000153094;ENSG00000102302;ENSG00000160145;ENSG00000137135;ENSG00000196914;ENSG00000038382;ENSG00000132694;ENSG00000114346;ENSG00000198844;ENSG00000100485;ENSG00000066248;ENSG00000115904;ENSG00000113319;ENSG00000134259;ENSG00000142632;ENSG00000136238;ENSG00000173848"
"REACTOME","REACTOME_NUCLEAR_EVENTS_KINASE_AND_TRANSCRIPTION_FACTOR_ACTIVATION",0.0685762074012126,0.240869663807244,0.0784040413719235,0.389433320264033,1.31768514295983,60,"ENSG00000117318;ENSG00000125968;ENSG00000128564;ENSG00000115738;ENSG00000185386;ENSG00000172201;ENSG00000102882;ENSG00000171450;ENSG00000117525;ENSG00000112658;ENSG00000137713;ENSG00000130522;ENSG00000164885"
"REACTOME","REACTOME_ASPIRIN_ADME",0.0691001366386883,0.242107674773766,0.0753641771859303,-0.473893433085317,-1.38571254073866,32,"ENSG00000145626;ENSG00000171234;ENSG00000197888;ENSG00000135220"
"REACTOME","REACTOME_M_PHASE",0.0692845858722636,0.242153057553555,0.0811334140842608,0.266409824351632,1.15647266838575,398,"ENSG00000167552;ENSG00000137267;ENSG00000137285;ENSG00000102901;ENSG00000132612;ENSG00000002822;ENSG00000204843;ENSG00000177954;ENSG00000152082;ENSG00000100804;ENSG00000136930;ENSG00000102882;ENSG00000143947;ENSG00000089053;ENSG00000196510;ENSG00000277791;ENSG00000100401;ENSG00000204435;ENSG00000154222;ENSG00000087191;ENSG00000273802;ENSG00000041357;ENSG00000008018;ENSG00000185627;ENSG00000147457;ENSG00000100764;ENSG00000176101;ENSG00000090273;ENSG00000141577;ENSG00000101182;ENSG00000130706;ENSG00000037042;ENSG00000132793;ENSG00000126067;ENSG00000160789;ENSG00000080824;ENSG00000088986;ENSG00000103035;ENSG00000132475;ENSG00000183955;ENSG00000188229;ENSG00000137713;ENSG00000183785;ENSG00000101421;ENSG00000167553;ENSG00000221983;ENSG00000108106;ENSG00000110200;ENSG00000160783;ENSG00000142507;ENSG00000106588;ENSG00000165916;ENSG00000099341;ENSG00000123416;ENSG00000158373;ENSG00000197170;ENSG00000161904;ENSG00000141552;ENSG00000113575;ENSG00000046651;ENSG00000131462;ENSG00000126001;ENSG00000170142;ENSG00000100519;ENSG00000173213;ENSG00000005249;ENSG00000188486;ENSG00000180596;ENSG00000276180;ENSG00000274750;ENSG00000175279;ENSG00000105568;ENSG00000198089;ENSG00000158560;ENSG00000170315;ENSG00000115233;ENSG00000270882;ENSG00000127824;ENSG00000127922;ENSG00000197061;ENSG00000130177;ENSG00000274183;ENSG00000159377;ENSG00000173272;ENSG00000175826;ENSG00000246705;ENSG00000124635;ENSG00000144635;ENSG00000277224;ENSG00000116030;ENSG00000178999;ENSG00000129933;ENSG00000164611;ENSG00000110274;ENSG00000138750;ENSG00000112640;ENSG00000254505;ENSG00000273983;ENSG00000173692;ENSG00000101367;ENSG00000100567;ENSG00000150991;ENSG00000152240;ENSG00000277775;ENSG00000136243;ENSG00000180573;ENSG00000025770;ENSG00000072401;ENSG00000180198;ENSG00000123810;ENSG00000213024;ENSG00000078674;ENSG00000179051;ENSG00000221914;ENSG00000132341;ENSG00000130640;ENSG00000176386;ENSG00000085415;ENSG00000175166;ENSG00000178462;ENSG00000276368;ENSG00000141551;ENSG00000166295"
"REACTOME","REACTOME_CITRIC_ACID_CYCLE_TCA_CYCLE",0.0696293262338726,0.242757058375872,0.0769581592091491,0.4506259562388,1.36664027816609,34,"ENSG00000100412;ENSG00000101365;ENSG00000134056;ENSG00000205138;ENSG00000126602;ENSG00000167985;ENSG00000214113;ENSG00000117118;ENSG00000146701;ENSG00000136003;ENSG00000091483;ENSG00000073578;ENSG00000154079;ENSG00000075239;ENSG00000091140"
"REACTOME","REACTOME_HEME_SIGNALING",0.0698036165662065,0.242765287171142,0.0748173840772458,-0.436298953425084,-1.36255507106105,44,"ENSG00000186951;ENSG00000133794;ENSG00000125686;ENSG00000198646;ENSG00000005339;ENSG00000140396;ENSG00000140577;ENSG00000180530;ENSG00000156273;ENSG00000105662;ENSG00000141027;ENSG00000100393;ENSG00000084676;ENSG00000118260;ENSG00000115966;ENSG00000069667;ENSG00000101849;ENSG00000096717;ENSG00000108557"
"REACTOME","REACTOME_MITOCHONDRIAL_TRNA_AMINOACYLATION",0.0702037522695178,0.242960044619018,0.0760356521608407,0.51579422369684,1.40391021081002,21,"ENSG00000143374;ENSG00000104835;ENSG00000137411;ENSG00000065427;ENSG00000124608;ENSG00000116874;ENSG00000138777;ENSG00000146282;ENSG00000247626;ENSG00000134905"
"REACTOME","REACTOME_NEGATIVE_EPIGENETIC_REGULATION_OF_RRNA_EXPRESSION",0.070089475926715,0.242960044619018,0.0782805675040982,0.342821610265012,1.27201754586657,103,"ENSG00000177700;ENSG00000163882;ENSG00000171453;ENSG00000273802;ENSG00000100142;ENSG00000127511;ENSG00000132475;ENSG00000104884;ENSG00000134046;ENSG00000105849;ENSG00000158373;ENSG00000188486;ENSG00000180596;ENSG00000272047;ENSG00000276180;ENSG00000274750;ENSG00000103168;ENSG00000270882;ENSG00000099817;ENSG00000197061;ENSG00000274183;ENSG00000246705;ENSG00000124635;ENSG00000277224;ENSG00000115750;ENSG00000134480;ENSG00000117877;ENSG00000273983;ENSG00000066379;ENSG00000166012;ENSG00000277775;ENSG00000180573;ENSG00000147669;ENSG00000276368;ENSG00000196591;ENSG00000278588;ENSG00000275714;ENSG00000197903;ENSG00000112592;ENSG00000184678;ENSG00000234289;ENSG00000164105"
"REACTOME","REACTOME_ACTIVATION_OF_IRF3_IRF7_MEDIATED_BY_TBK1_IKK_IKBKE",0.0709574255446732,0.244967933665229,0.0752539051380473,0.557466930558277,1.43792893007272,17,"ENSG00000143947;ENSG00000004139;ENSG00000243414;ENSG00000221983;ENSG00000126456;ENSG00000136560;ENSG00000170458;ENSG00000127666;ENSG00000185507;ENSG00000170315"
"REACTOME","REACTOME_PROCESSIVE_SYNTHESIS_ON_THE_LAGGING_STRAND",0.0716716716716717,0.246830244879025,0.0749258356507951,-0.592878601260292,-1.45493354889547,15,"ENSG00000101868;ENSG00000132383;ENSG00000105486;ENSG00000077514;ENSG00000014138;ENSG00000146143;ENSG00000132646"
"REACTOME","REACTOME_TICAM1_DEPENDENT_ACTIVATION_OF_IRF3_IRF7",0.0719968178202068,0.247346731781343,0.0744947003424623,0.596040136567393,1.42556877610028,13,"ENSG00000143947;ENSG00000221983;ENSG00000126456;ENSG00000136560;ENSG00000127666;ENSG00000185507;ENSG00000170315;ENSG00000150991;ENSG00000164342;ENSG00000123240"
"REACTOME","REACTOME_DEFECTS_OF_CONTACT_ACTIVATION_SYSTEM_CAS_AND_KALLIKREIN_KININ_SYSTEM_KKS",0.0721957040572792,0.247427995458442,0.0743880192035108,0.595703097061334,1.42476266764101,13,"ENSG00000203618;ENSG00000128294;ENSG00000178732;ENSG00000164344;ENSG00000180210;ENSG00000185245;ENSG00000169902"
"REACTOME","REACTOME_PI_3K_CASCADE_FGFR2",0.0726112108517854,0.248249466640971,0.074281773080044,-0.559085412549422,-1.43561189174109,18,"ENSG00000156427;ENSG00000179295;ENSG00000145675;ENSG00000102678;ENSG00000109458;ENSG00000138675"
"REACTOME","REACTOME_MRNA_DECAY_BY_3_TO_5_EXORIBONUCLEASE",0.0739191073919107,0.251126219552665,0.0735499839648035,0.560115492082239,1.41965059663068,16,"ENSG00000130713;ENSG00000140395;ENSG00000077348;ENSG00000178896;ENSG00000204351;ENSG00000141698;ENSG00000075914;ENSG00000110063;ENSG00000107371;ENSG00000120699"
"REACTOME","REACTOME_GENERATION_OF_SECOND_MESSENGER_MOLECULES",0.0736520854526958,0.251126219552665,0.0744947003424623,0.493772210655354,1.3851631389855,24,"ENSG00000124181;ENSG00000125753;ENSG00000198821;ENSG00000196405;ENSG00000149269;ENSG00000182866"
"REACTOME","REACTOME_SIGNALING_BY_NOTCH",0.0739861949956859,0.251126219552665,0.0766084781008854,0.29213875064218,1.19574232806708,217,"ENSG00000163517;ENSG00000065717;ENSG00000100804;ENSG00000136930;ENSG00000143947;ENSG00000164434;ENSG00000277791;ENSG00000140332;ENSG00000185559;ENSG00000087191;ENSG00000273802;ENSG00000041357;ENSG00000008018;ENSG00000185627;ENSG00000100429;ENSG00000146648;ENSG00000100764;ENSG00000101182;ENSG00000130706;ENSG00000126067;ENSG00000103035;ENSG00000100453;ENSG00000132475;ENSG00000205155;ENSG00000110492;ENSG00000074370;ENSG00000155363;ENSG00000108840;ENSG00000065978;ENSG00000108773;ENSG00000077463;ENSG00000221983;ENSG00000100387;ENSG00000142507;ENSG00000106588;ENSG00000165916;ENSG00000099341;ENSG00000158373;ENSG00000197170;ENSG00000100519;ENSG00000188486;ENSG00000128917;ENSG00000180596;ENSG00000177606;ENSG00000276180;ENSG00000169733;ENSG00000274750;ENSG00000055130;ENSG00000170315;ENSG00000115233;ENSG00000137486;ENSG00000270882;ENSG00000127922;ENSG00000197061;ENSG00000274183;ENSG00000159377;ENSG00000246705;ENSG00000124635;ENSG00000277224;ENSG00000113558;ENSG00000101346;ENSG00000197921;ENSG00000132964;ENSG00000264343;ENSG00000273983;ENSG00000173692;ENSG00000100567;ENSG00000150991;ENSG00000277775;ENSG00000112237;ENSG00000180573"
"REACTOME","REACTOME_G_ALPHA_Q_SIGNALLING_EVENTS",0.0744866754041066,0.252218670672898,0.0768410915258218,0.298408764278176,1.20047950057798,190,"ENSG00000171700;ENSG00000215644;ENSG00000163932;ENSG00000091844;ENSG00000186188;ENSG00000133636;ENSG00000102882;ENSG00000077044;ENSG00000116741;ENSG00000143184;ENSG00000185897;ENSG00000060558;ENSG00000174021;ENSG00000187094;ENSG00000180914;ENSG00000116014;ENSG00000146648;ENSG00000244165;ENSG00000174775;ENSG00000162188;ENSG00000197696;ENSG00000172354;ENSG00000101333;ENSG00000068831;ENSG00000119714;ENSG00000156049;ENSG00000117152;ENSG00000145214;ENSG00000006638;ENSG00000169836;ENSG00000113070;ENSG00000183840;ENSG00000139679;ENSG00000110148;ENSG00000177464;ENSG00000102539;ENSG00000160951;ENSG00000180210;ENSG00000101405;ENSG00000149091;ENSG00000147437;ENSG00000157017"
"REACTOME","REACTOME_IRAK1_RECRUITS_IKK_COMPLEX",0.0753438309746861,0.254510740038892,0.0728383861629769,0.580671166662646,1.41760944560841,14,"ENSG00000143947;ENSG00000174516;ENSG00000184216;ENSG00000221983;ENSG00000244687;ENSG00000170315;ENSG00000150991"
"REACTOME","REACTOME_HIV_TRANSCRIPTION_INITIATION",0.0755417956656347,0.254570442672735,0.0740705739921771,0.406379629735306,1.32319748481199,48,"ENSG00000177700;ENSG00000163882;ENSG00000100142;ENSG00000166337;ENSG00000104884;ENSG00000197265;ENSG00000106290;ENSG00000125651;ENSG00000140307;ENSG00000272047;ENSG00000105258;ENSG00000168002;ENSG00000099817;ENSG00000134480;ENSG00000120656;ENSG00000005075;ENSG00000148835;ENSG00000147669;ENSG00000137947;ENSG00000270647"
"REACTOME","REACTOME_INSERTION_OF_TAIL_ANCHORED_PROTEINS_INTO_THE_ENDOPLASMIC_RETICULUM_MEMBRANE",0.0762404195240016,0.255098275753294,0.0728383861629769,0.505813771650915,1.39119773431605,22,"ENSG00000072210;ENSG00000160087;ENSG00000100292;ENSG00000115155;ENSG00000104969;ENSG00000239857;ENSG00000132432;ENSG00000198356;ENSG00000102178;ENSG00000120742;ENSG00000106089;ENSG00000204463"
"REACTOME","REACTOME_ELASTIC_FIBRE_FORMATION",0.0760085753264471,0.255098275753294,0.0716628565191792,-0.439568605077482,-1.34727313097149,40,"ENSG00000115414;ENSG00000115318;ENSG00000150093;ENSG00000049323;ENSG00000166147;ENSG00000134013;ENSG00000082781;ENSG00000115380;ENSG00000129038;ENSG00000119681;ENSG00000037749"
"REACTOME","REACTOME_TRANSCRIPTIONAL_REGULATION_BY_TP53",0.0761626600763873,0.255098275753294,0.0770757391871296,0.269764921650516,1.15972497209152,356,"ENSG00000185386;ENSG00000204209;ENSG00000189043;ENSG00000170004;ENSG00000117450;ENSG00000177700;ENSG00000090097;ENSG00000126432;ENSG00000135423;ENSG00000143947;ENSG00000163882;ENSG00000188186;ENSG00000204435;ENSG00000164919;ENSG00000130766;ENSG00000143499;ENSG00000178741;ENSG00000127445;ENSG00000131143;ENSG00000161642;ENSG00000105656;ENSG00000204356;ENSG00000167815;ENSG00000100142;ENSG00000159388;ENSG00000160211;ENSG00000166337;ENSG00000118046;ENSG00000115129;ENSG00000140464;ENSG00000183955;ENSG00000147889;ENSG00000172977;ENSG00000116586;ENSG00000104884;ENSG00000188986;ENSG00000181929;ENSG00000198625;ENSG00000100949;ENSG00000137713;ENSG00000155363;ENSG00000175793;ENSG00000149357;ENSG00000126267;ENSG00000169230;ENSG00000221983;ENSG00000101158;ENSG00000080546;ENSG00000111775;ENSG00000112695;ENSG00000164885;ENSG00000106290;ENSG00000149115;ENSG00000177595;ENSG00000125651;ENSG00000149932;ENSG00000060069;ENSG00000167491;ENSG00000113575;ENSG00000162409;ENSG00000105327;ENSG00000176153;ENSG00000087088;ENSG00000172530;ENSG00000181163;ENSG00000165782;ENSG00000116717;ENSG00000103363;ENSG00000011007;ENSG00000127184;ENSG00000135940;ENSG00000177606;ENSG00000170855;ENSG00000272047;ENSG00000105258;ENSG00000078237;ENSG00000105568;ENSG00000168002;ENSG00000170315;ENSG00000151615;ENSG00000185049;ENSG00000071655;ENSG00000099817;ENSG00000188976;ENSG00000128245;ENSG00000141391;ENSG00000178999;ENSG00000134480;ENSG00000105221;ENSG00000152409;ENSG00000015475;ENSG00000126457;ENSG00000137955;ENSG00000124762;ENSG00000102760;ENSG00000167965;ENSG00000145632;ENSG00000166913;ENSG00000120656;ENSG00000005075;ENSG00000121380;ENSG00000131174;ENSG00000148835;ENSG00000150991"
"REACTOME","REACTOME_RHO_GTPASES_ACTIVATE_PKNS",0.0764545263600084,0.255209908322298,0.074281773080044,0.354670897850771,1.2782665671612,86,"ENSG00000092841;ENSG00000155366;ENSG00000273802;ENSG00000132475;ENSG00000175793;ENSG00000158373;ENSG00000149269;ENSG00000004487;ENSG00000188486;ENSG00000180596;ENSG00000276180;ENSG00000274750;ENSG00000123143;ENSG00000133392;ENSG00000270882;ENSG00000197061;ENSG00000105357;ENSG00000274183;ENSG00000246705;ENSG00000124635;ENSG00000128245;ENSG00000277224;ENSG00000273983;ENSG00000166913;ENSG00000277775;ENSG00000180573;ENSG00000133026;ENSG00000276368;ENSG00000278588;ENSG00000170027;ENSG00000100345;ENSG00000275714;ENSG00000197903;ENSG00000184678;ENSG00000234289"
"REACTOME","REACTOME_POLYMERASE_SWITCHING",0.077432296890672,0.25737511331063,0.072048676645702,-0.598573777801704,-1.43686229659646,14,"ENSG00000101868;ENSG00000035928;ENSG00000077514;ENSG00000133119;ENSG00000014138;ENSG00000146143;ENSG00000132646;ENSG00000111445;ENSG00000198056;ENSG00000106628"
"REACTOME","REACTOME_ERCC6_CSB_AND_EHMT2_G9A_POSITIVELY_REGULATE_RRNA_EXPRESSION",0.0774677217825906,0.25737511331063,0.0734471130740274,0.369971442495413,1.2866521730712,70,"ENSG00000170004;ENSG00000273802;ENSG00000132475;ENSG00000158373;ENSG00000167491;ENSG00000188486;ENSG00000180596;ENSG00000276180;ENSG00000274750;ENSG00000270882;ENSG00000071655;ENSG00000197061;ENSG00000274183;ENSG00000246705;ENSG00000124635;ENSG00000277224;ENSG00000273983;ENSG00000277775;ENSG00000180573;ENSG00000204371;ENSG00000276368;ENSG00000196591;ENSG00000278588;ENSG00000275714;ENSG00000197903;ENSG00000122565;ENSG00000184678;ENSG00000234289"
"REACTOME","REACTOME_REGULATION_OF_EXPRESSION_AND_FUNCTION_OF_TYPE_II_CLASSICAL_CADHERINS",0.078588143525741,0.260484644737902,0.0704483776028406,-0.480747508275785,-1.37383991769022,29,"ENSG00000169554;ENSG00000185591;ENSG00000078687;ENSG00000123908;ENSG00000126070;ENSG00000100354;ENSG00000149451;ENSG00000150394;ENSG00000135074;ENSG00000198561;ENSG00000129351"
"REACTOME","REACTOME_INHIBITION_OF_THE_PROTEOLYTIC_ACTIVITY_OF_APC_C_REQUIRED_FOR_THE_ONSET_OF_ANAPHASE_BY_MITOTIC_SPINDLE_CHECKPOINT_COMPONENTS",0.0794835586039944,0.262221459693551,0.0712828552644706,0.508623465768649,1.38439254308105,21,"ENSG00000089053;ENSG00000196510;ENSG00000108106;ENSG00000110200;ENSG00000141552;ENSG00000170142;ENSG00000130177;ENSG00000072401;ENSG00000176386;ENSG00000166295;ENSG00000117399;ENSG00000176248;ENSG00000175063;ENSG00000164162"
"REACTOME","REACTOME_RECYCLING_PATHWAY_OF_L1",0.0793024704172722,0.262221459693551,0.0724404674044223,0.40195720203558,1.31166224645475,49,"ENSG00000167552;ENSG00000137267;ENSG00000137285;ENSG00000183020;ENSG00000042753;ENSG00000161203;ENSG00000188229;ENSG00000183785;ENSG00000167553;ENSG00000122705;ENSG00000123416;ENSG00000173213;ENSG00000184009;ENSG00000127824;ENSG00000092820"
"REACTOME","REACTOME_ATTACHMENT_AND_ENTRY",0.080351788926644,0.262631310102827,0.0705397288527552,-0.543843011568713,-1.41376204462723,19,"ENSG00000183098;ENSG00000142798;ENSG00000099250;ENSG00000135047;ENSG00000165280;ENSG00000162512;ENSG00000188157;ENSG00000130234;ENSG00000076716;ENSG00000184012"
"REACTOME","REACTOME_PRE_NOTCH_PROCESSING_IN_GOLGI",0.0799920207460602,0.262631310102827,0.0706314172523161,-0.550071573231394,-1.41246627816445,18,"ENSG00000071537;ENSG00000086598;ENSG00000174437"
"REACTOME","REACTOME_RESPONSE_OF_MTB_TO_PHAGOCYTOSIS",0.0801704891414654,0.262631310102827,0.0711887468782548,0.49543703937478,1.37563389704501,23,"ENSG00000074800;ENSG00000102882;ENSG00000143947;ENSG00000184056;ENSG00000221983;ENSG00000047249;ENSG00000170315;ENSG00000105723;ENSG00000150991;ENSG00000185359;ENSG00000102879"
"REACTOME","REACTOME_ION_CHANNEL_TRANSPORT",0.0799555802332038,0.262631310102827,0.0679370144586811,-0.312779677495588,-1.21828647789754,172,"ENSG00000143515;ENSG00000120509;ENSG00000198363;ENSG00000137731;ENSG00000157087;ENSG00000073464;ENSG00000174437;ENSG00000196632;ENSG00000177119;ENSG00000058063;ENSG00000108684;ENSG00000133107;ENSG00000130270;ENSG00000163399;ENSG00000068650;ENSG00000067842;ENSG00000171714;ENSG00000145246;ENSG00000198626;ENSG00000250565;ENSG00000137672;ENSG00000060237;ENSG00000102452;ENSG00000143882;ENSG00000145349;ENSG00000164037;ENSG00000124564;ENSG00000109572;ENSG00000070808;ENSG00000017260;ENSG00000136295;ENSG00000187527;ENSG00000185344;ENSG00000155962;ENSG00000100554;ENSG00000166377;ENSG00000110881;ENSG00000104205;ENSG00000160746;ENSG00000110719;ENSG00000164038;ENSG00000148660;ENSG00000167723;ENSG00000186510;ENSG00000055732;ENSG00000155097"
"REACTOME","REACTOME_DOWNSTREAM_SIGNALING_OF_ACTIVATED_FGFR3",0.0812846946867565,0.265066948955428,0.069818186147199,-0.516596841818378,-1.38876362293089,22,"ENSG00000156427;ENSG00000068078;ENSG00000179295;ENSG00000160691;ENSG00000213281;ENSG00000145675;ENSG00000102678;ENSG00000109458;ENSG00000138675"
"REACTOME","REACTOME_DEVELOPMENTAL_LINEAGE_OF_MAMMARY_STEM_CELLS",0.0830317651789304,0.270140212978456,0.0695529583952141,-0.603156170080077,-1.42218019173433,13,"ENSG00000150093;ENSG00000165092;ENSG00000026508"
"REACTOME","REACTOME_BBSOME_MEDIATED_CARGO_TARGETING_TO_CILIUM",0.0843349753694581,0.273749391314195,0.0682683723194118,-0.508171960747266,-1.37971300153128,23,"ENSG00000163818;ENSG00000278195;ENSG00000163093;ENSG00000128602;ENSG00000174483;ENSG00000181004;ENSG00000122507;ENSG00000125124;ENSG00000179941;ENSG00000140463"
"REACTOME","REACTOME_BIOSYNTHESIS_OF_THE_N_GLYCAN_PRECURSOR_DOLICHOL_LIPID_LINKED_OLIGOSACCHARIDE_LLO_AND_TRANSFER_TO_A_NASCENT_PROTEIN",0.084930981595092,0.275051711037316,0.0670487152800428,-0.368495460621898,-1.28153552423572,78,"ENSG00000008513;ENSG00000170191;ENSG00000117143;ENSG00000175548;ENSG00000204099;ENSG00000253710;ENSG00000095380;ENSG00000167130;ENSG00000198380;ENSG00000172269;ENSG00000086848;ENSG00000117069;ENSG00000139133;ENSG00000131459;ENSG00000120697;ENSG00000182858;ENSG00000013375;ENSG00000159921;ENSG00000119523;ENSG00000033011;ENSG00000153989;ENSG00000184005"
"REACTOME","REACTOME_PROTEIN_HYDROXYLATION",0.0856171234246849,0.276639309555275,0.0682683723194118,0.521519670588644,1.38384794451318,19,"ENSG00000081692;ENSG00000108591;ENSG00000111832;ENSG00000186468;ENSG00000161016;ENSG00000166441;ENSG00000070495;ENSG00000065548;ENSG00000185721"
"REACTOME","REACTOME_RHOF_GTPASE_CYCLE",0.0861934477379095,0.277865635173352,0.0671281164691295,-0.430247366152111,-1.33100005085713,42,"ENSG00000173218;ENSG00000107863;ENSG00000152767;ENSG00000092531;ENSG00000134909;ENSG00000120802;ENSG00000198142;ENSG00000145675;ENSG00000105647;ENSG00000079387;ENSG00000266028;ENSG00000128298;ENSG00000105137;ENSG00000113368;ENSG00000115107;ENSG00000188219;ENSG00000165322;ENSG00000139734;ENSG00000105974"
"REACTOME","REACTOME_NFE2L2_REGULATING_TUMORIGENIC_GENES",0.0866639477977161,0.278480002836477,0.0685199122966855,-0.634196289027491,-1.42749400974852,11,"ENSG00000185591;ENSG00000005339;ENSG00000171791;ENSG00000197461;ENSG00000100393"
"REACTOME","REACTOME_NICOTINATE_METABOLISM",0.0867784711388456,0.278480002836477,0.066890705100693,-0.472921161780981,-1.35147444092925,29,"ENSG00000138617;ENSG00000152620;ENSG00000135318;ENSG00000103485;ENSG00000184719;ENSG00000163864;ENSG00000151883;ENSG00000004468;ENSG00000102699;ENSG00000157064;ENSG00000112874"
"REACTOME","REACTOME_FGFRL1_MODULATION_OF_FGFR1_SIGNALING",0.087088915956151,0.278842515487722,0.0681851045494384,-0.654153829467625,-1.43844083419759,10,"ENSG00000166068;ENSG00000156427;ENSG00000198369;ENSG00000138675;ENSG00000127418"
"REACTOME","REACTOME_BIOLOGICAL_OXIDATIONS",0.0876424189307625,0.279979854140807,0.0707234449047984,0.299997350435766,1.19517488724214,177,"ENSG00000088826;ENSG00000128294;ENSG00000133433;ENSG00000015413;ENSG00000114779;ENSG00000131067;ENSG00000151224;ENSG00000131471;ENSG00000213366;ENSG00000137274;ENSG00000115138;ENSG00000101444;ENSG00000100197;ENSG00000134202;ENSG00000114631;ENSG00000148834;ENSG00000170899;ENSG00000096384;ENSG00000135929;ENSG00000161513;ENSG00000131480;ENSG00000131069;ENSG00000143198;ENSG00000012504;ENSG00000164237;ENSG00000100983;ENSG00000137124;ENSG00000108602;ENSG00000124212;ENSG00000110711;ENSG00000140459;ENSG00000127948;ENSG00000110958;ENSG00000085871;ENSG00000148832;ENSG00000130540;ENSG00000115652;ENSG00000166743;ENSG00000162813;ENSG00000133313;ENSG00000267673;ENSG00000243989;ENSG00000053371;ENSG00000134184;ENSG00000088002;ENSG00000001084;ENSG00000197448;ENSG00000172831;ENSG00000006625;ENSG00000100577"
"REACTOME","REACTOME_CHAPERONE_MEDIATED_AUTOPHAGY",0.08792965627498,0.280263373950952,0.0672877185291006,0.510042784573955,1.37329034245297,20,"ENSG00000147872;ENSG00000143947;ENSG00000096384;ENSG00000080824;ENSG00000116288;ENSG00000221983;ENSG00000001626;ENSG00000170315;ENSG00000150991;ENSG00000032742;ENSG00000109971"
"REACTOME","REACTOME_FORMATION_OF_FIBRIN_CLOT_CLOTTING_CASCADE",0.0884937666053546,0.281426122627839,0.0678548833422593,0.44236465044436,1.33556614030736,33,"ENSG00000203618;ENSG00000117525;ENSG00000108561;ENSG00000117601;ENSG00000178732;ENSG00000135919;ENSG00000115718;ENSG00000101000;ENSG00000164344;ENSG00000180210;ENSG00000178726"
"REACTOME","REACTOME_COHESIN_LOADING_ONTO_CHROMATIN",0.0899309784815266,0.281557741942163,0.0670487152800428,-0.651350923501674,-1.43227743009565,10,"ENSG00000164754;ENSG00000072501;ENSG00000062650;ENSG00000121892;ENSG00000118007"
"REACTOME","REACTOME_IRAK2_MEDIATED_ACTIVATION_OF_TAK1_COMPLEX",0.0898345153664303,0.281557741942163,0.0660400458643361,0.628789561779771,1.39659697125036,10,"ENSG00000143947;ENSG00000100324;ENSG00000221983;ENSG00000134070;ENSG00000170315;ENSG00000150991"
"REACTOME","REACTOME_P75NTR_SIGNALS_VIA_NF_KB",0.0888623231719466,0.281557741942163,0.0668120931524977,0.548357598178953,1.38984941931836,16,"ENSG00000161011;ENSG00000143947;ENSG00000184216;ENSG00000221983;ENSG00000100906;ENSG00000170315;ENSG00000150991;ENSG00000173039"
"REACTOME","REACTOME_REGULATION_OF_TBK1_IKK_IKBKE_MEDIATED_ACTIVATION_OF_IRF3_IRF7",0.0891010342084328,0.281557741942163,0.0666556482309615,0.580575270013957,1.38858094670325,13,"ENSG00000143947;ENSG00000243414;ENSG00000221983;ENSG00000136560;ENSG00000170458;ENSG00000127666;ENSG00000170315;ENSG00000150991;ENSG00000123240"
"REACTOME","REACTOME_TRANSCRIPTIONAL_REGULATION_OF_WHITE_ADIPOCYTE_DIFFERENTIATION",0.0895038167938931,0.281557741942163,0.0650729978323898,-0.364443284913244,-1.27467344956595,80,"ENSG00000186951;ENSG00000125686;ENSG00000164330;ENSG00000198646;ENSG00000005339;ENSG00000054118;ENSG00000155111;ENSG00000172216;ENSG00000140396;ENSG00000184634;ENSG00000108510;ENSG00000245848;ENSG00000122877;ENSG00000123066;ENSG00000159479;ENSG00000141027;ENSG00000100393;ENSG00000112584;ENSG00000084676;ENSG00000112282;ENSG00000180182;ENSG00000109320;ENSG00000152944"
"REACTOME","REACTOME_COPI_DEPENDENT_GOLGI_TO_ER_RETROGRADE_TRAFFIC",0.0893770119295588,0.281557741942163,0.0648554401962692,-0.343000809170467,-1.24569363118115,100,"ENSG00000086598;ENSG00000170348;ENSG00000136240;ENSG00000164627;ENSG00000100196;ENSG00000134970;ENSG00000101162;ENSG00000135249;ENSG00000176014;ENSG00000151779;ENSG00000161800;ENSG00000122218;ENSG00000158623;ENSG00000163808;ENSG00000095139;ENSG00000054523;ENSG00000104833;ENSG00000184432;ENSG00000138160;ENSG00000143761;ENSG00000126214;ENSG00000101350;ENSG00000138069;ENSG00000138182;ENSG00000105438;ENSG00000148248;ENSG00000084731;ENSG00000090889;ENSG00000138778;ENSG00000165115;ENSG00000129083;ENSG00000242247;ENSG00000107862;ENSG00000258947;ENSG00000265808;ENSG00000142945;ENSG00000111481;ENSG00000181789"
"REACTOME","REACTOME_PHOSPHOLIPID_METABOLISM",0.0896744186046512,0.281557741942163,0.0641447501054599,-0.302127193556443,-1.19941405767025,203,"ENSG00000110536;ENSG00000138029;ENSG00000070214;ENSG00000143036;ENSG00000108389;ENSG00000070770;ENSG00000123739;ENSG00000160216;ENSG00000129353;ENSG00000141506;ENSG00000172197;ENSG00000111684;ENSG00000168389;ENSG00000085788;ENSG00000134255;ENSG00000102230;ENSG00000241973;ENSG00000211456;ENSG00000117461;ENSG00000102043;ENSG00000143797;ENSG00000003987;ENSG00000074416;ENSG00000110697;ENSG00000163629;ENSG00000139505;ENSG00000144645;ENSG00000180957;ENSG00000103502;ENSG00000158669;ENSG00000145675;ENSG00000105647;ENSG00000143398;ENSG00000106086;ENSG00000153246;ENSG00000276293;ENSG00000143761;ENSG00000161217;ENSG00000144837;ENSG00000075651;ENSG00000084090;ENSG00000087053;ENSG00000143845;ENSG00000078269;ENSG00000185813;ENSG00000085719;ENSG00000122126;ENSG00000133812;ENSG00000133056;ENSG00000196455;ENSG00000101290;ENSG00000188089;ENSG00000087253;ENSG00000101577;ENSG00000091039;ENSG00000040933;ENSG00000091622;ENSG00000152642;ENSG00000138018;ENSG00000134324;ENSG00000143850;ENSG00000156471;ENSG00000155252;ENSG00000179598"
"REACTOME","REACTOME_SIGNALING_BY_NTRKS",0.0902628177509694,0.281971457222055,0.069030962075628,0.316946829092071,1.21846242146929,132,"ENSG00000117318;ENSG00000125968;ENSG00000128564;ENSG00000115738;ENSG00000185386;ENSG00000188130;ENSG00000172201;ENSG00000129946;ENSG00000124181;ENSG00000183020;ENSG00000102882;ENSG00000167193;ENSG00000171450;ENSG00000100246;ENSG00000117525;ENSG00000174775;ENSG00000137764;ENSG00000112658;ENSG00000042753;ENSG00000126934;ENSG00000188986;ENSG00000161203;ENSG00000137713;ENSG00000130522;ENSG00000122705;ENSG00000164885"
"REACTOME","REACTOME_DISSOLUTION_OF_FIBRIN_CLOT",0.0908199293840722,0.282685524207296,0.0655143420284748,0.61144195868276,1.39620846468329,11,"ENSG00000167711;ENSG00000197747;ENSG00000135919;ENSG00000122861;ENSG00000182718"
"REACTOME","REACTOME_POTASSIUM_CHANNELS",0.0908918045255752,0.282685524207296,0.0644263908163349,-0.346392167671085,-1.24870225793351,96,"ENSG00000177272;ENSG00000157542;ENSG00000172380;ENSG00000129159;ENSG00000123700;ENSG00000168243;ENSG00000169427;ENSG00000158445;ENSG00000152315;ENSG00000169282;ENSG00000182674;ENSG00000069424;ENSG00000135750;ENSG00000184611;ENSG00000166006;ENSG00000053918;ENSG00000170745;ENSG00000026559;ENSG00000182324;ENSG00000111664;ENSG00000055118"
"REACTOME","REACTOME_SYNTHESIS_OF_PC",0.0912096460521198,0.283050593902403,0.0650729978323898,-0.475423167453939,-1.35001303794291,28,"ENSG00000070214;ENSG00000143036;ENSG00000070770;ENSG00000129353;ENSG00000168389;ENSG00000134255;ENSG00000102230"
"REACTOME","REACTOME_PROTEIN_UBIQUITINATION",0.0922431865828092,0.285630218102909,0.0672877185291006,0.355567626779293,1.26208642197016,79,"ENSG00000143947;ENSG00000168894;ENSG00000273802;ENSG00000160087;ENSG00000140395;ENSG00000221983;ENSG00000166477;ENSG00000139197;ENSG00000108106;ENSG00000099804;ENSG00000158373;ENSG00000006712;ENSG00000118939;ENSG00000140367;ENSG00000170142;ENSG00000077721;ENSG00000180596;ENSG00000109332;ENSG00000107341;ENSG00000104343;ENSG00000103549;ENSG00000170315;ENSG00000124635;ENSG00000277224;ENSG00000159202;ENSG00000130985;ENSG00000157911;ENSG00000150991;ENSG00000132388;ENSG00000072401;ENSG00000169139;ENSG00000206503"
"REACTOME","REACTOME_POSITIVE_REGULATION_OF_CDH1_GENE_TRANSCRIPTION",0.094224924012158,0.28862800531468,0.0653662929462658,-0.607171323203524,-1.40000470292061,12,"ENSG00000169554;ENSG00000185591;ENSG00000128573"
"REACTOME","REACTOME_METABOLISM_OF_FOLATE_AND_PTERINES",0.0944188837767553,0.28862800531468,0.0648554401962692,-0.551047420657978,-1.3947902532492,17,"ENSG00000065911;ENSG00000120254;ENSG00000176974;ENSG00000136010;ENSG00000228716;ENSG00000163738;ENSG00000164933"
"REACTOME","REACTOME_DEFECTIVE_B4GALT7_CAUSES_EDS_PROGEROID_TYPE",0.094437775110044,0.28862800531468,0.0648554401962692,-0.522297015354748,-1.37109734218638,20,"ENSG00000038427;ENSG00000183098;ENSG00000130287;ENSG00000142798;ENSG00000132692;ENSG00000162512;ENSG00000188157;ENSG00000076716"
"REACTOME","REACTOME_PLASMA_LIPOPROTEIN_CLEARANCE",0.0938458392966673,0.28862800531468,0.0658132939529589,0.426159702531884,1.30900834828385,36,"ENSG00000183020;ENSG00000143947;ENSG00000118137;ENSG00000130208;ENSG00000166035;ENSG00000025434;ENSG00000042753;ENSG00000161203;ENSG00000221983;ENSG00000122705;ENSG00000170315;ENSG00000057252"
"REACTOME","REACTOME_TRANSCRIPTIONAL_REGULATION_BY_MECP2",0.0938830816879597,0.28862800531468,0.0639357739676871,-0.392615436013016,-1.29675262364836,58,"ENSG00000096060;ENSG00000152495;ENSG00000078328;ENSG00000078687;ENSG00000123908;ENSG00000105976;ENSG00000183454;ENSG00000126070;ENSG00000169057;ENSG00000181449;ENSG00000145349;ENSG00000070808;ENSG00000064393;ENSG00000141027;ENSG00000100354;ENSG00000120251;ENSG00000148660"
"REACTOME","REACTOME_CELL_SURFACE_INTERACTIONS_AT_THE_VASCULAR_WALL",0.0937383525903839,0.28862800531468,0.0627208096593469,-0.333014554204707,-1.23334241241189,114,"ENSG00000090863;ENSG00000115414;ENSG00000155465;ENSG00000141526;ENSG00000092068;ENSG00000154721;ENSG00000184500;ENSG00000150093;ENSG00000079385;ENSG00000179295;ENSG00000141738;ENSG00000196776;ENSG00000160691;ENSG00000103064;ENSG00000213281;ENSG00000145675;ENSG00000105647;ENSG00000188404;ENSG00000151012;ENSG00000108821;ENSG00000116815;ENSG00000162512;ENSG00000130876;ENSG00000026508;ENSG00000168003;ENSG00000104689;ENSG00000115232;ENSG00000197122;ENSG00000110876;ENSG00000086548;ENSG00000128322;ENSG00000132465;ENSG00000115904"
"REACTOME","REACTOME_PROTEIN_FOLDING",0.0950874973645372,0.289986061077163,0.06642290670214,0.338738586945458,1.24386312598641,96,"ENSG00000167552;ENSG00000137267;ENSG00000137285;ENSG00000113068;ENSG00000060558;ENSG00000204435;ENSG00000174021;ENSG00000162188;ENSG00000101361;ENSG00000172354;ENSG00000156049;ENSG00000213465;ENSG00000150753;ENSG00000188229;ENSG00000183785;ENSG00000167553;ENSG00000123416;ENSG00000124659;ENSG00000141556;ENSG00000107829;ENSG00000105679;ENSG00000120438;ENSG00000123349;ENSG00000127824;ENSG00000204351;ENSG00000163468;ENSG00000132004;ENSG00000166226;ENSG00000115484;ENSG00000127928;ENSG00000204220;ENSG00000171530;ENSG00000105254"
"REACTOME","REACTOME_ENTEROBACTERIAL_FACTORS_ANTAGONIZE_HOST_DEFENSE",0.0958740283037672,0.291754586131292,0.0642148359994021,0.566711462072167,1.38352921186941,14,"ENSG00000143947;ENSG00000160014;ENSG00000196954;ENSG00000221983;ENSG00000170315;ENSG00000162645;ENSG00000150991;ENSG00000143933"
"REACTOME","REACTOME_NEUROTRANSMITTER_RECEPTORS_AND_POSTSYNAPTIC_SIGNAL_TRANSMISSION",0.0961148959675934,0.291858565819875,0.0615060330019218,-0.302231441379432,-1.19370869355576,192,"ENSG00000135679;ENSG00000169684;ENSG00000071242;ENSG00000157542;ENSG00000172380;ENSG00000173175;ENSG00000152495;ENSG00000107282;ENSG00000138031;ENSG00000135902;ENSG00000101162;ENSG00000162104;ENSG00000152578;ENSG00000123700;ENSG00000168243;ENSG00000183454;ENSG00000011677;ENSG00000176014;ENSG00000157168;ENSG00000131089;ENSG00000149403;ENSG00000105464;ENSG00000151834;ENSG00000111664;ENSG00000213281;ENSG00000155897;ENSG00000075711;ENSG00000145349;ENSG00000104833;ENSG00000155974;ENSG00000070808;ENSG00000147044;ENSG00000172915;ENSG00000164742;ENSG00000182621;ENSG00000183943;ENSG00000006125;ENSG00000156642;ENSG00000164418;ENSG00000171189;ENSG00000120903;ENSG00000138435;ENSG00000120251;ENSG00000162989;ENSG00000140992;ENSG00000148660;ENSG00000129467;ENSG00000153822;ENSG00000149782;ENSG00000160716;ENSG00000080644;ENSG00000100030;ENSG00000108946;ENSG00000197122;ENSG00000118260;ENSG00000186297;ENSG00000157551;ENSG00000258947;ENSG00000137841;ENSG00000078369;ENSG00000117971;ENSG00000163288;ENSG00000113319;ENSG00000108556;ENSG00000136238"
"REACTOME","REACTOME_P75NTR_RECRUITS_SIGNALLING_COMPLEXES",0.0966587112171838,0.292252891303348,0.0638665387777927,0.575762541879735,1.37707018671397,13,"ENSG00000161011;ENSG00000143947;ENSG00000184216;ENSG00000221983;ENSG00000170315;ENSG00000150991"
"REACTOME","REACTOME_GABA_B_RECEPTOR_ACTIVATION",0.0965152701644479,0.292252891303348,0.0633877114836093,-0.432035613797106,-1.31461047313476,39,"ENSG00000157542;ENSG00000172380;ENSG00000173175;ENSG00000138031;ENSG00000162104;ENSG00000123700;ENSG00000168243;ENSG00000111664;ENSG00000155897;ENSG00000164742;ENSG00000162989;ENSG00000129467;ENSG00000153822"
"REACTOME","REACTOME_REPLACEMENT_OF_PROTAMINES_BY_NUCLEOSOMES_IN_THE_MALE_PRONUCLEUS",0.0968666803194757,0.292255881647649,0.0647833742605669,0.417930103139335,1.29831897751497,38,"ENSG00000273802;ENSG00000181038;ENSG00000132475;ENSG00000158373;ENSG00000188486;ENSG00000180596;ENSG00000276180;ENSG00000270882;ENSG00000197061;ENSG00000124635;ENSG00000277224;ENSG00000158806;ENSG00000278588;ENSG00000197903;ENSG00000184678;ENSG00000234289"
"REACTOME","REACTOME_NEF_MEDIATES_DOWN_MODULATION_OF_CELL_SURFACE_RECEPTORS_BY_RECRUITING_THEM_TO_CLATHRIN_ADAPTERS",0.0980431712729473,0.29383666179132,0.0638665387777927,0.495955516367092,1.3499123905361,21,"ENSG00000183020;ENSG00000042753;ENSG00000161203;ENSG00000182866;ENSG00000047249;ENSG00000106367;ENSG00000175115;ENSG00000152056;ENSG00000206503"
"REACTOME","REACTOME_TELOMERE_MAINTENANCE",0.0984311197077155,0.29383666179132,0.0658886340177412,0.328261044865607,1.22619510798292,108,"ENSG00000204209;ENSG00000177700;ENSG00000257949;ENSG00000130826;ENSG00000163882;ENSG00000273802;ENSG00000145912;ENSG00000100142;ENSG00000107960;ENSG00000132604;ENSG00000132475;ENSG00000109534;ENSG00000182117;ENSG00000183207;ENSG00000158373;ENSG00000092330;ENSG00000164362;ENSG00000188486;ENSG00000180596;ENSG00000105258;ENSG00000276180;ENSG00000168002;ENSG00000178971;ENSG00000270882;ENSG00000099817;ENSG00000197061;ENSG00000274183;ENSG00000246705;ENSG00000124635;ENSG00000277224"
"REACTOME","REACTOME_SARS_COV_2_ACTIVATES_MODULATES_INNATE_AND_ADAPTIVE_IMMUNE_RESPONSES",0.0981926588410658,0.29383666179132,0.0611971384770468,-0.330975098758129,-1.22419463277798,113,"ENSG00000138757;ENSG00000131323;ENSG00000005339;ENSG00000100934;ENSG00000126581;ENSG00000139496;ENSG00000150961;ENSG00000120253;ENSG00000179295;ENSG00000155561;ENSG00000126775;ENSG00000088888;ENSG00000106100;ENSG00000124789;ENSG00000157625;ENSG00000159110;ENSG00000126883;ENSG00000030066;ENSG00000170581;ENSG00000113615;ENSG00000204592;ENSG00000176986;ENSG00000113569;ENSG00000110713;ENSG00000196455;ENSG00000052723;ENSG00000132182;ENSG00000115267;ENSG00000102900;ENSG00000213341;ENSG00000095319;ENSG00000138802;ENSG00000146833;ENSG00000155506"
"REACTOME","REACTOME_DISORDERS_OF_TRANSMEMBRANE_TRANSPORTERS",0.098339483394834,0.29383666179132,0.0608321173593861,-0.310821668299695,-1.20224119008932,161,"ENSG00000099958;ENSG00000117394;ENSG00000071537;ENSG00000074621;ENSG00000072849;ENSG00000135506;ENSG00000110911;ENSG00000155465;ENSG00000169359;ENSG00000091262;ENSG00000143921;ENSG00000139496;ENSG00000136986;ENSG00000120253;ENSG00000155561;ENSG00000168216;ENSG00000005471;ENSG00000198246;ENSG00000115657;ENSG00000165280;ENSG00000155850;ENSG00000091137;ENSG00000124789;ENSG00000074803;ENSG00000165029;ENSG00000138942;ENSG00000126883;ENSG00000106633;ENSG00000030066;ENSG00000101200;ENSG00000181804;ENSG00000163581;ENSG00000106688;ENSG00000115665;ENSG00000068912;ENSG00000198569;ENSG00000168003;ENSG00000113569;ENSG00000110713;ENSG00000023839;ENSG00000197375"
"REACTOME","REACTOME_TRANSMISSION_ACROSS_CHEMICAL_SYNAPSES",0.0983576642335766,0.29383666179132,0.0604731002477099,-0.28879130031439,-1.17565955504035,255,"ENSG00000135821;ENSG00000135679;ENSG00000169684;ENSG00000071242;ENSG00000157542;ENSG00000172380;ENSG00000173175;ENSG00000152495;ENSG00000157445;ENSG00000143847;ENSG00000107282;ENSG00000138031;ENSG00000135902;ENSG00000101162;ENSG00000138744;ENSG00000162104;ENSG00000152578;ENSG00000123700;ENSG00000183044;ENSG00000168243;ENSG00000183454;ENSG00000182389;ENSG00000011677;ENSG00000176014;ENSG00000157168;ENSG00000131089;ENSG00000112294;ENSG00000149403;ENSG00000105464;ENSG00000131626;ENSG00000151834;ENSG00000111664;ENSG00000213281;ENSG00000155897;ENSG00000075711;ENSG00000145349;ENSG00000104833;ENSG00000155974;ENSG00000070808;ENSG00000147044;ENSG00000172915;ENSG00000110436;ENSG00000164742;ENSG00000182621;ENSG00000067715;ENSG00000134294;ENSG00000183943;ENSG00000006125;ENSG00000156642;ENSG00000136854;ENSG00000164418;ENSG00000171189;ENSG00000120903;ENSG00000138435;ENSG00000120251;ENSG00000162989;ENSG00000140992;ENSG00000106688;ENSG00000115665;ENSG00000148660;ENSG00000129467;ENSG00000153822;ENSG00000149782;ENSG00000184154;ENSG00000160716;ENSG00000080644;ENSG00000100030;ENSG00000139220;ENSG00000108946;ENSG00000197122;ENSG00000118260;ENSG00000007402;ENSG00000186297;ENSG00000284922;ENSG00000157551"
"REACTOME","REACTOME_ABC_TRANSPORTER_DISORDERS",0.0991683991683992,0.295413037185189,0.0644973452335783,0.367440603830739,1.26199634325514,65,"ENSG00000100804;ENSG00000136930;ENSG00000143947;ENSG00000277791;ENSG00000087191;ENSG00000041357;ENSG00000008018;ENSG00000118137;ENSG00000185627;ENSG00000100764;ENSG00000101182;ENSG00000130706;ENSG00000126067;ENSG00000103035;ENSG00000221983;ENSG00000142507;ENSG00000106588;ENSG00000165916;ENSG00000099341;ENSG00000147475;ENSG00000001626;ENSG00000197170;ENSG00000100519;ENSG00000107566;ENSG00000170315;ENSG00000187486;ENSG00000115233;ENSG00000127922;ENSG00000159377;ENSG00000006071;ENSG00000173692;ENSG00000167972;ENSG00000100567;ENSG00000150991;ENSG00000119688"
"REACTOME","REACTOME_PHOSPHORYLATION_OF_CLOCK_ACETYLATION_OF_BMAL1_ARNTL_AT_TARGET_GENE_PROMOTERS",0.099510603588907,0.295808362668498,0.063728697179177,-0.624323197455316,-1.40527095464583,11,"ENSG00000133794;ENSG00000005339;ENSG00000008405;ENSG00000118058;ENSG00000049246;ENSG00000069667"
"REACTOME","REACTOME_RIPK1_MEDIATED_REGULATED_NECROSIS",0.100020454080589,0.296699330171831,0.0636600886299947,0.442141649531887,1.31837895414386,31,"ENSG00000137575;ENSG00000132589;ENSG00000143947;ENSG00000105401;ENSG00000080824;ENSG00000221983;ENSG00000103266;ENSG00000168404;ENSG00000170315;ENSG00000168040;ENSG00000150991;ENSG00000137312"
"REACTOME","REACTOME_GLYCOGEN_METABOLISM",0.100945723684211,0.298816272205671,0.063523490737973,0.463103406848107,1.32229050011248,26,"ENSG00000156873;ENSG00000143947;ENSG00000163754;ENSG00000187566;ENSG00000221983;ENSG00000112425;ENSG00000104812;ENSG00000170315;ENSG00000150991;ENSG00000164776;ENSG00000068976;ENSG00000100994"
"REACTOME","REACTOME_PROTEIN_PROTEIN_INTERACTIONS_AT_SYNAPSES",0.101570680628272,0.300031341800932,0.0639357739676871,0.346386897332092,1.241924376146,83,"ENSG00000103942;ENSG00000177380;ENSG00000161509;ENSG00000021645;ENSG00000116544;ENSG00000088367;ENSG00000132589;ENSG00000173621;ENSG00000166387;ENSG00000128011;ENSG00000104863;ENSG00000161681;ENSG00000136279;ENSG00000131409;ENSG00000176884;ENSG00000146006"
"REACTOME","REACTOME_GENE_SILENCING_BY_RNA",0.101781170483461,0.300031341800932,0.0642851373333349,0.33103412192415,1.22699902579397,102,"ENSG00000177700;ENSG00000163882;ENSG00000273802;ENSG00000139546;ENSG00000100142;ENSG00000080824;ENSG00000182134;ENSG00000006744;ENSG00000132475;ENSG00000158373;ENSG00000188486;ENSG00000180596;ENSG00000105258;ENSG00000276180;ENSG00000274750;ENSG00000128191;ENSG00000168002;ENSG00000270882;ENSG00000099817;ENSG00000073146;ENSG00000197061;ENSG00000274183;ENSG00000246705;ENSG00000124635;ENSG00000125207;ENSG00000214274;ENSG00000277224;ENSG00000162639;ENSG00000173809;ENSG00000273983;ENSG00000005075;ENSG00000277775;ENSG00000180573;ENSG00000147669;ENSG00000132341;ENSG00000276368;ENSG00000134627;ENSG00000278588;ENSG00000275714;ENSG00000197903"
"REACTOME","REACTOME_CROSSLINKING_OF_COLLAGEN_FIBRILS",0.102620524104821,0.301247775542634,0.0620731825163625,-0.543097268216947,-1.37466713004621,17,"ENSG00000115318;ENSG00000130508;ENSG00000134013;ENSG00000129038;ENSG00000169031;ENSG00000081052;ENSG00000197565;ENSG00000187498;ENSG00000108821"
"REACTOME","REACTOME_THE_PHOTOTRANSDUCTION_CASCADE",0.102483864658713,0.301247775542634,0.061381954012731,-0.45597758716232,-1.32271281267086,31,"ENSG00000168522;ENSG00000074621;ENSG00000111142;ENSG00000108370;ENSG00000125388;ENSG00000186326"
"REACTOME","REACTOME_SLC_MEDIATED_TRANSPORT_OF_ORGANIC_CATIONS",0.103538399678327,0.302264172422583,0.061945887634562,-0.586764398850028,-1.38353008168452,13,"ENSG00000163393;ENSG00000132874"
"REACTOME","REACTOME_PD_L1_CD274_GLYCOSYLATION_AND_TRANSLOCATION_TO_PLASMA_MEMBRANE",0.103737757345593,0.302264172422583,0.0616934711125078,-0.524063883114884,-1.36234466775744,19,"ENSG00000134910;ENSG00000102158;ENSG00000163527;ENSG00000163902;ENSG00000198856;ENSG00000244038"
"REACTOME","REACTOME_VXPX_CARGO_TARGETING_TO_CILIUM",0.10344137655062,0.302264172422583,0.0618193194977296,-0.515837140638179,-1.3541393340141,20,"ENSG00000070367;ENSG00000167461"
"REACTOME","REACTOME_INTRINSIC_PATHWAY_OF_FIBRIN_CLOT_FORMATION",0.103916866506795,0.302264172422583,0.0616308146670763,0.499922290042549,1.34604090805025,20,"ENSG00000203618;ENSG00000108561;ENSG00000117601;ENSG00000178732;ENSG00000135919;ENSG00000115718;ENSG00000164344;ENSG00000180210"
"REACTOME","REACTOME_JNK_C_JUN_KINASES_PHOSPHORYLATION_AND_ACTIVATION_MEDIATED_BY_ACTIVATED_HUMAN_TAK1",0.104679306171843,0.302264172422583,0.0616934711125078,0.484216543995214,1.33179639756704,22,"ENSG00000143947;ENSG00000065559;ENSG00000184216;ENSG00000100324;ENSG00000221983;ENSG00000134070;ENSG00000244687;ENSG00000170315;ENSG00000150991;ENSG00000050748"
"REACTOME","REACTOME_DENGUE_VIRUS_ACTIVATES_MODULATES_INNATE_AND_ADAPTIVE_IMMUNE_RESPONSES",0.104565837749694,0.302264172422583,0.0620731825163625,0.443638550176895,1.31438794908171,30,"ENSG00000118137;ENSG00000096384;ENSG00000140395;ENSG00000080824;ENSG00000109072;ENSG00000140464;ENSG00000166477;ENSG00000006712"
"REACTOME","REACTOME_RHOU_GTPASE_CYCLE",0.104268173845254,0.302264172422583,0.060711786175293,-0.423576718268252,-1.29825816683907,40,"ENSG00000173218;ENSG00000129675;ENSG00000116574;ENSG00000115145;ENSG00000115306;ENSG00000180370;ENSG00000145675;ENSG00000105647;ENSG00000266028;ENSG00000124486;ENSG00000198373;ENSG00000139436;ENSG00000031081;ENSG00000198399;ENSG00000197122"
"REACTOME","REACTOME_NOD1_2_SIGNALING_PATHWAY",0.104477611940299,0.302264172422583,0.0622012112321493,0.424677869404707,1.29618110338887,35,"ENSG00000185386;ENSG00000188130;ENSG00000143947;ENSG00000127837;ENSG00000196954;ENSG00000184216;ENSG00000100324;ENSG00000221983;ENSG00000134070;ENSG00000244687;ENSG00000170315"
"REACTOME","REACTOME_SIGNALING_BY_TGFBR3",0.105027279812938,0.302579919334471,0.0604731002477099,-0.417487070887913,-1.29737875457388,43,"ENSG00000185591;ENSG00000078687;ENSG00000123908;ENSG00000140262;ENSG00000126070;ENSG00000141480;ENSG00000143801;ENSG00000162736;ENSG00000141646;ENSG00000156103;ENSG00000122641;ENSG00000166949;ENSG00000100393;ENSG00000100354"
"REACTOME","REACTOME_DAG_AND_IP3_SIGNALING",0.105827324108361,0.302579919334471,0.0602370091541037,-0.422675641662221,-1.29549637656053,40,"ENSG00000173175;ENSG00000152495;ENSG00000138031;ENSG00000162104;ENSG00000171132;ENSG00000150995;ENSG00000168710;ENSG00000155897;ENSG00000145349;ENSG00000070808;ENSG00000172915;ENSG00000164742;ENSG00000183943;ENSG00000148660;ENSG00000129467;ENSG00000123104;ENSG00000115252;ENSG00000108946;ENSG00000118260;ENSG00000096433"
"REACTOME","REACTOME_COLLAGEN_DEGRADATION",0.105791505791506,0.302579919334471,0.0599454721514683,-0.395500372203752,-1.28297586105036,53,"ENSG00000171812;ENSG00000084636;ENSG00000182871;ENSG00000114270;ENSG00000188517;ENSG00000082293;ENSG00000135047;ENSG00000168615;ENSG00000169031;ENSG00000081052;ENSG00000197565;ENSG00000187498;ENSG00000108821"
"REACTOME","REACTOME_TRANSCRIPTIONAL_REGULATION_BY_RUNX3",0.10586011342155,0.302579919334471,0.062655195332066,0.342399191580961,1.234038208021,86,"ENSG00000118523;ENSG00000100804;ENSG00000136930;ENSG00000143947;ENSG00000277791;ENSG00000087191;ENSG00000041357;ENSG00000008018;ENSG00000185627;ENSG00000100764;ENSG00000101182;ENSG00000130706;ENSG00000126067;ENSG00000103035;ENSG00000147889;ENSG00000108773;ENSG00000221983;ENSG00000142507;ENSG00000106588;ENSG00000165916;ENSG00000099341;ENSG00000137693;ENSG00000197170;ENSG00000100519;ENSG00000170315;ENSG00000115233;ENSG00000020633;ENSG00000127922;ENSG00000159377"
"REACTOME","REACTOME_MAPK_FAMILY_SIGNALING_CASCADES",0.105807622504537,0.302579919334471,0.058008949856548,-0.280726993684645,-1.15910152900573,294,"ENSG00000168522;ENSG00000120992;ENSG00000166068;ENSG00000115414;ENSG00000143344;ENSG00000157764;ENSG00000163291;ENSG00000160271;ENSG00000156427;ENSG00000150907;ENSG00000139318;ENSG00000171435;ENSG00000068078;ENSG00000078687;ENSG00000123908;ENSG00000105976;ENSG00000185737;ENSG00000169047;ENSG00000115306;ENSG00000081377;ENSG00000180370;ENSG00000089234;ENSG00000157168;ENSG00000035403;ENSG00000198369;ENSG00000179295;ENSG00000116473;ENSG00000196712;ENSG00000126070;ENSG00000141480;ENSG00000109756;ENSG00000089022;ENSG00000108061;ENSG00000154001;ENSG00000105464;ENSG00000160691;ENSG00000132670;ENSG00000075391;ENSG00000185989;ENSG00000164086;ENSG00000213281;ENSG00000133116;ENSG00000198915;ENSG00000069956;ENSG00000197461;ENSG00000145675;ENSG00000105647;ENSG00000148082;ENSG00000075711;ENSG00000130829;ENSG00000145349;ENSG00000141068;ENSG00000138669;ENSG00000102678;ENSG00000160145;ENSG00000149294;ENSG00000070808;ENSG00000185950;ENSG00000173898;ENSG00000171560;ENSG00000149970;ENSG00000109270;ENSG00000169398;ENSG00000138675"
"REACTOME","REACTOME_DETOXIFICATION_OF_REACTIVE_OXYGEN_SPECIES",0.106989137118262,0.305189215375729,0.0615060330019218,0.435485937950558,1.30580360717704,32,"ENSG00000177556;ENSG00000117450;ENSG00000233276;ENSG00000126432;ENSG00000100348;ENSG00000211445;ENSG00000167815;ENSG00000116157;ENSG00000176153;ENSG00000142168"
"REACTOME","REACTOME_FRS_MEDIATED_FGFR3_SIGNALING",0.108621724344869,0.308449453994027,0.0602370091541037,-0.539231268861016,-1.36488165965188,17,"ENSG00000156427;ENSG00000068078;ENSG00000179295;ENSG00000213281;ENSG00000102678;ENSG00000138675"
"REACTOME","REACTOME_RHO_GTPASES_ACTIVATE_NADPH_OXIDASES",0.108513189448441,0.308449453994027,0.0602370091541037,0.49698908774872,1.33814326004031,20,"ENSG00000185386;ENSG00000163932;ENSG00000102882;ENSG00000127445"
"REACTOME","REACTOME_G_ALPHA_12_13_SIGNALLING_EVENTS",0.108787413660783,0.308449453994027,0.058872381059619,-0.361595448347479,-1.25016582318357,75,"ENSG00000172380;ENSG00000129675;ENSG00000126217;ENSG00000156299;ENSG00000168243;ENSG00000183111;ENSG00000146535;ENSG00000131089;ENSG00000124126;ENSG00000170776;ENSG00000139132;ENSG00000134318;ENSG00000110237;ENSG00000111664;ENSG00000102302;ENSG00000160145;ENSG00000170214;ENSG00000067900;ENSG00000137135;ENSG00000196914;ENSG00000038382;ENSG00000132694;ENSG00000114346;ENSG00000198844;ENSG00000143878;ENSG00000100485;ENSG00000066248;ENSG00000115904;ENSG00000078369;ENSG00000113319;ENSG00000142632;ENSG00000173848"
"REACTOME","REACTOME_VLDLR_INTERNALISATION_AND_DEGRADATION",0.109384339509863,0.309013082617626,0.0598876344343645,0.535551358262721,1.35739113813408,16,"ENSG00000183020;ENSG00000143947;ENSG00000025434;ENSG00000042753;ENSG00000161203;ENSG00000221983;ENSG00000122705;ENSG00000170315;ENSG00000150991;ENSG00000147852;ENSG00000131408"
"REACTOME","REACTOME_CS_DS_DEGRADATION",0.109643857543017,0.309013082617626,0.0599454721514683,-0.511343455439131,-1.34234282809523,20,"ENSG00000113273;ENSG00000038427;ENSG00000130287;ENSG00000132692;ENSG00000163521;ENSG00000114378;ENSG00000049860"
"REACTOME","REACTOME_GLOBAL_GENOME_NUCLEOTIDE_EXCISION_REPAIR_GG_NER",0.109786700125471,0.309013082617626,0.0613201759333526,0.341424890698751,1.22697958817131,84,"ENSG00000143947;ENSG00000153391;ENSG00000115350;ENSG00000144524;ENSG00000168090;ENSG00000104884;ENSG00000169592;ENSG00000139842;ENSG00000187778;ENSG00000131778;ENSG00000221983;ENSG00000105619;ENSG00000100387;ENSG00000111652;ENSG00000073050;ENSG00000148229;ENSG00000179262;ENSG00000169727;ENSG00000272047;ENSG00000170315;ENSG00000170322;ENSG00000116030;ENSG00000134480;ENSG00000129484;ENSG00000012061;ENSG00000150991;ENSG00000115274;ENSG00000169139"
"REACTOME","REACTOME_TRANSCRIPTIONAL_REGULATION_BY_RUNX1",0.109861591695502,0.309013082617626,0.0623946459917812,0.28607709491859,1.16652484861437,211,"ENSG00000100804;ENSG00000136930;ENSG00000143947;ENSG00000277791;ENSG00000204435;ENSG00000087191;ENSG00000273802;ENSG00000131981;ENSG00000041357;ENSG00000103126;ENSG00000008018;ENSG00000185627;ENSG00000100764;ENSG00000077080;ENSG00000101182;ENSG00000130706;ENSG00000126067;ENSG00000127511;ENSG00000140464;ENSG00000103035;ENSG00000111752;ENSG00000132475;ENSG00000184113;ENSG00000136943;ENSG00000155363;ENSG00000221983;ENSG00000143387;ENSG00000142507;ENSG00000106588;ENSG00000165916;ENSG00000099341;ENSG00000137693;ENSG00000105810;ENSG00000158373;ENSG00000197170;ENSG00000137801;ENSG00000100519;ENSG00000188486;ENSG00000180596;ENSG00000276180;ENSG00000274750;ENSG00000099956;ENSG00000170315;ENSG00000115233;ENSG00000270882;ENSG00000127922;ENSG00000197061;ENSG00000274183;ENSG00000159377;ENSG00000246705;ENSG00000124635;ENSG00000277224;ENSG00000162961;ENSG00000134480;ENSG00000141570;ENSG00000134686;ENSG00000126457;ENSG00000082014;ENSG00000015153;ENSG00000273983;ENSG00000173692;ENSG00000100567;ENSG00000150991;ENSG00000277775;ENSG00000183741;ENSG00000196363;ENSG00000180573;ENSG00000121481"
"REACTOME","REACTOME_ENOS_ACTIVATION",0.11037394451146,0.309836997316463,0.0598876344343645,-0.582240263821747,-1.37286263676541,13,"ENSG00000120992;ENSG00000175893;ENSG00000142208"
"REACTOME","REACTOME_SUMOYLATION_OF_CHROMATIN_ORGANIZATION_PROTEINS",0.110961538461538,0.310868437118437,0.0583286073011755,-0.368717498716532,-1.25885548598348,70,"ENSG00000168283;ENSG00000182568;ENSG00000139496;ENSG00000214717;ENSG00000120253;ENSG00000155561;ENSG00000124789;ENSG00000068024;ENSG00000178691;ENSG00000126883;ENSG00000030066;ENSG00000270276;ENSG00000184900;ENSG00000113569;ENSG00000110713;ENSG00000197837;ENSG00000132182;ENSG00000102900;ENSG00000095319;ENSG00000197238;ENSG00000119042"
"REACTOME","REACTOME_REDUCTION_OF_CYTOSOLIC_CA_LEVELS",0.113880445795339,0.316530262966582,0.0591495893440378,-0.591087578616548,-1.36291909429282,12,"ENSG00000183023;ENSG00000157087;ENSG00000174437;ENSG00000067842"
"REACTOME","REACTOME_REGULATION_OF_MITF_M_DEPENDENT_GENES_INVOLVED_IN_APOPTOSIS",0.11410333133852,0.316530262966582,0.0585987461758163,-0.524944863922687,-1.34794625694012,18,"ENSG00000078687;ENSG00000123908;ENSG00000126070;ENSG00000171791;ENSG00000100354;ENSG00000100697;ENSG00000169375"
"REACTOME","REACTOME_SIGNALING_BY_HIPPO",0.11344537815126,0.316530262966582,0.058872381059619,-0.508234238823127,-1.33418073160003,20,"ENSG00000114978;ENSG00000101109;ENSG00000119139;ENSG00000150457;ENSG00000113645;ENSG00000166025"
"REACTOME","REACTOME_SIGNALING_BY_SCF_KIT",0.113618677042802,0.316530262966582,0.0579561436845735,-0.417845294992295,-1.28697386557396,41,"ENSG00000106070;ENSG00000111252;ENSG00000179295;ENSG00000141738;ENSG00000117461;ENSG00000173757;ENSG00000213281;ENSG00000145675;ENSG00000105647;ENSG00000033327;ENSG00000151422;ENSG00000168610;ENSG00000197122;ENSG00000185338;ENSG00000115904;ENSG00000136238;ENSG00000154229;ENSG00000176105;ENSG00000100985;ENSG00000060656;ENSG00000115415;ENSG00000110395"
"REACTOME","REACTOME_NUCLEAR_ENVELOPE_BREAKDOWN",0.114092664092664,0.316530262966582,0.0575901868329747,-0.39140565486881,-1.26969288113992,53,"ENSG00000120802;ENSG00000028116;ENSG00000139496;ENSG00000174106;ENSG00000120253;ENSG00000155561;ENSG00000124789;ENSG00000126883;ENSG00000030066;ENSG00000113368;ENSG00000113569;ENSG00000110713;ENSG00000101577;ENSG00000132182;ENSG00000102900;ENSG00000095319;ENSG00000134324;ENSG00000154229;ENSG00000157020;ENSG00000196313;ENSG00000111581;ENSG00000153201;ENSG00000170312;ENSG00000069248"
"REACTOME","REACTOME_GERM_LAYER_FORMATION_AT_GASTRULATION",0.114543630892678,0.317128640824434,0.0586531910294576,-0.569078287020224,-1.36605906365304,14,"ENSG00000181449;ENSG00000138795;ENSG00000197323;ENSG00000141646;ENSG00000166949;ENSG00000185155"
"REACTOME","REACTOME_FCGR3A_MEDIATED_IL10_SYNTHESIS",0.115061535456144,0.317939115585274,0.0576940932334375,-0.424903497235201,-1.28604300207128,38,"ENSG00000173175;ENSG00000138031;ENSG00000162104;ENSG00000150995;ENSG00000168710;ENSG00000155897;ENSG00000164742;ENSG00000183943;ENSG00000129467;ENSG00000123104;ENSG00000108946;ENSG00000197122;ENSG00000118260;ENSG00000096433"
"REACTOME","REACTOME_DUAL_INCISION_IN_TC_NER",0.117807072609332,0.324889817430425,0.0590938580196366,0.364152392484139,1.24253624273024,63,"ENSG00000177700;ENSG00000143947;ENSG00000163882;ENSG00000115350;ENSG00000100142;ENSG00000104884;ENSG00000139842;ENSG00000221983;ENSG00000100387;ENSG00000148229;ENSG00000272047;ENSG00000105258;ENSG00000168002;ENSG00000170315;ENSG00000099817;ENSG00000134480;ENSG00000076924;ENSG00000198783;ENSG00000005075;ENSG00000012061;ENSG00000150991"
"REACTOME","REACTOME_INACTIVATION_OF_CSF3_G_CSF_SIGNALING",0.118530545971179,0.326247818540556,0.0579561436845735,0.46743947692909,1.2978956722576,23,"ENSG00000143947;ENSG00000221983;ENSG00000114125;ENSG00000103363;ENSG00000109332;ENSG00000170315;ENSG00000150991;ENSG00000072401;ENSG00000096968;ENSG00000165025;ENSG00000154582"
"REACTOME","REACTOME_SIGNALING_BY_FLT3_FUSION_PROTEINS",0.119888290444843,0.329342930171438,0.0570783025835191,-0.521118716446596,-1.33812152767168,18,"ENSG00000115306;ENSG00000173230;ENSG00000173757;ENSG00000213281;ENSG00000145675;ENSG00000033327"
"REACTOME","REACTOME_INOSITOL_PHOSPHATE_METABOLISM",0.120874587458746,0.331407606780096,0.0578509291080086,0.386571979187066,1.25338395275204,47,"ENSG00000105655;ENSG00000124181;ENSG00000151689;ENSG00000104643;ENSG00000196368;ENSG00000185133;ENSG00000204084;ENSG00000101333;ENSG00000127080;ENSG00000161714;ENSG00000115556;ENSG00000068745;ENSG00000143772;ENSG00000068383;ENSG00000176095;ENSG00000173598"
"REACTOME","REACTOME_PRE_NOTCH_EXPRESSION_AND_PROCESSING",0.122437464735753,0.334986277154952,0.0546947688323271,-0.328528507207732,-1.19948455475313,104,"ENSG00000071537;ENSG00000086598;ENSG00000184384;ENSG00000161021;ENSG00000174437;ENSG00000114126;ENSG00000005339;ENSG00000078687;ENSG00000123908;ENSG00000184260;ENSG00000114166;ENSG00000126070;ENSG00000198176;ENSG00000013619;ENSG00000278463;ENSG00000196782;ENSG00000274290;ENSG00000100393;ENSG00000100354;ENSG00000270276;ENSG00000197837;ENSG00000163558;ENSG00000163389;ENSG00000086062;ENSG00000141510;ENSG00000204301;ENSG00000275713;ENSG00000197238"
"REACTOME","REACTOME_GLYCOSAMINOGLYCAN_METABOLISM",0.12289156626506,0.334986277154952,0.0541623664533898,-0.317026167354397,-1.19278887564474,128,"ENSG00000113273;ENSG00000008513;ENSG00000118276;ENSG00000155893;ENSG00000171451;ENSG00000038427;ENSG00000135677;ENSG00000183098;ENSG00000151348;ENSG00000111962;ENSG00000130287;ENSG00000142798;ENSG00000111817;ENSG00000131873;ENSG00000135047;ENSG00000155850;ENSG00000154080;ENSG00000147408;ENSG00000165102;ENSG00000116199;ENSG00000132692;ENSG00000162512;ENSG00000164100;ENSG00000026508;ENSG00000169105;ENSG00000188157;ENSG00000072571;ENSG00000136720;ENSG00000173083;ENSG00000187446;ENSG00000163521;ENSG00000114378;ENSG00000049860;ENSG00000169826;ENSG00000076716;ENSG00000157593;ENSG00000086062"
"REACTOME","REACTOME_MITF_M_REGULATED_MELANOCYTE_DEVELOPMENT",0.122669649515287,0.334986277154952,0.0543824704977098,-0.306493304223297,-1.17717345073255,154,"ENSG00000163527;ENSG00000137198;ENSG00000197535;ENSG00000170558;ENSG00000172986;ENSG00000005339;ENSG00000130508;ENSG00000078687;ENSG00000123908;ENSG00000105976;ENSG00000110987;ENSG00000079385;ENSG00000101850;ENSG00000104763;ENSG00000126070;ENSG00000171791;ENSG00000136518;ENSG00000181449;ENSG00000136628;ENSG00000112062;ENSG00000105486;ENSG00000166603;ENSG00000138795;ENSG00000139613;ENSG00000100554;ENSG00000105967;ENSG00000141380;ENSG00000100393;ENSG00000148516;ENSG00000125398;ENSG00000100354;ENSG00000082701;ENSG00000173473;ENSG00000123374;ENSG00000069974;ENSG00000156150;ENSG00000100030;ENSG00000100697;ENSG00000107165;ENSG00000118260;ENSG00000155097"
"REACTOME","REACTOME_MITOTIC_TELOPHASE_CYTOKINESIS",0.123441897868918,0.33505884923208,0.0564312611344041,-0.572684140893831,-1.35033028210831,13,"ENSG00000164754;ENSG00000072501;ENSG00000062650;ENSG00000121892;ENSG00000118007"
"REACTOME","REACTOME_RHOQ_GTPASE_CYCLE",0.123630071140165,0.33505884923208,0.0550577664801399,-0.378511036107939,-1.25510406909213,59,"ENSG00000173218;ENSG00000107863;ENSG00000092531;ENSG00000134909;ENSG00000169379;ENSG00000180370;ENSG00000131089;ENSG00000124126;ENSG00000079482;ENSG00000164741;ENSG00000160007;ENSG00000143776;ENSG00000266028;ENSG00000140750;ENSG00000198373;ENSG00000139436;ENSG00000047932;ENSG00000105137;ENSG00000115107;ENSG00000072274;ENSG00000183856;ENSG00000145990;ENSG00000139734;ENSG00000140575;ENSG00000105974;ENSG00000075785;ENSG00000179604"
"REACTOME","REACTOME_HCMV_INFECTION",0.123216601815824,0.33505884923208,0.0587077763275074,0.29823137650424,1.17244927390746,156,"ENSG00000167552;ENSG00000204209;ENSG00000137267;ENSG00000137285;ENSG00000132612;ENSG00000139722;ENSG00000273802;ENSG00000147457;ENSG00000176428;ENSG00000146648;ENSG00000159210;ENSG00000088986;ENSG00000140464;ENSG00000130726;ENSG00000141971;ENSG00000188229;ENSG00000160948;ENSG00000183785;ENSG00000101421;ENSG00000167553;ENSG00000131165;ENSG00000123416;ENSG00000158373;ENSG00000173213;ENSG00000180596;ENSG00000181218;ENSG00000276180;ENSG00000274750;ENSG00000158560;ENSG00000196814;ENSG00000270882;ENSG00000127824;ENSG00000197061;ENSG00000278677;ENSG00000124635;ENSG00000144635;ENSG00000277224;ENSG00000138750;ENSG00000254505;ENSG00000132522;ENSG00000165006;ENSG00000273983;ENSG00000221869;ENSG00000277775;ENSG00000136243;ENSG00000180573;ENSG00000275221;ENSG00000213024"
"REACTOME","REACTOME_RUNX1_INTERACTS_WITH_CO_FACTORS_WHOSE_PRECISE_EFFECT_ON_RUNX1_TARGETS_IS_NOT_KNOWN",0.124243016214104,0.335535502304847,0.0553808666173036,-0.425236448887673,-1.28072431462671,37,"ENSG00000168283;ENSG00000070770;ENSG00000163602;ENSG00000189079;ENSG00000136518;ENSG00000139613;ENSG00000163939;ENSG00000064393;ENSG00000100393;ENSG00000180628;ENSG00000173473"
"REACTOME","REACTOME_EPIGENETIC_REGULATION_BY_WDR5_CONTAINING_HISTONE_MODIFYING_COMPLEXES",0.124281209423113,0.335535502304847,0.0538582753911296,-0.305074902596559,-1.17664687345375,158,"ENSG00000145284;ENSG00000139289;ENSG00000117505;ENSG00000036549;ENSG00000129474;ENSG00000125686;ENSG00000198646;ENSG00000005339;ENSG00000184260;ENSG00000114166;ENSG00000099194;ENSG00000140396;ENSG00000184634;ENSG00000117222;ENSG00000157212;ENSG00000108510;ENSG00000074416;ENSG00000245848;ENSG00000129691;ENSG00000118058;ENSG00000278463;ENSG00000111727;ENSG00000055609;ENSG00000141027;ENSG00000149474;ENSG00000167676;ENSG00000274290;ENSG00000100393;ENSG00000084676;ENSG00000129292;ENSG00000270276;ENSG00000111058;ENSG00000112282;ENSG00000180182;ENSG00000114982;ENSG00000038219;ENSG00000097007;ENSG00000197837;ENSG00000139718;ENSG00000120071;ENSG00000124641;ENSG00000012660;ENSG00000004799;ENSG00000134324;ENSG00000275713;ENSG00000197238;ENSG00000167548;ENSG00000101849;ENSG00000096717;ENSG00000172534"
"REACTOME","REACTOME_SHC_MEDIATED_CASCADE_FGFR3",0.124924924924925,0.33598855998856,0.0559470718389937,-0.54899331056332,-1.34723834518542,15,"ENSG00000156427;ENSG00000068078;ENSG00000160691;ENSG00000213281;ENSG00000102678;ENSG00000138675"
"REACTOME","REACTOME_CS_GAG_BIOSYNTHESIS",0.12484993997599,0.33598855998856,0.0559470718389937,-0.502215768686639,-1.31838146764566,20,"ENSG00000038427;ENSG00000111962;ENSG00000130287;ENSG00000131873;ENSG00000154080;ENSG00000147408;ENSG00000132692"
"REACTOME","REACTOME_SIGNAL_REGULATORY_PROTEIN_FAMILY_INTERACTIONS",0.125977933801404,0.338176506706431,0.0557565734717297,-0.561831921357902,-1.34866433305561,14,"ENSG00000179295;ENSG00000122852;ENSG00000196776;ENSG00000169398;ENSG00000197122"
"REACTOME","REACTOME_RECOGNITION_AND_ASSOCIATION_OF_DNA_GLYCOSYLASE_WITH_SITE_CONTAINING_AN_AFFECTED_PURINE",0.126484684309231,0.338892550748832,0.0567771390242865,0.378211332597129,1.24165286750611,51,"ENSG00000103152;ENSG00000273802;ENSG00000114026;ENSG00000132604;ENSG00000158373;ENSG00000092330;ENSG00000188486;ENSG00000180596;ENSG00000276180;ENSG00000270882;ENSG00000197061;ENSG00000274183;ENSG00000246705;ENSG00000124635;ENSG00000277224;ENSG00000180573;ENSG00000166848;ENSG00000102977;ENSG00000276368;ENSG00000278588;ENSG00000197903;ENSG00000184678;ENSG00000234289"
"REACTOME","REACTOME_E3_UBIQUITIN_LIGASES_UBIQUITINATE_TARGET_PROTEINS",0.126848573213914,0.339223835943269,0.0566777211926817,0.363072334057356,1.22445393490062,59,"ENSG00000143947;ENSG00000168894;ENSG00000273802;ENSG00000160087;ENSG00000140395;ENSG00000221983;ENSG00000166477;ENSG00000139197;ENSG00000158373;ENSG00000006712;ENSG00000170142;ENSG00000077721;ENSG00000180596;ENSG00000109332;ENSG00000103549;ENSG00000170315;ENSG00000124635;ENSG00000277224;ENSG00000157911;ENSG00000150991;ENSG00000072401;ENSG00000169139;ENSG00000206503"
"REACTOME","REACTOME_PI_3K_CASCADE_FGFR1",0.127225445089018,0.339588522619458,0.0553808666173036,-0.524375568874876,-1.32727947739119,17,"ENSG00000179295;ENSG00000133116;ENSG00000145675;ENSG00000102678;ENSG00000109458;ENSG00000138675"
"REACTOME","REACTOME_GRB2_SOS_PROVIDES_LINKAGE_TO_MAPK_SIGNALING_FOR_INTEGRINS",0.127927927927928,0.340819309875914,0.055241759405866,-0.54610680591714,-1.34015481671966,15,"ENSG00000115414;ENSG00000116473;ENSG00000171560;ENSG00000169398;ENSG00000197122;ENSG00000115904;ENSG00000127314"
"REACTOME","REACTOME_INTERLEUKIN_7_SIGNALING",0.12879232726561,0.341362196705757,0.0543824704977098,-0.435992881176633,-1.28378952732592,33,"ENSG00000114737;ENSG00000169047;ENSG00000117461;ENSG00000173757;ENSG00000145675;ENSG00000105647;ENSG00000185950;ENSG00000175097;ENSG00000168610;ENSG00000105639;ENSG00000185338;ENSG00000104432;ENSG00000127616"
"REACTOME","REACTOME_REGULATION_OF_CHOLESTEROL_BIOSYNTHESIS_BY_SREBP_SREBF",0.128856976518533,0.341362196705757,0.0541186374330882,-0.380657612043494,-1.24292473929402,55,"ENSG00000186951;ENSG00000185591;ENSG00000125686;ENSG00000198646;ENSG00000005339;ENSG00000001167;ENSG00000100934;ENSG00000001630;ENSG00000099194;ENSG00000140396;ENSG00000150961;ENSG00000076555;ENSG00000188786;ENSG00000120837;ENSG00000278540;ENSG00000012174;ENSG00000084676;ENSG00000113615;ENSG00000176986"
"REACTOME","REACTOME_NEURONAL_SYSTEM",0.128422190201729,0.341362196705757,0.052087355964136,-0.265685460887452,-1.12447408923,387,"ENSG00000135821;ENSG00000135679;ENSG00000177272;ENSG00000169684;ENSG00000071242;ENSG00000157542;ENSG00000172380;ENSG00000129159;ENSG00000173175;ENSG00000152495;ENSG00000157445;ENSG00000143847;ENSG00000107282;ENSG00000143858;ENSG00000138031;ENSG00000135902;ENSG00000101162;ENSG00000138744;ENSG00000159023;ENSG00000162104;ENSG00000152578;ENSG00000123700;ENSG00000183044;ENSG00000168243;ENSG00000169427;ENSG00000183454;ENSG00000158445;ENSG00000152315;ENSG00000182389;ENSG00000034053;ENSG00000011677;ENSG00000169282;ENSG00000176014;ENSG00000157168;ENSG00000182674;ENSG00000131089;ENSG00000179915;ENSG00000082397;ENSG00000069424;ENSG00000135750;ENSG00000184611;ENSG00000166006;ENSG00000112294;ENSG00000121871;ENSG00000149403;ENSG00000053918;ENSG00000105464;ENSG00000131626;ENSG00000151834;ENSG00000170745;ENSG00000026559;ENSG00000142949;ENSG00000182324;ENSG00000111664;ENSG00000213281;ENSG00000155897;ENSG00000055118;ENSG00000075711;ENSG00000145349;ENSG00000104833;ENSG00000155974;ENSG00000070808;ENSG00000110841;ENSG00000147044;ENSG00000172915;ENSG00000110436;ENSG00000082482;ENSG00000164742;ENSG00000182621;ENSG00000067715;ENSG00000134294;ENSG00000183943;ENSG00000006125;ENSG00000156642;ENSG00000136854;ENSG00000164418;ENSG00000171189;ENSG00000120903;ENSG00000099822;ENSG00000138435;ENSG00000120251;ENSG00000162989;ENSG00000156113;ENSG00000153707;ENSG00000170743;ENSG00000140992;ENSG00000106688;ENSG00000115665;ENSG00000148660;ENSG00000129467;ENSG00000153822;ENSG00000169306;ENSG00000149782;ENSG00000196083;ENSG00000184154;ENSG00000160716;ENSG00000080644;ENSG00000100030;ENSG00000139220;ENSG00000108946;ENSG00000197122;ENSG00000118260;ENSG00000007402;ENSG00000162951;ENSG00000186297;ENSG00000284922;ENSG00000157551"
"REACTOME","REACTOME_CALCITONIN_LIKE_LIGAND_RECEPTORS",0.129235618597321,0.341724145055088,0.0544711998459118,0.60403735910069,1.34162015007742,10,"ENSG00000131477;ENSG00000132329;ENSG00000004948;ENSG00000122679;ENSG00000110680;ENSG00000121351"
"REACTOME","REACTOME_CYTOSOLIC_TRNA_AMINOACYLATION",0.130213631739573,0.341750275123191,0.0551956030688697,0.457183807291446,1.28252287985315,24,"ENSG00000170445;ENSG00000133706;ENSG00000116120;ENSG00000065427;ENSG00000204394;ENSG00000179115;ENSG00000180817;ENSG00000106305"
"REACTOME","REACTOME_NS1_MEDIATED_EFFECTS_ON_HOST_PATHWAYS",0.130163678877631,0.341750275123191,0.0539446818693931,-0.405283695875498,-1.25945566526352,43,"ENSG00000196911;ENSG00000139496;ENSG00000117228;ENSG00000120253;ENSG00000155561;ENSG00000124789;ENSG00000126883;ENSG00000030066;ENSG00000113569;ENSG00000110713;ENSG00000132182;ENSG00000102900;ENSG00000095319;ENSG00000055332;ENSG00000108424;ENSG00000157020;ENSG00000196313"
"REACTOME","REACTOME_ION_HOMEOSTASIS",0.129732846434749,0.341750275123191,0.0536439029062424,-0.387619903473442,-1.24829413709382,51,"ENSG00000183023;ENSG00000198363;ENSG00000137731;ENSG00000157087;ENSG00000174437;ENSG00000150995;ENSG00000163399;ENSG00000067842;ENSG00000198626;ENSG00000168710;ENSG00000145349;ENSG00000070808;ENSG00000155962;ENSG00000148660;ENSG00000123104;ENSG00000096433;ENSG00000160991;ENSG00000167323"
"REACTOME","REACTOME_SIRT1_NEGATIVELY_REGULATES_RRNA_EXPRESSION",0.12975344755537,0.341750275123191,0.0560911259623886,0.361053246407849,1.22850439208332,62,"ENSG00000273802;ENSG00000132475;ENSG00000158373;ENSG00000188486;ENSG00000180596;ENSG00000276180;ENSG00000274750;ENSG00000103168;ENSG00000270882;ENSG00000197061;ENSG00000274183;ENSG00000246705;ENSG00000124635;ENSG00000277224;ENSG00000115750;ENSG00000273983;ENSG00000166012;ENSG00000277775;ENSG00000180573;ENSG00000276368;ENSG00000278588;ENSG00000275714;ENSG00000197903;ENSG00000112592;ENSG00000184678;ENSG00000234289"
"REACTOME","REACTOME_SIGNALING_BY_HEDGEHOG",0.130491235663276,0.34184345965964,0.0569774257112045,0.306624094251561,1.18099032103807,134,"ENSG00000167552;ENSG00000137267;ENSG00000137285;ENSG00000010361;ENSG00000100804;ENSG00000136930;ENSG00000143947;ENSG00000277791;ENSG00000087191;ENSG00000166813;ENSG00000041357;ENSG00000008018;ENSG00000185627;ENSG00000100764;ENSG00000101182;ENSG00000130706;ENSG00000126067;ENSG00000103035;ENSG00000188229;ENSG00000139549;ENSG00000167553;ENSG00000221983;ENSG00000100387;ENSG00000142507;ENSG00000106588;ENSG00000165916;ENSG00000099341;ENSG00000123416;ENSG00000197170;ENSG00000046651;ENSG00000100519;ENSG00000005249;ENSG00000055130;ENSG00000170315;ENSG00000115233;ENSG00000137486;ENSG00000127824;ENSG00000141013;ENSG00000127922;ENSG00000159377;ENSG00000113558;ENSG00000163913;ENSG00000188191;ENSG00000175356;ENSG00000121281;ENSG00000173692;ENSG00000100567;ENSG00000150991;ENSG00000032742"
"REACTOME","REACTOME_NEUROTOXICITY_OF_CLOSTRIDIUM_TOXINS",0.13134388956557,0.342197414399896,0.0548754448345273,-0.616209139760006,-1.35500298111521,10,"ENSG00000185518;ENSG00000143858;ENSG00000159164;ENSG00000067715"
"REACTOME","REACTOME_RETROGRADE_NEUROTROPHIN_SIGNALLING",0.131353398445286,0.342197414399896,0.054338253937587,0.54228660969669,1.32390010778616,14,"ENSG00000183020;ENSG00000100246;ENSG00000042753;ENSG00000161203;ENSG00000122705"
"REACTOME","REACTOME_ACYL_CHAIN_REMODELLING_OF_PE",0.131315116964812,0.342197414399896,0.0539446818693931,-0.471274166350127,-1.29203136018683,24,"ENSG00000123739;ENSG00000172197;ENSG00000111684;ENSG00000143797;ENSG00000153246"
"REACTOME","REACTOME_TRANSPORT_OF_VITAMINS_NUCLEOSIDES_AND_RELATED_MOLECULES",0.131630265210608,0.342287172149869,0.0536439029062424,-0.448590955517854,-1.28194561759784,29,"ENSG00000112759;ENSG00000120509;ENSG00000169359;ENSG00000116704;ENSG00000198246;ENSG00000137860"
"REACTOME","REACTOME_PURINE_RIBONUCLEOSIDE_MONOPHOSPHATE_BIOSYNTHESIS",0.135347194978423,0.348646383671325,0.0530144999143884,0.581923748271223,1.32880456043099,11,"ENSG00000178035;ENSG00000138363;ENSG00000035687;ENSG00000106348;ENSG00000239900;ENSG00000185100"
"REACTOME","REACTOME_HSF1_DEPENDENT_TRANSACTIVATION",0.135555101206297,0.348646383671325,0.0541623664533898,0.406599597269798,1.2489267851298,36,"ENSG00000004478;ENSG00000106211;ENSG00000058404;ENSG00000149257;ENSG00000185122;ENSG00000096384;ENSG00000080824;ENSG00000105993;ENSG00000204389;ENSG00000160570;ENSG00000110958;ENSG00000170315;ENSG00000120694;ENSG00000167965;ENSG00000204673;ENSG00000126803;ENSG00000109971"
"REACTOME","REACTOME_APOPTOTIC_EXECUTION_PHASE",0.135249042145594,0.348646383671325,0.0523648460142054,-0.385655230447745,-1.23878693444008,50,"ENSG00000168522;ENSG00000182568;ENSG00000046604;ENSG00000119139;ENSG00000180370;ENSG00000092853;ENSG00000148935;ENSG00000184357;ENSG00000067900;ENSG00000169398;ENSG00000087274;ENSG00000197822;ENSG00000113368;ENSG00000168298"
"REACTOME","REACTOME_EXTRA_NUCLEAR_ESTROGEN_SIGNALING",0.135557269571924,0.348646383671325,0.052485005744846,-0.359343899822595,-1.22370251061622,69,"ENSG00000126767;ENSG00000175893;ENSG00000172380;ENSG00000213694;ENSG00000153786;ENSG00000168243;ENSG00000142208;ENSG00000171791;ENSG00000117461;ENSG00000160691;ENSG00000111664;ENSG00000213281;ENSG00000145675;ENSG00000105647"
"REACTOME","REACTOME_ADHERENS_JUNCTIONS_INTERACTIONS",0.135495829471733,0.348646383671325,0.0513917494830751,-0.285298380323294,-1.14749523508125,231,"ENSG00000127022;ENSG00000134910;ENSG00000135679;ENSG00000070770;ENSG00000175029;ENSG00000089597;ENSG00000129128;ENSG00000163902;ENSG00000169554;ENSG00000113361;ENSG00000185591;ENSG00000130714;ENSG00000170558;ENSG00000198856;ENSG00000134909;ENSG00000244038;ENSG00000078687;ENSG00000123908;ENSG00000184260;ENSG00000140262;ENSG00000128573;ENSG00000106462;ENSG00000140945;ENSG00000130175;ENSG00000162521;ENSG00000118363;ENSG00000035403;ENSG00000062038;ENSG00000126070"
"REACTOME","REACTOME_CHROMATIN_ORGANIZATION",0.135378398236591,0.348646383671325,0.0511654200013341,-0.277688131789701,-1.13804181456685,277,"ENSG00000096070;ENSG00000156650;ENSG00000152455;ENSG00000117505;ENSG00000172943;ENSG00000111707;ENSG00000036549;ENSG00000005339;ENSG00000184260;ENSG00000114166;ENSG00000107077;ENSG00000110987;ENSG00000135801;ENSG00000106462;ENSG00000112624;ENSG00000117115;ENSG00000162521;ENSG00000109685;ENSG00000140396;ENSG00000136504;ENSG00000189079;ENSG00000070061;ENSG00000120733;ENSG00000150347;ENSG00000085276;ENSG00000117222;ENSG00000083168;ENSG00000197724;ENSG00000136518;ENSG00000130024;ENSG00000129691;ENSG00000118058;ENSG00000145391;ENSG00000100425;ENSG00000183495;ENSG00000171681;ENSG00000117139;ENSG00000077150;ENSG00000139613;ENSG00000170854;ENSG00000163939;ENSG00000278463;ENSG00000186280;ENSG00000196367;ENSG00000077684;ENSG00000055609;ENSG00000181555;ENSG00000141380;ENSG00000178691;ENSG00000141027;ENSG00000149474;ENSG00000274290;ENSG00000100393;ENSG00000183576;ENSG00000084676;ENSG00000173473;ENSG00000270276;ENSG00000114982;ENSG00000273841;ENSG00000109320;ENSG00000183878;ENSG00000102710;ENSG00000073614;ENSG00000274997;ENSG00000197837;ENSG00000139718;ENSG00000147548;ENSG00000116539;ENSG00000164576;ENSG00000120071;ENSG00000115966;ENSG00000188895;ENSG00000101945;ENSG00000165097;ENSG00000136715;ENSG00000275713;ENSG00000197238;ENSG00000066117;ENSG00000198890;ENSG00000173011;ENSG00000167548;ENSG00000184402;ENSG00000127616;ENSG00000101849;ENSG00000120533"
"REACTOME","REACTOME_THE_CRY_PER_KINASE_COMPLEX_REPRESSES_TRANSACTIVATION_BY_THE_BMAL_CLOCK_ARNTL_CLOCK_COMPLEX",0.140220661985958,0.35933135158652,0.0526463909337269,-0.550776774727551,-1.32212671319055,14,"ENSG00000133794;ENSG00000005339;ENSG00000008405;ENSG00000118058;ENSG00000049246;ENSG00000069667"
"REACTOME","REACTOME_CELL_CELL_COMMUNICATION",0.140130861504907,0.35933135158652,0.0499319098614031,-0.2708918615024,-1.12643061501234,318,"ENSG00000127022;ENSG00000134910;ENSG00000135679;ENSG00000161270;ENSG00000070770;ENSG00000157224;ENSG00000175029;ENSG00000089597;ENSG00000129128;ENSG00000163902;ENSG00000169554;ENSG00000053747;ENSG00000129675;ENSG00000113361;ENSG00000185591;ENSG00000163347;ENSG00000130714;ENSG00000170558;ENSG00000198856;ENSG00000134909;ENSG00000244038;ENSG00000078687;ENSG00000123908;ENSG00000184260;ENSG00000140262;ENSG00000150093;ENSG00000128573;ENSG00000115306;ENSG00000106462;ENSG00000140945;ENSG00000130175;ENSG00000162521;ENSG00000118363;ENSG00000035403;ENSG00000062038;ENSG00000179295;ENSG00000126070;ENSG00000122852;ENSG00000196776;ENSG00000135047;ENSG00000169756;ENSG00000196924;ENSG00000178184;ENSG00000145675;ENSG00000105647;ENSG00000278463;ENSG00000146555;ENSG00000147044;ENSG00000182985;ENSG00000169398;ENSG00000178691;ENSG00000274290;ENSG00000130402;ENSG00000085832;ENSG00000148516;ENSG00000100354;ENSG00000270276;ENSG00000149451;ENSG00000150394;ENSG00000196781;ENSG00000065970"
"REACTOME","REACTOME_CONSTITUTIVE_SIGNALING_BY_LIGAND_RESPONSIVE_EGFR_CANCER_VARIANTS",0.14122824564913,0.360515432386069,0.0523648460142054,0.487588266089608,1.29381125554719,19,"ENSG00000124181;ENSG00000143947;ENSG00000146648;ENSG00000105401;ENSG00000174775;ENSG00000080824;ENSG00000221983;ENSG00000170315"
"REACTOME","REACTOME_DISEASES_ASSOCIATED_WITH_N_GLYCOSYLATION_OF_PROTEINS",0.141056422569028,0.360515432386069,0.0524048161202553,-0.492209534726704,-1.29211380693839,20,"ENSG00000253710;ENSG00000172269;ENSG00000086848;ENSG00000182858;ENSG00000119523;ENSG00000033011;ENSG00000086062;ENSG00000159063;ENSG00000088035;ENSG00000101901"
"REACTOME","REACTOME_SYNTHESIS_OF_BILE_ACIDS_AND_BILE_SALTS",0.14171383954714,0.360515432386069,0.0515824416487845,-0.431638861284694,-1.26215588019063,32,"ENSG00000130703;ENSG00000140284;ENSG00000036530;ENSG00000070882;ENSG00000140396;ENSG00000133835;ENSG00000172817;ENSG00000242110"
"REACTOME","REACTOME_REGULATION_OF_ENDOGENOUS_RETROELEMENTS_BY_THE_HUMAN_SILENCING_HUB_HUSH_COMPLEX",0.141787941787942,0.360515432386069,0.0533476589218,0.352698776187178,1.21136467004016,65,"ENSG00000273802;ENSG00000076053;ENSG00000132475;ENSG00000158373;ENSG00000188486;ENSG00000180596;ENSG00000276180;ENSG00000274750;ENSG00000270882;ENSG00000197061;ENSG00000274183;ENSG00000246705;ENSG00000124635;ENSG00000277224;ENSG00000273983;ENSG00000277775;ENSG00000180573;ENSG00000204371;ENSG00000276368;ENSG00000181090;ENSG00000278588;ENSG00000275714;ENSG00000197903;ENSG00000184678;ENSG00000234289;ENSG00000033030;ENSG00000039123;ENSG00000203811;ENSG00000278828;ENSG00000143379"
"REACTOME","REACTOME_REGULATION_OF_T_CELL_ACTIVATION_BY_CD28_FAMILY",0.141959334565619,0.360515432386069,0.0500375312463182,-0.281914580359257,-1.14007588799042,242,"ENSG00000099958;ENSG00000134910;ENSG00000071537;ENSG00000102158;ENSG00000070770;ENSG00000072849;ENSG00000135506;ENSG00000163527;ENSG00000141506;ENSG00000163902;ENSG00000198856;ENSG00000005339;ENSG00000244038;ENSG00000078687;ENSG00000123908;ENSG00000184260;ENSG00000142208;ENSG00000106462;ENSG00000007866;ENSG00000180370;ENSG00000162521;ENSG00000136986;ENSG00000179295;ENSG00000126070;ENSG00000117222;ENSG00000186654;ENSG00000154001;ENSG00000117461;ENSG00000186265;ENSG00000107968;ENSG00000165280;ENSG00000129691;ENSG00000118058;ENSG00000145675;ENSG00000105647;ENSG00000138795;ENSG00000077150;ENSG00000278463;ENSG00000055609;ENSG00000164327;ENSG00000138942;ENSG00000178691;ENSG00000274290;ENSG00000068971;ENSG00000100393;ENSG00000116016;ENSG00000100354;ENSG00000082701;ENSG00000270276;ENSG00000168610;ENSG00000140992;ENSG00000125740;ENSG00000068912;ENSG00000109320;ENSG00000104723;ENSG00000066027;ENSG00000197122;ENSG00000197837"
"REACTOME","REACTOME_TRP_CHANNELS",0.143353783231084,0.363403127329067,0.0525655298882517,0.445854188423344,1.26272162743582,25,"ENSG00000153898;ENSG00000187688;ENSG00000130529;ENSG00000070985;ENSG00000100991;ENSG00000196689;ENSG00000168404;ENSG00000104321"
"REACTOME","REACTOME_GLYCOGEN_STORAGE_DISEASES",0.143798681845416,0.363877668038939,0.0518138223104503,0.525845706072768,1.30744660677606,15,"ENSG00000143947;ENSG00000163754;ENSG00000187566;ENSG00000221983;ENSG00000112425;ENSG00000104812;ENSG00000170315;ENSG00000150991"
"REACTOME","REACTOME_DEFECTIVE_GALNT3_CAUSES_HFTC",0.145584725536993,0.366746958592203,0.0513538397141682,0.543657320373192,1.30028307369656,13,"ENSG00000185499;ENSG00000117983;ENSG00000176945;ENSG00000115339"
"REACTOME","REACTOME_METABOLISM_OF_NITRIC_OXIDE_NOS3_ACTIVATION_AND_REGULATION",0.145829165833167,0.366746958592203,0.0514677969037334,-0.51353309724033,-1.29983542595377,17,"ENSG00000120992;ENSG00000175893;ENSG00000142208"
"REACTOME","REACTOME_KIDNEY_DEVELOPMENT",0.146097261953412,0.366746958592203,0.0520088039998597,0.39507822803164,1.23452503711147,39,"ENSG00000101443;ENSG00000172201;ENSG00000170577;ENSG00000166923;ENSG00000145287;ENSG00000125618;ENSG00000162552;ENSG00000145147;ENSG00000168743"
"REACTOME","REACTOME_TRNA_MODIFICATION_IN_THE_NUCLEUS_AND_CYTOSOL",0.146231258985418,0.366746958592203,0.0521267529114222,0.381691945542326,1.22788016725744,45,"ENSG00000166166;ENSG00000177192;ENSG00000196976;ENSG00000110060;ENSG00000104907;ENSG00000213339;ENSG00000037897;ENSG00000241058;ENSG00000167118;ENSG00000142544;ENSG00000162971;ENSG00000160193;ENSG00000174177;ENSG00000113272;ENSG00000089195;ENSG00000091127;ENSG00000213638;ENSG00000173113;ENSG00000144034"
"REACTOME","REACTOME_SIGNALING_BY_MET",0.145447604504676,0.366746958592203,0.0502505914554093,-0.345819131534331,-1.20105488574313,77,"ENSG00000115414;ENSG00000196739;ENSG00000053747;ENSG00000091136;ENSG00000101680;ENSG00000115145;ENSG00000105976;ENSG00000150093;ENSG00000179295;ENSG00000116473;ENSG00000160691;ENSG00000213281;ENSG00000145675;ENSG00000196569;ENSG00000109458;ENSG00000169398;ENSG00000108821;ENSG00000085832;ENSG00000168610;ENSG00000099942"
"REACTOME","REACTOME_TRAFFICKING_AND_PROCESSING_OF_ENDOSOMAL_TLR",0.147969441093687,0.36979265632617,0.0512029542427593,-0.555833368285574,-1.31059789403426,13,"ENSG00000166598;ENSG00000135047;ENSG00000110057"
"REACTOME","REACTOME_DISORDERS_OF_DEVELOPMENTAL_BIOLOGY",0.147815679233992,0.36979265632617,0.0510160239838462,-0.505315360671143,-1.29754188640149,18,"ENSG00000152495;ENSG00000117222;ENSG00000169057;ENSG00000129691;ENSG00000141027;ENSG00000169375;ENSG00000167548;ENSG00000101849"
"REACTOME","REACTOME_CARGO_TRAFFICKING_TO_THE_PERICILIARY_MEMBRANE",0.148269230769231,0.369887197608046,0.0499319098614031,-0.353432041414431,-1.206668698409,70,"ENSG00000163818;ENSG00000070367;ENSG00000167461;ENSG00000278195;ENSG00000101162;ENSG00000169379;ENSG00000205795;ENSG00000163093;ENSG00000176014;ENSG00000128602;ENSG00000174483;ENSG00000104833;ENSG00000175970;ENSG00000153317;ENSG00000181004;ENSG00000102218;ENSG00000107862;ENSG00000258947;ENSG00000122507;ENSG00000125124;ENSG00000103769;ENSG00000179941;ENSG00000140463"
"REACTOME","REACTOME_CIRCADIAN_CLOCK",0.15005382131324,0.373679004751843,0.0527275912884147,0.312854164336818,1.17124409826905,110,"ENSG00000130589;ENSG00000100804;ENSG00000136930;ENSG00000143947;ENSG00000105516;ENSG00000277791;ENSG00000204435;ENSG00000087191;ENSG00000041357;ENSG00000008018;ENSG00000185627;ENSG00000100764;ENSG00000101182;ENSG00000130706;ENSG00000126067;ENSG00000103035;ENSG00000029153;ENSG00000160741;ENSG00000221983;ENSG00000172531;ENSG00000164885;ENSG00000100387;ENSG00000142507;ENSG00000106588;ENSG00000165916;ENSG00000099341;ENSG00000197170;ENSG00000100519;ENSG00000055130;ENSG00000170315;ENSG00000115233;ENSG00000127922;ENSG00000159377;ENSG00000113558;ENSG00000082014;ENSG00000173692;ENSG00000100567;ENSG00000150991;ENSG00000072401;ENSG00000072310;ENSG00000179094;ENSG00000175166;ENSG00000173933;ENSG00000141551;ENSG00000142178"
"REACTOME","REACTOME_BILE_ACID_AND_BILE_SALT_METABOLISM",0.150741029641186,0.374070885506774,0.0498618281870214,-0.400020990502582,-1.23749266256895,42,"ENSG00000130703;ENSG00000140284;ENSG00000036530;ENSG00000070882;ENSG00000140396;ENSG00000133835;ENSG00000172817;ENSG00000242110"
"REACTOME","REACTOME_DEVELOPMENTAL_CELL_LINEAGES",0.150661174940386,0.374070885506774,0.0528091333836556,0.302809319948834,1.15865332674227,129,"ENSG00000165272;ENSG00000139515;ENSG00000141086;ENSG00000185499;ENSG00000130176;ENSG00000111057;ENSG00000204248;ENSG00000146648;ENSG00000010438;ENSG00000170421;ENSG00000109072;ENSG00000104267;ENSG00000171502;ENSG00000164692;ENSG00000171345;ENSG00000058085;ENSG00000105825;ENSG00000137693;ENSG00000001626;ENSG00000170835;ENSG00000177459;ENSG00000188508;ENSG00000163235;ENSG00000134873;ENSG00000186395;ENSG00000173546;ENSG00000133710;ENSG00000172037;ENSG00000164687;ENSG00000133392"
"REACTOME","REACTOME_SYNTHESIS_OF_IP2_IP_AND_INS_IN_THE_CYTOSOL",0.152082918078533,0.376738737415594,0.0502149116750946,0.533433653194159,1.30228712701482,14,"ENSG00000105655;ENSG00000151689;ENSG00000104643;ENSG00000185133;ENSG00000204084"
"REACTOME","REACTOME_FGFR2_LIGAND_BINDING_AND_ACTIVATION",0.153196622436671,0.378170683357656,0.0502505914554093,-0.552457499795266,-1.30263794346925,13,"ENSG00000156427;ENSG00000174721;ENSG00000102678;ENSG00000138675"
"REACTOME","REACTOME_PURINE_CATABOLISM",0.153108135118929,0.378170683357656,0.050108280606711,0.497440974196321,1.28309811504715,17,"ENSG00000125877;ENSG00000125458;ENSG00000106268;ENSG00000198585;ENSG00000112667;ENSG00000119125;ENSG00000136159;ENSG00000170222"
"REACTOME","REACTOME_GABA_SYNTHESIS_RELEASE_REUPTAKE_AND_DEGRADATION",0.155141310883945,0.381636813533327,0.0498268864819582,0.489334653933688,1.28000577499541,18,"ENSG00000101438;ENSG00000111181;ENSG00000128683;ENSG00000136750;ENSG00000101152;ENSG00000168993;ENSG00000010379;ENSG00000109971;ENSG00000106089"
"REACTOME","REACTOME_RET_SIGNALING",0.154959890432401,0.381636813533327,0.0492089872849763,-0.412107022823204,-1.23379910349771,36,"ENSG00000106070;ENSG00000206052;ENSG00000179295;ENSG00000141738;ENSG00000117461;ENSG00000160691;ENSG00000145675;ENSG00000105647;ENSG00000148082;ENSG00000033327;ENSG00000185950;ENSG00000109458;ENSG00000117407;ENSG00000197122;ENSG00000115904;ENSG00000171119"
"REACTOME","REACTOME_TRANSLATION_OF_SARS_COV_1_STRUCTURAL_PROTEINS",0.155421216848674,0.381660449026657,0.0490409715974691,-0.438637958504572,-1.25350277730827,29,"ENSG00000127022;ENSG00000008513;ENSG00000089597;ENSG00000138617;ENSG00000130175;ENSG00000151883;ENSG00000102699"
"REACTOME","REACTOME_CONSTITUTIVE_SIGNALING_BY_AKT1_E17K_IN_CANCER",0.155702608018684,0.381687643268025,0.0489408978432111,-0.449696385198074,-1.25978784975125,26,"ENSG00000135679;ENSG00000150907;ENSG00000142208;ENSG00000186654;ENSG00000164327;ENSG00000082701;ENSG00000140992;ENSG00000118260;ENSG00000117020;ENSG00000213341;ENSG00000204060"
"REACTOME","REACTOME_FORMATION_OF_WDR5_CONTAINING_HISTONE_MODIFYING_COMPLEXES",0.156420233463035,0.382782269757028,0.0488083137912282,-0.401044288116514,-1.23522634795537,41,"ENSG00000117505;ENSG00000036549;ENSG00000198646;ENSG00000114166;ENSG00000117222;ENSG00000157212;ENSG00000129691;ENSG00000118058;ENSG00000111727;ENSG00000055609;ENSG00000149474;ENSG00000129292;ENSG00000114982;ENSG00000038219;ENSG00000139718;ENSG00000120071;ENSG00000167548;ENSG00000172534;ENSG00000164091;ENSG00000099381"
"REACTOME","REACTOME_BIOTIN_TRANSPORT_AND_METABOLISM",0.157014681892333,0.383572198671235,0.0499670502581102,-0.579625923633236,-1.30466315902005,11,"ENSG00000120509;ENSG00000076555;ENSG00000173599;ENSG00000278540"
"REACTOME","REACTOME_CD28_DEPENDENT_PI3K_AKT_SIGNALING",0.157668231611894,0.383840591441369,0.0487423816606491,-0.454533226959784,-1.25993708203372,25,"ENSG00000141506;ENSG00000142208;ENSG00000186654;ENSG00000117461;ENSG00000107968;ENSG00000145675;ENSG00000105647;ENSG00000164327;ENSG00000140992"
"REACTOME","REACTOME_ABC_FAMILY_PROTEINS_MEDIATED_TRANSPORT",0.157561695844758,0.383840591441369,0.0507941255783484,0.325682730916206,1.17990622472817,89,"ENSG00000100804;ENSG00000136930;ENSG00000143947;ENSG00000277791;ENSG00000087191;ENSG00000041357;ENSG00000008018;ENSG00000118137;ENSG00000185627;ENSG00000134001;ENSG00000100764;ENSG00000101182;ENSG00000130706;ENSG00000126067;ENSG00000103035;ENSG00000221983;ENSG00000197150;ENSG00000142507;ENSG00000106588;ENSG00000165916;ENSG00000099341;ENSG00000147475;ENSG00000001626;ENSG00000197170;ENSG00000100519;ENSG00000154263;ENSG00000107566;ENSG00000170315;ENSG00000187486;ENSG00000115233;ENSG00000127922;ENSG00000159377;ENSG00000131269;ENSG00000124574;ENSG00000173692;ENSG00000167972;ENSG00000100567;ENSG00000150991;ENSG00000173208"
"REACTOME","REACTOME_EGFR_DOWNREGULATION",0.161027313493681,0.390000971960682,0.0492766271990659,0.415659541376674,1.23149327732788,30,"ENSG00000143947;ENSG00000146648;ENSG00000127947;ENSG00000221983;ENSG00000063245;ENSG00000113070;ENSG00000163235;ENSG00000170315;ENSG00000102606;ENSG00000070831;ENSG00000150991;ENSG00000141985;ENSG00000185359"
"REACTOME","REACTOME_GLUCAGON_LIKE_PEPTIDE_1_GLP1_REGULATES_INSULIN_SECRETION",0.160532498042287,0.390000971960682,0.0482874384163219,-0.404272927294586,-1.23013336691242,39,"ENSG00000172380;ENSG00000173175;ENSG00000168243;ENSG00000158445;ENSG00000150995;ENSG00000116473;ENSG00000166006;ENSG00000170745;ENSG00000111664;ENSG00000155897;ENSG00000079337;ENSG00000123104;ENSG00000108946;ENSG00000096433"
"REACTOME","REACTOME_SUMOYLATION_OF_DNA_REPLICATION_PROTEINS",0.160814742967992,0.390000971960682,0.0480009043621564,-0.386636210623479,-1.21877548143712,46,"ENSG00000139496;ENSG00000120253;ENSG00000155561;ENSG00000198900;ENSG00000124789;ENSG00000149503;ENSG00000131747;ENSG00000126883;ENSG00000030066;ENSG00000131788;ENSG00000184900;ENSG00000113569;ENSG00000110713;ENSG00000132182;ENSG00000102900;ENSG00000095319;ENSG00000132646;ENSG00000157020;ENSG00000196313;ENSG00000089685;ENSG00000103275;ENSG00000111581;ENSG00000153201"
"REACTOME","REACTOME_HDR_THROUGH_HOMOLOGOUS_RECOMBINATION_HRR",0.161730769230769,0.391033983140148,0.047625827196698,-0.348634246613532,-1.19028832501538,70,"ENSG00000136492;ENSG00000139618;ENSG00000138376;ENSG00000182185;ENSG00000113522;ENSG00000165392;ENSG00000132383;ENSG00000035928;ENSG00000113456;ENSG00000132436;ENSG00000136273;ENSG00000020922;ENSG00000077514;ENSG00000196584;ENSG00000111247;ENSG00000174371;ENSG00000133119;ENSG00000185379;ENSG00000175643;ENSG00000258366;ENSG00000132207;ENSG00000149311;ENSG00000171792;ENSG00000170734;ENSG00000172613;ENSG00000132646;ENSG00000122008;ENSG00000000460;ENSG00000175054;ENSG00000051180;ENSG00000083093;ENSG00000111445;ENSG00000101773;ENSG00000163781"
"REACTOME","REACTOME_G_PROTEIN_BETA_GAMMA_SIGNALLING",0.162051482059282,0.391139645585823,0.0479378445437886,-0.436621370890376,-1.24773994231857,29,"ENSG00000141506;ENSG00000172380;ENSG00000129675;ENSG00000168243;ENSG00000142208;ENSG00000111664;ENSG00000182621;ENSG00000140992;ENSG00000149782;ENSG00000117020;ENSG00000137841;ENSG00000078369"
"REACTOME","REACTOME_EARLY_SARS_COV_2_INFECTION_EVENTS",0.163313147099043,0.392841846173507,0.0477811569268953,-0.408143843877636,-1.22924492029463,37,"ENSG00000126581;ENSG00000183098;ENSG00000142798;ENSG00000099250;ENSG00000135047;ENSG00000165280;ENSG00000115561;ENSG00000139168;ENSG00000162512;ENSG00000188157;ENSG00000130234;ENSG00000130724;ENSG00000196455;ENSG00000076716;ENSG00000108654;ENSG00000184012"
"REACTOME","REACTOME_ADIPOGENESIS",0.163149962321025,0.392841846173507,0.0468688605343353,-0.319827501922093,-1.16615588754182,103,"ENSG00000186951;ENSG00000125686;ENSG00000164330;ENSG00000198646;ENSG00000005339;ENSG00000054118;ENSG00000155111;ENSG00000172216;ENSG00000162521;ENSG00000140396;ENSG00000184634;ENSG00000108510;ENSG00000245848;ENSG00000122877;ENSG00000123066;ENSG00000141646;ENSG00000159479;ENSG00000141027;ENSG00000100393;ENSG00000112584;ENSG00000084676;ENSG00000112282;ENSG00000180182;ENSG00000109320;ENSG00000211448;ENSG00000152944"
"REACTOME","REACTOME_PKA_ACTIVATION_IN_GLUCAGON_SIGNALLING",0.164358819987959,0.393534276774533,0.0483195582060627,-0.511736973675612,-1.2770773951473,16,"ENSG00000173175;ENSG00000138031;ENSG00000162104;ENSG00000155897;ENSG00000164742;ENSG00000129467;ENSG00000108946"
"REACTOME","REACTOME_THE_ROLE_OF_NEF_IN_HIV_1_REPLICATION_AND_DISEASE_PATHOGENESIS",0.16440329218107,0.393534276774533,0.0489741949025186,0.423435766352927,1.23174329449442,28,"ENSG00000183020;ENSG00000198821;ENSG00000042753;ENSG00000161203;ENSG00000182866;ENSG00000047249;ENSG00000106367;ENSG00000175115;ENSG00000152056;ENSG00000134516;ENSG00000206503"
"REACTOME","REACTOME_ASSEMBLY_AND_CELL_SURFACE_PRESENTATION_OF_NMDA_RECEPTORS",0.16443712698086,0.393534276774533,0.0489741949025186,0.377305829888327,1.2090500144863,44,"ENSG00000161509;ENSG00000167552;ENSG00000137267;ENSG00000137285;ENSG00000058404;ENSG00000104863;ENSG00000188229;ENSG00000176884;ENSG00000183785;ENSG00000167553;ENSG00000123416;ENSG00000173213;ENSG00000117245;ENSG00000127824"
"REACTOME","REACTOME_ADENYLATE_CYCLASE_INHIBITORY_PATHWAY",0.165460394049055,0.395313158032599,0.0481914203071104,-0.54374339326052,-1.28209097683417,13,"ENSG00000173175;ENSG00000138031;ENSG00000162104;ENSG00000155897;ENSG00000164742;ENSG00000129467"
"REACTOME","REACTOME_PHOSPHORYLATED_BMAL1_CLOCK_ARNTL_CLOCK_ACTIVATES_EXPRESSION_OF_CORE_CLOCK_GENES",0.167129262490087,0.396437670564543,0.0475640710158259,-0.467058552056781,-1.25559019019956,22,"ENSG00000133794;ENSG00000005339;ENSG00000134107;ENSG00000008405;ENSG00000118058;ENSG00000105662;ENSG00000143365;ENSG00000118260;ENSG00000049246;ENSG00000069667"
"REACTOME","REACTOME_RND3_GTPASE_CYCLE",0.166926677067083,0.396437670564543,0.0471677872332913,-0.394049439002626,-1.21901925407091,42,"ENSG00000173218;ENSG00000107863;ENSG00000174106;ENSG00000108582;ENSG00000073921;ENSG00000144283;ENSG00000075391;ENSG00000163629;ENSG00000145675;ENSG00000168143;ENSG00000105647;ENSG00000160007;ENSG00000067900;ENSG00000107890"
"REACTOME","REACTOME_IRON_UPTAKE_AND_TRANSPORT",0.166666666666667,0.396437670564543,0.0486766874868098,0.3555821815745,1.19085469710772,56,"ENSG00000143947;ENSG00000103415;ENSG00000087086;ENSG00000100292;ENSG00000128524;ENSG00000221983;ENSG00000129559;ENSG00000106327;ENSG00000108010;ENSG00000185883;ENSG00000047249;ENSG00000055130;ENSG00000170315;ENSG00000113558;ENSG00000171130;ENSG00000167996;ENSG00000118777;ENSG00000150991;ENSG00000117410;ENSG00000138449;ENSG00000159720"
"REACTOME","REACTOME_PHASE_I_FUNCTIONALIZATION_OF_COMPOUNDS",0.167334880776535,0.396437670564543,0.0491752606397225,0.322192844532499,1.16967251476913,90,"ENSG00000088826;ENSG00000131471;ENSG00000137274;ENSG00000115138;ENSG00000100197;ENSG00000096384;ENSG00000135929;ENSG00000161513;ENSG00000131480;ENSG00000131069;ENSG00000012504;ENSG00000164237;ENSG00000137124;ENSG00000108602;ENSG00000124212;ENSG00000110711;ENSG00000140459;ENSG00000127948;ENSG00000110958;ENSG00000148832"
"REACTOME","REACTOME_CELL_JUNCTION_ORGANIZATION",0.167062694205812,0.396437670564543,0.0455008642931611,-0.271160833024814,-1.11599784960876,285,"ENSG00000127022;ENSG00000134910;ENSG00000135679;ENSG00000070770;ENSG00000157224;ENSG00000175029;ENSG00000089597;ENSG00000129128;ENSG00000163902;ENSG00000169554;ENSG00000053747;ENSG00000129675;ENSG00000113361;ENSG00000185591;ENSG00000163347;ENSG00000130714;ENSG00000170558;ENSG00000198856;ENSG00000134909;ENSG00000244038;ENSG00000078687;ENSG00000123908;ENSG00000184260;ENSG00000140262;ENSG00000150093;ENSG00000128573;ENSG00000106462;ENSG00000140945;ENSG00000130175;ENSG00000162521;ENSG00000118363;ENSG00000035403;ENSG00000062038;ENSG00000126070"
"REACTOME","REACTOME_ESTROGEN_DEPENDENT_GENE_EXPRESSION",0.167737789203085,0.396726563408301,0.0495153471939912,0.2936722801605,1.14222691129503,143,"ENSG00000004478;ENSG00000196208;ENSG00000177700;ENSG00000158773;ENSG00000163882;ENSG00000140332;ENSG00000273802;ENSG00000103126;ENSG00000096384;ENSG00000100142;ENSG00000107562;ENSG00000080824;ENSG00000132475;ENSG00000172977;ENSG00000117984;ENSG00000155363;ENSG00000130522;ENSG00000125651;ENSG00000158373;ENSG00000178568;ENSG00000163235;ENSG00000004487;ENSG00000140307;ENSG00000188486;ENSG00000180596;ENSG00000177606;ENSG00000105258;ENSG00000276180;ENSG00000274750;ENSG00000182481;ENSG00000110958;ENSG00000168002;ENSG00000270882;ENSG00000099817;ENSG00000197061;ENSG00000274183;ENSG00000105698;ENSG00000246705;ENSG00000124635;ENSG00000277224;ENSG00000125931;ENSG00000126457;ENSG00000147654;ENSG00000273983;ENSG00000005075;ENSG00000277775;ENSG00000180573"
"REACTOME","REACTOME_ACTIVATION_OF_GENE_EXPRESSION_BY_SREBF_SREBP",0.169656786271451,0.400594284640951,0.0467506909493571,-0.39321000266738,-1.21642239958021,42,"ENSG00000186951;ENSG00000185591;ENSG00000125686;ENSG00000198646;ENSG00000005339;ENSG00000001167;ENSG00000001630;ENSG00000099194;ENSG00000140396;ENSG00000076555;ENSG00000188786;ENSG00000120837;ENSG00000278540"
"REACTOME","REACTOME_PHENYLALANINE_AND_TYROSINE_METABOLISM",0.170851314240879,0.402476901906821,0.0467212718610304,0.562108969899129,1.28355813778027,11,"ENSG00000151552;ENSG00000162174;ENSG00000171097;ENSG00000166228;ENSG00000100577;ENSG00000104951"
"REACTOME","REACTOME_N_GLYCAN_ANTENNAE_ELONGATION_IN_THE_MEDIAL_TRANS_GOLGI",0.171024179280519,0.402476901906821,0.0467506909493571,-0.453768834487445,-1.24403925845075,24,"ENSG00000071073;ENSG00000118276;ENSG00000196547;ENSG00000112893;ENSG00000033170"
"REACTOME","REACTOME_REGULATION_OF_CDH1_MRNA_TRANSLATION_BY_MICRORNAS",0.173939641109299,0.406229909961107,0.047258457118424,-0.569272372923283,-1.28135865239679,11,"ENSG00000078687;ENSG00000123908;ENSG00000126070;ENSG00000100354"
"REACTOME","REACTOME_CYTOSOLIC_SULFONATION_OF_SMALL_MOLECULES",0.173809049232609,0.406229909961107,0.0466919018140932,0.520614475195777,1.2709912940912,14,"ENSG00000128294;ENSG00000114779;ENSG00000114631;ENSG00000130540;ENSG00000162813;ENSG00000088002;ENSG00000169902"
"REACTOME","REACTOME_NUCLEAR_IMPORT_OF_REV_PROTEIN",0.174057433092401,0.406229909961107,0.0461430060071698,-0.411980342733865,-1.22090092853152,34,"ENSG00000139496;ENSG00000120253;ENSG00000155561;ENSG00000124789;ENSG00000126883;ENSG00000030066;ENSG00000113569;ENSG00000110713;ENSG00000132182;ENSG00000102900;ENSG00000095319;ENSG00000108424;ENSG00000157020;ENSG00000196313;ENSG00000111581;ENSG00000153201;ENSG00000069248"
"REACTOME","REACTOME_RHO_GTPASES_ACTIVATE_IQGAPS",0.173601147776184,0.406229909961107,0.047441195780349,0.405361701670393,1.21547615232692,32,"ENSG00000167552;ENSG00000137267;ENSG00000137285;ENSG00000188229;ENSG00000183785;ENSG00000167553;ENSG00000123416;ENSG00000173213;ENSG00000184009;ENSG00000127824"
"REACTOME","REACTOME_CHROMATIN_MODIFICATIONS_DURING_THE_MATERNAL_TO_ZYGOTIC_TRANSITION_MZT",0.173676501360117,0.406229909961107,0.0479693468044241,0.346617710563905,1.18270558325822,63,"ENSG00000239605;ENSG00000273802;ENSG00000181038;ENSG00000132475;ENSG00000158373;ENSG00000188486;ENSG00000180596;ENSG00000276180;ENSG00000274750;ENSG00000270882;ENSG00000076248;ENSG00000197061;ENSG00000274183;ENSG00000246705;ENSG00000124635;ENSG00000277224;ENSG00000273983;ENSG00000277775;ENSG00000180573;ENSG00000276368;ENSG00000278588;ENSG00000275714;ENSG00000197903;ENSG00000184678;ENSG00000234289"
"REACTOME","REACTOME_RAB_GERANYLGERANYLATION",0.175378135171357,0.408636843006529,0.0454461345170903,-0.35432935884104,-1.18896245375925,63,"ENSG00000099246;ENSG00000108774;ENSG00000167461;ENSG00000123570;ENSG00000041353;ENSG00000152932;ENSG00000137502;ENSG00000188419;ENSG00000184007"
"REACTOME","REACTOME_ACYL_CHAIN_REMODELLING_OF_PI",0.176697061803445,0.409257555123227,0.0466919018140932,-0.55154435645711,-1.27174104474371,12,"ENSG00000123739;ENSG00000153246;ENSG00000188089"
"REACTOME","REACTOME_DIGESTION",0.177093743753748,0.409257555123227,0.0462857931634898,0.487393525379276,1.25718174846916,17,"ENSG00000240038;ENSG00000170835;ENSG00000115850;ENSG00000087842;ENSG00000070019;ENSG00000118094"
"REACTOME","REACTOME_FGFR2_ALTERNATIVE_SPLICING",0.176289926289926,0.409257555123227,0.047017692971269,0.423798013377168,1.22353565932918,27,"ENSG00000177700;ENSG00000163882;ENSG00000100142;ENSG00000103067;ENSG00000125651;ENSG00000105258;ENSG00000168002;ENSG00000099817;ENSG00000005075;ENSG00000147669"
"REACTOME","REACTOME_EXPORT_OF_VIRAL_RIBONUCLEOPROTEINS_FROM_NUCLEUS",0.176355451164611,0.409257555123227,0.0458608917237512,-0.415237675500752,-1.22267542011324,33,"ENSG00000139496;ENSG00000120253;ENSG00000155561;ENSG00000124789;ENSG00000126883;ENSG00000030066;ENSG00000113569;ENSG00000110713;ENSG00000132182;ENSG00000102900;ENSG00000095319;ENSG00000157020;ENSG00000196313;ENSG00000111581;ENSG00000153201;ENSG00000069248"
"REACTOME","REACTOME_DISEASES_OF_GLYCOSYLATION",0.176898675125956,0.409257555123227,0.044593371693072,-0.301407690900006,-1.14120423204912,137,"ENSG00000130714;ENSG00000038427;ENSG00000183098;ENSG00000151348;ENSG00000178031;ENSG00000130287;ENSG00000253710;ENSG00000187720;ENSG00000136378;ENSG00000198380;ENSG00000142798;ENSG00000166106;ENSG00000172269;ENSG00000112902;ENSG00000086848;ENSG00000087116;ENSG00000131873;ENSG00000155850;ENSG00000049192;ENSG00000158859;ENSG00000159674;ENSG00000182858;ENSG00000145536;ENSG00000132692;ENSG00000173402;ENSG00000159921;ENSG00000119523;ENSG00000187676;ENSG00000033011;ENSG00000171155;ENSG00000162512;ENSG00000153989;ENSG00000079739;ENSG00000169105;ENSG00000188157"
"REACTOME","REACTOME_FGFR3_LIGAND_BINDING_AND_ACTIVATION",0.177628907835972,0.409823558601949,0.0466040845253941,-0.584994707228797,-1.28636451666452,10,"ENSG00000156427;ENSG00000068078;ENSG00000102678;ENSG00000138675"
"REACTOME","REACTOME_TRANSCRIPTIONAL_REGULATION_BY_THE_AP_2_TFAP2_FAMILY_OF_TRANSCRIPTION_FACTORS",0.179193118984231,0.412758048948995,0.0466040845253941,0.388699589207921,1.20164707113876,37,"ENSG00000164442;ENSG00000179862;ENSG00000146648;ENSG00000116819;ENSG00000111641;ENSG00000153885;ENSG00000144381;ENSG00000181163;ENSG00000163235;ENSG00000189052;ENSG00000116030;ENSG00000125931;ENSG00000124762;ENSG00000104827;ENSG00000101057"
"REACTOME","REACTOME_REGULATION_OF_TBK1_IKK_MEDIATED_ACTIVATION_OF_IRF3_IRF7_UPON_TLR3_LIGATION",0.180462926637897,0.413508896735459,0.0453371931652217,0.557147575782278,1.27222895049731,11,"ENSG00000143947;ENSG00000221983;ENSG00000136560;ENSG00000127666;ENSG00000170315;ENSG00000150991;ENSG00000164342;ENSG00000123240"
"REACTOME","REACTOME_SEMAPHORIN_INTERACTIONS",0.180789877300613,0.413508896735459,0.0447238454595963,-0.354002272875339,-1.18392978768254,62,"ENSG00000137872;ENSG00000136040;ENSG00000105976;ENSG00000150093;ENSG00000092421;ENSG00000180370;ENSG00000072832;ENSG00000099250;ENSG00000112902;ENSG00000134318;ENSG00000160007;ENSG00000067900;ENSG00000221866;ENSG00000076356;ENSG00000213949;ENSG00000196914;ENSG00000082701;ENSG00000132694;ENSG00000196189;ENSG00000143878;ENSG00000004399;ENSG00000157851;ENSG00000172602;ENSG00000136238;ENSG00000138623;ENSG00000186111"
"REACTOME","REACTOME_NEUREXINS_AND_NEUROLIGINS",0.180972078593588,0.413508896735459,0.0466040845253941,0.353183967649231,1.17436726540705,54,"ENSG00000103942;ENSG00000161509;ENSG00000021645;ENSG00000116544;ENSG00000088367;ENSG00000104863;ENSG00000161681;ENSG00000136279;ENSG00000176884;ENSG00000146006;ENSG00000198739;ENSG00000080845;ENSG00000011132"
"REACTOME","REACTOME_REGULATION_OF_PD_L1_CD274_POST_TRANSLATIONAL_MODIFICATION",0.180983355653338,0.413508896735459,0.0446454413139534,-0.329225125748429,-1.1573755604878,83,"ENSG00000099958;ENSG00000134910;ENSG00000071537;ENSG00000102158;ENSG00000070770;ENSG00000072849;ENSG00000135506;ENSG00000163527;ENSG00000163902;ENSG00000198856;ENSG00000244038"
"REACTOME","REACTOME_UB_SPECIFIC_PROCESSING_PROTEASES",0.180823117338003,0.413508896735459,0.0480959104839776,0.280646608087281,1.11977138994374,179,"ENSG00000100804;ENSG00000136930;ENSG00000143947;ENSG00000277791;ENSG00000087191;ENSG00000273802;ENSG00000105701;ENSG00000041357;ENSG00000103126;ENSG00000008018;ENSG00000185627;ENSG00000070010;ENSG00000100764;ENSG00000079999;ENSG00000101182;ENSG00000130706;ENSG00000126067;ENSG00000166337;ENSG00000103035;ENSG00000167770;ENSG00000198625;ENSG00000170365;ENSG00000108773;ENSG00000100324;ENSG00000221983;ENSG00000142507;ENSG00000106588;ENSG00000165916;ENSG00000099341;ENSG00000001626;ENSG00000158373;ENSG00000197170;ENSG00000100906;ENSG00000155313;ENSG00000100519;ENSG00000165637;ENSG00000180596;ENSG00000181218;ENSG00000170315;ENSG00000115233;ENSG00000137486;ENSG00000127922;ENSG00000278677;ENSG00000159377;ENSG00000124635;ENSG00000171148;ENSG00000277224;ENSG00000112335;ENSG00000078668;ENSG00000101557;ENSG00000173692;ENSG00000100567;ENSG00000150991;ENSG00000180573"
"REACTOME","REACTOME_SIGNALING_BY_LTK",0.182168186423506,0.414205280563591,0.0459169499433583,-0.548752339682241,-1.26530326274369,12,"ENSG00000169047;ENSG00000160691;ENSG00000145675;ENSG00000105647"
"REACTOME","REACTOME_WNT5A_DEPENDENT_INTERNALIZATION_OF_FZD4",0.182144997004194,0.414205280563591,0.0455557680590726,0.5043249345924,1.25393802180091,15,"ENSG00000126583;ENSG00000183020;ENSG00000042753;ENSG00000161203;ENSG00000175416;ENSG00000122705"
"REACTOME","REACTOME_PLATELET_HOMEOSTASIS",0.181852986217458,0.414205280563591,0.0445414609420851,-0.331589673572028,-1.16149312213598,81,"ENSG00000183023;ENSG00000157087;ENSG00000174437;ENSG00000172380;ENSG00000138735;ENSG00000168243;ENSG00000150995;ENSG00000179295;ENSG00000067842;ENSG00000061918;ENSG00000154001;ENSG00000137672;ENSG00000112062;ENSG00000111664;ENSG00000138669;ENSG00000068971;ENSG00000156113;ENSG00000123104;ENSG00000115252;ENSG00000066027;ENSG00000096433;ENSG00000187848;ENSG00000160991;ENSG00000167323;ENSG00000078369"
"REACTOME","REACTOME_NUCLEOTIDE_LIKE_PURINERGIC_RECEPTORS",0.183012946253433,0.414472709493896,0.0449878247231264,0.555784088934504,1.26911547120249,11,"ENSG00000282608;ENSG00000244165;ENSG00000139679"
"REACTOME","REACTOME_CARBOXYTERMINAL_POST_TRANSLATIONAL_MODIFICATIONS_OF_TUBULIN",0.182994454713494,0.414472709493896,0.0461430060071698,0.369469654536437,1.18856178786838,45,"ENSG00000167552;ENSG00000137267;ENSG00000137285;ENSG00000145029;ENSG00000162571;ENSG00000188229;ENSG00000183785;ENSG00000167553;ENSG00000146856;ENSG00000123416;ENSG00000173213;ENSG00000100271;ENSG00000141933;ENSG00000135912;ENSG00000127824;ENSG00000214021"
"REACTOME","REACTOME_SIGNALING_BY_BRAF_AND_RAF1_FUSIONS",0.183166409861325,0.414472709493896,0.0445155648828312,-0.349792550160524,-1.17851554855493,65,"ENSG00000115414;ENSG00000157764;ENSG00000171435;ENSG00000112531;ENSG00000035403;ENSG00000116473;ENSG00000141480;ENSG00000213281;ENSG00000153094;ENSG00000145349;ENSG00000141068;ENSG00000070808;ENSG00000171560;ENSG00000149970;ENSG00000182606;ENSG00000132842;ENSG00000112941;ENSG00000133030;ENSG00000148660;ENSG00000100030;ENSG00000197122"
"REACTOME","REACTOME_ANCHORING_OF_THE_BASAL_BODY_TO_THE_PLASMA_MEMBRANE",0.184180576631259,0.416100758725341,0.0440057843225365,-0.319684838693952,-1.154704594406,97,"ENSG00000106477;ENSG00000167461;ENSG00000168778;ENSG00000103540;ENSG00000007168;ENSG00000186638;ENSG00000112877;ENSG00000116127;ENSG00000139350;ENSG00000119977;ENSG00000168014;ENSG00000119397;ENSG00000204852;ENSG00000173226;ENSG00000182504;ENSG00000164953;ENSG00000104833;ENSG00000175216;ENSG00000103494;ENSG00000249115;ENSG00000136811;ENSG00000103995;ENSG00000128881;ENSG00000048342;ENSG00000101639;ENSG00000074054;ENSG00000101624;ENSG00000182923;ENSG00000092036;ENSG00000103769;ENSG00000168385"
"REACTOME","REACTOME_SUMOYLATION_OF_DNA_METHYLATION_PROTEINS",0.185831828215934,0.416711815879308,0.0451750626902471,-0.500489407572412,-1.24900826362129,16,"ENSG00000168283;ENSG00000088305"
"REACTOME","REACTOME_DOWNSTREAM_SIGNALING_OF_ACTIVATED_FGFR2",0.185250391236307,0.416711815879308,0.04461938659259,-0.444367196347635,-1.23175749430367,25,"ENSG00000156427;ENSG00000179295;ENSG00000160691;ENSG00000213281;ENSG00000145675;ENSG00000102678;ENSG00000109458;ENSG00000138675"
"REACTOME","REACTOME_ERK_MAPK_TARGETS",0.185332011892963,0.416711815879308,0.0449347017586579,-0.463388845975324,-1.23131595589241,21,"ENSG00000126767;ENSG00000071242;ENSG00000139318;ENSG00000164086;ENSG00000112062"
"REACTOME","REACTOME_GROWTH_HORMONE_RECEPTOR_SIGNALING",0.185926660059465,0.416711815879308,0.0448553253356751,-0.463068040849054,-1.23046351312401,21,"ENSG00000114737;ENSG00000112964;ENSG00000169047;ENSG00000173757;ENSG00000185950;ENSG00000168610;ENSG00000100030;ENSG00000185338;ENSG00000151694;ENSG00000120833;ENSG00000115415"
"REACTOME","REACTOME_CARDIOGENESIS",0.18591434950274,0.416711815879308,0.0454461345170903,0.439698397610204,1.22086960028722,23,"ENSG00000166823;ENSG00000164532;ENSG00000112658;ENSG00000172977;ENSG00000170365;ENSG00000108773"
"REACTOME","REACTOME_INTERLEUKIN_10_SIGNALING",0.187086736678335,0.418272905069054,0.0442332865829381,-0.430543320094716,-1.22257209012308,28,"ENSG00000110324;ENSG00000073756;ENSG00000163739"
"REACTOME","REACTOME_NUCLEOTIDE_BINDING_DOMAIN_LEUCINE_RICH_REPEAT_CONTAINING_RECEPTOR_NLR_SIGNALING_PATHWAYS",0.187255104145185,0.418272905069054,0.0456661013731298,0.350612531430791,1.16957867604541,55,"ENSG00000185386;ENSG00000188130;ENSG00000143947;ENSG00000127837;ENSG00000165416;ENSG00000196954;ENSG00000096384;ENSG00000100292;ENSG00000184216;ENSG00000100324;ENSG00000221983;ENSG00000103490;ENSG00000134070;ENSG00000244687;ENSG00000170315;ENSG00000091592"
"REACTOME","REACTOME_REGULATION_OF_TP53_ACTIVITY_THROUGH_PHOSPHORYLATION",0.187511861833365,0.418272905069054,0.0435842718429815,-0.321693581721519,-1.15183585019084,92,"ENSG00000135679;ENSG00000070770;ENSG00000136492;ENSG00000165632;ENSG00000092201;ENSG00000138376;ENSG00000074590;ENSG00000089022;ENSG00000178913;ENSG00000113522;ENSG00000165392;ENSG00000132383;ENSG00000112062;ENSG00000122728;ENSG00000113456;ENSG00000136273;ENSG00000064393;ENSG00000187325;ENSG00000020922;ENSG00000172315;ENSG00000123374;ENSG00000174371;ENSG00000133119;ENSG00000273841;ENSG00000175643;ENSG00000141510;ENSG00000064313;ENSG00000149311;ENSG00000149136;ENSG00000147133"
"REACTOME","REACTOME_ALPHA_PROTEIN_KINASE_1_SIGNALING_PATHWAY",0.189682228324833,0.421479955822214,0.0441065180734917,0.552759741990545,1.26220947016129,11,"ENSG00000143947;ENSG00000100324;ENSG00000221983;ENSG00000170315;ENSG00000150991"
"REACTOME","REACTOME_APOPTOTIC_CLEAVAGE_OF_CELLULAR_PROTEINS",0.189880836100801,0.421479955822214,0.043980694668116,-0.397657490152929,-1.19766218974051,37,"ENSG00000168522;ENSG00000182568;ENSG00000046604;ENSG00000119139;ENSG00000092853;ENSG00000148935;ENSG00000067900;ENSG00000169398;ENSG00000087274;ENSG00000197822;ENSG00000113368;ENSG00000110330;ENSG00000134982;ENSG00000081277"
"REACTOME","REACTOME_SIGNALING_BY_NOTCH3",0.190143577803648,0.421479955822214,0.0437813130319179,-0.374741694257345,-1.18549267037418,47,"ENSG00000184384;ENSG00000161021;ENSG00000101384;ENSG00000005339;ENSG00000114166;ENSG00000101752;ENSG00000135547;ENSG00000143801;ENSG00000162736;ENSG00000013619;ENSG00000196782;ENSG00000100393;ENSG00000198373;ENSG00000113645;ENSG00000114315;ENSG00000214357;ENSG00000004399;ENSG00000185630;ENSG00000138613"
"REACTOME","REACTOME_DEATH_RECEPTOR_SIGNALING",0.189710009354537,0.421479955822214,0.0429594939252289,-0.294911748879403,-1.12917389185084,151,"ENSG00000154124;ENSG00000121858;ENSG00000129675;ENSG00000126217;ENSG00000056558;ENSG00000156299;ENSG00000035681;ENSG00000183111;ENSG00000110851;ENSG00000131089;ENSG00000124126;ENSG00000107643;ENSG00000083799;ENSG00000114316;ENSG00000170776;ENSG00000003402;ENSG00000139132;ENSG00000142856;ENSG00000110237;ENSG00000143801;ENSG00000106144;ENSG00000153094;ENSG00000162736;ENSG00000102302;ENSG00000160145;ENSG00000157625;ENSG00000137135;ENSG00000196914;ENSG00000169783;ENSG00000038382;ENSG00000132694;ENSG00000109320;ENSG00000138600;ENSG00000104689;ENSG00000114346;ENSG00000163558;ENSG00000162889;ENSG00000198844;ENSG00000110330;ENSG00000100485;ENSG00000066248;ENSG00000115904;ENSG00000213341;ENSG00000113319;ENSG00000134259;ENSG00000138613;ENSG00000142632;ENSG00000136238;ENSG00000177169;ENSG00000173848;ENSG00000151694"
"REACTOME","REACTOME_BASE_EXCISION_REPAIR",0.192396555345516,0.425805542551517,0.0454461345170903,0.317973452252366,1.14600559482623,86,"ENSG00000103152;ENSG00000273802;ENSG00000140398;ENSG00000115350;ENSG00000100823;ENSG00000114026;ENSG00000065057;ENSG00000132604;ENSG00000073050;ENSG00000158373;ENSG00000148229;ENSG00000092330;ENSG00000188486;ENSG00000180596;ENSG00000276180;ENSG00000270882;ENSG00000076248;ENSG00000197061;ENSG00000274183;ENSG00000246705;ENSG00000124635;ENSG00000277224;ENSG00000123415;ENSG00000154328;ENSG00000129484;ENSG00000180573;ENSG00000166848;ENSG00000102977;ENSG00000276368;ENSG00000278588;ENSG00000197903;ENSG00000100479;ENSG00000184678;ENSG00000234289;ENSG00000116863;ENSG00000132781;ENSG00000039650"
"REACTOME","REACTOME_ACTIVATED_TAK1_MEDIATES_P38_MAPK_ACTIVATION",0.192815100466816,0.426064040468143,0.0445414609420851,0.436886955418367,1.21306333052678,23,"ENSG00000185386;ENSG00000143947;ENSG00000184216;ENSG00000100324;ENSG00000221983;ENSG00000134070;ENSG00000244687;ENSG00000170315"
"REACTOME","REACTOME_PLATELET_CALCIUM_HOMEOSTASIS",0.193265862203192,0.426392808485792,0.0434622887233228,-0.434816481796202,-1.21810301053935,26,"ENSG00000183023;ENSG00000157087;ENSG00000174437;ENSG00000150995;ENSG00000067842;ENSG00000137672;ENSG00000123104;ENSG00000096433;ENSG00000187848;ENSG00000160991;ENSG00000167323"
"REACTOME","REACTOME_ANCHORING_FIBRIL_FORMATION",0.194383149448345,0.428037869178319,0.0440560759786921,-0.518064253724397,-1.24360107474933,14,"ENSG00000053747;ENSG00000114270;ENSG00000169031;ENSG00000081052;ENSG00000197565;ENSG00000187498;ENSG00000108821;ENSG00000196878;ENSG00000134871"
"REACTOME","REACTOME_DENGUE_VIRUS_ATTACHMENT_AND_ENTRY",0.194617784711388,0.428037869178319,0.0433411903189086,-0.385738359933197,-1.19330835486653,42,"ENSG00000044574;ENSG00000163347;ENSG00000183098;ENSG00000184500;ENSG00000142798"
"REACTOME","REACTOME_GLYCOGEN_SYNTHESIS",0.196133147299183,0.430699850678765,0.0436825028426649,0.508152471364327,1.24056744087285,14,"ENSG00000143947;ENSG00000163754;ENSG00000187566;ENSG00000221983;ENSG00000112425;ENSG00000104812;ENSG00000170315"
"REACTOME","REACTOME_NEUROTRANSMITTER_RELEASE_CYCLE",0.1965953913224,0.430830730310769,0.04461938659259,0.358165665449163,1.168762194002,49,"ENSG00000101438;ENSG00000177380;ENSG00000111181;ENSG00000135423;ENSG00000165646;ENSG00000104863;ENSG00000128683;ENSG00000198722;ENSG00000005379;ENSG00000136750;ENSG00000008056;ENSG00000101152;ENSG00000168993;ENSG00000010379;ENSG00000070748"
"REACTOME","REACTOME_SIGNALING_BY_ERBB2",0.196802989412497,0.430830730310769,0.044593371693072,0.358087381920976,1.16850674006829,49,"ENSG00000163932;ENSG00000124181;ENSG00000143947;ENSG00000146648;ENSG00000127947;ENSG00000105401;ENSG00000174775;ENSG00000080824;ENSG00000221983;ENSG00000113070;ENSG00000103266;ENSG00000065361;ENSG00000178568;ENSG00000170315;ENSG00000162959;ENSG00000169752;ENSG00000105221;ENSG00000072135"
"REACTOME","REACTOME_RAB_REGULATION_OF_TRAFFICKING",0.197491576188693,0.431668894084265,0.0420198810407943,-0.303344910294669,-1.1314079651413,121,"ENSG00000099246;ENSG00000108774;ENSG00000167461;ENSG00000123570;ENSG00000041353;ENSG00000167291;ENSG00000188419;ENSG00000142208;ENSG00000132405;ENSG00000100099;ENSG00000154710;ENSG00000166444;ENSG00000160218;ENSG00000205593;ENSG00000103111;ENSG00000115839;ENSG00000179331;ENSG00000168461;ENSG00000029725;ENSG00000174485;ENSG00000138069;ENSG00000069974;ENSG00000107185;ENSG00000054116;ENSG00000133812;ENSG00000182400;ENSG00000132669;ENSG00000084733;ENSG00000117020;ENSG00000003393"
"REACTOME","REACTOME_DEFECTIVE_EXT2_CAUSES_EXOSTOSES_2",0.19839518555667,0.432973727984572,0.0435598039078413,-0.516158916358901,-1.23902735714875,14,"ENSG00000183098;ENSG00000151348;ENSG00000142798;ENSG00000162512;ENSG00000188157;ENSG00000076716"
"REACTOME","REACTOME_TIE2_SIGNALING",0.199639927985597,0.435017867771085,0.0433411903189086,-0.484605868086111,-1.22661592475433,17,"ENSG00000179295;ENSG00000141738;ENSG00000160691;ENSG00000213281;ENSG00000145675;ENSG00000105647"
"REACTOME","REACTOME_DOWNSTREAM_SIGNALING_OF_ACTIVATED_FGFR1",0.200468933177022,0.436151207466803,0.0426788844272162,-0.427273891995061,-1.20541038159386,27,"ENSG00000179295;ENSG00000126500;ENSG00000160691;ENSG00000213281;ENSG00000133116;ENSG00000145675;ENSG00000102678;ENSG00000109458;ENSG00000138675"
"REACTOME","REACTOME_TNFS_BIND_THEIR_PHYSIOLOGICAL_RECEPTORS",0.201229183187946,0.436497425571307,0.0429359269874217,-0.451849476395585,-1.21470374005727,22,"ENSG00000117586;ENSG00000158813;ENSG00000120949;ENSG00000186197;ENSG00000215788;ENSG00000161955"
"REACTOME","REACTOME_CLASS_A_1_RHODOPSIN_LIKE_RECEPTORS",0.20124633431085,0.436497425571307,0.041089379907776,-0.271597192409742,-1.10435489235147,253,"ENSG00000148123;ENSG00000013583;ENSG00000171517;ENSG00000117600;ENSG00000151882;ENSG00000213694;ENSG00000278195;ENSG00000119973;ENSG00000204174;ENSG00000170775;ENSG00000139874;ENSG00000163739;ENSG00000101850;ENSG00000197405;ENSG00000106804;ENSG00000169860;ENSG00000179097;ENSG00000006210;ENSG00000149295;ENSG00000213906;ENSG00000135744;ENSG00000169248;ENSG00000047597;ENSG00000184984;ENSG00000144648;ENSG00000118432;ENSG00000142192;ENSG00000144891;ENSG00000166603;ENSG00000170214;ENSG00000173080;ENSG00000135312;ENSG00000184574;ENSG00000241563;ENSG00000126010;ENSG00000196917;ENSG00000101200;ENSG00000054277;ENSG00000181104;ENSG00000064547;ENSG00000180616;ENSG00000171509;ENSG00000152207;ENSG00000186867;ENSG00000075073;ENSG00000186810;ENSG00000164251;ENSG00000143185;ENSG00000169429;ENSG00000164850;ENSG00000137252"
"REACTOME","REACTOME_MAPK1_MAPK3_SIGNALING",0.202300529486945,0.438110962631238,0.0408804760052525,-0.271267731729133,-1.10358291387808,254,"ENSG00000168522;ENSG00000120992;ENSG00000166068;ENSG00000115414;ENSG00000143344;ENSG00000157764;ENSG00000163291;ENSG00000160271;ENSG00000156427;ENSG00000139318;ENSG00000171435;ENSG00000068078;ENSG00000105976;ENSG00000185737;ENSG00000169047;ENSG00000115306;ENSG00000089234;ENSG00000157168;ENSG00000035403;ENSG00000198369;ENSG00000179295;ENSG00000116473;ENSG00000196712;ENSG00000141480;ENSG00000109756;ENSG00000108061;ENSG00000154001;ENSG00000105464;ENSG00000160691;ENSG00000132670;ENSG00000075391;ENSG00000185989;ENSG00000164086;ENSG00000213281;ENSG00000133116;ENSG00000198915;ENSG00000197461;ENSG00000145675;ENSG00000105647;ENSG00000148082;ENSG00000075711;ENSG00000130829;ENSG00000145349;ENSG00000141068;ENSG00000138669;ENSG00000102678;ENSG00000149294;ENSG00000070808;ENSG00000185950;ENSG00000173898;ENSG00000171560;ENSG00000149970;ENSG00000109270;ENSG00000169398;ENSG00000138675"
"REACTOME","REACTOME_PKMTS_METHYLATE_HISTONE_LYSINES",0.205490044461628,0.444336818958374,0.0418426681191335,-0.340883409370348,-1.1539153923069,67,"ENSG00000152455;ENSG00000106462;ENSG00000162521;ENSG00000109685;ENSG00000085276;ENSG00000117222;ENSG00000129691;ENSG00000118058;ENSG00000145391;ENSG00000171681;ENSG00000077150;ENSG00000055609;ENSG00000181555;ENSG00000178691;ENSG00000183576;ENSG00000270276;ENSG00000109320;ENSG00000197837;ENSG00000139718;ENSG00000147548;ENSG00000116539;ENSG00000101945;ENSG00000197238;ENSG00000167548;ENSG00000165671"
"REACTOME","REACTOME_REGULATION_OF_GENE_EXPRESSION_BY_HYPOXIA_INDUCIBLE_FACTOR",0.206551588858376,0.445268463309964,0.0420644872196636,0.542301934497935,1.23832939595986,11,"ENSG00000164442;ENSG00000124440;ENSG00000107159"
"REACTOME","REACTOME_EPIGENETIC_REGULATION_OF_GENE_EXPRESSION_BY_MLL3_AND_MLL4_COMPLEXES",0.206375838926175,0.445268463309964,0.0409012441448883,-0.299915049283632,-1.12659426621819,127,"ENSG00000145284;ENSG00000139289;ENSG00000129474;ENSG00000125686;ENSG00000198646;ENSG00000005339;ENSG00000184260;ENSG00000099194;ENSG00000140396;ENSG00000184634;ENSG00000117222;ENSG00000157212;ENSG00000108510;ENSG00000074416;ENSG00000245848;ENSG00000129691;ENSG00000278463;ENSG00000055609;ENSG00000141027;ENSG00000167676;ENSG00000274290;ENSG00000100393;ENSG00000084676;ENSG00000270276;ENSG00000111058;ENSG00000112282;ENSG00000180182;ENSG00000097007;ENSG00000197837;ENSG00000124641;ENSG00000012660;ENSG00000004799;ENSG00000134324;ENSG00000275713;ENSG00000197238;ENSG00000167548;ENSG00000101849;ENSG00000096717"
"REACTOME","REACTOME_POTENTIAL_THERAPEUTICS_FOR_SARS",0.207479399957744,0.446586757226119,0.043731835171746,0.309972835943571,1.13538327772363,95,"ENSG00000143153;ENSG00000004478;ENSG00000170004;ENSG00000183020;ENSG00000096384;ENSG00000178035;ENSG00000079999;ENSG00000160712;ENSG00000080824;ENSG00000116044;ENSG00000042753;ENSG00000174744;ENSG00000161203;ENSG00000088832;ENSG00000106348;ENSG00000100387;ENSG00000170989;ENSG00000167491;ENSG00000105369;ENSG00000004487;ENSG00000064961;ENSG00000110958;ENSG00000089356;ENSG00000071655"
"REACTOME","REACTOME_RND1_GTPASE_CYCLE",0.208463338533541,0.448021665158844,0.0417110149952,-0.381459395417259,-1.18007108152941,42,"ENSG00000173218;ENSG00000174106;ENSG00000134313;ENSG00000108582;ENSG00000141738;ENSG00000144283;ENSG00000075391;ENSG00000163629;ENSG00000145675;ENSG00000168143;ENSG00000105647;ENSG00000160007;ENSG00000107890;ENSG00000072274;ENSG00000115355;ENSG00000172602;ENSG00000105974;ENSG00000147274;ENSG00000173702;ENSG00000142627;ENSG00000171680"
"REACTOME","REACTOME_SPHINGOLIPID_CATABOLISM",0.211189913317573,0.449755596572054,0.0416455870120122,0.558742006175684,1.24101518372314,10,"ENSG00000072210;ENSG00000141934;ENSG00000067113;ENSG00000126821"
"REACTOME","REACTOME_NON_CANONICAL_INFLAMMASOME_ACTIVATION",0.2104746959592,0.449755596572054,0.0416238362763518,0.540088255788916,1.23327453031361,11,"ENSG00000160014;ENSG00000196954;ENSG00000104518;ENSG00000162645;ENSG00000143933;ENSG00000021355;ENSG00000164305"
"REACTOME","REACTOME_LOSS_OF_FUNCTION_OF_MECP2_IN_RETT_SYNDROME",0.211499798954564,0.449755596572054,0.0420868361451837,-0.520851977030947,-1.22811537260861,13,"ENSG00000152495;ENSG00000169057;ENSG00000141027;ENSG00000169375;ENSG00000101849"
"REACTOME","REACTOME_SYNTHESIS_OF_LEUKOTRIENES_LT_AND_EOXINS_EX",0.211465223491682,0.449755596572054,0.0420198810407943,0.463200743513576,1.21164446849067,18,"ENSG00000161905;ENSG00000015413;ENSG00000111144;ENSG00000132965;ENSG00000106853"
"REACTOME","REACTOME_METABOLIC_DISORDERS_OF_BIOLOGICAL_OXIDATION_ENZYMES",0.210504718916701,0.449755596572054,0.0426788844272162,0.401407369951059,1.17853532813013,29,"ENSG00000151224;ENSG00000101444;ENSG00000135929;ENSG00000161513;ENSG00000100983;ENSG00000140459;ENSG00000267673;ENSG00000243989;ENSG00000001084"
"REACTOME","REACTOME_CA_DEPENDENT_EVENTS",0.210917628644101,0.449755596572054,0.0415155189937178,-0.391924707160599,-1.17337566591482,36,"ENSG00000173175;ENSG00000152495;ENSG00000138031;ENSG00000162104;ENSG00000155897;ENSG00000145349;ENSG00000070808;ENSG00000172915;ENSG00000164742;ENSG00000183943;ENSG00000148660;ENSG00000129467;ENSG00000100030;ENSG00000115252;ENSG00000108946;ENSG00000118260"
"REACTOME","REACTOME_PLASMA_LIPOPROTEIN_ASSEMBLY_REMODELING_AND_CLEARANCE",0.210252135861638,0.449755596572054,0.0430778341543233,0.327580606916763,1.14557398409483,72,"ENSG00000183020;ENSG00000143947;ENSG00000100979;ENSG00000158874;ENSG00000118137;ENSG00000130208;ENSG00000166035;ENSG00000025434;ENSG00000042753;ENSG00000132855;ENSG00000161203;ENSG00000221983;ENSG00000122705"
"REACTOME","REACTOME_RNA_POLYMERASE_II_TRANSCRIPTION_TERMINATION",0.212259266928971,0.450691856998055,0.0427020872196148,0.331810457963479,1.14657342206817,67,"ENSG00000116350;ENSG00000141543;ENSG00000125755;ENSG00000123136;ENSG00000143977;ENSG00000183684;ENSG00000205323;ENSG00000172409;ENSG00000071894;ENSG00000100296;ENSG00000162385;ENSG00000119203;ENSG00000176102;ENSG00000125835;ENSG00000182004;ENSG00000160679;ENSG00000079134;ENSG00000163950;ENSG00000101138;ENSG00000111786;ENSG00000205937;ENSG00000155858;ENSG00000100028;ENSG00000116754;ENSG00000100227;ENSG00000160917;ENSG00000100836;ENSG00000163634;ENSG00000111196"
"REACTOME","REACTOME_FORMATION_OF_APOPTOSOME",0.213024715574735,0.451637985572862,0.0413437079847925,0.538595898523622,1.22986677947717,11,"ENSG00000102882;ENSG00000149089;ENSG00000184047;ENSG00000169857;ENSG00000132906;ENSG00000172115"
"REACTOME","REACTOME_EPH_EPHRIN_SIGNALING",0.216353264314388,0.458007210212768,0.0427253227144247,0.310474466518678,1.13097919742745,92,"ENSG00000108947;ENSG00000137575;ENSG00000092841;ENSG00000183020;ENSG00000174775;ENSG00000130429;ENSG00000070371;ENSG00000042753;ENSG00000205155;ENSG00000161203;ENSG00000176884;ENSG00000175416;ENSG00000241685;ENSG00000070886;ENSG00000122705;ENSG00000163466;ENSG00000149269;ENSG00000182580;ENSG00000184009;ENSG00000133392;ENSG00000135333;ENSG00000102606;ENSG00000105357;ENSG00000172757;ENSG00000070831;ENSG00000169242;ENSG00000145715;ENSG00000101608;ENSG00000133026;ENSG00000106976;ENSG00000205726;ENSG00000111229"
"REACTOME","REACTOME_SERINE_METABOLISM",0.21741778319123,0.458884768110638,0.0416673669983408,-0.561284822314473,-1.23422805411007,10,"ENSG00000135069;ENSG00000132824;ENSG00000111897;ENSG00000168528"
"REACTOME","REACTOME_SIGNALING_BY_FLT3_ITD_AND_TKD_MUTANTS",0.217217217217217,0.458884768110638,0.0413650845498529,-0.497566615889921,-1.22103641576837,15,"ENSG00000179295;ENSG00000173757;ENSG00000213281;ENSG00000145675;ENSG00000033327"
"REACTOME","REACTOME_TRNA_MODIFICATION_IN_THE_MITOCHONDRION",0.220282463711259,0.462855414821872,0.0405721536212484,0.535241703745653,1.2222075812905,11,"ENSG00000177192;ENSG00000072506;ENSG00000171103;ENSG00000100416;ENSG00000174173;ENSG00000130299;ENSG00000128694;ENSG00000196449"
"REACTOME","REACTOME_FERTILIZATION",0.22004400880176,0.462855414821872,0.0410473806466076,0.451014883013571,1.19676409923084,19,"ENSG00000085465;ENSG00000099338;ENSG00000182264;ENSG00000010278;ENSG00000099840;ENSG00000188372"
"REACTOME","REACTOME_DEUBIQUITINATION",0.219814241486068,0.462855414821872,0.0434379986196493,0.260651330165462,1.08247416546974,255,"ENSG00000154277;ENSG00000100804;ENSG00000136930;ENSG00000143947;ENSG00000066427;ENSG00000277791;ENSG00000153391;ENSG00000087191;ENSG00000273802;ENSG00000105701;ENSG00000041357;ENSG00000103126;ENSG00000008018;ENSG00000185627;ENSG00000070010;ENSG00000100764;ENSG00000079999;ENSG00000101182;ENSG00000130706;ENSG00000126067;ENSG00000166337;ENSG00000103035;ENSG00000168884;ENSG00000068308;ENSG00000169592;ENSG00000167770;ENSG00000198625;ENSG00000170365;ENSG00000187778;ENSG00000145901;ENSG00000108773;ENSG00000100324;ENSG00000221983;ENSG00000129559;ENSG00000105619;ENSG00000142507;ENSG00000106588;ENSG00000165916;ENSG00000099341;ENSG00000163930;ENSG00000001626;ENSG00000158373;ENSG00000197170;ENSG00000100906;ENSG00000155313;ENSG00000118939;ENSG00000100519;ENSG00000179262;ENSG00000165637;ENSG00000180596;ENSG00000181218;ENSG00000170315;ENSG00000170322;ENSG00000115233;ENSG00000137486;ENSG00000163322;ENSG00000127922;ENSG00000278677;ENSG00000159377;ENSG00000124635;ENSG00000171148;ENSG00000277224;ENSG00000087206;ENSG00000181481;ENSG00000112335;ENSG00000180667;ENSG00000078668;ENSG00000101557;ENSG00000173692;ENSG00000100567;ENSG00000150991;ENSG00000180573;ENSG00000115274;ENSG00000072401"
"REACTOME","REACTOME_ENDOGENOUS_STEROLS",0.221649484536082,0.464792354222218,0.0406742665845581,-0.44463021471653,-1.19529625012953,22,"ENSG00000036530;ENSG00000001630;ENSG00000145476;ENSG00000140396;ENSG00000172817;ENSG00000172379;ENSG00000106546;ENSG00000084676"
"REACTOME","REACTOME_SIGNALING_BY_INTERLEUKINS",0.221862639338368,0.464792354222218,0.0384609134616318,-0.25336014118142,-1.07541918644926,400,"ENSG00000166598;ENSG00000126767;ENSG00000166900;ENSG00000127022;ENSG00000184979;ENSG00000115414;ENSG00000115604;ENSG00000071242;ENSG00000166888;ENSG00000138378;ENSG00000089157;ENSG00000112715;ENSG00000116574;ENSG00000110324;ENSG00000073756;ENSG00000150907;ENSG00000072803;ENSG00000139318;ENSG00000114737;ENSG00000150093;ENSG00000102921;ENSG00000169047;ENSG00000142208;ENSG00000122756;ENSG00000163739;ENSG00000180370;ENSG00000114738;ENSG00000116489;ENSG00000185624;ENSG00000107643;ENSG00000075618;ENSG00000179295;ENSG00000123496;ENSG00000171791;ENSG00000162594;ENSG00000117461;ENSG00000160691;ENSG00000173757;ENSG00000181449;ENSG00000107968;ENSG00000081985;ENSG00000163629;ENSG00000164086;ENSG00000112062;ENSG00000137496;ENSG00000142192;ENSG00000145675;ENSG00000105647;ENSG00000169813;ENSG00000106100;ENSG00000077150;ENSG00000142677;ENSG00000157625;ENSG00000143761;ENSG00000033327;ENSG00000185950"
"REACTOME","REACTOME_REGULATION_OF_HOMOTYPIC_CELL_CELL_ADHESION",0.222965440356745,0.46641066930922,0.0390777501597469,-0.274865235204635,-1.09441814885311,209,"ENSG00000127022;ENSG00000134910;ENSG00000135679;ENSG00000070770;ENSG00000175029;ENSG00000089597;ENSG00000129128;ENSG00000163902;ENSG00000169554;ENSG00000185591;ENSG00000130714;ENSG00000198856;ENSG00000134909;ENSG00000244038;ENSG00000078687;ENSG00000123908;ENSG00000184260;ENSG00000140262;ENSG00000128573;ENSG00000106462;ENSG00000130175;ENSG00000162521;ENSG00000118363;ENSG00000035403;ENSG00000126070"
"REACTOME","REACTOME_MAPK_TARGETS_NUCLEAR_EVENTS_MEDIATED_BY_MAP_KINASES",0.223704866562009,0.467265194653191,0.0402297996453422,-0.410397469138292,-1.18114187573836,30,"ENSG00000126767;ENSG00000071242;ENSG00000139318;ENSG00000107643;ENSG00000164086;ENSG00000112062"
"REACTOME","REACTOME_FOLDING_OF_ACTIN_BY_CCT_TRIC",0.226359338061466,0.467387293525211,0.0400515076935877,0.549950150854978,1.22148769907817,10,"ENSG00000150753;ENSG00000120438;ENSG00000163468;ENSG00000166226;ENSG00000115484;ENSG00000156261;ENSG00000146731;ENSG00000135624"
"REACTOME","REACTOME_CONSTITUTIVE_SIGNALING_BY_EGFRVIII",0.225284601557819,0.467387293525211,0.0404706920896309,0.485669478765103,1.20755366962768,15,"ENSG00000124181;ENSG00000146648;ENSG00000105401;ENSG00000174775;ENSG00000080824"
"REACTOME","REACTOME_MISCELLANEOUS_TRANSPORT_AND_BINDING_EVENTS",0.225184896847022,0.467387293525211,0.0398947010447969,-0.421571333429016,-1.18099780460406,26,"ENSG00000102158;ENSG00000158856;ENSG00000171488;ENSG00000171492;ENSG00000087274;ENSG00000104723;ENSG00000001461;ENSG00000169446;ENSG00000112077"
"REACTOME","REACTOME_INFECTION_WITH_ENTEROBACTERIA",0.226411408478218,0.467387293525211,0.0398557423668398,-0.383795541617995,-1.16162275372087,38,"ENSG00000115414;ENSG00000053747;ENSG00000091136;ENSG00000101680;ENSG00000117228;ENSG00000169031;ENSG00000081052;ENSG00000197565;ENSG00000187498;ENSG00000196569"
"REACTOME","REACTOME_POST_TRANSLATIONAL_MODIFICATION_SYNTHESIS_OF_GPI_ANCHORED_PROTEINS",0.225176965754735,0.467387293525211,0.0395094015109909,-0.319878347269709,-1.12451739707767,83,"ENSG00000112139;ENSG00000131015;ENSG00000185924;ENSG00000174227;ENSG00000112293;ENSG00000154096;ENSG00000197563;ENSG00000135845;ENSG00000060642;ENSG00000101464;ENSG00000185565;ENSG00000183715;ENSG00000172260;ENSG00000165282;ENSG00000144619;ENSG00000102854;ENSG00000196358;ENSG00000143315;ENSG00000163964;ENSG00000197121;ENSG00000259823;ENSG00000119227;ENSG00000277161;ENSG00000142892;ENSG00000165195;ENSG00000167653;ENSG00000169347;ENSG00000183560"
"REACTOME","REACTOME_HDACS_DEACETYLATE_HISTONES",0.225799663299663,0.467387293525211,0.0416238362763518,0.310248353642942,1.12220282820256,88,"ENSG00000170004;ENSG00000273802;ENSG00000100429;ENSG00000174744;ENSG00000158373;ENSG00000167491;ENSG00000004487;ENSG00000180596;ENSG00000064961;ENSG00000181218;ENSG00000276180;ENSG00000274750;ENSG00000270882;ENSG00000071655;ENSG00000197061;ENSG00000278677;ENSG00000124635;ENSG00000277224;ENSG00000132522;ENSG00000273983;ENSG00000277775;ENSG00000180573;ENSG00000275221;ENSG00000135365;ENSG00000276368;ENSG00000196591;ENSG00000278588;ENSG00000275714;ENSG00000197903;ENSG00000184678"
"REACTOME","REACTOME_SIGNALING_BY_TGFB_FAMILY_MEMBERS",0.225890692035068,0.467387293525211,0.0388754749993405,-0.287792407265868,-1.10367082093908,152,"ENSG00000108389;ENSG00000114739;ENSG00000114126;ENSG00000080839;ENSG00000185591;ENSG00000135503;ENSG00000078687;ENSG00000123908;ENSG00000140262;ENSG00000150093;ENSG00000143799;ENSG00000123612;ENSG00000049323;ENSG00000134363;ENSG00000126070;ENSG00000141480;ENSG00000198176;ENSG00000166147;ENSG00000070404;ENSG00000082781;ENSG00000143801;ENSG00000162736;ENSG00000197323;ENSG00000119681;ENSG00000141646;ENSG00000087074;ENSG00000156103;ENSG00000122641;ENSG00000166949;ENSG00000141027;ENSG00000100393;ENSG00000113658;ENSG00000124486;ENSG00000180875;ENSG00000100354"
"REACTOME","REACTOME_SARS_COV_2_INFECTION",0.224106491611962,0.467387293525211,0.0385500902673702,-0.263511226527152,-1.08502201604066,287,"ENSG00000127022;ENSG00000134910;ENSG00000156599;ENSG00000102158;ENSG00000008513;ENSG00000089597;ENSG00000163527;ENSG00000138757;ENSG00000071073;ENSG00000104219;ENSG00000163902;ENSG00000138617;ENSG00000131323;ENSG00000198856;ENSG00000005339;ENSG00000100934;ENSG00000126581;ENSG00000177119;ENSG00000139496;ENSG00000244038;ENSG00000183098;ENSG00000142208;ENSG00000130175;ENSG00000150961;ENSG00000120253;ENSG00000142798;ENSG00000179295;ENSG00000112893;ENSG00000155561;ENSG00000151883;ENSG00000171714;ENSG00000099250;ENSG00000126775;ENSG00000135047;ENSG00000102699;ENSG00000165280;ENSG00000033170;ENSG00000088888;ENSG00000064703;ENSG00000106100;ENSG00000135250;ENSG00000124789;ENSG00000115561;ENSG00000157625;ENSG00000006715;ENSG00000159110;ENSG00000126883;ENSG00000030066;ENSG00000139168;ENSG00000162512;ENSG00000160746;ENSG00000184005;ENSG00000082701;ENSG00000170581;ENSG00000113615;ENSG00000188157;ENSG00000204592;ENSG00000140992;ENSG00000176986;ENSG00000166887;ENSG00000130234;ENSG00000130724;ENSG00000104723;ENSG00000113569;ENSG00000110713;ENSG00000196455"
"REACTOME","REACTOME_ACTIVATION_OF_THE_TFAP2_AP_2_FAMILY_OF_TRANSCRIPTION_FACTORS",0.227945529899349,0.469182344340934,0.0399337564978456,0.51785919649522,1.21374348010082,12,"ENSG00000164442;ENSG00000179862;ENSG00000116819"
"REACTOME","REACTOME_PLATELET_ADHESION_TO_EXPOSED_COLLAGEN",0.227825393661551,0.469182344340934,0.040170145042181,0.493817689225565,1.20557151938179,14,"ENSG00000203618;ENSG00000160323;ENSG00000164692;ENSG00000178732"
"REACTOME","REACTOME_REGULATION_OF_COMMISSURAL_AXON_PATHFINDING_BY_SLIT_AND_ROBO",0.229598051157125,0.471841539759564,0.0404101248751239,-0.554857361532265,-1.2200944946431,10,"ENSG00000185008;ENSG00000154134;ENSG00000169855;ENSG00000184613;ENSG00000184347;ENSG00000197122"
"REACTOME","REACTOME_BIOSYNTHESIS_OF_SPECIALIZED_PRORESOLVING_MEDIATORS_SPMS",0.229905792744037,0.471841539759564,0.0400909544457783,0.45482184824688,1.18972688255385,18,"ENSG00000161905;ENSG00000100197;ENSG00000111144;ENSG00000132965;ENSG00000106853;ENSG00000164120;ENSG00000167468"
"REACTOME","REACTOME_INTERLEUKIN_35_SIGNALLING",0.23242147922999,0.475701825281643,0.0400909544457783,-0.523399677978999,-1.20684555194664,12,"ENSG00000127022;ENSG00000138378;ENSG00000081985;ENSG00000168610;ENSG00000134352"
"REACTOME","REACTOME_TRAFFICKING_OF_GLUR2_CONTAINING_AMPA_RECEPTORS",0.232460523685789,0.475701825281643,0.0397781136793806,0.461729767435063,1.19098470972211,17,"ENSG00000126583;ENSG00000183020;ENSG00000100151;ENSG00000042753;ENSG00000161203"
"REACTOME","REACTOME_KETONE_BODY_METABOLISM",0.233455136012992,0.477045806151006,0.0400318212665025,-0.552794527513698,-1.21555845961156,10,"ENSG00000083720;ENSG00000161267;ENSG00000146151;ENSG00000111058"
"REACTOME","REACTOME_ACTIVATION_OF_SMO",0.234597631948625,0.477858955659927,0.0396623861712408,-0.478822713105559,-1.19493742810508,16,"ENSG00000064309;ENSG00000128602;ENSG00000141480;ENSG00000106012;ENSG00000144857"
"REACTOME","REACTOME_FGFR2_MUTANT_RECEPTOR_ACTIVATION",0.235185185185185,0.477858955659927,0.040170145042181,0.399203485174251,1.16125338262604,28,"ENSG00000177700;ENSG00000163882;ENSG00000100142;ENSG00000125651;ENSG00000105258;ENSG00000168002;ENSG00000099817;ENSG00000070388;ENSG00000005075;ENSG00000147669;ENSG00000107831;ENSG00000158815"
"REACTOME","REACTOME_GOLGI_ASSOCIATED_VESICLE_BIOGENESIS",0.235545207605743,0.477858955659927,0.0388207651295308,-0.347517782013651,-1.13959296126413,56,"ENSG00000108774;ENSG00000197081;ENSG00000239264;ENSG00000108582;ENSG00000152291;ENSG00000073921;ENSG00000173230;ENSG00000116675;ENSG00000081014;ENSG00000143761;ENSG00000182287;ENSG00000132842;ENSG00000134243;ENSG00000133138;ENSG00000122126;ENSG00000130340;ENSG00000182827;ENSG00000072274;ENSG00000134644"
"REACTOME","REACTOME_KINESINS",0.235539778659428,0.477858955659927,0.0404706920896309,0.332445279657783,1.12761644599824,61,"ENSG00000196169;ENSG00000167552;ENSG00000137267;ENSG00000137285;ENSG00000167702;ENSG00000136883;ENSG00000188229;ENSG00000183785;ENSG00000167553;ENSG00000104892;ENSG00000123416;ENSG00000116852;ENSG00000137171;ENSG00000173213"
"REACTOME","REACTOME_SARS_COV_INFECTIONS",0.235241342185537,0.477858955659927,0.0371496772766645,-0.252083960562177,-1.07014115743699,399,"ENSG00000127022;ENSG00000134910;ENSG00000168522;ENSG00000156599;ENSG00000166794;ENSG00000102158;ENSG00000008513;ENSG00000089597;ENSG00000143627;ENSG00000163527;ENSG00000138757;ENSG00000137731;ENSG00000071073;ENSG00000104219;ENSG00000163902;ENSG00000112715;ENSG00000138617;ENSG00000111707;ENSG00000185591;ENSG00000131323;ENSG00000198856;ENSG00000005339;ENSG00000100934;ENSG00000126581;ENSG00000177119;ENSG00000139496;ENSG00000244038;ENSG00000183098;ENSG00000150093;ENSG00000142208;ENSG00000130175;ENSG00000162521;ENSG00000150961;ENSG00000163399;ENSG00000120253;ENSG00000142798;ENSG00000179295;ENSG00000112893;ENSG00000155561;ENSG00000151883;ENSG00000171714;ENSG00000099250;ENSG00000126775;ENSG00000135047;ENSG00000102699;ENSG00000165280;ENSG00000134318;ENSG00000033170;ENSG00000088888;ENSG00000064703;ENSG00000106100;ENSG00000135250;ENSG00000124789;ENSG00000115561;ENSG00000157625;ENSG00000006715;ENSG00000141646;ENSG00000067900;ENSG00000166949;ENSG00000159110;ENSG00000126883;ENSG00000030066;ENSG00000139168;ENSG00000100393;ENSG00000006125;ENSG00000162512;ENSG00000160746;ENSG00000184005;ENSG00000082701;ENSG00000170581;ENSG00000113615;ENSG00000188157;ENSG00000204592;ENSG00000140992;ENSG00000176986;ENSG00000257365;ENSG00000109320;ENSG00000166887;ENSG00000105639;ENSG00000130234;ENSG00000130724;ENSG00000104723;ENSG00000113569;ENSG00000110713;ENSG00000196455;ENSG00000115232;ENSG00000239732"
"REACTOME","REACTOME_ADORA2B_MEDIATED_ANTI_INFLAMMATORY_CYTOKINES_PRODUCTION",0.236883320281911,0.479350680883857,0.0388937547614518,-0.378268922874954,-1.15100762944591,39,"ENSG00000172380;ENSG00000173175;ENSG00000138031;ENSG00000162104;ENSG00000168243;ENSG00000111664;ENSG00000128266;ENSG00000155897;ENSG00000164742;ENSG00000183943;ENSG00000129467;ENSG00000108946;ENSG00000118260"
"REACTOME","REACTOME_SIGNALING_BY_FGFR1",0.236959472561567,0.479350680883857,0.0386758134638,-0.35983479305705,-1.14282432107368,48,"ENSG00000166068;ENSG00000157764;ENSG00000156427;ENSG00000198369;ENSG00000179295;ENSG00000126500;ENSG00000160691;ENSG00000213281;ENSG00000133116;ENSG00000145675;ENSG00000102678;ENSG00000109458;ENSG00000138675;ENSG00000100030;ENSG00000127418;ENSG00000197122"
"REACTOME","REACTOME_ZINC_INFLUX_INTO_CELLS_BY_THE_SLC39_GENE_FAMILY",0.237515225334957,0.479787551034277,0.0396431810797813,-0.55038334475399,-1.21025642882914,10,"ENSG00000104635;ENSG00000138821;ENSG00000141424;ENSG00000139540;ENSG00000112473"
"REACTOME","REACTOME_SODIUM_CALCIUM_EXCHANGERS",0.239600326264274,0.480666139757049,0.0395475075854499,-0.532442420503145,-1.1984591820456,11,"ENSG00000183023;ENSG00000074621"
"REACTOME","REACTOME_THROMBOXANE_SIGNALLING_THROUGH_TP_RECEPTOR",0.239411052843889,0.480666139757049,0.0393202544074839,0.42396333032428,1.16607506089669,22,"ENSG00000060558;ENSG00000127837;ENSG00000174021;ENSG00000162188;ENSG00000172354;ENSG00000156049;ENSG00000006638"
"REACTOME","REACTOME_NUCLEAR_RNA_DECAY",0.239419341647925,0.480666139757049,0.039623999518966,0.374273817516112,1.14234031181711,35,"ENSG00000130713;ENSG00000076053;ENSG00000171824;ENSG00000077348;ENSG00000178896;ENSG00000014164;ENSG00000075914;ENSG00000087087;ENSG00000197223;ENSG00000100836;ENSG00000107371;ENSG00000204348;ENSG00000033030;ENSG00000039123;ENSG00000120699;ENSG00000135698;ENSG00000121274"
"REACTOME","REACTOME_VISUAL_PHOTOTRANSDUCTION",0.23847619047619,0.480666139757049,0.0381441068234305,-0.312913054488775,-1.11012475881599,88,"ENSG00000168522;ENSG00000074621;ENSG00000137474;ENSG00000111142;ENSG00000183098;ENSG00000139988;ENSG00000145476;ENSG00000142798;ENSG00000108370;ENSG00000147650;ENSG00000125388;ENSG00000130203;ENSG00000186326;ENSG00000137868;ENSG00000135697;ENSG00000162512;ENSG00000188157;ENSG00000257365;ENSG00000123384;ENSG00000076716;ENSG00000078369;ENSG00000185974;ENSG00000198610;ENSG00000072042"
"REACTOME","REACTOME_CELLULAR_RESPONSE_TO_HEAT_STRESS",0.23965223965224,0.480666139757049,0.0378679168710869,-0.305355164962442,-1.10748898741631,99,"ENSG00000044574;ENSG00000165868;ENSG00000005339;ENSG00000139496;ENSG00000155304;ENSG00000146072;ENSG00000120253;ENSG00000155561;ENSG00000152137;ENSG00000166170;ENSG00000132383;ENSG00000165280;ENSG00000145349;ENSG00000124789;ENSG00000070808;ENSG00000197565;ENSG00000126883;ENSG00000030066;ENSG00000100393;ENSG00000082701;ENSG00000148660;ENSG00000100030;ENSG00000113569;ENSG00000110713;ENSG00000162889;ENSG00000196431;ENSG00000132182;ENSG00000102900;ENSG00000149311;ENSG00000095319;ENSG00000141564"
"REACTOME","REACTOME_CONDENSATION_OF_PROMETAPHASE_CHROMOSOMES",0.240008156606852,0.480697187416843,0.0395094015109909,-0.532005197919818,-1.19747505042985,11,"ENSG00000070770;ENSG00000010292;ENSG00000136824;ENSG00000121152"
"REACTOME","REACTOME_CELL_DEATH_SIGNALLING_VIA_NRAGE_NRIF_AND_NADE",0.240790483499616,0.481580966999233,0.038091938319143,-0.325557847663191,-1.12313067423306,74,"ENSG00000129675;ENSG00000126217;ENSG00000156299;ENSG00000183111;ENSG00000131089;ENSG00000124126;ENSG00000107643;ENSG00000170776;ENSG00000139132;ENSG00000142856;ENSG00000110237;ENSG00000143801;ENSG00000106144;ENSG00000153094;ENSG00000162736;ENSG00000102302;ENSG00000160145;ENSG00000137135;ENSG00000196914;ENSG00000038382;ENSG00000132694;ENSG00000114346;ENSG00000198844;ENSG00000100485;ENSG00000066248;ENSG00000115904;ENSG00000113319;ENSG00000134259;ENSG00000138613;ENSG00000142632;ENSG00000136238;ENSG00000173848"
"REACTOME","REACTOME_RHOBTB3_ATPASE_CYCLE",0.243402354851807,0.481751775009639,0.0390962704702094,-0.547353782033657,-1.20359462157466,10,"ENSG00000123570;ENSG00000164292;ENSG00000105355"
"REACTOME","REACTOME_APOPTOTIC_CLEAVAGE_OF_CELL_ADHESION_PROTEINS",0.243605359317905,0.481751775009639,0.0390777501597469,-0.54725176012593,-1.20337028217398,10,"ENSG00000046604;ENSG00000119139;ENSG00000197822;ENSG00000081277"
"REACTOME","REACTOME_PROCESSING_AND_ACTIVATION_OF_SUMO",0.243605359317905,0.481751775009639,0.0390777501597469,-0.547192338003134,-1.20323961687167,10,"ENSG00000163904;ENSG00000079387;ENSG00000119231;ENSG00000184900;ENSG00000126261"
"REACTOME","REACTOME_G_PROTEIN_ACTIVATION",0.241880169457333,0.481751775009639,0.0390962704702094,0.429382265551392,1.16871054240934,21,"ENSG00000060558;ENSG00000115138;ENSG00000174021;ENSG00000162188;ENSG00000172354;ENSG00000156049"
"REACTOME","REACTOME_ACTIVATION_OF_THE_PRE_REPLICATIVE_COMPLEX",0.243100411039342,0.481751775009639,0.0383193002410292,-0.391649004536763,-1.15321811919269,33,"ENSG00000101868;ENSG00000132383;ENSG00000094804;ENSG00000125885;ENSG00000135336;ENSG00000123374;ENSG00000065328;ENSG00000014138;ENSG00000076003;ENSG00000097046;ENSG00000104738;ENSG00000115942;ENSG00000146143;ENSG00000112312;ENSG00000073111;ENSG00000115947"
"REACTOME","REACTOME_NUCLEAR_RECEPTOR_TRANSCRIPTION_PATHWAY",0.242377460439985,0.481751775009639,0.038074588399225,-0.352810826545094,-1.13954415204008,52,"ENSG00000196482;ENSG00000186951;ENSG00000125686;ENSG00000164749;ENSG00000175745;ENSG00000119715;ENSG00000172819;ENSG00000141027;ENSG00000198963;ENSG00000143365;ENSG00000111424;ENSG00000131910;ENSG00000177463;ENSG00000113580;ENSG00000112033;ENSG00000112333"
"REACTOME","REACTOME_G_PROTEIN_MEDIATED_EVENTS",0.242763411810112,0.481751775009639,0.0380399476968455,-0.352548959893494,-1.13869834859814,52,"ENSG00000173175;ENSG00000152495;ENSG00000138031;ENSG00000162104;ENSG00000150995;ENSG00000168710;ENSG00000155897;ENSG00000145349;ENSG00000070808;ENSG00000172915;ENSG00000164742;ENSG00000182621;ENSG00000183943;ENSG00000148660;ENSG00000129467;ENSG00000123104;ENSG00000149782;ENSG00000100030;ENSG00000115252;ENSG00000108946;ENSG00000118260;ENSG00000096433;ENSG00000156052;ENSG00000137841"
"REACTOME","REACTOME_DNA_DOUBLE_STRAND_BREAK_REPAIR",0.241947426878934,0.481751775009639,0.0372150648906272,-0.281337647095087,-1.09300564887327,168,"ENSG00000158161;ENSG00000063978;ENSG00000136492;ENSG00000137337;ENSG00000064655;ENSG00000143799;ENSG00000109685;ENSG00000139618;ENSG00000107643;ENSG00000092853;ENSG00000138376;ENSG00000157212;ENSG00000112130;ENSG00000182185;ENSG00000152457;ENSG00000113522;ENSG00000165392;ENSG00000132383;ENSG00000009954;ENSG00000035928;ENSG00000113456;ENSG00000132436;ENSG00000136273;ENSG00000020922;ENSG00000274290;ENSG00000077514;ENSG00000152422;ENSG00000196584;ENSG00000111247;ENSG00000253729;ENSG00000123374;ENSG00000270276;ENSG00000174371;ENSG00000133119;ENSG00000158019;ENSG00000185379;ENSG00000175643;ENSG00000097007;ENSG00000153147;ENSG00000197837;ENSG00000005156;ENSG00000141510;ENSG00000258366;ENSG00000132207;ENSG00000149311;ENSG00000275713;ENSG00000197238;ENSG00000171792;ENSG00000170734;ENSG00000111602;ENSG00000067369;ENSG00000172613;ENSG00000132646;ENSG00000128731;ENSG00000122008;ENSG00000233822;ENSG00000175595;ENSG00000000460;ENSG00000103275;ENSG00000175054;ENSG00000196890;ENSG00000051180;ENSG00000083093;ENSG00000133101;ENSG00000111445;ENSG00000101773;ENSG00000163781;ENSG00000185515"
"REACTOME","REACTOME_SIGNALING_BY_NUCLEAR_RECEPTORS",0.245059288537549,0.483949252328699,0.0407152957956739,0.255039569898862,1.07122333066419,276,"ENSG00000004478;ENSG00000162496;ENSG00000196208;ENSG00000177700;ENSG00000158773;ENSG00000204231;ENSG00000105971;ENSG00000102882;ENSG00000106211;ENSG00000163882;ENSG00000100979;ENSG00000188042;ENSG00000140332;ENSG00000174021;ENSG00000273802;ENSG00000103126;ENSG00000130208;ENSG00000168291;ENSG00000146648;ENSG00000096384;ENSG00000174775;ENSG00000162188;ENSG00000100142;ENSG00000112658;ENSG00000172354;ENSG00000114353;ENSG00000107562;ENSG00000025434;ENSG00000080824;ENSG00000196139;ENSG00000132475;ENSG00000132855;ENSG00000172977;ENSG00000117984;ENSG00000115548;ENSG00000155363;ENSG00000130522;ENSG00000157326;ENSG00000122547;ENSG00000005882;ENSG00000125651;ENSG00000158373;ENSG00000113070;ENSG00000240857;ENSG00000178568;ENSG00000163235;ENSG00000004487;ENSG00000140307;ENSG00000188486;ENSG00000180596;ENSG00000177606;ENSG00000169710;ENSG00000105258;ENSG00000276180;ENSG00000274750;ENSG00000182481;ENSG00000110958;ENSG00000168002;ENSG00000164687;ENSG00000270882;ENSG00000099817;ENSG00000197061;ENSG00000274183;ENSG00000105698;ENSG00000246705;ENSG00000124635;ENSG00000277224;ENSG00000110435;ENSG00000125931;ENSG00000105221;ENSG00000065135;ENSG00000126457;ENSG00000147654;ENSG00000132522;ENSG00000273983;ENSG00000127928;ENSG00000131759;ENSG00000005075"
"REACTOME","REACTOME_HDMS_DEMETHYLATE_HISTONES",0.245440434613892,0.484024991165944,0.0379193221095002,-0.35872528003171,-1.13482485848899,47,"ENSG00000172943;ENSG00000107077;ENSG00000120733;ENSG00000150347;ENSG00000197724;ENSG00000117139;ENSG00000170854;ENSG00000186280;ENSG00000270276;ENSG00000183878;ENSG00000073614;ENSG00000197837;ENSG00000165097;ENSG00000197238"
"REACTOME","REACTOME_OTHER_INTERLEUKIN_SIGNALING",0.246498599439776,0.484757691377387,0.0384965220571916,-0.445859677998329,-1.17043942722203,20,"ENSG00000166900"
"REACTOME","REACTOME_TP53_REGULATES_TRANSCRIPTION_OF_DNA_REPAIR_GENES",0.246397995406139,0.484757691377387,0.039452416158292,0.329933988814663,1.11909843407669,61,"ENSG00000177700;ENSG00000163882;ENSG00000105656;ENSG00000204356;ENSG00000100142;ENSG00000104884;ENSG00000188986;ENSG00000101158;ENSG00000125651;ENSG00000060069;ENSG00000103363;ENSG00000011007;ENSG00000177606;ENSG00000272047;ENSG00000105258;ENSG00000168002;ENSG00000185049;ENSG00000099817;ENSG00000134480;ENSG00000005075;ENSG00000196235;ENSG00000147669"
"REACTOME","REACTOME_HIGH_LAMINAR_FLOW_SHEAR_STRESS_ACTIVATES_SIGNALING_BY_PIEZO1_AND_PECAM1_CDH5_KDR_IN_ENDOTHELIAL_CELLS",0.247750335056481,0.486541687204104,0.0374295602878443,-0.335668857310354,-1.12634659894871,63,"ENSG00000172380;ENSG00000173175;ENSG00000138031;ENSG00000162104;ENSG00000168243;ENSG00000142208;ENSG00000035403;ENSG00000186654;ENSG00000111664;ENSG00000155897;ENSG00000162909;ENSG00000105647;ENSG00000064989;ENSG00000164327;ENSG00000164742;ENSG00000140992;ENSG00000129467;ENSG00000108946;ENSG00000103335"
"REACTOME","REACTOME_TOLL_LIKE_RECEPTOR_CASCADES",0.248615725359911,0.487563061400271,0.0365737032588796,-0.280778209449559,-1.08623578698512,162,"ENSG00000166598;ENSG00000126767;ENSG00000184979;ENSG00000071242;ENSG00000131323;ENSG00000072803;ENSG00000139318;ENSG00000102921;ENSG00000114738;ENSG00000107643;ENSG00000179295;ENSG00000122852;ENSG00000135047;ENSG00000107968;ENSG00000164086;ENSG00000112062;ENSG00000142192;ENSG00000106100;ENSG00000110057;ENSG00000077150;ENSG00000157625;ENSG00000171560;ENSG00000108984;ENSG00000197959;ENSG00000109320;ENSG00000139946;ENSG00000100030;ENSG00000196455;ENSG00000239732;ENSG00000118260;ENSG00000185338;ENSG00000174130;ENSG00000162889;ENSG00000139370;ENSG00000141510;ENSG00000110330;ENSG00000115966;ENSG00000104825;ENSG00000213341;ENSG00000198001"
"REACTOME","REACTOME_HDR_THROUGH_MMEJ_ALT_NHEJ",0.249848024316109,0.489300153029607,0.0384787074328044,-0.515125479938181,-1.18776705510835,12,"ENSG00000143799;ENSG00000139618;ENSG00000113522;ENSG00000020922;ENSG00000005156"
"REACTOME","REACTOME_MHC_CLASS_II_ANTIGEN_PRESENTATION",0.250645438898451,0.490181938676749,0.0397394428476769,0.29051403134883,1.09468534517637,115,"ENSG00000167552;ENSG00000137267;ENSG00000137285;ENSG00000183020;ENSG00000204843;ENSG00000109861;ENSG00000141447;ENSG00000088986;ENSG00000042753;ENSG00000117984;ENSG00000161203;ENSG00000188229;ENSG00000136943;ENSG00000183785;ENSG00000167553;ENSG00000143387;ENSG00000100600;ENSG00000115073;ENSG00000122705;ENSG00000104892;ENSG00000123416;ENSG00000174080;ENSG00000077549;ENSG00000137171;ENSG00000173213;ENSG00000158560;ENSG00000106367;ENSG00000127824"
"REACTOME","REACTOME_RHOBTB2_GTPASE_CYCLE",0.251674446925107,0.491163865645307,0.0383545810309316,0.415461662586939,1.15357371483268,23,"ENSG00000113758;ENSG00000096384;ENSG00000105401;ENSG00000080824;ENSG00000184009;ENSG00000092199;ENSG00000091164;ENSG00000166226;ENSG00000196586;ENSG00000146731;ENSG00000135624"
"REACTOME","REACTOME_SUMOYLATION_OF_RNA_BINDING_PROTEINS",0.251843228560341,0.491163865645307,0.0373632355660537,-0.357499790783839,-1.13094803201562,47,"ENSG00000168283;ENSG00000139496;ENSG00000120253;ENSG00000155561;ENSG00000124789;ENSG00000126883;ENSG00000030066;ENSG00000113569;ENSG00000110713;ENSG00000132182;ENSG00000102900;ENSG00000095319"
"REACTOME","REACTOME_CYTOCHROME_C_MEDIATED_APOPTOTIC_RESPONSE",0.253182179793158,0.493094121197158,0.0377826262640302,0.490585422011948,1.17334927083578,13,"ENSG00000102882;ENSG00000149089;ENSG00000184047;ENSG00000169857;ENSG00000132906;ENSG00000172115;ENSG00000164305"
"REACTOME","REACTOME_RHO_GTPASES_ACTIVATE_ROCKS",0.254850970194039,0.495660564619811,0.037765625523013,0.437236529893726,1.16020335815246,19,"ENSG00000092841;ENSG00000155366;ENSG00000149269;ENSG00000133392;ENSG00000105357;ENSG00000172757;ENSG00000133026;ENSG00000100345;ENSG00000182541"
"REACTOME","REACTOME_PHASE_4_RESTING_MEMBRANE_POTENTIAL",0.257251450290058,0.497430543416145,0.0375630911879726,-0.460847582224227,-1.16647985603906,17,"ENSG00000123700;ENSG00000169427;ENSG00000152315;ENSG00000135750;ENSG00000124249;ENSG00000164626;ENSG00000182324;ENSG00000082482"
"REACTOME","REACTOME_E2F_MEDIATED_REGULATION_OF_DNA_REPLICATION",0.256542426645519,0.497430543416145,0.0374295602878443,-0.432430639163279,-1.16250021776527,22,"ENSG00000114126;ENSG00000198176;ENSG00000101868;ENSG00000125885;ENSG00000135336;ENSG00000014138;ENSG00000115942;ENSG00000146143;ENSG00000115947;ENSG00000139687;ENSG00000085840;ENSG00000170312;ENSG00000198056"
"REACTOME","REACTOME_INTEGRIN_SIGNALING",0.257522469714732,0.497430543416145,0.0370359303299504,-0.408016914873026,-1.15108326127151,27,"ENSG00000115414;ENSG00000142208;ENSG00000116473;ENSG00000160691;ENSG00000171560;ENSG00000079337;ENSG00000169398;ENSG00000140992;ENSG00000197122;ENSG00000115904"
"REACTOME","REACTOME_SIGNALING_BY_ERBB2_IN_CANCER",0.256646216768916,0.497430543416145,0.038091938319143,0.403534867995262,1.14286737339843,25,"ENSG00000124181;ENSG00000146648;ENSG00000127947;ENSG00000105401;ENSG00000174775;ENSG00000080824;ENSG00000113070;ENSG00000065361;ENSG00000178568;ENSG00000169752"
"REACTOME","REACTOME_REGULATION_OF_ENDOGENOUS_RETROELEMENTS_BY_PIWI_INTERACTING_RNAS_PIRNAS",0.257227263135683,0.497430543416145,0.0387300107593134,0.303199483149192,1.10071998168179,90,"ENSG00000170004;ENSG00000099385;ENSG00000273802;ENSG00000106635;ENSG00000132475;ENSG00000158373;ENSG00000167491;ENSG00000188486;ENSG00000180596;ENSG00000276180;ENSG00000274750;ENSG00000099956;ENSG00000270882;ENSG00000071655;ENSG00000197061;ENSG00000274183;ENSG00000246705;ENSG00000124635;ENSG00000277224;ENSG00000082014;ENSG00000205683;ENSG00000273983;ENSG00000133884;ENSG00000277775;ENSG00000180573;ENSG00000276368;ENSG00000196591;ENSG00000134627;ENSG00000278588;ENSG00000275714;ENSG00000197903;ENSG00000184678"
"REACTOME","REACTOME_POSTMITOTIC_NUCLEAR_PORE_COMPLEX_NPC_REFORMATION",0.257913247362251,0.49750478862773,0.0370035891842464,-0.407853983610235,-1.15062360520701,27,"ENSG00000139496;ENSG00000083312;ENSG00000120253;ENSG00000155561;ENSG00000030066;ENSG00000153207;ENSG00000113569;ENSG00000110713;ENSG00000102900;ENSG00000095319;ENSG00000108424;ENSG00000157020;ENSG00000196313;ENSG00000103275;ENSG00000111581"
"REACTOME","REACTOME_LYSOSOME_VESICLE_BIOGENESIS",0.260027391899824,0.500898604860234,0.0368589131634495,-0.381161235716421,-1.13496328616378,35,"ENSG00000003056;ENSG00000239264;ENSG00000135677;ENSG00000177182;ENSG00000142192;ENSG00000116675;ENSG00000081014;ENSG00000143761;ENSG00000182287"
"REACTOME","REACTOME_FOXO_MEDIATED_TRANSCRIPTION_OF_CELL_DEATH_GENES",0.263263263263263,0.503014516546316,0.0370845733682492,-0.478130301070529,-1.1733393890288,15,"ENSG00000175197;ENSG00000150907;ENSG00000005339;ENSG00000001167;ENSG00000120837;ENSG00000153094;ENSG00000100393"
"REACTOME","REACTOME_SIGNALING_BY_ERBB2_ECD_MUTANTS",0.262602111974497,0.503014516546316,0.0370359303299504,0.458507144698099,1.16211736817041,16,"ENSG00000124181;ENSG00000146648;ENSG00000105401;ENSG00000174775;ENSG00000080824"
"REACTOME","REACTOME_FORMATION_OF_THE_DYSTROPHIN_GLYCOPROTEIN_COMPLEX_DGC",0.262941980855636,0.503014516546316,0.0365894056867201,-0.382870428435374,-1.13463389656427,34,"ENSG00000152818;ENSG00000053747;ENSG00000091136;ENSG00000101680;ENSG00000172554;ENSG00000127990;ENSG00000142798;ENSG00000168807;ENSG00000173402;ENSG00000196569"
"REACTOME","REACTOME_CO_STIMULATION_BY_CD28",0.261520513319074,0.503014516546316,0.0366051247216999,-0.361861378048539,-1.13008764245372,44,"ENSG00000141506;ENSG00000142208;ENSG00000180370;ENSG00000186654;ENSG00000154001;ENSG00000117461;ENSG00000107968;ENSG00000145675;ENSG00000105647;ENSG00000164327;ENSG00000068971;ENSG00000140992;ENSG00000066027;ENSG00000197122;ENSG00000117020;ENSG00000136238;ENSG00000198793;ENSG00000176105"
"REACTOME","REACTOME_METABOLISM_OF_STEROIDS",0.262157629960872,0.503014516546316,0.0356608325112044,-0.283159326115368,-1.08243086474984,148,"ENSG00000130703;ENSG00000164211;ENSG00000186951;ENSG00000140284;ENSG00000036530;ENSG00000185591;ENSG00000125686;ENSG00000198646;ENSG00000005339;ENSG00000001167;ENSG00000100934;ENSG00000001630;ENSG00000099194;ENSG00000149084;ENSG00000070882;ENSG00000140396;ENSG00000150961;ENSG00000076555;ENSG00000133835;ENSG00000172817;ENSG00000242110;ENSG00000132196;ENSG00000188786;ENSG00000120837;ENSG00000278540"
"REACTOME","REACTOME_ANTIMICROBIAL_MECHANISM_OF_IFN_STIMULATED_GENES",0.262551619213215,0.503014516546316,0.0389303792602627,0.272382997473977,1.07622897993124,164,"ENSG00000145335;ENSG00000167552;ENSG00000137267;ENSG00000137285;ENSG00000135930;ENSG00000124181;ENSG00000102882;ENSG00000143947;ENSG00000161960;ENSG00000175354;ENSG00000162585;ENSG00000127445;ENSG00000134001;ENSG00000089127;ENSG00000139546;ENSG00000156587;ENSG00000141543;ENSG00000185504;ENSG00000204389;ENSG00000188229;ENSG00000137713;ENSG00000183785;ENSG00000175793;ENSG00000167553;ENSG00000221983;ENSG00000187741;ENSG00000126456;ENSG00000102753;ENSG00000123416;ENSG00000186868;ENSG00000113575;ENSG00000181163;ENSG00000170142;ENSG00000173213;ENSG00000182481;ENSG00000175279;ENSG00000105568;ENSG00000170315;ENSG00000184009;ENSG00000127824"
"REACTOME","REACTOME_FACTORS_INVOLVED_IN_MEGAKARYOCYTE_DEVELOPMENT_AND_PLATELET_PRODUCTION",0.263903800730084,0.503556981933619,0.0385500902673702,0.274131819416371,1.07430704914419,151,"ENSG00000196169;ENSG00000167552;ENSG00000137267;ENSG00000137285;ENSG00000135596;ENSG00000147251;ENSG00000121057;ENSG00000128512;ENSG00000167702;ENSG00000132475;ENSG00000136883;ENSG00000188229;ENSG00000183785;ENSG00000167553;ENSG00000164885;ENSG00000178188;ENSG00000104892;ENSG00000123416;ENSG00000108384;ENSG00000116852;ENSG00000077549;ENSG00000137171;ENSG00000136631;ENSG00000166483;ENSG00000004487;ENSG00000173213;ENSG00000005249;ENSG00000064961;ENSG00000274750;ENSG00000168310;ENSG00000130158;ENSG00000127824;ENSG00000213931;ENSG00000160999;ENSG00000188191;ENSG00000070831;ENSG00000273983;ENSG00000277775;ENSG00000110047;ENSG00000079691;ENSG00000134516;ENSG00000096968;ENSG00000089177;ENSG00000135365;ENSG00000108599;ENSG00000185022;ENSG00000198517;ENSG00000178462;ENSG00000196591;ENSG00000088727;ENSG00000079616"
"REACTOME","REACTOME_REGULATION_BY_C_FLIP",0.267762890783597,0.509023969319271,0.0370197510244561,-0.535803899719852,-1.17819719729623,10,"ENSG00000121858;ENSG00000003402;ENSG00000104689"
"REACTOME","REACTOME_JOSEPHIN_DOMAIN_DUBS",0.268340525696352,0.509023969319271,0.0362477349578108,0.513353815474118,1.17222727744515,11,"ENSG00000143947;ENSG00000066427;ENSG00000221983;ENSG00000179262;ENSG00000170315;ENSG00000150991"
"REACTOME","REACTOME_NEPHRIN_FAMILY_INTERACTIONS",0.267644726407613,0.509023969319271,0.0365266953122174,-0.42916559884064,-1.15372283304196,22,"ENSG00000161270;ENSG00000115306;ENSG00000145675;ENSG00000105647;ENSG00000147044;ENSG00000130402"
"REACTOME","REACTOME_ESTROGEN_DEPENDENT_NUCLEAR_EVENTS_DOWNSTREAM_OF_ESR_MEMBRANE_SIGNALING",0.268571428571429,0.509023969319271,0.0363246982246538,-0.423337968734969,-1.14938435140456,23,"ENSG00000126767;ENSG00000142208;ENSG00000171791;ENSG00000169398;ENSG00000100030;ENSG00000118260;ENSG00000117020;ENSG00000152332"
"REACTOME","REACTOME_SUMOYLATION_OF_UBIQUITINYLATION_PROTEINS",0.268206734534064,0.509023969319271,0.0362170615119638,-0.369591403466318,-1.12460342217429,39,"ENSG00000135679;ENSG00000139496;ENSG00000120253;ENSG00000155561;ENSG00000124789;ENSG00000126883;ENSG00000030066;ENSG00000113569;ENSG00000110713;ENSG00000132182;ENSG00000102900;ENSG00000095319;ENSG00000157020;ENSG00000196313;ENSG00000103275;ENSG00000111581;ENSG00000153201;ENSG00000033800;ENSG00000069248"
"REACTOME","REACTOME_BRANCHED_CHAIN_AMINO_ACID_CATABOLISM",0.269719588460763,0.510514824271577,0.0367314785613611,0.419007600641692,1.14047234715374,21,"ENSG00000105552;ENSG00000151498;ENSG00000198130;ENSG00000072506;ENSG00000103507;ENSG00000127884;ENSG00000075239;ENSG00000091140;ENSG00000128928;ENSG00000137992;ENSG00000148090"
"REACTOME","REACTOME_KILLING_MECHANISMS",0.270111448834853,0.510572109444194,0.0367950597595443,-0.506112532152588,-1.16698516241218,12,"ENSG00000114251;ENSG00000107643;ENSG00000155760;ENSG00000196408;ENSG00000136238"
"REACTOME","REACTOME_FRS_MEDIATED_FGFR2_SIGNALING",0.274509803921569,0.515607802246001,0.0361864516389604,-0.434853581479015,-1.14154699773872,20,"ENSG00000156427;ENSG00000179295;ENSG00000213281;ENSG00000102678;ENSG00000138675"
"REACTOME","REACTOME_MATURATION_OF_TCA_ENZYMES_AND_REGULATION_OF_TCA_CYCLE",0.273780975219824,0.515607802246001,0.0362170615119638,0.42196549111068,1.13614220476576,20,"ENSG00000100412;ENSG00000205138;ENSG00000167985;ENSG00000214113;ENSG00000117118;ENSG00000136003;ENSG00000073578;ENSG00000154079;ENSG00000075239"
"REACTOME","REACTOME_ACTIVATION_OF_KAINATE_RECEPTORS_UPON_GLUTAMATE_BINDING",0.274601322442629,0.515607802246001,0.0355872583741845,-0.398289958641401,-1.13098534917259,28,"ENSG00000172380;ENSG00000168243;ENSG00000149403;ENSG00000111664;ENSG00000075711;ENSG00000182621;ENSG00000164418;ENSG00000171189;ENSG00000149782;ENSG00000137841;ENSG00000078369"
"REACTOME","REACTOME_GLYCOSPHINGOLIPID_CATABOLISM",0.273723341811779,0.515607802246001,0.0357793259745138,-0.377812573287783,-1.12499215437459,35,"ENSG00000003056;ENSG00000113273;ENSG00000054983;ENSG00000204099;ENSG00000104763"
"REACTOME","REACTOME_ACTIVATION_OF_NMDA_RECEPTORS_AND_POSTSYNAPTIC_EVENTS",0.27403338263258,0.515607802246001,0.0373797893946985,0.298947680968698,1.08899006119859,92,"ENSG00000161509;ENSG00000167552;ENSG00000137267;ENSG00000137285;ENSG00000004660;ENSG00000102882;ENSG00000058404;ENSG00000104863;ENSG00000174775;ENSG00000181929;ENSG00000188229;ENSG00000176884;ENSG00000183785;ENSG00000167553;ENSG00000123416;ENSG00000186868;ENSG00000162409;ENSG00000178568;ENSG00000173213;ENSG00000005249;ENSG00000182481;ENSG00000117245;ENSG00000134072;ENSG00000127824;ENSG00000102606"
"REACTOME","REACTOME_TRAF3_DEPENDENT_IRF_ACTIVATION_PATHWAY",0.27542627883651,0.516469994312286,0.036171170470305,-0.480758780749888,-1.1540501629626,14,"ENSG00000131323;ENSG00000005339;ENSG00000088888;ENSG00000100393;ENSG00000052723;ENSG00000115267;ENSG00000146833"
"REACTOME","REACTOME_OPIOID_SIGNALLING",0.276033690658499,0.51692250823581,0.0351534425481948,-0.308416764337275,-1.08820846921105,85,"ENSG00000184588;ENSG00000172380;ENSG00000173175;ENSG00000152495;ENSG00000138031;ENSG00000162104;ENSG00000168243;ENSG00000221823;ENSG00000150995;ENSG00000168710;ENSG00000111664;ENSG00000155897;ENSG00000145349;ENSG00000070808;ENSG00000172915;ENSG00000164742;ENSG00000182621;ENSG00000183943;ENSG00000105650;ENSG00000148660;ENSG00000129467;ENSG00000123104;ENSG00000149782;ENSG00000100030;ENSG00000115252;ENSG00000108946;ENSG00000118260;ENSG00000096433;ENSG00000107758;ENSG00000156052;ENSG00000137841;ENSG00000078369"
"REACTOME","REACTOME_SLC_MEDIATED_TRANSPORT_OF_NEUROTRANSMITTERS",0.277009420725596,0.517561733511389,0.0360343478517525,0.437421556684754,1.14421105099138,18,"ENSG00000101438;ENSG00000142319;ENSG00000010379;ENSG00000108576;ENSG00000165970;ENSG00000179520;ENSG00000175003;ENSG00000177542"
"REACTOME","REACTOME_SUMOYLATION_OF_TRANSCRIPTION_COFACTORS",0.277474668745129,0.517561733511389,0.0354121781823754,-0.358899967458861,-1.11531404267941,43,"ENSG00000168283;ENSG00000172262;ENSG00000005339;ENSG00000140396;ENSG00000180530;ENSG00000100201;ENSG00000064393;ENSG00000141644;ENSG00000100393;ENSG00000084676;ENSG00000131788;ENSG00000184900;ENSG00000256683;ENSG00000147854;ENSG00000108654;ENSG00000169375"
"REACTOME","REACTOME_NEGATIVE_REGULATORS_OF_DDX58_IFIH1_SIGNALING",0.277448374565529,0.517561733511389,0.0364175856719683,0.36379133478661,1.11034618871946,35,"ENSG00000143947;ENSG00000127445;ENSG00000156587;ENSG00000068308;ENSG00000221983;ENSG00000126456;ENSG00000106052;ENSG00000109332;ENSG00000170315;ENSG00000181481;ENSG00000150991;ENSG00000072401;ENSG00000057663"
"REACTOME","REACTOME_FORMATION_OF_INCISION_COMPLEX_IN_GG_NER",0.2782340862423,0.518180802224599,0.0364486780332804,0.347689228644938,1.10908209098486,43,"ENSG00000143947;ENSG00000104884;ENSG00000139842;ENSG00000131778;ENSG00000221983;ENSG00000100387;ENSG00000179262;ENSG00000272047;ENSG00000170315;ENSG00000116030;ENSG00000134480;ENSG00000129484;ENSG00000012061;ENSG00000150991;ENSG00000169139"
"REACTOME","REACTOME_BACTERIAL_INFECTION_PATHWAYS",0.278540530374271,0.518180802224599,0.0346082200691802,-0.2973948385712,-1.08581297422661,104,"ENSG00000115414;ENSG00000163297;ENSG00000185518;ENSG00000053747;ENSG00000091136;ENSG00000198431;ENSG00000143858;ENSG00000101680;ENSG00000115145;ENSG00000159164;ENSG00000105976;ENSG00000117228;ENSG00000169031;ENSG00000173821;ENSG00000081052;ENSG00000197565;ENSG00000187498;ENSG00000196569;ENSG00000170248;ENSG00000067715;ENSG00000108984;ENSG00000085832;ENSG00000111266;ENSG00000100030;ENSG00000197122;ENSG00000172367;ENSG00000196878;ENSG00000169604;ENSG00000134871;ENSG00000012223;ENSG00000169032;ENSG00000198561;ENSG00000102144;ENSG00000183347;ENSG00000105879;ENSG00000108424;ENSG00000075785"
"REACTOME","REACTOME_SYNTHESIS_OF_BILE_ACIDS_AND_BILE_SALTS_VIA_27_HYDROXYCHOLESTEROL",0.279435163086714,0.519161118787422,0.0356903661028327,0.47859424877978,1.14466958787511,13,"ENSG00000151632;ENSG00000196139;ENSG00000135929;ENSG00000099377;ENSG00000012504"
"REACTOME","REACTOME_ACTIVATED_PKN1_STIMULATES_TRANSCRIPTION_OF_AR_ANDROGEN_RECEPTOR_REGULATED_GENES_KLK2_AND_KLK3",0.280566548635701,0.520578142803692,0.0365737032588796,0.324319329246822,1.09376022794915,59,"ENSG00000273802;ENSG00000132475;ENSG00000158373;ENSG00000004487;ENSG00000188486;ENSG00000180596;ENSG00000276180;ENSG00000274750;ENSG00000123143;ENSG00000270882;ENSG00000197061;ENSG00000274183;ENSG00000246705;ENSG00000124635;ENSG00000277224;ENSG00000273983;ENSG00000277775;ENSG00000180573;ENSG00000276368;ENSG00000278588;ENSG00000275714;ENSG00000197903;ENSG00000184678;ENSG00000234289"
"REACTOME","REACTOME_IONOTROPIC_ACTIVITY_OF_KAINATE_RECEPTORS",0.281770198944377,0.521441049684744,0.0359438339015201,-0.529870726267805,-1.16515054284685,10,"ENSG00000149403;ENSG00000075711;ENSG00000164418;ENSG00000171189"
"REACTOME","REACTOME_SYNAPTIC_ADHESION_LIKE_MOLECULES",0.281420213839016,0.521441049684744,0.0358389339345742,0.415251735976402,1.13024947820374,21,"ENSG00000161509;ENSG00000132589;ENSG00000173621;ENSG00000128011;ENSG00000176884"
"REACTOME","REACTOME_RNA_POLYMERASE_II_TRANSCRIBES_SNRNA_GENES",0.283089770354906,0.523197324268491,0.0364331237004735,0.310182954144659,1.09058020005964,74,"ENSG00000177700;ENSG00000163882;ENSG00000139579;ENSG00000105656;ENSG00000100142;ENSG00000197265;ENSG00000106290;ENSG00000125651;ENSG00000104613;ENSG00000140307;ENSG00000105258;ENSG00000168002;ENSG00000127054;ENSG00000099817;ENSG00000122484;ENSG00000005075;ENSG00000148835;ENSG00000087087;ENSG00000064102;ENSG00000164902;ENSG00000196235;ENSG00000147669;ENSG00000144161;ENSG00000104976;ENSG00000137947;ENSG00000160075;ENSG00000164880;ENSG00000104299;ENSG00000112592;ENSG00000165684;ENSG00000213246;ENSG00000174446;ENSG00000188342;ENSG00000064995;ENSG00000185085"
"REACTOME","REACTOME_SPHINGOLIPID_METABOLISM",0.283709463303622,0.523657205470215,0.034403895723653,-0.297024929856777,-1.07890298268797,101,"ENSG00000165389;ENSG00000003056;ENSG00000163590;ENSG00000113273;ENSG00000103222;ENSG00000118276;ENSG00000124164;ENSG00000054983;ENSG00000204099;ENSG00000148154;ENSG00000104763;ENSG00000100422;ENSG00000090054;ENSG00000117069;ENSG00000143753;ENSG00000176597;ENSG00000184304;ENSG00000143418"
"REACTOME","REACTOME_SIGNALING_BY_BMP",0.285391875256463,0.526074840551078,0.0358987850072238,0.379007786945472,1.11276996883768,29,"ENSG00000120693;ENSG00000101938;ENSG00000137834;ENSG00000163430;ENSG00000170365;ENSG00000135409;ENSG00000109332"
"REACTOME","REACTOME_GLYCOSPHINGOLIPID_METABOLISM",0.287013741048965,0.52837470972769,0.034580808198191,-0.336032320859019,-1.09446380529948,54,"ENSG00000003056;ENSG00000113273;ENSG00000118276;ENSG00000054983;ENSG00000204099;ENSG00000148154;ENSG00000104763;ENSG00000100422;ENSG00000117069;ENSG00000176597"
"REACTOME","REACTOME_SIGNALING_BY_MODERATE_KINASE_ACTIVITY_BRAF_MUTANTS",0.287940775375024,0.52939111305929,0.0346494361403704,-0.352906385509423,-1.10648452384554,45,"ENSG00000115414;ENSG00000157764;ENSG00000171435;ENSG00000089234;ENSG00000035403;ENSG00000116473;ENSG00000141480;ENSG00000213281;ENSG00000145349;ENSG00000141068;ENSG00000070808;ENSG00000171560;ENSG00000149970;ENSG00000148660;ENSG00000100030;ENSG00000197122"
"REACTOME","REACTOME_REGULATION_OF_SIGNALING_BY_NODAL",0.288469346325619,0.529607299620183,0.0354557516199141,-0.527723326646951,-1.16042855367116,10,"ENSG00000114739;ENSG00000135503;ENSG00000123612"
"REACTOME","REACTOME_SIGNALING_BY_NOTCH2",0.2889019377569,0.529607299620183,0.0346769792883295,-0.377980181357389,-1.11297000321154,33,"ENSG00000184384;ENSG00000161021;ENSG00000101384;ENSG00000101752;ENSG00000018236;ENSG00000143801;ENSG00000162736;ENSG00000013619;ENSG00000196782;ENSG00000100393;ENSG00000114315;ENSG00000118260;ENSG00000214357;ENSG00000138613"
"REACTOME","REACTOME_MOLECULES_ASSOCIATED_WITH_ELASTIC_FIBRES",0.289489136817381,0.529607299620183,0.0346356843186521,-0.377890133327609,-1.11270485503464,33,"ENSG00000115414;ENSG00000150093;ENSG00000049323;ENSG00000166147;ENSG00000082781;ENSG00000115380;ENSG00000119681;ENSG00000037749"
"REACTOME","REACTOME_HCMV_LATE_EVENTS",0.289558665231432,0.529607299620183,0.0366051247216999,0.286898279934536,1.07407206130426,110,"ENSG00000132612;ENSG00000139722;ENSG00000273802;ENSG00000147457;ENSG00000176428;ENSG00000159210;ENSG00000141971;ENSG00000160948;ENSG00000101421;ENSG00000131165;ENSG00000158373;ENSG00000180596;ENSG00000181218;ENSG00000276180;ENSG00000274750;ENSG00000196814;ENSG00000270882;ENSG00000197061;ENSG00000278677;ENSG00000124635;ENSG00000277224;ENSG00000138750;ENSG00000254505;ENSG00000165006;ENSG00000273983;ENSG00000221869;ENSG00000277775;ENSG00000136243;ENSG00000180573;ENSG00000275221;ENSG00000213024;ENSG00000085415;ENSG00000276368;ENSG00000278588;ENSG00000275714;ENSG00000197903;ENSG00000131475;ENSG00000184678"
"REACTOME","REACTOME_GLUTAMATE_AND_GLUTAMINE_METABOLISM",0.292076228686058,0.532144045038341,0.0349553456182706,-0.473749390897542,-1.13722428723184,14,"ENSG00000135821;ENSG00000183010;ENSG00000059573"
"REACTOME","REACTOME_NOTCH_HLH_TRANSCRIPTION_PATHWAY",0.291326332166472,0.532144045038341,0.0343768711554883,-0.3927846232379,-1.11535238241421,28,"ENSG00000184384;ENSG00000161021;ENSG00000005339;ENSG00000114166;ENSG00000013619;ENSG00000196782;ENSG00000068024;ENSG00000141027"
"REACTOME","REACTOME_SUMOYLATION_OF_SUMOYLATION_PROTEINS",0.291919389551947,0.532144045038341,0.0344580982777182,-0.373169339750189,-1.11116624790656,35,"ENSG00000139496;ENSG00000120253;ENSG00000155561;ENSG00000124789;ENSG00000126883;ENSG00000030066;ENSG00000113569;ENSG00000110713;ENSG00000132182;ENSG00000102900;ENSG00000095319;ENSG00000157020;ENSG00000196313;ENSG00000103275;ENSG00000111581;ENSG00000153201;ENSG00000069248"
"REACTOME","REACTOME_MITOCHONDRIAL_FATTY_ACID_BETA_OXIDATION",0.293804947863423,0.534603848431898,0.0352248527088057,0.359721325048252,1.09792390328023,35,"ENSG00000072778;ENSG00000138796;ENSG00000167969;ENSG00000141179;ENSG00000119673;ENSG00000127884;ENSG00000151611;ENSG00000116353;ENSG00000167315;ENSG00000155368;ENSG00000111271;ENSG00000005187;ENSG00000004779;ENSG00000114054;ENSG00000104325;ENSG00000159445"
"REACTOME","REACTOME_DDX58_IFIH1_MEDIATED_INDUCTION_OF_INTERFERON_ALPHA_BETA",0.294642857142857,0.534750275431509,0.0354848730992511,0.313517611555209,1.0874470251338,69,"ENSG00000143947;ENSG00000127445;ENSG00000168256;ENSG00000096384;ENSG00000156587;ENSG00000080824;ENSG00000068308;ENSG00000221983;ENSG00000126456;ENSG00000136560;ENSG00000100906;ENSG00000106052;ENSG00000109332;ENSG00000185507;ENSG00000170315;ENSG00000197885;ENSG00000181481;ENSG00000168040;ENSG00000150991;ENSG00000072401;ENSG00000173039;ENSG00000057663;ENSG00000064012"
"REACTOME","REACTOME_HOMOLOGY_DIRECTED_REPAIR",0.294547498594716,0.534750275431509,0.0334113872043914,-0.282284121053336,-1.06888034621323,138,"ENSG00000063978;ENSG00000136492;ENSG00000137337;ENSG00000143799;ENSG00000109685;ENSG00000139618;ENSG00000092853;ENSG00000138376;ENSG00000112130;ENSG00000182185;ENSG00000113522;ENSG00000165392;ENSG00000132383;ENSG00000035928;ENSG00000113456;ENSG00000132436;ENSG00000136273;ENSG00000020922;ENSG00000274290;ENSG00000077514;ENSG00000196584;ENSG00000111247;ENSG00000123374;ENSG00000270276;ENSG00000174371;ENSG00000133119;ENSG00000158019;ENSG00000185379;ENSG00000175643;ENSG00000097007;ENSG00000197837;ENSG00000005156;ENSG00000258366;ENSG00000132207;ENSG00000149311;ENSG00000275713;ENSG00000197238;ENSG00000171792;ENSG00000170734;ENSG00000111602;ENSG00000067369;ENSG00000172613;ENSG00000132646;ENSG00000128731;ENSG00000122008;ENSG00000233822;ENSG00000175595;ENSG00000000460;ENSG00000103275;ENSG00000175054;ENSG00000196890;ENSG00000051180;ENSG00000083093;ENSG00000133101;ENSG00000111445;ENSG00000101773;ENSG00000163781;ENSG00000185515"
"REACTOME","REACTOME_TRANSPORT_OF_THE_SLBP_DEPENDANT_MATURE_MRNA",0.296223830952847,0.536241088853102,0.0341624934182991,-0.36912602928494,-1.10511915300412,36,"ENSG00000139496;ENSG00000120253;ENSG00000155561;ENSG00000124789;ENSG00000126883;ENSG00000030066;ENSG00000113569;ENSG00000110713;ENSG00000132182;ENSG00000102900;ENSG00000095319;ENSG00000157020;ENSG00000196313;ENSG00000111581;ENSG00000136937;ENSG00000153201;ENSG00000069248"
"REACTOME","REACTOME_FLT3_SIGNALING",0.296151592107834,0.536241088853102,0.0341359210637563,-0.363984155858295,-1.1016602112062,38,"ENSG00000106070;ENSG00000111252;ENSG00000142208;ENSG00000179295;ENSG00000173757;ENSG00000213281;ENSG00000145675;ENSG00000153094;ENSG00000033327"
"REACTOME","REACTOME_GLYCOGEN_BREAKDOWN_GLYCOGENOLYSIS",0.297982824046335,0.53804571298392,0.0344580982777182,0.454606941981189,1.13032073257606,15,"ENSG00000156873;ENSG00000163754;ENSG00000164776;ENSG00000068976;ENSG00000100994"
"REACTOME","REACTOME_TRNA_PROCESSING",0.29776247848537,0.53804571298392,0.0360041146230746,0.283679610678945,1.06893257820895,115,"ENSG00000166166;ENSG00000177192;ENSG00000182173;ENSG00000196976;ENSG00000241370;ENSG00000110060;ENSG00000104907;ENSG00000213339;ENSG00000176261;ENSG00000006744;ENSG00000072506;ENSG00000037897;ENSG00000241058;ENSG00000277209;ENSG00000167272;ENSG00000172409;ENSG00000071894;ENSG00000172336;ENSG00000163684;ENSG00000167118;ENSG00000142544;ENSG00000154743;ENSG00000162971;ENSG00000138750;ENSG00000211459;ENSG00000124787;ENSG00000160193;ENSG00000178718;ENSG00000136243;ENSG00000174177;ENSG00000113272;ENSG00000089195;ENSG00000213024;ENSG00000091127;ENSG00000132341;ENSG00000213638;ENSG00000085415;ENSG00000173113;ENSG00000144034"
"REACTOME","REACTOME_PI_3K_CASCADE_FGFR4",0.300900900900901,0.542620781701241,0.0343095321114226,-0.461651236465096,-1.13289950150732,15,"ENSG00000156427;ENSG00000179295;ENSG00000145675;ENSG00000102678;ENSG00000109458"
"REACTOME","REACTOME_GBP_MEDIATED_HOST_DEFENSE",0.301970245275432,0.543207003925288,0.0343229745899501,-0.479261488915538,-1.13004928077962,13,"ENSG00000168522;ENSG00000117228"
"REACTOME","REACTOME_SIGNALING_BY_NOTCH1",0.30199539524175,0.543207003925288,0.0333861850760725,-0.313253810659674,-1.08068340572229,74,"ENSG00000106829;ENSG00000184384;ENSG00000161021;ENSG00000101384;ENSG00000005339;ENSG00000114166;ENSG00000101752;ENSG00000141480;ENSG00000187957;ENSG00000135547;ENSG00000018236;ENSG00000143801;ENSG00000135144;ENSG00000162736;ENSG00000013619;ENSG00000196782;ENSG00000172915;ENSG00000068024;ENSG00000141027;ENSG00000100393;ENSG00000196781;ENSG00000109670"
"REACTOME","REACTOME_REGULATION_OF_PD_L1_CD274_EXPRESSION",0.302411190870606,0.543262851792996,0.0325433433422922,-0.269195968109251,-1.0593234108997,186,"ENSG00000099958;ENSG00000134910;ENSG00000071537;ENSG00000102158;ENSG00000070770;ENSG00000072849;ENSG00000135506;ENSG00000163527;ENSG00000163902;ENSG00000198856;ENSG00000005339;ENSG00000244038;ENSG00000078687;ENSG00000123908;ENSG00000184260;ENSG00000106462;ENSG00000007866;ENSG00000162521;ENSG00000136986;ENSG00000126070;ENSG00000117222;ENSG00000165280;ENSG00000129691;ENSG00000118058;ENSG00000138795;ENSG00000077150;ENSG00000278463;ENSG00000055609;ENSG00000138942;ENSG00000178691;ENSG00000274290;ENSG00000100393;ENSG00000116016;ENSG00000100354;ENSG00000082701;ENSG00000270276;ENSG00000168610"
"REACTOME","REACTOME_RHOD_GTPASE_CYCLE",0.303667953667954,0.544827383200954,0.0333987805039715,-0.335031411215164,-1.08681873265407,53,"ENSG00000173218;ENSG00000107863;ENSG00000134909;ENSG00000124164;ENSG00000120802;ENSG00000028116;ENSG00000174106;ENSG00000161800;ENSG00000118407;ENSG00000186399;ENSG00000145675;ENSG00000105647;ENSG00000160007;ENSG00000140750;ENSG00000074695;ENSG00000113368"
"REACTOME","REACTOME_PEPTIDE_LIGAND_BINDING_RECEPTORS",0.304241741741742,0.545164136217436,0.03280659560828,-0.278979146067152,-1.06311523748719,146,"ENSG00000013583;ENSG00000151882;ENSG00000278195;ENSG00000119973;ENSG00000204174;ENSG00000170775;ENSG00000139874;ENSG00000163739;ENSG00000197405;ENSG00000106804;ENSG00000006210;ENSG00000135744;ENSG00000169248;ENSG00000047597;ENSG00000144648;ENSG00000142192;ENSG00000144891;ENSG00000166603;ENSG00000173080;ENSG00000241563;ENSG00000126010;ENSG00000101200;ENSG00000181104;ENSG00000180616;ENSG00000171509;ENSG00000186867;ENSG00000075073;ENSG00000186810;ENSG00000164251;ENSG00000143185;ENSG00000169429;ENSG00000164850;ENSG00000137252"
"REACTOME","REACTOME_INTERFERON_GAMMA_SIGNALING",0.30703223105902,0.549467059892696,0.0348015796932357,0.297412735796028,1.07135089065456,85,"ENSG00000163462;ENSG00000163932;ENSG00000132109;ENSG00000102882;ENSG00000110171;ENSG00000058404;ENSG00000175354;ENSG00000089127;ENSG00000213928;ENSG00000140464;ENSG00000065978;ENSG00000126456;ENSG00000185507;ENSG00000168310;ENSG00000162645;ENSG00000116030;ENSG00000116525;ENSG00000234745"
"REACTOME","REACTOME_CARGO_RECOGNITION_FOR_CLATHRIN_MEDIATED_ENDOCYTOSIS",0.30798335225123,0.550471510605995,0.0327222923721584,-0.29246100978307,-1.06454759046995,102,"ENSG00000003056;ENSG00000138760;ENSG00000197081;ENSG00000143858;ENSG00000115145;ENSG00000114251;ENSG00000173744;ENSG00000141480;ENSG00000152291;ENSG00000243244;ENSG00000169891;ENSG00000073921;ENSG00000132718;ENSG00000144891;ENSG00000117533;ENSG00000188021;ENSG00000065609;ENSG00000067715;ENSG00000085832;ENSG00000118473;ENSG00000006125;ENSG00000101200;ENSG00000170743;ENSG00000157107"
"REACTOME","REACTOME_CONSTITUTIVE_SIGNALING_BY_OVEREXPRESSED_ERBB2",0.310317771675167,0.553942722636328,0.0332858253362328,0.496778878015738,1.1343789295319,11,"ENSG00000127947;ENSG00000105401;ENSG00000174775;ENSG00000080824"
"REACTOME","REACTOME_REGULATION_OF_RUNX1_EXPRESSION_AND_ACTIVITY",0.312262452490498,0.556410623012596,0.0335508100250612,-0.440226915124371,-1.11428560848767,17,"ENSG00000078687;ENSG00000123908;ENSG00000179295;ENSG00000126070;ENSG00000100354;ENSG00000197122"
"REACTOME","REACTOME_ESR_MEDIATED_SIGNALING",0.312488402300983,0.556410623012596,0.0320656807677177,-0.264090715389446,-1.0509674959007,208,"ENSG00000126767;ENSG00000175893;ENSG00000164754;ENSG00000096060;ENSG00000153922;ENSG00000172380;ENSG00000185591;ENSG00000125686;ENSG00000213694;ENSG00000153786;ENSG00000005339;ENSG00000078687;ENSG00000123908;ENSG00000184260;ENSG00000168243;ENSG00000114166;ENSG00000072501;ENSG00000142208;ENSG00000140396;ENSG00000126070;ENSG00000171791;ENSG00000117461;ENSG00000171604;ENSG00000180530;ENSG00000160691;ENSG00000118513;ENSG00000111664;ENSG00000213281;ENSG00000145675;ENSG00000105647;ENSG00000278463;ENSG00000169398;ENSG00000274290;ENSG00000100393;ENSG00000084676;ENSG00000100354;ENSG00000270276;ENSG00000140992;ENSG00000118007;ENSG00000125740;ENSG00000100030;ENSG00000129315;ENSG00000197122;ENSG00000160182;ENSG00000118260;ENSG00000197837;ENSG00000047315;ENSG00000100811;ENSG00000160180;ENSG00000117020;ENSG00000152332;ENSG00000115966;ENSG00000078369;ENSG00000181222;ENSG00000108654;ENSG00000275713;ENSG00000197238"
"REACTOME","REACTOME_DEVELOPMENTAL_LINEAGE_OF_MAMMARY_GLAND_MYOEPITHELIAL_CELLS",0.313584679832436,0.557659405445087,0.0334113872043914,-0.434315598591828,-1.11522966636509,18,"ENSG00000196549;ENSG00000150093;ENSG00000165092"
"REACTOME","REACTOME_PLASMA_LIPOPROTEIN_ASSEMBLY",0.31400677425782,0.557707629247852,0.0333610279666885,0.438736140255114,1.11200642024942,16,"ENSG00000158874;ENSG00000118137;ENSG00000130208"
"REACTOME","REACTOME_ABERRANT_REGULATION_OF_MITOTIC_G1_S_TRANSITION_IN_CANCER_DUE_TO_RB1_DEFECTS",0.314462892578516,0.557816085830231,0.0334113872043914,-0.439224768662994,-1.11174901351552,17,"ENSG00000114126;ENSG00000198176;ENSG00000123374;ENSG00000007968;ENSG00000112242;ENSG00000105173;ENSG00000139687"
"REACTOME","REACTOME_DISEASES_OF_PROGRAMMED_CELL_DEATH",0.315856236786469,0.5595847005552,0.0344309713743366,0.289091409396942,1.06248426581172,97,"ENSG00000126247;ENSG00000117450;ENSG00000273802;ENSG00000167815;ENSG00000160789;ENSG00000108561;ENSG00000132475;ENSG00000147889;ENSG00000164885;ENSG00000158373;ENSG00000188486;ENSG00000180596;ENSG00000177606;ENSG00000168404;ENSG00000276180;ENSG00000014216;ENSG00000274750;ENSG00000270882;ENSG00000197061;ENSG00000274183;ENSG00000246705;ENSG00000124635;ENSG00000277224;ENSG00000273983;ENSG00000168040;ENSG00000277775;ENSG00000180573"
"REACTOME","REACTOME_SIGNALING_BY_KIT_IN_DISEASE",0.318927571028411,0.562324597543112,0.033136616625146,-0.419465251693018,-1.10115063810044,20,"ENSG00000117461;ENSG00000173757;ENSG00000213281;ENSG00000145675;ENSG00000105647;ENSG00000168610;ENSG00000197122;ENSG00000115904;ENSG00000176105;ENSG00000115415"
"REACTOME","REACTOME_O_GLYCOSYLATION_OF_TSR_DOMAIN_CONTAINING_PROTEINS",0.319202969329947,0.562324597543112,0.0326504362892885,-0.359999991997061,-1.08424558671321,37,"ENSG00000178031;ENSG00000187720;ENSG00000136378;ENSG00000166106;ENSG00000112902;ENSG00000087116;ENSG00000049192;ENSG00000158859;ENSG00000159674;ENSG00000145536;ENSG00000187676"
"REACTOME","REACTOME_MAP2K_AND_MAPK_ACTIVATION",0.319625803936854,0.562324597543112,0.0325789493934004,-0.353717947965546,-1.08414177384746,40,"ENSG00000115414;ENSG00000157764;ENSG00000171435;ENSG00000035403;ENSG00000116473;ENSG00000141480;ENSG00000213281;ENSG00000141068;ENSG00000171560;ENSG00000149970;ENSG00000109270"
"REACTOME","REACTOME_NEGATIVE_REGULATION_OF_MAPK_PATHWAY",0.319096509240246,0.562324597543112,0.0336402559401336,0.338936197461123,1.08116109335823,43,"ENSG00000188130;ENSG00000089220;ENSG00000102882;ENSG00000143947;ENSG00000174775;ENSG00000126934;ENSG00000137713;ENSG00000221983;ENSG00000113575;ENSG00000075413;ENSG00000105568;ENSG00000170315;ENSG00000143507;ENSG00000138166;ENSG00000112640;ENSG00000166913;ENSG00000078061;ENSG00000150991"
"REACTOME","REACTOME_CO_INHIBITION_BY_PD_1",0.318022505072865,0.562324597543112,0.0316150962454774,-0.265726732875341,-1.05211307633006,196,"ENSG00000099958;ENSG00000134910;ENSG00000071537;ENSG00000102158;ENSG00000070770;ENSG00000072849;ENSG00000135506;ENSG00000163527;ENSG00000163902;ENSG00000198856;ENSG00000005339;ENSG00000244038;ENSG00000078687;ENSG00000123908;ENSG00000184260;ENSG00000106462;ENSG00000007866;ENSG00000162521;ENSG00000136986;ENSG00000179295;ENSG00000126070;ENSG00000117222;ENSG00000165280;ENSG00000129691;ENSG00000118058;ENSG00000138795;ENSG00000077150;ENSG00000278463;ENSG00000055609;ENSG00000138942;ENSG00000178691;ENSG00000274290;ENSG00000100393;ENSG00000116016;ENSG00000100354;ENSG00000082701;ENSG00000270276;ENSG00000168610"
"REACTOME","REACTOME_MITOTIC_PROMETAPHASE",0.319792246336487,0.562324597543112,0.0316150962454774,-0.263541211692523,-1.0473407253562,204,"ENSG00000164754;ENSG00000106477;ENSG00000070770;ENSG00000167842;ENSG00000101162;ENSG00000103540;ENSG00000188312;ENSG00000072501;ENSG00000007168;ENSG00000176014;ENSG00000112877;ENSG00000116127;ENSG00000139350;ENSG00000120253;ENSG00000120334;ENSG00000137822;ENSG00000166579;ENSG00000154001;ENSG00000119397;ENSG00000166451;ENSG00000062650;ENSG00000142856;ENSG00000138092;ENSG00000121892;ENSG00000010292;ENSG00000102384;ENSG00000149503;ENSG00000104833;ENSG00000130779;ENSG00000175216;ENSG00000030066;ENSG00000068971;ENSG00000249115;ENSG00000136824;ENSG00000153207;ENSG00000174442;ENSG00000136811;ENSG00000138778;ENSG00000118007;ENSG00000103995;ENSG00000204899;ENSG00000121152;ENSG00000110713;ENSG00000066027;ENSG00000160551;ENSG00000156970;ENSG00000101639;ENSG00000258947;ENSG00000074054;ENSG00000101624;ENSG00000182923;ENSG00000142945;ENSG00000092036;ENSG00000126216;ENSG00000137812;ENSG00000117650;ENSG00000198707;ENSG00000101972;ENSG00000117724;ENSG00000152253;ENSG00000184445;ENSG00000197102;ENSG00000068796;ENSG00000153044;ENSG00000166037;ENSG00000157020;ENSG00000000460;ENSG00000089685;ENSG00000174799;ENSG00000111581;ENSG00000078304;ENSG00000143156;ENSG00000086827;ENSG00000163535;ENSG00000148019;ENSG00000153201;ENSG00000151849;ENSG00000101004;ENSG00000196230;ENSG00000170312;ENSG00000163539;ENSG00000069248;ENSG00000243910;ENSG00000128159;ENSG00000147874;ENSG00000072062;ENSG00000151725;ENSG00000142731;ENSG00000154473;ENSG00000123219;ENSG00000143924;ENSG00000261456"
"REACTOME","REACTOME_CHROMOSOME_MAINTENANCE",0.32101965867358,0.563780793590913,0.0345397882178118,0.274170244747785,1.05718216350189,135,"ENSG00000204209;ENSG00000102901;ENSG00000177700;ENSG00000257949;ENSG00000130826;ENSG00000163882;ENSG00000273802;ENSG00000145912;ENSG00000100142;ENSG00000107960;ENSG00000132604;ENSG00000132475;ENSG00000109534;ENSG00000182117;ENSG00000183207;ENSG00000158373;ENSG00000092330;ENSG00000181163;ENSG00000164362;ENSG00000188486;ENSG00000180596;ENSG00000105258;ENSG00000276180;ENSG00000175279;ENSG00000168002;ENSG00000178971;ENSG00000270882;ENSG00000099817;ENSG00000197061;ENSG00000274183;ENSG00000246705;ENSG00000124635;ENSG00000277224"
"REACTOME","REACTOME_GPVI_MEDIATED_ACTIVATION_CASCADE",0.32182103610675,0.563999106209127,0.0325789493934004,-0.379283032504817,-1.09159316549663,30,"ENSG00000141506;ENSG00000179295;ENSG00000117461;ENSG00000145675;ENSG00000105647;ENSG00000108821;ENSG00000140992;ENSG00000143878;ENSG00000128340;ENSG00000136238"
"REACTOME","REACTOME_S_PHASE",0.32194283258113,0.563999106209127,0.0343768711554883,0.267874815774238,1.04867544015833,150,"ENSG00000100804;ENSG00000136930;ENSG00000143947;ENSG00000089053;ENSG00000196510;ENSG00000277791;ENSG00000087191;ENSG00000041357;ENSG00000008018;ENSG00000185627;ENSG00000115350;ENSG00000100764;ENSG00000101182;ENSG00000130706;ENSG00000126067;ENSG00000103035;ENSG00000221983;ENSG00000108106;ENSG00000110200;ENSG00000100387;ENSG00000142507;ENSG00000106588;ENSG00000165916;ENSG00000099341;ENSG00000197170;ENSG00000148229;ENSG00000167513;ENSG00000141552;ENSG00000166483;ENSG00000170142;ENSG00000100519;ENSG00000055130;ENSG00000170315;ENSG00000115233;ENSG00000127922;ENSG00000130177;ENSG00000159377;ENSG00000113558;ENSG00000105325;ENSG00000134480;ENSG00000105221;ENSG00000124762;ENSG00000166508;ENSG00000173692;ENSG00000100567;ENSG00000150991"
"REACTOME","REACTOME_SARS_COV_1_ACTIVATES_MODULATES_INNATE_IMMUNE_RESPONSES",0.324779306097311,0.568263172502358,0.0332858253362328,0.342656068134656,1.07515470173393,40,"ENSG00000143947;ENSG00000196262;ENSG00000088832;ENSG00000221983;ENSG00000126456;ENSG00000103490;ENSG00000100906;ENSG00000134070;ENSG00000182481;ENSG00000170315;ENSG00000117602;ENSG00000123609;ENSG00000150991;ENSG00000173039;ENSG00000159216"
"REACTOME","REACTOME_EPIGENETIC_REGULATION_OF_GENE_EXPRESSION",0.325488049625981,0.568798423356293,0.0309659038977966,-0.251590240762378,-1.04294577598477,310,"ENSG00000145284;ENSG00000139289;ENSG00000117505;ENSG00000111707;ENSG00000036549;ENSG00000129474;ENSG00000125686;ENSG00000198646;ENSG00000005339;ENSG00000088305;ENSG00000184260;ENSG00000114166;ENSG00000138336;ENSG00000099194;ENSG00000110987;ENSG00000198093;ENSG00000106462;ENSG00000162521;ENSG00000140396;ENSG00000008083;ENSG00000184634;ENSG00000117222;ENSG00000076108;ENSG00000157212;ENSG00000108510;ENSG00000136518;ENSG00000074416;ENSG00000009954;ENSG00000245848;ENSG00000129691;ENSG00000118058;ENSG00000171681;ENSG00000139613;ENSG00000170100;ENSG00000278463;ENSG00000130803;ENSG00000145736;ENSG00000111727;ENSG00000175322;ENSG00000055609;ENSG00000187605;ENSG00000141380;ENSG00000178691;ENSG00000141027;ENSG00000149474;ENSG00000167676;ENSG00000130844;ENSG00000274290;ENSG00000168769;ENSG00000100393;ENSG00000084676;ENSG00000129292;ENSG00000082701;ENSG00000173473;ENSG00000270276;ENSG00000111058;ENSG00000112282;ENSG00000180182;ENSG00000130816;ENSG00000114982;ENSG00000038219;ENSG00000083844;ENSG00000097007;ENSG00000153147;ENSG00000197837;ENSG00000139718;ENSG00000164576;ENSG00000276043;ENSG00000120071;ENSG00000124641;ENSG00000012660;ENSG00000101945;ENSG00000136715;ENSG00000180257;ENSG00000196199;ENSG00000004799;ENSG00000169375;ENSG00000134324;ENSG00000275713;ENSG00000197238;ENSG00000066117;ENSG00000111358;ENSG00000167548;ENSG00000083812;ENSG00000184402;ENSG00000127616;ENSG00000101849"
"REACTOME","REACTOME_HEME_DEGRADATION",0.326623248470495,0.570076671001656,0.0324018254719922,0.473756628371725,1.11037715026084,12,"ENSG00000106605;ENSG00000090013;ENSG00000103415;ENSG00000100292"
"REACTOME","REACTOME_DEFECTIVE_C1GALT1C1_CAUSES_TNPS",0.3278851903528,0.570353661669988,0.0325196565804493,0.45494999364296,1.11068268117132,14,"ENSG00000185499;ENSG00000117983;ENSG00000176945"
"REACTOME","REACTOME_DCC_MEDIATED_ATTRACTIVE_SIGNALING",0.327382146439318,0.570353661669988,0.0326743471295092,-0.459328637309977,-1.10260760690452,14,"ENSG00000099204;ENSG00000150760;ENSG00000169398;ENSG00000038382;ENSG00000197122;ENSG00000136238"
"REACTOME","REACTOME_SIGNALLING_TO_ERKS",0.327993748779058,0.570353661669988,0.0321230561705183,-0.364936267049315,-1.08148613193216,34,"ENSG00000157764;ENSG00000160271;ENSG00000114738;ENSG00000134313;ENSG00000116473;ENSG00000160691;ENSG00000112062;ENSG00000213281;ENSG00000148082;ENSG00000144118;ENSG00000156711;ENSG00000099942;ENSG00000100030;ENSG00000197122;ENSG00000162889;ENSG00000143622;ENSG00000115904;ENSG00000134259;ENSG00000169032"
"REACTOME","REACTOME_DISEASES_OF_BRANCHED_CHAIN_AMINO_ACID_CATABOLISM",0.33054892601432,0.571979269034583,0.0323199357051206,0.46137422779119,1.10348389795413,13,"ENSG00000198130;ENSG00000103507;ENSG00000127884;ENSG00000075239;ENSG00000091140;ENSG00000128928;ENSG00000137992;ENSG00000148090;ENSG00000131844;ENSG00000163644"
"REACTOME","REACTOME_WNT_LIGAND_BIOGENESIS_AND_TRAFFICKING",0.329663849026931,0.571979269034583,0.0321460733293198,-0.39903335379071,-1.0939780783042,24,"ENSG00000111186;ENSG00000114251;ENSG00000134245;ENSG00000116729"
"REACTOME","REACTOME_COPI_INDEPENDENT_GOLGI_TO_ER_RETROGRADE_TRAFFIC",0.329875518672199,0.571979269034583,0.0331861768896912,0.324010458333728,1.07030925765845,52,"ENSG00000167552;ENSG00000137267;ENSG00000137285;ENSG00000204843;ENSG00000143641;ENSG00000088986;ENSG00000079462;ENSG00000188229;ENSG00000183785;ENSG00000167553;ENSG00000184381;ENSG00000123416;ENSG00000077549;ENSG00000173213;ENSG00000158560;ENSG00000127824;ENSG00000144635"
"REACTOME","REACTOME_RMTS_METHYLATE_HISTONE_ARGININES",0.330277141071056,0.571979269034583,0.0332483742936268,0.304579863377585,1.06513865655417,72,"ENSG00000116455;ENSG00000077080;ENSG00000140988;ENSG00000188486;ENSG00000172301;ENSG00000181218;ENSG00000276180;ENSG00000274750;ENSG00000099956;ENSG00000270882;ENSG00000197061;ENSG00000278677;ENSG00000274183;ENSG00000246705;ENSG00000126457;ENSG00000082014;ENSG00000273983;ENSG00000277775;ENSG00000196363;ENSG00000180573;ENSG00000096968;ENSG00000185238;ENSG00000275221"
"REACTOME","REACTOME_GLUCAGON_TYPE_LIGAND_RECEPTORS",0.331275720164609,0.572535271569679,0.0329401098856199,0.369827516607874,1.07580086496896,28,"ENSG00000070031;ENSG00000215644;ENSG00000174021;ENSG00000162188;ENSG00000172354;ENSG00000010310;ENSG00000114812"
"REACTOME","REACTOME_MET_ACTIVATES_RAP1_AND_RAC1",0.333401305057096,0.575359483169231,0.032638496259634,-0.491547550488753,-1.10641010672776,11,"ENSG00000105976;ENSG00000116473;ENSG00000109458;ENSG00000099942;ENSG00000136238;ENSG00000127314"
"REACTOME","REACTOME_AMINE_LIGAND_BINDING_RECEPTORS",0.333724799373654,0.575359483169231,0.0318272813525166,-0.36603569459244,-1.07779922937519,33,"ENSG00000101850;ENSG00000179097;ENSG00000149295;ENSG00000184984;ENSG00000170214;ENSG00000135312"
"REACTOME","REACTOME_SEROTONIN_RECEPTORS",0.334216965742251,0.575505311741535,0.0325908383807256,-0.491219969880821,-1.10567276505039,11,"ENSG00000179097;ENSG00000135312"
"REACTOME","REACTOME_CYTOPROTECTION_BY_HMOX1",0.334776334776335,0.575766363829701,0.0327704032046978,0.317058098149839,1.06447601036212,57,"ENSG00000189043;ENSG00000106605;ENSG00000130589;ENSG00000090013;ENSG00000164919;ENSG00000103415;ENSG00000178741;ENSG00000131143;ENSG00000100292;ENSG00000116044;ENSG00000127511;ENSG00000126267;ENSG00000111775;ENSG00000112695;ENSG00000127184;ENSG00000135940"
"REACTOME","REACTOME_CLATHRIN_MEDIATED_ENDOCYTOSIS",0.336529422823839,0.578077305385962,0.0309026590066226,-0.275104878269362,-1.04502507963382,142,"ENSG00000108774;ENSG00000003056;ENSG00000138760;ENSG00000165912;ENSG00000197081;ENSG00000143858;ENSG00000115145;ENSG00000114251;ENSG00000127946;ENSG00000173744;ENSG00000141480;ENSG00000152291;ENSG00000243244;ENSG00000169891;ENSG00000073921;ENSG00000132718;ENSG00000116675;ENSG00000144891;ENSG00000117533;ENSG00000188021;ENSG00000065609;ENSG00000067715;ENSG00000085832;ENSG00000118473;ENSG00000006125;ENSG00000101200;ENSG00000078269;ENSG00000197959;ENSG00000170743;ENSG00000157107;ENSG00000122126;ENSG00000198399;ENSG00000130340;ENSG00000138071;ENSG00000157978;ENSG00000072274"
"REACTOME","REACTOME_G_BETA_GAMMA_SIGNALLING_THROUGH_PI3KGAMMA",0.339214908802538,0.581276033045125,0.0317599200469713,-0.403869554851549,-1.08571965754354,22,"ENSG00000141506;ENSG00000172380;ENSG00000168243;ENSG00000142208;ENSG00000111664;ENSG00000140992;ENSG00000117020;ENSG00000078369"
"REACTOME","REACTOME_INTERLEUKIN_2_FAMILY_SIGNALING",0.339072588534533,0.581276033045125,0.0315157238889932,-0.357532517896509,-1.07040956747111,36,"ENSG00000138378;ENSG00000117461;ENSG00000160691;ENSG00000173757;ENSG00000145675;ENSG00000105647;ENSG00000033327;ENSG00000135077;ENSG00000168610;ENSG00000105639;ENSG00000164136;ENSG00000100485;ENSG00000115904"
"REACTOME","REACTOME_BETA_OXIDATION_OF_VERY_LONG_CHAIN_FATTY_ACIDS",0.34257748776509,0.582530160525745,0.0321115619760952,-0.488158610956037,-1.09878204114924,11,"ENSG00000140284;ENSG00000113790;ENSG00000133835"
"REACTOME","REACTOME_TELOMERE_C_STRAND_SYNTHESIS_INITIATION",0.342482100238663,0.582530160525745,0.0316372773870905,0.457715579660053,1.09473338902276,13,"ENSG00000257949;ENSG00000107960;ENSG00000132604;ENSG00000092330;ENSG00000178971;ENSG00000166848;ENSG00000102977"
"REACTOME","REACTOME_PROTEIN_METHYLATION",0.341994803118129,0.582530160525745,0.0317599200469713,0.423136128980983,1.0914363666584,17,"ENSG00000118894;ENSG00000067365;ENSG00000100483;ENSG00000140988;ENSG00000150456;ENSG00000143919;ENSG00000185238;ENSG00000109971"
"REACTOME","REACTOME_SURFACTANT_METABOLISM",0.342834676626695,0.582530160525745,0.0313952424416677,-0.395254645445319,-1.08361848290974,24,"ENSG00000104219;ENSG00000122852;ENSG00000131400;ENSG00000071282;ENSG00000187908"
"REACTOME","REACTOME_ACYL_CHAIN_REMODELLING_OF_PC",0.342783505154639,0.582530160525745,0.0315598002303516,-0.402404394486919,-1.08178087733536,22,"ENSG00000123739;ENSG00000111684;ENSG00000143797;ENSG00000153246;ENSG00000188089;ENSG00000087253"
"REACTOME","REACTOME_RHO_GTPASE_EFFECTORS",0.341035325483226,0.582530160525745,0.0338859260319688,0.242119726267919,1.03022646207895,312,"ENSG00000185386;ENSG00000167552;ENSG00000137267;ENSG00000163932;ENSG00000108518;ENSG00000213977;ENSG00000137285;ENSG00000092841;ENSG00000155366;ENSG00000102901;ENSG00000002822;ENSG00000177954;ENSG00000102882;ENSG00000100401;ENSG00000104863;ENSG00000273802;ENSG00000085733;ENSG00000213672;ENSG00000127445;ENSG00000090273;ENSG00000130429;ENSG00000112658;ENSG00000088986;ENSG00000132475;ENSG00000188229;ENSG00000137713;ENSG00000183785;ENSG00000175793;ENSG00000167553;ENSG00000241685;ENSG00000163466;ENSG00000160783;ENSG00000104892;ENSG00000196405;ENSG00000123416;ENSG00000001626;ENSG00000132970;ENSG00000158373;ENSG00000149269;ENSG00000113575;ENSG00000137171;ENSG00000004487;ENSG00000173213;ENSG00000188486;ENSG00000180596;ENSG00000276180;ENSG00000274750;ENSG00000175279;ENSG00000105568;ENSG00000158560;ENSG00000123143;ENSG00000184009;ENSG00000133392;ENSG00000270882;ENSG00000127824;ENSG00000175866;ENSG00000197061;ENSG00000105357;ENSG00000274183;ENSG00000246705;ENSG00000124635;ENSG00000144635;ENSG00000128245;ENSG00000277224;ENSG00000172757;ENSG00000178999"
"REACTOME","REACTOME_DNA_REPAIR",0.342017368069472,0.582530160525745,0.033872889366735,0.240769596019984,1.02853423978699,328,"ENSG00000105229;ENSG00000177700;ENSG00000143947;ENSG00000163882;ENSG00000103152;ENSG00000162585;ENSG00000153391;ENSG00000273802;ENSG00000170430;ENSG00000140398;ENSG00000070010;ENSG00000115350;ENSG00000144524;ENSG00000105656;ENSG00000166169;ENSG00000122678;ENSG00000100823;ENSG00000100142;ENSG00000114026;ENSG00000156587;ENSG00000065057;ENSG00000162191;ENSG00000132604;ENSG00000185504;ENSG00000181625;ENSG00000168090;ENSG00000172977;ENSG00000104884;ENSG00000169592;ENSG00000166313;ENSG00000139842;ENSG00000187778;ENSG00000077463;ENSG00000131778;ENSG00000221983;ENSG00000187741;ENSG00000105619;ENSG00000100387;ENSG00000111652;ENSG00000163930;ENSG00000108384;ENSG00000073050;ENSG00000158373;ENSG00000100325;ENSG00000148229;ENSG00000189046;ENSG00000172732;ENSG00000092330;ENSG00000179262;ENSG00000169727;ENSG00000188486;ENSG00000180596;ENSG00000111802;ENSG00000272047;ENSG00000105258;ENSG00000276180;ENSG00000182481;ENSG00000175279;ENSG00000163961;ENSG00000168002;ENSG00000170315;ENSG00000170322;ENSG00000270882;ENSG00000076248;ENSG00000099817;ENSG00000138303;ENSG00000163322;ENSG00000127922;ENSG00000197061;ENSG00000274183;ENSG00000246705;ENSG00000124635;ENSG00000277224;ENSG00000116030;ENSG00000149923;ENSG00000123415;ENSG00000087206;ENSG00000134480"
"REACTOME","REACTOME_FCGR_ACTIVATION",0.346459824980111,0.583316439765685,0.0314170691794325,0.455909399443352,1.09041348846075,13,"ENSG00000198821;ENSG00000000938;ENSG00000211644;ENSG00000165025"
"REACTOME","REACTOME_SYNTHESIS_SECRETION_AND_INACTIVATION_OF_GLUCOSE_DEPENDENT_INSULINOTROPIC_POLYPEPTIDE_GIP",0.346602332127061,0.583316439765685,0.0316150962454774,-0.461672441034788,-1.08857611557242,13,"ENSG00000129128;ENSG00000118363;ENSG00000197635;ENSG00000140612"
"REACTOME","REACTOME_MAP3K8_TPL2_DEPENDENT_MAPK1_3_ACTIVATION",0.344690177326161,0.583316439765685,0.0315487678108982,0.428352178656735,1.08568756728621,16,"ENSG00000143947;ENSG00000065559;ENSG00000168884;ENSG00000221983;ENSG00000055130;ENSG00000170315;ENSG00000113558;ENSG00000150991"
"REACTOME","REACTOME_UPTAKE_AND_ACTIONS_OF_BACTERIAL_TOXINS",0.344578783151326,0.583316439765685,0.0311467176047931,-0.376866788106604,-1.07697830615804,29,"ENSG00000163297;ENSG00000185518;ENSG00000198431;ENSG00000143858;ENSG00000159164;ENSG00000170248;ENSG00000067715;ENSG00000108984"
"REACTOME","REACTOME_RESOLUTION_OF_ABASIC_SITES_AP_SITES",0.346303501945525,0.583316439765685,0.0319857544291155,0.341623748619442,1.06126979767847,38,"ENSG00000103152;ENSG00000140398;ENSG00000115350;ENSG00000100823;ENSG00000114026;ENSG00000065057;ENSG00000073050;ENSG00000148229;ENSG00000076248;ENSG00000123415;ENSG00000154328;ENSG00000129484"
"REACTOME","REACTOME_ANTI_INFLAMMATORY_RESPONSE_FAVOURING_LEISHMANIA_PARASITE_INFECTION",0.344993273111666,0.583316439765685,0.0308501798368687,-0.306934251766833,-1.05318735446284,72,"ENSG00000172380;ENSG00000173175;ENSG00000138031;ENSG00000162104;ENSG00000168243;ENSG00000150995;ENSG00000168710;ENSG00000112062;ENSG00000111664;ENSG00000128266;ENSG00000155897;ENSG00000164742;ENSG00000183943;ENSG00000129467;ENSG00000123104;ENSG00000152207;ENSG00000108946;ENSG00000197122;ENSG00000118260;ENSG00000096433"
"REACTOME","REACTOME_CELLULAR_RESPONSES_TO_MECHANICAL_STIMULI",0.34540971168437,0.583316439765685,0.0305805284090173,-0.290780107822562,-1.05030043913351,97,"ENSG00000115414;ENSG00000172380;ENSG00000173175;ENSG00000138031;ENSG00000162104;ENSG00000168243;ENSG00000150093;ENSG00000142208;ENSG00000035403;ENSG00000142798;ENSG00000186654;ENSG00000153956;ENSG00000111664;ENSG00000155897;ENSG00000162909;ENSG00000105647;ENSG00000064989;ENSG00000164327;ENSG00000164742;ENSG00000169398;ENSG00000140992;ENSG00000129467;ENSG00000109320;ENSG00000097007;ENSG00000108946;ENSG00000103335"
"REACTOME","REACTOME_TOLL_LIKE_RECEPTOR_TLR1_TLR2_CASCADE",0.344686394937651,0.583316439765685,0.0302659267139229,-0.284406867458721,-1.04719124357649,109,"ENSG00000126767;ENSG00000184979;ENSG00000071242;ENSG00000072803;ENSG00000139318;ENSG00000102921;ENSG00000114738;ENSG00000107643;ENSG00000122852;ENSG00000107968;ENSG00000164086;ENSG00000112062;ENSG00000142192;ENSG00000106100;ENSG00000077150;ENSG00000157625;ENSG00000171560;ENSG00000108984;ENSG00000109320;ENSG00000139946;ENSG00000100030;ENSG00000118260;ENSG00000185338;ENSG00000174130;ENSG00000162889;ENSG00000141510;ENSG00000115966;ENSG00000104825;ENSG00000213341;ENSG00000198001"
"REACTOME","REACTOME_KERATAN_SULFATE_BIOSYNTHESIS",0.347051597051597,0.583377208377208,0.031940289716243,0.371486463497364,1.07250841367818,27,"ENSG00000174684;ENSG00000157350;ENSG00000135702;ENSG00000175040;ENSG00000176383;ENSG00000122176;ENSG00000179913;ENSG00000158850;ENSG00000117411;ENSG00000158470;ENSG00000121578;ENSG00000156966;ENSG00000110080;ENSG00000122863;ENSG00000064225;ENSG00000139329;ENSG00000188783"
"REACTOME","REACTOME_RUNX2_REGULATES_OSTEOBLAST_DIFFERENTIATION",0.348177339901478,0.584573607539699,0.0311467176047931,-0.396387173259293,-1.07621155598956,23,"ENSG00000178573;ENSG00000135547;ENSG00000108821;ENSG00000100030;ENSG00000097007;ENSG00000114315;ENSG00000197122;ENSG00000119042;ENSG00000176105;ENSG00000139687"
"REACTOME","REACTOME_NUCLEAR_ENVELOPE_NE_REASSEMBLY",0.349758859299644,0.586531483766148,0.0322501280764486,0.297545679047677,1.05007698147962,76,"ENSG00000167552;ENSG00000137267;ENSG00000137285;ENSG00000132612;ENSG00000100401;ENSG00000154222;ENSG00000147457;ENSG00000160789;ENSG00000188229;ENSG00000183785;ENSG00000101421;ENSG00000167553;ENSG00000123416;ENSG00000161904;ENSG00000113575;ENSG00000173213;ENSG00000105568;ENSG00000127824;ENSG00000116030;ENSG00000138750;ENSG00000254505;ENSG00000180198;ENSG00000213024;ENSG00000221914;ENSG00000132341;ENSG00000085415;ENSG00000178462"
"REACTOME","REACTOME_AKT_PHOSPHORYLATES_TARGETS_IN_THE_NUCLEUS",0.350791717417783,0.586954377427794,0.0315708415605313,-0.498731400558838,-1.09667723331106,10,"ENSG00000150907;ENSG00000142208;ENSG00000118260;ENSG00000117020;ENSG00000204060"
"REACTOME","REACTOME_THE_CANONICAL_RETINOID_CYCLE_IN_RODS_TWILIGHT_VISION",0.350842418235877,0.586954377427794,0.0311146336757596,-0.40519386737689,-1.07668036998345,21,"ENSG00000137474;ENSG00000139988;ENSG00000145476"
"REACTOME","REACTOME_FORMATION_OF_THE_NON_CANONICAL_BAF_NCBAF_COMPLEX",0.35247049409882,0.588284087077463,0.0312003598142687,-0.427122359358573,-1.0811158558129,17,"ENSG00000110987;ENSG00000112624;ENSG00000136518;ENSG00000139613;ENSG00000141380;ENSG00000173473;ENSG00000066117;ENSG00000184402;ENSG00000127616;ENSG00000080503"
"REACTOME","REACTOME_MYOGENESIS",0.352308294209703,0.588284087077463,0.0307874726068993,-0.387574976140845,-1.07433308621768,25,"ENSG00000064309;ENSG00000170558;ENSG00000067141;ENSG00000140262;ENSG00000112062;ENSG00000144857;ENSG00000108984"
"REACTOME","REACTOME_REGULATION_OF_HSF1_MEDIATED_HEAT_SHOCK_RESPONSE",0.35375191424196,0.589725741333705,0.0303061084510599,-0.299840971452702,-1.05028369045767,81,"ENSG00000044574;ENSG00000165868;ENSG00000139496;ENSG00000155304;ENSG00000146072;ENSG00000120253;ENSG00000155561;ENSG00000166170;ENSG00000132383;ENSG00000124789;ENSG00000197565;ENSG00000126883;ENSG00000030066;ENSG00000082701;ENSG00000100030;ENSG00000113569;ENSG00000110713;ENSG00000162889;ENSG00000196431;ENSG00000132182;ENSG00000102900;ENSG00000149311;ENSG00000095319"
"REACTOME","REACTOME_MATRIGLYCAN_BIOSYNTHESIS_ON_DAG1",0.356423919478982,0.590342561981188,0.0307354380864671,0.462343545292684,1.08362749462319,12,"ENSG00000174684;ENSG00000085998;ENSG00000181027;ENSG00000176087"
"REACTOME","REACTOME_DENGUE_VIRUS_MODULATES_APOPTOSIS",0.356211117800522,0.590342561981188,0.0310613284284266,-0.432836481672196,-1.08017539277716,16,"ENSG00000126581;ENSG00000186654;ENSG00000126775;ENSG00000164327;ENSG00000196455;ENSG00000160551;ENSG00000104825;ENSG00000141564;ENSG00000154153;ENSG00000198793;ENSG00000137275;ENSG00000119487"
"REACTOME","REACTOME_NUCLEOTIDE_CATABOLISM",0.355314355928732,0.590342561981188,0.0314937389273168,0.34953751523574,1.06006331956189,34,"ENSG00000101347;ENSG00000125877;ENSG00000125458;ENSG00000025708;ENSG00000106268;ENSG00000198585;ENSG00000112667;ENSG00000197586;ENSG00000119125;ENSG00000136159"
"REACTOME","REACTOME_CHEMOKINE_RECEPTORS_BIND_CHEMOKINES",0.356486010565447,0.590342561981188,0.0305702641619783,-0.355590509011166,-1.05882271023023,35,"ENSG00000151882;ENSG00000163739;ENSG00000006210;ENSG00000169248;ENSG00000144648;ENSG00000186810;ENSG00000143185;ENSG00000169429;ENSG00000124875;ENSG00000121966"
"REACTOME","REACTOME_METABOLISM_OF_STEROID_HORMONES",0.356630457060873,0.590342561981188,0.0314389309023268,0.352856636714274,1.05803983294214,32,"ENSG00000176387;ENSG00000115138;ENSG00000161513;ENSG00000100300;ENSG00000005379;ENSG00000108786;ENSG00000140459;ENSG00000267673;ENSG00000131748;ENSG00000087076;ENSG00000085662;ENSG00000104826"
"REACTOME","REACTOME_P75_NTR_RECEPTOR_MEDIATED_SIGNALLING",0.355665211615107,0.590342561981188,0.0300470580977998,-0.290275674044062,-1.04486861801601,95,"ENSG00000129675;ENSG00000126217;ENSG00000156299;ENSG00000183111;ENSG00000110851;ENSG00000131089;ENSG00000124126;ENSG00000107643;ENSG00000170776;ENSG00000139132;ENSG00000142856;ENSG00000110237;ENSG00000143801;ENSG00000106144;ENSG00000153094;ENSG00000162736;ENSG00000102302;ENSG00000160145;ENSG00000137135;ENSG00000196914;ENSG00000169783;ENSG00000038382;ENSG00000132694;ENSG00000109320;ENSG00000114346;ENSG00000163558;ENSG00000198844;ENSG00000100485;ENSG00000066248;ENSG00000115904;ENSG00000113319;ENSG00000134259;ENSG00000138613;ENSG00000142632;ENSG00000136238;ENSG00000173848;ENSG00000151694"
"REACTOME","REACTOME_NCAM_SIGNALING_FOR_NEURITE_OUT_GROWTH",0.357142857142857,0.590498494479759,0.0303363240064206,-0.317914347743562,-1.05002561467872,58,"ENSG00000130287;ENSG00000115306;ENSG00000182389;ENSG00000132670;ENSG00000213281;ENSG00000171867;ENSG00000169031;ENSG00000081052;ENSG00000149294;ENSG00000173898;ENSG00000187498;ENSG00000169398;ENSG00000188157;ENSG00000117407;ENSG00000100030;ENSG00000142173;ENSG00000197122;ENSG00000118260;ENSG00000115904;ENSG00000171119;ENSG00000134871"
"REACTOME","REACTOME_ANTIGEN_ACTIVATES_B_CELL_RECEPTOR_BCR_LEADING_TO_GENERATION_OF_SECOND_MESSENGERS",0.358106786622335,0.590708858306936,0.0304782366580794,-0.367106707925748,-1.06491362703305,31,"ENSG00000155629;ENSG00000150995;ENSG00000168710;ENSG00000145675;ENSG00000123104;ENSG00000136573;ENSG00000096433;ENSG00000160991;ENSG00000115904;ENSG00000167323"
"REACTOME","REACTOME_INTRINSIC_PATHWAY_FOR_APOPTOSIS",0.358011961229119,0.590708858306936,0.0314827597042554,0.315500223738534,1.05245049989032,55,"ENSG00000102882;ENSG00000104081;ENSG00000149089;ENSG00000104518;ENSG00000088986;ENSG00000108561;ENSG00000100453;ENSG00000147889;ENSG00000175793;ENSG00000030110;ENSG00000105327;ENSG00000087088;ENSG00000184047;ENSG00000169857;ENSG00000128245;ENSG00000105221;ENSG00000015475;ENSG00000166913;ENSG00000132906"
"REACTOME","REACTOME_SIGNALING_BY_NTRK2_TRKB",0.358757617456261,0.591091897139137,0.030539518310929,-0.391054636518094,-1.07210386226108,24,"ENSG00000156299;ENSG00000179295;ENSG00000160691;ENSG00000213281;ENSG00000145675;ENSG00000109458;ENSG00000197122;ENSG00000115904;ENSG00000136238"
"REACTOME","REACTOME_FCERI_MEDIATED_CA_2_MOBILIZATION",0.359280265988656,0.591263095076903,0.0304172331732918,-0.366779776411417,-1.06396525475545,31,"ENSG00000072736;ENSG00000221823;ENSG00000150995;ENSG00000160691;ENSG00000168710;ENSG00000101096;ENSG00000123104;ENSG00000096433;ENSG00000107758;ENSG00000115904"
"REACTOME","REACTOME_INTERFERON_SIGNALING",0.360610518573005,0.592761411204986,0.0292151605378048,-0.253038219753265,-1.03182794768704,264,"ENSG00000044574;ENSG00000102580;ENSG00000184979;ENSG00000172071;ENSG00000168522;ENSG00000096060;ENSG00000118217;ENSG00000138032;ENSG00000196911;ENSG00000132256;ENSG00000126581;ENSG00000101162;ENSG00000139496;ENSG00000117228;ENSG00000176014;ENSG00000101871;ENSG00000120253;ENSG00000179295;ENSG00000155561;ENSG00000075151;ENSG00000167333;ENSG00000196924;ENSG00000119922;ENSG00000088888;ENSG00000185745;ENSG00000145349;ENSG00000124789;ENSG00000104833;ENSG00000149294;ENSG00000070808;ENSG00000109654;ENSG00000069869;ENSG00000159110;ENSG00000126883;ENSG00000108984;ENSG00000030066;ENSG00000134253;ENSG00000163412;ENSG00000160710;ENSG00000026508;ENSG00000170581;ENSG00000168610;ENSG00000158169;ENSG00000204592;ENSG00000148660;ENSG00000257365;ENSG00000100030;ENSG00000113569;ENSG00000110713;ENSG00000066027;ENSG00000181544;ENSG00000185338;ENSG00000143621;ENSG00000258947;ENSG00000141510;ENSG00000221829;ENSG00000132182;ENSG00000115267;ENSG00000102900;ENSG00000114867;ENSG00000136068;ENSG00000213341;ENSG00000095319"
"REACTOME","REACTOME_MICRORNA_MIRNA_BIOGENESIS",0.361546286876907,0.592919113902663,0.0310400648438102,0.378176383434775,1.06088592080434,24,"ENSG00000177700;ENSG00000163882;ENSG00000139546;ENSG00000100142;ENSG00000105258;ENSG00000128191;ENSG00000168002;ENSG00000099817;ENSG00000005075;ENSG00000147669;ENSG00000132341"
"REACTOME","REACTOME_SIGNALING_BY_RETINOIC_ACID",0.361463015937883,0.592919113902663,0.0311253198967732,0.336045053214747,1.05006047500506,39,"ENSG00000162496;ENSG00000204231;ENSG00000168291;ENSG00000196139;ENSG00000157326;ENSG00000005882;ENSG00000240857;ENSG00000164687;ENSG00000110435;ENSG00000131759;ENSG00000091140"
"REACTOME","REACTOME_TOLL_LIKE_RECEPTOR_9_TLR9_CASCADE",0.362013901934999,0.592997250037377,0.0295340864466303,-0.284480449411722,-1.04056298467012,105,"ENSG00000126767;ENSG00000184979;ENSG00000071242;ENSG00000072803;ENSG00000139318;ENSG00000102921;ENSG00000114738;ENSG00000107643;ENSG00000107968;ENSG00000164086;ENSG00000112062;ENSG00000142192;ENSG00000106100;ENSG00000077150;ENSG00000157625;ENSG00000108984;ENSG00000109320;ENSG00000139946;ENSG00000100030;ENSG00000196455;ENSG00000239732;ENSG00000118260;ENSG00000162889;ENSG00000139370;ENSG00000141510;ENSG00000115966;ENSG00000104825;ENSG00000213341;ENSG00000198001"
"REACTOME","REACTOME_RESPIRATORY_SYNCYTIAL_VIRUS_RSV_ATTACHMENT_AND_ENTRY",0.36340206185567,0.594581357288767,0.0304578713674509,-0.396552012217904,-1.0660479596232,22,"ENSG00000108774;ENSG00000183098;ENSG00000142798;ENSG00000162512;ENSG00000188157;ENSG00000076716"
"REACTOME","REACTOME_SARS_COV_2_MODULATES_AUTOPHAGY",0.364260494311495,0.595296085610915,0.0302158684587679,0.473990099436655,1.08234147102897,11,"ENSG00000178952;ENSG00000184056;ENSG00000136631;ENSG00000215305;ENSG00000139719"
"REACTOME","REACTOME_RHOH_GTPASE_CYCLE",0.364915022465325,0.595676314128369,0.0301063950760249,-0.348735844278664,-1.05032030137083,37,"ENSG00000176853;ENSG00000173218;ENSG00000180370;ENSG00000144909;ENSG00000165280;ENSG00000134318;ENSG00000168421;ENSG00000116984;ENSG00000067900;ENSG00000111348;ENSG00000174373;ENSG00000072274;ENSG00000137831;ENSG00000105974;ENSG00000075785"
"REACTOME","REACTOME_O_LINKED_GLYCOSYLATION",0.367762420620097,0.598939490098705,0.0291412258267377,-0.279149527865933,-1.03417246575326,115,"ENSG00000008513;ENSG00000162885;ENSG00000118276;ENSG00000106692;ENSG00000130714;ENSG00000178031;ENSG00000187720;ENSG00000136378;ENSG00000186998;ENSG00000166106;ENSG00000112902;ENSG00000087116;ENSG00000049192;ENSG00000158859;ENSG00000176597;ENSG00000159674;ENSG00000172728;ENSG00000145536;ENSG00000173402;ENSG00000144278;ENSG00000187676;ENSG00000171155;ENSG00000100626;ENSG00000184005;ENSG00000187210;ENSG00000110328"
"REACTOME","REACTOME_CLASS_I_MHC_MEDIATED_ANTIGEN_PROCESSING_PRESENTATION",0.367472051929318,0.598939490098705,0.0285202432688668,-0.24252786423117,-1.02166912333503,362,"ENSG00000044574;ENSG00000127022;ENSG00000179218;ENSG00000145604;ENSG00000167004;ENSG00000063978;ENSG00000164307;ENSG00000147912;ENSG00000127585;ENSG00000185880;ENSG00000243335;ENSG00000174989;ENSG00000087448;ENSG00000072803;ENSG00000160714;ENSG00000092531;ENSG00000110344;ENSG00000100934;ENSG00000126581;ENSG00000134900;ENSG00000239474;ENSG00000100505;ENSG00000102048;ENSG00000065802;ENSG00000154447;ENSG00000138674;ENSG00000058262;ENSG00000150961;ENSG00000119682;ENSG00000114062;ENSG00000165192;ENSG00000109790;ENSG00000153107;ENSG00000126775;ENSG00000135047;ENSG00000103657;ENSG00000261609;ENSG00000183475;ENSG00000082781;ENSG00000176624;ENSG00000198862;ENSG00000164308;ENSG00000198961;ENSG00000171823;ENSG00000138641;ENSG00000175093;ENSG00000113269;ENSG00000155034;ENSG00000116661;ENSG00000173821;ENSG00000085382;ENSG00000114423;ENSG00000178502;ENSG00000171560;ENSG00000119401"
"REACTOME","REACTOME_GP1B_IX_V_ACTIVATION_SIGNALLING",0.370341310317772,0.59897445770216,0.0299096226241828,0.4721284986757,1.07809056429383,11,"ENSG00000203618;ENSG00000164692;ENSG00000178732"
"REACTOME","REACTOME_ADVANCED_GLYCOSYLATION_ENDPRODUCT_RECEPTOR_SIGNALING",0.372756933115824,0.59897445770216,0.0305088425715827,-0.477981707335083,-1.07587514432874,11,"ENSG00000244038;ENSG00000130175;ENSG00000116489;ENSG00000142192;ENSG00000100030"
"REACTOME","REACTOME_BUTYRATE_RESPONSE_FACTOR_1_BRF1_BINDS_AND_DESTABILIZES_MRNA",0.368873774754951,0.59897445770216,0.0303464110082119,-0.421534499871023,-1.06697207860321,17,"ENSG00000172795;ENSG00000142208;ENSG00000114127"
"REACTOME","REACTOME_SHC1_EVENTS_IN_ERBB2_SIGNALING",0.370990518458745,0.59897445770216,0.0303969601030789,0.388262029346095,1.05678777005688,21,"ENSG00000163932;ENSG00000146648;ENSG00000127947;ENSG00000174775;ENSG00000113070;ENSG00000065361;ENSG00000178568;ENSG00000169752"
"REACTOME","REACTOME_RA_BIOSYNTHESIS_PATHWAY",0.371797458140004,0.59897445770216,0.0303565056020427,0.388131519457961,1.05643254280511,21,"ENSG00000162496;ENSG00000196139;ENSG00000157326;ENSG00000240857"
"REACTOME","REACTOME_SIGNAL_AMPLIFICATION",0.372794419368076,0.59897445770216,0.0306216638324597,0.357814214727474,1.05054546710212,29,"ENSG00000060558;ENSG00000127837;ENSG00000174021;ENSG00000162188;ENSG00000172354;ENSG00000114353;ENSG00000156049;ENSG00000006638"
"REACTOME","REACTOME_DUAL_INCISION_IN_GG_NER",0.370218017276841,0.59897445770216,0.0307979036194709,0.331581374688457,1.04615787705687,41,"ENSG00000143947;ENSG00000115350;ENSG00000104884;ENSG00000139842;ENSG00000131778;ENSG00000221983;ENSG00000100387;ENSG00000148229;ENSG00000272047;ENSG00000170315;ENSG00000129484;ENSG00000012061;ENSG00000150991"
"REACTOME","REACTOME_SIGNALING_BY_PTK6",0.372874326005807,0.59897445770216,0.0308187898420047,0.314330164213931,1.04200435720957,53,"ENSG00000143947;ENSG00000167193;ENSG00000146648;ENSG00000174775;ENSG00000141456;ENSG00000188906;ENSG00000221983;ENSG00000113070;ENSG00000065361;ENSG00000178568;ENSG00000050820;ENSG00000170315;ENSG00000186635;ENSG00000169752;ENSG00000150991;ENSG00000145715;ENSG00000115325;ENSG00000062598;ENSG00000101213"
"REACTOME","REACTOME_RECRUITMENT_OF_NUMA_TO_MITOTIC_CENTROSOMES",0.371645890555673,0.59897445770216,0.0312326470619776,0.281886567146565,1.03250755369865,95,"ENSG00000167552;ENSG00000137267;ENSG00000137285;ENSG00000204843;ENSG00000152082;ENSG00000176101;ENSG00000141577;ENSG00000037042;ENSG00000080824;ENSG00000088986;ENSG00000188229;ENSG00000183785;ENSG00000167553;ENSG00000123416;ENSG00000046651;ENSG00000131462;ENSG00000126001;ENSG00000173213;ENSG00000005249;ENSG00000105568;ENSG00000198089;ENSG00000127824;ENSG00000173272"
"REACTOME","REACTOME_MITOTIC_G1_PHASE_AND_G1_S_TRANSITION",0.37056054771074,0.59897445770216,0.0315267296529834,0.266086347569403,1.03125601365993,139,"ENSG00000100804;ENSG00000136930;ENSG00000143947;ENSG00000277791;ENSG00000087191;ENSG00000041357;ENSG00000008018;ENSG00000185627;ENSG00000115350;ENSG00000100764;ENSG00000101182;ENSG00000130706;ENSG00000126067;ENSG00000103035;ENSG00000147889;ENSG00000137713;ENSG00000221983;ENSG00000142507;ENSG00000106588;ENSG00000165916;ENSG00000099341;ENSG00000105810;ENSG00000197170;ENSG00000148229;ENSG00000167513;ENSG00000113575;ENSG00000166483;ENSG00000100519;ENSG00000147883;ENSG00000105568;ENSG00000055130;ENSG00000170315;ENSG00000115233;ENSG00000127922;ENSG00000159377;ENSG00000113558;ENSG00000134480;ENSG00000105221;ENSG00000124762;ENSG00000166508;ENSG00000173692;ENSG00000100567;ENSG00000150991;ENSG00000096968;ENSG00000101057;ENSG00000221914;ENSG00000100297;ENSG00000175166;ENSG00000101213"
"REACTOME","REACTOME_G_ALPHA_S_SIGNALLING_EVENTS",0.369747899159664,0.59897445770216,0.0317040372550791,0.268408147863404,1.03106132614917,131,"ENSG00000131477;ENSG00000070031;ENSG00000215644;ENSG00000179921;ENSG00000100077;ENSG00000115138;ENSG00000174021;ENSG00000244165;ENSG00000162188;ENSG00000172354;ENSG00000114353;ENSG00000132329;ENSG00000010310;ENSG00000114812;ENSG00000087494;ENSG00000004948;ENSG00000112541;ENSG00000183840;ENSG00000043591;ENSG00000005249;ENSG00000170837;ENSG00000147571;ENSG00000186642;ENSG00000113749;ENSG00000137486;ENSG00000065135;ENSG00000188191;ENSG00000123360;ENSG00000122679;ENSG00000110680;ENSG00000127928;ENSG00000121281;ENSG00000198055;ENSG00000121351;ENSG00000170128;ENSG00000065989;ENSG00000087460;ENSG00000242616"
"REACTOME","REACTOME_METABOLISM_OF_CARBOHYDRATES_AND_CARBOHYDRATE_DERIVATIVES",0.370239929561963,0.59897445770216,0.0320886022863019,0.243138782244904,1.0230185225987,282,"ENSG00000174684;ENSG00000171314;ENSG00000067225;ENSG00000149925;ENSG00000156873;ENSG00000165434;ENSG00000103888;ENSG00000117308;ENSG00000111674;ENSG00000074800;ENSG00000213930;ENSG00000125430;ENSG00000143947;ENSG00000160408;ENSG00000163754;ENSG00000067057;ENSG00000127415;ENSG00000103489;ENSG00000149541;ENSG00000169299;ENSG00000015532;ENSG00000180767;ENSG00000197417;ENSG00000160211;ENSG00000187566;ENSG00000124145;ENSG00000111669;ENSG00000157350;ENSG00000142657;ENSG00000235376;ENSG00000113552;ENSG00000181523;ENSG00000137713;ENSG00000171310;ENSG00000221983;ENSG00000130313;ENSG00000109956;ENSG00000112425;ENSG00000169738;ENSG00000145217;ENSG00000104812;ENSG00000135702;ENSG00000175040;ENSG00000111640;ENSG00000113575;ENSG00000176383;ENSG00000163931;ENSG00000105679;ENSG00000122176;ENSG00000156510;ENSG00000138653;ENSG00000173546;ENSG00000112309;ENSG00000105568;ENSG00000170315;ENSG00000164708;ENSG00000179913;ENSG00000140400;ENSG00000115652;ENSG00000136011;ENSG00000002587;ENSG00000170950;ENSG00000023697;ENSG00000158850;ENSG00000108515;ENSG00000168237;ENSG00000090020;ENSG00000138750;ENSG00000112640;ENSG00000153574;ENSG00000085662;ENSG00000150991;ENSG00000136243;ENSG00000117411"
"REACTOME","REACTOME_PEXOPHAGY",0.37504903883876,0.59973866686334,0.0296772696202792,0.470526887840433,1.07443333636962,11,"ENSG00000161011;ENSG00000143947;ENSG00000221983;ENSG00000139197;ENSG00000170315;ENSG00000150991"
"REACTOME","REACTOME_SHC1_EVENTS_IN_EGFR_SIGNALING",0.374502784407319,0.59973866686334,0.0299585442797634,0.448507032996191,1.07270900544204,13,"ENSG00000146648;ENSG00000174775;ENSG00000113070;ENSG00000163235"
"REACTOME","REACTOME_SIGNALING_BY_FGFR2_IN_DISEASE",0.374974400983002,0.59973866686334,0.0304782366580794,0.33668573640495,1.04592963691686,38,"ENSG00000177700;ENSG00000124181;ENSG00000163882;ENSG00000174775;ENSG00000100142;ENSG00000125651;ENSG00000105258;ENSG00000168002;ENSG00000099817;ENSG00000070388;ENSG00000005075;ENSG00000147669;ENSG00000107831;ENSG00000158815"
"REACTOME","REACTOME_FATTY_ACID_METABOLISM",0.374864572047671,0.59973866686334,0.0315487678108982,0.25918717780833,1.02572118743796,165,"ENSG00000161905;ENSG00000015413;ENSG00000072778;ENSG00000138796;ENSG00000233276;ENSG00000170522;ENSG00000072210;ENSG00000005469;ENSG00000130304;ENSG00000242612;ENSG00000107897;ENSG00000167969;ENSG00000066322;ENSG00000196139;ENSG00000141179;ENSG00000148334;ENSG00000060971;ENSG00000099797;ENSG00000005421;ENSG00000119673;ENSG00000179477;ENSG00000221988;ENSG00000111144;ENSG00000162409;ENSG00000176153;ENSG00000124212;ENSG00000127884;ENSG00000169710;ENSG00000151611;ENSG00000116353;ENSG00000132965;ENSG00000110958;ENSG00000167315;ENSG00000155368;ENSG00000111271;ENSG00000005187;ENSG00000004779;ENSG00000117480;ENSG00000159228;ENSG00000114054;ENSG00000205560;ENSG00000106853;ENSG00000165175;ENSG00000164120;ENSG00000167468;ENSG00000177465;ENSG00000204228;ENSG00000140876;ENSG00000104325;ENSG00000159445"
"REACTOME","REACTOME_VEGFR2_MEDIATED_VASCULAR_PERMEABILITY",0.375586854460094,0.599919274318611,0.0296007129207685,-0.38110814747776,-1.05640745008701,25,"ENSG00000142208;ENSG00000180370;ENSG00000186654;ENSG00000164327;ENSG00000140992;ENSG00000117020;ENSG00000136238;ENSG00000198561;ENSG00000105974;ENSG00000198793"
"REACTOME","REACTOME_ABC_TRANSPORTERS_IN_LIPID_HOMEOSTASIS",0.376022341911031,0.599936211049013,0.0299389540634201,-0.41294263368075,-1.0603484587725,18,"ENSG00000107331;ENSG00000143921;ENSG00000154262"
"REACTOME","REACTOME_STRAND_ASYNCHRONOUS_MITOCHONDRIAL_DNA_REPLICATION",0.378447596532703,0.600159222060801,0.0295911743252406,0.486192213677104,1.0798757077726,10,"ENSG00000107815;ENSG00000106028;ENSG00000256525;ENSG00000157036;ENSG00000140521"
"REACTOME","REACTOME_BICARBONATE_TRANSPORTERS",0.378197320341048,0.600159222060801,0.0301560446411683,-0.486334738378308,-1.06941779633315,10,"ENSG00000144290;ENSG00000158467;ENSG00000050438;ENSG00000114923;ENSG00000004939"
"REACTOME","REACTOME_N_GLYCAN_ANTENNAE_ELONGATION",0.37913741223671,0.600159222060801,0.029890104144501,-0.440068479946759,-1.05637405146319,14,"ENSG00000071073;ENSG00000118276"
"REACTOME","REACTOME_DEVELOPMENTAL_LINEAGE_OF_MAMMARY_GLAND_LUMINAL_EPITHELIAL_CELLS",0.378858180351019,0.600159222060801,0.0300076461078806,0.386249799421686,1.05131079880053,21,"ENSG00000185499;ENSG00000111057;ENSG00000170421;ENSG00000171345;ENSG00000163235"
"REACTOME","REACTOME_GLYCOSAMINOGLYCAN_PROTEIN_LINKAGE_REGION_BIOSYNTHESIS",0.378120124804992,0.600159222060801,0.0294206436771131,-0.367637302729166,-1.05060305675376,29,"ENSG00000155893;ENSG00000038427;ENSG00000183098;ENSG00000130287;ENSG00000142798;ENSG00000116199;ENSG00000132692;ENSG00000162512;ENSG00000188157"
"REACTOME","REACTOME_MYD88_INDEPENDENT_TLR4_CASCADE",0.377794476798798,0.600159222060801,0.0287597447492941,-0.282344724230477,-1.0327510011977,105,"ENSG00000126767;ENSG00000184979;ENSG00000071242;ENSG00000131323;ENSG00000072803;ENSG00000139318;ENSG00000102921;ENSG00000114738;ENSG00000107643;ENSG00000179295;ENSG00000107968;ENSG00000164086;ENSG00000112062;ENSG00000142192;ENSG00000106100;ENSG00000077150;ENSG00000157625"
"REACTOME","REACTOME_RESPIRATORY_SYNCYTIAL_VIRUS_INFECTION_PATHWAY",0.377294866991383,0.600159222060801,0.0287329158912799,-0.281441880140614,-1.03226611814244,107,"ENSG00000108774;ENSG00000070770;ENSG00000129128;ENSG00000125686;ENSG00000005339;ENSG00000126581;ENSG00000155111;ENSG00000183098;ENSG00000118363;ENSG00000142798;ENSG00000131711;ENSG00000184634;ENSG00000108510;ENSG00000088888;ENSG00000123066;ENSG00000159479;ENSG00000159110;ENSG00000100393;ENSG00000162512;ENSG00000170581;ENSG00000188157;ENSG00000112282;ENSG00000180182;ENSG00000152944;ENSG00000076716;ENSG00000174130;ENSG00000140612;ENSG00000115267;ENSG00000124641"
"REACTOME","REACTOME_TRAFFICKING_OF_AMPA_RECEPTORS",0.380590890439064,0.601785372116415,0.0302358693091482,0.35646165150433,1.0465743303933,29,"ENSG00000088367;ENSG00000126583;ENSG00000183020;ENSG00000058404;ENSG00000100151;ENSG00000042753;ENSG00000161203"
"REACTOME","REACTOME_GENE_AND_PROTEIN_EXPRESSION_BY_JAK_STAT_SIGNALING_AFTER_INTERLEUKIN_12_STIMULATION",0.381732541470408,0.602915378698228,0.0301460999658088,0.343455259826895,1.04161729995574,34,"ENSG00000064666;ENSG00000100911;ENSG00000148834;ENSG00000196262;ENSG00000099810;ENSG00000113013;ENSG00000240972;ENSG00000110711;ENSG00000120438;ENSG00000142168;ENSG00000172757;ENSG00000070831;ENSG00000150593;ENSG00000182718"
"REACTOME","REACTOME_DECTIN_2_FAMILY",0.383644016837041,0.603881379866855,0.0296580889975364,0.402093348574219,1.05179922191244,18,"ENSG00000185499;ENSG00000117983;ENSG00000176945"
"REACTOME","REACTOME_REGULATION_OF_FZD_BY_UBIQUITINATION",0.38491022796046,0.603881379866855,0.0297157141936998,0.38436425065994,1.04617863361143,21,"ENSG00000101282;ENSG00000143947;ENSG00000221983;ENSG00000170315;ENSG00000177283;ENSG00000150991;ENSG00000163251"
"REACTOME","REACTOME_CLASS_I_PEROXISOMAL_MEMBRANE_PROTEIN_IMPORT",0.384892086330935,0.603881379866855,0.0295435840307823,0.387766980621285,1.04406270555161,20,"ENSG00000072210;ENSG00000107897;ENSG00000214253;ENSG00000215193;ENSG00000173208;ENSG00000176894;ENSG00000101986;ENSG00000034693;ENSG00000142655"
"REACTOME","REACTOME_TP53_REGULATES_TRANSCRIPTION_OF_CELL_CYCLE_GENES",0.383606557377049,0.603881379866855,0.0289581857042255,-0.324720850288625,-1.03707951100667,49,"ENSG00000118495;ENSG00000114126;ENSG00000080839;ENSG00000116017;ENSG00000198176;ENSG00000158435;ENSG00000138767;ENSG00000111596;ENSG00000113300;ENSG00000100393;ENSG00000125107;ENSG00000123374;ENSG00000129173;ENSG00000165891;ENSG00000103479;ENSG00000141510;ENSG00000198791;ENSG00000144580"
"REACTOME","REACTOME_L1CAM_INTERACTIONS",0.384598884598885,0.603881379866855,0.0308711470716714,0.270133763385952,1.02498137433709,120,"ENSG00000137575;ENSG00000167552;ENSG00000160460;ENSG00000137267;ENSG00000137285;ENSG00000183020;ENSG00000102882;ENSG00000172020;ENSG00000204435;ENSG00000146648;ENSG00000168356;ENSG00000042753;ENSG00000011009;ENSG00000126934;ENSG00000161203;ENSG00000188229;ENSG00000183785;ENSG00000167553;ENSG00000177098;ENSG00000122705;ENSG00000123416;ENSG00000149269;ENSG00000144668;ENSG00000144285;ENSG00000173213"
"REACTOME","REACTOME_DISEASES_OF_METABOLISM",0.38351386084083,0.603881379866855,0.0280795133149634,-0.251893259253743,-1.02324731483859,251,"ENSG00000113273;ENSG00000119938;ENSG00000130707;ENSG00000083123;ENSG00000130714;ENSG00000038427;ENSG00000124275;ENSG00000135677;ENSG00000183098;ENSG00000151348;ENSG00000178031;ENSG00000130287;ENSG00000253710;ENSG00000116704;ENSG00000187720;ENSG00000136378;ENSG00000198380;ENSG00000142798;ENSG00000166106;ENSG00000171759;ENSG00000122852;ENSG00000168216;ENSG00000172269;ENSG00000172817;ENSG00000112902;ENSG00000086848;ENSG00000087116;ENSG00000131873;ENSG00000173599;ENSG00000155850;ENSG00000049192;ENSG00000158859;ENSG00000165102;ENSG00000159674;ENSG00000278540;ENSG00000182858;ENSG00000145536;ENSG00000132692;ENSG00000059377;ENSG00000116984;ENSG00000173402;ENSG00000159921;ENSG00000136872;ENSG00000119523;ENSG00000187676;ENSG00000033011;ENSG00000171155;ENSG00000162512;ENSG00000153989;ENSG00000079739;ENSG00000169105;ENSG00000188157;ENSG00000021826"
"REACTOME","REACTOME_SEROTONIN_NEUROTRANSMITTER_RELEASE_CYCLE",0.386049308478653,0.604575383774774,0.0295435840307823,0.401396711608468,1.04997695297631,18,"ENSG00000177380;ENSG00000165646;ENSG00000198722;ENSG00000005379;ENSG00000008056;ENSG00000168993"
"REACTOME","REACTOME_FLT3_SIGNALING_IN_DISEASE",0.387065259867136,0.604575383774774,0.0290310963363371,-0.369482187842629,-1.04237041715778,27,"ENSG00000115306;ENSG00000179295;ENSG00000173230;ENSG00000173757;ENSG00000213281;ENSG00000145675;ENSG00000033327"
"REACTOME","REACTOME_G_ALPHA_Z_SIGNALLING_EVENTS",0.386732388580817,0.604575383774774,0.0299585442797634,0.322326192632113,1.03690408965333,45,"ENSG00000171700;ENSG00000163932;ENSG00000091844;ENSG00000126583;ENSG00000174021;ENSG00000162188;ENSG00000172354;ENSG00000114353;ENSG00000117152"
"REACTOME","REACTOME_MEIOTIC_SYNAPSIS",0.386638830897704,0.604575383774774,0.0302659267139229,0.29320234698923,1.03087764806168,74,"ENSG00000217442;ENSG00000100918;ENSG00000196074;ENSG00000273802;ENSG00000066923;ENSG00000160789;ENSG00000132604;ENSG00000158373;ENSG00000092330;ENSG00000188486;ENSG00000180596;ENSG00000276180;ENSG00000270882;ENSG00000197061;ENSG00000274183;ENSG00000246705;ENSG00000124635;ENSG00000277224;ENSG00000180573;ENSG00000166848;ENSG00000126803;ENSG00000164828;ENSG00000102977;ENSG00000276368"
"REACTOME","REACTOME_ERBB2_REGULATES_CELL_MOTILITY",0.390671716165039,0.605519718139445,0.0292244316056432,0.433994485002368,1.05952338707865,14,"ENSG00000146648;ENSG00000113070;ENSG00000065361;ENSG00000178568;ENSG00000162959;ENSG00000169752"
"REACTOME","REACTOME_MUCOPOLYSACCHARIDOSES",0.38968189233279,0.605519718139445,0.0296868703340807,-0.470012235255293,-1.05793689105986,11,"ENSG00000113273;ENSG00000135677;ENSG00000165102;ENSG00000114378;ENSG00000141012;ENSG00000010404;ENSG00000169919;ENSG00000170266"
"REACTOME","REACTOME_TRISTETRAPROLIN_TTP_ZFP36_BINDS_AND_DESTABILIZES_MRNA",0.389477895579116,0.605519718139445,0.0293455520966411,-0.415112918371917,-1.05071801597698,17,"ENSG00000172795;ENSG00000083312;ENSG00000114127"
"REACTOME","REACTOME_SYNTHESIS_OF_GLYCOSYLPHOSPHATIDYLINOSITOL_GPI",0.390278055611122,0.605519718139445,0.0293081657410513,-0.414868521046836,-1.05009940677174,17,"ENSG00000174227;ENSG00000197563;ENSG00000135845;ENSG00000060642;ENSG00000165282;ENSG00000143315;ENSG00000163964;ENSG00000119227;ENSG00000277161;ENSG00000165195"
"REACTOME","REACTOME_FORMATION_OF_THE_POLYBROMO_BAF_PBAF_COMPLEX",0.390185517654099,0.605519718139445,0.0292615811881865,-0.408593345339742,-1.04918041553115,18,"ENSG00000110987;ENSG00000189079;ENSG00000136518;ENSG00000130024;ENSG00000139613;ENSG00000163939;ENSG00000173473;ENSG00000066117;ENSG00000127616;ENSG00000080503;ENSG00000073584"
"REACTOME","REACTOME_P130CAS_LINKAGE_TO_MAPK_SIGNALING_FOR_INTEGRINS",0.388988988988989,0.605519718139445,0.0293830445605139,-0.427469034225502,-1.04901583171759,15,"ENSG00000115414;ENSG00000116473;ENSG00000171560;ENSG00000169398;ENSG00000197122"
"REACTOME","REACTOME_INTERCONVERSION_OF_NUCLEOTIDE_DI_AND_TRIPHOSPHATES",0.388797702092737,0.605519718139445,0.0298414327424622,0.354429623980862,1.0406082809298,29,"ENSG00000243678;ENSG00000106992;ENSG00000168393;ENSG00000179958;ENSG00000239672;ENSG00000154027;ENSG00000171793;ENSG00000085231"
"REACTOME","REACTOME_GLUCAGON_SIGNALING_IN_METABOLIC_REGULATION",0.391355368668101,0.605914233069472,0.0288495731535057,-0.357873881241276,-1.03813077959373,31,"ENSG00000172380;ENSG00000173175;ENSG00000138031;ENSG00000162104;ENSG00000168243;ENSG00000111664;ENSG00000155897;ENSG00000164742;ENSG00000129467;ENSG00000108946"
"REACTOME","REACTOME_DEACTIVATION_OF_THE_BETA_CATENIN_TRANSACTIVATING_COMPLEX",0.392049883086516,0.606324682276189,0.0287507956878911,-0.331955394703318,-1.03158135086272,43,"ENSG00000106829;ENSG00000124766;ENSG00000178585;ENSG00000142208;ENSG00000117222;ENSG00000181449;ENSG00000129691;ENSG00000138795;ENSG00000163348;ENSG00000143842;ENSG00000125398;ENSG00000196781"
"REACTOME","REACTOME_AKT_PHOSPHORYLATES_TARGETS_IN_THE_CYTOSOL",0.393981945837513,0.608646069499527,0.0291873863885422,-0.434802089194447,-1.04373220413915,14,"ENSG00000135679;ENSG00000142208;ENSG00000082701;ENSG00000117020;ENSG00000213341"
"REACTOME","REACTOME_ACTIVATION_OF_BH3_ONLY_PROTEINS",0.397174254317111,0.611570389417406,0.0286438814771541,-0.359645624618317,-1.03507584623927,30,"ENSG00000114126;ENSG00000221823;ENSG00000142208;ENSG00000107643;ENSG00000171791;ENSG00000198176;ENSG00000153094"
"REACTOME","REACTOME_ZBP1_DAI_MEDIATED_INDUCTION_OF_TYPE_I_IFNS",0.396879375875175,0.611570389417406,0.029003707427331,0.389595251046399,1.03378763593734,19,"ENSG00000168256;ENSG00000126456;ENSG00000127666;ENSG00000100906;ENSG00000197885;ENSG00000164342;ENSG00000173039"
"REACTOME","REACTOME_VASOPRESSIN_REGULATES_RENAL_WATER_HOMEOSTASIS_VIA_AQUAPORINS",0.396413954394855,0.611570389417406,0.0285554492181889,-0.336121937524185,-1.03021018772847,40,"ENSG00000172380;ENSG00000173175;ENSG00000138031;ENSG00000162104;ENSG00000168243;ENSG00000167306;ENSG00000111664;ENSG00000155897;ENSG00000107560;ENSG00000164742;ENSG00000101200;ENSG00000129467;ENSG00000108946"
"REACTOME","REACTOME_BUTYROPHILIN_BTN_FAMILY_INTERACTIONS",0.399715793747462,0.614813399533134,0.0291412258267377,-0.47729911188315,-1.04954905364954,10,"ENSG00000113303;ENSG00000112763;ENSG00000165810;ENSG00000118898;ENSG00000124508"
"REACTOME","REACTOME_DOWNSTREAM_SIGNALING_OF_ACTIVATED_FGFR4",0.400277557494052,0.615007520328185,0.0286883229509072,-0.386704198324898,-1.0395741514368,22,"ENSG00000156427;ENSG00000179295;ENSG00000160691;ENSG00000213281;ENSG00000145675;ENSG00000102678;ENSG00000109458"
"REACTOME","REACTOME_DOWNSTREAM_SIGNAL_TRANSDUCTION",0.401911076443058,0.616846130366954,0.0283196328294369,-0.361789764736223,-1.0338924530031,29,"ENSG00000166888;ENSG00000179295;ENSG00000141738;ENSG00000173757;ENSG00000213281;ENSG00000197461;ENSG00000145675;ENSG00000105647;ENSG00000168610;ENSG00000099942;ENSG00000197122;ENSG00000115904"
"REACTOME","REACTOME_PURINERGIC_SIGNALING_IN_LEISHMANIASIS_INFECTION",0.40416253716551,0.618956076440022,0.0285114565971186,-0.390405427242267,-1.03738455512154,21,"ENSG00000265972;ENSG00000135318;ENSG00000140368;ENSG00000142192;ENSG00000077150;ENSG00000187097;ENSG00000138185;ENSG00000109320"
"REACTOME","REACTOME_TRANSCRIPTIONAL_REGULATION_BY_VENTX",0.403964037597058,0.618956076440022,0.029067703848247,0.328626641734112,1.02687971216205,39,"ENSG00000089053;ENSG00000196510;ENSG00000147889;ENSG00000155363;ENSG00000108106;ENSG00000110200;ENSG00000141552;ENSG00000170142;ENSG00000130177;ENSG00000105325;ENSG00000072401;ENSG00000173039;ENSG00000176386;ENSG00000204371;ENSG00000181090;ENSG00000182578;ENSG00000166295"
"REACTOME","REACTOME_BASIGIN_INTERACTIONS",0.404733959311424,0.61915964306363,0.0282505733765283,-0.374178748810751,-1.03719959944174,25,"ENSG00000155465;ENSG00000141526;ENSG00000092068;ENSG00000150093;ENSG00000103064;ENSG00000151012;ENSG00000130876;ENSG00000168003"
"REACTOME","REACTOME_ACYL_CHAIN_REMODELLING_OF_PG",0.405910735826297,0.619199746850477,0.0286883229509072,-0.440788458428285,-1.03933383328996,13,"ENSG00000123739;ENSG00000153246"
"REACTOME","REACTOME_EPHA_MEDIATED_GROWTH_CONE_COLLAPSE",0.405226209048362,0.619199746850477,0.0281733174199865,-0.361060020163383,-1.0318070501531,29,"ENSG00000145242;ENSG00000243364;ENSG00000184349;ENSG00000134318;ENSG00000116106;ENSG00000067900;ENSG00000099617;ENSG00000197122;ENSG00000146904;ENSG00000066248"
"REACTOME","REACTOME_PARASITE_INFECTION",0.406075754662565,0.619199746850477,0.0278855433998514,-0.308052788452501,-1.02147169144008,59,"ENSG00000138443;ENSG00000158195;ENSG00000145555;ENSG00000197535;ENSG00000150760;ENSG00000273749;ENSG00000122574;ENSG00000123338;ENSG00000169398;ENSG00000171475;ENSG00000061676;ENSG00000055163;ENSG00000100030;ENSG00000097007;ENSG00000197122;ENSG00000138071"
"REACTOME","REACTOME_WNT5A_DEPENDENT_INTERNALIZATION_OF_FZD2_FZD5_AND_ROR2",0.407915672235481,0.619996694506458,0.028406475599715,0.437745157213385,1.04696947357664,13,"ENSG00000183020;ENSG00000042753;ENSG00000161203;ENSG00000175416;ENSG00000122705"
"REACTOME","REACTOME_SUMOYLATION_OF_TRANSCRIPTION_FACTORS",0.407563025210084,0.619996694506458,0.0285290358596046,-0.393470923650791,-1.03291215876238,20,"ENSG00000135679;ENSG00000008196;ENSG00000131788;ENSG00000184900;ENSG00000177374;ENSG00000141510;ENSG00000172845;ENSG00000067369;ENSG00000137203;ENSG00000103275;ENSG00000033800"
"REACTOME","REACTOME_PHASE_II_CONJUGATION_OF_COMPOUNDS",0.407811843763125,0.619996694506458,0.0293924343196176,0.285816243722744,1.01694561175326,80,"ENSG00000128294;ENSG00000133433;ENSG00000114779;ENSG00000131067;ENSG00000151224;ENSG00000213366;ENSG00000101444;ENSG00000134202;ENSG00000114631;ENSG00000148834;ENSG00000170899;ENSG00000143198;ENSG00000100983;ENSG00000085871;ENSG00000130540;ENSG00000115652;ENSG00000166743;ENSG00000162813;ENSG00000133313;ENSG00000134184;ENSG00000088002;ENSG00000001084;ENSG00000197448;ENSG00000006625;ENSG00000100577"
"REACTOME","REACTOME_SPHINGOLIPID_DE_NOVO_BIOSYNTHESIS",0.408868919710881,0.620777327561037,0.0280455701684981,-0.339613037119113,-1.0228442913123,37,"ENSG00000165389;ENSG00000163590;ENSG00000103222;ENSG00000124164;ENSG00000090054;ENSG00000143753;ENSG00000184304;ENSG00000143418;ENSG00000198964"
"REACTOME","REACTOME_MATURATION_OF_SARS_COV_2_NUCLEOPROTEIN",0.40980980980981,0.621537541838294,0.0284413754423405,-0.420450791047899,-1.03179295095972,15,"ENSG00000138617;ENSG00000151883;ENSG00000102699;ENSG00000135250;ENSG00000082701"
"REACTOME","REACTOME_MISCELLANEOUS_SUBSTRATES",0.413120567375887,0.625886524822695,0.0280117156497292,0.470863657506812,1.04582963509214,10,"ENSG00000100197"
"REACTOME","REACTOME_NEGATIVE_REGULATION_OF_TCF_DEPENDENT_SIGNALING_BY_WNT_LIGAND_ANTAGONISTS",0.414391070360773,0.627138468756069,0.0281647617119471,0.42600548967137,1.04001961989965,14,"ENSG00000131650;ENSG00000156076;ENSG00000162552;ENSG00000143816;ENSG00000104371"
"REACTOME","REACTOME_M_DECAY_DEGRADATION_OF_MATERNAL_MRNAS_BY_MATERNALLY_STORED_FACTORS",0.41557681046262,0.628259589264688,0.0277440202188223,-0.347700259317258,-1.01671088079262,32,"ENSG00000205022;ENSG00000123908;ENSG00000152518;ENSG00000158435;ENSG00000138767;ENSG00000111596;ENSG00000172239;ENSG00000113300;ENSG00000125107;ENSG00000100697;ENSG00000137707;ENSG00000114867;ENSG00000198791;ENSG00000144580"
"REACTOME","REACTOME_ROLE_OF_LAT2_NTAL_LAB_ON_CALCIUM_MOBILIZATION",0.417683536707341,0.630095249819195,0.0280880129991969,-0.406507619293289,-1.02893661054579,17,"ENSG00000160691;ENSG00000145675;ENSG00000105647;ENSG00000033327;ENSG00000140992;ENSG00000115904"
"REACTOME","REACTOME_DRUG_ADME",0.417241379310345,0.630095249819195,0.0273445801963149,-0.288448831665929,-1.01586140105944,84,"ENSG00000112759;ENSG00000145626;ENSG00000171234;ENSG00000103222;ENSG00000197888;ENSG00000135220;ENSG00000163655;ENSG00000125257;ENSG00000198246"
"REACTOME","REACTOME_PRC2_METHYLATES_HISTONES_AND_DNA",0.418575593502707,0.630767062994474,0.0287686999295148,0.291465375995881,1.01363109776983,70,"ENSG00000273802;ENSG00000187690;ENSG00000132475;ENSG00000273604;ENSG00000112511;ENSG00000108799;ENSG00000158373;ENSG00000139154;ENSG00000188486;ENSG00000180596;ENSG00000276180;ENSG00000274750;ENSG00000270882;ENSG00000197061;ENSG00000274183;ENSG00000246705;ENSG00000124635;ENSG00000277224;ENSG00000273983;ENSG00000277775;ENSG00000180573"
"REACTOME","REACTOME_SIALIC_ACID_METABOLISM",0.420887932720516,0.633194630861342,0.0275549841954235,-0.351661467794865,-1.02010963317222,31,"ENSG00000008513;ENSG00000170191;ENSG00000204099;ENSG00000095380;ENSG00000117069;ENSG00000159921;ENSG00000184005;ENSG00000111728"
"REACTOME","REACTOME_SMOOTH_MUSCLE_CONTRACTION",0.421083398285269,0.633194630861342,0.0274817619246237,-0.326175011832106,-1.01361828936128,43,"ENSG00000167460;ENSG00000065534;ENSG00000138735;ENSG00000197043;ENSG00000180370;ENSG00000035403;ENSG00000061918;ENSG00000082781"
"REACTOME","REACTOME_EPHRIN_SIGNALING",0.423084616923385,0.635527105421084,0.0278604558742744,0.382705720026922,1.01550632484278,19,"ENSG00000108947;ENSG00000137575;ENSG00000149269;ENSG00000182580;ENSG00000102606"
"REACTOME","REACTOME_NOTCH4_ACTIVATION_AND_TRANSMISSION_OF_SIGNAL_TO_THE_NUCLEUS",0.425163132137031,0.637293357300942,0.0281135455123913,-0.456236215401853,-1.02692884803091,11,"ENSG00000101384;ENSG00000143801;ENSG00000162736;ENSG00000204301;ENSG00000138613;ENSG00000080815"
"REACTOME","REACTOME_SIGNALING_BY_ERYTHROPOIETIN",0.424827586206897,0.637293357300942,0.0275223895362111,-0.37682663109016,-1.0231036782781,23,"ENSG00000141506;ENSG00000160691;ENSG00000173757;ENSG00000213281;ENSG00000145675;ENSG00000185950;ENSG00000109458;ENSG00000099942"
"REACTOME","REACTOME_HS_GAG_DEGRADATION",0.426743953627823,0.638344124199387,0.0276944387553962,-0.391842114609083,-1.01862393620333,19,"ENSG00000183098;ENSG00000142798;ENSG00000135047;ENSG00000165102;ENSG00000162512;ENSG00000188157;ENSG00000173083;ENSG00000076716"
"REACTOME","REACTOME_FRS_MEDIATED_FGFR1_SIGNALING",0.427143713771737,0.638344124199387,0.0276779538407045,-0.391420685838565,-1.01752839946276,19,"ENSG00000179295;ENSG00000213281;ENSG00000133116;ENSG00000102678;ENSG00000138675"
"REACTOME","REACTOME_SYNTHESIS_OF_IP3_AND_IP4_IN_THE_CYTOSOL",0.427220394736842,0.638344124199387,0.0281733174199865,0.355114606829558,1.01395209821014,26,"ENSG00000124181;ENSG00000185133;ENSG00000204084;ENSG00000101333;ENSG00000161714;ENSG00000115556;ENSG00000143772"
"REACTOME","REACTOME_FORMATION_OF_THE_POSTERIOR_NEURAL_PLATE",0.430654058313633,0.639175820959591,0.0272805274490333,0.463448864800858,1.02936072774216,10,"ENSG00000182968;ENSG00000185668;ENSG00000149922;ENSG00000165588"
"REACTOME","REACTOME_CASPASE_MEDIATED_CLEAVAGE_OF_CYTOSKELETAL_PROTEINS",0.428656009473061,0.639175820959591,0.0273928302787928,0.438737815613527,1.02830106480403,12,"ENSG00000136279;ENSG00000178209;ENSG00000186868;ENSG00000148180;ENSG00000064012;ENSG00000164305;ENSG00000197694"
"REACTOME","REACTOME_UNWINDING_OF_DNA",0.431813576494428,0.639175820959591,0.0277274718950814,-0.442528144235539,-1.02037342579964,12,"ENSG00000125885;ENSG00000147536;ENSG00000076003;ENSG00000104738;ENSG00000073111;ENSG00000093009;ENSG00000112118;ENSG00000181938"
"REACTOME","REACTOME_CREB1_PHOSPHORYLATION_THROUGH_NMDA_RECEPTOR_MEDIATED_ACTIVATION_OF_RAS_SIGNALING",0.430571761960327,0.639175820959591,0.0270588292029202,-0.357669219625424,-1.01563857805051,28,"ENSG00000071242;ENSG00000105464;ENSG00000213281;ENSG00000075711;ENSG00000145349;ENSG00000070808;ENSG00000140992;ENSG00000148660;ENSG00000100030;ENSG00000118260"
"REACTOME","REACTOME_INTERACTIONS_OF_REV_WITH_HOST_CELLULAR_PROTEINS",0.429185387771049,0.639175820959591,0.027192973763518,-0.336015737190834,-1.01200996726223,37,"ENSG00000139496;ENSG00000120253;ENSG00000155561;ENSG00000124789;ENSG00000126883;ENSG00000030066;ENSG00000113569;ENSG00000110713;ENSG00000132182;ENSG00000102900;ENSG00000095319;ENSG00000108424;ENSG00000157020;ENSG00000196313;ENSG00000111581;ENSG00000153201;ENSG00000069248"
"REACTOME","REACTOME_CYCLIN_A_B1_B2_ASSOCIATED_EVENTS_DURING_G2_M_TRANSITION",0.431235908997745,0.639175820959591,0.0279526822391721,0.337493378502269,1.01197313768755,32,"ENSG00000137713;ENSG00000205629;ENSG00000113575;ENSG00000166483;ENSG00000105568;ENSG00000105325;ENSG00000134480;ENSG00000221914;ENSG00000111206;ENSG00000166851;ENSG00000127564"
"REACTOME","REACTOME_FCGAMMA_RECEPTOR_FCGR_DEPENDENT_PHAGOCYTOSIS",0.430321592649311,0.639175820959591,0.0267946889030471,-0.285824370910672,-1.00849414525267,85,"ENSG00000138443;ENSG00000147535;ENSG00000158195;ENSG00000145555;ENSG00000197535;ENSG00000171132;ENSG00000150995;ENSG00000150760;ENSG00000273749;ENSG00000168710;ENSG00000145675;ENSG00000105647;ENSG00000122574;ENSG00000123338;ENSG00000075651;ENSG00000169398;ENSG00000171475;ENSG00000061676;ENSG00000055163;ENSG00000123104;ENSG00000100030;ENSG00000097007;ENSG00000197122;ENSG00000096433;ENSG00000138071"
"REACTOME","REACTOME_INTERLEUKIN_12_FAMILY_SIGNALING",0.430328656544301,0.639175820959591,0.0268640784536404,-0.312788343308907,-1.0073060015881,51,"ENSG00000127022;ENSG00000138378;ENSG00000089157;ENSG00000180370;ENSG00000116489;ENSG00000185624;ENSG00000162594;ENSG00000081985;ENSG00000169813;ENSG00000143761"
"REACTOME","REACTOME_SENSORY_PROCESSING_OF_SOUND_BY_OUTER_HAIR_CELLS_OF_THE_COCHLEA",0.431851085832472,0.639175820959591,0.0280880129991969,0.302892337739799,1.00714324251975,54,"ENSG00000136425;ENSG00000088367;ENSG00000176058;ENSG00000130830;ENSG00000111913;ENSG00000165899;ENSG00000197753;ENSG00000006611;ENSG00000112782;ENSG00000184009;ENSG00000181585;ENSG00000182040;ENSG00000092820;ENSG00000186765;ENSG00000148180;ENSG00000242866"
"REACTOME","REACTOME_SLC_MEDIATED_TRANSPORT_OF_INORGANIC_ANIONS",0.432400704363138,0.639319156608117,0.0270902664354274,-0.338728948842155,-1.0086149505054,35,"ENSG00000155850;ENSG00000113504;ENSG00000091137;ENSG00000144290;ENSG00000158467;ENSG00000074803;ENSG00000174502;ENSG00000050438;ENSG00000198569;ENSG00000114923;ENSG00000147606;ENSG00000140199;ENSG00000004939;ENSG00000081800;ENSG00000091138;ENSG00000064651;ENSG00000124067"
"REACTOME","REACTOME_PYRIMIDINE_CATABOLISM",0.434135399673736,0.639873887619327,0.0277440202188223,-0.453269776221264,-1.02025177622548,11,"ENSG00000135318;ENSG00000188641"
"REACTOME","REACTOME_POLO_LIKE_KINASE_MEDIATED_EVENTS",0.433473810957255,0.639873887619327,0.0274898771930395,-0.40784756690166,-1.01781371124085,16,"ENSG00000205659;ENSG00000162521;ENSG00000100393;ENSG00000183814;ENSG00000164045;ENSG00000117724;ENSG00000158402"
"REACTOME","REACTOME_ABERRANT_REGULATION_OF_MITOTIC_EXIT_IN_CANCER_DUE_TO_RB1_DEFECTS",0.433852917665867,0.639873887619327,0.0274008896033539,0.374037718918534,1.00709666451419,20,"ENSG00000089053;ENSG00000196510;ENSG00000108106;ENSG00000110200;ENSG00000141552;ENSG00000170142;ENSG00000130177;ENSG00000105325;ENSG00000072401;ENSG00000176386;ENSG00000166295;ENSG00000176248;ENSG00000175063;ENSG00000164162"
"REACTOME","REACTOME_MRNA_DECAY_BY_5_TO_3_EXORIBONUCLEASE",0.437437437437437,0.644068468885987,0.0272885165856835,-0.411369953366341,-1.0095084303734,15,"ENSG00000172795;ENSG00000114127;ENSG00000166889"
"REACTOME","REACTOME_SYNTHESIS_OF_VERY_LONG_CHAIN_FATTY_ACYL_COAS",0.440788177339901,0.648325944170772,0.0268795497273238,-0.372765537749389,-1.01207760105327,23,"ENSG00000164398;ENSG00000164181;ENSG00000149084;ENSG00000074696;ENSG00000188921;ENSG00000103740;ENSG00000197977;ENSG00000130948;ENSG00000012660"
"REACTOME","REACTOME_REGULATION_OF_TP53_ACTIVITY",0.441800405829183,0.64913857755547,0.0257119146397626,-0.259083294262466,-1.00170727805918,160,"ENSG00000135679;ENSG00000070770;ENSG00000096070;ENSG00000136492;ENSG00000142208;ENSG00000165632;ENSG00000162521;ENSG00000092201;ENSG00000136319;ENSG00000138376;ENSG00000074590;ENSG00000089022;ENSG00000178913;ENSG00000186654;ENSG00000083168;ENSG00000113522;ENSG00000165392;ENSG00000132383;ENSG00000112062;ENSG00000122728;ENSG00000100425;ENSG00000113456;ENSG00000276293;ENSG00000136273;ENSG00000064393;ENSG00000164327;ENSG00000187325;ENSG00000108984;ENSG00000020922;ENSG00000100393;ENSG00000172315;ENSG00000123374;ENSG00000174371;ENSG00000133119;ENSG00000140992;ENSG00000273841;ENSG00000185513;ENSG00000175643"
"REACTOME","REACTOME_INTERFERON_ALPHA_BETA_SIGNALING",0.442741768482087,0.649845506337534,0.0276697192756243,0.290189747248845,1.00275275708407,67,"ENSG00000101347;ENSG00000143947;ENSG00000165949;ENSG00000089127;ENSG00000213928;ENSG00000204264;ENSG00000221983;ENSG00000126456;ENSG00000068745;ENSG00000126709;ENSG00000185507;ENSG00000168310;ENSG00000170315;ENSG00000162645;ENSG00000068079;ENSG00000234745;ENSG00000150991;ENSG00000157601;ENSG00000206503;ENSG00000135114;ENSG00000142166"
"REACTOME","REACTOME_SIGNALING_BY_VEGF",0.444234046582087,0.651358747428771,0.0260626490788763,-0.276327210602653,-1.00355170357253,100,"ENSG00000138443;ENSG00000158195;ENSG00000112715;ENSG00000142208;ENSG00000180370;ENSG00000114738;ENSG00000150995;ENSG00000150760;ENSG00000273749;ENSG00000186654;ENSG00000099250;ENSG00000168710;ENSG00000165197;ENSG00000134318;ENSG00000112062;ENSG00000213281;ENSG00000145675;ENSG00000105647;ENSG00000123338;ENSG00000164327;ENSG00000067900;ENSG00000169398;ENSG00000156711;ENSG00000061676;ENSG00000055163;ENSG00000165168;ENSG00000140992;ENSG00000123104;ENSG00000197122;ENSG00000096433;ENSG00000162889;ENSG00000117020"
"REACTOME","REACTOME_ISG15_ANTIVIRAL_MECHANISM",0.445510360706063,0.652552520038341,0.0262380567668797,-0.288921369174281,-0.996739763732434,74,"ENSG00000184979;ENSG00000138032;ENSG00000196911;ENSG00000126581;ENSG00000139496;ENSG00000120253;ENSG00000155561;ENSG00000075151;ENSG00000185745;ENSG00000124789;ENSG00000069869;ENSG00000126883;ENSG00000030066;ENSG00000163412;ENSG00000113569;ENSG00000110713;ENSG00000132182;ENSG00000102900;ENSG00000114867;ENSG00000136068;ENSG00000095319;ENSG00000055332"
"REACTOME","REACTOME_ERYTHROPOIETIN_ACTIVATES_PHOSPHOINOSITIDE_3_KINASE_PI3K",0.447797716150082,0.653900607912489,0.0272009085336373,-0.448271775466751,-1.00900192147038,11,"ENSG00000141506;ENSG00000145675;ENSG00000185950;ENSG00000109458"
"REACTOME","REACTOME_DISEASES_ASSOCIATED_WITH_GLYCOSYLATION_PRECURSOR_BIOSYNTHESIS",0.447897987646942,0.653900607912489,0.0267946889030471,0.39643680237858,1.00479588759612,16,"ENSG00000117308;ENSG00000213930;ENSG00000178802;ENSG00000179085;ENSG00000136908"
"REACTOME","REACTOME_SHC_MEDIATED_CASCADE_FGFR1",0.448489697939588,0.653900607912489,0.0268409066484514,-0.396578836713348,-1.00380525405999,17,"ENSG00000160691;ENSG00000213281;ENSG00000133116;ENSG00000102678;ENSG00000138675"
"REACTOME","REACTOME_PHASE_2_PLATEAU_PHASE",0.447943831494483,0.653900607912489,0.0269105486313134,-0.416543157836269,-0.99990206820994,14,"ENSG00000152049;ENSG00000175538;ENSG00000053918;ENSG00000176076;ENSG00000007402;ENSG00000180509;ENSG00000165995;ENSG00000075461"
"REACTOME","REACTOME_SEMA3A_PLEXIN_REPULSION_SIGNALING_BY_INHIBITING_INTEGRIN_ADHESION",0.448746238716148,0.653900607912489,0.0268795497273238,-0.416090166299543,-0.998814672664166,14,"ENSG00000099250;ENSG00000221866;ENSG00000076356;ENSG00000172602;ENSG00000136238;ENSG00000186111"
"REACTOME","REACTOME_DEVELOPMENTAL_LINEAGES_OF_THE_MAMMARY_GLAND",0.452872623185443,0.658383675694224,0.0270509819468143,0.32898247202195,1.00410427361978,35,"ENSG00000185499;ENSG00000130176;ENSG00000111057;ENSG00000146648;ENSG00000170421;ENSG00000171345;ENSG00000163235;ENSG00000133392"
"REACTOME","REACTOME_RECEPTOR_TYPE_TYROSINE_PROTEIN_PHOSPHATASES",0.453221623778177,0.658383675694224,0.0266114758272282,-0.389547474003714,-1.00027468705955,18,"ENSG00000143847;ENSG00000121871;ENSG00000131626;ENSG00000142949;ENSG00000110841;ENSG00000153707;ENSG00000169306;ENSG00000196083;ENSG00000139220"
"REACTOME","REACTOME_PROCESSING_OF_DNA_DOUBLE_STRAND_BREAK_ENDS",0.453216929208578,0.658383675694224,0.0257614261895529,-0.277292276268946,-0.998133923711665,95,"ENSG00000063978;ENSG00000136492;ENSG00000137337;ENSG00000109685;ENSG00000092853;ENSG00000138376;ENSG00000112130;ENSG00000113522;ENSG00000165392;ENSG00000132383;ENSG00000113456;ENSG00000136273;ENSG00000020922;ENSG00000274290;ENSG00000123374;ENSG00000270276;ENSG00000174371;ENSG00000133119;ENSG00000158019;ENSG00000175643;ENSG00000197837;ENSG00000149311;ENSG00000275713;ENSG00000197238;ENSG00000171792;ENSG00000111602;ENSG00000067369;ENSG00000172613;ENSG00000128731;ENSG00000233822;ENSG00000103275;ENSG00000175054;ENSG00000196890;ENSG00000133101;ENSG00000111445;ENSG00000101773;ENSG00000163781;ENSG00000185515"
"REACTOME","REACTOME_NEUROTRANSMITTER_CLEARANCE",0.455870764381403,0.661551407303742,0.0262970702252586,0.454188855344258,1.00879343154813,10,"ENSG00000142319;ENSG00000087085;ENSG00000108576;ENSG00000111275;ENSG00000093010;ENSG00000175003"
"REACTOME","REACTOME_INTERLEUKIN_6_FAMILY_SIGNALING",0.459209750344014,0.663421744795071,0.0261354403230065,-0.364003040323924,-0.997940003680268,24,"ENSG00000122756;ENSG00000179295;ENSG00000113594;ENSG00000242689;ENSG00000168610;ENSG00000175505;ENSG00000134352"
"REACTOME","REACTOME_TRIGLYCERIDE_CATABOLISM",0.458583433373349,0.663421744795071,0.026460787768237,-0.379392241943985,-0.995953795030244,20,"ENSG00000006757;ENSG00000163586;ENSG00000105355;ENSG00000074416"
"REACTOME","REACTOME_IL_6_TYPE_CYTOKINE_RECEPTOR_LIGAND_INTERACTIONS",0.458491698339668,0.663421744795071,0.026460787768237,-0.393393901660124,-0.99574366770112,17,"ENSG00000122756;ENSG00000113594;ENSG00000242689;ENSG00000175505;ENSG00000134352"
"REACTOME","REACTOME_METABOLISM_OF_PORPHYRINS",0.459508828901969,0.663421744795071,0.0266722544958112,0.358421014441824,0.995194258187979,23,"ENSG00000106605;ENSG00000090013;ENSG00000006695;ENSG00000103415;ENSG00000188690;ENSG00000100292"
"REACTOME","REACTOME_DEVELOPMENTAL_LINEAGE_OF_PANCREATIC_DUCTAL_CELLS",0.45780895399216,0.663421744795071,0.0270196409679448,0.308405051875692,0.994866481815587,46,"ENSG00000139515;ENSG00000204248;ENSG00000109072;ENSG00000104267;ENSG00000171502;ENSG00000164692;ENSG00000171345;ENSG00000058085;ENSG00000105825;ENSG00000137693;ENSG00000001626;ENSG00000177459;ENSG00000134873;ENSG00000172037;ENSG00000163623"
"REACTOME","REACTOME_RESOLUTION_OF_SISTER_CHROMATID_COHESION",0.460663683818046,0.664409725792729,0.0251865531395241,-0.263717183048162,-0.99062140107648,127,"ENSG00000164754;ENSG00000167842;ENSG00000101162;ENSG00000188312;ENSG00000072501;ENSG00000007168;ENSG00000176014;ENSG00000120253;ENSG00000120334;ENSG00000166579;ENSG00000154001;ENSG00000166451;ENSG00000062650;ENSG00000142856;ENSG00000138092;ENSG00000121892;ENSG00000102384;ENSG00000149503;ENSG00000104833;ENSG00000130779;ENSG00000175216;ENSG00000030066;ENSG00000068971;ENSG00000153207;ENSG00000174442;ENSG00000138778;ENSG00000118007;ENSG00000110713;ENSG00000066027;ENSG00000160551;ENSG00000156970;ENSG00000258947;ENSG00000074054;ENSG00000142945;ENSG00000137812;ENSG00000101972;ENSG00000117724;ENSG00000152253;ENSG00000184445;ENSG00000197102;ENSG00000068796;ENSG00000153044;ENSG00000157020;ENSG00000000460;ENSG00000089685;ENSG00000111581;ENSG00000078304;ENSG00000086827;ENSG00000163535"
"REACTOME","REACTOME_DNA_METHYLATION",0.461745244003309,0.665290086257828,0.0269105486313134,0.294766960218021,0.992773406680973,58,"ENSG00000273802;ENSG00000132475;ENSG00000158373;ENSG00000188486;ENSG00000180596;ENSG00000276180;ENSG00000274750;ENSG00000270882;ENSG00000197061;ENSG00000274183;ENSG00000246705;ENSG00000124635;ENSG00000277224;ENSG00000273983;ENSG00000277775;ENSG00000180573;ENSG00000276368;ENSG00000278588;ENSG00000275714;ENSG00000197903;ENSG00000184678;ENSG00000234289"
"REACTOME","REACTOME_TRANSPORT_OF_NUCLEOSIDES_AND_FREE_PURINE_AND_PYRIMIDINE_BASES_ACROSS_THE_PLASMA_MEMBRANE",0.462887438825449,0.666255926219708,0.0266266433068643,-0.442779415839272,-0.996639328684421,11,"ENSG00000112759;ENSG00000198246;ENSG00000137860"
"REACTOME","REACTOME_NEF_MEDIATED_DOWNREGULATION_OF_MHC_CLASS_I_COMPLEX_CELL_SURFACE_EXPRESSION",0.46414499605989,0.666322311115367,0.0259902746108468,0.451041748419548,1.00180343001755,10,"ENSG00000106367;ENSG00000175115;ENSG00000152056;ENSG00000206503;ENSG00000166710"
"REACTOME","REACTOME_MASTL_FACILITATES_MITOTIC_PROGRESSION",0.464342001576044,0.666322311115367,0.025983059916707,0.450889106229864,1.00146439827664,10,"ENSG00000137713;ENSG00000113575;ENSG00000105568"
"REACTOME","REACTOME_NEUTROPHIL_DEGRANULATION",0.465203426124197,0.666322311115367,0.0242982243022936,-0.233916594921002,-0.996074082164414,414,"ENSG00000102580;ENSG00000099246;ENSG00000108774;ENSG00000196549;ENSG00000023318;ENSG00000102158;ENSG00000110917;ENSG00000113273;ENSG00000129353;ENSG00000140284;ENSG00000137509;ENSG00000123570;ENSG00000197081;ENSG00000092531;ENSG00000177119;ENSG00000244038;ENSG00000239264;ENSG00000135677;ENSG00000176407;ENSG00000091317;ENSG00000058063;ENSG00000108219;ENSG00000113194;ENSG00000079385;ENSG00000163739;ENSG00000117115;ENSG00000143162;ENSG00000104763;ENSG00000065883;ENSG00000035403;ENSG00000069424;ENSG00000068650;ENSG00000116473;ENSG00000148218;ENSG00000197405;ENSG00000273749;ENSG00000111816;ENSG00000155093;ENSG00000196776;ENSG00000203710;ENSG00000143753;ENSG00000145703;ENSG00000165280;ENSG00000116260;ENSG00000112062;ENSG00000213281;ENSG00000160209;ENSG00000165102;ENSG00000051620;ENSG00000105514;ENSG00000085365;ENSG00000162736;ENSG00000188404;ENSG00000129226;ENSG00000133805;ENSG00000168461;ENSG00000215301;ENSG00000123338;ENSG00000139278;ENSG00000067900;ENSG00000123329;ENSG00000109270;ENSG00000075651;ENSG00000170909;ENSG00000100554;ENSG00000257335;ENSG00000116815;ENSG00000147234;ENSG00000148248;ENSG00000001036;ENSG00000079739;ENSG00000165168;ENSG00000026508;ENSG00000069974;ENSG00000110719"
"REACTOME","REACTOME_FOXO_MEDIATED_TRANSCRIPTION_OF_CELL_CYCLE_GENES",0.465293058611722,0.666322311115367,0.0262086528104306,-0.391398181434651,-0.990692176641823,17,"ENSG00000133639;ENSG00000150907;ENSG00000141646;ENSG00000166949;ENSG00000138764;ENSG00000103479"
"REACTOME","REACTOME_SIGNALING_BY_FGFR3",0.465129908185192,0.666322311115367,0.0258111331089998,-0.328678516298148,-0.989911774071992,37,"ENSG00000157764;ENSG00000156427;ENSG00000068078;ENSG00000179295;ENSG00000160691;ENSG00000213281;ENSG00000145675;ENSG00000102678;ENSG00000109458;ENSG00000138675;ENSG00000100030;ENSG00000197122"
"REACTOME","REACTOME_INTERLEUKIN_27_SIGNALING",0.467113276492083,0.667574844541317,0.0263935568914387,-0.450904367907064,-0.991508764296971,10,"ENSG00000127022"
"REACTOME","REACTOME_REGULATION_OF_NF_KAPPA_B_SIGNALING",0.466786355475763,0.667574844541317,0.0261062735278064,-0.386087227134285,-0.991389512374955,18,"ENSG00000184979;ENSG00000102921"
"REACTOME","REACTOME_REGULATION_OF_SIGNALING_BY_CBL",0.468630219891063,0.66838976816786,0.026230699375173,0.363142509550932,0.988416414367166,21,"ENSG00000143947;ENSG00000171608;ENSG00000167193;ENSG00000221983;ENSG00000170315;ENSG00000150991;ENSG00000051382;ENSG00000165025"
"REACTOME","REACTOME_ATP_DEPENDENT_CHROMATIN_REMODELERS",0.468413847056523,0.66838976816786,0.0257119146397626,-0.340704027722365,-0.988323977942617,31,"ENSG00000110987;ENSG00000112624;ENSG00000189079;ENSG00000136518;ENSG00000130024;ENSG00000139613;ENSG00000163939;ENSG00000141380;ENSG00000173473;ENSG00000066117;ENSG00000184402;ENSG00000127616;ENSG00000049618;ENSG00000080503"
"REACTOME","REACTOME_SHC1_EVENTS_IN_ERBB4_SIGNALING",0.470446320868516,0.668952875192694,0.0261062735278064,-0.419137101260198,-0.98828216074464,13,"ENSG00000185737;ENSG00000157168;ENSG00000160691;ENSG00000213281"
"REACTOME","REACTOME_BETA_CATENIN_PHOSPHORYLATION_CASCADE",0.470117929242455,0.668952875192694,0.0260191746680826,0.382910630315787,0.987678807085566,17,"ENSG00000181274;ENSG00000103126;ENSG00000137713;ENSG00000113575;ENSG00000105568;ENSG00000112640"
"REACTOME","REACTOME_ONCOGENE_INDUCED_SENESCENCE",0.469854894747599,0.668952875192694,0.0264084663455774,0.325929665732844,0.984031217768461,33,"ENSG00000125968;ENSG00000102882;ENSG00000143947;ENSG00000147889;ENSG00000198625;ENSG00000155363;ENSG00000105722;ENSG00000221983;ENSG00000105810;ENSG00000147883;ENSG00000170315"
"REACTOME","REACTOME_CHK1_CHK2_CDS1_MEDIATED_INACTIVATION_OF_CYCLIN_B_CDK1_COMPLEX",0.47313760734971,0.672102919092345,0.0258968036522486,0.398172091211023,0.990002853602723,15,"ENSG00000175793;ENSG00000166483;ENSG00000128245;ENSG00000166913;ENSG00000170027;ENSG00000183765"
"REACTOME","REACTOME_METABOLISM_OF_AMINE_DERIVED_HORMONES",0.478295341922696,0.67789510002476,0.0255854864154333,-0.371072787254585,-0.986013901095,21,"ENSG00000115705;ENSG00000153066;ENSG00000137857;ENSG00000140254;ENSG00000129167;ENSG00000211448;ENSG00000105974;ENSG00000211452"
"REACTOME","REACTOME_CREB1_PHOSPHORYLATION_THROUGH_THE_ACTIVATION_OF_ADENYLATE_CYCLASE",0.477977161500816,0.67789510002476,0.0260771738436169,-0.43780706880595,-0.985447217145355,11,"ENSG00000155897;ENSG00000164742;ENSG00000183943;ENSG00000108946;ENSG00000118260"
"REACTOME","REACTOME_FORMATION_OF_THE_CORNIFIED_ENVELOPE",0.478655392864508,0.67789510002476,0.02624541843463,0.294343340344819,0.981875042795587,55,"ENSG00000126247;ENSG00000111057;ENSG00000204889;ENSG00000170421;ENSG00000171345;ENSG00000171446;ENSG00000186395;ENSG00000133710;ENSG00000014216;ENSG00000092295;ENSG00000196859;ENSG00000149418;ENSG00000171431;ENSG00000057294;ENSG00000134755;ENSG00000096696;ENSG00000052344"
"REACTOME","REACTOME_PLASMA_LIPOPROTEIN_REMODELING",0.480277948089107,0.679511485673165,0.026033649526477,0.324107722271985,0.978530493437453,33,"ENSG00000100979;ENSG00000158874;ENSG00000118137;ENSG00000166035;ENSG00000132855"
"REACTOME","REACTOME_PEPTIDE_HORMONE_BIOSYNTHESIS",0.48170246618934,0.680844726986334,0.0255227457798182,0.414445205629626,0.99124221390962,13,"ENSG00000115138;ENSG00000189052;ENSG00000104827;ENSG00000104826;ENSG00000175426"
"REACTOME","REACTOME_TETRAHYDROBIOPTERIN_BH4_SYNTHESIS_RECYCLING_SALVAGE_AND_REGULATION",0.482744620381648,0.681635403978887,0.0258324962371929,-0.445052939545289,-0.978641861873102,10,"ENSG00000142208;ENSG00000228716;ENSG00000138669;ENSG00000131979"
"REACTOME","REACTOME_SYNTHESIS_OF_SUBSTRATES_IN_N_GLYCAN_BIOSYTHESIS",0.484587401876316,0.683553857591767,0.0247868197293139,-0.291483188203503,-0.978080303053531,63,"ENSG00000008513;ENSG00000170191;ENSG00000117143;ENSG00000204099;ENSG00000095380;ENSG00000167130;ENSG00000198380;ENSG00000117069;ENSG00000131459;ENSG00000120697;ENSG00000013375;ENSG00000159921;ENSG00000153989;ENSG00000184005"
"REACTOME","REACTOME_SLBP_DEPENDENT_PROCESSING_OF_REPLICATION_DEPENDENT_HISTONE_PRE_MRNAS",0.486072969792075,0.68496510314013,0.025139253499649,0.429570345233176,0.980910360622905,11,"ENSG00000143977;ENSG00000125835;ENSG00000182004;ENSG00000163950;ENSG00000155858;ENSG00000100028"
"REACTOME","REACTOME_FORMATION_OF_THE_BETA_CATENIN_TCF_TRANSACTIVATING_COMPLEX",0.487907465825447,0.685497852483115,0.0262527843830225,0.271517613924468,0.980293007396872,87,"ENSG00000065717;ENSG00000140332;ENSG00000273802;ENSG00000132475;ENSG00000172977;ENSG00000166477;ENSG00000158373;ENSG00000164362;ENSG00000188486;ENSG00000180596;ENSG00000276180;ENSG00000274750;ENSG00000020633;ENSG00000270882;ENSG00000197061;ENSG00000274183;ENSG00000246705;ENSG00000124635;ENSG00000277224;ENSG00000162961;ENSG00000273983;ENSG00000277775;ENSG00000196363;ENSG00000180573"
"REACTOME","REACTOME_SYNTHESIS_OF_PIPS_AT_THE_GOLGI_MEMBRANE",0.487133453022142,0.685497852483115,0.0253844341133135,-0.380217853455186,-0.976318214749137,18,"ENSG00000241973;ENSG00000211456;ENSG00000143761;ENSG00000122126;ENSG00000196455;ENSG00000155252;ENSG00000115020;ENSG00000139144"
"REACTOME","REACTOME_CYTOCHROME_P450_ARRANGED_BY_SUBSTRATE_TYPE",0.487483019600233,0.685497852483115,0.0249120233414924,-0.29847736232041,-0.974589463102274,55,"ENSG00000036530;ENSG00000001630;ENSG00000145476;ENSG00000140396;ENSG00000172817;ENSG00000172379;ENSG00000059377;ENSG00000134716;ENSG00000106546;ENSG00000084676;ENSG00000160870;ENSG00000108242;ENSG00000186204"
"REACTOME","REACTOME_ORGANELLE_BIOGENESIS_AND_MAINTENANCE",0.488473407151933,0.685610786181441,0.0237796724832641,-0.239012871448055,-0.98623308501556,292,"ENSG00000163818;ENSG00000070367;ENSG00000106477;ENSG00000167461;ENSG00000186951;ENSG00000168778;ENSG00000152495;ENSG00000125686;ENSG00000198646;ENSG00000278195;ENSG00000005339;ENSG00000187240;ENSG00000101162;ENSG00000169379;ENSG00000205795;ENSG00000163093;ENSG00000103540;ENSG00000118965;ENSG00000100360;ENSG00000007168;ENSG00000176014;ENSG00000140396;ENSG00000186638;ENSG00000112877;ENSG00000116127;ENSG00000083312;ENSG00000139350;ENSG00000128602;ENSG00000157796;ENSG00000140577;ENSG00000119977;ENSG00000168014;ENSG00000119397;ENSG00000112062;ENSG00000204852;ENSG00000204104;ENSG00000173226;ENSG00000182504;ENSG00000174483;ENSG00000164953;ENSG00000104833;ENSG00000142082;ENSG00000101350;ENSG00000175970;ENSG00000175216;ENSG00000105662;ENSG00000141027;ENSG00000103494;ENSG00000249115;ENSG00000084676;ENSG00000153317;ENSG00000084731;ENSG00000136811;ENSG00000184786;ENSG00000181004;ENSG00000103995;ENSG00000128881;ENSG00000182054;ENSG00000118260;ENSG00000048342;ENSG00000102218;ENSG00000101639;ENSG00000105948;ENSG00000107862;ENSG00000258947;ENSG00000122507;ENSG00000125124;ENSG00000138036;ENSG00000115966;ENSG00000154727;ENSG00000074054;ENSG00000101624;ENSG00000173915;ENSG00000182923;ENSG00000092036;ENSG00000103769;ENSG00000168385;ENSG00000179941"
"REACTOME","REACTOME_EPHB_MEDIATED_FORWARD_SIGNALING",0.489741485432909,0.686708021282292,0.0257685151832717,0.307808686466079,0.976956451895103,42,"ENSG00000108947;ENSG00000174775;ENSG00000130429;ENSG00000176884;ENSG00000241685;ENSG00000163466;ENSG00000149269;ENSG00000182580;ENSG00000184009;ENSG00000172757;ENSG00000070831;ENSG00000145715;ENSG00000205726;ENSG00000111229"
"REACTOME","REACTOME_ASSEMBLY_OF_THE_ORC_COMPLEX_AT_THE_ORIGIN_OF_REPLICATION",0.490479179744716,0.686829807695135,0.0260771738436169,0.286897207878316,0.97893131030972,63,"ENSG00000273802;ENSG00000132475;ENSG00000158373;ENSG00000188486;ENSG00000180596;ENSG00000276180;ENSG00000274750;ENSG00000270882;ENSG00000197061;ENSG00000274183;ENSG00000246705;ENSG00000124635;ENSG00000277224;ENSG00000273983;ENSG00000277775;ENSG00000180573;ENSG00000276368;ENSG00000278588;ENSG00000275714;ENSG00000197903;ENSG00000184678;ENSG00000234289"
"REACTOME","REACTOME_COMPLEMENT_CASCADE",0.49122468659595,0.686829807695135,0.0246823514630452,-0.30565340028504,-0.976182707773104,49,"ENSG00000184500;ENSG00000112936;ENSG00000197405;ENSG00000106804;ENSG00000184374;ENSG00000203710;ENSG00000118004;ENSG00000159403;ENSG00000110651;ENSG00000134389;ENSG00000123838;ENSG00000039537;ENSG00000117335;ENSG00000117322"
"REACTOME","REACTOME_UNBLOCKING_OF_NMDA_RECEPTORS_GLUTAMATE_BINDING_AND_ACTIVATION",0.491774033696729,0.686829807695135,0.0251190368255729,-0.367353892314712,-0.976132060568356,21,"ENSG00000152578;ENSG00000183454;ENSG00000105464;ENSG00000075711;ENSG00000145349;ENSG00000070808;ENSG00000120251;ENSG00000148660"
"REACTOME","REACTOME_SIGNALING_BY_NOTCH1_PEST_DOMAIN_MUTANTS_IN_CANCER",0.491289198606272,0.686829807695135,0.0247410070769755,-0.295444968340558,-0.975812468633107,58,"ENSG00000184384;ENSG00000161021;ENSG00000101384;ENSG00000005339;ENSG00000114166;ENSG00000101752;ENSG00000135547;ENSG00000143801;ENSG00000162736;ENSG00000013619;ENSG00000196782;ENSG00000068024;ENSG00000141027;ENSG00000100393;ENSG00000109670;ENSG00000114315;ENSG00000214357;ENSG00000138613;ENSG00000061273;ENSG00000101849;ENSG00000151694;ENSG00000080815"
"REACTOME","REACTOME_CD209_DC_SIGN_SIGNALING",0.492304617229662,0.686891422458778,0.025240829600395,-0.373699875132336,-0.971461779052903,19,"ENSG00000005339;ENSG00000180370;ENSG00000213281;ENSG00000100393;ENSG00000109320"
"REACTOME","REACTOME_CELLULAR_SENESCENCE",0.499015101772817,0.692803058024099,0.0265509861006362,0.244984279501583,0.982500696156935,186,"ENSG00000125968;ENSG00000185386;ENSG00000102882;ENSG00000143947;ENSG00000089053;ENSG00000196510;ENSG00000137309;ENSG00000065559;ENSG00000273802;ENSG00000132604;ENSG00000111752;ENSG00000132475;ENSG00000147889;ENSG00000172977;ENSG00000198625;ENSG00000155363;ENSG00000105722;ENSG00000221983;ENSG00000108106;ENSG00000110200;ENSG00000105810;ENSG00000158373;ENSG00000141552;ENSG00000187837;ENSG00000092330;ENSG00000170142;ENSG00000147883;ENSG00000188486;ENSG00000180596;ENSG00000177606;ENSG00000276180;ENSG00000274750;ENSG00000170315;ENSG00000270882;ENSG00000197061;ENSG00000130177;ENSG00000274183;ENSG00000246705;ENSG00000124635;ENSG00000277224;ENSG00000105325;ENSG00000141570;ENSG00000134686;ENSG00000124762;ENSG00000273983;ENSG00000150991;ENSG00000277775;ENSG00000183741;ENSG00000180573;ENSG00000121481;ENSG00000072401;ENSG00000050748;ENSG00000166848;ENSG00000173039;ENSG00000173894;ENSG00000166484;ENSG00000176386;ENSG00000204371;ENSG00000102977;ENSG00000276368;ENSG00000181090;ENSG00000166295"
"REACTOME","REACTOME_CYTOSOLIC_IRON_SULFUR_CLUSTER_ASSEMBLY",0.498607796340493,0.692803058024099,0.0249451814880502,0.408306271001629,0.976559522279835,13,"ENSG00000166595;ENSG00000103245;ENSG00000104884;ENSG00000131269;ENSG00000103274"
"REACTOME","REACTOME_PROTEIN_LIPOYLATION",0.499408983451537,0.692803058024099,0.0247606204591662,0.438788796253264,0.974588544586136,10,"ENSG00000169599;ENSG00000004779;ENSG00000140905;ENSG00000137992;ENSG00000119689;ENSG00000121897;ENSG00000137714"
"REACTOME","REACTOME_SIGNALING_BY_FGFR4_IN_DISEASE",0.497449980384464,0.692803058024099,0.0247540792354728,0.426594590074665,0.974115317394128,11,"ENSG00000124181;ENSG00000174775;ENSG00000160867"
"REACTOME","REACTOME_METABOLISM_OF_FAT_SOLUBLE_VITAMINS",0.499485490841737,0.692803058024099,0.02548802476494,0.303477806916251,0.972473303571699,44,"ENSG00000138207;ENSG00000158874;ENSG00000118137;ENSG00000167397;ENSG00000196139;ENSG00000124145;ENSG00000197580;ENSG00000118271;ENSG00000157193;ENSG00000120942;ENSG00000197324"
"REACTOME","REACTOME_SYNDECAN_INTERACTIONS",0.499218444704963,0.692803058024099,0.0246304439958658,-0.34315752354305,-0.968104181300209,27,"ENSG00000115414;ENSG00000150093;ENSG00000082781;ENSG00000147044;ENSG00000108821;ENSG00000162512"
"REACTOME","REACTOME_NEGATIVE_REGULATION_OF_FGFR3_SIGNALING",0.500194628260023,0.69310580481173,0.0245336970340485,-0.345275739311974,-0.967261902733583,26,"ENSG00000157764;ENSG00000156427;ENSG00000068078;ENSG00000179295;ENSG00000102678;ENSG00000138675;ENSG00000100030;ENSG00000197122"
"REACTOME","REACTOME_VEGFR2_MEDIATED_CELL_PROLIFERATION",0.500897666068223,0.693399514204245,0.0249186479301224,-0.376421129468712,-0.966569038715752,18,"ENSG00000112715;ENSG00000150995;ENSG00000168710;ENSG00000213281;ENSG00000140992;ENSG00000123104;ENSG00000197122;ENSG00000096433"
"REACTOME","REACTOME_AQUAPORIN_MEDIATED_TRANSPORT",0.50174621653085,0.693893886132772,0.0244313229701036,-0.306210195642719,-0.96869376450809,47,"ENSG00000172380;ENSG00000173175;ENSG00000138031;ENSG00000162104;ENSG00000168243;ENSG00000167306;ENSG00000111664;ENSG00000155897;ENSG00000107560;ENSG00000164742;ENSG00000178301;ENSG00000101200;ENSG00000129467;ENSG00000108946;ENSG00000078369;ENSG00000103769;ENSG00000086159;ENSG00000143595;ENSG00000135517;ENSG00000114302"
"REACTOME","REACTOME_NOREPINEPHRINE_NEUROTRANSMITTER_RELEASE_CYCLE",0.503298021187288,0.694682827083501,0.024872349467539,0.373689883120704,0.963894832787002,17,"ENSG00000177380;ENSG00000165646;ENSG00000198722;ENSG00000005379"
"REACTOME","REACTOME_RESPIRATORY_SYNCYTIAL_VIRUS_RSV_GENOME_REPLICATION_TRANSCRIPTION_AND_TRANSLATION",0.503300660132026,0.694682827083501,0.0248855600853743,-0.380109139945576,-0.962117784589165,17,"ENSG00000070770;ENSG00000129128;ENSG00000118363"
"REACTOME","REACTOME_DEVELOPMENTAL_CELL_LINEAGES_OF_THE_EXOCRINE_PANCREAS",0.505372217958557,0.694825288955679,0.0241291682637753,-0.280492284690096,-0.967660558891137,74,"ENSG00000115414;ENSG00000196739;ENSG00000053747;ENSG00000091136;ENSG00000101680;ENSG00000091704;ENSG00000185615;ENSG00000164266;ENSG00000168267;ENSG00000180535;ENSG00000196569;ENSG00000108821;ENSG00000125398"
"REACTOME","REACTOME_INFLAMMASOMES",0.504801920768307,0.694825288955679,0.0248393839799471,-0.368219356960342,-0.966623524216381,20,"ENSG00000265972;ENSG00000171791;ENSG00000140368;ENSG00000142192;ENSG00000077150"
"REACTOME","REACTOME_INWARDLY_RECTIFYING_K_CHANNELS",0.505182867201252,0.694825288955679,0.0244504540047781,-0.332931279878581,-0.965776568920573,31,"ENSG00000157542;ENSG00000172380;ENSG00000123700;ENSG00000168243;ENSG00000182324;ENSG00000111664;ENSG00000162989;ENSG00000153822;ENSG00000157551;ENSG00000078369"
"REACTOME","REACTOME_MATURATION_OF_SARS_COV_1_NUCLEOPROTEIN",0.504282218597064,0.694825288955679,0.0251730207076025,-0.427903792264781,-0.963156219572537,11,"ENSG00000138617;ENSG00000151883;ENSG00000102699;ENSG00000082701"
"REACTOME","REACTOME_ELEVATION_OF_CYTOSOLIC_CA2_LEVELS",0.507321965897693,0.696827447322512,0.0247999400372046,-0.397869729953247,-0.955076943106958,14,"ENSG00000150995;ENSG00000137672;ENSG00000123104;ENSG00000096433;ENSG00000187848;ENSG00000160991;ENSG00000167323;ENSG00000135124"
"REACTOME","REACTOME_PREGNENOLONE_BIOSYNTHESIS",0.508979672389974,0.698424973192074,0.0244760079391778,0.412043399478472,0.965735460565852,12,"ENSG00000161513;ENSG00000100300;ENSG00000005379;ENSG00000140459;ENSG00000267673;ENSG00000131748;ENSG00000085662"
"REACTOME","REACTOME_ACTIVATED_NOTCH1_TRANSMITS_SIGNAL_TO_THE_NUCLEUS",0.509485624877763,0.698440487696506,0.0243108390832413,-0.331880178264524,-0.962727503327275,31,"ENSG00000101384;ENSG00000101752;ENSG00000141480;ENSG00000187957;ENSG00000018236;ENSG00000143801;ENSG00000135144;ENSG00000162736"
"REACTOME","REACTOME_TBC_RABGAPS",0.511106780982073,0.6999832926738,0.0241977650376105,-0.310642480719065,-0.965349546983324,43,"ENSG00000108774;ENSG00000167461;ENSG00000167291;ENSG00000132405;ENSG00000154710"
"REACTOME","REACTOME_SIGNALLING_TO_RAS",0.511804721888755,0.700259948940817,0.0246110343467826,-0.366232929426026,-0.961408894546524,20,"ENSG00000160271;ENSG00000114738;ENSG00000160691;ENSG00000112062;ENSG00000213281;ENSG00000148082;ENSG00000144118;ENSG00000156711;ENSG00000197122;ENSG00000162889;ENSG00000115904;ENSG00000134259"
"REACTOME","REACTOME_REGULATION_OF_MITF_M_DEPENDENT_GENES_INVOLVED_IN_PIGMENTATION",0.512333594361785,0.700304971189585,0.0242353420065719,-0.316209476184449,-0.962171348429045,39,"ENSG00000197535;ENSG00000110987;ENSG00000101850;ENSG00000136518;ENSG00000112062;ENSG00000138795;ENSG00000139613;ENSG00000141380;ENSG00000173473;ENSG00000069974;ENSG00000107165;ENSG00000118260;ENSG00000066117;ENSG00000184402;ENSG00000127616;ENSG00000049618;ENSG00000080503;ENSG00000137203;ENSG00000073584"
"REACTOME","REACTOME_SPRY_REGULATION_OF_FGF_SIGNALING",0.513249651324965,0.700878634111074,0.0244952079175507,0.379391073048964,0.961592333766826,16,"ENSG00000102882;ENSG00000143947;ENSG00000221983;ENSG00000113575;ENSG00000105568;ENSG00000170315"
"REACTOME","REACTOME_DNA_DOUBLE_STRAND_BREAK_RESPONSE",0.515412036066261,0.703020852568443,0.0252748722149536,0.273233792317268,0.964277205412793,76,"ENSG00000105229;ENSG00000143947;ENSG00000273802;ENSG00000162191;ENSG00000172977;ENSG00000166313;ENSG00000221983;ENSG00000163930;ENSG00000158373;ENSG00000188486;ENSG00000180596;ENSG00000276180;ENSG00000182481;ENSG00000163961;ENSG00000170315;ENSG00000270882;ENSG00000163322;ENSG00000197061;ENSG00000124635;ENSG00000277224;ENSG00000116030;ENSG00000087206"
"REACTOME","REACTOME_RHO_GTPASES_ACTIVATE_WASPS_AND_WAVES",0.516141655253375,0.703020852568443,0.0241043177935426,-0.321182863091995,-0.961583051477712,36,"ENSG00000138443;ENSG00000158195;ENSG00000273749;ENSG00000122574;ENSG00000123338;ENSG00000169398;ENSG00000171475;ENSG00000061676;ENSG00000055163;ENSG00000100030;ENSG00000097007;ENSG00000138071"
"REACTOME","REACTOME_CREATION_OF_C4_AND_C2_ACTIVATORS",0.516312056737589,0.703020852568443,0.0246758511862341,-0.414635363655938,-0.956058754640704,12,"ENSG00000184374;ENSG00000118004;ENSG00000159403"
"REACTOME","REACTOME_ERBB2_ACTIVATES_PTK6_SIGNALING",0.517860667061378,0.70309544412564,0.0241915132624324,0.409134597426681,0.958917894035878,12,"ENSG00000146648;ENSG00000113070;ENSG00000065361;ENSG00000178568;ENSG00000169752"
"REACTOME","REACTOME_SYNTHESIS_OF_PROSTAGLANDINS_PG_AND_THROMBOXANES_TX",0.517440701614511,0.70309544412564,0.024367764741698,0.392666215056942,0.958627476951033,14,"ENSG00000196139;ENSG00000148334;ENSG00000124212;ENSG00000110958;ENSG00000159228;ENSG00000164120"
"REACTOME","REACTOME_SEMA4D_INDUCED_CELL_MIGRATION_AND_GROWTH_CONE_COLLAPSE",0.517186250999201,0.70309544412564,0.0244185852880466,0.354862692467197,0.955467900343168,20,"ENSG00000092841;ENSG00000155366;ENSG00000164050;ENSG00000133392;ENSG00000105357;ENSG00000133026;ENSG00000100345;ENSG00000182541"
"REACTOME","REACTOME_ACTIVATION_OF_THE_AP_1_FAMILY_OF_TRANSCRIPTION_FACTORS",0.519109535066982,0.704113989927549,0.0241229509735006,0.432091165523216,0.959712517118916,10,"ENSG00000185386;ENSG00000102882"
"REACTOME","REACTOME_INTERACTIONS_OF_VPR_WITH_HOST_CELLULAR_PROTEINS",0.520218792732956,0.704941396678439,0.023950121664712,-0.317981692687759,-0.957695151712988,37,"ENSG00000139496;ENSG00000120253;ENSG00000155561;ENSG00000124789;ENSG00000126883;ENSG00000030066;ENSG00000113569;ENSG00000110713;ENSG00000132182;ENSG00000102900;ENSG00000095319;ENSG00000157020;ENSG00000196313;ENSG00000111581;ENSG00000153201;ENSG00000069248"
"REACTOME","REACTOME_SIGNALING_BY_FGFR2",0.522000830220008,0.706678017517403,0.0248921706416246,0.279753460814034,0.963039393137301,66,"ENSG00000177700;ENSG00000124181;ENSG00000102882;ENSG00000143947;ENSG00000163882;ENSG00000174775;ENSG00000100142;ENSG00000103067;ENSG00000221983;ENSG00000125651;ENSG00000113575;ENSG00000105258;ENSG00000105568;ENSG00000168002;ENSG00000170315;ENSG00000099817"
"REACTOME","REACTOME_REPRESSION_OF_WNT_TARGET_GENES",0.522822403826988,0.706705076724013,0.0241977650376105,0.391721438266879,0.956320965833421,14,"ENSG00000065717;ENSG00000140332;ENSG00000104964"
"REACTOME","REACTOME_INITIATION_OF_NUCLEAR_ENVELOPE_NE_REFORMATION",0.52328602838297,0.706705076724013,0.0242290712683194,-0.365251015261752,-0.949498313215674,19,"ENSG00000120802;ENSG00000028116;ENSG00000174106"
"REACTOME","REACTOME_CARNITINE_SHUTTLE",0.523522316043426,0.706705076724013,0.0243171512838986,-0.401835926092458,-0.947487769776179,13,"ENSG00000110090;ENSG00000076555;ENSG00000278540;ENSG00000197375;ENSG00000112033"
"REACTOME","REACTOME_NR1H3_NR1H2_REGULATE_GENE_EXPRESSION_LINKED_TO_CHOLESTEROL_TRANSPORT_AND_EFFLUX",0.526477203025966,0.709581883168912,0.0245016145040677,0.313420930733925,0.9566080954332,35,"ENSG00000204231;ENSG00000100979;ENSG00000188042;ENSG00000130208;ENSG00000025434;ENSG00000115548;ENSG00000155363;ENSG00000122547;ENSG00000004487"
"REACTOME","REACTOME_DOWNREGULATION_OF_TGF_BETA_RECEPTOR_SIGNALING",0.528166118421053,0.709581883168912,0.0245401234820697,0.332933000298547,0.950617371754957,26,"ENSG00000143947;ENSG00000095739;ENSG00000221983;ENSG00000172531;ENSG00000103266;ENSG00000170315;ENSG00000150991;ENSG00000157077;ENSG00000124225;ENSG00000135655"
"REACTOME","REACTOME_REGULATION_OF_TP53_ACTIVITY_THROUGH_ACETYLATION",0.527080062794348,0.709581883168912,0.0238099380467155,-0.329956641128237,-0.949629652524023,30,"ENSG00000096070;ENSG00000142208;ENSG00000162521;ENSG00000083168;ENSG00000100425;ENSG00000276293;ENSG00000108984;ENSG00000100393"
"REACTOME","REACTOME_G_BETA_GAMMA_SIGNALLING_THROUGH_CDC42",0.528027129463395,0.709581883168912,0.0240485857811045,-0.368877838860901,-0.947199480046621,18,"ENSG00000172380;ENSG00000129675;ENSG00000168243;ENSG00000111664"
"REACTOME","REACTOME_CRMPS_IN_SEMA3A_SIGNALING",0.527593818984547,0.709581883168912,0.0241603015758611,-0.378020313702453,-0.943377598980986,16,"ENSG00000072832;ENSG00000099250;ENSG00000221866;ENSG00000076356;ENSG00000082701"
"REACTOME","REACTOME_METABOLISM_OF_ANGIOTENSINOGEN_TO_ANGIOTENSINS",0.529329329329329,0.710468643548491,0.0240671352767403,-0.382494222733819,-0.938646926590298,15,"ENSG00000196549;ENSG00000135744;ENSG00000130234;ENSG00000166825;ENSG00000153002;ENSG00000182220"
"REACTOME","REACTOME_RESOLUTION_OF_AP_SITES_VIA_THE_MULTIPLE_NUCLEOTIDE_PATCH_REPLACEMENT_PATHWAY",0.530125195618153,0.71086113600459,0.023665334639965,-0.3420588448246,-0.948165276529418,25,"ENSG00000143799;ENSG00000132383;ENSG00000035928;ENSG00000105486;ENSG00000077514;ENSG00000227345;ENSG00000133119"
"REACTOME","REACTOME_SENSORY_PERCEPTION",0.534028540065862,0.711260999392226,0.0224730382680638,-0.236397489473791,-0.972440890172973,284,"ENSG00000168522;ENSG00000124493;ENSG00000074621;ENSG00000175029;ENSG00000137474;ENSG00000157087;ENSG00000164330;ENSG00000107736;ENSG00000111142;ENSG00000138031;ENSG00000183098;ENSG00000139988;ENSG00000183251;ENSG00000123700;ENSG00000115306;ENSG00000145476;ENSG00000141194;ENSG00000116489;ENSG00000165202;ENSG00000082397;ENSG00000142798;ENSG00000108370;ENSG00000147650;ENSG00000157782;ENSG00000125388;ENSG00000186472;ENSG00000130203;ENSG00000111664;ENSG00000169962;ENSG00000212807;ENSG00000186326"
"REACTOME","REACTOME_DISEASES_ASSOCIATED_WITH_O_GLYCOSYLATION_OF_PROTEINS",0.533584431889517,0.711260999392226,0.0246628608007113,0.280632713934922,0.957556026423949,63,"ENSG00000174684;ENSG00000156218;ENSG00000085998;ENSG00000185499;ENSG00000140873;ENSG00000126759;ENSG00000160323;ENSG00000009830;ENSG00000117983;ENSG00000151388;ENSG00000176945;ENSG00000137801;ENSG00000140470;ENSG00000115339;ENSG00000154734;ENSG00000136114"
"REACTOME","REACTOME_SIGNALING_BY_FGFR_IN_DISEASE",0.536186931348222,0.711260999392226,0.0243867980924772,0.283595809370467,0.955149035634536,58,"ENSG00000124831;ENSG00000177700;ENSG00000124181;ENSG00000163882;ENSG00000174775;ENSG00000100142;ENSG00000160867;ENSG00000147475;ENSG00000125651;ENSG00000105258;ENSG00000168002;ENSG00000099817;ENSG00000070388;ENSG00000005075;ENSG00000147669;ENSG00000156735"
"REACTOME","REACTOME_DEADENYLATION_DEPENDENT_MRNA_DECAY",0.532590759075908,0.711260999392226,0.0244568375654331,0.284844426459238,0.953951971642512,56,"ENSG00000161960;ENSG00000070756;ENSG00000130713;ENSG00000140395;ENSG00000141543;ENSG00000175324;ENSG00000077348;ENSG00000204392;ENSG00000149115;ENSG00000151065;ENSG00000178896;ENSG00000179151;ENSG00000130332;ENSG00000204351;ENSG00000141698;ENSG00000075914;ENSG00000130520;ENSG00000182973;ENSG00000155508"
"REACTOME","REACTOME_NCAM1_INTERACTIONS",0.534284039851533,0.711260999392226,0.023516485167017,-0.313390657985106,-0.948530349217542,38,"ENSG00000130287;ENSG00000182389;ENSG00000171867;ENSG00000169031;ENSG00000081052;ENSG00000149294;ENSG00000187498;ENSG00000188157;ENSG00000117407;ENSG00000142173;ENSG00000171119;ENSG00000134871;ENSG00000165995;ENSG00000130635;ENSG00000188153;ENSG00000168542;ENSG00000157388"
"REACTOME","REACTOME_ERKS_ARE_INACTIVATED",0.536396181384248,0.711260999392226,0.0237434513601957,0.395993263434912,0.947110097568126,13,"ENSG00000102882;ENSG00000137713;ENSG00000113575;ENSG00000105568;ENSG00000112640;ENSG00000166484"
"REACTOME","REACTOME_RIP_MEDIATED_NFKB_ACTIVATION_VIA_ZBP1",0.53596333931062,0.711260999392226,0.0237857196707869,0.37305245059836,0.945526666469598,16,"ENSG00000168256;ENSG00000127666;ENSG00000100906;ENSG00000197885;ENSG00000164342;ENSG00000173039"
"REACTOME","REACTOME_PHOSPHORYLATION_OF_CD3_AND_TCR_ZETA_CHAINS",0.536609433589895,0.711260999392226,0.0236115418208963,0.403175164114915,0.944950345759814,12,"ENSG00000198821;ENSG00000182866"
"REACTOME","REACTOME_METABOLISM_OF_COFACTORS",0.536971830985915,0.711260999392226,0.0234574445337431,-0.340115716141784,-0.942779047894347,25,"ENSG00000142208;ENSG00000228716;ENSG00000138669;ENSG00000131979;ENSG00000164494;ENSG00000084090;ENSG00000167186;ENSG00000122729"
"REACTOME","REACTOME_RHO_GTPASES_ACTIVATE_PAKS",0.536009683276175,0.711260999392226,0.0239869540071094,0.346199201647606,0.942299412901177,21,"ENSG00000092841;ENSG00000085733;ENSG00000149269;ENSG00000133392;ENSG00000105357;ENSG00000070831;ENSG00000186575;ENSG00000133026"
"REACTOME","REACTOME_INHIBITION_OF_REPLICATION_INITIATION_OF_DAMAGED_DNA_BY_RB1_E2F1",0.532368315239244,0.711260999392226,0.0240424087834484,-0.398808707685291,-0.940349900235436,13,"ENSG00000114126;ENSG00000198176;ENSG00000101868"
"REACTOME","REACTOME_INDUCTION_OF_CELL_CELL_FUSION",0.53568515497553,0.711260999392226,0.0241727768246263,-0.41763763234088,-0.940048418331755,11,"ENSG00000177119;ENSG00000171714;ENSG00000160746;ENSG00000130234;ENSG00000184012;ENSG00000074855"
"REACTOME","REACTOME_PROLONGED_ERK_ACTIVATION_EVENTS",0.533801404212638,0.711260999392226,0.0239623869390995,-0.390088230163411,-0.936397635603627,14,"ENSG00000157764;ENSG00000134313;ENSG00000116473;ENSG00000099942;ENSG00000100030;ENSG00000134259;ENSG00000169032"
"REACTOME","REACTOME_TP53_REGULATES_TRANSCRIPTION_OF_ADDITIONAL_CELL_CYCLE_GENES_WHOSE_EXACT_ROLE_IN_THE_P53_PATHWAY_REMAIN_UNCERTAIN",0.537760158572844,0.711276387050231,0.0236473776487512,-0.356058508733658,-0.946117988904627,21,"ENSG00000118495;ENSG00000158435;ENSG00000138767;ENSG00000111596;ENSG00000113300;ENSG00000125107;ENSG00000141510;ENSG00000198791;ENSG00000144580"
"REACTOME","REACTOME_Z_DECAY_DEGRADATION_OF_MATERNAL_MRNAS_BY_ZYGOTICALLY_EXPRESSED_FACTORS",0.537990921649891,0.711276387050231,0.0235698644131605,0.402872671994571,0.944241373434259,12,"ENSG00000161960;ENSG00000070756;ENSG00000141543"
"REACTOME","REACTOME_NUCLEAR_EVENTS_STIMULATED_BY_ALK_SIGNALING_IN_CANCER",0.539440203562341,0.712525320327433,0.0233928246745307,-0.321140418084536,-0.945604213594874,33,"ENSG00000110324;ENSG00000078687;ENSG00000123908;ENSG00000172216;ENSG00000126070;ENSG00000169057"
"REACTOME","REACTOME_MET_ACTIVATES_RAS_SIGNALING",0.540375203915171,0.713093259746002,0.0240300640219702,-0.415880347699494,-0.936092997364457,11,"ENSG00000105976;ENSG00000160691;ENSG00000213281"
"REACTOME","REACTOME_TELOMERE_EXTENSION_BY_TELOMERASE",0.541911913943576,0.714453429027385,0.0239072886771974,0.340897486229259,0.946538309017426,23,"ENSG00000130826;ENSG00000145912;ENSG00000132604;ENSG00000109534;ENSG00000182117;ENSG00000183207;ENSG00000092330;ENSG00000164362"
"REACTOME","REACTOME_KERATINIZATION",0.543315285297793,0.714458762808303,0.0242856223279775,0.273346432276125,0.950618725372826,70,"ENSG00000126247;ENSG00000111057;ENSG00000204889;ENSG00000170421;ENSG00000171345;ENSG00000171446;ENSG00000186395;ENSG00000133710;ENSG00000014216;ENSG00000092295;ENSG00000196859;ENSG00000149418;ENSG00000171431;ENSG00000057294;ENSG00000187175;ENSG00000134755;ENSG00000096696;ENSG00000052344"
"REACTOME","REACTOME_REGULATED_PROTEOLYSIS_OF_P75NTR",0.543433931484502,0.714458762808303,0.0239378685328654,-0.414761563684722,-0.933574758915383,11,"ENSG00000143801;ENSG00000162736;ENSG00000109320;ENSG00000138613;ENSG00000151694;ENSG00000080815"
"REACTOME","REACTOME_REGULATION_OF_KIT_SIGNALING",0.542845675296006,0.714458762808303,0.0236953211013832,-0.373695436622008,-0.932584548956564,16,"ENSG00000111252;ENSG00000197122;ENSG00000185338;ENSG00000115904;ENSG00000154229;ENSG00000176105;ENSG00000110395"
"REACTOME","REACTOME_DOWNREGULATION_OF_ERBB2_ERBB3_SIGNALING",0.54653937947494,0.716866321035979,0.0234397873200456,0.392842026335316,0.939573180270672,13,"ENSG00000143947;ENSG00000221983;ENSG00000065361;ENSG00000170315;ENSG00000105221;ENSG00000150991"
"REACTOME","REACTOME_NEGATIVE_REGULATION_OF_FLT3",0.546035550229678,0.716866321035979,0.0235224048028826,0.376999688946992,0.937360443143304,15,"ENSG00000143947;ENSG00000221983;ENSG00000170315;ENSG00000101082;ENSG00000150991"
"REACTOME","REACTOME_SYNTHESIS_OF_BILE_ACIDS_AND_BILE_SALTS_VIA_7ALPHA_HYDROXYCHOLESTEROL",0.546788263283109,0.716866321035979,0.0233811119157234,-0.348557011638137,-0.937023340244745,22,"ENSG00000140284;ENSG00000140396;ENSG00000133835;ENSG00000172817;ENSG00000242110"
"REACTOME","REACTOME_FCERI_MEDIATED_MAPK_ACTIVATION",0.548678007788481,0.718676574209031,0.02386460346087,0.313704244565352,0.940641472989863,32,"ENSG00000124181;ENSG00000102882;ENSG00000065559;ENSG00000174775;ENSG00000149269;ENSG00000177606;ENSG00000050748;ENSG00000211644;ENSG00000165025"
"REACTOME","REACTOME_LYSINE_CATABOLISM",0.550424314189856,0.71962882558896,0.0232009737825726,0.398387140001106,0.933728312647276,12,"ENSG00000175309;ENSG00000103316;ENSG00000179761;ENSG00000105607;ENSG00000091140;ENSG00000109576;ENSG00000188266;ENSG00000119689"
"REACTOME","REACTOME_MECHANICAL_LOAD_ACTIVATES_SIGNALING_BY_PIEZO1_AND_INTEGRINS_IN_OSTEOCYTES",0.550269838097142,0.71962882558896,0.0234104147078645,0.360846269339798,0.930766044674406,17,"ENSG00000067191;ENSG00000152661;ENSG00000167535;ENSG00000105605"
"REACTOME","REACTOME_DOPAMINE_NEUROTRANSMITTER_RELEASE_CYCLE",0.552466003653339,0.721629969619347,0.0235936628401341,0.338145843324894,0.938898078370591,23,"ENSG00000177380;ENSG00000165646;ENSG00000104863;ENSG00000198722;ENSG00000005379;ENSG00000008056"
"REACTOME","REACTOME_NFE2L2_REGULATING_ANTI_OXIDANT_DETOXIFICATION_ENZYMES",0.553016636600521,0.721681599704192,0.0233752597077374,0.354767632000414,0.928004207532615,18,"ENSG00000117450;ENSG00000181019;ENSG00000100292;ENSG00000271303;ENSG00000116044"
"REACTOME","REACTOME_KERATAN_SULFATE_DEGRADATION",0.554684358665058,0.723189579349088,0.0233752597077374,-0.391916508867531,-0.924098804545224,13,"ENSG00000135677;ENSG00000163521;ENSG00000049860;ENSG00000141012"
"REACTOME","REACTOME_INTRAFLAGELLAR_TRANSPORT",0.556980351602896,0.725513151718901,0.0237675869766548,0.283152758643367,0.941507433289624,54,"ENSG00000167552;ENSG00000137267;ENSG00000137285;ENSG00000119333;ENSG00000152760;ENSG00000088986;ENSG00000188229;ENSG00000167553;ENSG00000128581;ENSG00000123416;ENSG00000117245;ENSG00000127824;ENSG00000163913;ENSG00000125971;ENSG00000032742"
"REACTOME","REACTOME_HATS_ACETYLATE_HISTONES",0.558719523543644,0.725930584899366,0.0220298987934322,-0.252340581791304,-0.95458501081038,135,"ENSG00000096070;ENSG00000156650;ENSG00000117505;ENSG00000036549;ENSG00000005339;ENSG00000184260;ENSG00000114166;ENSG00000135801;ENSG00000140396;ENSG00000136504;ENSG00000070061;ENSG00000083168;ENSG00000136518;ENSG00000100425;ENSG00000183495;ENSG00000278463;ENSG00000196367;ENSG00000077684;ENSG00000149474;ENSG00000274290;ENSG00000100393;ENSG00000084676;ENSG00000270276;ENSG00000114982;ENSG00000273841;ENSG00000102710;ENSG00000274997;ENSG00000197837;ENSG00000120071;ENSG00000115966;ENSG00000188895;ENSG00000136715;ENSG00000275713;ENSG00000197238;ENSG00000173011"
"REACTOME","REACTOME_SIGNALING_BY_TGF_BETA_RECEPTOR_COMPLEX",0.559357277882798,0.725930584899366,0.0222574754265934,-0.265873198222984,-0.953867008385051,93,"ENSG00000108389;ENSG00000114126;ENSG00000080839;ENSG00000185591;ENSG00000150093;ENSG00000143799;ENSG00000049323;ENSG00000198176;ENSG00000166147;ENSG00000082781;ENSG00000197323;ENSG00000119681;ENSG00000141646;ENSG00000087074;ENSG00000166949;ENSG00000141027;ENSG00000100393;ENSG00000124486"
"REACTOME","REACTOME_TRANSLOCATION_OF_SLC2A4_GLUT4_TO_THE_PLASMA_MEMBRANE",0.559346870420766,0.725930584899366,0.0238950778648558,0.270908588492048,0.943857043962155,71,"ENSG00000167552;ENSG00000137267;ENSG00000137285;ENSG00000182473;ENSG00000103496;ENSG00000181929;ENSG00000188229;ENSG00000183785;ENSG00000175793;ENSG00000167553;ENSG00000168118;ENSG00000123416;ENSG00000162409;ENSG00000169696;ENSG00000173213;ENSG00000184009;ENSG00000127824;ENSG00000128245;ENSG00000105221;ENSG00000143545;ENSG00000166913;ENSG00000111725;ENSG00000178462;ENSG00000181856;ENSG00000116266;ENSG00000170027;ENSG00000100345"
"REACTOME","REACTOME_PRESYNAPTIC_FUNCTION_OF_KAINATE_RECEPTORS",0.559064561263242,0.725930584899366,0.0231549111556078,-0.357035289162075,-0.928140896678734,19,"ENSG00000172380;ENSG00000168243;ENSG00000111664;ENSG00000182621;ENSG00000149782;ENSG00000137841;ENSG00000078369"
"REACTOME","REACTOME_INTERLEUKIN_37_SIGNALING",0.560824329731893,0.727166164904897,0.0231204769713147,-0.353349197661765,-0.927587429249766,20,"ENSG00000115604;ENSG00000179295;ENSG00000163629;ENSG00000137496;ENSG00000166949;ENSG00000168610"
"REACTOME","REACTOME_FRS_MEDIATED_FGFR4_SIGNALING",0.561512302460492,0.72739024869194,0.0230975742674363,-0.364406528980779,-0.922371933500504,17,"ENSG00000156427;ENSG00000179295;ENSG00000213281;ENSG00000102678"
"REACTOME","REACTOME_DEFECTS_IN_VITAMIN_AND_COFACTOR_METABOLISM",0.562735381565907,0.728306470000972,0.0229158720046954,-0.349246301553485,-0.928016605005025,21,"ENSG00000124275;ENSG00000168216;ENSG00000173599;ENSG00000278540;ENSG00000116984"
"REACTOME","REACTOME_NUCLEAR_SIGNALING_BY_ERBB4",0.564052415411696,0.729342500514024,0.0226648152822933,-0.320610534469552,-0.930036198619483,31,"ENSG00000185737;ENSG00000157168;ENSG00000130203;ENSG00000143801;ENSG00000162736;ENSG00000141027;ENSG00000105963;ENSG00000197122;ENSG00000138613;ENSG00000151694;ENSG00000080815;ENSG00000186153"
"REACTOME","REACTOME_DAG1_GLYCOSYLATIONS",0.567923399162178,0.733675974032018,0.0228708630124662,-0.357616321956121,-0.91828231063985,18,"ENSG00000162885;ENSG00000106692;ENSG00000130714"
"REACTOME","REACTOME_GLUCOSE_METABOLISM",0.568857262452909,0.734210653184194,0.023617507240153,0.265052527930677,0.945555937515094,81,"ENSG00000171314;ENSG00000067225;ENSG00000149925;ENSG00000165434;ENSG00000111674;ENSG00000074800;ENSG00000067057;ENSG00000111669;ENSG00000113552;ENSG00000137713;ENSG00000111640;ENSG00000113575;ENSG00000105679;ENSG00000156510;ENSG00000105568;ENSG00000164708;ENSG00000170950;ENSG00000108515;ENSG00000138750;ENSG00000112640"
"REACTOME","REACTOME_CONDENSATION_OF_PROPHASE_CHROMOSOMES",0.57009732863947,0.735139203688522,0.0234104147078645,0.272096013764667,0.940229730997816,67,"ENSG00000273802;ENSG00000132475;ENSG00000183955;ENSG00000158373;ENSG00000188486;ENSG00000180596;ENSG00000276180;ENSG00000274750;ENSG00000270882;ENSG00000197061;ENSG00000274183;ENSG00000246705;ENSG00000124635;ENSG00000277224;ENSG00000273983;ENSG00000277775;ENSG00000180573;ENSG00000025770;ENSG00000276368;ENSG00000147316;ENSG00000278588;ENSG00000275714;ENSG00000197903;ENSG00000184678;ENSG00000234289"
"REACTOME","REACTOME_P38MAPK_EVENTS",0.571371129875352,0.736109521335763,0.0228989743073895,-0.386677019358365,-0.911744627361316,13,"ENSG00000160271;ENSG00000114738;ENSG00000112062;ENSG00000213281;ENSG00000144118;ENSG00000156711;ENSG00000197122;ENSG00000162889"
"REACTOME","REACTOME_ACTIVATION_OF_ANTERIOR_HOX_GENES_IN_HINDBRAIN_DEVELOPMENT_DURING_EARLY_EMBRYOGENESIS",0.577491119835483,0.738066100858501,0.0215820026286739,-0.256515343979213,-0.947606758566683,112,"ENSG00000102974;ENSG00000129474;ENSG00000198646;ENSG00000005339;ENSG00000184260;ENSG00000106462;ENSG00000162521;ENSG00000117222;ENSG00000157212;ENSG00000129691;ENSG00000122877;ENSG00000278463;ENSG00000170166;ENSG00000055609;ENSG00000172819;ENSG00000178691;ENSG00000141027;ENSG00000274290;ENSG00000113300;ENSG00000100393;ENSG00000143995;ENSG00000270276;ENSG00000197837;ENSG00000047315;ENSG00000100811;ENSG00000181222;ENSG00000160199;ENSG00000185630;ENSG00000275713;ENSG00000197238;ENSG00000167548;ENSG00000144580"
"REACTOME","REACTOME_HEPARAN_SULFATE_HEPARIN_HS_GAG_METABOLISM",0.57863964139544,0.738066100858501,0.0222041720295165,-0.302643513660289,-0.927599172250801,40,"ENSG00000183098;ENSG00000151348;ENSG00000142798;ENSG00000135047;ENSG00000165102;ENSG00000162512;ENSG00000164100;ENSG00000188157;ENSG00000136720;ENSG00000173083;ENSG00000076716"
"REACTOME","REACTOME_ACTIVATION_OF_MATRIX_METALLOPROTEINASES",0.57558494404883,0.738066100858501,0.0229723660404143,0.329828404683616,0.925256906928331,24,"ENSG00000125966;ENSG00000136943;ENSG00000143387;ENSG00000164344;ENSG00000157227"
"REACTOME","REACTOME_DARPP_32_EVENTS",0.575603815709357,0.738066100858501,0.0229327929676481,0.33252348616712,0.923287002748776,23,"ENSG00000137713;ENSG00000172531;ENSG00000164885;ENSG00000113575;ENSG00000005249;ENSG00000105568;ENSG00000188191;ENSG00000112640;ENSG00000138814;ENSG00000065989"
"REACTOME","REACTOME_GLYCOSPHINGOLIPID_BIOSYNTHESIS",0.573514702940588,0.738066100858501,0.0227590567264933,0.347240283720032,0.921399095715341,19,"ENSG00000128242;ENSG00000160408;ENSG00000101638;ENSG00000169255;ENSG00000157350"
"REACTOME","REACTOME_NITRIC_OXIDE_STIMULATES_GUANYLATE_CYCLASE",0.575619425173439,0.738066100858501,0.0225548615894722,-0.346210425157226,-0.919949680047082,21,"ENSG00000138735;ENSG00000150995;ENSG00000061918;ENSG00000138669;ENSG00000156113;ENSG00000115252"
"REACTOME","REACTOME_METHYLATION",0.574184566428003,0.738066100858501,0.0226482592878794,0.38459343720012,0.919844758648368,13,"ENSG00000151224;ENSG00000101444;ENSG00000148834"
"REACTOME","REACTOME_PYRIMIDINE_SALVAGE",0.577089054531189,0.738066100858501,0.0223486268143336,0.400167858452067,0.913770707637753,11,"ENSG00000130021;ENSG00000198276;ENSG00000025708"
"REACTOME","REACTOME_COBALAMIN_CBL_VITAMIN_B12_TRANSPORT_AND_METABOLISM",0.577099541192898,0.738066100858501,0.022615214154594,-0.355726979102712,-0.913430881847314,18,"ENSG00000103222;ENSG00000124275;ENSG00000168216;ENSG00000116984"
"REACTOME","REACTOME_CELL_EXTRACELLULAR_MATRIX_INTERACTIONS",0.578071757867308,0.738066100858501,0.0226648152822933,0.349157976095535,0.913330421614818,18,"ENSG00000162458;ENSG00000166333;ENSG00000125753;ENSG00000184009;ENSG00000148484;ENSG00000107140"
"REACTOME","REACTOME_ACTIVATION_OF_THE_PHOTOTRANSDUCTION_CASCADE",0.578507340946166,0.738066100858501,0.0229271500577732,-0.403028193658114,-0.907164457062576,11,"ENSG00000074621"
"REACTOME","REACTOME_SHC_MEDIATED_CASCADE_FGFR4",0.579379379379379,0.738342674804769,0.0226097152737021,-0.367142189186699,-0.900972791271545,15,"ENSG00000156427;ENSG00000160691;ENSG00000213281;ENSG00000102678"
"REACTOME","REACTOME_SNRNP_ASSEMBLY",0.580972078593588,0.739704756514109,0.023086138883827,0.279478681939645,0.929290810207429,54,"ENSG00000142252;ENSG00000116455;ENSG00000169371;ENSG00000143977;ENSG00000125743;ENSG00000179409;ENSG00000172062;ENSG00000125835;ENSG00000074201;ENSG00000182004;ENSG00000138750;ENSG00000092208;ENSG00000136243;ENSG00000164902;ENSG00000213024;ENSG00000085415;ENSG00000100028;ENSG00000152147"
"REACTOME","REACTOME_TP53_REGULATES_TRANSCRIPTION_OF_GENES_INVOLVED_IN_G2_CELL_CYCLE_ARREST",0.582086574905246,0.739968809908735,0.0224784762050975,-0.354029675423931,-0.909072568626363,18,"ENSG00000114126;ENSG00000080839;ENSG00000198176;ENSG00000100393;ENSG00000103479;ENSG00000141510"
"REACTOME","REACTOME_SYNTHESIS_OF_BILE_ACIDS_AND_BILE_SALTS_VIA_24_HYDROXYCHOLESTEROL",0.582227583433856,0.739968809908735,0.0225987248994441,-0.383282205032048,-0.903740004464293,13,"ENSG00000140284;ENSG00000036530;ENSG00000242110"
"REACTOME","REACTOME_REGULATION_OF_LOCALIZATION_OF_FOXO_TRANSCRIPTION_FACTORS",0.583181357649443,0.740514457734724,0.0226979944189286,-0.393363285126176,-0.907009979040707,12,"ENSG00000150907;ENSG00000142208"
"REACTOME","REACTOME_DISEASES_OF_CARBOHYDRATE_METABOLISM",0.584546013527362,0.74091469578154,0.022842815888673,0.306607644168168,0.919362332632436,32,"ENSG00000143947;ENSG00000163754;ENSG00000127415;ENSG00000187566;ENSG00000181523;ENSG00000221983;ENSG00000112425;ENSG00000169738;ENSG00000104812"
"REACTOME","REACTOME_RAS_PROCESSING",0.58443090229998,0.74091469578154,0.0221829154446353,-0.334122421873939,-0.916020181089197,24,"ENSG00000168522;ENSG00000120992;ENSG00000213281;ENSG00000138669;ENSG00000116237;ENSG00000257365"
"REACTOME","REACTOME_AMYLOID_FIBER_FORMATION",0.587142044377015,0.741228210023127,0.0215466678299074,-0.259813769275492,-0.943738462458006,101,"ENSG00000254647;ENSG00000184260;ENSG00000108219;ENSG00000142798;ENSG00000186318;ENSG00000130203;ENSG00000142192;ENSG00000158457;ENSG00000162736;ENSG00000278463;ENSG00000168785;ENSG00000171560;ENSG00000274290;ENSG00000124486"
"REACTOME","REACTOME_REGULATION_OF_ENDOGENOUS_RETROELEMENTS_BY_KRAB_ZFP_PROTEINS",0.588846480067854,0.741228210023127,0.0232703924930912,0.253570194062956,0.939874050678446,102,"ENSG00000170004;ENSG00000273802;ENSG00000132475;ENSG00000130726;ENSG00000152433;ENSG00000158373;ENSG00000167491;ENSG00000182986;ENSG00000188486;ENSG00000180596;ENSG00000276180;ENSG00000274750;ENSG00000270882;ENSG00000071655;ENSG00000197134;ENSG00000197061;ENSG00000274183;ENSG00000246705;ENSG00000124635;ENSG00000277224;ENSG00000273983;ENSG00000277775;ENSG00000180573;ENSG00000276368;ENSG00000196591;ENSG00000196646;ENSG00000168661;ENSG00000278588;ENSG00000275714;ENSG00000197903;ENSG00000184678;ENSG00000234289;ENSG00000204947"
"REACTOME","REACTOME_SIGNALING_BY_PDGF",0.586340706247575,0.741228210023127,0.021925473391966,-0.282421869892707,-0.926128076589015,56,"ENSG00000166888;ENSG00000179295;ENSG00000141738;ENSG00000170962;ENSG00000173757;ENSG00000213281;ENSG00000197461;ENSG00000145675;ENSG00000105647;ENSG00000169031;ENSG00000081052;ENSG00000187498;ENSG00000168610;ENSG00000099942;ENSG00000142173;ENSG00000197122;ENSG00000115904;ENSG00000134871"
"REACTOME","REACTOME_RND2_GTPASE_CYCLE",0.58651597817615,0.741228210023127,0.0219880216705666,-0.297313125401522,-0.923927372245391,43,"ENSG00000173218;ENSG00000090615;ENSG00000174106;ENSG00000134313;ENSG00000144283;ENSG00000163629;ENSG00000145675;ENSG00000168143;ENSG00000105647;ENSG00000160007;ENSG00000107890;ENSG00000137269;ENSG00000072274;ENSG00000004399;ENSG00000105974;ENSG00000147274;ENSG00000173702;ENSG00000142627"
"REACTOME","REACTOME_DIGESTION_AND_ABSORPTION",0.586123436869705,0.741228210023127,0.0225439202236334,0.332921711386534,0.915672835624599,22,"ENSG00000240038;ENSG00000170835;ENSG00000115850;ENSG00000087842;ENSG00000070019;ENSG00000118094"
"REACTOME","REACTOME_COMMON_PATHWAY_OF_FIBRIN_CLOT_FORMATION",0.589517903580716,0.741228210023127,0.0223217471288036,0.343983094824608,0.912756173095115,19,"ENSG00000117601;ENSG00000135919;ENSG00000115718;ENSG00000101000;ENSG00000180210;ENSG00000178726"
"REACTOME","REACTOME_PROLACTIN_RECEPTOR_SIGNALING",0.587436676798379,0.741228210023127,0.0225822577747834,-0.392307664458084,-0.904575947914151,12,"ENSG00000112964;ENSG00000179295;ENSG00000173757"
"REACTOME","REACTOME_MITOCHONDRIAL_FATTY_ACID_BETA_OXIDATION_OF_SATURATED_FATTY_ACIDS",0.589046493301812,0.741228210023127,0.0220929842897235,0.406991864185537,0.90396475926892,10,"ENSG00000072778;ENSG00000138796;ENSG00000127884;ENSG00000116353;ENSG00000005187"
"REACTOME","REACTOME_ACTIVATION_OF_BAD_AND_TRANSLOCATION_TO_MITOCHONDRIA",0.587987987987988,0.741228210023127,0.0223755655807589,-0.364923990412634,-0.895529296081053,15,"ENSG00000221823;ENSG00000142208;ENSG00000171791"
"REACTOME","REACTOME_RECRUITMENT_OF_MITOTIC_CENTROSOME_PROTEINS_AND_COMPLEXES",0.592507325240686,0.7419182325892,0.0229610464423423,0.262078854086687,0.934947568746192,81,"ENSG00000167552;ENSG00000204843;ENSG00000152082;ENSG00000008128;ENSG00000176101;ENSG00000141577;ENSG00000037042;ENSG00000080824;ENSG00000088986;ENSG00000248333;ENSG00000188229;ENSG00000046651;ENSG00000131462;ENSG00000126001;ENSG00000005249;ENSG00000105568;ENSG00000198089;ENSG00000127824;ENSG00000173272"
"REACTOME","REACTOME_RAF_ACTIVATION",0.592693885524517,0.7419182325892,0.0218632431487777,-0.308871634184619,-0.915338975812865,34,"ENSG00000157764;ENSG00000089234;ENSG00000108061;ENSG00000154001;ENSG00000213281;ENSG00000145349;ENSG00000141068;ENSG00000070808;ENSG00000068971;ENSG00000148660;ENSG00000066027;ENSG00000197122;ENSG00000158186;ENSG00000169032;ENSG00000132155"
"REACTOME","REACTOME_GLUTATHIONE_SYNTHESIS_AND_RECYCLING",0.591800706159278,0.7419182325892,0.0219514963412754,0.396103024767774,0.904488787879144,11,"ENSG00000131067;ENSG00000100983;ENSG00000133313;ENSG00000001084;ENSG00000006625"
"REACTOME","REACTOME_RECYCLING_OF_BILE_ACIDS_AND_SALTS",0.591118223644729,0.7419182325892,0.0222788618908992,-0.356314203515669,-0.901888947351364,17,"ENSG00000140396;ENSG00000084676;ENSG00000163959;ENSG00000170231;ENSG00000163631;ENSG00000186350;ENSG00000083807"
"REACTOME","REACTOME_ERYTHROPOIETIN_ACTIVATES_RAS",0.591274628065943,0.7419182325892,0.0223540098330457,-0.381037115096898,-0.898446313389215,13,"ENSG00000160691;ENSG00000213281;ENSG00000185950;ENSG00000099942;ENSG00000115904"
"REACTOME","REACTOME_NR1H2_AND_NR1H3_MEDIATED_SIGNALING",0.593530787217459,0.742307769310055,0.0218013277731206,-0.296333326035711,-0.920882557280835,43,"ENSG00000143921;ENSG00000078687;ENSG00000123908;ENSG00000099194;ENSG00000126070;ENSG00000180530;ENSG00000130203;ENSG00000165029;ENSG00000141027;ENSG00000100393;ENSG00000084676;ENSG00000100354"
"REACTOME","REACTOME_AZATHIOPRINE_ADME",0.594449950445986,0.742799407105958,0.0220456397199849,-0.341295217235234,-0.906888998950758,21,"ENSG00000112759;ENSG00000163655;ENSG00000125257"
"REACTOME","REACTOME_INTERLEUKIN_12_SIGNALING",0.599097250718096,0.745965888901192,0.0224676027414656,0.289921102427985,0.920182905847832,42,"ENSG00000064666;ENSG00000100911;ENSG00000148834;ENSG00000196262;ENSG00000099810;ENSG00000113013;ENSG00000240972;ENSG00000110711;ENSG00000120438;ENSG00000142168;ENSG00000172757;ENSG00000070831;ENSG00000150593;ENSG00000182718;ENSG00000096968"
"REACTOME","REACTOME_TP53_REGULATES_TRANSCRIPTION_OF_DEATH_RECEPTORS_AND_LIGANDS",0.598176291793313,0.745965888901192,0.022294926271817,-0.389303256390295,-0.897648437895719,12,"ENSG00000104689;ENSG00000146674;ENSG00000141510;ENSG00000143514"
"REACTOME","REACTOME_KSRP_KHSRP_BINDS_AND_DESTABILIZES_MRNA",0.597719543908782,0.745965888901192,0.0221035302120679,-0.354485043210739,-0.897259046422147,17,"ENSG00000172795;ENSG00000142208;ENSG00000112062"
"REACTOME","REACTOME_GOLGI_CISTERNAE_PERICENTRIOLAR_STACK_REORGANIZATION",0.598595787362086,0.745965888901192,0.0221246493427172,-0.371994543936358,-0.892964166731036,14,"ENSG00000138768;ENSG00000138069;ENSG00000115806;ENSG00000114745;ENSG00000100030"
"REACTOME","REACTOME_SARS_COV_1_TARGETS_HOST_INTRACELLULAR_SIGNALLING_AND_REGULATORY_PATHWAYS",0.600441501103753,0.746980968774008,0.0220824474422395,-0.35772757849317,-0.892735580220168,16,"ENSG00000185591;ENSG00000141646;ENSG00000166949;ENSG00000100393;ENSG00000140992"
"REACTOME","REACTOME_TRANSCRIPTIONAL_ACTIVATION_OF_MITOCHONDRIAL_BIOGENESIS",0.602084137398688,0.747524011694446,0.0214262892347867,-0.283823746541582,-0.916722691729043,52,"ENSG00000186951;ENSG00000152495;ENSG00000125686;ENSG00000198646;ENSG00000005339;ENSG00000140396;ENSG00000140577;ENSG00000142082;ENSG00000105662;ENSG00000141027;ENSG00000084676;ENSG00000182054;ENSG00000118260;ENSG00000115966;ENSG00000154727"
"REACTOME","REACTOME_HS_GAG_BIOSYNTHESIS",0.602466236054022,0.747524011694446,0.0216377358248969,-0.308991819120612,-0.909832427414611,33,"ENSG00000183098;ENSG00000151348;ENSG00000142798;ENSG00000162512;ENSG00000164100;ENSG00000188157;ENSG00000136720;ENSG00000076716"
"REACTOME","REACTOME_STAT3_NUCLEAR_EVENTS_DOWNSTREAM_OF_ALK_SIGNALING",0.602196939976461,0.747524011694446,0.0216784291665622,0.392379356837463,0.895985909379981,11,"ENSG00000120217"
"REACTOME","REACTOME_NOTCH1_INTRACELLULAR_DOMAIN_REGULATES_TRANSCRIPTION",0.608299398875315,0.751987826987827,0.0213417324336379,-0.287046825317833,-0.911651956925127,48,"ENSG00000106829;ENSG00000184384;ENSG00000161021;ENSG00000005339;ENSG00000114166;ENSG00000135547;ENSG00000013619;ENSG00000196782;ENSG00000172915;ENSG00000068024;ENSG00000141027;ENSG00000100393;ENSG00000196781;ENSG00000109670"
"REACTOME","REACTOME_PHASE_0_RAPID_DEPOLARISATION",0.606807990216062,0.751987826987827,0.0221616956852042,0.306972165906257,0.909480286169483,30,"ENSG00000067191;ENSG00000058404;ENSG00000168356;ENSG00000105605;ENSG00000177098;ENSG00000144285;ENSG00000108961"
"REACTOME","REACTOME_SIGNALING_BY_CSF3_G_CSF",0.609259259259259,0.751987826987827,0.022246796177298,0.312463646279594,0.908933613220994,28,"ENSG00000143947;ENSG00000221983;ENSG00000114125;ENSG00000103363;ENSG00000109332;ENSG00000170315;ENSG00000150991;ENSG00000072401;ENSG00000096968;ENSG00000165025;ENSG00000154582"
"REACTOME","REACTOME_REGULATION_OF_TP53_ACTIVITY_THROUGH_METHYLATION",0.607921584316863,0.751987826987827,0.0218374069907392,0.339701943262709,0.901396174377529,19,"ENSG00000143947;ENSG00000143499;ENSG00000183955;ENSG00000198625;ENSG00000221983;ENSG00000170315;ENSG00000152409;ENSG00000150991;ENSG00000204371;ENSG00000181090"
"REACTOME","REACTOME_SIGNALING_BY_PDGFR_IN_DISEASE",0.609016556951925,0.751987826987827,0.021765354633772,-0.347437299656661,-0.892144756106336,18,"ENSG00000213281;ENSG00000145675;ENSG00000105647;ENSG00000168610;ENSG00000114742;ENSG00000115904;ENSG00000107104;ENSG00000115415"
"REACTOME","REACTOME_NEPHRON_DEVELOPMENT",0.608915906788247,0.751987826987827,0.0220141780799487,-0.385518619250729,-0.88892188973418,12,"ENSG00000101384"
"REACTOME","REACTOME_SYNTHESIS_OF_PIPS_AT_THE_PLASMA_MEMBRANE",0.612118873021999,0.754857509787828,0.0211694647682954,-0.282404695787593,-0.91213929783495,52,"ENSG00000141506;ENSG00000117461;ENSG00000102043;ENSG00000163629;ENSG00000139505;ENSG00000145675;ENSG00000105647;ENSG00000143398;ENSG00000106086;ENSG00000276293;ENSG00000143761;ENSG00000087053;ENSG00000078269;ENSG00000122126;ENSG00000133812;ENSG00000133056;ENSG00000040933;ENSG00000143850;ENSG00000155252;ENSG00000186111;ENSG00000107679"
"REACTOME","REACTOME_FORMATION_OF_THE_ANTERIOR_NEURAL_PLATE",0.612985484503727,0.755266583001102,0.0214013588301799,0.38944424396897,0.889283671541056,11,"ENSG00000182968;ENSG00000185668;ENSG00000165588"
"REACTOME","REACTOME_NONHOMOLOGOUS_END_JOINING_NHEJ",0.614570361145704,0.756363430080526,0.022246796177298,0.267391628254865,0.920484310203899,66,"ENSG00000105229;ENSG00000273802;ENSG00000166169;ENSG00000122678;ENSG00000172977;ENSG00000158373;ENSG00000188486;ENSG00000180596;ENSG00000111802;ENSG00000276180;ENSG00000163961;ENSG00000270882;ENSG00000163322;ENSG00000197061;ENSG00000124635;ENSG00000277224;ENSG00000087206"
"REACTOME","REACTOME_FREE_FATTY_ACIDS_REGULATE_INSULIN_SECRETION",0.614947038054139,0.756363430080526,0.0213516499958366,0.388944667183549,0.888142903678039,11,"ENSG00000060558;ENSG00000156049;ENSG00000135218;ENSG00000123983;ENSG00000068366;ENSG00000088256"
"REACTOME","REACTOME_TRANSCRIPTIONAL_REGULATION_OF_PLURIPOTENT_STEM_CELLS",0.617090539165819,0.75651152225338,0.021868416932779,0.321491596509726,0.901869929836327,24,"ENSG00000124440;ENSG00000165556;ENSG00000130182;ENSG00000187140"
"REACTOME","REACTOME_LONG_TERM_POTENTIATION",0.618325123152709,0.75651152225338,0.021336776667535,-0.329125813682713,-0.893593506437957,23,"ENSG00000183454;ENSG00000157168;ENSG00000105464;ENSG00000075711;ENSG00000145349;ENSG00000070808;ENSG00000120251;ENSG00000148660;ENSG00000197122"
"REACTOME","REACTOME_REGULATION_OF_MITF_M_DEPENDENT_GENES_INVOLVED_IN_LYSOSOME_BIOGENESIS_AND_AUTOPHAGY",0.616030381770937,0.75651152225338,0.0216174398113391,0.343487644245519,0.885991246670955,17,"ENSG00000128524;ENSG00000185883;ENSG00000047249;ENSG00000171130;ENSG00000117410;ENSG00000159720"
"REACTOME","REACTOME_GASTRIN_CREB_SIGNALLING_PATHWAY_VIA_PKC_AND_MAPK",0.618029182490506,0.75651152225338,0.0215668466408855,0.343075091233208,0.884927108371313,17,"ENSG00000102882;ENSG00000146648;ENSG00000174775;ENSG00000113070;ENSG00000110148"
"REACTOME","REACTOME_MET_RECEPTOR_RECYCLING",0.617021276595745,0.75651152225338,0.0213665414385021,0.397527974705081,0.882944627593641,10,"ENSG00000167193;ENSG00000168118;ENSG00000167578"
"REACTOME","REACTOME_HEME_BIOSYNTHESIS",0.618214716525935,0.75651152225338,0.0216529799672423,-0.37334881086225,-0.880318083035387,13,"ENSG00000066926;ENSG00000256269;ENSG00000148218"
"REACTOME","REACTOME_FORMATION_OF_DEFINITIVE_ENDODERM",0.618817852834741,0.75651152225338,0.0216377358248969,-0.373170925607492,-0.879898647906861,13,"ENSG00000141646;ENSG00000166949;ENSG00000185155;ENSG00000121966"
"REACTOME","REACTOME_TRANSCRIPTIONAL_ACTIVITY_OF_SMAD2_SMAD3_SMAD4_HETEROTRIMER",0.620306513409962,0.757675429874451,0.0208510766396599,-0.282222582778044,-0.906544552095072,50,"ENSG00000114126;ENSG00000080839;ENSG00000185591;ENSG00000143799;ENSG00000198176;ENSG00000197323;ENSG00000141646;ENSG00000166949;ENSG00000141027;ENSG00000100393;ENSG00000124486;ENSG00000100030;ENSG00000129315;ENSG00000157450;ENSG00000090061;ENSG00000177426"
"REACTOME","REACTOME_PYRUVATE_METABOLISM",0.621679270893931,0.757706887894754,0.0210044115612931,-0.284846828679893,-0.904664834743976,48,"ENSG00000134333;ENSG00000143627;ENSG00000060762;ENSG00000124767;ENSG00000137601;ENSG00000173599;ENSG00000150768"
"REACTOME","REACTOME_ROLE_OF_PHOSPHOLIPIDS_IN_PHAGOCYTOSIS",0.624177631578947,0.757706887894754,0.0218529021386216,0.314402764526757,0.897708335968228,26,"ENSG00000129219;ENSG00000163932;ENSG00000124181;ENSG00000198821;ENSG00000184381"
"REACTOME","REACTOME_INTERLEUKIN_RECEPTOR_SHC_SIGNALING",0.622323552735924,0.757706887894754,0.0213318229092662,-0.330923834985323,-0.889620196613541,22,"ENSG00000117461;ENSG00000160691;ENSG00000145675;ENSG00000105647;ENSG00000033327;ENSG00000105639;ENSG00000115904"
"REACTOME","REACTOME_FORMATION_OF_THE_EMBRYONIC_STEM_CELL_BAF_ESBAF_COMPLEX",0.623825704577254,0.757706887894754,0.0214212990858571,-0.340117907802416,-0.884162853103657,19,"ENSG00000110987;ENSG00000136518;ENSG00000130024;ENSG00000139613;ENSG00000141380;ENSG00000173473;ENSG00000066117;ENSG00000127616"
"REACTOME","REACTOME_NRIF_SIGNALS_CELL_DEATH_FROM_THE_NUCLEUS",0.624028690974298,0.757706887894754,0.0213665414385021,0.348527312830955,0.883366046104477,16,"ENSG00000161011;ENSG00000143947;ENSG00000205155;ENSG00000221983;ENSG00000170315"
"REACTOME","REACTOME_CO_INHIBITION_BY_CTLA4",0.624625224865081,0.757706887894754,0.0214013588301799,-0.339742365559756,-0.883186601947472,19,"ENSG00000142208;ENSG00000179295;ENSG00000154001;ENSG00000068971;ENSG00000066027;ENSG00000197122;ENSG00000117020"
"REACTOME","REACTOME_SIGNALING_BY_PDGFRA_TRANSMEMBRANE_JUXTAMEMBRANE_AND_KINASE_DOMAIN_MUTANTS",0.620871327254306,0.757706887894754,0.0217090382618752,-0.381808171112055,-0.880366405234881,12,"ENSG00000213281;ENSG00000145675;ENSG00000105647;ENSG00000168610;ENSG00000115904"
"REACTOME","REACTOME_PURINE_SALVAGE",0.624447125050261,0.757706887894754,0.021496365992353,-0.371347551401755,-0.875599319132401,13,"ENSG00000137198;ENSG00000133805;ENSG00000100938;ENSG00000156136;ENSG00000168803;ENSG00000165704"
"REACTOME","REACTOME_GPCR_LIGAND_BINDING",0.62583559168925,0.757890609887708,0.0198196201192673,-0.225961780229944,-0.952425337497792,366,"ENSG00000148123;ENSG00000013583;ENSG00000124493;ENSG00000171517;ENSG00000106018;ENSG00000172380;ENSG00000117600;ENSG00000151882;ENSG00000213694;ENSG00000278195;ENSG00000119973;ENSG00000204174;ENSG00000114251;ENSG00000170775;ENSG00000168243;ENSG00000036828;ENSG00000139874;ENSG00000163739;ENSG00000101850;ENSG00000128602;ENSG00000197405;ENSG00000106804;ENSG00000169860;ENSG00000179097;ENSG00000141433;ENSG00000006210;ENSG00000149295;ENSG00000213906;ENSG00000134245;ENSG00000135744;ENSG00000169248;ENSG00000047597;ENSG00000111664;ENSG00000169962;ENSG00000184984;ENSG00000144648;ENSG00000118432;ENSG00000142192;ENSG00000144891;ENSG00000179603;ENSG00000166603"
"REACTOME","REACTOME_SIGNAL_TRANSDUCTION_BY_L1",0.626386927577164,0.757890609887708,0.0215013868754499,0.326854235367079,0.889645477588845,21,"ENSG00000102882;ENSG00000204435;ENSG00000146648;ENSG00000126934;ENSG00000149269;ENSG00000144668"
"REACTOME","REACTOME_THE_ACTIVATION_OF_ARYLSULFATASES",0.625931737936446,0.757890609887708,0.0210769546370241,0.384635719259253,0.878303556737012,11,"ENSG00000100299;ENSG00000006756;ENSG00000141337"
"REACTOME","REACTOME_RSV_HOST_INTERACTIONS",0.629885057471264,0.759579082205942,0.0206152745158868,-0.261316624805658,-0.92030697805927,84,"ENSG00000125686;ENSG00000005339;ENSG00000126581;ENSG00000155111;ENSG00000183098;ENSG00000142798;ENSG00000131711;ENSG00000184634;ENSG00000108510;ENSG00000088888;ENSG00000123066;ENSG00000159479;ENSG00000159110;ENSG00000100393;ENSG00000162512;ENSG00000170581;ENSG00000188157;ENSG00000112282;ENSG00000180182;ENSG00000152944;ENSG00000076716;ENSG00000174130;ENSG00000115267;ENSG00000124641"
"REACTOME","REACTOME_TIGHT_JUNCTION_INTERACTIONS",0.628787878787879,0.759579082205942,0.0216733350890307,0.310368285299429,0.896055792151013,27,"ENSG00000181885;ENSG00000148498;ENSG00000184113;ENSG00000124171;ENSG00000189143;ENSG00000134873;ENSG00000165215;ENSG00000106404"
"REACTOME","REACTOME_NEGATIVE_REGULATION_OF_FGFR4_SIGNALING",0.629934210526316,0.759579082205942,0.0217090382618752,0.313199839235696,0.89427364587268,26,"ENSG00000102882;ENSG00000143947;ENSG00000160867;ENSG00000221983;ENSG00000113575;ENSG00000134962;ENSG00000105568;ENSG00000170315"
"REACTOME","REACTOME_SIGNALING_BY_CYTOSOLIC_FGFR1_FUSION_MUTANTS",0.628964691801317,0.759579082205942,0.0212626802119148,-0.341523880552772,-0.876960359239889,18,"ENSG00000173757;ENSG00000119397;ENSG00000145675;ENSG00000033327;ENSG00000168610;ENSG00000257923"
"REACTOME","REACTOME_TRIGLYCERIDE_METABOLISM",0.630591912482907,0.75972336213811,0.0208987875795497,-0.301339604477582,-0.893017857280785,34,"ENSG00000006757;ENSG00000198814;ENSG00000163586;ENSG00000105355;ENSG00000074416"
"REACTOME","REACTOME_OXIDATIVE_STRESS_INDUCED_SENESCENCE",0.635526315789474,0.76420412482381,0.0201884140929854,-0.249181436336097,-0.923793104696795,117,"ENSG00000168283;ENSG00000135679;ENSG00000114126;ENSG00000078687;ENSG00000184260;ENSG00000106462;ENSG00000114738;ENSG00000162521;ENSG00000107643;ENSG00000126070;ENSG00000089022;ENSG00000198176;ENSG00000112062;ENSG00000154310;ENSG00000278463;ENSG00000178691;ENSG00000108984;ENSG00000274290;ENSG00000100354;ENSG00000270276;ENSG00000123080;ENSG00000100030;ENSG00000007968;ENSG00000197837;ENSG00000162889;ENSG00000141510"
"REACTOME","REACTOME_INTERLEUKIN_17_SIGNALING",0.635171615888932,0.76420412482381,0.0205872813039267,-0.26697355067668,-0.909146375915852,69,"ENSG00000126767;ENSG00000071242;ENSG00000072803;ENSG00000139318;ENSG00000114738;ENSG00000107643;ENSG00000107968;ENSG00000164086;ENSG00000112062;ENSG00000106100;ENSG00000157625"
"REACTOME","REACTOME_CASPASE_ACTIVATION_VIA_EXTRINSIC_APOPTOTIC_SIGNALLING_PATHWAY",0.63593473560055,0.76420412482381,0.0208653703862078,-0.321245787652364,-0.880717980341002,24,"ENSG00000121858;ENSG00000107731;ENSG00000196730;ENSG00000003402"
"REACTOME","REACTOME_TGF_BETA_RECEPTOR_SIGNALING_ACTIVATES_SMADS",0.637757081878153,0.765091758378889,0.0206199462847233,-0.284142082723073,-0.89888144707414,47,"ENSG00000108389;ENSG00000150093;ENSG00000049323;ENSG00000166147;ENSG00000082781;ENSG00000119681;ENSG00000141646;ENSG00000087074;ENSG00000166949"
"REACTOME","REACTOME_DOWNREGULATION_OF_SMAD2_3_SMAD4_TRANSCRIPTIONAL_ACTIVITY",0.637382796575622,0.765091758378889,0.021391400883298,0.301885066756636,0.894408507994707,30,"ENSG00000118707;ENSG00000102882;ENSG00000143947;ENSG00000221983;ENSG00000109332;ENSG00000170315;ENSG00000150991;ENSG00000072401;ENSG00000100603"
"REACTOME","REACTOME_SIGNALING_BY_FGFR4",0.638519730116541,0.765356416744105,0.0214113248933093,0.29252635355069,0.898535071748689,36,"ENSG00000124181;ENSG00000102882;ENSG00000143947;ENSG00000174775;ENSG00000160867;ENSG00000221983;ENSG00000113575;ENSG00000134962;ENSG00000105568;ENSG00000170315"
"REACTOME","REACTOME_DISEASES_OF_MITOTIC_CELL_CYCLE",0.6397706328077,0.766205371946118,0.0214063408463912,0.288480828204784,0.896178885163094,38,"ENSG00000204209;ENSG00000089053;ENSG00000196510;ENSG00000108106;ENSG00000110200;ENSG00000105810;ENSG00000141552;ENSG00000170142;ENSG00000130177;ENSG00000105325;ENSG00000124762;ENSG00000072401;ENSG00000176386;ENSG00000166295"
"REACTOME","REACTOME_ADP_SIGNALLING_THROUGH_P2Y_PURINOCEPTOR_12",0.643215073160954,0.769025980781767,0.0209899544518708,0.332748678542178,0.87040684066042,18,"ENSG00000174021;ENSG00000162188;ENSG00000172354;ENSG00000114353"
"REACTOME","REACTOME_GRB2_EVENTS_IN_ERBB2_SIGNALING",0.642899940083883,0.769025980781767,0.0209418871689618,0.34884085809876,0.867347191312726,15,"ENSG00000146648;ENSG00000174775;ENSG00000113070;ENSG00000178568;ENSG00000169752"
"REACTOME","REACTOME_FORMATION_OF_THE_URETERIC_BUD",0.644328865773155,0.76970588703189,0.0209322963455637,0.330640516367479,0.877351756322948,19,"ENSG00000170577;ENSG00000166923;ENSG00000145147;ENSG00000168743"
"REACTOME","REACTOME_RHO_GTPASES_ACTIVATE_KTN1",0.645154962730483,0.770041257291159,0.020610604530351,0.379207333526099,0.865908008798949,11,"ENSG00000104892;ENSG00000137171;ENSG00000177105;ENSG00000070831;ENSG00000174996"
"REACTOME","REACTOME_REGULATION_OF_NPAS4_GENE_EXPRESSION",0.645958986731001,0.770349737554201,0.0209707048578176,-0.365189225754201,-0.861078620871057,13,"ENSG00000078687;ENSG00000123908;ENSG00000126070;ENSG00000100354;ENSG00000113580"
"REACTOME","REACTOME_REPRODUCTION",0.648179871520343,0.770620182419362,0.0218995056566159,0.238734543936182,0.927179537776015,141,"ENSG00000217442;ENSG00000085465;ENSG00000100918;ENSG00000196074;ENSG00000099338;ENSG00000273802;ENSG00000066923;ENSG00000160789;ENSG00000132604;ENSG00000132475;ENSG00000182264;ENSG00000204410;ENSG00000108384;ENSG00000158373;ENSG00000092330;ENSG00000164256;ENSG00000188486;ENSG00000180596;ENSG00000276180;ENSG00000274750;ENSG00000010278;ENSG00000099840;ENSG00000270882;ENSG00000197061;ENSG00000274183;ENSG00000246705;ENSG00000124635;ENSG00000188372;ENSG00000277224"
"REACTOME","REACTOME_EXTENSION_OF_TELOMERES",0.64827983855468,0.770620182419362,0.0202245538651436,-0.277017072987861,-0.892107925797803,51,"ENSG00000144736;ENSG00000110075;ENSG00000101868;ENSG00000165392;ENSG00000119414;ENSG00000132383;ENSG00000035928;ENSG00000105486;ENSG00000077514;ENSG00000206560;ENSG00000123374;ENSG00000133119;ENSG00000128513;ENSG00000014138;ENSG00000258366;ENSG00000146143"
"REACTOME","REACTOME_RECOGNITION_OF_DNA_DAMAGE_BY_PCNA_CONTAINING_REPLICATION_COMPLEX",0.647370566653078,0.770620182419362,0.021149930696909,0.300325002909061,0.889786436445169,30,"ENSG00000143947;ENSG00000115350;ENSG00000139842;ENSG00000221983;ENSG00000100387;ENSG00000148229;ENSG00000170315"
"REACTOME","REACTOME_RHOV_GTPASE_CYCLE",0.648368822035554,0.770620182419362,0.0204713274045703,-0.293719437031342,-0.884622251146389,37,"ENSG00000167460;ENSG00000173218;ENSG00000103540;ENSG00000154447;ENSG00000115306;ENSG00000180370;ENSG00000145675;ENSG00000182504;ENSG00000124486;ENSG00000139436;ENSG00000066933"
"REACTOME","REACTOME_VITAMIN_D_CALCIFEROL_METABOLISM",0.654825340438129,0.774383065911757,0.0204759445264816,0.368164596002979,0.862893583867626,12,"ENSG00000105229;ENSG00000100600"
"REACTOME","REACTOME_INTERLEUKIN_6_SIGNALING",0.65252854812398,0.774383065911757,0.0210333771632819,-0.381957731794501,-0.859737566345405,11,"ENSG00000179295;ENSG00000168610;ENSG00000134352;ENSG00000115415;ENSG00000110395;ENSG00000136244"
"REACTOME","REACTOME_RESPONSE_TO_METAL_IONS",0.654178109062377,0.774383065911757,0.0203976893480979,0.37622281532969,0.859092955448988,11,"ENSG00000198417;ENSG00000074317"
"REACTOME","REACTOME_CGMP_EFFECTS",0.654054054054054,0.774383065911757,0.0207137582929953,-0.349218051982007,-0.856986672530413,15,"ENSG00000138735;ENSG00000150995;ENSG00000138669;ENSG00000156113;ENSG00000115252"
"REACTOME","REACTOME_THE_NLRP3_INFLAMMASOME",0.654654654654655,0.774383065911757,0.0206996405444173,-0.348876529840975,-0.856148571746169,15,"ENSG00000265972;ENSG00000140368;ENSG00000142192;ENSG00000077150"
"REACTOME","REACTOME_BLOOD_GROUP_SYSTEMS_BIOSYNTHESIS",0.654224362833634,0.774383065911757,0.020746763214127,-0.342446616944155,-0.854600812606654,16,"ENSG00000180549;ENSG00000162630;ENSG00000172461;ENSG00000183778;ENSG00000196371;ENSG00000126091"
"REACTOME","REACTOME_REGULATION_OF_ENDOGENOUS_RETROELEMENTS",0.655649168286887,0.774708473323083,0.0218580715513318,0.239152838110112,0.922157380839952,135,"ENSG00000170004;ENSG00000099385;ENSG00000273802;ENSG00000076053;ENSG00000106635;ENSG00000132475;ENSG00000130726;ENSG00000152433;ENSG00000158373;ENSG00000167491;ENSG00000182986;ENSG00000188486;ENSG00000180596;ENSG00000276180;ENSG00000274750;ENSG00000099956;ENSG00000270882;ENSG00000071655;ENSG00000197134;ENSG00000197061;ENSG00000274183;ENSG00000246705;ENSG00000124635;ENSG00000277224;ENSG00000082014;ENSG00000205683;ENSG00000273983;ENSG00000133884;ENSG00000277775;ENSG00000180573;ENSG00000204371;ENSG00000276368;ENSG00000181090;ENSG00000196591;ENSG00000134627;ENSG00000196646;ENSG00000168661;ENSG00000278588;ENSG00000275714;ENSG00000197903"
"REACTOME","REACTOME_SIGNALING_BY_CSF1_M_CSF_IN_MYELOID_CELLS",0.659030476580078,0.778052703119624,0.0209275037533457,0.295666559407806,0.881619204569563,31,"ENSG00000143947;ENSG00000171608;ENSG00000160219;ENSG00000221983;ENSG00000170315;ENSG00000100296;ENSG00000150991;ENSG00000051382;ENSG00000157368;ENSG00000184371;ENSG00000182578"
"REACTOME","REACTOME_REGULATION_OF_CDH1_GENE_TRANSCRIPTION",0.660253699788584,0.778195512605576,0.0214113248933093,0.248298902373988,0.912561454319971,97,"ENSG00000225663;ENSG00000118707;ENSG00000067225;ENSG00000102882;ENSG00000273802;ENSG00000132475;ENSG00000183955;ENSG00000122691;ENSG00000158373;ENSG00000004487;ENSG00000188486;ENSG00000180596;ENSG00000276180;ENSG00000274750;ENSG00000101457;ENSG00000270882;ENSG00000197061;ENSG00000274183;ENSG00000246705;ENSG00000124635;ENSG00000277224"
"REACTOME","REACTOME_PEROXISOMAL_LIPID_METABOLISM",0.660248930377285,0.778195512605576,0.0201254248782619,-0.305990317130578,-0.868891013079601,28,"ENSG00000140284;ENSG00000113790;ENSG00000107537;ENSG00000133835;ENSG00000242110"
"REACTOME","REACTOME_TURBULENT_OSCILLATORY_DISTURBED_FLOW_SHEAR_STRESS_ACTIVATES_SIGNALING_BY_PIEZO1_AND_INTEGRINS_IN_ENDOTHELIAL_CELLS",0.661646782710737,0.779187036853679,0.0201793957835896,-0.30029412157591,-0.871101767633152,31,"ENSG00000115414;ENSG00000150093;ENSG00000035403;ENSG00000162909;ENSG00000169398;ENSG00000109320;ENSG00000097007;ENSG00000103335;ENSG00000156052;ENSG00000213341"
"REACTOME","REACTOME_UPTAKE_AND_FUNCTION_OF_ANTHRAX_TOXINS",0.662520391517129,0.779565660685155,0.0207988087104427,-0.379054451851647,-0.853202657834031,11,"ENSG00000163297;ENSG00000170248;ENSG00000108984;ENSG00000169604;ENSG00000169032"
"REACTOME","REACTOME_FORMATION_OF_SENESCENCE_ASSOCIATED_HETEROCHROMATIN_FOCI_SAHF",0.664057796508128,0.780724070499148,0.0205175771977275,-0.339004650575944,-0.846011131442662,16,"ENSG00000183495;ENSG00000184357;ENSG00000113368;ENSG00000168298;ENSG00000141510;ENSG00000111875;ENSG00000118900;ENSG00000139687"
"REACTOME","REACTOME_RHO_GTPASES_ACTIVATE_FORMINS",0.665809217577706,0.78184670863662,0.021496365992353,0.237441038882526,0.921218455718434,140,"ENSG00000167552;ENSG00000137267;ENSG00000108518;ENSG00000137285;ENSG00000155366;ENSG00000102901;ENSG00000002822;ENSG00000177954;ENSG00000100401;ENSG00000090273;ENSG00000112658;ENSG00000088986;ENSG00000188229;ENSG00000137713;ENSG00000183785;ENSG00000167553;ENSG00000160783;ENSG00000196405;ENSG00000123416;ENSG00000113575;ENSG00000173213;ENSG00000175279;ENSG00000105568;ENSG00000158560;ENSG00000184009;ENSG00000127824;ENSG00000144635;ENSG00000178999;ENSG00000070831;ENSG00000112640;ENSG00000101367;ENSG00000196588;ENSG00000123810;ENSG00000179051;ENSG00000085415;ENSG00000173156;ENSG00000178462"
"REACTOME","REACTOME_TERMINATION_OF_TRANSLESION_DNA_SYNTHESIS",0.666120106579217,0.78184670863662,0.0207940681390106,0.292540963829203,0.877183423219032,32,"ENSG00000143947;ENSG00000115350;ENSG00000156587;ENSG00000221983;ENSG00000148229;ENSG00000170315"
"REACTOME","REACTOME_REGULATION_OF_PYRUVATE_METABOLISM",0.667759786841566,0.782470389228457,0.0207562095731591,0.292167341124189,0.876063116376918,32,"ENSG00000067225;ENSG00000143947;ENSG00000168291;ENSG00000221983;ENSG00000005882;ENSG00000065833;ENSG00000170315;ENSG00000110435;ENSG00000114098;ENSG00000150991;ENSG00000100577;ENSG00000091140;ENSG00000247077"
"REACTOME","REACTOME_ALPHA_LINOLENIC_OMEGA3_AND_LINOLEIC_OMEGA6_ACID_METABOLISM",0.66767189384801,0.782470389228457,0.0204620983829335,-0.35893400380081,-0.846329451089982,13,"ENSG00000149485;ENSG00000133835;ENSG00000134824;ENSG00000197977;ENSG00000012660"
"REACTOME","REACTOME_EARLY_PHASE_OF_HIV_LIFE_CYCLE",0.66865552903739,0.782870320896182,0.0202744207973598,0.356128807979481,0.851764969804106,13,"ENSG00000137309;ENSG00000196262"
"REACTOME","REACTOME_XENOBIOTICS",0.669798121127324,0.783558365395013,0.0203244916072417,-0.328229534863749,-0.85325810655818,19,"ENSG00000172379;ENSG00000134716;ENSG00000106546;ENSG00000160870;ENSG00000108242"
"REACTOME","REACTOME_THROMBIN_SIGNALLING_THROUGH_PROTEINASE_ACTIVATED_RECEPTORS_PARS",0.673045267489712,0.785327007598051,0.0206949382468888,0.300280705937903,0.873494341752847,28,"ENSG00000102882;ENSG00000060558;ENSG00000174021;ENSG00000162188;ENSG00000172354;ENSG00000156049;ENSG00000180210;ENSG00000137486"
"REACTOME","REACTOME_NEGATIVE_REGULATION_OF_MET_ACTIVITY",0.672382489408917,0.785327007598051,0.0204068699148483,0.316906962397561,0.862570575525131,21,"ENSG00000143947;ENSG00000175354;ENSG00000221983;ENSG00000170315;ENSG00000150991;ENSG00000141985;ENSG00000185359"
"REACTOME","REACTOME_REGULATION_OF_TLR_BY_ENDOGENOUS_LIGAND",0.673534706941388,0.785327007598051,0.0202517288381299,0.32389440323091,0.8594510033428,19,"ENSG00000104518;ENSG00000170458;ENSG00000137462;ENSG00000135218;ENSG00000160678"
"REACTOME","REACTOME_SYNTHESIS_OF_PIPS_AT_THE_EARLY_ENDOSOME_MEMBRANE",0.672643952978681,0.785327007598051,0.0202109889533265,0.335107858899031,0.849353532524304,16,"ENSG00000150712;ENSG00000103043;ENSG00000171100"
"REACTOME","REACTOME_NEGATIVE_REGULATION_OF_NMDA_RECEPTOR_MEDIATED_NEURONAL_TRANSMISSION",0.675123885034688,0.78653046672358,0.0200761594926127,-0.320419042053807,-0.851416866157418,21,"ENSG00000152495;ENSG00000183454;ENSG00000105464;ENSG00000075711;ENSG00000145349;ENSG00000070808"
"REACTOME","REACTOME_SYNTHESIS_SECRETION_AND_INACTIVATION_OF_GLUCAGON_LIKE_PEPTIDE_1_GLP_1",0.676194283429942,0.787128052929166,0.0201793957835896,-0.326785716520995,-0.849504788911541,19,"ENSG00000129128;ENSG00000118363;ENSG00000111664;ENSG00000197635;ENSG00000140612;ENSG00000078369"
"REACTOME","REACTOME_HCMV_EARLY_EVENTS",0.679448513571736,0.788585031720097,0.021257756377706,0.238095655136574,0.915328950695234,132,"ENSG00000167552;ENSG00000204209;ENSG00000137267;ENSG00000137285;ENSG00000273802;ENSG00000146648;ENSG00000088986;ENSG00000140464;ENSG00000130726;ENSG00000188229;ENSG00000183785;ENSG00000167553;ENSG00000123416;ENSG00000158373;ENSG00000173213;ENSG00000180596;ENSG00000181218;ENSG00000276180;ENSG00000274750;ENSG00000158560;ENSG00000270882;ENSG00000127824;ENSG00000197061;ENSG00000278677;ENSG00000124635;ENSG00000144635;ENSG00000277224;ENSG00000138750;ENSG00000132522;ENSG00000273983;ENSG00000277775;ENSG00000136243;ENSG00000180573;ENSG00000275221;ENSG00000213024;ENSG00000085415;ENSG00000178462;ENSG00000276368"
"REACTOME","REACTOME_TP53_REGULATES_TRANSCRIPTION_OF_CELL_DEATH_GENES",0.679055441478439,0.788585031720097,0.020526848168626,0.275456910033161,0.878670665025952,43,"ENSG00000115129;ENSG00000100949;ENSG00000169230;ENSG00000177595;ENSG00000149932;ENSG00000105327;ENSG00000087088;ENSG00000170855;ENSG00000141391;ENSG00000015475;ENSG00000137955;ENSG00000121380"
"REACTOME","REACTOME_CLASS_C_3_METABOTROPIC_GLUTAMATE_PHEROMONE_RECEPTORS",0.679679875073199,0.788585031720097,0.0197410828163763,-0.295025241862263,-0.862683778547725,32,"ENSG00000124493;ENSG00000036828;ENSG00000169962;ENSG00000179603"
"REACTOME","REACTOME_FORMATION_OF_THE_CANONICAL_BAF_CBAF_COMPLEX",0.678835028924796,0.788585031720097,0.0200895758797669,-0.328205436768202,-0.842761441064888,18,"ENSG00000110987;ENSG00000136518;ENSG00000141380;ENSG00000173473;ENSG00000066117;ENSG00000184402;ENSG00000127616;ENSG00000049618;ENSG00000080503;ENSG00000073584"
"REACTOME","REACTOME_REGULATION_OF_TP53_EXPRESSION_AND_DEGRADATION",0.680729060004096,0.789153885653352,0.0204482678859152,0.283302595876454,0.875817068072198,37,"ENSG00000204209;ENSG00000143947;ENSG00000147889;ENSG00000198625;ENSG00000137713;ENSG00000221983;ENSG00000113575;ENSG00000105568;ENSG00000170315;ENSG00000105221;ENSG00000167965;ENSG00000150991"
"REACTOME","REACTOME_SIGNALING_BY_FGFR",0.684177480117204,0.789263563664617,0.0207043446503391,0.252114792517824,0.899401491703423,81,"ENSG00000177700;ENSG00000124181;ENSG00000102882;ENSG00000123159;ENSG00000143947;ENSG00000163882;ENSG00000174775;ENSG00000100142;ENSG00000160867;ENSG00000103067;ENSG00000221983;ENSG00000125651;ENSG00000113575;ENSG00000134962;ENSG00000105258;ENSG00000105568;ENSG00000168002;ENSG00000170315;ENSG00000099817;ENSG00000115339;ENSG00000011201;ENSG00000070388"
"REACTOME","REACTOME_DNA_DAMAGE_BYPASS",0.683797729618163,0.789263563664617,0.020499056300524,0.269524941917747,0.877590063930995,48,"ENSG00000143947;ENSG00000070010;ENSG00000115350;ENSG00000156587;ENSG00000139842;ENSG00000221983;ENSG00000100387;ENSG00000148229;ENSG00000170315"
"REACTOME","REACTOME_MTOR_SIGNALLING",0.684077177938024,0.789263563664617,0.0196199032247491,-0.284202620213453,-0.871078028645352,40,"ENSG00000082146;ENSG00000103319;ENSG00000142208"
"REACTOME","REACTOME_ADP_SIGNALLING_THROUGH_P2Y_PURINOCEPTOR_1",0.683783235234423,0.789263563664617,0.0202426638131779,0.31008021379597,0.860970858050897,23,"ENSG00000060558;ENSG00000174021;ENSG00000162188;ENSG00000172354;ENSG00000156049"
"REACTOME","REACTOME_TRYPTOPHAN_CATABOLISM",0.684033945135188,0.789263563664617,0.0198108689005535,0.357979217059464,0.839021385847943,12,"ENSG00000183077;ENSG00000171097;ENSG00000162882;ENSG00000153086;ENSG00000137944;ENSG00000109576"
"REACTOME","REACTOME_PHOSPHOLIPASE_C_MEDIATED_CASCADE_FGFR2",0.682951347004423,0.789263563664617,0.0201164527929248,-0.354786002591305,-0.83654889101602,13,"ENSG00000156427;ENSG00000102678;ENSG00000138675"
"REACTOME","REACTOME_TFAP2_AP_2_FAMILY_REGULATES_TRANSCRIPTION_OF_GROWTH_FACTORS_AND_THEIR_RECEPTORS",0.684884884884885,0.789434659148945,0.0200092969303502,-0.340838099451218,-0.836422135289098,15,"ENSG00000112715;ENSG00000008196;ENSG00000156802"
"REACTOME","REACTOME_CAMK_IV_MEDIATED_PHOSPHORYLATION_OF_CREB",0.685749086479903,0.789786060448305,0.0202019540165878,-0.373505545734157,-0.821313893737373,10,"ENSG00000152495;ENSG00000145349;ENSG00000070808;ENSG00000148660;ENSG00000118260"
"REACTOME","REACTOME_DEADENYLATION_OF_MRNA",0.686619718309859,0.790144288715176,0.0196199032247491,-0.306360781119072,-0.84921252334956,25,"ENSG00000135473;ENSG00000158435;ENSG00000138767;ENSG00000111596;ENSG00000172239;ENSG00000113300;ENSG00000125107;ENSG00000134744;ENSG00000114867;ENSG00000198791;ENSG00000144580"
"REACTOME","REACTOME_PROCESSIVE_SYNTHESIS_ON_THE_C_STRAND_OF_THE_TELOMERE",0.691185288826704,0.794083113902277,0.0198459112740289,-0.323221719802377,-0.840239903308938,19,"ENSG00000165392;ENSG00000132383;ENSG00000105486;ENSG00000077514;ENSG00000128513"
"REACTOME","REACTOME_TANDEM_PORE_DOMAIN_POTASSIUM_CHANNELS",0.691251471165163,0.794083113902277,0.0195597585889711,0.364480239899708,0.832279154106595,11,"ENSG00000171303;ENSG00000124780"
"REACTOME","REACTOME_TP53_REGULATES_TRANSCRIPTION_OF_CASPASE_ACTIVATORS_AND_CASPASES",0.692292006525285,0.794083113902277,0.0201254248782619,-0.367870897827456,-0.828029920854267,11,"ENSG00000106144;ENSG00000141510;ENSG00000149311;ENSG00000120868"
"REACTOME","REACTOME_RIBAVIRIN_ADME",0.692292006525285,0.794083113902277,0.0201254248782619,-0.367865731602744,-0.82801829234909,11,"ENSG00000112759;ENSG00000198246;ENSG00000137860"
"REACTOME","REACTOME_SIGNALING_BY_EGFR",0.693153526970954,0.794425957859568,0.0203701888847281,0.265553210142876,0.877206435491322,52,"ENSG00000124181;ENSG00000143947;ENSG00000127837;ENSG00000146648;ENSG00000127947;ENSG00000174775;ENSG00000221983;ENSG00000063245;ENSG00000113070;ENSG00000163235;ENSG00000170315;ENSG00000102606;ENSG00000070831;ENSG00000150991;ENSG00000141985;ENSG00000185359"
"REACTOME","REACTOME_DEVELOPMENTAL_LINEAGE_OF_MULTIPOTENT_PANCREATIC_PROGENITOR_CELLS",0.695026962252846,0.795927064639918,0.0197497844171305,0.334340348548715,0.831293569900998,15,"ENSG00000139515;ENSG00000163623;ENSG00000125798"
"REACTOME","REACTOME_PROCESSING_OF_CAPPED_INTRONLESS_PRE_MRNA",0.695937628231432,0.796324093243746,0.0201388953348788,0.292676132277537,0.859299523154295,29,"ENSG00000125755;ENSG00000143977;ENSG00000172409;ENSG00000071894;ENSG00000119203;ENSG00000176102;ENSG00000125835;ENSG00000182004;ENSG00000163950;ENSG00000101138;ENSG00000155858;ENSG00000100028;ENSG00000160917;ENSG00000100836"
"REACTOME","REACTOME_MITOTIC_PROPHASE",0.698770491803279,0.798918165527311,0.0186234056770863,-0.238873335316782,-0.904477195396549,136,"ENSG00000172943;ENSG00000120802;ENSG00000028116;ENSG00000139496;ENSG00000174106;ENSG00000184260;ENSG00000120253;ENSG00000155561;ENSG00000146918;ENSG00000151503;ENSG00000138768;ENSG00000124789;ENSG00000278463;ENSG00000138069;ENSG00000115806;ENSG00000126883;ENSG00000030066;ENSG00000274290;ENSG00000136824;ENSG00000270276;ENSG00000113368;ENSG00000114745;ENSG00000100030;ENSG00000113569;ENSG00000110713;ENSG00000197837;ENSG00000101577;ENSG00000132182;ENSG00000102900;ENSG00000095319;ENSG00000134324;ENSG00000275713;ENSG00000197238;ENSG00000128989"
"REACTOME","REACTOME_ACTIVATED_NTRK2_SIGNALS_THROUGH_FRS2_AND_FRS3",0.705750407830343,0.80624561153434,0.0198327586569781,-0.363925751083976,-0.819149904617445,11,"ENSG00000179295;ENSG00000213281;ENSG00000115904"
"REACTOME","REACTOME_DEPOSITION_OF_NEW_CENPA_CONTAINING_NUCLEOSOMES_AT_THE_CENTROMERE",0.706710374084073,0.806689610514721,0.0189698501880802,-0.256925472898144,-0.874928853340591,69,"ENSG00000048649;ENSG00000184260;ENSG00000188312;ENSG00000162521;ENSG00000120334;ENSG00000166451;ENSG00000142856;ENSG00000138092;ENSG00000102384;ENSG00000278463;ENSG00000274290;ENSG00000270276;ENSG00000153147;ENSG00000197837;ENSG00000159055;ENSG00000275713;ENSG00000197238;ENSG00000137812"
"REACTOME","REACTOME_TRANSLESION_SYNTHESIS_BY_Y_FAMILY_DNA_POLYMERASES_BYPASSES_LESIONS_ON_DNA_TEMPLATE",0.709848794442174,0.80766035274162,0.0197759262773248,0.276089485290287,0.862713654893641,39,"ENSG00000143947;ENSG00000070010;ENSG00000115350;ENSG00000156587;ENSG00000221983;ENSG00000148229;ENSG00000170315"
"REACTOME","REACTOME_SUMOYLATION_OF_INTRACELLULAR_RECEPTORS",0.709539339584183,0.80766035274162,0.0197454328460408,0.288066599737713,0.853467912284047,30,"ENSG00000105229;ENSG00000025434;ENSG00000144852;ENSG00000012504;ENSG00000151623;ENSG00000116030;ENSG00000131759;ENSG00000116833;ENSG00000151090;ENSG00000126351;ENSG00000131408"
"REACTOME","REACTOME_TRAF6_MEDIATED_IRF7_ACTIVATION",0.708774735158905,0.80766035274162,0.0194658359131804,-0.318701829474418,-0.828490098207806,19,"ENSG00000005339;ENSG00000088888;ENSG00000100393;ENSG00000052723;ENSG00000115267;ENSG00000146833"
"REACTOME","REACTOME_REGULATION_OF_BACH1_ACTIVITY",0.708197389885807,0.80766035274162,0.0197802886702778,-0.363079620109267,-0.817245372978334,11,"ENSG00000145604;ENSG00000145743;ENSG00000156273"
"REACTOME","REACTOME_PI_METABOLISM",0.713463751438435,0.809815769317581,0.018747173343973,-0.252167799193741,-0.884389399996563,82,"ENSG00000108389;ENSG00000141506;ENSG00000241973;ENSG00000211456;ENSG00000117461;ENSG00000102043;ENSG00000003987;ENSG00000163629;ENSG00000139505;ENSG00000180957;ENSG00000145675;ENSG00000105647;ENSG00000143398;ENSG00000106086;ENSG00000276293;ENSG00000143761;ENSG00000087053;ENSG00000078269;ENSG00000122126;ENSG00000133812;ENSG00000133056;ENSG00000196455"
"REACTOME","REACTOME_TGFBR3_PTM_REGULATION",0.713091353996737,0.809815769317581,0.0196760165729651,-0.361636298311219,-0.813996641857545,11,"ENSG00000143801;ENSG00000162736;ENSG00000156103;ENSG00000138613;ENSG00000080815"
"REACTOME","REACTOME_CASPASE_ACTIVATION_VIA_DEPENDENCE_RECEPTORS_IN_THE_ABSENCE_OF_LIGAND",0.71274868047097,0.809815769317581,0.0196155974069712,-0.365356689111516,-0.803395099120565,10,"ENSG00000107731;ENSG00000196730"
"REACTOME","REACTOME_FGFR1_MUTANT_RECEPTOR_ACTIVATION",0.714119019836639,0.809908478722357,0.0189412859890119,-0.294646748072292,-0.83667978070003,28,"ENSG00000173757;ENSG00000119397;ENSG00000145675;ENSG00000102678;ENSG00000033327;ENSG00000138675;ENSG00000168610;ENSG00000257923"
"REACTOME","REACTOME_GAP_FILLING_DNA_REPAIR_SYNTHESIS_AND_LIGATION_IN_GG_NER",0.714723926380368,0.809943967936661,0.0196846721853154,0.29844598333087,0.845240905117194,25,"ENSG00000143947;ENSG00000115350;ENSG00000221983;ENSG00000073050;ENSG00000148229;ENSG00000170315"
"REACTOME","REACTOME_G2_M_DNA_DAMAGE_CHECKPOINT",0.716471477143937,0.810477731534577,0.018457664146185,-0.246039236650318,-0.88429174923147,94,"ENSG00000136492;ENSG00000137337;ENSG00000109685;ENSG00000138376;ENSG00000112130;ENSG00000113522;ENSG00000165392;ENSG00000132383;ENSG00000113456;ENSG00000136273;ENSG00000020922;ENSG00000274290;ENSG00000270276;ENSG00000174371;ENSG00000133119;ENSG00000158019;ENSG00000175643;ENSG00000197837;ENSG00000141510;ENSG00000149311;ENSG00000275713;ENSG00000197238;ENSG00000171792;ENSG00000067369;ENSG00000172613;ENSG00000128731;ENSG00000233822;ENSG00000158402;ENSG00000175054;ENSG00000196890;ENSG00000133101;ENSG00000111445;ENSG00000101773;ENSG00000163781;ENSG00000185515;ENSG00000170312;ENSG00000145386"
"REACTOME","REACTOME_SIGNALING_BY_ERBB4",0.716759431045145,0.810477731534577,0.0197628483903223,0.259516397637059,0.871288199835516,57,"ENSG00000143947;ENSG00000146648;ENSG00000174775;ENSG00000107562;ENSG00000205155;ENSG00000221983;ENSG00000137693;ENSG00000113070;ENSG00000065361;ENSG00000178568;ENSG00000123933;ENSG00000170315;ENSG00000169752"
"REACTOME","REACTOME_SPECIFICATION_OF_THE_NEURAL_PLATE_BORDER",0.716916916916917,0.810477731534577,0.0193178751429861,-0.332343712910977,-0.815576775162402,15,"ENSG00000008196;ENSG00000118513;ENSG00000181449"
"REACTOME","REACTOME_MAPK3_ERK1_ACTIVATION",0.718282111899133,0.811371473601261,0.0190477159490059,0.365636650539384,0.812111189117166,10,"ENSG00000102882;ENSG00000160712"
"REACTOME","REACTOME_PRESYNAPTIC_DEPOLARIZATION_AND_CALCIUM_CHANNEL_OPENING",0.722063621533442,0.814991074024956,0.0194871190960158,-0.358130126334409,-0.806104701175078,11,"ENSG00000157445;ENSG00000182389;ENSG00000007402;ENSG00000165995;ENSG00000075461;ENSG00000141837"
"REACTOME","REACTOME_IRAK4_DEFICIENCY_TLR2_4",0.723786698621929,0.816283401321218,0.0191384937856528,0.326813069733304,0.812577975132778,15,"ENSG00000170458;ENSG00000137462;ENSG00000135218;ENSG00000160678;ENSG00000150455"
"REACTOME","REACTOME_INCRETIN_SYNTHESIS_SECRETION_AND_INACTIVATION",0.724425059476606,0.816351304055042,0.0190148705497336,-0.306754978860215,-0.824647232248805,22,"ENSG00000129128;ENSG00000118363;ENSG00000111664;ENSG00000197635;ENSG00000140612;ENSG00000078369"
"REACTOME","REACTOME_PLATELET_AGGREGATION_PLUG_FORMATION",0.725923031842157,0.816964215211227,0.0187632337106183,-0.279072815478072,-0.844661537853241,38,"ENSG00000115414;ENSG00000142208;ENSG00000116473;ENSG00000160691;ENSG00000117400;ENSG00000171560;ENSG00000079337;ENSG00000169398;ENSG00000108821;ENSG00000140992;ENSG00000197122"
"REACTOME","REACTOME_PI3K_EVENTS_IN_ERBB2_SIGNALING",0.726126126126126,0.816964215211227,0.0191260756172104,-0.329892124772518,-0.809560538747161,15,"ENSG00000185737;ENSG00000157168;ENSG00000145675;ENSG00000109458"
"REACTOME","REACTOME_FANCONI_ANEMIA_PATHWAY",0.727625664078463,0.817999552292031,0.0194022063147113,0.273282093558171,0.853941226710128,39,"ENSG00000143947;ENSG00000162585;ENSG00000185504;ENSG00000181625;ENSG00000221983;ENSG00000187741;ENSG00000172732;ENSG00000175279;ENSG00000170315;ENSG00000012061;ENSG00000150991"
"REACTOME","REACTOME_SENSORY_PERCEPTION_OF_TASTE",0.728650419823879,0.818499914710674,0.0194149059486147,0.2739030671448,0.850892403783347,38,"ENSG00000255837;ENSG00000121314;ENSG00000130529;ENSG00000070985;ENSG00000212128;ENSG00000212127;ENSG00000177098"
"REACTOME","REACTOME_GLUTAMATE_NEUROTRANSMITTER_RELEASE_CYCLE",0.730686062512286,0.819808582519818,0.0187592166676672,-0.29966159581033,-0.821543396339984,24,"ENSG00000143847;ENSG00000131626;ENSG00000110436;ENSG00000067715;ENSG00000134294;ENSG00000136854;ENSG00000106688;ENSG00000139220"
"REACTOME","REACTOME_SIGNALING_BY_CTNNB1_PHOSPHO_SITE_MUTANTS",0.7309766327142,0.819808582519818,0.0189902936643786,0.325325822201939,0.80888012856702,15,"ENSG00000103126;ENSG00000137713;ENSG00000113575;ENSG00000105568;ENSG00000112640"
"REACTOME","REACTOME_TRANSCRIPTIONAL_AND_POST_TRANSLATIONAL_REGULATION_OF_MITF_M_EXPRESSION_AND_ACTIVITY",0.732764007498438,0.81999030068209,0.0195854988403647,0.256444380233101,0.864853366684687,59,"ENSG00000125968;ENSG00000102882;ENSG00000115138;ENSG00000133706;ENSG00000065427;ENSG00000075413;ENSG00000106305;ENSG00000187140;ENSG00000128245;ENSG00000116030;ENSG00000166913;ENSG00000169567;ENSG00000120659;ENSG00000184371;ENSG00000170027;ENSG00000135111;ENSG00000068323;ENSG00000113643;ENSG00000124802;ENSG00000154342"
"REACTOME","REACTOME_METALLOPROTEASE_DUBS",0.735203768175302,0.81999030068209,0.019280113640365,0.278654484335851,0.845092114008558,34,"ENSG00000143947;ENSG00000221983;ENSG00000181218;ENSG00000170315;ENSG00000115233;ENSG00000163322;ENSG00000278677;ENSG00000087206;ENSG00000150991;ENSG00000180573;ENSG00000275221;ENSG00000276368"
"REACTOME","REACTOME_RUNX2_REGULATES_BONE_DEVELOPMENT",0.73489010989011,0.81999030068209,0.0186472645603962,-0.288173362204092,-0.829375547286513,30,"ENSG00000178573;ENSG00000135547;ENSG00000141646;ENSG00000068024;ENSG00000108821;ENSG00000100030;ENSG00000097007;ENSG00000114315;ENSG00000197122"
"REACTOME","REACTOME_RHO_GTPASES_ACTIVATE_CIT",0.732946589317864,0.81999030068209,0.0189739361797929,0.310292607590182,0.823358756011337,19,"ENSG00000092841;ENSG00000155366"
"REACTOME","REACTOME_RAF_INDEPENDENT_MAPK1_3_ACTIVATION",0.734778325123153,0.81999030068209,0.0187111134073493,-0.301297700499886,-0.818038748339986,23,"ENSG00000139318;ENSG00000179295;ENSG00000164086;ENSG00000130829;ENSG00000111266;ENSG00000100030;ENSG00000134352"
"REACTOME","REACTOME_PHOSPHOLIPASE_C_MEDIATED_CASCADE_FGFR4",0.732860520094563,0.81999030068209,0.018747173343973,0.36096412480575,0.801733098124034,10,"ENSG00000124181;ENSG00000160867;ENSG00000134962;ENSG00000107831;ENSG00000158815"
"REACTOME","REACTOME_SIGNALING_BY_NTRK3_TRKC",0.733694561509131,0.81999030068209,0.0190066728232557,-0.3204413145654,-0.799684956049641,16,"ENSG00000169047;ENSG00000160691;ENSG00000213281;ENSG00000145675;ENSG00000151490;ENSG00000197122;ENSG00000115904"
"REACTOME","REACTOME_ADRENALINE_NORADRENALINE_INHIBITS_INSULIN_SECRETION",0.739925986842105,0.82222478634451,0.0192424674758377,0.29076110820795,0.83020475664877,26,"ENSG00000174021;ENSG00000162188;ENSG00000172354;ENSG00000114353;ENSG00000167535"
"REACTOME","REACTOME_NOTCH3_ACTIVATION_AND_TRANSMISSION_OF_SIGNAL_TO_THE_NUCLEUS",0.742126789366053,0.82222478634451,0.0191178037735758,0.292345328890367,0.827962995649131,25,"ENSG00000143947;ENSG00000146648;ENSG00000205155;ENSG00000065978;ENSG00000221983;ENSG00000128917;ENSG00000170315;ENSG00000150991;ENSG00000197530"
"REACTOME","REACTOME_DEVELOPMENTAL_LINEAGE_OF_PANCREATIC_ACINAR_CELLS",0.740328253223916,0.82222478634451,0.0184733542167669,-0.292020273193428,-0.823837532641246,27,"ENSG00000091704;ENSG00000185615;ENSG00000164266;ENSG00000168267;ENSG00000180535;ENSG00000125398"
"REACTOME","REACTOME_LDL_CLEARANCE",0.739147829565913,0.82222478634451,0.0188478938685799,0.308123055005532,0.817601866954032,19,"ENSG00000183020;ENSG00000042753;ENSG00000161203;ENSG00000122705;ENSG00000057252"
"REACTOME","REACTOME_INITIAL_TRIGGERING_OF_COMPLEMENT",0.742006394884093,0.82222478634451,0.0187752926573589,0.303578645232127,0.817385588584452,20,"ENSG00000126759;ENSG00000173369;ENSG00000166278;ENSG00000197766;ENSG00000211644;ENSG00000173372;ENSG00000243649;ENSG00000009724"
"REACTOME","REACTOME_ACETYLCHOLINE_NEUROTRANSMITTER_RELEASE_CYCLE",0.738356985808515,0.82222478634451,0.0188519397752642,0.311322177118942,0.803023714077963,17,"ENSG00000177380;ENSG00000198722;ENSG00000005379;ENSG00000168993;ENSG00000070748"
"REACTOME","REACTOME_SIGNALING_BY_NOTCH1_HD_DOMAIN_MUTANTS_IN_CANCER",0.741961254244058,0.82222478634451,0.0187672520559438,0.322814162161971,0.802635214215325,15,"ENSG00000143947;ENSG00000221983;ENSG00000128917;ENSG00000170315;ENSG00000150991;ENSG00000197530;ENSG00000198719;ENSG00000137845"
"REACTOME","REACTOME_SUMOYLATION_OF_IMMUNE_RESPONSE_PROTEINS",0.739490822972173,0.82222478634451,0.018639306503364,0.339558128109654,0.795846567749689,12,"ENSG00000105229;ENSG00000100906;ENSG00000116030;ENSG00000173039"
"REACTOME","REACTOME_FGFR1C_LIGAND_BINDING_AND_ACTIVATION",0.742448018830914,0.82222478634451,0.0184890640973116,0.34842328419803,0.795613601228895,11,"ENSG00000123159;ENSG00000011201;ENSG00000107831;ENSG00000158815;ENSG00000113578"
"REACTOME","REACTOME_NEGATIVE_REGULATION_OF_FGFR1_SIGNALING",0.745178498153467,0.823311454923862,0.019105406391381,0.283795743962884,0.833226630278392,29,"ENSG00000102882;ENSG00000143947;ENSG00000221983;ENSG00000113575;ENSG00000105568;ENSG00000170315;ENSG00000011201;ENSG00000070388;ENSG00000150991;ENSG00000107831;ENSG00000158815"
"REACTOME","REACTOME_SIGNALING_BY_NODAL",0.745094152626363,0.823311454923862,0.0185916649782099,-0.304777375548429,-0.80985385981383,21,"ENSG00000114739;ENSG00000135503;ENSG00000123612;ENSG00000141646;ENSG00000166949;ENSG00000100030"
"REACTOME","REACTOME_ASSEMBLY_OF_ACTIVE_LPL_AND_LIPC_LIPASE_COMPLEXES",0.744437763078773,0.823311454923862,0.0187712717045537,0.309258536580803,0.808961126312755,18,"ENSG00000166035;ENSG00000132855"
"REACTOME","REACTOME_MITOCHONDRIAL_IRON_SULFUR_CLUSTER_BIOGENESIS",0.746221161495624,0.823818827233637,0.0186194336503219,0.33406453456307,0.798993122205184,13,"ENSG00000161513;ENSG00000214113;ENSG00000100209;ENSG00000136003;ENSG00000267673"
"REACTOME","REACTOME_DEFECTS_IN_COBALAMIN_B12_METABOLISM",0.747084841174105,0.824127965420185,0.0187632337106183,-0.337482579254489,-0.795749199096189,13,"ENSG00000124275;ENSG00000168216;ENSG00000116984"
"REACTOME","REACTOME_SYNTHESIS_OF_PIPS_AT_THE_LATE_ENDOSOME_MEMBRANE",0.747940368772067,0.824427635211678,0.0183795090452486,0.346241085532868,0.790630619271812,11,"ENSG00000104643;ENSG00000103043;ENSG00000171100"
"REACTOME","REACTOME_PROSTACYCLIN_SIGNALLING_THROUGH_PROSTACYCLIN_RECEPTOR",0.749949989998,0.825997960902633,0.0186313535446168,-0.314310037582505,-0.79556960160525,17,"ENSG00000172380;ENSG00000168243;ENSG00000111664"
"REACTOME","REACTOME_FORMATION_OF_NEURONAL_PROGENITOR_AND_NEURONAL_BAF_NPBAF_AND_NBAF",0.750782472613459,0.826270343983011,0.0182824994741841,-0.292919455828303,-0.811954027906241,25,"ENSG00000110987;ENSG00000136518;ENSG00000130024;ENSG00000139613;ENSG00000141380;ENSG00000173473;ENSG00000066117;ENSG00000184402;ENSG00000127616;ENSG00000049618;ENSG00000080503"
"REACTOME","REACTOME_SYNTHESIS_OF_PA",0.753467474116038,0.828579496457824,0.0182092733606427,-0.278931972885995,-0.826612994284609,34,"ENSG00000123739;ENSG00000160216;ENSG00000085788;ENSG00000158669;ENSG00000153246;ENSG00000075651"
"REACTOME","REACTOME_TRANSPORT_OF_MATURE_MRNAS_DERIVED_FROM_INTRONLESS_TRANSCRIPTS",0.75448168355417,0.829049133991041,0.0181517649382029,-0.268640306295723,-0.83482399890622,43,"ENSG00000139496;ENSG00000120253;ENSG00000155561;ENSG00000124789;ENSG00000126883;ENSG00000030066;ENSG00000113569;ENSG00000110713;ENSG00000132182;ENSG00000102900;ENSG00000095319;ENSG00000157020;ENSG00000196313;ENSG00000111581;ENSG00000136937;ENSG00000153201;ENSG00000069248"
"REACTOME","REACTOME_SIGNALING_BY_ALK",0.757064364207221,0.831240188383046,0.0182054312222044,-0.284073423978619,-0.81757574565466,30,"ENSG00000169047;ENSG00000160691;ENSG00000145675;ENSG00000105647;ENSG00000100393;ENSG00000168610;ENSG00000130816;ENSG00000105639;ENSG00000197122;ENSG00000106278;ENSG00000169375"
"REACTOME","REACTOME_DNA_DAMAGE_TELOMERE_STRESS_INDUCED_SENESCENCE",0.757828810020877,0.831433006798351,0.0191136699293952,0.244883317140046,0.860991532349997,74,"ENSG00000137309;ENSG00000273802;ENSG00000132604;ENSG00000172977;ENSG00000158373;ENSG00000187837;ENSG00000092330;ENSG00000188486;ENSG00000180596;ENSG00000276180;ENSG00000270882;ENSG00000197061;ENSG00000274183;ENSG00000246705;ENSG00000124635;ENSG00000277224;ENSG00000124762;ENSG00000180573;ENSG00000166848;ENSG00000102977;ENSG00000276368;ENSG00000278588;ENSG00000197903;ENSG00000184678;ENSG00000234289"
"REACTOME","REACTOME_SMAD2_SMAD3_SMAD4_HETEROTRIMER_REGULATES_TRANSCRIPTION",0.760171744019628,0.83270946668403,0.0187552009261814,0.270268514677102,0.830167047444223,36,"ENSG00000118707;ENSG00000102882;ENSG00000143947;ENSG00000164692;ENSG00000065978;ENSG00000221983;ENSG00000147883;ENSG00000170315;ENSG00000132964;ENSG00000150991;ENSG00000112237"
"REACTOME","REACTOME_ANDROGEN_BIOSYNTHESIS",0.759642712139667,0.83270946668403,0.0186592112207224,-0.35020222156576,-0.770071431266969,10,"ENSG00000149084;ENSG00000130948;ENSG00000128039;ENSG00000277893"
"REACTOME","REACTOME_SENSORY_PROCESSING_OF_SOUND",0.762004175365344,0.834069686523927,0.0190312823352533,0.244226812156543,0.858683309648901,74,"ENSG00000136425;ENSG00000088367;ENSG00000176058;ENSG00000130830;ENSG00000111913;ENSG00000115155;ENSG00000165899;ENSG00000197753;ENSG00000006611;ENSG00000077549;ENSG00000008056;ENSG00000112782;ENSG00000184009;ENSG00000181585;ENSG00000182040;ENSG00000092820;ENSG00000101152;ENSG00000186765;ENSG00000148180;ENSG00000242866"
"REACTOME","REACTOME_TRAF6_MEDIATED_NF_KB_ACTIVATION",0.763546798029557,0.83485654323649,0.0181402949286937,-0.294685621872385,-0.800086614900558,23,"ENSG00000088888;ENSG00000142192;ENSG00000077150;ENSG00000109320;ENSG00000115267;ENSG00000104825;ENSG00000213341;ENSG00000146833"
"REACTOME","REACTOME_PROCESSING_OF_INTRONLESS_PRE_MRNAS",0.76390556222489,0.83485654323649,0.0183600466505076,-0.303354895381113,-0.796345907727942,20,"ENSG00000167005;ENSG00000101811;ENSG00000090060;ENSG00000165494;ENSG00000149532;ENSG00000177613"
"REACTOME","REACTOME_TRANSFERRIN_ENDOCYTOSIS_AND_RECYCLING",0.764521807158224,0.834883829626769,0.0180110308134785,-0.279477361682047,-0.810715915773064,31,"ENSG00000250565;ENSG00000143882;ENSG00000185344;ENSG00000100554;ENSG00000110719;ENSG00000115107;ENSG00000155097;ENSG00000072274;ENSG00000010704;ENSG00000071553"
"REACTOME","REACTOME_EVASION_BY_RSV_OF_HOST_INTERFERON_RESPONSES",0.769074262461852,0.839206227663164,0.0185087293889524,0.2876485196235,0.806931045871119,24,"ENSG00000143947;ENSG00000221983;ENSG00000126456;ENSG00000100387;ENSG00000103363;ENSG00000170315;ENSG00000150991;ENSG00000142166;ENSG00000154582"
"REACTOME","REACTOME_INTERLEUKIN_3_INTERLEUKIN_5_AND_GM_CSF_SIGNALING",0.77267131719327,0.840533050752618,0.0185639582430467,0.261519923515949,0.830040176940155,42,"ENSG00000143947;ENSG00000171608;ENSG00000135605;ENSG00000167193;ENSG00000221983;ENSG00000091181;ENSG00000170315;ENSG00000150991;ENSG00000051382;ENSG00000096968;ENSG00000147168;ENSG00000165025"
"REACTOME","REACTOME_NEGATIVE_REGULATION_OF_FGFR2_SIGNALING",0.772425897035881,0.840533050752618,0.0178158743287468,-0.28137094009802,-0.804078279201255,29,"ENSG00000157764;ENSG00000156427;ENSG00000179295;ENSG00000102678;ENSG00000138675;ENSG00000100030;ENSG00000197122"
"REACTOME","REACTOME_REGULATION_OF_GLYCOLYSIS_BY_FRUCTOSE_2_6_BISPHOSPHATE_METABOLISM",0.772459788152217,0.840533050752618,0.0179018197825221,0.339339476685967,0.774871012730031,11,"ENSG00000137713;ENSG00000113575;ENSG00000105568;ENSG00000112640"
"REACTOME","REACTOME_NEGATIVE_REGULATION_OF_ACTIVITY_OF_TFAP2_AP_2_FAMILY_TRANSCRIPTION_FACTORS",0.772655634357762,0.840533050752618,0.0179619565735294,0.346400763600313,0.769386590823295,10,"ENSG00000116819;ENSG00000153885;ENSG00000116030"
"REACTOME","REACTOME_RAS_ACTIVATION_UPON_CA2_INFLUX_THROUGH_NMDA_RECEPTOR",0.774909963985594,0.842319375787266,0.0181479404327843,-0.300763884468274,-0.78954416835029,20,"ENSG00000105464;ENSG00000213281;ENSG00000075711;ENSG00000145349;ENSG00000070808;ENSG00000148660"
"REACTOME","REACTOME_SEMA3A_PAK_DEPENDENT_AXON_REPULSION",0.776449491930663,0.84334360200469,0.0180565012468536,0.307088740225138,0.778337181245418,16,"ENSG00000096384;ENSG00000080824;ENSG00000149269;ENSG00000114554;ENSG00000172757"
"REACTOME","REACTOME_DISASSEMBLY_OF_THE_DESTRUCTION_COMPLEX_AND_RECRUITMENT_OF_AXIN_TO_THE_MEMBRANE",0.777619241744802,0.843964926474759,0.0183717204394817,0.275610546764042,0.816563802135846,30,"ENSG00000181274;ENSG00000103126;ENSG00000137713;ENSG00000113575;ENSG00000105568;ENSG00000112640;ENSG00000157240;ENSG00000163251;ENSG00000133275;ENSG00000004975"
"REACTOME","REACTOME_COOPERATION_OF_PDCL_PHLP1_AND_TRIC_CCT_IN_G_PROTEIN_BETA_FOLDING",0.779390717644653,0.845237859688364,0.0183834051745648,0.26666812227962,0.819107945240516,36,"ENSG00000060558;ENSG00000204435;ENSG00000174021;ENSG00000162188;ENSG00000172354;ENSG00000156049;ENSG00000150753;ENSG00000120438;ENSG00000163468;ENSG00000166226;ENSG00000115484;ENSG00000127928"
"REACTOME","REACTOME_RETINOID_CYCLE_DISEASE_EVENTS",0.780894468418988,0.846218717887652,0.0177416134041926,0.336462307875406,0.768301088323335,11,"ENSG00000138207;ENSG00000118271"
"REACTOME","REACTOME_ENERGY_DEPENDENT_REGULATION_OF_MTOR_BY_LKB1_AMPK",0.782304526748971,0.847096619455174,0.0184224336360575,0.277156577306906,0.806227963601606,28,"ENSG00000188186;ENSG00000118046;ENSG00000116586;ENSG00000181929;ENSG00000149357;ENSG00000162409;ENSG00000266173;ENSG00000102547;ENSG00000167965"
"REACTOME","REACTOME_SIGNALING_BY_WNT_IN_CANCER",0.783160773588591,0.847373955790874,0.0176383777137459,-0.27290312228904,-0.808746536766379,34,"ENSG00000175029;ENSG00000154001;ENSG00000183762;ENSG00000173273;ENSG00000070018;ENSG00000068971;ENSG00000082701;ENSG00000108375;ENSG00000066027"
"REACTOME","REACTOME_EPH_EPHRIN_MEDIATED_REPULSION_OF_CELLS",0.785316163751682,0.84840583260702,0.0173587499484506,-0.255627066443389,-0.823223383176033,51,"ENSG00000145242;ENSG00000243364;ENSG00000156299;ENSG00000184349;ENSG00000154928;ENSG00000143801;ENSG00000162736;ENSG00000116106;ENSG00000125266;ENSG00000006125;ENSG00000099617;ENSG00000197122;ENSG00000146904;ENSG00000090776;ENSG00000138613;ENSG00000136238;ENSG00000080815;ENSG00000142627;ENSG00000176105;ENSG00000100985;ENSG00000141367"
"REACTOME","REACTOME_RECEPTOR_MEDIATED_MITOPHAGY",0.785073409461664,0.84840583260702,0.0182362014684999,-0.336052269735986,-0.756410294904327,11,"ENSG00000070770"
"REACTOME","REACTOME_STIMULI_SENSING_CHANNELS",0.786578891484392,0.849120332397524,0.0188115400720902,0.234527615921328,0.862504338243823,98,"ENSG00000153898;ENSG00000127325;ENSG00000119782;ENSG00000143947;ENSG00000126562;ENSG00000151572;ENSG00000213199;ENSG00000196218;ENSG00000114859;ENSG00000187688;ENSG00000130529;ENSG00000070985;ENSG00000221983;ENSG00000100991;ENSG00000141540;ENSG00000196689;ENSG00000168404;ENSG00000170315;ENSG00000162572;ENSG00000104321;ENSG00000103249;ENSG00000075142;ENSG00000150991;ENSG00000011021;ENSG00000016490;ENSG00000185101;ENSG00000083067;ENSG00000184908;ENSG00000186815;ENSG00000119121"
"REACTOME","REACTOME_MEIOSIS",0.78856526429342,0.849810672408866,0.0190107710067738,0.231302505803705,0.869012287763585,113,"ENSG00000217442;ENSG00000100918;ENSG00000196074;ENSG00000273802;ENSG00000066923;ENSG00000160789;ENSG00000132604;ENSG00000132475;ENSG00000204410;ENSG00000108384;ENSG00000158373;ENSG00000092330;ENSG00000164256;ENSG00000188486;ENSG00000180596;ENSG00000276180;ENSG00000274750;ENSG00000270882;ENSG00000197061;ENSG00000274183;ENSG00000246705;ENSG00000124635;ENSG00000277224;ENSG00000273983;ENSG00000277775;ENSG00000180573;ENSG00000166848;ENSG00000126803;ENSG00000164828;ENSG00000102977;ENSG00000276368;ENSG00000100206;ENSG00000278588;ENSG00000275714;ENSG00000197903"
"REACTOME","REACTOME_INTERACTION_BETWEEN_L1_AND_ANKYRINS",0.790227629513344,0.849810672408866,0.0175724549069424,-0.276953596322157,-0.797084570085901,30,"ENSG00000166257;ENSG00000115306;ENSG00000136546;ENSG00000196876;ENSG00000173898;ENSG00000153253;ENSG00000091129;ENSG00000163531;ENSG00000029534;ENSG00000184156;ENSG00000145362;ENSG00000151150;ENSG00000105711;ENSG00000075043;ENSG00000185313"
"REACTOME","REACTOME_NUCLEOTIDE_SALVAGE",0.789324132332048,0.849810672408866,0.0180869068184981,0.286416174943605,0.795265124730303,23,"ENSG00000130021;ENSG00000198276;ENSG00000025708;ENSG00000196839;ENSG00000156110;ENSG00000114956;ENSG00000198931;ENSG00000166548"
"REACTOME","REACTOME_PTK6_REGULATES_RHO_GTPASES_RAS_GTPASE_AND_MAP_KINASES",0.790113613713375,0.849810672408866,0.0178047072278548,0.310560745948421,0.758181001860303,14,"ENSG00000167193;ENSG00000174775;ENSG00000050820;ENSG00000145715;ENSG00000062598;ENSG00000101213"
"REACTOME","REACTOME_ACETYLCHOLINE_REGULATES_INSULIN_SECRETION",0.788613081166273,0.849810672408866,0.0176604286519966,0.340276117707951,0.755783213122425,10,"ENSG00000060558;ENSG00000156049"
"REACTOME","REACTOME_OVARIAN_TUMOR_DOMAIN_PROTEASES",0.792750358386238,0.849922453367389,0.0181555906135917,0.262339641281864,0.814970092539993,38,"ENSG00000143947;ENSG00000168884;ENSG00000068308;ENSG00000167770;ENSG00000145901;ENSG00000221983;ENSG00000170315;ENSG00000181481;ENSG00000180667;ENSG00000150991;ENSG00000072401"
"REACTOME","REACTOME_RHOBTB_GTPASE_CYCLE",0.79308934778164,0.849922453367389,0.0181250179253877,0.266674983071719,0.813932391364394,35,"ENSG00000113758;ENSG00000096384;ENSG00000105401;ENSG00000080824;ENSG00000169727;ENSG00000184009;ENSG00000092199;ENSG00000091164;ENSG00000166226;ENSG00000196586;ENSG00000146731;ENSG00000155827;ENSG00000138663;ENSG00000135624"
"REACTOME","REACTOME_NOTCH2_ACTIVATION_AND_TRANSMISSION_OF_SIGNAL_TO_THE_NUCLEUS",0.790947838441242,0.849922453367389,0.0180565012468536,0.285955647447914,0.793986420912774,23,"ENSG00000143947;ENSG00000205155;ENSG00000110492;ENSG00000221983;ENSG00000128917;ENSG00000170315;ENSG00000264343;ENSG00000150991;ENSG00000197530"
"REACTOME","REACTOME_CD28_DEPENDENT_VAV1_PATHWAY",0.79334121355398,0.849922453367389,0.0175724549069424,0.338572580008796,0.751999505924237,10,"ENSG00000149269;ENSG00000182866;ENSG00000070831"
"REACTOME","REACTOME_RUNX3_REGULATES_P14_ARF",0.792529435647584,0.849922453367389,0.0180299567810725,-0.339157431959588,-0.745784672313699,10,"ENSG00000204256;ENSG00000068024;ENSG00000100393"
"REACTOME","REACTOME_KERATAN_SULFATE_KERATIN_METABOLISM",0.794520547945205,0.850107787067548,0.0180983279705641,0.266425140332149,0.813169833526606,35,"ENSG00000174684;ENSG00000157350;ENSG00000135702;ENSG00000175040;ENSG00000176383;ENSG00000122176;ENSG00000179913;ENSG00000158850;ENSG00000117411;ENSG00000158470;ENSG00000121578;ENSG00000156966;ENSG00000110080;ENSG00000122863;ENSG00000064225;ENSG00000213614;ENSG00000139329;ENSG00000188783"
"REACTOME","REACTOME_CELLULAR_HEXOSE_TRANSPORT",0.795922446532081,0.850107787067548,0.0177379118260413,-0.29639448522691,-0.770500428500381,19,"ENSG00000117394;ENSG00000158715;ENSG00000163581;ENSG00000173214;ENSG00000100170"
"REACTOME","REACTOME_ACTIVATION_OF_RAC1",0.795536791314837,0.850107787067548,0.0178307792302109,-0.321236965666959,-0.757443713729624,13,"ENSG00000180370;ENSG00000169855;ENSG00000100485;ENSG00000115904;ENSG00000136238"
"REACTOME","REACTOME_DIFFERENTIATION_OF_NAIVE_CD_T_CELLS_TO_T_HELPER_1_CELLS_TH1_CELLS",0.79547308319739,0.850107787067548,0.0180413260953392,-0.332163211420852,-0.747656526482045,11,"ENSG00000138378;ENSG00000081985;ENSG00000186810;ENSG00000073861"
"REACTOME","REACTOME_DEPOLYMERIZATION_OF_THE_NUCLEAR_LAMINA",0.796596596596597,0.850184727433405,0.0177490198240514,-0.30896619636,-0.758207976478196,15,"ENSG00000120802;ENSG00000174106;ENSG00000113368;ENSG00000101577;ENSG00000134324;ENSG00000154229"
"REACTOME","REACTOME_GAB1_SIGNALOSOME",0.797912903873169,0.850946389931204,0.01776013762356,-0.304102374790852,-0.758909925672464,16,"ENSG00000179295;ENSG00000145675;ENSG00000109458;ENSG00000197122;ENSG00000076641;ENSG00000089159"
"REACTOME","REACTOME_MATERNAL_TO_ZYGOTIC_TRANSITION_MZT",0.799092676604018,0.851561403294244,0.0188317234491806,0.231593063818086,0.865352535471642,109,"ENSG00000239605;ENSG00000161960;ENSG00000273802;ENSG00000070756;ENSG00000141543;ENSG00000181038;ENSG00000132475;ENSG00000149115;ENSG00000137693;ENSG00000158373;ENSG00000140988;ENSG00000188486;ENSG00000180596;ENSG00000276180;ENSG00000274750;ENSG00000270882;ENSG00000076248;ENSG00000197061;ENSG00000274183;ENSG00000246705;ENSG00000124635;ENSG00000277224;ENSG00000120727;ENSG00000273983;ENSG00000277775;ENSG00000180573;ENSG00000182973;ENSG00000155508;ENSG00000276368;ENSG00000107831;ENSG00000158806;ENSG00000154582;ENSG00000278588;ENSG00000275714;ENSG00000197903;ENSG00000100836;ENSG00000184678"
"REACTOME","REACTOME_CYCLIN_D_ASSOCIATED_EVENTS_IN_G1",0.800155219247187,0.852050655789614,0.0172229890744065,-0.257238505062891,-0.813772171507152,47,"ENSG00000145604;ENSG00000114126;ENSG00000080839;ENSG00000198176;ENSG00000123374;ENSG00000123080;ENSG00000097007;ENSG00000007968;ENSG00000103479;ENSG00000197122"
"REACTOME","REACTOME_TP53_REGULATES_TRANSCRIPTION_OF_GENES_INVOLVED_IN_CYTOCHROME_C_RELEASE",0.802358113509193,0.853752566899005,0.0176163652112012,0.288548277223552,0.776916318448749,20,"ENSG00000169230;ENSG00000105327;ENSG00000087088;ENSG00000170855;ENSG00000141391;ENSG00000015475"
"REACTOME","REACTOME_PLATELET_SENSITIZATION_BY_LDL",0.80376075215043,0.854011847430931,0.0176053733258637,-0.299404863174943,-0.757842191572513,17,"ENSG00000179295;ENSG00000154001;ENSG00000112062;ENSG00000068971;ENSG00000066027"
"REACTOME","REACTOME_PHOSPHORYLATION_AND_NUCLEAR_TRANSLOCATION_OF_THE_CRY_PER_KINASE_COMPLEX",0.803811434302909,0.854011847430931,0.0176457237483459,-0.314903420158455,-0.755918264840615,14,"ENSG00000070770;ENSG00000008405"
"REACTOME","REACTOME_MTORC1_MEDIATED_SIGNALLING",0.809359104781282,0.85925944056479,0.0177527246672023,0.279267366579332,0.783419669555371,24,"ENSG00000188186;ENSG00000116586;ENSG00000149357;ENSG00000088832;ENSG00000187840;ENSG00000108443;ENSG00000167965;ENSG00000166913;ENSG00000204673;ENSG00000137154"
"REACTOME","REACTOME_TELOMERE_C_STRAND_LAGGING_STRAND_SYNTHESIS",0.810119163899199,0.859420179884049,0.0171415150521277,-0.267446881888415,-0.792577005649411,34,"ENSG00000101868;ENSG00000165392;ENSG00000132383;ENSG00000035928;ENSG00000105486;ENSG00000077514;ENSG00000133119;ENSG00000128513;ENSG00000014138;ENSG00000146143"
"REACTOME","REACTOME_SCAVENGING_OF_HEME_FROM_PLASMA",0.816626889419252,0.865673549444433,0.01728711641568,0.311031507482604,0.743904274641859,13,"ENSG00000118137;ENSG00000211644;ENSG00000110169"
"REACTOME","REACTOME_ERYTHROCYTES_TAKE_UP_CARBON_DIOXIDE_AND_RELEASE_OXYGEN",0.817904993909866,0.86637798304631,0.0175651513263851,-0.32967283087472,-0.724928664319901,10,"ENSG00000215883;ENSG00000112077;ENSG00000065615;ENSG00000004939"
"REACTOME","REACTOME_FGFR1_LIGAND_BINDING_AND_ACTIVATION",0.821407215467411,0.869205898447152,0.0172336545797434,0.301890382294059,0.737013790331745,14,"ENSG00000123159;ENSG00000011201;ENSG00000070388;ENSG00000107831;ENSG00000158815;ENSG00000113578"
"REACTOME","REACTOME_REGULATION_OF_TP53_ACTIVITY_THROUGH_ASSOCIATION_WITH_CO_FACTORS",0.821805860075743,0.869205898447152,0.017226543251617,0.301659840136914,0.736450961043255,14,"ENSG00000161642;ENSG00000172530;ENSG00000151615;ENSG00000105221"
"REACTOME","REACTOME_REGULATION_OF_PLK1_ACTIVITY_AT_G2_M_TRANSITION",0.826376977320374,0.873386446090095,0.0164908879998104,-0.234864185198003,-0.831883635672732,87,"ENSG00000106477;ENSG00000167461;ENSG00000129474;ENSG00000072803;ENSG00000103540;ENSG00000007168;ENSG00000112877;ENSG00000116127;ENSG00000139350;ENSG00000119397;ENSG00000104833;ENSG00000175216;ENSG00000249115;ENSG00000077157;ENSG00000136811;ENSG00000103995;ENSG00000101639;ENSG00000074054;ENSG00000101624;ENSG00000182923;ENSG00000092036"
"REACTOME","REACTOME_SIGNALING_BY_FGFR1_IN_DISEASE",0.831344159655645,0.87470786395959,0.0167863126474147,-0.261384066479912,-0.778309259296257,35,"ENSG00000173757;ENSG00000119397;ENSG00000213281;ENSG00000145675;ENSG00000102678;ENSG00000033327;ENSG00000109458;ENSG00000138675;ENSG00000168610;ENSG00000257923"
"REACTOME","REACTOME_DISEASES_OF_IMMUNE_SYSTEM",0.830343213728549,0.87470786395959,0.0167554370344274,-0.268383499751591,-0.766963861197223,29,"ENSG00000131323;ENSG00000110057;ENSG00000077150;ENSG00000171560;ENSG00000109320;ENSG00000174130;ENSG00000213341;ENSG00000198001"
"REACTOME","REACTOME_TRANSCRIPTIONAL_REGULATION_OF_BROWN_AND_BEIGE_ADIPOCYTE_DIFFERENTIATION",0.831194087903539,0.87470786395959,0.016700728570072,-0.26903208022403,-0.763944293822266,28,"ENSG00000186951;ENSG00000162521;ENSG00000141646;ENSG00000084676;ENSG00000211448"
"REACTOME","REACTOME_PCNA_DEPENDENT_LONG_PATCH_BASE_EXCISION_REPAIR",0.828543111992071,0.87470786395959,0.0170255172517472,-0.284146820776491,-0.755034389103153,21,"ENSG00000132383;ENSG00000035928;ENSG00000105486;ENSG00000077514;ENSG00000133119"
"REACTOME","REACTOME_REGULATION_OF_CDH11_FUNCTION",0.82952691680261,0.87470786395959,0.017423567151981,-0.320261357543798,-0.720866989223086,11,"ENSG00000149451;ENSG00000150394;ENSG00000135074;ENSG00000198561"
"REACTOME","REACTOME_POU5F1_OCT4_SOX2_NANOG_ACTIVATE_GENES_RELATED_TO_PROLIFERATION",0.829476248477466,0.87470786395959,0.0173587499484506,-0.324718422273492,-0.714034248786012,10,"ENSG00000181449;ENSG00000168610;ENSG00000146904"
"REACTOME","REACTOME_LGI_ADAM_INTERACTIONS",0.832545311268716,0.87531941884693,0.0168655543895484,0.323953781434726,0.719529867347421,10,"ENSG00000099365;ENSG00000168481;ENSG00000073670;ENSG00000106089"
"REACTOME","REACTOME_TAK1_DEPENDENT_IKK_AND_NF_KAPPA_B_ACTIVATION",0.833463338533541,0.875632614590298,0.016700728570072,-0.253952898726571,-0.785620895587027,42,"ENSG00000184979;ENSG00000102921;ENSG00000142192;ENSG00000106100;ENSG00000077150;ENSG00000157625"
"REACTOME","REACTOME_TERMINATION_OF_O_GLYCAN_BIOSYNTHESIS",0.83453237410072,0.876103875264101,0.017039521743592,0.279281390950705,0.751965224524851,20,"ENSG00000185499;ENSG00000157350;ENSG00000117983;ENSG00000176945"
"REACTOME","REACTOME_EFFECTS_OF_PIP2_HYDROLYSIS",0.837245696400626,0.878299348675842,0.0166802724046087,-0.272332614183757,-0.754888617389588,25,"ENSG00000171132;ENSG00000150995;ENSG00000058866;ENSG00000137672;ENSG00000074416;ENSG00000123104;ENSG00000157680;ENSG00000096433"
"REACTOME","REACTOME_CASPASE_ACTIVATION_VIA_DEATH_RECEPTORS_IN_THE_PRESENCE_OF_LIGAND",0.843530591775326,0.883579521948635,0.0169383339193709,-0.302363990105315,-0.725817657476333,14,"ENSG00000121858;ENSG00000003402"
"REACTOME","REACTOME_TNF_RECEPTOR_SUPERFAMILY_TNFSF_MEMBERS_MEDIATING_NON_CANONICAL_NF_KB_PATHWAY",0.843243243243243,0.883579521948635,0.0169140282844153,-0.294267016706282,-0.722135955032364,15,"ENSG00000131323"
"REACTOME","REACTOME_TP53_REGULATES_TRANSCRIPTION_OF_GENES_INVOLVED_IN_G1_CELL_CYCLE_ARREST",0.852900139525613,0.892731650860019,0.0166836795213792,0.291292881591504,0.711141802951818,14,"ENSG00000090097;ENSG00000161642"
"REACTOME","REACTOME_PECAM1_INTERACTIONS",0.854351687388988,0.893588579698704,0.016514410681541,0.301788487007942,0.707323169993684,12,"ENSG00000124181;ENSG00000182866"
"REACTOME","REACTOME_TRANSLESION_SYNTHESIS_BY_POLH",0.856171234246849,0.894828854742081,0.0166802724046087,0.277472486435039,0.736270847806544,19,"ENSG00000143947;ENSG00000070010;ENSG00000221983;ENSG00000170315;ENSG00000150991"
"REACTOME","REACTOME_YAP1_AND_WWTR1_TAZ_STIMULATED_GENE_EXPRESSION",0.858174523570712,0.895708766100653,0.0166870875350485,-0.296856163297318,-0.712596248570552,14,"ENSG00000114166;ENSG00000007866;ENSG00000064393"
"REACTOME","REACTOME_REGULATION_OF_PYRUVATE_DEHYDROGENASE_PDH_COMPLEX",0.85828184173809,0.895708766100653,0.0165920003310768,0.289385323423086,0.706484825590364,14,"ENSG00000168291;ENSG00000005882;ENSG00000110435;ENSG00000100577;ENSG00000091140"
"REACTOME","REACTOME_FATTY_ACIDS",0.860337387210671,0.897190835111867,0.0163240908435502,0.307422068355524,0.701988615555782,11,"ENSG00000100197"
"REACTOME","REACTOME_TNF_SIGNALING",0.863739435168007,0.900073861592048,0.0169905728061441,0.236723439839634,0.794764190759146,57,"ENSG00000103056;ENSG00000143947;ENSG00000100324;ENSG00000221983;ENSG00000135587;ENSG00000204628;ENSG00000103266;ENSG00000106052;ENSG00000109332;ENSG00000170315;ENSG00000168040;ENSG00000150991;ENSG00000072401;ENSG00000197530;ENSG00000156735;ENSG00000123240;ENSG00000005206;ENSG00000064012"
"REACTOME","REACTOME_RUNX1_REGULATES_GENES_INVOLVED_IN_MEGAKARYOCYTE_DIFFERENTIATION_AND_PLATELET_FUNCTION",0.864796456443788,0.90051076437952,0.0173085641536971,0.226304434576697,0.819871567305587,89,"ENSG00000273802;ENSG00000127511;ENSG00000132475;ENSG00000155363;ENSG00000158373;ENSG00000137801;ENSG00000188486;ENSG00000180596;ENSG00000276180;ENSG00000274750;ENSG00000270882;ENSG00000197061;ENSG00000274183;ENSG00000246705;ENSG00000124635;ENSG00000277224;ENSG00000162961;ENSG00000126457;ENSG00000273983;ENSG00000277775;ENSG00000196363;ENSG00000180573;ENSG00000185245;ENSG00000159216;ENSG00000276368;ENSG00000119508;ENSG00000278588;ENSG00000275714;ENSG00000197903;ENSG00000184678"
"REACTOME","REACTOME_SYNTHESIS_OF_PE",0.869098277608916,0.904323336760346,0.016649648620692,-0.300964894449968,-0.693959433757254,12,"ENSG00000134255;ENSG00000143845;ENSG00000185813;ENSG00000101577;ENSG00000138018;ENSG00000134324"
"REACTOME","REACTOME_ENDOSOMAL_VACUOLAR_PATHWAY",0.87014515496273,0.90474591959306,0.0161593903837143,0.302768235581911,0.691361734918186,11,"ENSG00000136943;ENSG00000234745;ENSG00000206503;ENSG00000166710;ENSG00000204525"
"REACTOME","REACTOME_VIRAL_MESSENGER_RNA_SYNTHESIS",0.872813336077382,0.90621147746993,0.0168138197837278,0.239902919676755,0.768752045512612,44,"ENSG00000177700;ENSG00000163882;ENSG00000100142;ENSG00000125651;ENSG00000105258;ENSG00000168002;ENSG00000099817;ENSG00000138750;ENSG00000005075;ENSG00000136243;ENSG00000213024;ENSG00000147669;ENSG00000085415"
"REACTOME","REACTOME_SEMA4D_IN_SEMAPHORIN_SIGNALING",0.872838250254323,0.90621147746993,0.0166462504417904,0.262736939603222,0.737047399863221,24,"ENSG00000092841;ENSG00000155366;ENSG00000164050;ENSG00000133392;ENSG00000105357;ENSG00000133026;ENSG00000126458;ENSG00000100345;ENSG00000182541"
"REACTOME","REACTOME_AMINO_ACIDS_REGULATE_MTORC1",0.87715893654182,0.90936007224453,0.0158872374328021,-0.237586724079739,-0.775769110464523,55,"ENSG00000164603;ENSG00000274070;ENSG00000250565;ENSG00000154803;ENSG00000177058;ENSG00000143882;ENSG00000052795;ENSG00000217128;ENSG00000109270;ENSG00000100554;ENSG00000110719;ENSG00000155097;ENSG00000130147;ENSG00000141564;ENSG00000083750;ENSG00000198793;ENSG00000198198;ENSG00000111203;ENSG00000157020;ENSG00000116954"
"REACTOME","REACTOME_RHOBTB1_GTPASE_CYCLE",0.87704433497537,0.90936007224453,0.0161103794388861,-0.263436680795951,-0.715244133186612,23,"ENSG00000138735;ENSG00000134318;ENSG00000067900;ENSG00000149532;ENSG00000133226;ENSG00000072422;ENSG00000065526"
"REACTOME","REACTOME_REGULATION_OF_PD_L1_CD274_TRANSCRIPTION",0.879254611142803,0.91086391117655,0.0155578029909961,-0.224287148226081,-0.808528294096166,96,"ENSG00000005339;ENSG00000184260;ENSG00000106462;ENSG00000007866;ENSG00000162521;ENSG00000117222;ENSG00000129691;ENSG00000118058;ENSG00000138795;ENSG00000077150;ENSG00000278463;ENSG00000055609;ENSG00000178691;ENSG00000274290;ENSG00000100393;ENSG00000116016;ENSG00000270276;ENSG00000168610;ENSG00000125740;ENSG00000109320;ENSG00000197837;ENSG00000187079"
"REACTOME","REACTOME_NF_KB_ACTIVATION_THROUGH_FADD_RIP_1_PATHWAY_MEDIATED_BY_CASPASE_8_AND_10",0.881986328910334,0.913023970983425,0.0163207765046433,-0.292592895804944,-0.689903944115721,13,"ENSG00000088888;ENSG00000115267;ENSG00000213341;ENSG00000146833;ENSG00000137275;ENSG00000104365"
"REACTOME","REACTOME_INTERLEUKIN_2_SIGNALING",0.882952691680261,0.913354725752768,0.0165110476955968,-0.298256114040269,-0.671336025658926,11,"ENSG00000160691;ENSG00000173757;ENSG00000105639"
"REACTOME","REACTOME_INLB_MEDIATED_ENTRY_OF_LISTERIA_MONOCYTOGENES_INTO_HOST_CELL",0.884162172957859,0.913936301769032,0.0161888846368252,0.277082968530787,0.688930579478541,15,"ENSG00000143947;ENSG00000221983;ENSG00000170315;ENSG00000150991;ENSG00000141985;ENSG00000185359"
"REACTOME","REACTOME_VITAMIN_B5_PANTOTHENATE_METABOLISM",0.88875550220088,0.918012267086791,0.0161397641521621,-0.266281141996686,-0.699022501244878,20,"ENSG00000120509;ENSG00000197594;ENSG00000136960"
"REACTOME","REACTOME_REGULATION_OF_PTEN_GENE_TRANSCRIPTION",0.889538525788265,0.918149414044612,0.01674858579993,0.230765670195869,0.782730815587249,61,"ENSG00000170004;ENSG00000102882;ENSG00000188186;ENSG00000111752;ENSG00000116586;ENSG00000149357;ENSG00000108840;ENSG00000167491;ENSG00000004487;ENSG00000177606;ENSG00000071655;ENSG00000141570;ENSG00000134686;ENSG00000167965;ENSG00000183741;ENSG00000121481;ENSG00000173894"
"REACTOME","REACTOME_ROS_AND_RNS_PRODUCTION_IN_PHAGOCYTES",0.891410682840931,0.91873860158496,0.0157722843078912,-0.245907509870782,-0.732225550089619,35,"ENSG00000250565;ENSG00000143882;ENSG00000185344;ENSG00000100554;ENSG00000165168;ENSG00000110719;ENSG00000155097;ENSG00000128340"
"REACTOME","REACTOME_UREA_CYCLE",0.891185410334347,0.91873860158496,0.0162843739747895,-0.291530055877147,-0.672204752881426,12,"ENSG00000130707;ENSG00000021826;ENSG00000141510;ENSG00000161653"
"REACTOME","REACTOME_CHOLESTEROL_BIOSYNTHESIS_VIA_DESMOSTEROL_BLOCH_PATHWAY",0.892434988179669,0.919123415980811,0.0158552066129287,0.297950927270873,0.661775239127586,10,"ENSG00000147383;ENSG00000052802;ENSG00000147155;ENSG00000149809"
"REACTOME","REACTOME_STRIATED_MUSCLE_CONTRACTION",0.895764200663674,0.921343776405685,0.0156677706787081,-0.247920965506446,-0.724946089203288,32,"ENSG00000167460;ENSG00000183091;ENSG00000086967;ENSG00000130595"
"REACTOME","REACTOME_STING_MEDIATED_INDUCTION_OF_HOST_IMMUNE_RESPONSES",0.895895895895896,0.921343776405685,0.0160323381553125,-0.27441616125304,-0.673421638961918,15,"ENSG00000166888;ENSG00000020922;ENSG00000253729"
"REACTOME","REACTOME_AURKA_ACTIVATION_BY_TPX2",0.899673265423794,0.923882655111562,0.0153806033334961,-0.227593362121607,-0.780943962970447,72,"ENSG00000106477;ENSG00000103540;ENSG00000007168;ENSG00000112877;ENSG00000116127;ENSG00000139350;ENSG00000119397;ENSG00000104833;ENSG00000175216;ENSG00000249115;ENSG00000136811;ENSG00000072571;ENSG00000103995;ENSG00000101639;ENSG00000074054;ENSG00000101624;ENSG00000182923;ENSG00000092036;ENSG00000117650;ENSG00000198707;ENSG00000197102;ENSG00000166037;ENSG00000174799;ENSG00000148019;ENSG00000151849;ENSG00000101004;ENSG00000196230;ENSG00000170312;ENSG00000147874;ENSG00000072062;ENSG00000142731"
"REACTOME","REACTOME_PHOSPHOLIPASE_C_MEDIATED_CASCADE_FGFR1",0.899546082494573,0.923882655111562,0.0157659269116235,0.282155487338003,0.66130791042992,12,"ENSG00000124181;ENSG00000070388;ENSG00000107831;ENSG00000158815;ENSG00000113578"
"REACTOME","REACTOME_ANTIMICROBIAL_PEPTIDES",0.902171706921047,0.925775036462586,0.0161299619767383,0.254702626132047,0.707209066596611,23,"ENSG00000177556;ENSG00000010438"
"REACTOME","REACTOME_DAP12_SIGNALING",0.903755868544601,0.926727150606374,0.0155703254673623,-0.251966456482623,-0.698434928672842,25,"ENSG00000160691;ENSG00000213281;ENSG00000145675;ENSG00000105647;ENSG00000204592;ENSG00000115904;ENSG00000136238"
"REACTOME","REACTOME_GAMMA_CARBOXYLATION_TRANSPORT_AND_AMINO_TERMINAL_CLEAVAGE_OF_PROTEINS",0.906414941128705,0.928779315583259,0.0160647994194882,-0.292678912623358,-0.643581494537172,10,"ENSG00000184500;ENSG00000115486;ENSG00000057593"
"REACTOME","REACTOME_PARACETAMOL_ADME",0.908424182358771,0.930163122183165,0.0156867127498495,-0.256424783775296,-0.6813714453662,21,"ENSG00000103222;ENSG00000125257"
"REACTOME","REACTOME_TRANSCRIPTIONAL_REGULATION_OF_GRANULOPOIESIS",0.910157068062827,0.931262159496168,0.0164573576694934,0.219882171078977,0.788358423041269,83,"ENSG00000273802;ENSG00000102554;ENSG00000160712;ENSG00000140464;ENSG00000132475;ENSG00000158373;ENSG00000188486;ENSG00000180596;ENSG00000276180;ENSG00000274750;ENSG00000270882;ENSG00000197061;ENSG00000274183;ENSG00000246705;ENSG00000124635;ENSG00000277224;ENSG00000124762;ENSG00000273983;ENSG00000131759;ENSG00000277775;ENSG00000180573;ENSG00000159216;ENSG00000276368;ENSG00000278588;ENSG00000275714;ENSG00000197903;ENSG00000184678;ENSG00000101412;ENSG00000234289"
"REACTOME","REACTOME_ASSOCIATION_OF_TRIC_CCT_WITH_TARGET_PROTEINS_DURING_BIOSYNTHESIS",0.911115651818553,0.931567922062127,0.0160843144716912,0.236724756378954,0.739708285394376,39,"ENSG00000101361;ENSG00000150753;ENSG00000107829;ENSG00000105679;ENSG00000120438;ENSG00000204351;ENSG00000163468;ENSG00000132004;ENSG00000166226;ENSG00000115484;ENSG00000140859;ENSG00000156261;ENSG00000146731;ENSG00000005812;ENSG00000135624"
"REACTOME","REACTOME_TP53_REGULATES_TRANSCRIPTION_OF_SEVERAL_ADDITIONAL_CELL_DEATH_GENES_WHOSE_SPECIFIC_ROLES_IN_P53_DEPENDENT_APOPTOSIS_REMAIN_UNCERTAIN",0.912298186167032,0.932102054173552,0.015705681553544,0.266436500507894,0.650459195254441,14,"ENSG00000115129;ENSG00000100949;ENSG00000137955;ENSG00000121380"
"REACTOME","REACTOME_POLYMERASE_SWITCHING_ON_THE_C_STRAND_OF_THE_TELOMERE",0.913240131578947,0.932389780035773,0.0161397641521621,0.249102471851848,0.711257631046256,26,"ENSG00000257949;ENSG00000107960;ENSG00000132604;ENSG00000092330;ENSG00000178971"
"REACTOME","REACTOME_DAP12_INTERACTIONS",0.91414042636417,0.932634596839746,0.0154022406737635,-0.242479561142188,-0.70339163889519,31,"ENSG00000160691;ENSG00000213281;ENSG00000145675;ENSG00000105647;ENSG00000204592;ENSG00000197046;ENSG00000115904;ENSG00000136238"
"REACTOME","REACTOME_MITOTIC_SPINDLE_CHECKPOINT",0.920386266094421,0.936167101450584,0.016649648620692,0.213716890975377,0.80129419119457,111,"ENSG00000102901;ENSG00000002822;ENSG00000177954;ENSG00000089053;ENSG00000196510;ENSG00000100401;ENSG00000090273;ENSG00000088986;ENSG00000137713;ENSG00000108106;ENSG00000110200;ENSG00000160783;ENSG00000141552;ENSG00000113575;ENSG00000170142;ENSG00000175279;ENSG00000105568;ENSG00000158560;ENSG00000130177;ENSG00000144635;ENSG00000178999;ENSG00000112640;ENSG00000101367;ENSG00000072401;ENSG00000123810;ENSG00000179051;ENSG00000176386;ENSG00000085415"
"REACTOME","REACTOME_TRANSPORT_OF_MATURE_TRANSCRIPT_TO_CYTOPLASM",0.921580928481807,0.936167101450584,0.0162546650293177,0.217398426223251,0.781265334611625,84,"ENSG00000116350;ENSG00000141543;ENSG00000162231;ENSG00000125755;ENSG00000123136;ENSG00000183684;ENSG00000205323;ENSG00000071894;ENSG00000100296;ENSG00000162385;ENSG00000119203;ENSG00000160679;ENSG00000138750;ENSG00000079134;ENSG00000163950;ENSG00000136243;ENSG00000213024;ENSG00000111786;ENSG00000205937;ENSG00000085415;ENSG00000116754;ENSG00000100227;ENSG00000160917;ENSG00000163634;ENSG00000111196;ENSG00000160201;ENSG00000161265;ENSG00000058804;ENSG00000125450;ENSG00000063244;ENSG00000151247;ENSG00000132661;ENSG00000269405;ENSG00000131652;ENSG00000265241;ENSG00000122068"
"REACTOME","REACTOME_MEIOTIC_RECOMBINATION",0.921305985768104,0.936167101450584,0.0162711616979909,0.217737388914833,0.776762562933568,81,"ENSG00000273802;ENSG00000132475;ENSG00000204410;ENSG00000108384;ENSG00000158373;ENSG00000164256;ENSG00000188486;ENSG00000180596;ENSG00000276180;ENSG00000274750;ENSG00000270882;ENSG00000197061;ENSG00000274183;ENSG00000246705;ENSG00000124635;ENSG00000277224;ENSG00000273983;ENSG00000277775;ENSG00000180573;ENSG00000276368;ENSG00000100206;ENSG00000278588;ENSG00000275714;ENSG00000197903;ENSG00000184678;ENSG00000234289"
"REACTOME","REACTOME_TRNA_PROCESSING_IN_THE_NUCLEUS",0.91939179337638,0.936167101450584,0.0162316044419672,0.224974705309526,0.758722539090076,59,"ENSG00000182173;ENSG00000241370;ENSG00000176261;ENSG00000006744;ENSG00000277209;ENSG00000167272;ENSG00000172409;ENSG00000071894;ENSG00000172336;ENSG00000163684;ENSG00000154743;ENSG00000138750;ENSG00000124787;ENSG00000178718;ENSG00000136243;ENSG00000213024;ENSG00000132341;ENSG00000085415"
"REACTOME","REACTOME_TRANSLATION_OF_REPLICASE_AND_ASSEMBLY_OF_THE_REPLICATION_TRANSCRIPTION_COMPLEX",0.92136409227683,0.936167101450584,0.0156551574343545,-0.271737437125574,-0.652299336288057,14,"ENSG00000126581;ENSG00000115561;ENSG00000130724;ENSG00000196455"
"REACTOME","REACTOME_TRANSCRIPTIONAL_REGULATION_OF_TESTIS_DIFFERENTIATION",0.918492204460233,0.936167101450584,0.0154642518289617,0.272495683835505,0.638667541002166,12,"ENSG00000139549;ENSG00000162552"
"REACTOME","REACTOME_TRANSLESION_SYNTHESIS_BY_POLK",0.922246652008795,0.936169858113888,0.0155891309703452,0.255631259492485,0.659374688086085,17,"ENSG00000143947;ENSG00000221983;ENSG00000170315;ENSG00000150991;ENSG00000116670"
"REACTOME","REACTOME_SARS_COV_2_TARGETS_HOST_INTRACELLULAR_SIGNALLING_AND_REGULATORY_PATHWAYS",0.923228734951648,0.936493515626241,0.0153898722735393,0.270014681304838,0.632852638677188,12,"ENSG00000175793;ENSG00000128245;ENSG00000105221;ENSG00000166913;ENSG00000170027"
"REACTOME","REACTOME_TRIGLYCERIDE_BIOSYNTHESIS",0.925054813633646,0.937672215973229,0.0155047113990289,0.259624936470908,0.633829925415374,14,"ENSG00000132793;ENSG00000062282;ENSG00000186281"
"REACTOME","REACTOME_ETHANOL_OXIDATION",0.93585719890153,0.94794143819868,0.0151054119895797,0.269796098090707,0.616070896907828,11,"ENSG00000131069;ENSG00000137124"
"REACTOME","REACTOME_REGULATION_OF_MITF_M_DEPENDENT_GENES_INVOLVED_IN_CELL_CYCLE_AND_PROLIFERATION",0.938160781966886,0.94959356568978,0.015312822745535,-0.249430441505188,-0.640484083378628,18,"ENSG00000105976;ENSG00000138795;ENSG00000123374;ENSG00000169375"
"REACTOME","REACTOME_O_LINKED_GLYCOSYLATION_OF_MUCINS",0.941637451020829,0.952429857336254,0.0157405274504555,0.220692417466419,0.7361891612382,55,"ENSG00000176928;ENSG00000185499;ENSG00000143641;ENSG00000157350;ENSG00000139629;ENSG00000117983;ENSG00000176945;ENSG00000176383;ENSG00000175711;ENSG00000179913;ENSG00000115339;ENSG00000158089;ENSG00000070731;ENSG00000158470;ENSG00000136542;ENSG00000156966;ENSG00000110080"
"REACTOME","REACTOME_LISTERIA_MONOCYTOGENES_ENTRY_INTO_HOST_CELLS",0.942977190876351,0.953102214400435,0.0152821241008267,-0.245113497685232,-0.643454692119895,20,"ENSG00000115145;ENSG00000105976;ENSG00000085832;ENSG00000197122;ENSG00000198561;ENSG00000105879;ENSG00000110395;ENSG00000136738;ENSG00000147010"
"REACTOME","REACTOME_HYALURONAN_DEGRADATION",0.951053159478435,0.960205779264012,0.0151965315868424,-0.256433826390218,-0.615563378110642,14,"ENSG00000026508;ENSG00000072571;ENSG00000187446;ENSG00000114378;ENSG00000049860"
"REACTOME","REACTOME_EICOSANOID_LIGAND_BINDING_RECEPTORS",0.951365357783536,0.960205779264012,0.015099358668797,0.244945242305549,0.597991960139675,14,"ENSG00000006638;ENSG00000160951;ENSG00000162881;ENSG00000213903"
"REACTOME","REACTOME_IMMUNOREGULATORY_INTERACTIONS_BETWEEN_A_LYMPHOID_AND_A_NON_LYMPHOID_CELL",0.953659048018452,0.961833268430039,0.0157977441278325,0.212383308203924,0.749528018384352,76,"ENSG00000139200;ENSG00000091972;ENSG00000198821;ENSG00000107281;ENSG00000164692;ENSG00000153563;ENSG00000160593;ENSG00000121716;ENSG00000163606;ENSG00000234745;ENSG00000069493;ENSG00000211644;ENSG00000206503"
"REACTOME","REACTOME_EICOSANOIDS",0.955745026390581,0.963249091551392,0.0152974648208013,-0.263721552065021,-0.57990618148184,10,"ENSG00000059377;ENSG00000186204"
"REACTOME","REACTOME_TNFR1_INDUCED_PROAPOPTOTIC_SIGNALING",0.962441314553991,0.969306088552236,0.0146614794357823,-0.227764367769749,-0.631348284125473,25,"ENSG00000083799;ENSG00000114316;ENSG00000110330;ENSG00000137275;ENSG00000118503;ENSG00000023445;ENSG00000158480;ENSG00000102871;ENSG00000232810"
"REACTOME","REACTOME_DEFECTIVE_PYROPTOSIS",0.967716992074232,0.973924727590032,0.0144114504883298,-0.209577995677827,-0.70943691729724,67,"ENSG00000088305;ENSG00000184260;ENSG00000106462;ENSG00000162521;ENSG00000101868;ENSG00000278463;ENSG00000178691;ENSG00000274290;ENSG00000270276;ENSG00000130816;ENSG00000197837;ENSG00000014138;ENSG00000146143;ENSG00000275713;ENSG00000197238"
"REACTOME","REACTOME_UBIQUINOL_BIOSYNTHESIS",0.96843586650583,0.973954019591334,0.0149668496047536,-0.241919190797622,-0.570420561406342,13,"ENSG00000164494;ENSG00000084090;ENSG00000167186"
"REACTOME","REACTOME_HYALURONAN_METABOLISM",0.971309025702331,0.976148287752094,0.0147940793616997,0.229403320967206,0.581438232085779,16,"ENSG00000103888;ENSG00000136011;ENSG00000090020;ENSG00000068001;ENSG00000213614;ENSG00000103044"
"REACTOME","REACTOME_REGULATION_OF_IFNG_SIGNALING",0.97255369928401,0.976703999565449,0.0147497410499638,0.233744606318958,0.559054654052617,13,"ENSG00000175354;ENSG00000116030;ENSG00000096968"
"REACTOME","REACTOME_IRF3_MEDIATED_INDUCTION_OF_TYPE_I_IFN",0.978290901914348,0.98176741542506,0.014553373130928,0.229483956248498,0.537857891815826,12,"ENSG00000126456;ENSG00000183258;ENSG00000167984;ENSG00000196419;ENSG00000110042"
"REACTOME","REACTOME_FORMATION_OF_AXIAL_MESODERM",0.981905910735826,0.984695416164053,0.0147674596544076,-0.226571680973296,-0.534232712309637,13,"ENSG00000138795;ENSG00000166949;ENSG00000081059;ENSG00000175387;ENSG00000214513;ENSG00000168036;ENSG00000197905"
"REACTOME","REACTOME_TNFR1_INDUCED_NF_KAPPA_B_SIGNALING_PATHWAY",0.983754159326678,0.98584873880005,0.0143539220847082,-0.204264409419375,-0.601460530525886,33,"ENSG00000056558;ENSG00000083799;ENSG00000114316;ENSG00000157625;ENSG00000110330;ENSG00000213341;ENSG00000137275;ENSG00000104365;ENSG00000118503;ENSG00000023445;ENSG00000158480;ENSG00000055208;ENSG00000102871;ENSG00000232810"
"REACTOME","REACTOME_OLFACTORY_SIGNALING_PATHWAY",0.990115947538491,0.991520367322233,0.0138377586335788,-0.193801004893185,-0.689206738524643,89,"ENSG00000164330;ENSG00000138031;ENSG00000183251;ENSG00000141194;ENSG00000165202"
"REACTOME","REACTOME_APOPTOSIS_INDUCED_DNA_FRAGMENTATION",0.992500493388593,0.993203895580931,0.0143453124984323,0.20784612625955,0.487143768651929,12,"ENSG00000187837;ENSG00000160049;ENSG00000164305;ENSG00000164104"
"REACTOME","REACTOME_RAP1_SIGNALLING",0.993808667864989,0.993808667864989,0.0144981753590228,0.199711047402476,0.496555412065925,15,"ENSG00000068831;ENSG00000213445;ENSG00000166913;ENSG00000091428"
