"collection","pathway","pval","padj","log2err","ES","NES","size","leadingEdge"
"GO","GOCC_RIBOSOMAL_SUBUNIT",5.00326313976331e-30,3.38820979824772e-26,1.42456271623384,0.712866478857025,2.8520801660118,178,"ENSG00000166902;ENSG00000102738;ENSG00000162910;ENSG00000125445;ENSG00000177954;ENSG00000181610;ENSG00000214026;ENSG00000062582;ENSG00000144029;ENSG00000143947;ENSG00000096080;ENSG00000108826;ENSG00000143436;ENSG00000233927;ENSG00000143314;ENSG00000083845;ENSG00000171421;ENSG00000197958;ENSG00000142541;ENSG00000061794;ENSG00000175756;ENSG00000170889;ENSG00000112306;ENSG00000137818;ENSG00000262814;ENSG00000124614;ENSG00000108107;ENSG00000177600;ENSG00000105372;ENSG00000130255;ENSG00000167526;ENSG00000105364;ENSG00000167862;ENSG00000213741;ENSG00000242485;ENSG00000198918;ENSG00000174748;ENSG00000149273;ENSG00000172590;ENSG00000179271;ENSG00000111639;ENSG00000105193;ENSG00000114391;ENSG00000101278;ENSG00000183617;ENSG00000105640;ENSG00000168028;ENSG00000116221;ENSG00000259494;ENSG00000204316;ENSG00000197756;ENSG00000186468;ENSG00000137547;ENSG00000142676;ENSG00000161016;ENSG00000106591;ENSG00000166441;ENSG00000204822;ENSG00000231500;ENSG00000109475;ENSG00000138326;ENSG00000145425;ENSG00000169288;ENSG00000165502;ENSG00000118181;ENSG00000115268;ENSG00000122026;ENSG00000146223;ENSG00000198242;ENSG00000185608;ENSG00000198755;ENSG00000149806;ENSG00000163319;ENSG00000188846;ENSG00000110700;ENSG00000174444;ENSG00000063177;ENSG00000198034;ENSG00000114686;ENSG00000221983;ENSG00000197728;ENSG00000164587;ENSG00000108298;ENSG00000136942;ENSG00000130312;ENSG00000243927;ENSG00000074071;ENSG00000158042;ENSG00000182154;ENSG00000100316;ENSG00000174547;ENSG00000204628;ENSG00000182774;ENSG00000172172;ENSG00000089009;ENSG00000265681;ENSG00000163682;ENSG00000090263;ENSG00000134419;ENSG00000129824;ENSG00000172809;ENSG00000144713;ENSG00000140988;ENSG00000182180;ENSG00000171863;ENSG00000128626;ENSG00000181163;ENSG00000116898;ENSG00000142937;ENSG00000180992;ENSG00000008988;ENSG00000131469;ENSG00000145592;ENSG00000132676;ENSG00000229117;ENSG00000162244;ENSG00000125901;ENSG00000071082;ENSG00000142534;ENSG00000278845;ENSG00000156482;ENSG00000148303;ENSG00000197345;ENSG00000135900;ENSG00000147403;ENSG00000171858;ENSG00000122406;ENSG00000241343;ENSG00000112651;ENSG00000086504;ENSG00000147604;ENSG00000172586;ENSG00000147586;ENSG00000175110;ENSG00000136522;ENSG00000136897;ENSG00000243147;ENSG00000173141;ENSG00000159111;ENSG00000181991;ENSG00000198015;ENSG00000182899;ENSG00000161970;ENSG00000137154"
"GO","GOMF_STRUCTURAL_CONSTITUENT_OF_RIBOSOME",3.75080272699942e-28,1.270021803362e-24,1.38026491759359,0.709442032470591,2.81297090465126,164,"ENSG00000166902;ENSG00000102738;ENSG00000162910;ENSG00000163584;ENSG00000125445;ENSG00000177954;ENSG00000181610;ENSG00000214026;ENSG00000062582;ENSG00000144029;ENSG00000143947;ENSG00000096080;ENSG00000108826;ENSG00000143436;ENSG00000233927;ENSG00000143314;ENSG00000083845;ENSG00000171421;ENSG00000197958;ENSG00000142541;ENSG00000061794;ENSG00000170889;ENSG00000112306;ENSG00000137818;ENSG00000262814;ENSG00000124614;ENSG00000108107;ENSG00000177600;ENSG00000105372;ENSG00000130255;ENSG00000167526;ENSG00000105364;ENSG00000213741;ENSG00000242485;ENSG00000198918;ENSG00000174748;ENSG00000149273;ENSG00000172590;ENSG00000179271;ENSG00000111639;ENSG00000105193;ENSG00000114391;ENSG00000101278;ENSG00000183617;ENSG00000105640;ENSG00000168028;ENSG00000116221;ENSG00000259494;ENSG00000197756;ENSG00000186468;ENSG00000137547;ENSG00000142676;ENSG00000161016;ENSG00000106591;ENSG00000166441;ENSG00000231500;ENSG00000109475;ENSG00000138326;ENSG00000145425;ENSG00000169288;ENSG00000165502;ENSG00000118181;ENSG00000115268;ENSG00000122026;ENSG00000146223;ENSG00000198242;ENSG00000198755;ENSG00000149806;ENSG00000163319;ENSG00000188846;ENSG00000110700;ENSG00000174444;ENSG00000063177;ENSG00000198034;ENSG00000114686;ENSG00000221983;ENSG00000197728;ENSG00000164587;ENSG00000108298;ENSG00000136942;ENSG00000130312;ENSG00000243927;ENSG00000074071;ENSG00000158042;ENSG00000182154;ENSG00000100316;ENSG00000174547;ENSG00000182774;ENSG00000172172;ENSG00000089009;ENSG00000265681;ENSG00000163682;ENSG00000090263;ENSG00000134419;ENSG00000129824;ENSG00000172809;ENSG00000144713;ENSG00000140988;ENSG00000182180;ENSG00000171863;ENSG00000128626;ENSG00000116898;ENSG00000142937;ENSG00000180992;ENSG00000008988;ENSG00000131469;ENSG00000145592;ENSG00000132676;ENSG00000229117;ENSG00000162244;ENSG00000071082;ENSG00000142534;ENSG00000278845;ENSG00000156482;ENSG00000170315;ENSG00000148303;ENSG00000197345;ENSG00000147403;ENSG00000171858;ENSG00000122406;ENSG00000241343;ENSG00000112651;ENSG00000086504"
"GO","GOBP_RIBOSOME_BIOGENESIS",1.71595370605788e-27,3.87347949914132e-24,1.3575740855908,0.587002495442179,2.50334107704429,330,"ENSG00000129347;ENSG00000188573;ENSG00000120800;ENSG00000133316;ENSG00000162851;ENSG00000116455;ENSG00000197498;ENSG00000130810;ENSG00000071462;ENSG00000108592;ENSG00000177954;ENSG00000178952;ENSG00000101546;ENSG00000143947;ENSG00000130826;ENSG00000278053;ENSG00000178105;ENSG00000278619;ENSG00000233927;ENSG00000138442;ENSG00000155393;ENSG00000227057;ENSG00000053372;ENSG00000083845;ENSG00000189306;ENSG00000124541;ENSG00000170889;ENSG00000112306;ENSG00000126749;ENSG00000178605;ENSG00000105732;ENSG00000261236;ENSG00000105372;ENSG00000073536;ENSG00000105373;ENSG00000100138;ENSG00000160214;ENSG00000112578;ENSG00000156990;ENSG00000148296;ENSG00000132591;ENSG00000136271;ENSG00000100029;ENSG00000048162;ENSG00000105671;ENSG00000145912;ENSG00000130713;ENSG00000109536;ENSG00000124784;ENSG00000105193;ENSG00000141456;ENSG00000114391;ENSG00000182810;ENSG00000101361;ENSG00000242372;ENSG00000123064;ENSG00000167721;ENSG00000138382;ENSG00000105447;ENSG00000168028;ENSG00000183751;ENSG00000179041;ENSG00000186468;ENSG00000141543;ENSG00000255561;ENSG00000070814;ENSG00000129460;ENSG00000142676;ENSG00000108561;ENSG00000111641;ENSG00000171824;ENSG00000114767;ENSG00000187051;ENSG00000241945;ENSG00000160256;ENSG00000147889;ENSG00000138326;ENSG00000104884;ENSG00000145425;ENSG00000156928;ENSG00000136045;ENSG00000118181;ENSG00000109534;ENSG00000111845;ENSG00000115268;ENSG00000165271;ENSG00000139842;ENSG00000146223;ENSG00000142684;ENSG00000149806;ENSG00000122034;ENSG00000184967;ENSG00000146909;ENSG00000107833;ENSG00000188846;ENSG00000110700;ENSG00000198034;ENSG00000198042;ENSG00000183520;ENSG00000162408;ENSG00000077348;ENSG00000164587;ENSG00000150990;ENSG00000136942;ENSG00000182117;ENSG00000198917;ENSG00000007376;ENSG00000275700;ENSG00000185163;ENSG00000120158;ENSG00000182774;ENSG00000135521;ENSG00000115946;ENSG00000117133;ENSG00000134419;ENSG00000198585;ENSG00000172809;ENSG00000007520;ENSG00000178896;ENSG00000171863;ENSG00000130305;ENSG00000158417;ENSG00000085231;ENSG00000086189;ENSG00000181163;ENSG00000115761;ENSG00000156697;ENSG00000273611;ENSG00000188739;ENSG00000142937;ENSG00000167272;ENSG00000065268;ENSG00000171806;ENSG00000131469;ENSG00000187531;ENSG00000172301;ENSG00000272047;ENSG00000079313;ENSG00000172336;ENSG00000175467;ENSG00000142534;ENSG00000198301;ENSG00000179409;ENSG00000108651;ENSG00000274523;ENSG00000165526;ENSG00000148303;ENSG00000171858;ENSG00000148300;ENSG00000188976;ENSG00000148824;ENSG00000182841;ENSG00000122406;ENSG00000171861;ENSG00000132153;ENSG00000176731;ENSG00000141076;ENSG00000117395;ENSG00000004779;ENSG00000124228;ENSG00000100865;ENSG00000134697;ENSG00000147604;ENSG00000165733;ENSG00000132382;ENSG00000150773;ENSG00000130935;ENSG00000067334;ENSG00000127804;ENSG00000075914;ENSG00000182583;ENSG00000124787;ENSG00000178718;ENSG00000087269;ENSG00000166133;ENSG00000011260;ENSG00000101181;ENSG00000122687;ENSG00000225921;ENSG00000169251;ENSG00000135372;ENSG00000182899;ENSG00000105793;ENSG00000001497;ENSG00000055044;ENSG00000161970;ENSG00000105202;ENSG00000140598;ENSG00000137154;ENSG00000130119;ENSG00000067533;ENSG00000156469;ENSG00000197223;ENSG00000104872;ENSG00000132341;ENSG00000125485;ENSG00000029639;ENSG00000173113;ENSG00000124383;ENSG00000173545"
"GO","GOBP_RRNA_METABOLIC_PROCESS",5.73282808338294e-26,9.70567794516732e-23,1.31888879607587,0.598161990375021,2.51636004613882,288,"ENSG00000155115;ENSG00000129347;ENSG00000188573;ENSG00000120800;ENSG00000133316;ENSG00000162851;ENSG00000116455;ENSG00000197498;ENSG00000130810;ENSG00000177700;ENSG00000071462;ENSG00000108592;ENSG00000177954;ENSG00000101546;ENSG00000130826;ENSG00000163882;ENSG00000278053;ENSG00000171453;ENSG00000178105;ENSG00000278619;ENSG00000233927;ENSG00000138442;ENSG00000227057;ENSG00000053372;ENSG00000189306;ENSG00000124541;ENSG00000126749;ENSG00000205045;ENSG00000261236;ENSG00000105372;ENSG00000105373;ENSG00000100138;ENSG00000160214;ENSG00000112578;ENSG00000156990;ENSG00000136271;ENSG00000100029;ENSG00000105671;ENSG00000145912;ENSG00000130713;ENSG00000109536;ENSG00000124784;ENSG00000105193;ENSG00000141456;ENSG00000101361;ENSG00000242372;ENSG00000100142;ENSG00000123064;ENSG00000167721;ENSG00000138382;ENSG00000183751;ENSG00000179041;ENSG00000141543;ENSG00000255561;ENSG00000070814;ENSG00000129460;ENSG00000142676;ENSG00000111641;ENSG00000171824;ENSG00000114767;ENSG00000241945;ENSG00000160256;ENSG00000148308;ENSG00000147889;ENSG00000138326;ENSG00000104884;ENSG00000136045;ENSG00000118181;ENSG00000127080;ENSG00000109534;ENSG00000111845;ENSG00000115268;ENSG00000165271;ENSG00000146223;ENSG00000122034;ENSG00000184967;ENSG00000107833;ENSG00000188846;ENSG00000198042;ENSG00000183520;ENSG00000162408;ENSG00000077348;ENSG00000164587;ENSG00000150990;ENSG00000136942;ENSG00000182117;ENSG00000198917;ENSG00000115053;ENSG00000007376;ENSG00000123144;ENSG00000275700;ENSG00000160570;ENSG00000185163;ENSG00000120158;ENSG00000105849;ENSG00000182774;ENSG00000115946;ENSG00000117133;ENSG00000198585;ENSG00000186868;ENSG00000007520;ENSG00000178896;ENSG00000155438;ENSG00000171863;ENSG00000130305;ENSG00000085231;ENSG00000086189;ENSG00000115761;ENSG00000156697;ENSG00000273611;ENSG00000188739;ENSG00000142937;ENSG00000167272;ENSG00000065268;ENSG00000171806;ENSG00000131469;ENSG00000187531;ENSG00000172301;ENSG00000272047;ENSG00000079313;ENSG00000172336;ENSG00000175467;ENSG00000099956;ENSG00000179409;ENSG00000108651;ENSG00000165526;ENSG00000148303;ENSG00000099817;ENSG00000171858;ENSG00000148300;ENSG00000182841;ENSG00000122406;ENSG00000171861;ENSG00000022840;ENSG00000214274;ENSG00000141076;ENSG00000117395;ENSG00000124228;ENSG00000115750;ENSG00000147604;ENSG00000013573;ENSG00000165733;ENSG00000150773;ENSG00000130935;ENSG00000067334;ENSG00000117877;ENSG00000127804;ENSG00000158796;ENSG00000075914;ENSG00000124787;ENSG00000066379;ENSG00000178718;ENSG00000087269;ENSG00000166133;ENSG00000011260;ENSG00000122687;ENSG00000225921;ENSG00000135372;ENSG00000182899;ENSG00000001497;ENSG00000055044;ENSG00000161970;ENSG00000105202;ENSG00000137154;ENSG00000147669;ENSG00000067533;ENSG00000197223;ENSG00000104872;ENSG00000029639;ENSG00000173113;ENSG00000124383"
"GO","GOBP_RRNA_PROCESSING",2.59230610182359e-24,3.51101938430987e-21,1.27903397725049,0.622896812979057,2.5660782266921,235,"ENSG00000129347;ENSG00000188573;ENSG00000120800;ENSG00000133316;ENSG00000162851;ENSG00000116455;ENSG00000197498;ENSG00000130810;ENSG00000071462;ENSG00000108592;ENSG00000177954;ENSG00000101546;ENSG00000130826;ENSG00000278053;ENSG00000178105;ENSG00000278619;ENSG00000233927;ENSG00000138442;ENSG00000227057;ENSG00000053372;ENSG00000189306;ENSG00000124541;ENSG00000126749;ENSG00000261236;ENSG00000105372;ENSG00000105373;ENSG00000100138;ENSG00000160214;ENSG00000112578;ENSG00000156990;ENSG00000136271;ENSG00000100029;ENSG00000105671;ENSG00000145912;ENSG00000130713;ENSG00000109536;ENSG00000124784;ENSG00000105193;ENSG00000141456;ENSG00000101361;ENSG00000242372;ENSG00000123064;ENSG00000167721;ENSG00000138382;ENSG00000183751;ENSG00000179041;ENSG00000141543;ENSG00000255561;ENSG00000129460;ENSG00000142676;ENSG00000111641;ENSG00000171824;ENSG00000114767;ENSG00000241945;ENSG00000160256;ENSG00000147889;ENSG00000138326;ENSG00000104884;ENSG00000136045;ENSG00000118181;ENSG00000109534;ENSG00000111845;ENSG00000115268;ENSG00000165271;ENSG00000146223;ENSG00000184967;ENSG00000107833;ENSG00000188846;ENSG00000198042;ENSG00000183520;ENSG00000162408;ENSG00000077348;ENSG00000164587;ENSG00000150990;ENSG00000136942;ENSG00000182117;ENSG00000198917;ENSG00000007376;ENSG00000275700;ENSG00000185163;ENSG00000120158;ENSG00000182774;ENSG00000115946;ENSG00000117133;ENSG00000198585;ENSG00000007520;ENSG00000178896;ENSG00000171863;ENSG00000130305;ENSG00000085231;ENSG00000086189;ENSG00000115761;ENSG00000156697;ENSG00000273611;ENSG00000188739;ENSG00000142937;ENSG00000167272;ENSG00000065268;ENSG00000171806;ENSG00000131469;ENSG00000187531;ENSG00000172301;ENSG00000272047;ENSG00000079313;ENSG00000172336;ENSG00000175467;ENSG00000179409;ENSG00000108651;ENSG00000165526;ENSG00000148303;ENSG00000171858;ENSG00000148300;ENSG00000182841;ENSG00000122406;ENSG00000171861;ENSG00000141076;ENSG00000117395;ENSG00000124228;ENSG00000147604;ENSG00000165733;ENSG00000150773;ENSG00000130935;ENSG00000067334;ENSG00000127804;ENSG00000075914;ENSG00000124787;ENSG00000178718;ENSG00000087269;ENSG00000166133;ENSG00000011260;ENSG00000122687;ENSG00000225921;ENSG00000135372;ENSG00000182899;ENSG00000001497;ENSG00000055044;ENSG00000161970;ENSG00000105202;ENSG00000137154;ENSG00000067533;ENSG00000197223;ENSG00000104872;ENSG00000029639;ENSG00000173113;ENSG00000124383"
"GO","GOCC_RIBOSOME",3.13115729483831e-23,3.53403286677417e-20,1.24623277191648,0.622283294641354,2.55478761480704,228,"ENSG00000145335;ENSG00000166902;ENSG00000102738;ENSG00000162910;ENSG00000163584;ENSG00000125445;ENSG00000177954;ENSG00000181610;ENSG00000214026;ENSG00000062582;ENSG00000144029;ENSG00000143947;ENSG00000096080;ENSG00000108826;ENSG00000143436;ENSG00000233927;ENSG00000143314;ENSG00000083845;ENSG00000171421;ENSG00000197958;ENSG00000142541;ENSG00000061794;ENSG00000175756;ENSG00000170889;ENSG00000112306;ENSG00000137818;ENSG00000262814;ENSG00000124614;ENSG00000108107;ENSG00000177600;ENSG00000105372;ENSG00000130255;ENSG00000167526;ENSG00000105364;ENSG00000167862;ENSG00000213741;ENSG00000089127;ENSG00000242485;ENSG00000198918;ENSG00000174748;ENSG00000149273;ENSG00000172590;ENSG00000179271;ENSG00000111639;ENSG00000105193;ENSG00000114391;ENSG00000101278;ENSG00000100823;ENSG00000183617;ENSG00000105640;ENSG00000168028;ENSG00000116221;ENSG00000259494;ENSG00000204316;ENSG00000197756;ENSG00000186468;ENSG00000137547;ENSG00000142676;ENSG00000161016;ENSG00000106591;ENSG00000166441;ENSG00000204822;ENSG00000231500;ENSG00000109475;ENSG00000138326;ENSG00000145425;ENSG00000169288;ENSG00000165502;ENSG00000118181;ENSG00000115268;ENSG00000122026;ENSG00000146223;ENSG00000198242;ENSG00000185608;ENSG00000198755;ENSG00000149806;ENSG00000163319;ENSG00000188846;ENSG00000110700;ENSG00000174444;ENSG00000063177;ENSG00000198034;ENSG00000114686;ENSG00000221983;ENSG00000197728;ENSG00000164587;ENSG00000108298;ENSG00000136942;ENSG00000130312;ENSG00000243927;ENSG00000074071;ENSG00000158042;ENSG00000182154;ENSG00000100316;ENSG00000174547;ENSG00000092345;ENSG00000204628;ENSG00000182774;ENSG00000172172;ENSG00000089009;ENSG00000265681;ENSG00000100325;ENSG00000163682;ENSG00000169297;ENSG00000090263;ENSG00000134419;ENSG00000129824;ENSG00000172809;ENSG00000144713;ENSG00000140988;ENSG00000182180;ENSG00000171863;ENSG00000128626;ENSG00000181163;ENSG00000116898;ENSG00000142937;ENSG00000180992;ENSG00000008988;ENSG00000131469;ENSG00000145592;ENSG00000132676;ENSG00000229117;ENSG00000162244;ENSG00000125901;ENSG00000071082;ENSG00000142534;ENSG00000278845;ENSG00000156482;ENSG00000167962;ENSG00000170315;ENSG00000148303;ENSG00000197345;ENSG00000135900;ENSG00000114416;ENSG00000147403;ENSG00000171858;ENSG00000148824;ENSG00000122406;ENSG00000241343;ENSG00000022840;ENSG00000112651;ENSG00000086504;ENSG00000163481;ENSG00000147604;ENSG00000172586;ENSG00000147586;ENSG00000175110;ENSG00000136522;ENSG00000120742;ENSG00000136897;ENSG00000243147;ENSG00000101181;ENSG00000150991;ENSG00000173141;ENSG00000159111;ENSG00000181991"
"GO","GOCC_PRERIBOSOME",1.10572162151268e-19,1.0697066886977e-16,1.14219120216838,0.719651344381155,2.68251318935121,106,"ENSG00000129347;ENSG00000188573;ENSG00000120800;ENSG00000133316;ENSG00000130810;ENSG00000108592;ENSG00000177954;ENSG00000143947;ENSG00000233927;ENSG00000138442;ENSG00000227057;ENSG00000053372;ENSG00000083845;ENSG00000189306;ENSG00000124541;ENSG00000170889;ENSG00000112306;ENSG00000126749;ENSG00000261236;ENSG00000105372;ENSG00000100138;ENSG00000160214;ENSG00000112578;ENSG00000100029;ENSG00000124784;ENSG00000105193;ENSG00000101361;ENSG00000167721;ENSG00000183751;ENSG00000179041;ENSG00000186468;ENSG00000129460;ENSG00000171824;ENSG00000114767;ENSG00000187051;ENSG00000241945;ENSG00000160256;ENSG00000138326;ENSG00000145425;ENSG00000165271;ENSG00000184967;ENSG00000110700;ENSG00000198034;ENSG00000198042;ENSG00000183520;ENSG00000164587;ENSG00000150990;ENSG00000275700;ENSG00000120158;ENSG00000182774;ENSG00000135521;ENSG00000115946;ENSG00000117133;ENSG00000134419;ENSG00000171863;ENSG00000086189;ENSG00000115761;ENSG00000156697;ENSG00000142937;ENSG00000142534;ENSG00000108651;ENSG00000188976;ENSG00000182841;ENSG00000141076;ENSG00000117395;ENSG00000165733;ENSG00000130935;ENSG00000067334;ENSG00000087269;ENSG00000011260;ENSG00000225921;ENSG00000135372;ENSG00000055044;ENSG00000105202;ENSG00000137154;ENSG00000067533;ENSG00000124383;ENSG00000173545;ENSG00000136718;ENSG00000164346;ENSG00000102309"
"GO","GOBP_RIBOSOMAL_SMALL_SUBUNIT_BIOGENESIS",2.63829889645118e-19,2.23332001584592e-16,1.13308993200902,0.715182413761601,2.69244401724646,113,"ENSG00000129347;ENSG00000120800;ENSG00000177954;ENSG00000101546;ENSG00000143947;ENSG00000278053;ENSG00000233927;ENSG00000227057;ENSG00000083845;ENSG00000189306;ENSG00000124541;ENSG00000170889;ENSG00000112306;ENSG00000126749;ENSG00000105372;ENSG00000100138;ENSG00000112578;ENSG00000148296;ENSG00000132591;ENSG00000124784;ENSG00000105193;ENSG00000101361;ENSG00000167721;ENSG00000168028;ENSG00000183751;ENSG00000179041;ENSG00000186468;ENSG00000129460;ENSG00000171824;ENSG00000114767;ENSG00000187051;ENSG00000241945;ENSG00000160256;ENSG00000138326;ENSG00000104884;ENSG00000145425;ENSG00000118181;ENSG00000115268;ENSG00000165271;ENSG00000149806;ENSG00000184967;ENSG00000146909;ENSG00000110700;ENSG00000198034;ENSG00000183520;ENSG00000164587;ENSG00000150990;ENSG00000275700;ENSG00000120158;ENSG00000182774;ENSG00000135521;ENSG00000115946;ENSG00000134419;ENSG00000007520;ENSG00000171863;ENSG00000085231;ENSG00000086189;ENSG00000181163;ENSG00000115761;ENSG00000156697;ENSG00000142937;ENSG00000272047;ENSG00000142534;ENSG00000108651;ENSG00000274523;ENSG00000171858;ENSG00000182841;ENSG00000141076;ENSG00000165733;ENSG00000130935;ENSG00000067334;ENSG00000124787;ENSG00000087269;ENSG00000011260;ENSG00000225921;ENSG00000135372;ENSG00000055044;ENSG00000105202;ENSG00000137154;ENSG00000029639;ENSG00000173113;ENSG00000124383"
"GO","GOCC_ENDOPLASMIC_RETICULUM_LUMEN",8.13794111103773e-19,6.12334857821639e-16,1.12391496374483,-0.55704175703116,-2.31233854825215,306,"ENSG00000254647;ENSG00000044574;ENSG00000155660;ENSG00000149428;ENSG00000166598;ENSG00000145050;ENSG00000102580;ENSG00000143870;ENSG00000090520;ENSG00000127022;ENSG00000179218;ENSG00000167004;ENSG00000136731;ENSG00000171812;ENSG00000166794;ENSG00000115414;ENSG00000023318;ENSG00000113273;ENSG00000164307;ENSG00000196739;ENSG00000128228;ENSG00000089597;ENSG00000084636;ENSG00000198363;ENSG00000135506;ENSG00000111186;ENSG00000071073;ENSG00000182871;ENSG00000079150;ENSG00000140284;ENSG00000132464;ENSG00000128590;ENSG00000197930;ENSG00000091136;ENSG00000090530;ENSG00000073756;ENSG00000038427;ENSG00000170558;ENSG00000169174;ENSG00000114270;ENSG00000128595;ENSG00000239264;ENSG00000115461;ENSG00000178031;ENSG00000114251;ENSG00000108219;ENSG00000134901;ENSG00000130175;ENSG00000049323;ENSG00000136378;ENSG00000185624;ENSG00000152291;ENSG00000186998;ENSG00000185010;ENSG00000170962;ENSG00000188517;ENSG00000082293;ENSG00000117385;ENSG00000166147;ENSG00000185615;ENSG00000154305;ENSG00000065485;ENSG00000186318;ENSG00000130203;ENSG00000072682;ENSG00000150687;ENSG00000163453;ENSG00000070404;ENSG00000116260;ENSG00000169436;ENSG00000087301;ENSG00000086619;ENSG00000142192;ENSG00000197461;ENSG00000158457;ENSG00000164308;ENSG00000178202;ENSG00000059377;ENSG00000115363;ENSG00000169031;ENSG00000081052;ENSG00000168785;ENSG00000198113;ENSG00000198832;ENSG00000173402;ENSG00000197565;ENSG00000187498"
"GO","GOCC_LARGE_RIBOSOMAL_SUBUNIT",1.32128313824486e-18,8.94772941219418e-16,1.11466447751729,0.709189138160288,2.65362495748208,109,"ENSG00000166902;ENSG00000162910;ENSG00000214026;ENSG00000096080;ENSG00000108826;ENSG00000143436;ENSG00000143314;ENSG00000171421;ENSG00000197958;ENSG00000142541;ENSG00000137818;ENSG00000262814;ENSG00000108107;ENSG00000177600;ENSG00000130255;ENSG00000167526;ENSG00000105364;ENSG00000167862;ENSG00000242485;ENSG00000198918;ENSG00000174748;ENSG00000172590;ENSG00000179271;ENSG00000111639;ENSG00000114391;ENSG00000183617;ENSG00000105640;ENSG00000116221;ENSG00000259494;ENSG00000204316;ENSG00000197756;ENSG00000137547;ENSG00000142676;ENSG00000161016;ENSG00000106591;ENSG00000166441;ENSG00000204822;ENSG00000109475;ENSG00000169288;ENSG00000165502;ENSG00000122026;ENSG00000146223;ENSG00000198242;ENSG00000185608;ENSG00000198755;ENSG00000188846;ENSG00000174444;ENSG00000063177;ENSG00000114686;ENSG00000221983;ENSG00000108298;ENSG00000136942;ENSG00000130312;ENSG00000158042;ENSG00000182154;ENSG00000100316;ENSG00000174547;ENSG00000172172;ENSG00000089009;ENSG00000265681;ENSG00000163682;ENSG00000172809;ENSG00000144713;ENSG00000181163;ENSG00000180992;ENSG00000131469;ENSG00000145592;ENSG00000229117;ENSG00000162244;ENSG00000071082;ENSG00000278845;ENSG00000156482;ENSG00000148303;ENSG00000197345;ENSG00000135900;ENSG00000147403;ENSG00000122406;ENSG00000241343;ENSG00000112651;ENSG00000086504;ENSG00000147604;ENSG00000136522;ENSG00000136897;ENSG00000243147;ENSG00000173141;ENSG00000159111;ENSG00000198015;ENSG00000182899;ENSG00000161970"
"GO","GOBP_MITOCHONDRIAL_GENE_EXPRESSION",6.92562408954841e-18,4.26366603040199e-15,1.0959292864312,0.622446423350666,2.47136113751303,169,"ENSG00000166902;ENSG00000102738;ENSG00000162851;ENSG00000143374;ENSG00000162910;ENSG00000125445;ENSG00000167112;ENSG00000178952;ENSG00000177192;ENSG00000181610;ENSG00000214026;ENSG00000062582;ENSG00000104835;ENSG00000144029;ENSG00000096080;ENSG00000108826;ENSG00000119705;ENSG00000143436;ENSG00000143314;ENSG00000156502;ENSG00000171421;ENSG00000061794;ENSG00000175756;ENSG00000262814;ENSG00000107815;ENSG00000137288;ENSG00000101391;ENSG00000105364;ENSG00000156990;ENSG00000112031;ENSG00000167862;ENSG00000242485;ENSG00000172590;ENSG00000179271;ENSG00000111639;ENSG00000183617;ENSG00000116221;ENSG00000259494;ENSG00000204316;ENSG00000164896;ENSG00000137547;ENSG00000108561;ENSG00000106591;ENSG00000204822;ENSG00000155463;ENSG00000006744;ENSG00000072506;ENSG00000156928;ENSG00000169288;ENSG00000185608;ENSG00000163319;ENSG00000114686;ENSG00000130312;ENSG00000243927;ENSG00000136270;ENSG00000074071;ENSG00000158042;ENSG00000182154;ENSG00000174547;ENSG00000130348;ENSG00000172172;ENSG00000183978;ENSG00000124608;ENSG00000090263;ENSG00000182180;ENSG00000128626;ENSG00000116898;ENSG00000180992;ENSG00000116874;ENSG00000132676;ENSG00000125901;ENSG00000171612;ENSG00000278845;ENSG00000100601;ENSG00000165526;ENSG00000197345;ENSG00000135900;ENSG00000148824;ENSG00000112651;ENSG00000086504;ENSG00000136463;ENSG00000059691;ENSG00000127989;ENSG00000172586;ENSG00000147586;ENSG00000175110;ENSG00000136522;ENSG00000123297;ENSG00000136897;ENSG00000103510;ENSG00000243147;ENSG00000101181;ENSG00000173141;ENSG00000159111;ENSG00000181991;ENSG00000198015;ENSG00000101574;ENSG00000156469;ENSG00000029639;ENSG00000055950;ENSG00000146282;ENSG00000154719"
"GO","GOCC_MITOCHONDRIAL_PROTEIN_CONTAINING_COMPLEX",3.97083938466306e-17,2.24087702607819e-14,1.06720998682811,0.606011533677229,2.42849269124388,182,"ENSG00000108179;ENSG00000166902;ENSG00000102738;ENSG00000162910;ENSG00000167085;ENSG00000125445;ENSG00000005059;ENSG00000181610;ENSG00000214026;ENSG00000062582;ENSG00000144029;ENSG00000174917;ENSG00000096080;ENSG00000108826;ENSG00000143436;ENSG00000143314;ENSG00000156502;ENSG00000171421;ENSG00000061794;ENSG00000175756;ENSG00000262814;ENSG00000250479;ENSG00000105364;ENSG00000167862;ENSG00000242485;ENSG00000104980;ENSG00000007923;ENSG00000172590;ENSG00000179271;ENSG00000217930;ENSG00000111639;ENSG00000126768;ENSG00000214736;ENSG00000183617;ENSG00000130159;ENSG00000116221;ENSG00000259494;ENSG00000204316;ENSG00000158882;ENSG00000215021;ENSG00000125995;ENSG00000137547;ENSG00000173171;ENSG00000106591;ENSG00000128654;ENSG00000151729;ENSG00000204822;ENSG00000132305;ENSG00000072506;ENSG00000169288;ENSG00000100575;ENSG00000120675;ENSG00000105197;ENSG00000185608;ENSG00000163319;ENSG00000214113;ENSG00000114686;ENSG00000137806;ENSG00000130204;ENSG00000130312;ENSG00000243927;ENSG00000010256;ENSG00000113013;ENSG00000074071;ENSG00000158042;ENSG00000134809;ENSG00000150779;ENSG00000182154;ENSG00000174547;ENSG00000172172;ENSG00000090263;ENSG00000136003;ENSG00000182180;ENSG00000087088;ENSG00000128626;ENSG00000116898;ENSG00000180992;ENSG00000099800;ENSG00000148950;ENSG00000132676;ENSG00000125901;ENSG00000100347;ENSG00000278845;ENSG00000165487;ENSG00000197912;ENSG00000142444;ENSG00000197345;ENSG00000135900;ENSG00000196683;ENSG00000112651;ENSG00000183172;ENSG00000086504;ENSG00000004779;ENSG00000256525;ENSG00000175768;ENSG00000172586;ENSG00000147586;ENSG00000175110;ENSG00000136522;ENSG00000136897;ENSG00000243147;ENSG00000173141;ENSG00000159111;ENSG00000181991"
"GO","GOCC_CYTOSOLIC_RIBOSOME",1.36689137508491e-16,7.12045260928847e-14,1.04762648849882,0.67954293267711,2.5681356231359,116,"ENSG00000177954;ENSG00000143947;ENSG00000233927;ENSG00000083845;ENSG00000197958;ENSG00000142541;ENSG00000170889;ENSG00000112306;ENSG00000137818;ENSG00000124614;ENSG00000108107;ENSG00000177600;ENSG00000105372;ENSG00000130255;ENSG00000167526;ENSG00000213741;ENSG00000198918;ENSG00000174748;ENSG00000149273;ENSG00000105193;ENSG00000114391;ENSG00000101278;ENSG00000105640;ENSG00000168028;ENSG00000197756;ENSG00000186468;ENSG00000142676;ENSG00000161016;ENSG00000166441;ENSG00000231500;ENSG00000109475;ENSG00000138326;ENSG00000145425;ENSG00000165502;ENSG00000118181;ENSG00000115268;ENSG00000122026;ENSG00000146223;ENSG00000198242;ENSG00000198755;ENSG00000149806;ENSG00000188846;ENSG00000110700;ENSG00000174444;ENSG00000063177;ENSG00000198034;ENSG00000221983;ENSG00000197728;ENSG00000164587;ENSG00000108298;ENSG00000136942;ENSG00000100316;ENSG00000204628;ENSG00000182774;ENSG00000089009;ENSG00000265681;ENSG00000100325;ENSG00000163682;ENSG00000134419;ENSG00000129824;ENSG00000172809;ENSG00000144713;ENSG00000140988;ENSG00000171863;ENSG00000142937;ENSG00000008988;ENSG00000131469;ENSG00000145592;ENSG00000229117;ENSG00000162244;ENSG00000071082;ENSG00000142534;ENSG00000156482;ENSG00000167962;ENSG00000170315;ENSG00000148303;ENSG00000147403;ENSG00000171858;ENSG00000122406;ENSG00000241343;ENSG00000022840;ENSG00000163481;ENSG00000147604"
"GO","GOBP_CYTOPLASMIC_TRANSLATION",4.73282710171388e-16,2.28933608091474e-13,1.02766987054358,0.602260416104672,2.39694624504952,172,"ENSG00000214575;ENSG00000067225;ENSG00000135632;ENSG00000115211;ENSG00000163584;ENSG00000177954;ENSG00000143947;ENSG00000233927;ENSG00000161960;ENSG00000083845;ENSG00000197958;ENSG00000142541;ENSG00000170889;ENSG00000112306;ENSG00000137818;ENSG00000124614;ENSG00000108107;ENSG00000177600;ENSG00000105372;ENSG00000130255;ENSG00000167526;ENSG00000108591;ENSG00000175390;ENSG00000213741;ENSG00000145191;ENSG00000198918;ENSG00000161642;ENSG00000174748;ENSG00000149273;ENSG00000070756;ENSG00000105193;ENSG00000114391;ENSG00000105640;ENSG00000168028;ENSG00000111832;ENSG00000197756;ENSG00000186468;ENSG00000142676;ENSG00000161016;ENSG00000166441;ENSG00000205609;ENSG00000231500;ENSG00000104529;ENSG00000109475;ENSG00000138326;ENSG00000145425;ENSG00000165502;ENSG00000118181;ENSG00000115268;ENSG00000122026;ENSG00000198242;ENSG00000198755;ENSG00000149806;ENSG00000065978;ENSG00000188846;ENSG00000110700;ENSG00000174444;ENSG00000063177;ENSG00000198034;ENSG00000221983;ENSG00000197728;ENSG00000164587;ENSG00000108298;ENSG00000106263;ENSG00000136942;ENSG00000104131;ENSG00000084623;ENSG00000100316;ENSG00000232119;ENSG00000204628;ENSG00000182774;ENSG00000089009;ENSG00000265681;ENSG00000163682;ENSG00000111640;ENSG00000134419;ENSG00000172809;ENSG00000144713;ENSG00000140988;ENSG00000171863;ENSG00000142937;ENSG00000008988;ENSG00000149100;ENSG00000131469;ENSG00000130811;ENSG00000145592;ENSG00000229117;ENSG00000162244;ENSG00000071082;ENSG00000142534;ENSG00000156482;ENSG00000132478;ENSG00000148303;ENSG00000065548;ENSG00000070785;ENSG00000147403;ENSG00000171858;ENSG00000122406;ENSG00000178982;ENSG00000185721;ENSG00000241343"
"GO","GOBP_OXIDATIVE_PHOSPHORYLATION",1.92045538987684e-15,8.13800089325801e-13,1.00731795687447,0.624374558635284,2.43137700526605,145,"ENSG00000108179;ENSG00000145335;ENSG00000176410;ENSG00000189043;ENSG00000009950;ENSG00000125648;ENSG00000183648;ENSG00000267855;ENSG00000152234;ENSG00000154723;ENSG00000241837;ENSG00000186010;ENSG00000099624;ENSG00000164919;ENSG00000241468;ENSG00000137288;ENSG00000178741;ENSG00000158828;ENSG00000131143;ENSG00000178127;ENSG00000169021;ENSG00000213619;ENSG00000184076;ENSG00000166136;ENSG00000160194;ENSG00000110717;ENSG00000164258;ENSG00000130414;ENSG00000174886;ENSG00000145494;ENSG00000090266;ENSG00000140990;ENSG00000099795;ENSG00000124172;ENSG00000139180;ENSG00000169020;ENSG00000179091;ENSG00000170906;ENSG00000116288;ENSG00000120675;ENSG00000147684;ENSG00000167985;ENSG00000147123;ENSG00000126267;ENSG00000233954;ENSG00000167792;ENSG00000137806;ENSG00000111775;ENSG00000112695;ENSG00000010256;ENSG00000117118;ENSG00000127540;ENSG00000131495;ENSG00000116459;ENSG00000173660;ENSG00000136003;ENSG00000165283;ENSG00000110955;ENSG00000168653;ENSG00000127184;ENSG00000164405;ENSG00000135940;ENSG00000115286;ENSG00000151366;ENSG00000171612;ENSG00000109390;ENSG00000184752;ENSG00000204922;ENSG00000178074;ENSG00000167283;ENSG00000114956;ENSG00000229344;ENSG00000004779;ENSG00000073578;ENSG00000103254;ENSG00000140740;ENSG00000119421;ENSG00000156467;ENSG00000015475;ENSG00000106153;ENSG00000184983;ENSG00000131174;ENSG00000125356;ENSG00000165629;ENSG00000176340;ENSG00000065518"
"GO","GOBP_MITOCHONDRION_ORGANIZATION",1.92274090803497e-15,8.13800089325801e-13,1.00731795687447,0.470114511470473,2.04892668720704,408,"ENSG00000108179;ENSG00000145335;ENSG00000175567;ENSG00000115317;ENSG00000242114;ENSG00000108828;ENSG00000224877;ENSG00000118508;ENSG00000161011;ENSG00000233276;ENSG00000167085;ENSG00000105341;ENSG00000105971;ENSG00000174917;ENSG00000119705;ENSG00000198060;ENSG00000132361;ENSG00000196365;ENSG00000063761;ENSG00000160014;ENSG00000104081;ENSG00000163528;ENSG00000006695;ENSG00000156502;ENSG00000186010;ENSG00000099624;ENSG00000250479;ENSG00000004142;ENSG00000175606;ENSG00000130766;ENSG00000178307;ENSG00000137288;ENSG00000164073;ENSG00000178449;ENSG00000160072;ENSG00000164898;ENSG00000158828;ENSG00000250317;ENSG00000171100;ENSG00000114023;ENSG00000007923;ENSG00000169021;ENSG00000140939;ENSG00000215712;ENSG00000124523;ENSG00000213619;ENSG00000214736;ENSG00000205138;ENSG00000074582;ENSG00000168569;ENSG00000181924;ENSG00000110717;ENSG00000130159;ENSG00000171953;ENSG00000164258;ENSG00000160789;ENSG00000215021;ENSG00000188906;ENSG00000145494;ENSG00000215915;ENSG00000125995;ENSG00000166896;ENSG00000168273;ENSG00000173171;ENSG00000128654;ENSG00000148343;ENSG00000151729;ENSG00000155463;ENSG00000106028;ENSG00000017797;ENSG00000214253;ENSG00000132305;ENSG00000072506;ENSG00000113163;ENSG00000100575;ENSG00000204389;ENSG00000174109;ENSG00000116288;ENSG00000197785;ENSG00000105197;ENSG00000125652;ENSG00000175793;ENSG00000167985;ENSG00000125656;ENSG00000204954;ENSG00000144381;ENSG00000117305;ENSG00000169230;ENSG00000137806;ENSG00000123472;ENSG00000139197;ENSG00000178209;ENSG00000130204;ENSG00000176720;ENSG00000112425;ENSG00000162600;ENSG00000213190;ENSG00000113013;ENSG00000100523;ENSG00000134809;ENSG00000150779;ENSG00000178057;ENSG00000103490;ENSG00000030110;ENSG00000183978;ENSG00000143543;ENSG00000138495;ENSG00000138698;ENSG00000167136;ENSG00000186868;ENSG00000123892;ENSG00000165283;ENSG00000105327;ENSG00000087088;ENSG00000165714;ENSG00000146066;ENSG00000133983;ENSG00000168653;ENSG00000096092;ENSG00000164362;ENSG00000165637;ENSG00000171246;ENSG00000178568;ENSG00000187531;ENSG00000099800;ENSG00000115286;ENSG00000132676;ENSG00000170855;ENSG00000151366;ENSG00000126709;ENSG00000140983;ENSG00000102125;ENSG00000186642;ENSG00000171612;ENSG00000100347;ENSG00000159363;ENSG00000143575;ENSG00000167315;ENSG00000274523;ENSG00000197912;ENSG00000142444;ENSG00000204922;ENSG00000105357;ENSG00000122386;ENSG00000196683;ENSG00000137409;ENSG00000123545;ENSG00000229833;ENSG00000105723;ENSG00000256525;ENSG00000175768;ENSG00000136463;ENSG00000154079;ENSG00000162377;ENSG00000015475;ENSG00000106153;ENSG00000166323;ENSG00000108797;ENSG00000165943;ENSG00000090020;ENSG00000184983;ENSG00000101247;ENSG00000164182;ENSG00000168275;ENSG00000241878;ENSG00000156170;ENSG00000143919;ENSG00000001084;ENSG00000162972;ENSG00000184990;ENSG00000117640;ENSG00000177427;ENSG00000170791;ENSG00000181284;ENSG00000113845;ENSG00000069509;ENSG00000137463;ENSG00000159445;ENSG00000113272;ENSG00000005022;ENSG00000148290;ENSG00000006625;ENSG00000171202"
"GO","GOBP_MITOCHONDRIAL_TRANSLATION",2.06584674062914e-15,8.22936125149441e-13,1.00731795687447,0.647788523665729,2.48385491010239,130,"ENSG00000166902;ENSG00000102738;ENSG00000143374;ENSG00000162910;ENSG00000125445;ENSG00000167112;ENSG00000178952;ENSG00000181610;ENSG00000214026;ENSG00000062582;ENSG00000104835;ENSG00000144029;ENSG00000096080;ENSG00000108826;ENSG00000143436;ENSG00000143314;ENSG00000171421;ENSG00000061794;ENSG00000175756;ENSG00000262814;ENSG00000137288;ENSG00000101391;ENSG00000105364;ENSG00000156990;ENSG00000112031;ENSG00000167862;ENSG00000242485;ENSG00000172590;ENSG00000179271;ENSG00000111639;ENSG00000183617;ENSG00000116221;ENSG00000259494;ENSG00000204316;ENSG00000137547;ENSG00000108561;ENSG00000106591;ENSG00000204822;ENSG00000155463;ENSG00000156928;ENSG00000169288;ENSG00000185608;ENSG00000163319;ENSG00000114686;ENSG00000130312;ENSG00000243927;ENSG00000074071;ENSG00000158042;ENSG00000182154;ENSG00000174547;ENSG00000130348;ENSG00000172172;ENSG00000183978;ENSG00000124608;ENSG00000090263;ENSG00000182180;ENSG00000128626;ENSG00000116898;ENSG00000180992;ENSG00000116874;ENSG00000132676;ENSG00000125901;ENSG00000278845;ENSG00000100601;ENSG00000165526;ENSG00000197345;ENSG00000135900;ENSG00000148824;ENSG00000112651;ENSG00000086504;ENSG00000136463;ENSG00000059691;ENSG00000172586;ENSG00000147586;ENSG00000175110;ENSG00000136522;ENSG00000123297;ENSG00000136897;ENSG00000243147;ENSG00000101181;ENSG00000173141;ENSG00000159111;ENSG00000181991"
"GO","GOCC_ORGANELLAR_RIBOSOME",4.15220441388517e-15,1.5621515717128e-12,0.99698621753318,0.716025879012732,2.56254399652929,84,"ENSG00000166902;ENSG00000102738;ENSG00000162910;ENSG00000125445;ENSG00000181610;ENSG00000214026;ENSG00000062582;ENSG00000144029;ENSG00000096080;ENSG00000108826;ENSG00000143436;ENSG00000143314;ENSG00000171421;ENSG00000061794;ENSG00000175756;ENSG00000262814;ENSG00000105364;ENSG00000167862;ENSG00000242485;ENSG00000172590;ENSG00000179271;ENSG00000111639;ENSG00000183617;ENSG00000116221;ENSG00000259494;ENSG00000204316;ENSG00000137547;ENSG00000106591;ENSG00000204822;ENSG00000169288;ENSG00000185608;ENSG00000163319;ENSG00000114686;ENSG00000130312;ENSG00000243927;ENSG00000074071;ENSG00000158042;ENSG00000182154;ENSG00000174547;ENSG00000172172;ENSG00000090263;ENSG00000182180;ENSG00000128626;ENSG00000116898;ENSG00000180992;ENSG00000132676;ENSG00000125901;ENSG00000278845;ENSG00000197345;ENSG00000135900;ENSG00000148824;ENSG00000112651;ENSG00000086504;ENSG00000172586;ENSG00000147586;ENSG00000175110;ENSG00000136522;ENSG00000136897;ENSG00000243147;ENSG00000101181;ENSG00000173141;ENSG00000159111;ENSG00000181991;ENSG00000198015"
"GO","GOCC_RESPIRATORY_CHAIN_COMPLEX",4.47936322391929e-14,1.59653935538849e-11,0.965327754226083,0.657639399538766,2.47581209034586,113,"ENSG00000189043;ENSG00000183648;ENSG00000267855;ENSG00000152234;ENSG00000154723;ENSG00000241837;ENSG00000186010;ENSG00000099624;ENSG00000164919;ENSG00000241468;ENSG00000178741;ENSG00000131143;ENSG00000178127;ENSG00000169021;ENSG00000213619;ENSG00000184076;ENSG00000166136;ENSG00000160194;ENSG00000074582;ENSG00000110717;ENSG00000164258;ENSG00000130414;ENSG00000174886;ENSG00000145494;ENSG00000090266;ENSG00000140990;ENSG00000099795;ENSG00000124172;ENSG00000139180;ENSG00000169020;ENSG00000179091;ENSG00000170906;ENSG00000147684;ENSG00000147123;ENSG00000159199;ENSG00000126267;ENSG00000233954;ENSG00000167792;ENSG00000111775;ENSG00000112695;ENSG00000010256;ENSG00000166920;ENSG00000117118;ENSG00000127540;ENSG00000131495;ENSG00000116459;ENSG00000173660;ENSG00000110955;ENSG00000168653;ENSG00000127184;ENSG00000125375;ENSG00000164405;ENSG00000135940;ENSG00000115286;ENSG00000151366;ENSG00000156411;ENSG00000109390;ENSG00000184752;ENSG00000135390;ENSG00000167283;ENSG00000229344;ENSG00000004779;ENSG00000073578;ENSG00000140740;ENSG00000119421;ENSG00000156467;ENSG00000184983;ENSG00000164182;ENSG00000131174;ENSG00000125356;ENSG00000165629;ENSG00000176340;ENSG00000065518;ENSG00000148290;ENSG00000249222"
"GO","GOCC_ENDOPLASMIC_RETICULUM_PROTEIN_CONTAINING_COMPLEX",9.34304278645362e-14,3.1635542874932e-11,0.954541630725724,-0.647495450318232,-2.43413032886774,128,"ENSG00000044574;ENSG00000149428;ENSG00000051108;ENSG00000166598;ENSG00000143870;ENSG00000090520;ENSG00000179218;ENSG00000134910;ENSG00000167004;ENSG00000145495;ENSG00000071537;ENSG00000166794;ENSG00000102158;ENSG00000145626;ENSG00000128228;ENSG00000089597;ENSG00000135506;ENSG00000163527;ENSG00000129128;ENSG00000163902;ENSG00000124783;ENSG00000130714;ENSG00000198856;ENSG00000244038;ENSG00000135249;ENSG00000185104;ENSG00000151348;ENSG00000162298;ENSG00000178607;ENSG00000161671;ENSG00000025796;ENSG00000149084;ENSG00000113194;ENSG00000130175;ENSG00000058262;ENSG00000118363;ENSG00000185624;ENSG00000136986;ENSG00000151779"
"GO","GOCC_SMALL_RIBOSOMAL_SUBUNIT",1.34850053914999e-13,4.34859316720177e-11,0.943632225232838,0.7285218625866,2.53414339512531,72,"ENSG00000102738;ENSG00000125445;ENSG00000177954;ENSG00000181610;ENSG00000062582;ENSG00000144029;ENSG00000143947;ENSG00000096080;ENSG00000233927;ENSG00000083845;ENSG00000061794;ENSG00000175756;ENSG00000170889;ENSG00000112306;ENSG00000124614;ENSG00000105372;ENSG00000213741;ENSG00000149273;ENSG00000105193;ENSG00000101278;ENSG00000168028;ENSG00000186468;ENSG00000231500;ENSG00000138326;ENSG00000145425;ENSG00000118181;ENSG00000115268;ENSG00000149806;ENSG00000163319;ENSG00000110700;ENSG00000198034;ENSG00000197728;ENSG00000164587;ENSG00000243927;ENSG00000074071;ENSG00000204628;ENSG00000182774;ENSG00000090263;ENSG00000134419;ENSG00000129824;ENSG00000140988;ENSG00000182180;ENSG00000171863;ENSG00000128626;ENSG00000181163;ENSG00000116898;ENSG00000142937;ENSG00000008988;ENSG00000132676;ENSG00000125901;ENSG00000142534;ENSG00000171858;ENSG00000172586;ENSG00000147586;ENSG00000175110"
"GO","GOBP_ATP_SYNTHESIS_COUPLED_ELECTRON_TRANSPORT",3.96141594461687e-13,1.21939585349752e-10,0.932595211336209,0.662155360325632,2.44230093925134,99,"ENSG00000145335;ENSG00000189043;ENSG00000183648;ENSG00000267855;ENSG00000164919;ENSG00000178741;ENSG00000158828;ENSG00000131143;ENSG00000178127;ENSG00000169021;ENSG00000213619;ENSG00000184076;ENSG00000166136;ENSG00000160194;ENSG00000110717;ENSG00000164258;ENSG00000130414;ENSG00000174886;ENSG00000145494;ENSG00000090266;ENSG00000140990;ENSG00000099795;ENSG00000139180;ENSG00000179091;ENSG00000170906;ENSG00000116288;ENSG00000120675;ENSG00000147684;ENSG00000167985;ENSG00000126267;ENSG00000233954;ENSG00000167792;ENSG00000137806;ENSG00000111775;ENSG00000112695;ENSG00000010256;ENSG00000117118;ENSG00000127540;ENSG00000131495;ENSG00000173660;ENSG00000136003;ENSG00000168653;ENSG00000127184;ENSG00000164405;ENSG00000135940;ENSG00000115286;ENSG00000151366;ENSG00000109390;ENSG00000184752;ENSG00000204922;ENSG00000114956;ENSG00000229344;ENSG00000004779;ENSG00000073578;ENSG00000140740;ENSG00000119421;ENSG00000156467;ENSG00000015475;ENSG00000106153;ENSG00000184983;ENSG00000131174;ENSG00000125356;ENSG00000176340;ENSG00000065518"
"GO","GOBP_RIBOSOMAL_LARGE_SUBUNIT_BIOGENESIS",4.2957678211542e-13,1.26482346455897e-10,0.932595211336209,0.692101321025295,2.44362270715623,78,"ENSG00000133316;ENSG00000197498;ENSG00000130810;ENSG00000108592;ENSG00000178952;ENSG00000138442;ENSG00000155393;ENSG00000053372;ENSG00000178605;ENSG00000261236;ENSG00000073536;ENSG00000105373;ENSG00000148296;ENSG00000100029;ENSG00000048162;ENSG00000141456;ENSG00000114391;ENSG00000182810;ENSG00000242372;ENSG00000179041;ENSG00000142676;ENSG00000111641;ENSG00000156928;ENSG00000111845;ENSG00000146223;ENSG00000122034;ENSG00000188846;ENSG00000198042;ENSG00000162408;ENSG00000136942;ENSG00000117133;ENSG00000181163;ENSG00000273611;ENSG00000188739;ENSG00000065268;ENSG00000198301;ENSG00000274523;ENSG00000148303;ENSG00000188976;ENSG00000148824;ENSG00000122406;ENSG00000171861;ENSG00000132153;ENSG00000117395;ENSG00000004779;ENSG00000100865;ENSG00000147604;ENSG00000101181;ENSG00000122687;ENSG00000182899;ENSG00000105793;ENSG00000001497;ENSG00000161970;ENSG00000067533;ENSG00000173113;ENSG00000173545;ENSG00000117481;ENSG00000164346;ENSG00000117174"
"GO","GOBP_ELECTRON_TRANSPORT_CHAIN",1.08895494417187e-12,3.07266786747162e-10,0.910119734774459,0.623640124973148,2.37371800179726,123,"ENSG00000145335;ENSG00000189043;ENSG00000100867;ENSG00000183648;ENSG00000267855;ENSG00000171503;ENSG00000164919;ENSG00000178741;ENSG00000158828;ENSG00000131143;ENSG00000178127;ENSG00000169021;ENSG00000213619;ENSG00000184076;ENSG00000166136;ENSG00000160194;ENSG00000110717;ENSG00000164258;ENSG00000130414;ENSG00000174886;ENSG00000145494;ENSG00000090266;ENSG00000140990;ENSG00000099795;ENSG00000139180;ENSG00000179091;ENSG00000170906;ENSG00000116288;ENSG00000120675;ENSG00000147684;ENSG00000167985;ENSG00000126267;ENSG00000233954;ENSG00000167792;ENSG00000137806;ENSG00000178209;ENSG00000111775;ENSG00000112695;ENSG00000010256;ENSG00000117118;ENSG00000127540;ENSG00000131495;ENSG00000173660;ENSG00000136003;ENSG00000004961;ENSG00000168653;ENSG00000127184;ENSG00000164405;ENSG00000135940;ENSG00000115286;ENSG00000151366;ENSG00000127948;ENSG00000109390;ENSG00000184752;ENSG00000204922;ENSG00000140374;ENSG00000114956;ENSG00000229344;ENSG00000004779;ENSG00000073578;ENSG00000140740;ENSG00000119421;ENSG00000156467;ENSG00000015475;ENSG00000106153;ENSG00000267673;ENSG00000132382;ENSG00000184983;ENSG00000131174;ENSG00000125356;ENSG00000176340;ENSG00000065518"
"GO","GOCC_SMALL_SUBUNIT_PROCESSOME",1.52735231002625e-12,4.13729193739911e-10,0.910119734774459,0.716039798369533,2.5050099161585,74,"ENSG00000188573;ENSG00000120800;ENSG00000177954;ENSG00000143947;ENSG00000233927;ENSG00000227057;ENSG00000083845;ENSG00000189306;ENSG00000170889;ENSG00000112306;ENSG00000126749;ENSG00000105372;ENSG00000100138;ENSG00000105193;ENSG00000101361;ENSG00000183751;ENSG00000186468;ENSG00000129460;ENSG00000171824;ENSG00000114767;ENSG00000187051;ENSG00000241945;ENSG00000138326;ENSG00000145425;ENSG00000165271;ENSG00000184967;ENSG00000110700;ENSG00000198034;ENSG00000183520;ENSG00000164587;ENSG00000150990;ENSG00000275700;ENSG00000120158;ENSG00000182774;ENSG00000115946;ENSG00000134419;ENSG00000171863;ENSG00000086189;ENSG00000115761;ENSG00000156697;ENSG00000142937;ENSG00000142534;ENSG00000108651;ENSG00000141076;ENSG00000165733;ENSG00000130935;ENSG00000067334;ENSG00000087269;ENSG00000011260;ENSG00000225921;ENSG00000135372;ENSG00000055044;ENSG00000105202;ENSG00000137154"
"GO","GOBP_RESPONSE_TO_ENDOPLASMIC_RETICULUM_STRESS",3.90105874437981e-12,1.01607576219e-09,0.887074988399873,-0.505647408838099,-2.08312486183359,282,"ENSG00000044574;ENSG00000155660;ENSG00000149428;ENSG00000051108;ENSG00000166598;ENSG00000145050;ENSG00000102580;ENSG00000143870;ENSG00000099958;ENSG00000127022;ENSG00000175197;ENSG00000179218;ENSG00000167004;ENSG00000145495;ENSG00000172071;ENSG00000071537;ENSG00000023318;ENSG00000086598;ENSG00000134109;ENSG00000128228;ENSG00000072849;ENSG00000135506;ENSG00000163527;ENSG00000118217;ENSG00000152348;ENSG00000100219;ENSG00000174437;ENSG00000138617;ENSG00000128590;ENSG00000197930;ENSG00000091436;ENSG00000111684;ENSG00000116761;ENSG00000124164;ENSG00000110344;ENSG00000185104;ENSG00000170145;ENSG00000162298;ENSG00000178607;ENSG00000128965;ENSG00000172216;ENSG00000108588;ENSG00000182158;ENSG00000144224;ENSG00000142208;ENSG00000113194;ENSG00000153132;ENSG00000157613;ENSG00000150995;ENSG00000185624;ENSG00000136986;ENSG00000144468;ENSG00000151883;ENSG00000171791;ENSG00000198855;ENSG00000132824;ENSG00000164463;ENSG00000101955;ENSG00000185615;ENSG00000165192;ENSG00000120686;ENSG00000165280;ENSG00000158615;ENSG00000137504;ENSG00000139324;ENSG00000142192;ENSG00000145675;ENSG00000105647;ENSG00000106100;ENSG00000153094;ENSG00000198162;ENSG00000174483;ENSG00000164953;ENSG00000116661;ENSG00000188021;ENSG00000205838;ENSG00000215301;ENSG00000087074;ENSG00000180535;ENSG00000106638;ENSG00000115806;ENSG00000138942"
"GO","GOBP_MATURATION_OF_SSU_RRNA",1.15968978685409e-11,2.9086737913244e-09,0.875325132024659,0.700318191952717,2.44122440531446,73,"ENSG00000129347;ENSG00000120800;ENSG00000278053;ENSG00000233927;ENSG00000227057;ENSG00000189306;ENSG00000124541;ENSG00000126749;ENSG00000105372;ENSG00000100138;ENSG00000112578;ENSG00000124784;ENSG00000105193;ENSG00000101361;ENSG00000167721;ENSG00000183751;ENSG00000179041;ENSG00000129460;ENSG00000114767;ENSG00000241945;ENSG00000160256;ENSG00000104884;ENSG00000165271;ENSG00000184967;ENSG00000183520;ENSG00000164587;ENSG00000150990;ENSG00000275700;ENSG00000120158;ENSG00000115946;ENSG00000007520;ENSG00000115761;ENSG00000156697;ENSG00000142937;ENSG00000272047;ENSG00000108651;ENSG00000171858;ENSG00000141076;ENSG00000165733;ENSG00000130935;ENSG00000067334;ENSG00000124787;ENSG00000087269;ENSG00000011260;ENSG00000225921;ENSG00000135372;ENSG00000055044;ENSG00000105202;ENSG00000173113;ENSG00000124383"
"GO","GOCC_MITOCHONDRIAL_LARGE_RIBOSOMAL_SUBUNIT",5.37933959108552e-11,1.30103170395825e-08,0.851339057116899,0.744704962205589,2.45137221527049,52,"ENSG00000166902;ENSG00000162910;ENSG00000214026;ENSG00000096080;ENSG00000108826;ENSG00000143436;ENSG00000143314;ENSG00000171421;ENSG00000262814;ENSG00000105364;ENSG00000167862;ENSG00000242485;ENSG00000172590;ENSG00000179271;ENSG00000111639;ENSG00000183617;ENSG00000116221;ENSG00000259494;ENSG00000204316;ENSG00000137547;ENSG00000106591;ENSG00000204822;ENSG00000169288;ENSG00000185608;ENSG00000114686;ENSG00000130312;ENSG00000158042;ENSG00000182154;ENSG00000174547;ENSG00000172172;ENSG00000180992;ENSG00000278845;ENSG00000197345;ENSG00000135900;ENSG00000112651;ENSG00000086504;ENSG00000136522;ENSG00000136897;ENSG00000243147;ENSG00000173141;ENSG00000159111;ENSG00000198015;ENSG00000055950;ENSG00000154719"
"GO","GOCC_CYTOSOLIC_SMALL_RIBOSOMAL_SUBUNIT",6.89889903449227e-11,1.61101187108902e-08,0.839088935621274,0.800614890280641,2.49469814684672,39,"ENSG00000177954;ENSG00000143947;ENSG00000233927;ENSG00000083845;ENSG00000170889;ENSG00000112306;ENSG00000124614;ENSG00000105372;ENSG00000213741;ENSG00000149273;ENSG00000105193;ENSG00000101278;ENSG00000168028;ENSG00000186468;ENSG00000231500;ENSG00000138326;ENSG00000145425;ENSG00000118181;ENSG00000115268;ENSG00000149806;ENSG00000110700;ENSG00000198034;ENSG00000197728;ENSG00000164587;ENSG00000204628;ENSG00000182774;ENSG00000134419;ENSG00000129824;ENSG00000140988;ENSG00000171863;ENSG00000142937;ENSG00000008988;ENSG00000142534;ENSG00000171858"
"GO","GOBP_PROTON_MOTIVE_FORCE_DRIVEN_ATP_SYNTHESIS",1.94114024867071e-10,4.38180058799934e-08,0.826657301178302,0.667238634542586,2.34347885652686,76,"ENSG00000176410;ENSG00000183648;ENSG00000267855;ENSG00000152234;ENSG00000154723;ENSG00000241837;ENSG00000186010;ENSG00000099624;ENSG00000241468;ENSG00000178127;ENSG00000213619;ENSG00000166136;ENSG00000160194;ENSG00000110717;ENSG00000164258;ENSG00000130414;ENSG00000174886;ENSG00000145494;ENSG00000090266;ENSG00000075399;ENSG00000140990;ENSG00000099795;ENSG00000124172;ENSG00000139180;ENSG00000169020;ENSG00000170906;ENSG00000147684;ENSG00000147123;ENSG00000159199;ENSG00000167792;ENSG00000117118;ENSG00000131495;ENSG00000116459;ENSG00000165283;ENSG00000185883;ENSG00000110955;ENSG00000168653;ENSG00000115286;ENSG00000151366;ENSG00000156411;ENSG00000109390;ENSG00000184752;ENSG00000135390;ENSG00000167283;ENSG00000004779;ENSG00000073578;ENSG00000103254;ENSG00000119421;ENSG00000184983;ENSG00000125356;ENSG00000165629;ENSG00000065518;ENSG00000249222"
"GO","GOBP_NEGATIVE_REGULATION_OF_SYNCYTIUM_FORMATION_BY_PLASMA_MEMBRANE_FUSION",1.03668264231842e-09,2.26464995283236e-07,0.788186810800237,0.725320312796239,2.3561731545219,49,"ENSG00000197958;ENSG00000142541;ENSG00000137818;ENSG00000108107;ENSG00000177600;ENSG00000130255;ENSG00000167526;ENSG00000198918;ENSG00000174748;ENSG00000114391;ENSG00000105640;ENSG00000197756;ENSG00000142676;ENSG00000161016;ENSG00000166441;ENSG00000109475;ENSG00000122026;ENSG00000198242;ENSG00000198755;ENSG00000188846;ENSG00000174444;ENSG00000063177;ENSG00000221983;ENSG00000108298;ENSG00000136942;ENSG00000089009;ENSG00000265681;ENSG00000163682;ENSG00000172809;ENSG00000144713;ENSG00000131469;ENSG00000145592;ENSG00000229117;ENSG00000162244;ENSG00000071082;ENSG00000156482;ENSG00000148303;ENSG00000147403;ENSG00000170417;ENSG00000122406;ENSG00000241343;ENSG00000147604"
"GO","GOCC_CYTOSOLIC_LARGE_RIBOSOMAL_SUBUNIT",1.64310672726608e-09,3.47722461157684e-07,0.788186810800237,0.695487917092875,2.31500908628854,55,"ENSG00000197958;ENSG00000142541;ENSG00000137818;ENSG00000108107;ENSG00000177600;ENSG00000130255;ENSG00000167526;ENSG00000198918;ENSG00000174748;ENSG00000114391;ENSG00000105640;ENSG00000197756;ENSG00000142676;ENSG00000161016;ENSG00000166441;ENSG00000109475;ENSG00000165502;ENSG00000122026;ENSG00000146223;ENSG00000198242;ENSG00000198755;ENSG00000188846;ENSG00000174444;ENSG00000063177;ENSG00000221983;ENSG00000108298;ENSG00000136942;ENSG00000100316;ENSG00000089009;ENSG00000265681;ENSG00000163682;ENSG00000172809;ENSG00000144713;ENSG00000131469;ENSG00000145592;ENSG00000229117;ENSG00000162244;ENSG00000071082;ENSG00000156482;ENSG00000148303;ENSG00000147403;ENSG00000122406;ENSG00000241343;ENSG00000147604"
"GO","GOBP_PROTEIN_RNA_COMPLEX_ORGANIZATION",2.95988570658764e-09,6.07404424394288e-07,0.774939030136436,0.465835949533295,1.93101513208172,249,"ENSG00000154548;ENSG00000142252;ENSG00000140488;ENSG00000116455;ENSG00000197498;ENSG00000132109;ENSG00000184281;ENSG00000177954;ENSG00000178952;ENSG00000184209;ENSG00000101546;ENSG00000130826;ENSG00000124562;ENSG00000233927;ENSG00000053372;ENSG00000186166;ENSG00000189306;ENSG00000161981;ENSG00000142541;ENSG00000178605;ENSG00000261236;ENSG00000117569;ENSG00000105372;ENSG00000104852;ENSG00000105373;ENSG00000100138;ENSG00000175390;ENSG00000132591;ENSG00000140939;ENSG00000126254;ENSG00000096384;ENSG00000100319;ENSG00000139546;ENSG00000114391;ENSG00000182810;ENSG00000242372;ENSG00000168028;ENSG00000080824;ENSG00000179041;ENSG00000048740;ENSG00000142676;ENSG00000105248;ENSG00000111641;ENSG00000241945;ENSG00000205609;ENSG00000156928;ENSG00000115268;ENSG00000169217;ENSG00000149806;ENSG00000164587;ENSG00000106263;ENSG00000105618;ENSG00000204392;ENSG00000104131;ENSG00000084623;ENSG00000232119;ENSG00000183207;ENSG00000125870;ENSG00000111640;ENSG00000172809;ENSG00000108883;ENSG00000143977;ENSG00000146963;ENSG00000273611;ENSG00000149100;ENSG00000130811;ENSG00000125743;ENSG00000179950;ENSG00000172409;ENSG00000130332;ENSG00000175467;ENSG00000110958;ENSG00000169249;ENSG00000179409;ENSG00000274523;ENSG00000169976;ENSG00000148824;ENSG00000182841;ENSG00000122406;ENSG00000178982;ENSG00000171861;ENSG00000007392;ENSG00000132153;ENSG00000004779;ENSG00000172062;ENSG00000183199;ENSG00000224411;ENSG00000125835;ENSG00000003756;ENSG00000163877;ENSG00000076924;ENSG00000150773;ENSG00000115128;ENSG00000074201;ENSG00000182004;ENSG00000163156;ENSG00000143368;ENSG00000101181;ENSG00000122687;ENSG00000147677;ENSG00000092208;ENSG00000087365;ENSG00000130520;ENSG00000100353;ENSG00000105793;ENSG00000131043;ENSG00000137656;ENSG00000137154;ENSG00000111786;ENSG00000104872;ENSG00000029639;ENSG00000136875;ENSG00000100028;ENSG00000152147;ENSG00000104408;ENSG00000117481;ENSG00000005436;ENSG00000117174;ENSG00000107581;ENSG00000085760;ENSG00000104897"
"GO","GOMF_OXIDOREDUCTION_DRIVEN_ACTIVE_TRANSMEMBRANE_TRANSPORTER_ACTIVITY",4.497223296078e-09,8.95741063560006e-07,0.761460801445585,0.656516525249485,2.25399359690619,66,"ENSG00000189043;ENSG00000183648;ENSG00000267855;ENSG00000178741;ENSG00000131143;ENSG00000178127;ENSG00000169021;ENSG00000213619;ENSG00000184076;ENSG00000166136;ENSG00000160194;ENSG00000110717;ENSG00000164258;ENSG00000130414;ENSG00000145494;ENSG00000090266;ENSG00000140990;ENSG00000099795;ENSG00000139180;ENSG00000179091;ENSG00000170906;ENSG00000147684;ENSG00000162144;ENSG00000126267;ENSG00000167792;ENSG00000010256;ENSG00000131495;ENSG00000173660;ENSG00000168653;ENSG00000135940;ENSG00000115286;ENSG00000151366;ENSG00000109390;ENSG00000184752;ENSG00000229344;ENSG00000119421;ENSG00000184983;ENSG00000114395;ENSG00000131174;ENSG00000125356;ENSG00000176340;ENSG00000065518;ENSG00000148290"
"GO","GOBP_REGULATION_OF_SYNCYTIUM_FORMATION_BY_PLASMA_MEMBRANE_FUSION",5.60829874512857e-09,1.08512568862888e-06,0.761460801445585,0.661443414886926,2.25868942343304,64,"ENSG00000023902;ENSG00000197958;ENSG00000142541;ENSG00000137818;ENSG00000108107;ENSG00000177600;ENSG00000130255;ENSG00000167526;ENSG00000198918;ENSG00000174748;ENSG00000114391;ENSG00000105640;ENSG00000197756;ENSG00000111913;ENSG00000142676;ENSG00000161016;ENSG00000166441;ENSG00000109475;ENSG00000122026;ENSG00000198242;ENSG00000198755;ENSG00000188846;ENSG00000174444;ENSG00000063177;ENSG00000221983;ENSG00000108298;ENSG00000136942;ENSG00000089009;ENSG00000265681;ENSG00000163682;ENSG00000172809;ENSG00000144713;ENSG00000131469;ENSG00000145592;ENSG00000229117;ENSG00000162244;ENSG00000071082;ENSG00000181790;ENSG00000156482;ENSG00000134072;ENSG00000148303;ENSG00000147403;ENSG00000170417;ENSG00000122406;ENSG00000130513;ENSG00000137270;ENSG00000241343;ENSG00000147604"
"GO","GOBP_HOMOPHILIC_CELL_CELL_ADHESION",6.02409510166948e-09,1.13319922301405e-06,0.761460801445585,-0.533393779259084,-2.07584332110788,168,"ENSG00000251664;ENSG00000243232;ENSG00000204962;ENSG00000249158;ENSG00000276547;ENSG00000144847;ENSG00000081842;ENSG00000177103;ENSG00000112852;ENSG00000075275;ENSG00000138650;ENSG00000113361;ENSG00000253873;ENSG00000254221;ENSG00000129116;ENSG00000107736;ENSG00000170558;ENSG00000204967;ENSG00000253731;ENSG00000046604;ENSG00000280165;ENSG00000253910;ENSG00000150093;ENSG00000218336;ENSG00000185008;ENSG00000079385;ENSG00000140945;ENSG00000196159;ENSG00000242419;ENSG00000154134;ENSG00000197479;ENSG00000062038;ENSG00000169855;ENSG00000171587;ENSG00000158258;ENSG00000253305;ENSG00000255408;ENSG00000165323;ENSG00000143126;ENSG00000253953;ENSG00000113209;ENSG00000144619;ENSG00000153233;ENSG00000170571;ENSG00000204956;ENSG00000253159;ENSG00000204969;ENSG00000254122;ENSG00000146555;ENSG00000187372;ENSG00000182985;ENSG00000181754;ENSG00000128536;ENSG00000149654;ENSG00000250120;ENSG00000196090;ENSG00000120324;ENSG00000156642;ENSG00000156453;ENSG00000083857;ENSG00000086570;ENSG00000196576;ENSG00000262209;ENSG00000204961;ENSG00000150394"
"GO","GOBP_MITOCHONDRIAL_RESPIRATORY_CHAIN_COMPLEX_ASSEMBLY",1.10033456414507e-08,2.01390964010552e-06,0.747739663149885,0.589349205138661,2.17376193488691,99,"ENSG00000224877;ENSG00000105341;ENSG00000163528;ENSG00000186010;ENSG00000099624;ENSG00000175606;ENSG00000137288;ENSG00000178449;ENSG00000164898;ENSG00000250317;ENSG00000169021;ENSG00000215712;ENSG00000213619;ENSG00000205138;ENSG00000074582;ENSG00000168569;ENSG00000181924;ENSG00000110717;ENSG00000130159;ENSG00000171953;ENSG00000164258;ENSG00000145494;ENSG00000166896;ENSG00000168273;ENSG00000155463;ENSG00000174109;ENSG00000167985;ENSG00000204954;ENSG00000137806;ENSG00000123472;ENSG00000162600;ENSG00000178057;ENSG00000183978;ENSG00000138495;ENSG00000146066;ENSG00000133983;ENSG00000168653;ENSG00000115286;ENSG00000151366;ENSG00000171612;ENSG00000204922;ENSG00000123545;ENSG00000229833;ENSG00000136463;ENSG00000154079;ENSG00000162377;ENSG00000184983;ENSG00000101247;ENSG00000164182;ENSG00000168275;ENSG00000156170;ENSG00000170791;ENSG00000113845;ENSG00000148290;ENSG00000171202"
"GO","GOCC_ORGANELLE_ENVELOPE_LUMEN",1.23849704696126e-08,2.20713210579517e-06,0.747739663149885,0.587180636445506,2.16294594684934,98,"ENSG00000115317;ENSG00000135441;ENSG00000141756;ENSG00000163528;ENSG00000250479;ENSG00000164919;ENSG00000137288;ENSG00000178741;ENSG00000160124;ENSG00000158828;ENSG00000131143;ENSG00000124523;ENSG00000116161;ENSG00000181924;ENSG00000172009;ENSG00000099795;ENSG00000139531;ENSG00000126602;ENSG00000213465;ENSG00000132305;ENSG00000100575;ENSG00000116288;ENSG00000169230;ENSG00000162600;ENSG00000134809;ENSG00000150779;ENSG00000076043;ENSG00000127554;ENSG00000138495;ENSG00000060339;ENSG00000165283;ENSG00000162129;ENSG00000184047;ENSG00000168653;ENSG00000099800;ENSG00000170855;ENSG00000142168;ENSG00000102125;ENSG00000165487;ENSG00000143224;ENSG00000143575;ENSG00000142444;ENSG00000000938;ENSG00000123213;ENSG00000125611;ENSG00000103202;ENSG00000141391;ENSG00000119421;ENSG00000162377;ENSG00000106153;ENSG00000168275;ENSG00000205560;ENSG00000102931;ENSG00000170791"
"GO","GOBP_NUCLEOSIDE_TRIPHOSPHATE_BIOSYNTHETIC_PROCESS",1.44826595029559e-08,2.45191425385044e-06,0.747739663149885,0.547519963327425,2.09479347267692,128,"ENSG00000176410;ENSG00000149925;ENSG00000183648;ENSG00000074800;ENSG00000267855;ENSG00000152234;ENSG00000243678;ENSG00000154723;ENSG00000106992;ENSG00000241837;ENSG00000186010;ENSG00000168393;ENSG00000099624;ENSG00000241468;ENSG00000158828;ENSG00000239672;ENSG00000178127;ENSG00000063176;ENSG00000178035;ENSG00000198276;ENSG00000213619;ENSG00000166136;ENSG00000160194;ENSG00000110717;ENSG00000164258;ENSG00000130414;ENSG00000174886;ENSG00000145494;ENSG00000090266;ENSG00000075399;ENSG00000140990;ENSG00000099795;ENSG00000124172;ENSG00000139180;ENSG00000169020;ENSG00000170906;ENSG00000147684;ENSG00000147123;ENSG00000159199;ENSG00000167792;ENSG00000106348;ENSG00000117118;ENSG00000131495;ENSG00000116459;ENSG00000171793;ENSG00000165283;ENSG00000185883;ENSG00000110955;ENSG00000168653;ENSG00000125375;ENSG00000115286;ENSG00000151366;ENSG00000156411;ENSG00000102125;ENSG00000109390;ENSG00000184752;ENSG00000204922;ENSG00000135390;ENSG00000167283;ENSG00000156110;ENSG00000103202;ENSG00000004779;ENSG00000073578;ENSG00000103254"
"GO","GOBP_CELLULAR_RESPIRATION",1.42944313906593e-08,2.45191425385044e-06,0.747739663149885,0.426047391150323,1.81524337773892,326,"ENSG00000108179;ENSG00000145335;ENSG00000176410;ENSG00000175567;ENSG00000171314;ENSG00000067225;ENSG00000149925;ENSG00000189043;ENSG00000009950;ENSG00000154277;ENSG00000125648;ENSG00000167588;ENSG00000111674;ENSG00000135441;ENSG00000183648;ENSG00000074800;ENSG00000267855;ENSG00000152234;ENSG00000100412;ENSG00000175701;ENSG00000101365;ENSG00000171503;ENSG00000154723;ENSG00000241837;ENSG00000006695;ENSG00000186010;ENSG00000158122;ENSG00000099624;ENSG00000164919;ENSG00000241468;ENSG00000137288;ENSG00000067057;ENSG00000164073;ENSG00000105373;ENSG00000178741;ENSG00000158828;ENSG00000168291;ENSG00000089127;ENSG00000131143;ENSG00000178127;ENSG00000169021;ENSG00000134056;ENSG00000213619;ENSG00000184076;ENSG00000166136;ENSG00000160194;ENSG00000242372;ENSG00000110717;ENSG00000164258;ENSG00000130414;ENSG00000174886;ENSG00000145494;ENSG00000090266;ENSG00000140990;ENSG00000099795;ENSG00000124172;ENSG00000139180;ENSG00000169020;ENSG00000111669;ENSG00000126602;ENSG00000179091;ENSG00000155463;ENSG00000213465;ENSG00000181929;ENSG00000170906;ENSG00000116288;ENSG00000120675;ENSG00000147684;ENSG00000167985;ENSG00000147123;ENSG00000126267;ENSG00000233954;ENSG00000077463;ENSG00000181027;ENSG00000167792;ENSG00000169230;ENSG00000137806;ENSG00000178209;ENSG00000111775;ENSG00000112695;ENSG00000010256;ENSG00000117118;ENSG00000127540;ENSG00000239900;ENSG00000005882;ENSG00000131495;ENSG00000146701;ENSG00000116459;ENSG00000173660;ENSG00000111640;ENSG00000103507;ENSG00000226784;ENSG00000136003;ENSG00000004961;ENSG00000165283;ENSG00000113575;ENSG00000162409;ENSG00000161999;ENSG00000110955;ENSG00000168653;ENSG00000127184;ENSG00000164405;ENSG00000135940;ENSG00000105679;ENSG00000115286;ENSG00000156510;ENSG00000151366;ENSG00000078237;ENSG00000171612;ENSG00000109390;ENSG00000184752;ENSG00000164708;ENSG00000204922;ENSG00000178074;ENSG00000167283;ENSG00000140374;ENSG00000091483;ENSG00000114956;ENSG00000125611;ENSG00000229344;ENSG00000004779;ENSG00000073578;ENSG00000103254;ENSG00000170950;ENSG00000110435;ENSG00000140740;ENSG00000154079;ENSG00000119421;ENSG00000156467;ENSG00000015475;ENSG00000106153;ENSG00000108515;ENSG00000132382"
"GO","GOBP_RIBOSOME_ASSEMBLY",1.6378053231842e-08,2.70517503624473e-06,0.73376198835648,0.653340285635165,2.25410849854476,68,"ENSG00000197498;ENSG00000177954;ENSG00000178952;ENSG00000101546;ENSG00000233927;ENSG00000053372;ENSG00000189306;ENSG00000178605;ENSG00000105732;ENSG00000261236;ENSG00000105372;ENSG00000105373;ENSG00000132591;ENSG00000114391;ENSG00000182810;ENSG00000242372;ENSG00000168028;ENSG00000179041;ENSG00000142676;ENSG00000108561;ENSG00000111641;ENSG00000241945;ENSG00000156928;ENSG00000115268;ENSG00000149806;ENSG00000164587;ENSG00000150990;ENSG00000172809;ENSG00000158417;ENSG00000181163;ENSG00000274523;ENSG00000148824;ENSG00000182841;ENSG00000122406;ENSG00000171861;ENSG00000132153;ENSG00000004779;ENSG00000182583;ENSG00000101181;ENSG00000122687;ENSG00000105793;ENSG00000140598;ENSG00000137154;ENSG00000156469;ENSG00000029639"
"GO","GOMF_ELECTRON_TRANSFER_ACTIVITY",2.37993923947223e-08,3.83736869754904e-06,0.73376198835648,0.558062037011059,2.09788229539162,111,"ENSG00000189043;ENSG00000162496;ENSG00000151552;ENSG00000183648;ENSG00000267855;ENSG00000101365;ENSG00000171503;ENSG00000178741;ENSG00000178445;ENSG00000131143;ENSG00000178127;ENSG00000169021;ENSG00000213619;ENSG00000184076;ENSG00000166136;ENSG00000160194;ENSG00000110717;ENSG00000164258;ENSG00000130414;ENSG00000145494;ENSG00000090266;ENSG00000140990;ENSG00000099795;ENSG00000139180;ENSG00000179091;ENSG00000170906;ENSG00000131480;ENSG00000147684;ENSG00000126267;ENSG00000167792;ENSG00000010256;ENSG00000117118;ENSG00000127540;ENSG00000131495;ENSG00000173660;ENSG00000065833;ENSG00000176153;ENSG00000168653;ENSG00000135940;ENSG00000115286;ENSG00000162882;ENSG00000151366;ENSG00000127948;ENSG00000109390;ENSG00000184752;ENSG00000140374;ENSG00000229344;ENSG00000073578;ENSG00000119421;ENSG00000267673;ENSG00000053371;ENSG00000184983;ENSG00000132837;ENSG00000131174;ENSG00000085662;ENSG00000125356;ENSG00000176340;ENSG00000065518;ENSG00000159423;ENSG00000148290;ENSG00000188566;ENSG00000172115;ENSG00000082212"
"GO","GOBP_GLYCOPROTEIN_METABOLIC_PROCESS",3.59876932815615e-08,5.66764323029616e-06,0.719512826338911,-0.423818198767746,-1.78475798263401,361,"ENSG00000099958;ENSG00000179104;ENSG00000134910;ENSG00000145495;ENSG00000136731;ENSG00000023318;ENSG00000102158;ENSG00000113273;ENSG00000008513;ENSG00000134109;ENSG00000162885;ENSG00000173950;ENSG00000089597;ENSG00000163527;ENSG00000125304;ENSG00000138821;ENSG00000139289;ENSG00000071073;ENSG00000137573;ENSG00000163902;ENSG00000109814;ENSG00000107331;ENSG00000155893;ENSG00000171451;ENSG00000106692;ENSG00000130714;ENSG00000172986;ENSG00000198856;ENSG00000175548;ENSG00000244038;ENSG00000135677;ENSG00000123908;ENSG00000151348;ENSG00000162298;ENSG00000196547;ENSG00000138336;ENSG00000111670;ENSG00000111962;ENSG00000141458;ENSG00000204099;ENSG00000136152;ENSG00000182240;ENSG00000253710;ENSG00000116704;ENSG00000134901;ENSG00000130175;ENSG00000136378;ENSG00000167130;ENSG00000198380;ENSG00000112893;ENSG00000171791;ENSG00000115993;ENSG00000104331;ENSG00000214013;ENSG00000180549;ENSG00000172269;ENSG00000111817;ENSG00000136110;ENSG00000086848;ENSG00000131873;ENSG00000162630;ENSG00000135047;ENSG00000139133;ENSG00000083444;ENSG00000131459;ENSG00000154080;ENSG00000147408;ENSG00000120697;ENSG00000158859;ENSG00000139324;ENSG00000165102;ENSG00000033170;ENSG00000176597;ENSG00000116199;ENSG00000182858;ENSG00000162736;ENSG00000198162;ENSG00000172728;ENSG00000178202;ENSG00000154252;ENSG00000116661;ENSG00000013375;ENSG00000070269;ENSG00000119523;ENSG00000172461;ENSG00000182606;ENSG00000144278;ENSG00000182621;ENSG00000187676;ENSG00000033011;ENSG00000138069;ENSG00000102595;ENSG00000187097;ENSG00000171155;ENSG00000138942;ENSG00000100626;ENSG00000187605;ENSG00000168769;ENSG00000178301;ENSG00000111885;ENSG00000164100;ENSG00000153989;ENSG00000184005;ENSG00000187210;ENSG00000110328;ENSG00000169105;ENSG00000136720;ENSG00000114745;ENSG00000111728;ENSG00000173083;ENSG00000187446;ENSG00000105639;ENSG00000134851;ENSG00000114378;ENSG00000104723;ENSG00000117643;ENSG00000049860;ENSG00000169826;ENSG00000183778;ENSG00000157593;ENSG00000163389;ENSG00000086062;ENSG00000118705;ENSG00000112033;ENSG00000138696;ENSG00000141429;ENSG00000167889;ENSG00000131386;ENSG00000130309;ENSG00000116406;ENSG00000163378;ENSG00000159063;ENSG00000141012;ENSG00000158008;ENSG00000128039;ENSG00000088035;ENSG00000125247;ENSG00000165240;ENSG00000073849"
"GO","GOBP_ATP_BIOSYNTHETIC_PROCESS",4.11562807923583e-08,6.33432576195115e-06,0.719512826338911,0.573351304389386,2.12736631627526,103,"ENSG00000176410;ENSG00000149925;ENSG00000183648;ENSG00000074800;ENSG00000267855;ENSG00000152234;ENSG00000154723;ENSG00000241837;ENSG00000186010;ENSG00000099624;ENSG00000241468;ENSG00000158828;ENSG00000178127;ENSG00000063176;ENSG00000213619;ENSG00000166136;ENSG00000160194;ENSG00000110717;ENSG00000164258;ENSG00000130414;ENSG00000174886;ENSG00000145494;ENSG00000090266;ENSG00000075399;ENSG00000140990;ENSG00000099795;ENSG00000124172;ENSG00000139180;ENSG00000169020;ENSG00000170906;ENSG00000147684;ENSG00000147123;ENSG00000159199;ENSG00000167792;ENSG00000117118;ENSG00000131495;ENSG00000116459;ENSG00000165283;ENSG00000185883;ENSG00000110955;ENSG00000168653;ENSG00000125375;ENSG00000115286;ENSG00000151366;ENSG00000156411;ENSG00000102125;ENSG00000109390;ENSG00000184752;ENSG00000204922;ENSG00000135390;ENSG00000167283;ENSG00000004779;ENSG00000073578;ENSG00000103254;ENSG00000119421;ENSG00000184983"
"GO","GOBP_RRNA_MODIFICATION",5.06467624664015e-08,7.62177500938824e-06,0.719512826338911,0.721576930399375,2.25879804775917,40,"ENSG00000188573;ENSG00000162851;ENSG00000071462;ENSG00000108592;ENSG00000130826;ENSG00000278619;ENSG00000126749;ENSG00000100138;ENSG00000156990;ENSG00000145912;ENSG00000101361;ENSG00000138382;ENSG00000255561;ENSG00000111641;ENSG00000109534;ENSG00000182117;ENSG00000198917;ENSG00000007376;ENSG00000007520;ENSG00000130305;ENSG00000086189;ENSG00000165526;ENSG00000171861;ENSG00000127804;ENSG00000166133;ENSG00000122687;ENSG00000135372;ENSG00000055044;ENSG00000105202;ENSG00000029639;ENSG00000173113;ENSG00000117481;ENSG00000171103"
"GO","GOBP_ERAD_PATHWAY",6.35531693348775e-08,9.35613179860413e-06,0.704975715167238,-0.575195871214505,-2.11451538875177,109,"ENSG00000044574;ENSG00000051108;ENSG00000166598;ENSG00000099958;ENSG00000127022;ENSG00000179218;ENSG00000145495;ENSG00000071537;ENSG00000134109;ENSG00000128228;ENSG00000072849;ENSG00000135506;ENSG00000163527;ENSG00000118217;ENSG00000100219;ENSG00000128590;ENSG00000110344;ENSG00000185104;ENSG00000170145;ENSG00000162298;ENSG00000108588;ENSG00000144224;ENSG00000113194;ENSG00000153132;ENSG00000136986;ENSG00000144468"
"GO","GOCC_NADH_DEHYDROGENASE_COMPLEX",1.00992988395717e-07,1.45515854769318e-05,0.704975715167238,0.691079940367351,2.22678515696779,47,"ENSG00000189043;ENSG00000183648;ENSG00000267855;ENSG00000186010;ENSG00000178127;ENSG00000213619;ENSG00000166136;ENSG00000160194;ENSG00000110717;ENSG00000164258;ENSG00000130414;ENSG00000174886;ENSG00000145494;ENSG00000090266;ENSG00000140990;ENSG00000099795;ENSG00000139180;ENSG00000170906;ENSG00000147684;ENSG00000147123;ENSG00000167792;ENSG00000131495;ENSG00000168653;ENSG00000115286;ENSG00000151366;ENSG00000109390;ENSG00000184752;ENSG00000004779;ENSG00000119421;ENSG00000184983;ENSG00000164182;ENSG00000125356;ENSG00000065518"
"GO","GOBP_GENERATION_OF_PRECURSOR_METABOLITES_AND_ENERGY",1.76653420942512e-07,2.4922853471306e-05,0.690132458796796,0.3709694842266,1.63384809920421,473,"ENSG00000108179;ENSG00000128564;ENSG00000145335;ENSG00000176410;ENSG00000175567;ENSG00000171314;ENSG00000067225;ENSG00000215644;ENSG00000149925;ENSG00000189043;ENSG00000009950;ENSG00000072778;ENSG00000156873;ENSG00000154277;ENSG00000139515;ENSG00000125648;ENSG00000167588;ENSG00000106605;ENSG00000111674;ENSG00000100867;ENSG00000135441;ENSG00000183648;ENSG00000074800;ENSG00000267855;ENSG00000152234;ENSG00000100412;ENSG00000175701;ENSG00000101365;ENSG00000171503;ENSG00000154723;ENSG00000241837;ENSG00000163754;ENSG00000006695;ENSG00000186010;ENSG00000115138;ENSG00000158122;ENSG00000099624;ENSG00000005469;ENSG00000164919;ENSG00000241468;ENSG00000137288;ENSG00000067057;ENSG00000164073;ENSG00000105373;ENSG00000178741;ENSG00000169299;ENSG00000158828;ENSG00000168291;ENSG00000089127;ENSG00000131143;ENSG00000178127;ENSG00000169021;ENSG00000196998;ENSG00000134056;ENSG00000213619;ENSG00000184076;ENSG00000166136;ENSG00000160194;ENSG00000242372;ENSG00000110717;ENSG00000164258;ENSG00000130414;ENSG00000174886;ENSG00000197417;ENSG00000160211;ENSG00000145494;ENSG00000090266;ENSG00000140990;ENSG00000187566;ENSG00000099795;ENSG00000010310;ENSG00000124172;ENSG00000139180;ENSG00000169020;ENSG00000111669;ENSG00000126602;ENSG00000179091;ENSG00000151729;ENSG00000155463;ENSG00000213465;ENSG00000142657;ENSG00000161513;ENSG00000181929;ENSG00000235376;ENSG00000170906;ENSG00000023287;ENSG00000113552;ENSG00000116288;ENSG00000120675;ENSG00000147684;ENSG00000167985;ENSG00000147123;ENSG00000126267;ENSG00000233954;ENSG00000077463;ENSG00000181027;ENSG00000167792;ENSG00000117305;ENSG00000169230;ENSG00000130313;ENSG00000137806;ENSG00000172531;ENSG00000178209;ENSG00000111775;ENSG00000112695;ENSG00000081760;ENSG00000112425;ENSG00000010256;ENSG00000117118;ENSG00000127540;ENSG00000239900;ENSG00000005882;ENSG00000131495;ENSG00000104812;ENSG00000146701;ENSG00000116459;ENSG00000173660;ENSG00000111640;ENSG00000103507;ENSG00000226784;ENSG00000136003;ENSG00000004961;ENSG00000165283;ENSG00000113575;ENSG00000162409;ENSG00000161999;ENSG00000110955;ENSG00000168653;ENSG00000127184;ENSG00000164405;ENSG00000135940;ENSG00000163931;ENSG00000105679;ENSG00000115286;ENSG00000156510;ENSG00000151366;ENSG00000127948;ENSG00000078237;ENSG00000171612;ENSG00000109390;ENSG00000184752;ENSG00000164708;ENSG00000204922;ENSG00000178074;ENSG00000118804;ENSG00000167283;ENSG00000140374;ENSG00000091483;ENSG00000114956;ENSG00000125611;ENSG00000229344;ENSG00000105723;ENSG00000004779;ENSG00000073578;ENSG00000103254;ENSG00000170950;ENSG00000110435;ENSG00000105221;ENSG00000140740;ENSG00000166743;ENSG00000023697;ENSG00000154079;ENSG00000119421;ENSG00000156467;ENSG00000015475;ENSG00000106153;ENSG00000108515;ENSG00000267673;ENSG00000132382"
"GO","GOBP_PROTON_TRANSMEMBRANE_TRANSPORT",2.13426739903939e-07,2.94964465842751e-05,0.690132458796796,0.470592275092144,1.89372252960255,187,"ENSG00000101438;ENSG00000175567;ENSG00000143153;ENSG00000189043;ENSG00000183648;ENSG00000267855;ENSG00000152234;ENSG00000219200;ENSG00000197818;ENSG00000154723;ENSG00000241837;ENSG00000165646;ENSG00000099624;ENSG00000241468;ENSG00000178741;ENSG00000131143;ENSG00000178127;ENSG00000169021;ENSG00000063176;ENSG00000213619;ENSG00000184076;ENSG00000166136;ENSG00000160194;ENSG00000110717;ENSG00000164258;ENSG00000130414;ENSG00000215021;ENSG00000145494;ENSG00000090266;ENSG00000140990;ENSG00000099795;ENSG00000124172;ENSG00000139180;ENSG00000169020;ENSG00000128524;ENSG00000179091;ENSG00000151729;ENSG00000170906;ENSG00000109424;ENSG00000147684;ENSG00000159199;ENSG00000126267;ENSG00000167792;ENSG00000075415;ENSG00000010256;ENSG00000131495;ENSG00000116459;ENSG00000173660;ENSG00000155380;ENSG00000185883;ENSG00000110955;ENSG00000168653;ENSG00000125375;ENSG00000135940;ENSG00000115286;ENSG00000151366;ENSG00000047249;ENSG00000109390;ENSG00000184752;ENSG00000089356;ENSG00000135390;ENSG00000167283;ENSG00000229344;ENSG00000171130;ENSG00000119421;ENSG00000103249;ENSG00000090020;ENSG00000184983;ENSG00000131174;ENSG00000125356;ENSG00000165629;ENSG00000176340;ENSG00000117410;ENSG00000065518;ENSG00000005022;ENSG00000148290;ENSG00000249222;ENSG00000168924;ENSG00000159720;ENSG00000022567"
"GO","GOBP_GOLGI_VESICLE_TRANSPORT",2.44959617898139e-07,3.31773306481239e-05,0.674962860011025,-0.4117747384466,-1.71866434939862,322,"ENSG00000149428;ENSG00000147164;ENSG00000070367;ENSG00000120992;ENSG00000086598;ENSG00000167461;ENSG00000070718;ENSG00000134108;ENSG00000170348;ENSG00000136240;ENSG00000138660;ENSG00000114354;ENSG00000197535;ENSG00000100196;ENSG00000113719;ENSG00000092531;ENSG00000134970;ENSG00000124164;ENSG00000162852;ENSG00000100934;ENSG00000134278;ENSG00000135249;ENSG00000108018;ENSG00000124198;ENSG00000120029;ENSG00000138674;ENSG00000182158;ENSG00000136152;ENSG00000164597;ENSG00000115306;ENSG00000013016;ENSG00000136874;ENSG00000150961;ENSG00000132405;ENSG00000151779;ENSG00000144036;ENSG00000083097;ENSG00000122218;ENSG00000075790;ENSG00000158623;ENSG00000144043;ENSG00000119414;ENSG00000154305;ENSG00000127603;ENSG00000165280;ENSG00000180957;ENSG00000095139;ENSG00000160218;ENSG00000133103;ENSG00000085365;ENSG00000184304;ENSG00000138768;ENSG00000174483;ENSG00000100568;ENSG00000117533;ENSG00000101310;ENSG00000184432;ENSG00000168461;ENSG00000029725;ENSG00000180398;ENSG00000017260;ENSG00000006715;ENSG00000138069;ENSG00000066455;ENSG00000164904;ENSG00000166377;ENSG00000105438;ENSG00000085832;ENSG00000148248;ENSG00000162407;ENSG00000111711;ENSG00000119820;ENSG00000256060;ENSG00000113615;ENSG00000108587;ENSG00000047932;ENSG00000074695;ENSG00000176986;ENSG00000054116;ENSG00000137177;ENSG00000145506;ENSG00000028528;ENSG00000134243;ENSG00000108433;ENSG00000142186;ENSG00000093183;ENSG00000107651;ENSG00000182400;ENSG00000257923;ENSG00000164054;ENSG00000029534;ENSG00000254154;ENSG00000129083;ENSG00000242247;ENSG00000197121;ENSG00000163558;ENSG00000065000;ENSG00000061987;ENSG00000102218;ENSG00000107862;ENSG00000084733;ENSG00000125124;ENSG00000021574;ENSG00000265808;ENSG00000105829;ENSG00000111481;ENSG00000103544;ENSG00000271079;ENSG00000103769"
"GO","GOMF_CATALYTIC_ACTIVITY_ACTING_ON_RNA",3.85335072927823e-07,5.11664532130827e-05,0.674962860011025,0.378380234095607,1.65052656243395,417,"ENSG00000205978;ENSG00000101347;ENSG00000109832;ENSG00000188573;ENSG00000258818;ENSG00000184924;ENSG00000162851;ENSG00000143374;ENSG00000166166;ENSG00000177700;ENSG00000071462;ENSG00000108592;ENSG00000167112;ENSG00000130589;ENSG00000177192;ENSG00000104835;ENSG00000219200;ENSG00000100982;ENSG00000163882;ENSG00000278053;ENSG00000171453;ENSG00000178105;ENSG00000278619;ENSG00000161960;ENSG00000149016;ENSG00000156502;ENSG00000137628;ENSG00000113356;ENSG00000170445;ENSG00000099899;ENSG00000126749;ENSG00000205045;ENSG00000149743;ENSG00000133706;ENSG00000106133;ENSG00000101391;ENSG00000214309;ENSG00000241370;ENSG00000167862;ENSG00000136271;ENSG00000161980;ENSG00000110060;ENSG00000104907;ENSG00000105671;ENSG00000213339;ENSG00000137996;ENSG00000176261;ENSG00000130713;ENSG00000182810;ENSG00000100823;ENSG00000100142;ENSG00000123064;ENSG00000138382;ENSG00000141543;ENSG00000255561;ENSG00000105248;ENSG00000111641;ENSG00000171824;ENSG00000116120;ENSG00000146834;ENSG00000123136;ENSG00000137411;ENSG00000006744;ENSG00000179988;ENSG00000132541;ENSG00000037897;ENSG00000103707;ENSG00000155363;ENSG00000125652;ENSG00000065427;ENSG00000077348;ENSG00000150990;ENSG00000169718;ENSG00000198917;ENSG00000117751;ENSG00000241058;ENSG00000134815;ENSG00000185163;ENSG00000076043;ENSG00000120158;ENSG00000130348;ENSG00000187024;ENSG00000124608;ENSG00000204394;ENSG00000277209;ENSG00000198585;ENSG00000107625;ENSG00000179115;ENSG00000167136;ENSG00000007520;ENSG00000178896;ENSG00000130305;ENSG00000086189;ENSG00000070495;ENSG00000178149;ENSG00000167272;ENSG00000164362;ENSG00000116874;ENSG00000181381;ENSG00000168101;ENSG00000111802;ENSG00000105258;ENSG00000172336;ENSG00000228049;ENSG00000100601;ENSG00000163684;ENSG00000163516;ENSG00000127054;ENSG00000165526;ENSG00000175711;ENSG00000135900;ENSG00000204351;ENSG00000099817;ENSG00000266967;ENSG00000114416;ENSG00000184735;ENSG00000073146;ENSG00000171861;ENSG00000132153;ENSG00000125207;ENSG00000214274;ENSG00000119203;ENSG00000154743;ENSG00000124228;ENSG00000157036;ENSG00000206562;ENSG00000178199;ENSG00000059691;ENSG00000165055;ENSG00000162971;ENSG00000102053;ENSG00000169972;ENSG00000183258;ENSG00000127804;ENSG00000162639;ENSG00000100413;ENSG00000173809;ENSG00000075914;ENSG00000124787;ENSG00000066379;ENSG00000178718;ENSG00000005075;ENSG00000122687;ENSG00000157349;ENSG00000101574;ENSG00000135372;ENSG00000113272;ENSG00000105202;ENSG00000168255;ENSG00000091127;ENSG00000147669;ENSG00000125821;ENSG00000113407;ENSG00000138050;ENSG00000155508;ENSG00000125485;ENSG00000029639;ENSG00000146282"
"GO","GOCC_EXTERNAL_ENCAPSULATING_STRUCTURE",4.58443968312841e-07,5.97035106425876e-05,0.674962860011025,-0.382813988139899,-1.64237504900108,446,"ENSG00000184164;ENSG00000179218;ENSG00000100234;ENSG00000163703;ENSG00000138759;ENSG00000189409;ENSG00000171812;ENSG00000090863;ENSG00000115414;ENSG00000115318;ENSG00000196739;ENSG00000152377;ENSG00000100767;ENSG00000084636;ENSG00000111186;ENSG00000137573;ENSG00000196975;ENSG00000182871;ENSG00000170542;ENSG00000132464;ENSG00000112715;ENSG00000053747;ENSG00000091136;ENSG00000090530;ENSG00000038427;ENSG00000170558;ENSG00000196154;ENSG00000114270;ENSG00000130508;ENSG00000101680;ENSG00000132561;ENSG00000183098;ENSG00000197043;ENSG00000114251;ENSG00000184349;ENSG00000164111;ENSG00000179954;ENSG00000130287;ENSG00000149084;ENSG00000164946;ENSG00000166401;ENSG00000140945;ENSG00000187720;ENSG00000112293;ENSG00000049323;ENSG00000136378;ENSG00000143631;ENSG00000106823;ENSG00000142798;ENSG00000144152;ENSG00000042781;ENSG00000150893;ENSG00000186998;ENSG00000198759;ENSG00000166106;ENSG00000126500;ENSG00000188517;ENSG00000082293;ENSG00000117385;ENSG00000174721;ENSG00000102924;ENSG00000101955;ENSG00000166147;ENSG00000087116;ENSG00000147485;ENSG00000105664;ENSG00000135047;ENSG00000134245;ENSG00000130203;ENSG00000135744;ENSG00000134013;ENSG00000083444;ENSG00000163453;ENSG00000162510;ENSG00000115380;ENSG00000049192;ENSG00000169436;ENSG00000158859;ENSG00000275395;ENSG00000075711;ENSG00000164619;ENSG00000159674;ENSG00000205038;ENSG00000112851;ENSG00000145536;ENSG00000087303;ENSG00000129038;ENSG00000132692;ENSG00000188107;ENSG00000169031;ENSG00000081052;ENSG00000149294;ENSG00000119681;ENSG00000173402;ENSG00000197565;ENSG00000187498;ENSG00000147044;ENSG00000183628;ENSG00000166033;ENSG00000171560;ENSG00000156103;ENSG00000196569"
"GO","GOBP_RIBOSE_PHOSPHATE_BIOSYNTHETIC_PROCESS",4.91968309660747e-07,6.28605545853317e-05,0.659444398037935,0.46165037497158,1.84998881906694,182,"ENSG00000176410;ENSG00000149925;ENSG00000102967;ENSG00000183648;ENSG00000074800;ENSG00000114491;ENSG00000267855;ENSG00000152234;ENSG00000243678;ENSG00000154723;ENSG00000106992;ENSG00000241837;ENSG00000186010;ENSG00000099624;ENSG00000241468;ENSG00000158828;ENSG00000239672;ENSG00000178127;ENSG00000154027;ENSG00000063176;ENSG00000178035;ENSG00000198276;ENSG00000213619;ENSG00000138363;ENSG00000166136;ENSG00000160194;ENSG00000164326;ENSG00000110717;ENSG00000164258;ENSG00000130414;ENSG00000174886;ENSG00000160211;ENSG00000035687;ENSG00000145494;ENSG00000090266;ENSG00000075399;ENSG00000140990;ENSG00000099795;ENSG00000124172;ENSG00000139180;ENSG00000169020;ENSG00000170906;ENSG00000147684;ENSG00000147123;ENSG00000159199;ENSG00000167792;ENSG00000106348;ENSG00000117118;ENSG00000239900;ENSG00000131495;ENSG00000185100;ENSG00000116459;ENSG00000171793;ENSG00000165283;ENSG00000185883;ENSG00000110955;ENSG00000168653;ENSG00000125375;ENSG00000115286;ENSG00000151366;ENSG00000156411;ENSG00000102125;ENSG00000109390;ENSG00000184752;ENSG00000204922;ENSG00000135390;ENSG00000167283;ENSG00000156110;ENSG00000103202;ENSG00000198931;ENSG00000004779;ENSG00000073578;ENSG00000103254;ENSG00000132518;ENSG00000119421;ENSG00000184983;ENSG00000128059"
"GO","GOBP_PROTEIN_N_LINKED_GLYCOSYLATION",5.45789557345714e-07,6.84460533767626e-05,0.659444398037935,-0.578296887349063,-2.06487365321652,89,"ENSG00000099958;ENSG00000134910;ENSG00000136731;ENSG00000102158;ENSG00000008513;ENSG00000089597;ENSG00000163527;ENSG00000138821;ENSG00000071073;ENSG00000163902;ENSG00000198856;ENSG00000175548;ENSG00000244038;ENSG00000151348;ENSG00000196547;ENSG00000111670;ENSG00000253710;ENSG00000130175;ENSG00000167130;ENSG00000198380;ENSG00000112893;ENSG00000214013;ENSG00000172269;ENSG00000086848;ENSG00000139133;ENSG00000131459;ENSG00000120697;ENSG00000033170;ENSG00000182858;ENSG00000198162;ENSG00000172728;ENSG00000013375;ENSG00000119523;ENSG00000172461;ENSG00000033011;ENSG00000102595;ENSG00000187097;ENSG00000111885;ENSG00000153989;ENSG00000114745;ENSG00000111728;ENSG00000134851;ENSG00000104723;ENSG00000117643;ENSG00000049860;ENSG00000086062;ENSG00000118705;ENSG00000167889;ENSG00000159063;ENSG00000128039;ENSG00000088035;ENSG00000073849"
"GO","GOBP_GLYCOPROTEIN_BIOSYNTHETIC_PROCESS",6.11673367389576e-07,7.53136735265856e-05,0.659444398037935,-0.423334771734364,-1.74898772358333,295,"ENSG00000099958;ENSG00000179104;ENSG00000134910;ENSG00000136731;ENSG00000102158;ENSG00000008513;ENSG00000162885;ENSG00000173950;ENSG00000089597;ENSG00000163527;ENSG00000125304;ENSG00000138821;ENSG00000139289;ENSG00000071073;ENSG00000163902;ENSG00000109814;ENSG00000107331;ENSG00000155893;ENSG00000171451;ENSG00000106692;ENSG00000130714;ENSG00000172986;ENSG00000198856;ENSG00000175548;ENSG00000244038;ENSG00000123908;ENSG00000151348;ENSG00000196547;ENSG00000138336;ENSG00000111670;ENSG00000111962;ENSG00000141458;ENSG00000136152;ENSG00000182240;ENSG00000253710;ENSG00000116704;ENSG00000134901;ENSG00000130175;ENSG00000167130;ENSG00000198380;ENSG00000112893;ENSG00000171791;ENSG00000115993;ENSG00000214013;ENSG00000180549;ENSG00000172269;ENSG00000111817;ENSG00000086848;ENSG00000131873;ENSG00000162630;ENSG00000139133;ENSG00000083444;ENSG00000131459;ENSG00000154080;ENSG00000147408;ENSG00000120697;ENSG00000139324;ENSG00000033170;ENSG00000176597;ENSG00000116199;ENSG00000182858;ENSG00000162736;ENSG00000198162;ENSG00000172728;ENSG00000178202;ENSG00000154252;ENSG00000013375;ENSG00000070269;ENSG00000119523;ENSG00000172461;ENSG00000182606;ENSG00000144278;ENSG00000182621;ENSG00000187676;ENSG00000033011;ENSG00000102595;ENSG00000187097;ENSG00000171155;ENSG00000100626;ENSG00000187605;ENSG00000168769;ENSG00000178301;ENSG00000111885;ENSG00000164100;ENSG00000153989;ENSG00000187210;ENSG00000110328;ENSG00000169105;ENSG00000136720;ENSG00000114745;ENSG00000111728;ENSG00000187446;ENSG00000105639;ENSG00000134851;ENSG00000104723;ENSG00000117643;ENSG00000049860;ENSG00000169826;ENSG00000183778;ENSG00000157593;ENSG00000163389;ENSG00000086062;ENSG00000118705;ENSG00000138696;ENSG00000141429;ENSG00000167889;ENSG00000131386;ENSG00000130309;ENSG00000163378;ENSG00000159063;ENSG00000158008;ENSG00000128039;ENSG00000088035;ENSG00000125247;ENSG00000165240;ENSG00000073849"
"GO","GOBP_MITOCHONDRIAL_ELECTRON_TRANSPORT_NADH_TO_UBIQUINONE",6.6473721257462e-07,8.03857214920594e-05,0.659444398037935,0.654981747424998,2.15602706928613,52,"ENSG00000145335;ENSG00000189043;ENSG00000183648;ENSG00000267855;ENSG00000158828;ENSG00000178127;ENSG00000213619;ENSG00000166136;ENSG00000160194;ENSG00000110717;ENSG00000164258;ENSG00000130414;ENSG00000174886;ENSG00000145494;ENSG00000090266;ENSG00000140990;ENSG00000099795;ENSG00000139180;ENSG00000170906;ENSG00000116288;ENSG00000120675;ENSG00000147684;ENSG00000167792;ENSG00000137806;ENSG00000131495;ENSG00000136003;ENSG00000168653;ENSG00000115286;ENSG00000151366;ENSG00000109390;ENSG00000004779;ENSG00000119421;ENSG00000184983;ENSG00000125356;ENSG00000065518;ENSG00000091140"
"GO","GOBP_IMPORT_ACROSS_PLASMA_MEMBRANE",7.54538585123932e-07,8.9644478920338e-05,0.659444398037935,-0.453511581760716,-1.80662812196934,208,"ENSG00000117394;ENSG00000139209;ENSG00000003989;ENSG00000183023;ENSG00000074621;ENSG00000144191;ENSG00000137731;ENSG00000104635;ENSG00000138821;ENSG00000155465;ENSG00000157542;ENSG00000123643;ENSG00000169174;ENSG00000139514;ENSG00000198743;ENSG00000198648;ENSG00000123700;ENSG00000092068;ENSG00000221823;ENSG00000169427;ENSG00000204442;ENSG00000150093;ENSG00000164756;ENSG00000142208;ENSG00000171488;ENSG00000163399;ENSG00000149150;ENSG00000147100;ENSG00000145740;ENSG00000108061;ENSG00000053918;ENSG00000153956;ENSG00000164626;ENSG00000115902;ENSG00000103064;ENSG00000115616;ENSG00000182324;ENSG00000113504;ENSG00000055118;ENSG00000075711;ENSG00000171867;ENSG00000170385;ENSG00000180773;ENSG00000141424;ENSG00000065923;ENSG00000170540;ENSG00000151012;ENSG00000074803;ENSG00000131389;ENSG00000185950;ENSG00000139540;ENSG00000110436;ENSG00000196517;ENSG00000171492;ENSG00000188386;ENSG00000134294;ENSG00000221955;ENSG00000130876;ENSG00000099822;ENSG00000162989;ENSG00000181804;ENSG00000106688;ENSG00000112212;ENSG00000153822;ENSG00000167723;ENSG00000168003;ENSG00000130234"
"GO","GOBP_MITOCHONDRIAL_MEMBRANE_ORGANIZATION",1.04014030136169e-06,0.000121445346910713,0.643551836150722,0.52201121613548,1.97279014374066,116,"ENSG00000108179;ENSG00000145335;ENSG00000174917;ENSG00000063761;ENSG00000160014;ENSG00000186010;ENSG00000250479;ENSG00000178307;ENSG00000158828;ENSG00000007923;ENSG00000140939;ENSG00000214736;ENSG00000074582;ENSG00000188906;ENSG00000125995;ENSG00000173171;ENSG00000128654;ENSG00000151729;ENSG00000155463;ENSG00000132305;ENSG00000100575;ENSG00000204389;ENSG00000105197;ENSG00000125652;ENSG00000139197;ENSG00000130204;ENSG00000176720;ENSG00000162600;ENSG00000113013;ENSG00000134809;ENSG00000150779;ENSG00000030110;ENSG00000087088;ENSG00000096092;ENSG00000165637;ENSG00000099800;ENSG00000140983;ENSG00000102125;ENSG00000100347;ENSG00000167315;ENSG00000197912;ENSG00000142444;ENSG00000204922;ENSG00000122386;ENSG00000196683;ENSG00000137409;ENSG00000105723;ENSG00000175768;ENSG00000015475;ENSG00000165943;ENSG00000090020;ENSG00000001084;ENSG00000162972;ENSG00000184990;ENSG00000181284;ENSG00000159445;ENSG00000005022;ENSG00000171202"
"GO","GOCC_APICAL_PLASMA_MEMBRANE",1.18692062856293e-06,0.000136234347400478,0.643551836150722,-0.391819535252825,-1.66227426238136,388,"ENSG00000166900;ENSG00000099246;ENSG00000112759;ENSG00000050405;ENSG00000117394;ENSG00000213853;ENSG00000115414;ENSG00000104635;ENSG00000138821;ENSG00000110911;ENSG00000137474;ENSG00000132874;ENSG00000157087;ENSG00000103222;ENSG00000152556;ENSG00000152683;ENSG00000135835;ENSG00000123643;ENSG00000110324;ENSG00000101384;ENSG00000163347;ENSG00000041353;ENSG00000170558;ENSG00000143921;ENSG00000141526;ENSG00000139514;ENSG00000198743;ENSG00000198648;ENSG00000092068;ENSG00000036828;ENSG00000080822;ENSG00000158445;ENSG00000122756;ENSG00000079385;ENSG00000125257;ENSG00000101850;ENSG00000146535;ENSG00000147649;ENSG00000157168;ENSG00000163399;ENSG00000042781;ENSG00000135750;ENSG00000166006;ENSG00000154096;ENSG00000109756;ENSG00000159167;ENSG00000168065;ENSG00000136868;ENSG00000169860;ENSG00000005471;ENSG00000149150;ENSG00000147100;ENSG00000145740;ENSG00000170482;ENSG00000053918;ENSG00000168710;ENSG00000154556;ENSG00000135047;ENSG00000116117;ENSG00000115616;ENSG00000155850;ENSG00000133116;ENSG00000178184;ENSG00000155897;ENSG00000075711;ENSG00000106100;ENSG00000091137;ENSG00000154310;ENSG00000141424;ENSG00000138669;ENSG00000144290;ENSG00000124564;ENSG00000151012;ENSG00000173698;ENSG00000074803;ENSG00000131389;ENSG00000137860;ENSG00000173898;ENSG00000007216;ENSG00000082482;ENSG00000151229;ENSG00000196517;ENSG00000075651;ENSG00000183067;ENSG00000197635;ENSG00000151490;ENSG00000100373;ENSG00000257335;ENSG00000085832;ENSG00000168060;ENSG00000153721;ENSG00000186193;ENSG00000152939;ENSG00000197822;ENSG00000137857;ENSG00000026508;ENSG00000118507;ENSG00000069974;ENSG00000156113;ENSG00000110719;ENSG00000163581;ENSG00000085563;ENSG00000196581;ENSG00000106688;ENSG00000164038;ENSG00000174502;ENSG00000118242;ENSG00000050438;ENSG00000198569;ENSG00000168003;ENSG00000130234;ENSG00000239732;ENSG00000163558;ENSG00000172367;ENSG00000136153;ENSG00000023839;ENSG00000197375;ENSG00000086548;ENSG00000086062;ENSG00000187848;ENSG00000186204;ENSG00000102934;ENSG00000122545;ENSG00000180509;ENSG00000066279;ENSG00000162733"
"GO","GOBP_MATURATION_OF_SSU_RRNA_FROM_TRICISTRONIC_RRNA_TRANSCRIPT_SSU_RRNA_5_8S_RRNA_LSU_RRNA",1.51464642880691e-06,0.000170953093598007,0.643551836150722,0.718353309721796,2.17740479940353,35,"ENSG00000129347;ENSG00000120800;ENSG00000227057;ENSG00000124541;ENSG00000105372;ENSG00000112578;ENSG00000105193;ENSG00000167721;ENSG00000183751;ENSG00000179041;ENSG00000129460;ENSG00000241945;ENSG00000160256;ENSG00000104884;ENSG00000150990;ENSG00000120158;ENSG00000115761;ENSG00000142937;ENSG00000272047;ENSG00000108651;ENSG00000171858;ENSG00000141076;ENSG00000165733;ENSG00000124787;ENSG00000087269"
"GO","GOCC_ENDOPLASMIC_RETICULUM_CHAPERONE_COMPLEX",1.54672847286875e-06,0.000171712216692904,0.643551836150722,-0.952521464144615,-2.11673283821884,10,"ENSG00000044574;ENSG00000149428;ENSG00000166598;ENSG00000143870;ENSG00000090520;ENSG00000166794;ENSG00000128228"
"GO","GOBP_NEGATIVE_REGULATION_OF_PROTEIN_LOCALIZATION",1.83835584852556e-06,0.000200795900100243,0.643551836150722,-0.457997907836293,-1.81072875628913,193,"ENSG00000254647;ENSG00000147164;ENSG00000099958;ENSG00000163818;ENSG00000120992;ENSG00000063978;ENSG00000086598;ENSG00000072849;ENSG00000135506;ENSG00000145242;ENSG00000135324;ENSG00000196632;ENSG00000150907;ENSG00000147324;ENSG00000001630;ENSG00000067141;ENSG00000132872;ENSG00000169047;ENSG00000158445;ENSG00000166963;ENSG00000142208;ENSG00000170390;ENSG00000117228;ENSG00000150457;ENSG00000123612;ENSG00000113648;ENSG00000138376;ENSG00000179295;ENSG00000196712;ENSG00000149547;ENSG00000215114;ENSG00000157782;ENSG00000135631;ENSG00000167470;ENSG00000073921;ENSG00000118263;ENSG00000120686;ENSG00000149295;ENSG00000131626;ENSG00000130203;ENSG00000165280;ENSG00000060237;ENSG00000134318;ENSG00000046653;ENSG00000128266;ENSG00000142192"
"GO","GOBP_RESPONSE_TO_TOPOLOGICALLY_INCORRECT_PROTEIN",1.8869453297082e-06,0.000202831647187047,0.643551836150722,-0.481655563479595,-1.87449033603731,168,"ENSG00000044574;ENSG00000051108;ENSG00000145050;ENSG00000102580;ENSG00000099958;ENSG00000175197;ENSG00000172071;ENSG00000067167;ENSG00000023318;ENSG00000086598;ENSG00000134109;ENSG00000128228;ENSG00000072849;ENSG00000135506;ENSG00000163527;ENSG00000118217;ENSG00000100219;ENSG00000138617;ENSG00000128590;ENSG00000197930;ENSG00000116761;ENSG00000124164;ENSG00000178607;ENSG00000128965;ENSG00000182158;ENSG00000144224;ENSG00000142208;ENSG00000113194;ENSG00000157613;ENSG00000136986;ENSG00000144468;ENSG00000152137;ENSG00000151883;ENSG00000198855;ENSG00000164463;ENSG00000165192;ENSG00000105664;ENSG00000165280;ENSG00000158615;ENSG00000137504;ENSG00000145675;ENSG00000153094;ENSG00000174010;ENSG00000087074;ENSG00000180535;ENSG00000064115;ENSG00000106638;ENSG00000104517;ENSG00000115806"
"GO","GOBP_ENDOPLASMIC_RETICULUM_TO_CYTOSOL_TRANSPORT",1.95008869602534e-06,0.000206064769539956,0.627256739718528,-0.768172704839043,-2.20257353893795,29,"ENSG00000051108;ENSG00000166598;ENSG00000099958;ENSG00000071537;ENSG00000134109;ENSG00000072849;ENSG00000135506;ENSG00000162298;ENSG00000113194;ENSG00000136986;ENSG00000144468"
"GO","GOBP_TRNA_METABOLIC_PROCESS",1.97788098347566e-06,0.000206064769539956,0.627256739718528,0.425083004071034,1.73206447826302,208,"ENSG00000155115;ENSG00000143374;ENSG00000166166;ENSG00000177700;ENSG00000167112;ENSG00000177192;ENSG00000104835;ENSG00000164967;ENSG00000170445;ENSG00000099899;ENSG00000149743;ENSG00000133706;ENSG00000182173;ENSG00000196976;ENSG00000101391;ENSG00000241370;ENSG00000023191;ENSG00000110060;ENSG00000104907;ENSG00000213339;ENSG00000176261;ENSG00000163832;ENSG00000130713;ENSG00000100142;ENSG00000132463;ENSG00000168495;ENSG00000171824;ENSG00000116120;ENSG00000137411;ENSG00000006744;ENSG00000148308;ENSG00000072506;ENSG00000198841;ENSG00000037897;ENSG00000103707;ENSG00000065427;ENSG00000170291;ENSG00000169718;ENSG00000241058;ENSG00000138385;ENSG00000109911;ENSG00000130348;ENSG00000178252;ENSG00000124608;ENSG00000204394;ENSG00000277209;ENSG00000179115;ENSG00000178149;ENSG00000167272;ENSG00000116874;ENSG00000106305;ENSG00000172409;ENSG00000172336;ENSG00000100601;ENSG00000128309;ENSG00000163684;ENSG00000165526;ENSG00000167118;ENSG00000175711;ENSG00000099817;ENSG00000266967;ENSG00000142544;ENSG00000214274;ENSG00000134461;ENSG00000154743;ENSG00000206562;ENSG00000059691;ENSG00000165055;ENSG00000162971;ENSG00000169972;ENSG00000106246;ENSG00000075914;ENSG00000124787;ENSG00000160193;ENSG00000178718;ENSG00000154813;ENSG00000135372;ENSG00000174177;ENSG00000113272;ENSG00000089195;ENSG00000091127;ENSG00000125821;ENSG00000113407;ENSG00000138050;ENSG00000213638;ENSG00000146282;ENSG00000173113;ENSG00000121350;ENSG00000144034;ENSG00000136932"
"GO","GOBP_PROTEIN_FOLDING_IN_ENDOPLASMIC_RETICULUM",2.024256181182e-06,0.000207700952408554,0.627256739718528,-0.895577742767152,-2.12160668647439,13,"ENSG00000044574;ENSG00000166598;ENSG00000102580;ENSG00000127022;ENSG00000179218;ENSG00000167004;ENSG00000197930;ENSG00000185624;ENSG00000185615;ENSG00000086619"
"GO","GOMF_NADH_DEHYDROGENASE_UBIQUINONE_ACTIVITY",2.28808230426058e-06,0.00022786607888901,0.627256739718528,0.673423005391012,2.11672841684143,41,"ENSG00000189043;ENSG00000183648;ENSG00000267855;ENSG00000178127;ENSG00000213619;ENSG00000166136;ENSG00000160194;ENSG00000110717;ENSG00000164258;ENSG00000130414;ENSG00000145494;ENSG00000090266;ENSG00000140990;ENSG00000099795;ENSG00000139180;ENSG00000170906;ENSG00000147684;ENSG00000167792;ENSG00000131495;ENSG00000168653;ENSG00000115286;ENSG00000151366;ENSG00000109390;ENSG00000184752;ENSG00000119421;ENSG00000184983;ENSG00000125356;ENSG00000065518"
"GO","GOCC_PIGMENT_GRANULE",2.2742517588527e-06,0.00022786607888901,0.627256739718528,-0.524780644631503,-1.93214310689487,111,"ENSG00000044574;ENSG00000155660;ENSG00000166598;ENSG00000143870;ENSG00000166900;ENSG00000127022;ENSG00000108774;ENSG00000167004;ENSG00000117394;ENSG00000166794;ENSG00000089597;ENSG00000170348;ENSG00000137474;ENSG00000163902;ENSG00000197535;ENSG00000041353;ENSG00000128595;ENSG00000197043;ENSG00000150093;ENSG00000182240;ENSG00000101850;ENSG00000185624;ENSG00000163399;ENSG00000100099;ENSG00000115657;ENSG00000115902;ENSG00000104044;ENSG00000130203"
"GO","GOCC_90S_PRERIBOSOME",2.81091024730854e-06,0.000275876582532949,0.627256739718528,0.746479220746477,2.16069323372844,28,"ENSG00000129347;ENSG00000120800;ENSG00000138442;ENSG00000189306;ENSG00000124541;ENSG00000261236;ENSG00000100029;ENSG00000167721;ENSG00000183751;ENSG00000241945;ENSG00000160256;ENSG00000165271;ENSG00000184967;ENSG00000108651;ENSG00000188976;ENSG00000182841;ENSG00000141076;ENSG00000165733;ENSG00000087269;ENSG00000011260;ENSG00000124383;ENSG00000136718"
"GO","GOBP_RNA_MODIFICATION",4.11317303755362e-06,0.000397920111575901,0.610526878385931,0.451893662614713,1.80796403045393,178,"ENSG00000188573;ENSG00000162851;ENSG00000166166;ENSG00000071462;ENSG00000108592;ENSG00000167112;ENSG00000177192;ENSG00000130826;ENSG00000278619;ENSG00000126749;ENSG00000106133;ENSG00000101391;ENSG00000100138;ENSG00000156990;ENSG00000110060;ENSG00000104907;ENSG00000213339;ENSG00000163832;ENSG00000145912;ENSG00000101361;ENSG00000138382;ENSG00000255561;ENSG00000111641;ENSG00000146834;ENSG00000072506;ENSG00000198841;ENSG00000109534;ENSG00000037897;ENSG00000103707;ENSG00000125652;ENSG00000170291;ENSG00000182117;ENSG00000239713;ENSG00000169718;ENSG00000198917;ENSG00000241058;ENSG00000138385;ENSG00000007376;ENSG00000109911;ENSG00000178252;ENSG00000007520;ENSG00000130305;ENSG00000244509;ENSG00000086189;ENSG00000143977;ENSG00000070495;ENSG00000178149;ENSG00000125743;ENSG00000100601;ENSG00000128309;ENSG00000165526;ENSG00000167118;ENSG00000175711;ENSG00000171861;ENSG00000142544;ENSG00000134461;ENSG00000206562;ENSG00000125835;ENSG00000165055;ENSG00000162971;ENSG00000169972;ENSG00000182004;ENSG00000235272;ENSG00000106246;ENSG00000127804;ENSG00000162639;ENSG00000160193;ENSG00000169612;ENSG00000166133;ENSG00000122687;ENSG00000154813;ENSG00000101574;ENSG00000135372;ENSG00000174177;ENSG00000113272;ENSG00000055044;ENSG00000105202;ENSG00000089195;ENSG00000091127;ENSG00000156735;ENSG00000138050;ENSG00000155858;ENSG00000029639;ENSG00000173113;ENSG00000100028;ENSG00000144034;ENSG00000136932;ENSG00000117481;ENSG00000171103;ENSG00000165819"
"GO","GOBP_INNER_MITOCHONDRIAL_MEMBRANE_ORGANIZATION",4.29859914142925e-06,0.000410001596982519,0.610526878385931,0.648700912319565,2.07603578672974,45,"ENSG00000174917;ENSG00000063761;ENSG00000186010;ENSG00000250479;ENSG00000178307;ENSG00000158828;ENSG00000007923;ENSG00000074582;ENSG00000125995;ENSG00000173171;ENSG00000128654;ENSG00000155463;ENSG00000132305;ENSG00000100575;ENSG00000162600;ENSG00000113013;ENSG00000134809;ENSG00000150779;ENSG00000099800;ENSG00000102125;ENSG00000100347;ENSG00000142444;ENSG00000204922"
"GO","GOBP_RRNA_METHYLATION",4.65164478733081e-06,0.000437513034719503,0.610526878385931,0.725795628674615,2.11642391193503,29,"ENSG00000188573;ENSG00000162851;ENSG00000071462;ENSG00000108592;ENSG00000278619;ENSG00000126749;ENSG00000100138;ENSG00000101361;ENSG00000138382;ENSG00000255561;ENSG00000111641;ENSG00000198917;ENSG00000130305;ENSG00000086189;ENSG00000171861;ENSG00000127804;ENSG00000122687;ENSG00000055044;ENSG00000105202;ENSG00000029639;ENSG00000173113;ENSG00000117481;ENSG00000171103"
"GO","GOCC_BASEMENT_MEMBRANE",5.04662993955586e-06,0.000468161341790032,0.610526878385931,-0.551969779836782,-1.99130029334818,96,"ENSG00000100234;ENSG00000138759;ENSG00000171812;ENSG00000115414;ENSG00000100767;ENSG00000084636;ENSG00000182871;ENSG00000053747;ENSG00000091136;ENSG00000090530;ENSG00000114270;ENSG00000130508;ENSG00000101680;ENSG00000132561;ENSG00000184349;ENSG00000164946;ENSG00000142798;ENSG00000042781;ENSG00000150893;ENSG00000198759;ENSG00000166147;ENSG00000134013;ENSG00000169436;ENSG00000075711;ENSG00000112851;ENSG00000087303;ENSG00000129038;ENSG00000169031;ENSG00000081052;ENSG00000173402;ENSG00000197565;ENSG00000187498;ENSG00000147044;ENSG00000196569;ENSG00000165816;ENSG00000188157;ENSG00000204291;ENSG00000138185;ENSG00000198732;ENSG00000231991"
"GO","GOBP_NUCLEOTIDE_METABOLIC_PROCESS",7.19785651214544e-06,0.000658701139192553,0.610526878385931,0.345564425460804,1.52377902401553,482,"ENSG00000101347;ENSG00000176410;ENSG00000175567;ENSG00000128294;ENSG00000143153;ENSG00000171314;ENSG00000067225;ENSG00000149925;ENSG00000114779;ENSG00000009950;ENSG00000173786;ENSG00000102967;ENSG00000154277;ENSG00000167588;ENSG00000111674;ENSG00000183648;ENSG00000074800;ENSG00000114491;ENSG00000267855;ENSG00000163382;ENSG00000152234;ENSG00000243678;ENSG00000125877;ENSG00000154723;ENSG00000106992;ENSG00000241837;ENSG00000186010;ENSG00000158122;ENSG00000168393;ENSG00000099624;ENSG00000196368;ENSG00000179958;ENSG00000241468;ENSG00000067057;ENSG00000164073;ENSG00000130830;ENSG00000130021;ENSG00000140398;ENSG00000111716;ENSG00000158828;ENSG00000239672;ENSG00000178127;ENSG00000154027;ENSG00000189283;ENSG00000063176;ENSG00000178035;ENSG00000198276;ENSG00000213619;ENSG00000138363;ENSG00000166136;ENSG00000160194;ENSG00000164326;ENSG00000108528;ENSG00000242372;ENSG00000125458;ENSG00000110717;ENSG00000164258;ENSG00000114026;ENSG00000130414;ENSG00000174886;ENSG00000197417;ENSG00000188906;ENSG00000160211;ENSG00000035687;ENSG00000145494;ENSG00000065057;ENSG00000025708;ENSG00000008130;ENSG00000090266;ENSG00000075399;ENSG00000140990;ENSG00000099795;ENSG00000124172;ENSG00000139180;ENSG00000169020;ENSG00000111669;ENSG00000213465;ENSG00000173614;ENSG00000004139;ENSG00000214253;ENSG00000142657;ENSG00000181929;ENSG00000235376;ENSG00000204389;ENSG00000170906;ENSG00000173193;ENSG00000116288;ENSG00000147684;ENSG00000147123;ENSG00000159199;ENSG00000065427;ENSG00000077463;ENSG00000100300;ENSG00000181027;ENSG00000167792;ENSG00000130313;ENSG00000183077;ENSG00000106348;ENSG00000169738;ENSG00000117118;ENSG00000239900;ENSG00000196839;ENSG00000131495;ENSG00000185100;ENSG00000076043;ENSG00000146701;ENSG00000116459;ENSG00000087494;ENSG00000112541;ENSG00000160688;ENSG00000109063;ENSG00000171793;ENSG00000198570;ENSG00000111640;ENSG00000198585;ENSG00000226784;ENSG00000065833;ENSG00000165283;ENSG00000113575;ENSG00000162409;ENSG00000185883;ENSG00000161999;ENSG00000110955;ENSG00000085231;ENSG00000168653;ENSG00000125375;ENSG00000112667;ENSG00000163931;ENSG00000105679;ENSG00000115286;ENSG00000099256;ENSG00000156510;ENSG00000162882;ENSG00000151366;ENSG00000156411;ENSG00000102125;ENSG00000078237;ENSG00000186642;ENSG00000109390;ENSG00000120053;ENSG00000184752;ENSG00000164708;ENSG00000076248;ENSG00000141698;ENSG00000204922;ENSG00000135390;ENSG00000167283;ENSG00000156110;ENSG00000114956;ENSG00000173598;ENSG00000103202;ENSG00000198931;ENSG00000119125;ENSG00000004779;ENSG00000123415;ENSG00000073578;ENSG00000103254;ENSG00000170950;ENSG00000136159;ENSG00000186364;ENSG00000132518;ENSG00000023697;ENSG00000162813;ENSG00000065135;ENSG00000119421"
"GO","GOBP_MATURATION_OF_LSU_RRNA",7.38163990059971e-06,0.000662553874295906,0.610526878385931,0.705418669671237,2.10297532550387,32,"ENSG00000197498;ENSG00000130810;ENSG00000108592;ENSG00000138442;ENSG00000261236;ENSG00000100029;ENSG00000141456;ENSG00000242372;ENSG00000111641;ENSG00000111845;ENSG00000146223;ENSG00000198042;ENSG00000162408;ENSG00000136942;ENSG00000117133;ENSG00000273611;ENSG00000188739;ENSG00000065268;ENSG00000148303;ENSG00000147604;ENSG00000001497;ENSG00000067533;ENSG00000173113;ENSG00000164346;ENSG00000117174"
"GO","GOCC_ENDOPLASMIC_RETICULUM_GOLGI_INTERMEDIATE_COMPARTMENT",7.43563119410645e-06,0.000662553874295906,0.610526878385931,-0.497378303883548,-1.8826220198891,135,"ENSG00000254647;ENSG00000044574;ENSG00000143870;ENSG00000179218;ENSG00000136731;ENSG00000115414;ENSG00000023318;ENSG00000086598;ENSG00000170348;ENSG00000071073;ENSG00000113719;ENSG00000134970;ENSG00000114270;ENSG00000085788;ENSG00000136874;ENSG00000185624;ENSG00000128602;ENSG00000169855;ENSG00000185010;ENSG00000173230;ENSG00000158623;ENSG00000157837;ENSG00000139505;ENSG00000180398;ENSG00000102595;ENSG00000105438;ENSG00000111885;ENSG00000070081;ENSG00000148248;ENSG00000162407;ENSG00000256060;ENSG00000074695;ENSG00000114745;ENSG00000187446;ENSG00000108433;ENSG00000142186;ENSG00000107651;ENSG00000103335;ENSG00000129083"
"GO","GOBP_PROTEIN_LOCALIZATION_TO_MITOCHONDRION",8.20241901183018e-06,0.00072138677335213,0.593325476396405,0.583371807305774,2.02138756943901,70,"ENSG00000198060;ENSG00000163528;ENSG00000186010;ENSG00000105701;ENSG00000158828;ENSG00000104980;ENSG00000217930;ENSG00000126768;ENSG00000214736;ENSG00000074582;ENSG00000158882;ENSG00000080824;ENSG00000188906;ENSG00000125995;ENSG00000173171;ENSG00000128654;ENSG00000155463;ENSG00000004139;ENSG00000100575;ENSG00000120675;ENSG00000105197;ENSG00000144381;ENSG00000100300;ENSG00000130204;ENSG00000134809;ENSG00000150779;ENSG00000127554;ENSG00000087088;ENSG00000178828;ENSG00000086061;ENSG00000099800;ENSG00000213221;ENSG00000100347;ENSG00000142444;ENSG00000196683;ENSG00000137409;ENSG00000175768;ENSG00000165943;ENSG00000162972;ENSG00000171202;ENSG00000109519"
"GO","GOMF_PROTEIN_DISULFIDE_ISOMERASE_ACTIVITY",9.47768818287879e-06,0.000822857748390451,0.593325476396405,-0.831624521157596,-2.15531184064708,19,"ENSG00000155660;ENSG00000143870;ENSG00000184164;ENSG00000163703;ENSG00000167004;ENSG00000023318;ENSG00000239264;ENSG00000185624;ENSG00000185615;ENSG00000065485;ENSG00000116260"
"GO","GOBP_PROTEIN_EXIT_FROM_ENDOPLASMIC_RETICULUM",1.11892610164869e-05,0.000935477476588266,0.593325476396405,-0.617305208770376,-2.05015708876396,58,"ENSG00000051108;ENSG00000166598;ENSG00000099958;ENSG00000071537;ENSG00000134109;ENSG00000072849;ENSG00000135506;ENSG00000162298;ENSG00000138674;ENSG00000113194;ENSG00000136986;ENSG00000150961;ENSG00000144468;ENSG00000101337;ENSG00000165280;ENSG00000182107;ENSG00000110651;ENSG00000148248;ENSG00000113615;ENSG00000074695;ENSG00000176986;ENSG00000068912"
"GO","GOBP_MITOCHONDRIAL_RNA_METABOLIC_PROCESS",1.11679167894131e-05,0.000935477476588266,0.593325476396405,0.579937101801846,1.97651352303695,63,"ENSG00000162851;ENSG00000143374;ENSG00000167112;ENSG00000177192;ENSG00000104835;ENSG00000119705;ENSG00000156502;ENSG00000262814;ENSG00000107815;ENSG00000101391;ENSG00000132463;ENSG00000164896;ENSG00000108561;ENSG00000006744;ENSG00000072506;ENSG00000136270;ENSG00000076043;ENSG00000124608;ENSG00000116874;ENSG00000171612;ENSG00000165526;ENSG00000127989;ENSG00000106246;ENSG00000103510;ENSG00000101574;ENSG00000156469;ENSG00000029639;ENSG00000117481;ENSG00000171103"
"GO","GOCC_APICAL_PART_OF_CELL",1.09643679313084e-05,0.000935477476588266,0.593325476396405,-0.355563415291675,-1.53751628252067,484,"ENSG00000166900;ENSG00000099246;ENSG00000112759;ENSG00000050405;ENSG00000196549;ENSG00000117394;ENSG00000213853;ENSG00000115414;ENSG00000104635;ENSG00000138821;ENSG00000110911;ENSG00000137474;ENSG00000132874;ENSG00000086300;ENSG00000157087;ENSG00000103222;ENSG00000152556;ENSG00000152683;ENSG00000135835;ENSG00000160271;ENSG00000123643;ENSG00000110324;ENSG00000101384;ENSG00000163347;ENSG00000041353;ENSG00000100503;ENSG00000170558;ENSG00000143921;ENSG00000141526;ENSG00000187240;ENSG00000139514;ENSG00000198743;ENSG00000198648;ENSG00000158813;ENSG00000092068;ENSG00000169994;ENSG00000036828;ENSG00000257743;ENSG00000080822;ENSG00000158445;ENSG00000122756;ENSG00000079385;ENSG00000125257;ENSG00000101850;ENSG00000167306;ENSG00000146535;ENSG00000147649;ENSG00000157168;ENSG00000035403;ENSG00000163399;ENSG00000139350;ENSG00000042781;ENSG00000135750;ENSG00000166006;ENSG00000154096;ENSG00000197405;ENSG00000109756;ENSG00000159167;ENSG00000168065;ENSG00000136868;ENSG00000169860;ENSG00000005471;ENSG00000149150;ENSG00000147100;ENSG00000145740;ENSG00000170482;ENSG00000053918;ENSG00000168710;ENSG00000154556;ENSG00000135047;ENSG00000116117;ENSG00000115616;ENSG00000155850;ENSG00000115170;ENSG00000133116;ENSG00000178184;ENSG00000155897;ENSG00000075711;ENSG00000106100;ENSG00000091137;ENSG00000139437;ENSG00000154310;ENSG00000141424;ENSG00000138669;ENSG00000144290;ENSG00000124564;ENSG00000151012;ENSG00000173698;ENSG00000074803;ENSG00000131389;ENSG00000137860;ENSG00000173898;ENSG00000007216;ENSG00000082482;ENSG00000151229;ENSG00000196517;ENSG00000075651;ENSG00000183067;ENSG00000197635;ENSG00000151490;ENSG00000100373;ENSG00000134294;ENSG00000257335;ENSG00000085832;ENSG00000168060;ENSG00000153721;ENSG00000186193;ENSG00000152939;ENSG00000197822;ENSG00000137857;ENSG00000026508;ENSG00000118507;ENSG00000069974;ENSG00000156113;ENSG00000110719;ENSG00000163581;ENSG00000154646;ENSG00000085563;ENSG00000196581;ENSG00000106688;ENSG00000164038;ENSG00000174502;ENSG00000118242;ENSG00000050438;ENSG00000198569;ENSG00000168003;ENSG00000130234;ENSG00000239732;ENSG00000155097;ENSG00000096433;ENSG00000163558;ENSG00000172367;ENSG00000136153;ENSG00000023839;ENSG00000197375;ENSG00000086548;ENSG00000086062;ENSG00000187848;ENSG00000186204;ENSG00000102934;ENSG00000122545;ENSG00000180509;ENSG00000066279;ENSG00000162733;ENSG00000138036;ENSG00000176463;ENSG00000172940;ENSG00000188158;ENSG00000136068"
"GO","GOCC_INNER_MITOCHONDRIAL_MEMBRANE_PROTEIN_COMPLEX",1.15945340111469e-05,0.000957538833213256,0.593325476396405,0.596836410460547,2.00457671648951,58,"ENSG00000167085;ENSG00000005059;ENSG00000174917;ENSG00000250479;ENSG00000104980;ENSG00000007923;ENSG00000217930;ENSG00000126768;ENSG00000130159;ENSG00000215021;ENSG00000125995;ENSG00000173171;ENSG00000128654;ENSG00000132305;ENSG00000100575;ENSG00000120675;ENSG00000105197;ENSG00000137806;ENSG00000113013;ENSG00000134809;ENSG00000148950;ENSG00000100347;ENSG00000165487;ENSG00000197912;ENSG00000142444;ENSG00000183172"
"GO","GOBP_CELLULAR_RESPONSE_TO_UNFOLDED_PROTEIN",1.37888868288452e-05,0.00112504026030048,0.593325476396405,-0.523417069098939,-1.91927484270463,107,"ENSG00000044574;ENSG00000051108;ENSG00000145050;ENSG00000099958;ENSG00000175197;ENSG00000172071;ENSG00000086598;ENSG00000072849;ENSG00000135506;ENSG00000118217;ENSG00000100219;ENSG00000138617;ENSG00000128590;ENSG00000197930;ENSG00000116761;ENSG00000124164;ENSG00000178607;ENSG00000142208;ENSG00000157613;ENSG00000136986;ENSG00000144468;ENSG00000152137;ENSG00000151883;ENSG00000198855;ENSG00000164463;ENSG00000165192;ENSG00000165280;ENSG00000158615;ENSG00000137504;ENSG00000145675;ENSG00000153094;ENSG00000087074;ENSG00000180535;ENSG00000064115;ENSG00000106638"
"GO","GOBP_RNA_METHYLATION",1.48708591256501e-05,0.00118846901106412,0.593325476396405,0.518617949826123,1.8791629238828,90,"ENSG00000188573;ENSG00000162851;ENSG00000166166;ENSG00000071462;ENSG00000108592;ENSG00000278619;ENSG00000126749;ENSG00000106133;ENSG00000100138;ENSG00000104907;ENSG00000101361;ENSG00000138382;ENSG00000255561;ENSG00000111641;ENSG00000146834;ENSG00000072506;ENSG00000037897;ENSG00000198917;ENSG00000241058;ENSG00000178252;ENSG00000130305;ENSG00000086189;ENSG00000143977;ENSG00000178149;ENSG00000125743;ENSG00000171861;ENSG00000206562;ENSG00000125835;ENSG00000165055;ENSG00000182004;ENSG00000235272;ENSG00000127804;ENSG00000162639;ENSG00000160193;ENSG00000169612;ENSG00000122687;ENSG00000055044;ENSG00000105202;ENSG00000089195;ENSG00000138050;ENSG00000155858;ENSG00000029639;ENSG00000173113;ENSG00000100028;ENSG00000136932;ENSG00000117481;ENSG00000171103;ENSG00000165819;ENSG00000174720"
"GO","GOCC_SPLICEOSOMAL_COMPLEX",1.49172867602555e-05,0.00118846901106412,0.593325476396405,0.410669348517058,1.67571692522405,216,"ENSG00000128739;ENSG00000184281;ENSG00000184209;ENSG00000124562;ENSG00000186166;ENSG00000161981;ENSG00000125449;ENSG00000117569;ENSG00000131981;ENSG00000104852;ENSG00000100138;ENSG00000177483;ENSG00000070756;ENSG00000126254;ENSG00000109536;ENSG00000100319;ENSG00000141543;ENSG00000146007;ENSG00000105248;ENSG00000136819;ENSG00000095485;ENSG00000128563;ENSG00000169217;ENSG00000065978;ENSG00000105618;ENSG00000204392;ENSG00000117751;ENSG00000115053;ENSG00000125870;ENSG00000108883;ENSG00000104957;ENSG00000143977;ENSG00000086589;ENSG00000146963;ENSG00000105705;ENSG00000183684;ENSG00000125743;ENSG00000113593;ENSG00000119878;ENSG00000130332;ENSG00000138433;ENSG00000175467;ENSG00000169249;ENSG00000068394;ENSG00000105058;ENSG00000169976;ENSG00000273559;ENSG00000152404;ENSG00000007392;ENSG00000162385;ENSG00000092199;ENSG00000132792;ENSG00000160799;ENSG00000125835;ENSG00000003756;ENSG00000163877;ENSG00000134453;ENSG00000076924;ENSG00000115128;ENSG00000074201;ENSG00000183258;ENSG00000182004;ENSG00000212643;ENSG00000198783;ENSG00000163156;ENSG00000127993;ENSG00000143368;ENSG00000092208;ENSG00000087365;ENSG00000130520;ENSG00000131043;ENSG00000137656;ENSG00000100056;ENSG00000109971;ENSG00000136875;ENSG00000100603;ENSG00000100028;ENSG00000140259;ENSG00000076650;ENSG00000224578;ENSG00000005436;ENSG00000123154;ENSG00000125352;ENSG00000104897;ENSG00000101161;ENSG00000084072;ENSG00000131876;ENSG00000244395;ENSG00000111196;ENSG00000116752;ENSG00000128534;ENSG00000164548;ENSG00000095787;ENSG00000033030;ENSG00000099783;ENSG00000099622;ENSG00000039123;ENSG00000153187;ENSG00000110107;ENSG00000173681;ENSG00000160201;ENSG00000120688;ENSG00000161265;ENSG00000170144;ENSG00000150316;ENSG00000132680;ENSG00000134597;ENSG00000169045;ENSG00000163510;ENSG00000063244;ENSG00000106344;ENSG00000117614;ENSG00000139343;ENSG00000141759;ENSG00000096401;ENSG00000152795;ENSG00000089682;ENSG00000100109;ENSG00000102241;ENSG00000105298;ENSG00000167088"
"GO","GOBP_CELLULAR_RESPONSE_TO_TOPOLOGICALLY_INCORRECT_PROTEIN",1.55102021174804e-05,0.00122133824115788,0.575610261071129,-0.502072793268581,-1.87626449139052,122,"ENSG00000044574;ENSG00000051108;ENSG00000145050;ENSG00000099958;ENSG00000175197;ENSG00000172071;ENSG00000086598;ENSG00000128228;ENSG00000072849;ENSG00000135506;ENSG00000118217;ENSG00000100219;ENSG00000138617;ENSG00000128590;ENSG00000197930;ENSG00000116761;ENSG00000124164;ENSG00000178607;ENSG00000142208;ENSG00000157613;ENSG00000136986;ENSG00000144468;ENSG00000152137;ENSG00000151883;ENSG00000198855;ENSG00000164463;ENSG00000165192;ENSG00000165280;ENSG00000158615;ENSG00000137504;ENSG00000145675;ENSG00000153094;ENSG00000174010;ENSG00000087074;ENSG00000180535;ENSG00000064115;ENSG00000106638;ENSG00000104517"
"GO","GOMF_CATALYTIC_ACTIVITY_ACTING_ON_A_RRNA",1.61357600934564e-05,0.0012559927281941,0.575610261071129,0.743404983226556,2.07958841596189,24,"ENSG00000188573;ENSG00000162851;ENSG00000071462;ENSG00000108592;ENSG00000278619;ENSG00000126749;ENSG00000138382;ENSG00000255561;ENSG00000111641;ENSG00000198917;ENSG00000007520;ENSG00000130305;ENSG00000086189;ENSG00000171861;ENSG00000122687;ENSG00000105202;ENSG00000029639;ENSG00000117481;ENSG00000171103"
"GO","GOBP_RIBOSOMAL_LARGE_SUBUNIT_ASSEMBLY",1.72433997925298e-05,0.00132695799312514,0.575610261071129,0.730098065614994,2.0992032264046,27,"ENSG00000197498;ENSG00000178952;ENSG00000053372;ENSG00000178605;ENSG00000261236;ENSG00000105373;ENSG00000114391;ENSG00000182810;ENSG00000242372;ENSG00000179041;ENSG00000142676;ENSG00000111641;ENSG00000156928;ENSG00000274523;ENSG00000148824;ENSG00000122406;ENSG00000171861;ENSG00000132153;ENSG00000004779;ENSG00000101181;ENSG00000122687;ENSG00000105793"
"GO","GOBP_NUCLEOTIDE_BIOSYNTHETIC_PROCESS",2.04589972716721e-05,0.00155672280363779,0.575610261071129,0.40692557792856,1.66591976792725,224,"ENSG00000176410;ENSG00000149925;ENSG00000102967;ENSG00000183648;ENSG00000074800;ENSG00000114491;ENSG00000267855;ENSG00000152234;ENSG00000243678;ENSG00000154723;ENSG00000106992;ENSG00000241837;ENSG00000186010;ENSG00000168393;ENSG00000099624;ENSG00000241468;ENSG00000158828;ENSG00000239672;ENSG00000178127;ENSG00000154027;ENSG00000063176;ENSG00000178035;ENSG00000198276;ENSG00000213619;ENSG00000138363;ENSG00000166136;ENSG00000160194;ENSG00000164326;ENSG00000110717;ENSG00000164258;ENSG00000130414;ENSG00000174886;ENSG00000035687;ENSG00000145494;ENSG00000008130;ENSG00000090266;ENSG00000075399;ENSG00000140990;ENSG00000099795;ENSG00000124172;ENSG00000139180;ENSG00000169020;ENSG00000173614;ENSG00000170906;ENSG00000147684;ENSG00000147123;ENSG00000159199;ENSG00000065427;ENSG00000167792;ENSG00000183077;ENSG00000106348;ENSG00000117118;ENSG00000239900;ENSG00000196839;ENSG00000131495;ENSG00000185100;ENSG00000116459;ENSG00000160688;ENSG00000171793;ENSG00000198570;ENSG00000065833;ENSG00000165283;ENSG00000185883;ENSG00000110955;ENSG00000085231;ENSG00000168653;ENSG00000125375;ENSG00000115286;ENSG00000162882;ENSG00000151366;ENSG00000156411;ENSG00000102125;ENSG00000109390;ENSG00000184752;ENSG00000204922;ENSG00000135390;ENSG00000167283;ENSG00000156110;ENSG00000114956;ENSG00000103202;ENSG00000198931;ENSG00000004779;ENSG00000073578;ENSG00000103254;ENSG00000132518;ENSG00000119421"
"GO","GOMF_ACTIVE_MONOATOMIC_ION_TRANSMEMBRANE_TRANSPORTER_ACTIVITY",2.3135430001689e-05,0.00174081257746042,0.575610261071129,0.488485529045266,1.84421621369751,115,"ENSG00000143153;ENSG00000189043;ENSG00000123191;ENSG00000183648;ENSG00000267855;ENSG00000121361;ENSG00000178741;ENSG00000131143;ENSG00000178127;ENSG00000169021;ENSG00000213619;ENSG00000184076;ENSG00000166136;ENSG00000160194;ENSG00000110717;ENSG00000164258;ENSG00000130414;ENSG00000145494;ENSG00000090266;ENSG00000140990;ENSG00000099795;ENSG00000139180;ENSG00000128524;ENSG00000179091;ENSG00000074370;ENSG00000170906;ENSG00000147684;ENSG00000126267;ENSG00000167792;ENSG00000010256;ENSG00000131495;ENSG00000173660;ENSG00000185883;ENSG00000110955;ENSG00000177728;ENSG00000168653;ENSG00000135940;ENSG00000115286;ENSG00000151366;ENSG00000047249;ENSG00000109390;ENSG00000187486;ENSG00000159363;ENSG00000184752;ENSG00000229344;ENSG00000171130;ENSG00000006071;ENSG00000119421;ENSG00000184983;ENSG00000131174;ENSG00000125356;ENSG00000176340;ENSG00000117410;ENSG00000065518;ENSG00000148290"
"GO","GOBP_REGULATION_OF_NEURON_PROJECTION_DEVELOPMENT",2.64110816025893e-05,0.00196544884189819,0.575610261071129,-0.363824115914388,-1.5539713927354,421,"ENSG00000254647;ENSG00000103319;ENSG00000115414;ENSG00000113273;ENSG00000171517;ENSG00000152377;ENSG00000137872;ENSG00000138443;ENSG00000157764;ENSG00000138760;ENSG00000163291;ENSG00000169554;ENSG00000172197;ENSG00000112715;ENSG00000171533;ENSG00000133104;ENSG00000105245;ENSG00000138311;ENSG00000174989;ENSG00000103034;ENSG00000185924;ENSG00000100503;ENSG00000152208;ENSG00000168389;ENSG00000145868;ENSG00000134909;ENSG00000136040;ENSG00000067141;ENSG00000169330;ENSG00000156299;ENSG00000114251;ENSG00000184349;ENSG00000163785;ENSG00000114166;ENSG00000111962;ENSG00000218336;ENSG00000185008;ENSG00000142208;ENSG00000204099;ENSG00000204580;ENSG00000107290;ENSG00000061337;ENSG00000007168;ENSG00000180370;ENSG00000165802;ENSG00000134313;ENSG00000112175;ENSG00000154134;ENSG00000164961;ENSG00000124126;ENSG00000116473;ENSG00000131711;ENSG00000198846;ENSG00000169855;ENSG00000154096;ENSG00000171587;ENSG00000109756;ENSG00000102383;ENSG00000004468;ENSG00000115993;ENSG00000166170;ENSG00000072832;ENSG00000166579;ENSG00000117385;ENSG00000108061;ENSG00000006210;ENSG00000058866;ENSG00000099250;ENSG00000112902;ENSG00000175745;ENSG00000003402;ENSG00000183762;ENSG00000165323;ENSG00000127603;ENSG00000010319;ENSG00000130203;ENSG00000047597;ENSG00000142949;ENSG00000018236;ENSG00000172260;ENSG00000184304;ENSG00000143418;ENSG00000170385;ENSG00000154310;ENSG00000168779;ENSG00000078018;ENSG00000116106;ENSG00000125266;ENSG00000153266;ENSG00000160007;ENSG00000040341;ENSG00000172461;ENSG00000198799;ENSG00000069869;ENSG00000166949;ENSG00000151490;ENSG00000181754;ENSG00000170921;ENSG00000068971;ENSG00000100393;ENSG00000156642;ENSG00000116147;ENSG00000082701;ENSG00000135298;ENSG00000091129;ENSG00000196358;ENSG00000242689;ENSG00000149557;ENSG00000196576;ENSG00000153707;ENSG00000099942;ENSG00000078699;ENSG00000148660;ENSG00000114745;ENSG00000169306;ENSG00000138411;ENSG00000160716;ENSG00000119283;ENSG00000080644;ENSG00000137825;ENSG00000143322;ENSG00000139220;ENSG00000107779;ENSG00000105429;ENSG00000097007;ENSG00000257923;ENSG00000114315"
"GO","GOBP_NUCLEOSIDE_TRIPHOSPHATE_METABOLIC_PROCESS",2.79400293669268e-05,0.00205662911818292,0.575610261071129,0.389475461026932,1.63340862945042,277,"ENSG00000101347;ENSG00000176410;ENSG00000175567;ENSG00000143153;ENSG00000171314;ENSG00000067225;ENSG00000149925;ENSG00000009950;ENSG00000154277;ENSG00000167588;ENSG00000111674;ENSG00000183648;ENSG00000074800;ENSG00000267855;ENSG00000152234;ENSG00000243678;ENSG00000125877;ENSG00000154723;ENSG00000106992;ENSG00000241837;ENSG00000186010;ENSG00000158122;ENSG00000168393;ENSG00000099624;ENSG00000179958;ENSG00000241468;ENSG00000067057;ENSG00000164073;ENSG00000158828;ENSG00000239672;ENSG00000178127;ENSG00000154027;ENSG00000063176;ENSG00000178035;ENSG00000198276;ENSG00000213619;ENSG00000166136;ENSG00000160194;ENSG00000242372;ENSG00000110717;ENSG00000164258;ENSG00000130414;ENSG00000174886;ENSG00000188906;ENSG00000145494;ENSG00000008130;ENSG00000090266;ENSG00000075399;ENSG00000140990;ENSG00000099795;ENSG00000124172;ENSG00000139180;ENSG00000169020;ENSG00000111669;ENSG00000213465;ENSG00000173614;ENSG00000214253;ENSG00000181929;ENSG00000204389;ENSG00000170906;ENSG00000147684;ENSG00000147123;ENSG00000159199;ENSG00000077463;ENSG00000100300;ENSG00000181027;ENSG00000167792;ENSG00000106348;ENSG00000117118;ENSG00000196839;ENSG00000131495;ENSG00000116459;ENSG00000109063;ENSG00000171793;ENSG00000111640;ENSG00000198585;ENSG00000226784;ENSG00000165283;ENSG00000113575;ENSG00000162409;ENSG00000185883;ENSG00000161999;ENSG00000110955;ENSG00000168653;ENSG00000125375;ENSG00000105679;ENSG00000115286;ENSG00000156510;ENSG00000151366;ENSG00000156411;ENSG00000102125;ENSG00000078237;ENSG00000109390;ENSG00000184752;ENSG00000164708;ENSG00000204922;ENSG00000135390;ENSG00000167283;ENSG00000156110;ENSG00000114956;ENSG00000103202;ENSG00000004779;ENSG00000073578;ENSG00000103254;ENSG00000170950;ENSG00000136159;ENSG00000065135;ENSG00000119421;ENSG00000108515;ENSG00000184983;ENSG00000167965;ENSG00000100226"
"GO","GOMF_METAL_ION_TRANSMEMBRANE_TRANSPORTER_ACTIVITY",3.1517190436451e-05,0.00229499369500695,0.557332238758646,-0.360827146819761,-1.54204044087541,424,"ENSG00000112759;ENSG00000139209;ENSG00000177272;ENSG00000102158;ENSG00000183023;ENSG00000074621;ENSG00000144191;ENSG00000104635;ENSG00000138821;ENSG00000110911;ENSG00000157087;ENSG00000139508;ENSG00000157542;ENSG00000148842;ENSG00000177054;ENSG00000147454;ENSG00000152683;ENSG00000174437;ENSG00000129159;ENSG00000152049;ENSG00000175938;ENSG00000157445;ENSG00000168389;ENSG00000198743;ENSG00000115194;ENSG00000123700;ENSG00000169427;ENSG00000204442;ENSG00000166257;ENSG00000183454;ENSG00000164756;ENSG00000108684;ENSG00000158445;ENSG00000133065;ENSG00000152315;ENSG00000091664;ENSG00000182389;ENSG00000133107;ENSG00000169282;ENSG00000058262;ENSG00000150995;ENSG00000182674;ENSG00000136052;ENSG00000175538;ENSG00000069424;ENSG00000163399;ENSG00000135750;ENSG00000184611;ENSG00000166006;ENSG00000067842;ENSG00000136868;ENSG00000145740;ENSG00000170482;ENSG00000149403;ENSG00000198626;ENSG00000053918;ENSG00000275163;ENSG00000104154;ENSG00000105464;ENSG00000124249;ENSG00000137672;ENSG00000153956;ENSG00000136546;ENSG00000164626;ENSG00000152705;ENSG00000170745;ENSG00000115616;ENSG00000026559;ENSG00000182324;ENSG00000113504;ENSG00000102452;ENSG00000055118;ENSG00000176076;ENSG00000164037;ENSG00000253598;ENSG00000170385;ENSG00000141424;ENSG00000144290;ENSG00000196876;ENSG00000065923;ENSG00000124564;ENSG00000074803;ENSG00000131389;ENSG00000137860;ENSG00000139540;ENSG00000017260;ENSG00000112473;ENSG00000110436;ENSG00000007216;ENSG00000082482;ENSG00000196517;ENSG00000158966;ENSG00000110881;ENSG00000134294;ENSG00000153253;ENSG00000158296;ENSG00000221955;ENSG00000089060;ENSG00000164418;ENSG00000171189;ENSG00000150403;ENSG00000095209;ENSG00000099822;ENSG00000162989;ENSG00000181804;ENSG00000156113;ENSG00000106688;ENSG00000029364;ENSG00000115665;ENSG00000164038;ENSG00000153822;ENSG00000167723;ENSG00000123104;ENSG00000050438;ENSG00000198569;ENSG00000187446;ENSG00000134851;ENSG00000104723;ENSG00000007402;ENSG00000055732;ENSG00000096433;ENSG00000001461;ENSG00000169446;ENSG00000157551;ENSG00000165915;ENSG00000105642;ENSG00000105726;ENSG00000099337;ENSG00000180509;ENSG00000160991;ENSG00000196660;ENSG00000164794"
"GO","GOMF_PROTON_TRANSMEMBRANE_TRANSPORTER_ACTIVITY",3.2543145193764e-05,0.0023444912686401,0.557332238758646,0.422182887595111,1.69507255293409,184,"ENSG00000101438;ENSG00000175567;ENSG00000189043;ENSG00000183648;ENSG00000267855;ENSG00000152234;ENSG00000197818;ENSG00000154723;ENSG00000241837;ENSG00000165646;ENSG00000099624;ENSG00000241468;ENSG00000178741;ENSG00000131143;ENSG00000178127;ENSG00000169021;ENSG00000213619;ENSG00000184076;ENSG00000166136;ENSG00000160194;ENSG00000110717;ENSG00000164258;ENSG00000130414;ENSG00000145494;ENSG00000090266;ENSG00000140990;ENSG00000099795;ENSG00000124172;ENSG00000139180;ENSG00000169020;ENSG00000128524;ENSG00000179091;ENSG00000151729;ENSG00000170906;ENSG00000109424;ENSG00000147684;ENSG00000159199;ENSG00000126267;ENSG00000167792;ENSG00000075415;ENSG00000010256;ENSG00000131495;ENSG00000116459;ENSG00000173660;ENSG00000164175;ENSG00000155380;ENSG00000185883;ENSG00000110955;ENSG00000168653;ENSG00000125375;ENSG00000135940;ENSG00000115286;ENSG00000151366;ENSG00000047249;ENSG00000109390;ENSG00000184752;ENSG00000135390;ENSG00000167283;ENSG00000229344;ENSG00000171130;ENSG00000119421;ENSG00000103249;ENSG00000090020;ENSG00000184983;ENSG00000131174;ENSG00000125356;ENSG00000165629;ENSG00000176340;ENSG00000117410;ENSG00000065518;ENSG00000005022;ENSG00000148290;ENSG00000249222;ENSG00000168924;ENSG00000159720;ENSG00000022567"
"GO","GOCC_ENDOPLASMIC_RETICULUM_QUALITY_CONTROL_COMPARTMENT",3.43570152498442e-05,0.00244911270812573,0.557332238758646,-0.752710009150586,-2.07045767507719,24,"ENSG00000051108;ENSG00000127022;ENSG00000179218;ENSG00000145495;ENSG00000136731;ENSG00000134109;ENSG00000162298;ENSG00000136986;ENSG00000144468"
"GO","GOBP_NADH_DEHYDROGENASE_COMPLEX_ASSEMBLY",3.86455213145022e-05,0.00272611948272718,0.557332238758646,0.632542289978172,1.98008726378907,40,"ENSG00000224877;ENSG00000105341;ENSG00000186010;ENSG00000175606;ENSG00000213619;ENSG00000074582;ENSG00000110717;ENSG00000130159;ENSG00000164258;ENSG00000145494;ENSG00000155463;ENSG00000137806;ENSG00000178057;ENSG00000168653;ENSG00000115286;ENSG00000151366;ENSG00000123545;ENSG00000184983;ENSG00000101247;ENSG00000164182;ENSG00000156170;ENSG00000113845;ENSG00000171202;ENSG00000177646"
"GO","GOBP_VASCULAR_PROCESS_IN_CIRCULATORY_SYSTEM",3.94251276669571e-05,0.00274773195098804,0.557332238758646,-0.407350629471984,-1.66172252522143,255,"ENSG00000254647;ENSG00000145050;ENSG00000112759;ENSG00000070214;ENSG00000117394;ENSG00000175893;ENSG00000003989;ENSG00000183023;ENSG00000116678;ENSG00000103222;ENSG00000169554;ENSG00000112715;ENSG00000107331;ENSG00000168389;ENSG00000162078;ENSG00000139514;ENSG00000198743;ENSG00000178585;ENSG00000119139;ENSG00000151348;ENSG00000092068;ENSG00000114166;ENSG00000036828;ENSG00000150093;ENSG00000108684;ENSG00000079385;ENSG00000125257;ENSG00000179295;ENSG00000169418;ENSG00000004468;ENSG00000169860;ENSG00000147100;ENSG00000174721;ENSG00000275163;ENSG00000121064;ENSG00000115902;ENSG00000105664;ENSG00000130203;ENSG00000135744;ENSG00000134318;ENSG00000153162;ENSG00000144891;ENSG00000059377;ENSG00000131389;ENSG00000160007;ENSG00000137860;ENSG00000170214;ENSG00000110436;ENSG00000067900;ENSG00000171560;ENSG00000151229;ENSG00000135312;ENSG00000196517;ENSG00000109458;ENSG00000213949;ENSG00000134294;ENSG00000158296;ENSG00000163273;ENSG00000197822;ENSG00000101200;ENSG00000156113;ENSG00000147459;ENSG00000021826;ENSG00000085563;ENSG00000181104;ENSG00000106688;ENSG00000050438;ENSG00000168003;ENSG00000130234;ENSG00000097007;ENSG00000115232;ENSG00000197122;ENSG00000123384;ENSG00000075073;ENSG00000023839;ENSG00000197375;ENSG00000164251;ENSG00000072274;ENSG00000112033;ENSG00000164850;ENSG00000114923;ENSG00000125124"
"GO","GOBP_PROTEIN_LOCALIZATION_TO_MEMBRANE",3.97633979912622e-05,0.00274773195098804,0.557332238758646,-0.352855134680851,-1.51433693100417,450,"ENSG00000254647;ENSG00000166598;ENSG00000166900;ENSG00000163818;ENSG00000070367;ENSG00000168522;ENSG00000120992;ENSG00000156599;ENSG00000213853;ENSG00000086598;ENSG00000167461;ENSG00000125304;ENSG00000165914;ENSG00000166402;ENSG00000138760;ENSG00000104219;ENSG00000165997;ENSG00000036530;ENSG00000091136;ENSG00000135324;ENSG00000197535;ENSG00000196632;ENSG00000184307;ENSG00000153786;ENSG00000170558;ENSG00000162852;ENSG00000100934;ENSG00000101680;ENSG00000169379;ENSG00000198743;ENSG00000183098;ENSG00000101040;ENSG00000171132;ENSG00000166257;ENSG00000150093;ENSG00000183454;ENSG00000108219;ENSG00000158445;ENSG00000142208;ENSG00000115306;ENSG00000171723;ENSG00000097033;ENSG00000117228;ENSG00000084112;ENSG00000013016;ENSG00000182674;ENSG00000179915;ENSG00000082397;ENSG00000124313;ENSG00000171208;ENSG00000116473;ENSG00000084710;ENSG00000154096;ENSG00000157796;ENSG00000211456;ENSG00000109756;ENSG00000102383;ENSG00000101337;ENSG00000169860;ENSG00000121871;ENSG00000073921;ENSG00000272398;ENSG00000130226;ENSG00000131626;ENSG00000127603;ENSG00000130203;ENSG00000060237;ENSG00000134318;ENSG00000196924;ENSG00000145675;ENSG00000105647;ENSG00000172260;ENSG00000158457;ENSG00000143398;ENSG00000075711;ENSG00000171867;ENSG00000184363;ENSG00000145349;ENSG00000144681;ENSG00000174483;ENSG00000170385;ENSG00000100568;ENSG00000138669;ENSG00000130558;ENSG00000151012;ENSG00000070018;ENSG00000117533;ENSG00000155974;ENSG00000277399;ENSG00000168785;ENSG00000162980;ENSG00000168461;ENSG00000070808;ENSG00000150977;ENSG00000173402;ENSG00000029725;ENSG00000185482;ENSG00000017260;ENSG00000151025"
"GO","GOBP_AMINO_ACID_IMPORT_ACROSS_PLASMA_MEMBRANE",4.30405589529045e-05,0.00293733270614541,0.557332238758646,-0.608106904477437,-1.97557490204885,53,"ENSG00000139209;ENSG00000003989;ENSG00000155465;ENSG00000123643;ENSG00000139514;ENSG00000092068;ENSG00000150093;ENSG00000149150;ENSG00000147100;ENSG00000115902;ENSG00000103064;ENSG00000180773;ENSG00000170540;ENSG00000151012;ENSG00000131389;ENSG00000110436;ENSG00000196517;ENSG00000134294;ENSG00000130876;ENSG00000106688;ENSG00000112212;ENSG00000168003;ENSG00000130234"
"GO","GOCC_PROTEASOME_COMPLEX",4.34061699285252e-05,0.00293733270614541,0.557332238758646,0.561959095273703,1.92496550304773,65,"ENSG00000205220;ENSG00000100804;ENSG00000136930;ENSG00000106211;ENSG00000277791;ENSG00000087191;ENSG00000041357;ENSG00000160803;ENSG00000008018;ENSG00000185627;ENSG00000100911;ENSG00000135924;ENSG00000100764;ENSG00000158552;ENSG00000101182;ENSG00000130706;ENSG00000126067;ENSG00000103035;ENSG00000204264;ENSG00000159352;ENSG00000142507;ENSG00000106588;ENSG00000165916;ENSG00000099341;ENSG00000197170;ENSG00000100519;ENSG00000179262;ENSG00000115233;ENSG00000127922;ENSG00000159377;ENSG00000091164;ENSG00000101557;ENSG00000173692;ENSG00000100567;ENSG00000092010;ENSG00000110801;ENSG00000175166"
"GO","GOMF_RRNA_BINDING",4.3808417501578e-05,0.00293733270614541,0.557332238758646,0.54839446093553,1.89639677593503,69,"ENSG00000166902;ENSG00000197498;ENSG00000130810;ENSG00000125445;ENSG00000128311;ENSG00000101546;ENSG00000096080;ENSG00000083845;ENSG00000197958;ENSG00000170889;ENSG00000126749;ENSG00000105373;ENSG00000132591;ENSG00000242485;ENSG00000149273;ENSG00000182810;ENSG00000179041;ENSG00000142676;ENSG00000161016;ENSG00000231500;ENSG00000198242;ENSG00000122034;ENSG00000163319;ENSG00000110700;ENSG00000198034;ENSG00000243927;ENSG00000174547;ENSG00000163682;ENSG00000117133;ENSG00000129824;ENSG00000181163;ENSG00000145592;ENSG00000142534;ENSG00000274523;ENSG00000165526;ENSG00000122406;ENSG00000214274;ENSG00000136463"
"GO","GOBP_POSITIVE_REGULATION_OF_TRANSMEMBRANE_TRANSPORT",4.46918177269975e-05,0.00296718617301203,0.557332238758646,-0.442343939994878,-1.70971072761998,161,"ENSG00000254647;ENSG00000198363;ENSG00000137731;ENSG00000157764;ENSG00000129159;ENSG00000150756;ENSG00000196632;ENSG00000153786;ENSG00000177119;ENSG00000198648;ENSG00000123700;ENSG00000221823;ENSG00000150093;ENSG00000169047;ENSG00000142208;ENSG00000163884;ENSG00000179295;ENSG00000116473;ENSG00000166006;ENSG00000154096;ENSG00000006210;ENSG00000053918;ENSG00000198929;ENSG00000137672;ENSG00000169248;ENSG00000112062;ENSG00000196924;ENSG00000145675;ENSG00000055118;ENSG00000176076;ENSG00000144681;ENSG00000170540;ENSG00000155096;ENSG00000185950;ENSG00000185482;ENSG00000110436;ENSG00000151320;ENSG00000188386;ENSG00000181754;ENSG00000130402;ENSG00000197822;ENSG00000118507;ENSG00000054277;ENSG00000181104;ENSG00000140992;ENSG00000187446;ENSG00000130234;ENSG00000097007;ENSG00000163558;ENSG00000186810;ENSG00000091039;ENSG00000107758;ENSG00000187848;ENSG00000092529;ENSG00000164850;ENSG00000180509;ENSG00000167323;ENSG00000095637"
"GO","GOBP_CELL_JUNCTION_ASSEMBLY",5.55881783045273e-05,0.0036547878007598,0.557332238758646,-0.346325199315729,-1.49998914412386,496,"ENSG00000112139;ENSG00000103319;ENSG00000161270;ENSG00000115414;ENSG00000157224;ENSG00000144847;ENSG00000120509;ENSG00000112852;ENSG00000138443;ENSG00000084636;ENSG00000104219;ENSG00000117114;ENSG00000112715;ENSG00000105245;ENSG00000053747;ENSG00000079308;ENSG00000113361;ENSG00000129474;ENSG00000152767;ENSG00000163347;ENSG00000171914;ENSG00000185924;ENSG00000152208;ENSG00000170558;ENSG00000134909;ENSG00000175928;ENSG00000136040;ENSG00000174469;ENSG00000114251;ENSG00000184349;ENSG00000163785;ENSG00000185737;ENSG00000185008;ENSG00000108684;ENSG00000171723;ENSG00000061337;ENSG00000140945;ENSG00000158856;ENSG00000180370;ENSG00000011677;ENSG00000116489;ENSG00000196369;ENSG00000154928;ENSG00000131089;ENSG00000140832;ENSG00000179915;ENSG00000035403;ENSG00000082397;ENSG00000197479;ENSG00000124313;ENSG00000062038;ENSG00000075618;ENSG00000116473;ENSG00000131711;ENSG00000150760;ENSG00000154096;ENSG00000171587;ENSG00000109756;ENSG00000171791;ENSG00000243244;ENSG00000158258;ENSG00000126500;ENSG00000121871;ENSG00000169057;ENSG00000072832;ENSG00000166159;ENSG00000187957;ENSG00000102924;ENSG00000099250;ENSG00000144283;ENSG00000079482;ENSG00000171943;ENSG00000149295;ENSG00000139174;ENSG00000164741;ENSG00000064042;ENSG00000135905;ENSG00000151834;ENSG00000127603;ENSG00000132670;ENSG00000186472;ENSG00000154803;ENSG00000135744;ENSG00000163629;ENSG00000134318;ENSG00000141668;ENSG00000168137;ENSG00000185565;ENSG00000046653;ENSG00000113209;ENSG00000142192;ENSG00000183715;ENSG00000172260;ENSG00000143398;ENSG00000075711;ENSG00000184363;ENSG00000152894;ENSG00000125266;ENSG00000040341;ENSG00000126778;ENSG00000173898;ENSG00000173402;ENSG00000198728;ENSG00000146555;ENSG00000187372;ENSG00000067900;ENSG00000170248;ENSG00000221866;ENSG00000266028;ENSG00000076356;ENSG00000103647;ENSG00000169398;ENSG00000166949;ENSG00000151490;ENSG00000181754;ENSG00000110881;ENSG00000128536;ENSG00000151422;ENSG00000149654;ENSG00000144824;ENSG00000120324;ENSG00000206560;ENSG00000156642;ENSG00000055163;ENSG00000168758;ENSG00000152939;ENSG00000135298;ENSG00000091129;ENSG00000196358;ENSG00000197822;ENSG00000196576;ENSG00000197959;ENSG00000153707;ENSG00000188157;ENSG00000099942;ENSG00000150394;ENSG00000029364;ENSG00000139567;ENSG00000169306;ENSG00000196083;ENSG00000160716;ENSG00000151148;ENSG00000066933;ENSG00000132481;ENSG00000130234;ENSG00000097007;ENSG00000196189;ENSG00000114346;ENSG00000197122;ENSG00000055917;ENSG00000100092;ENSG00000162951;ENSG00000186297;ENSG00000076716;ENSG00000069329"
"GO","GOBP_ER_NUCLEUS_SIGNALING_PATHWAY",5.821979638341e-05,0.00379100443373512,0.557332238758646,-0.593499009203825,-1.9368166743663,54,"ENSG00000044574;ENSG00000145050;ENSG00000175197;ENSG00000172071;ENSG00000086598;ENSG00000118217;ENSG00000152348;ENSG00000100219;ENSG00000163291;ENSG00000174437;ENSG00000108588;ENSG00000142208"
"GO","GOMF_PROTEIN_DISULFIDE_REDUCTASE_ACTIVITY",5.89132952272663e-05,0.0037996270026576,0.557332238758646,-0.663543633051656,-2.00042074589013,36,"ENSG00000155660;ENSG00000143870;ENSG00000198843;ENSG00000167004;ENSG00000197930;ENSG00000198431;ENSG00000239264;ENSG00000010327;ENSG00000185624;ENSG00000185615;ENSG00000065485;ENSG00000116260;ENSG00000086619"
"GO","GOCC_MITOCHONDRIAL_SMALL_RIBOSOMAL_SUBUNIT",6.56104611326085e-05,0.00419164191311344,0.538434096309916,0.669548629631629,1.99604051874112,32,"ENSG00000102738;ENSG00000125445;ENSG00000181610;ENSG00000062582;ENSG00000144029;ENSG00000096080;ENSG00000061794;ENSG00000175756;ENSG00000163319;ENSG00000243927;ENSG00000074071;ENSG00000090263;ENSG00000182180;ENSG00000128626;ENSG00000116898;ENSG00000132676;ENSG00000125901;ENSG00000172586;ENSG00000147586;ENSG00000175110;ENSG00000181991;ENSG00000198015"
"GO","GOBP_PROTEIN_LOCALIZATION_TO_CELL_PERIPHERY",6.7008386088129e-05,0.00424094196811972,0.538434096309916,-0.360370106031997,-1.5176078967134,358,"ENSG00000254647;ENSG00000166598;ENSG00000166900;ENSG00000163818;ENSG00000070367;ENSG00000120992;ENSG00000156599;ENSG00000213853;ENSG00000086598;ENSG00000167461;ENSG00000165914;ENSG00000166402;ENSG00000138760;ENSG00000104219;ENSG00000135324;ENSG00000197535;ENSG00000107331;ENSG00000196632;ENSG00000184307;ENSG00000153786;ENSG00000162852;ENSG00000100934;ENSG00000169379;ENSG00000183098;ENSG00000159023;ENSG00000171132;ENSG00000166257;ENSG00000150093;ENSG00000183454;ENSG00000108219;ENSG00000158445;ENSG00000142208;ENSG00000115306;ENSG00000171723;ENSG00000117228;ENSG00000013016;ENSG00000182674;ENSG00000179915;ENSG00000082397;ENSG00000124313;ENSG00000171208;ENSG00000116473;ENSG00000084710;ENSG00000157796;ENSG00000211456;ENSG00000109756;ENSG00000169860;ENSG00000073921;ENSG00000130226;ENSG00000131626;ENSG00000127603;ENSG00000060237;ENSG00000134318;ENSG00000196924;ENSG00000145675;ENSG00000105647;ENSG00000172260;ENSG00000158457;ENSG00000143398;ENSG00000075711;ENSG00000171867;ENSG00000184363;ENSG00000145349;ENSG00000144681;ENSG00000174483;ENSG00000100568;ENSG00000138669;ENSG00000130558;ENSG00000070018;ENSG00000117533;ENSG00000155974;ENSG00000277399;ENSG00000168785;ENSG00000168461;ENSG00000070808;ENSG00000150977;ENSG00000173402;ENSG00000029725;ENSG00000185482;ENSG00000017260;ENSG00000151025"
"GO","GOBP_ATP_METABOLIC_PROCESS",6.79987722051839e-05,0.00426377486456949,0.538434096309916,0.391926076412994,1.60936992868987,229,"ENSG00000176410;ENSG00000175567;ENSG00000143153;ENSG00000171314;ENSG00000067225;ENSG00000149925;ENSG00000009950;ENSG00000154277;ENSG00000167588;ENSG00000111674;ENSG00000183648;ENSG00000074800;ENSG00000267855;ENSG00000152234;ENSG00000154723;ENSG00000106992;ENSG00000241837;ENSG00000186010;ENSG00000158122;ENSG00000099624;ENSG00000241468;ENSG00000067057;ENSG00000164073;ENSG00000158828;ENSG00000178127;ENSG00000154027;ENSG00000063176;ENSG00000213619;ENSG00000166136;ENSG00000160194;ENSG00000242372;ENSG00000110717;ENSG00000164258;ENSG00000130414;ENSG00000174886;ENSG00000145494;ENSG00000008130;ENSG00000090266;ENSG00000075399;ENSG00000140990;ENSG00000099795;ENSG00000124172;ENSG00000139180;ENSG00000169020;ENSG00000111669;ENSG00000213465;ENSG00000173614;ENSG00000214253;ENSG00000181929;ENSG00000204389;ENSG00000170906;ENSG00000147684;ENSG00000147123;ENSG00000159199;ENSG00000077463;ENSG00000100300;ENSG00000181027;ENSG00000167792;ENSG00000117118;ENSG00000131495;ENSG00000116459;ENSG00000109063;ENSG00000111640;ENSG00000226784;ENSG00000165283;ENSG00000113575;ENSG00000162409;ENSG00000185883;ENSG00000161999;ENSG00000110955;ENSG00000168653;ENSG00000125375;ENSG00000105679;ENSG00000115286;ENSG00000156510;ENSG00000151366;ENSG00000156411;ENSG00000102125;ENSG00000078237;ENSG00000109390;ENSG00000184752;ENSG00000164708;ENSG00000204922;ENSG00000135390;ENSG00000167283;ENSG00000004779;ENSG00000073578;ENSG00000103254;ENSG00000170950"
"GO","GOBP_REGULATION_OF_ENDOTHELIAL_CELL_DIFFERENTIATION",6.99788684373485e-05,0.00430815360961568,0.538434096309916,-0.672081191847013,-1.97096068838552,32,"ENSG00000175893;ENSG00000133639;ENSG00000112715;ENSG00000101384;ENSG00000213694;ENSG00000046604;ENSG00000079385;ENSG00000035403;ENSG00000134318;ENSG00000153162;ENSG00000067900;ENSG00000182621;ENSG00000087274;ENSG00000148516;ENSG00000065970;ENSG00000139567"
"GO","GOMF_SECONDARY_ACTIVE_TRANSMEMBRANE_TRANSPORTER_ACTIVITY",6.93902074130811e-05,0.00430815360961568,0.538434096309916,-0.389503071063638,-1.60092961376282,276,"ENSG00000112759;ENSG00000070214;ENSG00000139209;ENSG00000183023;ENSG00000074621;ENSG00000143324;ENSG00000104635;ENSG00000138821;ENSG00000129353;ENSG00000110911;ENSG00000165449;ENSG00000139508;ENSG00000137571;ENSG00000152683;ENSG00000073464;ENSG00000189339;ENSG00000123643;ENSG00000168389;ENSG00000134490;ENSG00000141526;ENSG00000198743;ENSG00000115194;ENSG00000092068;ENSG00000164756;ENSG00000162426;ENSG00000133065;ENSG00000116704;ENSG00000091664;ENSG00000121073;ENSG00000168065;ENSG00000147100;ENSG00000145740;ENSG00000170482;ENSG00000104154;ENSG00000115902;ENSG00000103064;ENSG00000101187;ENSG00000115616;ENSG00000155850;ENSG00000113504;ENSG00000164037;ENSG00000091137;ENSG00000253598;ENSG00000170385;ENSG00000180773;ENSG00000141424;ENSG00000144290;ENSG00000065923;ENSG00000124564;ENSG00000151012;ENSG00000074803;ENSG00000131389;ENSG00000085491;ENSG00000137860;ENSG00000109572;ENSG00000139540;ENSG00000110436;ENSG00000007216;ENSG00000151229;ENSG00000196517;ENSG00000134294;ENSG00000158296;ENSG00000221955;ENSG00000174032;ENSG00000089060;ENSG00000160190;ENSG00000150403;ENSG00000158715;ENSG00000146409;ENSG00000181804;ENSG00000004864;ENSG00000106688;ENSG00000115665;ENSG00000164038;ENSG00000174502;ENSG00000050438;ENSG00000198569;ENSG00000187446;ENSG00000134851"
"GO","GOCC_CYTOCHROME_COMPLEX",7.07629331510758e-05,0.00431717642611788,0.538434096309916,0.640295640764121,1.99514693998305,39,"ENSG00000189043;ENSG00000006695;ENSG00000164919;ENSG00000178741;ENSG00000131143;ENSG00000169021;ENSG00000184076;ENSG00000074582;ENSG00000179091;ENSG00000126267;ENSG00000233954;ENSG00000111775;ENSG00000112695;ENSG00000010256;ENSG00000166920;ENSG00000127540;ENSG00000173660;ENSG00000127184;ENSG00000164405;ENSG00000135940;ENSG00000229344;ENSG00000140740;ENSG00000156467;ENSG00000131174;ENSG00000176340"
"GO","GOBP_ENDOPLASMIC_RETICULUM_TO_GOLGI_VESICLE_MEDIATED_TRANSPORT",7.52299561601586e-05,0.00454872556354102,0.538434096309916,-0.452571480345404,-1.71943635344599,140,"ENSG00000149428;ENSG00000086598;ENSG00000170348;ENSG00000114354;ENSG00000113719;ENSG00000134970;ENSG00000124164;ENSG00000100934;ENSG00000135249;ENSG00000138674;ENSG00000182158;ENSG00000136152;ENSG00000136874;ENSG00000150961;ENSG00000122218;ENSG00000075790;ENSG00000158623;ENSG00000144043;ENSG00000119414;ENSG00000154305;ENSG00000165280;ENSG00000095139;ENSG00000160218;ENSG00000138768;ENSG00000101310;ENSG00000184432;ENSG00000180398;ENSG00000138069;ENSG00000148248;ENSG00000111711;ENSG00000119820;ENSG00000256060;ENSG00000113615;ENSG00000108587;ENSG00000047932;ENSG00000074695;ENSG00000176986;ENSG00000054116;ENSG00000108433;ENSG00000093183;ENSG00000107651;ENSG00000182400;ENSG00000164054;ENSG00000029534;ENSG00000254154;ENSG00000129083;ENSG00000197121;ENSG00000107862;ENSG00000021574;ENSG00000265808;ENSG00000105829;ENSG00000271079;ENSG00000181789"
"GO","GOCC_SMOOTH_ENDOPLASMIC_RETICULUM",7.59427265000022e-05,0.00455118711378774,0.538434096309916,-0.71455181843417,-2.03691286409072,28,"ENSG00000149428;ENSG00000166598;ENSG00000179218;ENSG00000166794;ENSG00000162298;ENSG00000158856;ENSG00000136874;ENSG00000198626"
"GO","GOMF_MISFOLDED_PROTEIN_BINDING",7.84668634131101e-05,0.00466120700906651,0.538434096309916,-0.801944515860765,-2.05622779692707,18,"ENSG00000044574;ENSG00000102580;ENSG00000090520;ENSG00000172071;ENSG00000134109;ENSG00000128228;ENSG00000128590"
"GO","GOCC_SMALL_NUCLEAR_RIBONUCLEOPROTEIN_COMPLEX",8.36868625985721e-05,0.00492806463928287,0.538434096309916,0.490963718303712,1.79257152261971,93,"ENSG00000128739;ENSG00000184281;ENSG00000184209;ENSG00000124562;ENSG00000186166;ENSG00000161981;ENSG00000186834;ENSG00000104852;ENSG00000100138;ENSG00000126254;ENSG00000100319;ENSG00000146007;ENSG00000146834;ENSG00000169217;ENSG00000105618;ENSG00000204392;ENSG00000125870;ENSG00000108883;ENSG00000143977;ENSG00000146963;ENSG00000125743;ENSG00000283293;ENSG00000130332;ENSG00000175467;ENSG00000169249;ENSG00000179409;ENSG00000169976;ENSG00000007392;ENSG00000125835;ENSG00000163877;ENSG00000115128;ENSG00000182004;ENSG00000143368;ENSG00000087365;ENSG00000130520;ENSG00000131043;ENSG00000137656;ENSG00000155858;ENSG00000136875;ENSG00000100028"
"GO","GOBP_PROTEIN_ACYLATION",8.67236546495061e-05,0.00506286714902117,0.538434096309916,-0.562354675879138,-1.91546284554868,68,"ENSG00000135821;ENSG00000156599;ENSG00000175893;ENSG00000138032;ENSG00000100219;ENSG00000104219;ENSG00000133794;ENSG00000150907;ENSG00000184307;ENSG00000153786;ENSG00000005339;ENSG00000114166;ENSG00000186908;ENSG00000163884;ENSG00000136504;ENSG00000102383;ENSG00000083168;ENSG00000153046"
"GO","GOBP_MATURATION_OF_LSU_RRNA_FROM_TRICISTRONIC_RRNA_TRANSCRIPT_SSU_RRNA_5_8S_RRNA_LSU_RRNA",9.21630382816507e-05,0.00533442816447298,0.538434096309916,0.717987807517369,1.98748010426467,23,"ENSG00000197498;ENSG00000130810;ENSG00000108592;ENSG00000138442;ENSG00000261236;ENSG00000100029;ENSG00000141456;ENSG00000111845;ENSG00000146223;ENSG00000162408;ENSG00000136942;ENSG00000273611;ENSG00000188739;ENSG00000065268"
"GO","GOMF_EXTRACELLULAR_MATRIX_STRUCTURAL_CONSTITUENT",9.35062777238668e-05,0.00536630943005107,0.538434096309916,-0.437332839299333,-1.68782477029722,158,"ENSG00000163703;ENSG00000138759;ENSG00000171812;ENSG00000115414;ENSG00000196739;ENSG00000152377;ENSG00000084636;ENSG00000182871;ENSG00000132464;ENSG00000053747;ENSG00000091136;ENSG00000038427;ENSG00000114270;ENSG00000130508;ENSG00000101680;ENSG00000132561;ENSG00000187720;ENSG00000049323;ENSG00000142798;ENSG00000188517;ENSG00000082293;ENSG00000101955;ENSG00000166147;ENSG00000105664;ENSG00000163453;ENSG00000162510;ENSG00000115380;ENSG00000169436;ENSG00000275395;ENSG00000164619;ENSG00000087303;ENSG00000143367;ENSG00000188107;ENSG00000169031;ENSG00000081052;ENSG00000119681;ENSG00000197565;ENSG00000187498;ENSG00000171560;ENSG00000196569;ENSG00000108821"
"GO","GOBP_REGULATION_OF_AMPA_RECEPTOR_ACTIVITY",9.68962828989148e-05,0.00551413132597858,0.538434096309916,0.689470887536811,1.9956819160536,28,"ENSG00000087191;ENSG00000185627;ENSG00000100764;ENSG00000130706;ENSG00000103035;ENSG00000159352;ENSG00000105605;ENSG00000165916;ENSG00000099341;ENSG00000197170;ENSG00000143786;ENSG00000100519;ENSG00000115233;ENSG00000127922;ENSG00000174871;ENSG00000173692"
"GO","GOBP_REGULATION_OF_SYNAPSE_STRUCTURE_OR_ACTIVITY",9.99779605303784e-05,0.00564208957259768,0.538434096309916,-0.37103127447047,-1.54370507966939,316,"ENSG00000254647;ENSG00000112139;ENSG00000103319;ENSG00000144847;ENSG00000120509;ENSG00000138443;ENSG00000105245;ENSG00000117600;ENSG00000169933;ENSG00000157445;ENSG00000077063;ENSG00000110324;ENSG00000152767;ENSG00000185924;ENSG00000152208;ENSG00000170558;ENSG00000134909;ENSG00000175928;ENSG00000136040;ENSG00000123908;ENSG00000114251;ENSG00000101040;ENSG00000184349;ENSG00000150093;ENSG00000185008;ENSG00000108684;ENSG00000142208;ENSG00000186908;ENSG00000152315;ENSG00000091664;ENSG00000164076;ENSG00000061337;ENSG00000007168;ENSG00000196369;ENSG00000154928;ENSG00000179915;ENSG00000124313;ENSG00000131711;ENSG00000196712;ENSG00000150760;ENSG00000102383;ENSG00000273749;ENSG00000158258;ENSG00000126500;ENSG00000121871;ENSG00000072832;ENSG00000166159;ENSG00000102924;ENSG00000171943;ENSG00000149295;ENSG00000139174;ENSG00000135905;ENSG00000130203;ENSG00000165280;ENSG00000163629;ENSG00000182771;ENSG00000141668;ENSG00000112062;ENSG00000168137;ENSG00000185565;ENSG00000157985;ENSG00000142192;ENSG00000183715;ENSG00000172260;ENSG00000171867;ENSG00000170385;ENSG00000151012;ENSG00000116106;ENSG00000040341;ENSG00000126778;ENSG00000173402;ENSG00000151025;ENSG00000111859;ENSG00000067900;ENSG00000266028;ENSG00000069869;ENSG00000166949;ENSG00000151490;ENSG00000181754;ENSG00000110881;ENSG00000170921;ENSG00000055163;ENSG00000168758;ENSG00000135298;ENSG00000091129;ENSG00000196358;ENSG00000153707;ENSG00000188157;ENSG00000150394;ENSG00000169306;ENSG00000196083;ENSG00000160716;ENSG00000151148;ENSG00000137825;ENSG00000132481;ENSG00000139220;ENSG00000097007;ENSG00000196189"
"GO","GOBP_NUCLEOLAR_LARGE_RRNA_TRANSCRIPTION_BY_RNA_POLYMERASE_I",0.00010256672248658,0.00571916210496311,0.538434096309916,0.652191136586044,1.95847434034495,33,"ENSG00000177700;ENSG00000163882;ENSG00000171453;ENSG00000105373;ENSG00000100142;ENSG00000070814;ENSG00000104884;ENSG00000136045;ENSG00000127080;ENSG00000115053;ENSG00000105849;ENSG00000187531;ENSG00000272047;ENSG00000099956;ENSG00000099817;ENSG00000115750;ENSG00000013573;ENSG00000130935;ENSG00000117877;ENSG00000158796;ENSG00000066379;ENSG00000147669;ENSG00000104872"
"GO","GOBP_RRNA_TRANSCRIPTION",0.000103032749085277,0.00571916210496311,0.538434096309916,0.590025965722783,1.90117088624896,47,"ENSG00000155115;ENSG00000177700;ENSG00000163882;ENSG00000171453;ENSG00000105373;ENSG00000100142;ENSG00000070814;ENSG00000148308;ENSG00000104884;ENSG00000136045;ENSG00000127080;ENSG00000122034;ENSG00000107833;ENSG00000115053;ENSG00000105849;ENSG00000155438;ENSG00000187531;ENSG00000272047;ENSG00000099956;ENSG00000099817;ENSG00000214274;ENSG00000115750;ENSG00000013573;ENSG00000130935;ENSG00000117877;ENSG00000158796;ENSG00000066379;ENSG00000147669;ENSG00000104872"
"GO","GOBP_MACROMOLECULE_METHYLATION",0.000107544321144016,0.00592105807144126,0.538434096309916,0.44640889204686,1.7155668958163,132,"ENSG00000188573;ENSG00000162851;ENSG00000166166;ENSG00000071462;ENSG00000108592;ENSG00000278619;ENSG00000126749;ENSG00000143499;ENSG00000106133;ENSG00000118894;ENSG00000100138;ENSG00000104907;ENSG00000101361;ENSG00000138382;ENSG00000255561;ENSG00000111641;ENSG00000146834;ENSG00000183955;ENSG00000072506;ENSG00000037897;ENSG00000198917;ENSG00000241058;ENSG00000067365;ENSG00000205629;ENSG00000178252;ENSG00000100483;ENSG00000130305;ENSG00000086189;ENSG00000143977;ENSG00000178149;ENSG00000171806;ENSG00000125743;ENSG00000150456;ENSG00000160310;ENSG00000171861;ENSG00000103254;ENSG00000206562;ENSG00000125835;ENSG00000165055;ENSG00000145692;ENSG00000126457;ENSG00000182004;ENSG00000235272;ENSG00000127804;ENSG00000162639;ENSG00000143919;ENSG00000160193;ENSG00000169612;ENSG00000122687;ENSG00000185238;ENSG00000055044;ENSG00000105202;ENSG00000089195;ENSG00000138050;ENSG00000155858;ENSG00000029639;ENSG00000204371;ENSG00000173113;ENSG00000100028;ENSG00000181090;ENSG00000136932;ENSG00000117481;ENSG00000171103;ENSG00000165819;ENSG00000174720"
"GO","GOMF_ATPASE_COUPLED_INTRAMEMBRANE_LIPID_TRANSPORTER_ACTIVITY",0.000118966746983169,0.00635386686245466,0.538434096309916,-0.699837579635398,-1.96183230710835,26,"ENSG00000143515;ENSG00000107331;ENSG00000168389;ENSG00000058063;ENSG00000130270;ENSG00000068650;ENSG00000145246;ENSG00000005471;ENSG00000165029;ENSG00000182107;ENSG00000166377;ENSG00000085563"
"GO","GOBP_REGULATION_OF_SIGNALING_RECEPTOR_ACTIVITY",0.000119158460060801,0.00635386686245466,0.538434096309916,0.550478015496884,1.83904544254832,56,"ENSG00000087191;ENSG00000185627;ENSG00000100764;ENSG00000130706;ENSG00000197114;ENSG00000103035;ENSG00000163377;ENSG00000137070;ENSG00000159352;ENSG00000105605;ENSG00000183662;ENSG00000165916;ENSG00000099341;ENSG00000197170;ENSG00000159733;ENSG00000143786;ENSG00000100519;ENSG00000147571;ENSG00000145708;ENSG00000115233;ENSG00000095752;ENSG00000127922;ENSG00000174871;ENSG00000173692;ENSG00000175166;ENSG00000013588;ENSG00000180155;ENSG00000131475;ENSG00000119865;ENSG00000116285;ENSG00000161057"
"GO","GOMF_CHROMATIN_PROTEIN_ADAPTOR_ACTIVITY",0.000119022531816876,0.00635386686245466,0.538434096309916,-0.463588886462807,-1.74277018952108,128,"ENSG00000166446;ENSG00000096070;ENSG00000119778;ENSG00000153922;ENSG00000172943;ENSG00000137337;ENSG00000166439;ENSG00000102081;ENSG00000101040;ENSG00000163945;ENSG00000165632;ENSG00000157657;ENSG00000138376;ENSG00000008083;ENSG00000146918;ENSG00000071794;ENSG00000178913;ENSG00000169057;ENSG00000076108;ENSG00000005483;ENSG00000197724;ENSG00000206559;ENSG00000204271;ENSG00000153046;ENSG00000151503;ENSG00000132383;ENSG00000170234;ENSG00000165972;ENSG00000186767;ENSG00000122728;ENSG00000204256;ENSG00000100425;ENSG00000011258;ENSG00000077684;ENSG00000213468;ENSG00000178691;ENSG00000159256;ENSG00000175097;ENSG00000146247;ENSG00000106723;ENSG00000130816;ENSG00000169925;ENSG00000185513"
"GO","GOBP_RNA_SPLICING",0.000116931278490016,0.00635386686245466,0.538434096309916,0.327417861405616,1.44203518954758,473,"ENSG00000154548;ENSG00000166831;ENSG00000130956;ENSG00000128739;ENSG00000142252;ENSG00000124942;ENSG00000140488;ENSG00000116455;ENSG00000184281;ENSG00000090097;ENSG00000177192;ENSG00000184209;ENSG00000124562;ENSG00000135482;ENSG00000008128;ENSG00000186166;ENSG00000161981;ENSG00000125449;ENSG00000149743;ENSG00000117569;ENSG00000131981;ENSG00000104852;ENSG00000182173;ENSG00000100138;ENSG00000177483;ENSG00000122965;ENSG00000116350;ENSG00000140939;ENSG00000176261;ENSG00000070756;ENSG00000126254;ENSG00000109536;ENSG00000100319;ENSG00000132463;ENSG00000076053;ENSG00000048740;ENSG00000141543;ENSG00000164896;ENSG00000146007;ENSG00000105248;ENSG00000108561;ENSG00000166337;ENSG00000171824;ENSG00000136819;ENSG00000248333;ENSG00000123136;ENSG00000176476;ENSG00000095485;ENSG00000128563;ENSG00000139910;ENSG00000204389;ENSG00000011243;ENSG00000102103;ENSG00000126461;ENSG00000169217;ENSG00000103067;ENSG00000065978;ENSG00000108773;ENSG00000110700;ENSG00000175324;ENSG00000071626;ENSG00000197728;ENSG00000105618;ENSG00000204392;ENSG00000117751;ENSG00000115053;ENSG00000146576;ENSG00000132819;ENSG00000125870;ENSG00000108819;ENSG00000169062;ENSG00000239306;ENSG00000187837;ENSG00000108883;ENSG00000075292;ENSG00000104957;ENSG00000143977;ENSG00000086589;ENSG00000181163;ENSG00000146963;ENSG00000089280;ENSG00000070495;ENSG00000105705;ENSG00000183684;ENSG00000071859;ENSG00000157110;ENSG00000125743;ENSG00000179950;ENSG00000113593;ENSG00000172409;ENSG00000119878;ENSG00000004534;ENSG00000148690;ENSG00000130332;ENSG00000138433;ENSG00000175467;ENSG00000169249;ENSG00000176444;ENSG00000179409;ENSG00000068394;ENSG00000100813;ENSG00000100296;ENSG00000165526;ENSG00000105058;ENSG00000169976;ENSG00000104824;ENSG00000273559;ENSG00000152404;ENSG00000007392;ENSG00000162385;ENSG00000171148;ENSG00000092199;ENSG00000100461;ENSG00000154743;ENSG00000167281;ENSG00000172062;ENSG00000221978;ENSG00000162664;ENSG00000132792;ENSG00000125835;ENSG00000003756;ENSG00000104859;ENSG00000163877;ENSG00000134453;ENSG00000126457;ENSG00000076924;ENSG00000115128;ENSG00000074201;ENSG00000183258;ENSG00000182004;ENSG00000212643;ENSG00000198783;ENSG00000104967;ENSG00000127804;ENSG00000079134;ENSG00000163156;ENSG00000127993;ENSG00000120656;ENSG00000087152;ENSG00000143368;ENSG00000092208;ENSG00000087365;ENSG00000130520;ENSG00000101574;ENSG00000109917;ENSG00000131043;ENSG00000137656;ENSG00000091127;ENSG00000100056;ENSG00000138050;ENSG00000111786;ENSG00000163166;ENSG00000205937;ENSG00000109971;ENSG00000198258;ENSG00000124383;ENSG00000136875;ENSG00000100603;ENSG00000121350;ENSG00000100028;ENSG00000270647;ENSG00000173933;ENSG00000152147;ENSG00000140259;ENSG00000076650;ENSG00000110063;ENSG00000224578;ENSG00000116754;ENSG00000165819;ENSG00000005436;ENSG00000123154;ENSG00000099889;ENSG00000112232;ENSG00000174720;ENSG00000125352"
"GO","GOBP_PROTEIN_LOCALIZATION_TO_EXTRACELLULAR_REGION",0.000120922166529096,0.00639753837292998,0.538434096309916,-0.361027669986352,-1.5203382436935,361,"ENSG00000254647;ENSG00000155660;ENSG00000198843;ENSG00000127022;ENSG00000083720;ENSG00000003056;ENSG00000136731;ENSG00000071537;ENSG00000086598;ENSG00000170348;ENSG00000114739;ENSG00000152556;ENSG00000145242;ENSG00000173175;ENSG00000124766;ENSG00000133794;ENSG00000150907;ENSG00000160714;ENSG00000272636;ENSG00000126581;ENSG00000001630;ENSG00000067141;ENSG00000184349;ENSG00000183044;ENSG00000132872;ENSG00000152254;ENSG00000036828;ENSG00000111670;ENSG00000171132;ENSG00000164756;ENSG00000169047;ENSG00000158445;ENSG00000007168;ENSG00000112293;ENSG00000123612;ENSG00000049323;ENSG00000136770;ENSG00000179295;ENSG00000116473;ENSG00000110090;ENSG00000105088;ENSG00000004468;ENSG00000135631;ENSG00000167470;ENSG00000117385;ENSG00000176406;ENSG00000118263;ENSG00000141433;ENSG00000102924;ENSG00000166147;ENSG00000008196;ENSG00000155093;ENSG00000164144;ENSG00000158623;ENSG00000149295;ENSG00000154305;ENSG00000120451;ENSG00000105664;ENSG00000185002;ENSG00000186472;ENSG00000130203;ENSG00000180881;ENSG00000116729;ENSG00000128266;ENSG00000155897;ENSG00000153162;ENSG00000172260;ENSG00000166603;ENSG00000168615;ENSG00000172728;ENSG00000143195;ENSG00000165029;ENSG00000142082;ENSG00000185950;ENSG00000119681;ENSG00000171928;ENSG00000107560;ENSG00000171560;ENSG00000064115;ENSG00000187676;ENSG00000079337"
"GO","GOMF_DISULFIDE_OXIDOREDUCTASE_ACTIVITY",0.000123345069657581,0.00642532932093184,0.518848077743792,-0.626301001956497,-1.95782531625552,43,"ENSG00000155660;ENSG00000143870;ENSG00000198843;ENSG00000167004;ENSG00000125827;ENSG00000197930;ENSG00000198431;ENSG00000239264;ENSG00000010327;ENSG00000185624;ENSG00000104687;ENSG00000185615;ENSG00000065485;ENSG00000116260;ENSG00000086619"
"GO","GOBP_REGULATION_OF_RESPONSE_TO_ENDOPLASMIC_RETICULUM_STRESS",0.000123313590248297,0.00642532932093184,0.518848077743792,-0.505364932168148,-1.82120319209715,95,"ENSG00000044574;ENSG00000149428;ENSG00000051108;ENSG00000145050;ENSG00000175197;ENSG00000172071;ENSG00000118217;ENSG00000100219;ENSG00000128590;ENSG00000111684;ENSG00000170145;ENSG00000162298;ENSG00000178607;ENSG00000142208;ENSG00000157613;ENSG00000198855;ENSG00000132824;ENSG00000164463;ENSG00000158615;ENSG00000142192;ENSG00000145675;ENSG00000153094"
"GO","GOMF_L_AMINO_ACID_TRANSMEMBRANE_TRANSPORTER_ACTIVITY",0.000125467436066454,0.00648599600795438,0.518848077743792,-0.570682979772422,-1.8873166232373,57,"ENSG00000139209;ENSG00000003989;ENSG00000155465;ENSG00000123643;ENSG00000139514;ENSG00000092068;ENSG00000107819;ENSG00000091664;ENSG00000149150;ENSG00000115902;ENSG00000103064;ENSG00000177058;ENSG00000180773;ENSG00000151012;ENSG00000139974;ENSG00000110436;ENSG00000134294;ENSG00000130876;ENSG00000004864;ENSG00000106688;ENSG00000168003;ENSG00000139370;ENSG00000115840;ENSG00000112394"
"GO","GOBP_NEGATIVE_REGULATION_OF_TRANSFORMING_GROWTH_FACTOR_BETA_RECEPTOR_SIGNALING_PATHWAY",0.000135343195401637,0.00694351605499915,0.518848077743792,-0.503256801385528,-1.79693464155852,89,"ENSG00000044574;ENSG00000178951;ENSG00000090863;ENSG00000166068;ENSG00000108389;ENSG00000186951;ENSG00000100219;ENSG00000111707;ENSG00000174106;ENSG00000164056;ENSG00000138336;ENSG00000162521;ENSG00000049323;ENSG00000062038;ENSG00000198369;ENSG00000085276;ENSG00000166147;ENSG00000139146"
"GO","GOBP_REGULATION_OF_PROTEIN_LOCALIZATION_TO_MEMBRANE",0.0001416088392999,0.00721033879502948,0.518848077743792,-0.431065697366764,-1.68351149895222,172,"ENSG00000254647;ENSG00000166900;ENSG00000163818;ENSG00000120992;ENSG00000156599;ENSG00000086598;ENSG00000104219;ENSG00000091136;ENSG00000135324;ENSG00000196632;ENSG00000153786;ENSG00000170558;ENSG00000162852;ENSG00000101680;ENSG00000198743;ENSG00000183098;ENSG00000101040;ENSG00000171132;ENSG00000150093;ENSG00000142208;ENSG00000115306;ENSG00000117228;ENSG00000084112;ENSG00000179915;ENSG00000082397;ENSG00000124313;ENSG00000171208;ENSG00000116473;ENSG00000073921;ENSG00000131626;ENSG00000060237;ENSG00000145675;ENSG00000105647;ENSG00000075711;ENSG00000171867;ENSG00000145349;ENSG00000144681;ENSG00000170385;ENSG00000100568;ENSG00000130558;ENSG00000151012;ENSG00000117533;ENSG00000070808;ENSG00000173402;ENSG00000185482;ENSG00000017260"
"GO","GOBP_REGULATION_OF_GLYCOGEN_BIOSYNTHETIC_PROCESS",0.000145684290437424,0.00736249264807639,0.518848077743792,-0.70680696081128,-1.99915896466354,27,"ENSG00000254647;ENSG00000119938;ENSG00000106070;ENSG00000169047;ENSG00000142208;ENSG00000115687;ENSG00000167244;ENSG00000178567;ENSG00000197594;ENSG00000185950;ENSG00000106633;ENSG00000173281;ENSG00000082701;ENSG00000049769;ENSG00000132825;ENSG00000095637;ENSG00000131871;ENSG00000154415;ENSG00000171105"
"GO","GOBP_ESTABLISHMENT_OF_PROTEIN_LOCALIZATION_TO_MITOCHONDRION",0.000151761776531948,0.00761282037536555,0.518848077743792,0.438490869577855,1.68129155948316,129,"ENSG00000115317;ENSG00000151929;ENSG00000160014;ENSG00000163528;ENSG00000186010;ENSG00000158828;ENSG00000127445;ENSG00000104980;ENSG00000160087;ENSG00000217930;ENSG00000126768;ENSG00000214736;ENSG00000074582;ENSG00000158882;ENSG00000080824;ENSG00000188906;ENSG00000125995;ENSG00000173171;ENSG00000128654;ENSG00000100453;ENSG00000155463;ENSG00000147889;ENSG00000214253;ENSG00000100575;ENSG00000120675;ENSG00000105197;ENSG00000144381;ENSG00000100300;ENSG00000130204;ENSG00000010256;ENSG00000163930;ENSG00000025772;ENSG00000134809;ENSG00000150779;ENSG00000127554;ENSG00000186868;ENSG00000105327;ENSG00000087088;ENSG00000086061;ENSG00000110711;ENSG00000099800;ENSG00000148950;ENSG00000109332;ENSG00000213221;ENSG00000100347;ENSG00000143575;ENSG00000142444;ENSG00000196683;ENSG00000137409;ENSG00000105723;ENSG00000175768;ENSG00000015475;ENSG00000166323;ENSG00000165943;ENSG00000164877;ENSG00000162972;ENSG00000072310;ENSG00000137463;ENSG00000171202;ENSG00000109519;ENSG00000156735"
"GO","GOCC_CIS_GOLGI_NETWORK",0.000161075228428569,0.00802059887439904,0.518848077743792,-0.52911269052599,-1.85007373180626,79,"ENSG00000099246;ENSG00000170348;ENSG00000136240;ENSG00000171533;ENSG00000106692;ENSG00000100196;ENSG00000137502;ENSG00000136152;ENSG00000188626;ENSG00000112893;ENSG00000159289;ENSG00000186399;ENSG00000173230;ENSG00000145675;ENSG00000115839;ENSG00000017260;ENSG00000115806;ENSG00000066455;ENSG00000105438;ENSG00000215252;ENSG00000108587;ENSG00000125734;ENSG00000054116;ENSG00000114745;ENSG00000142186;ENSG00000180834;ENSG00000134851;ENSG00000182400;ENSG00000107862;ENSG00000179938;ENSG00000249931;ENSG00000173905;ENSG00000105829"
"GO","GOCC_SM_LIKE_PROTEIN_FAMILY_COMPLEX",0.000163548663749531,0.00808431788986733,0.518848077743792,0.466102143313694,1.73740403153007,106,"ENSG00000128739;ENSG00000142252;ENSG00000184281;ENSG00000184209;ENSG00000124562;ENSG00000186166;ENSG00000161981;ENSG00000186834;ENSG00000104852;ENSG00000100138;ENSG00000126254;ENSG00000100319;ENSG00000146007;ENSG00000146834;ENSG00000169217;ENSG00000175324;ENSG00000105618;ENSG00000204392;ENSG00000125870;ENSG00000108883;ENSG00000143977;ENSG00000146963;ENSG00000125743;ENSG00000283293;ENSG00000130332;ENSG00000175467;ENSG00000169249;ENSG00000179409;ENSG00000169976;ENSG00000007392;ENSG00000172062;ENSG00000125835;ENSG00000163877;ENSG00000115128;ENSG00000074201;ENSG00000182004;ENSG00000143368;ENSG00000092208;ENSG00000087365;ENSG00000130520;ENSG00000131043;ENSG00000137656;ENSG00000155858;ENSG00000136875;ENSG00000100028;ENSG00000152147"
"GO","GOMF_L_ARGININE_TRANSMEMBRANE_TRANSPORTER_ACTIVITY",0.000171108043540656,0.00839669326708204,0.518848077743792,-0.851687818125669,-1.97899688571147,12,"ENSG00000139209;ENSG00000003989;ENSG00000155465;ENSG00000139514;ENSG00000103064;ENSG00000177058"
"GO","GOBP_PROTEIN_FOLDING",0.000180329944591949,0.0087855711135013,0.518848077743792,-0.394103880910496,-1.58675702614044,225,"ENSG00000044574;ENSG00000155660;ENSG00000149428;ENSG00000166598;ENSG00000102580;ENSG00000143870;ENSG00000090520;ENSG00000127022;ENSG00000179218;ENSG00000167004;ENSG00000136731;ENSG00000166794;ENSG00000096060;ENSG00000023318;ENSG00000128228;ENSG00000137168;ENSG00000151835;ENSG00000118217;ENSG00000197930;ENSG00000239264;ENSG00000108588;ENSG00000153132;ENSG00000155304;ENSG00000097033;ENSG00000185624;ENSG00000136770;ENSG00000259706;ENSG00000166170;ENSG00000117385;ENSG00000132141;ENSG00000185615;ENSG00000144401;ENSG00000065485;ENSG00000004776;ENSG00000170946;ENSG00000116260"
"GO","GOBP_ESTABLISHMENT_OF_PROTEIN_LOCALIZATION_TO_ENDOPLASMIC_RETICULUM",0.000182178265443985,0.00881222295419048,0.518848077743792,-0.584988919883585,-1.88749398498282,51,"ENSG00000044574;ENSG00000051108;ENSG00000067167;ENSG00000134109;ENSG00000129128;ENSG00000124783;ENSG00000025796;ENSG00000058262;ENSG00000008952;ENSG00000118363;ENSG00000198626;ENSG00000115839;ENSG00000167881;ENSG00000065308;ENSG00000114850;ENSG00000111885;ENSG00000174599"
"GO","GOCC_PROTON_TRANSPORTING_ATP_SYNTHASE_COMPLEX",0.000189903167730137,0.0091207393749538,0.518848077743792,0.722491439026208,1.98251796450974,22,"ENSG00000152234;ENSG00000154723;ENSG00000241837;ENSG00000099624;ENSG00000241468;ENSG00000124172;ENSG00000169020;ENSG00000159199;ENSG00000116459;ENSG00000110955;ENSG00000125375;ENSG00000156411;ENSG00000135390;ENSG00000167283;ENSG00000165629;ENSG00000249222"
"GO","GOBP_FAT_CELL_DIFFERENTIATION",0.000192416242765558,0.00917635771836874,0.518848077743792,-0.387077301189023,-1.56771291017447,237,"ENSG00000254647;ENSG00000175197;ENSG00000125741;ENSG00000178951;ENSG00000164307;ENSG00000175029;ENSG00000101109;ENSG00000111186;ENSG00000163904;ENSG00000100219;ENSG00000071575;ENSG00000112715;ENSG00000180694;ENSG00000197930;ENSG00000073756;ENSG00000101384;ENSG00000133794;ENSG00000150907;ENSG00000125686;ENSG00000005513;ENSG00000114251;ENSG00000172216;ENSG00000142208;ENSG00000119711;ENSG00000171488;ENSG00000144909;ENSG00000150347;ENSG00000008196;ENSG00000162998;ENSG00000139668;ENSG00000152518;ENSG00000154803;ENSG00000245848;ENSG00000112062;ENSG00000140718;ENSG00000176624;ENSG00000111664;ENSG00000122877;ENSG00000172260;ENSG00000197594;ENSG00000174483;ENSG00000048540;ENSG00000126778;ENSG00000143842;ENSG00000119401;ENSG00000139914;ENSG00000107890;ENSG00000182621;ENSG00000062725;ENSG00000166949;ENSG00000101493;ENSG00000100393;ENSG00000112584;ENSG00000156466;ENSG00000143365;ENSG00000143970;ENSG00000130876;ENSG00000038382;ENSG00000181004;ENSG00000180011;ENSG00000129167;ENSG00000134243;ENSG00000151468;ENSG00000198873;ENSG00000114315;ENSG00000118260;ENSG00000266524;ENSG00000185338;ENSG00000165915;ENSG00000091039;ENSG00000112033;ENSG00000122507;ENSG00000164850;ENSG00000196878;ENSG00000125124;ENSG00000115966"
"GO","GOBP_PURINE_CONTAINING_COMPOUND_BIOSYNTHETIC_PROCESS",0.000193948189220388,0.00918473522657669,0.518848077743792,0.37147481263962,1.55132608166096,264,"ENSG00000145335;ENSG00000176410;ENSG00000149925;ENSG00000170522;ENSG00000183648;ENSG00000074800;ENSG00000267855;ENSG00000152234;ENSG00000243678;ENSG00000154723;ENSG00000106992;ENSG00000241837;ENSG00000186010;ENSG00000099624;ENSG00000241468;ENSG00000169299;ENSG00000158828;ENSG00000239672;ENSG00000168291;ENSG00000178127;ENSG00000154027;ENSG00000063176;ENSG00000178035;ENSG00000213619;ENSG00000138363;ENSG00000166136;ENSG00000160194;ENSG00000164326;ENSG00000110717;ENSG00000164258;ENSG00000130414;ENSG00000174886;ENSG00000035687;ENSG00000066322;ENSG00000145494;ENSG00000008130;ENSG00000090266;ENSG00000075399;ENSG00000140990;ENSG00000099795;ENSG00000124172;ENSG00000139180;ENSG00000169020;ENSG00000173614;ENSG00000170906;ENSG00000131069;ENSG00000147684;ENSG00000099797;ENSG00000147123;ENSG00000159199;ENSG00000099810;ENSG00000167792;ENSG00000183077;ENSG00000106348;ENSG00000117118;ENSG00000239900;ENSG00000196839;ENSG00000005882;ENSG00000131495;ENSG00000185100;ENSG00000116459;ENSG00000198570;ENSG00000221988;ENSG00000103507;ENSG00000165283;ENSG00000185883;ENSG00000110955;ENSG00000168653;ENSG00000125375;ENSG00000115286;ENSG00000099256;ENSG00000162882;ENSG00000151366;ENSG00000169710;ENSG00000156411;ENSG00000138621;ENSG00000102125;ENSG00000109390;ENSG00000184752;ENSG00000204922;ENSG00000135390;ENSG00000167283;ENSG00000156110;ENSG00000114956;ENSG00000103202;ENSG00000198931;ENSG00000004779;ENSG00000073578;ENSG00000103254;ENSG00000110435;ENSG00000132518;ENSG00000119421"
"GO","GOBP_PANCREAS_DEVELOPMENT",0.000197503992398286,0.00928817386473049,0.518848077743792,-0.52487788598833,-1.81929951451774,75,"ENSG00000198843;ENSG00000172071;ENSG00000114739;ENSG00000100219;ENSG00000124766;ENSG00000133794;ENSG00000170558;ENSG00000114251;ENSG00000105976;ENSG00000142208;ENSG00000141519;ENSG00000112175;ENSG00000128602;ENSG00000134138;ENSG00000167244;ENSG00000117707;ENSG00000284862;ENSG00000185002;ENSG00000116729;ENSG00000153162;ENSG00000143195;ENSG00000168267;ENSG00000119547;ENSG00000125398;ENSG00000082701;ENSG00000140992;ENSG00000128918"
"GO","GOBP_TRNA_PROCESSING",0.000202097886375011,0.00943866818297636,0.518848077743792,0.429102836540128,1.6628364804883,139,"ENSG00000166166;ENSG00000167112;ENSG00000177192;ENSG00000164967;ENSG00000099899;ENSG00000149743;ENSG00000182173;ENSG00000196976;ENSG00000101391;ENSG00000241370;ENSG00000110060;ENSG00000104907;ENSG00000213339;ENSG00000176261;ENSG00000163832;ENSG00000132463;ENSG00000006744;ENSG00000072506;ENSG00000198841;ENSG00000037897;ENSG00000103707;ENSG00000065427;ENSG00000170291;ENSG00000169718;ENSG00000241058;ENSG00000138385;ENSG00000109911;ENSG00000178252;ENSG00000277209;ENSG00000178149;ENSG00000167272;ENSG00000172409;ENSG00000172336;ENSG00000100601;ENSG00000128309;ENSG00000163684;ENSG00000165526;ENSG00000167118;ENSG00000175711;ENSG00000142544;ENSG00000134461;ENSG00000154743;ENSG00000206562;ENSG00000165055;ENSG00000162971;ENSG00000169972;ENSG00000106246;ENSG00000124787;ENSG00000160193;ENSG00000178718;ENSG00000154813;ENSG00000135372;ENSG00000174177;ENSG00000113272;ENSG00000089195;ENSG00000091127;ENSG00000138050;ENSG00000213638;ENSG00000173113;ENSG00000121350;ENSG00000144034;ENSG00000136932"
"GO","GOBP_RIBOSE_PHOSPHATE_METABOLIC_PROCESS",0.000226693243732562,0.0105148400449104,0.518848077743792,0.340316667291788,1.4700106087757,375,"ENSG00000176410;ENSG00000175567;ENSG00000128294;ENSG00000143153;ENSG00000171314;ENSG00000067225;ENSG00000149925;ENSG00000114779;ENSG00000009950;ENSG00000102967;ENSG00000154277;ENSG00000167588;ENSG00000111674;ENSG00000183648;ENSG00000074800;ENSG00000114491;ENSG00000267855;ENSG00000152234;ENSG00000243678;ENSG00000125877;ENSG00000154723;ENSG00000106992;ENSG00000241837;ENSG00000186010;ENSG00000158122;ENSG00000099624;ENSG00000196368;ENSG00000241468;ENSG00000067057;ENSG00000164073;ENSG00000130830;ENSG00000158828;ENSG00000239672;ENSG00000178127;ENSG00000154027;ENSG00000063176;ENSG00000178035;ENSG00000198276;ENSG00000213619;ENSG00000138363;ENSG00000166136;ENSG00000160194;ENSG00000164326;ENSG00000242372;ENSG00000125458;ENSG00000110717;ENSG00000164258;ENSG00000130414;ENSG00000174886;ENSG00000188906;ENSG00000160211;ENSG00000035687;ENSG00000145494;ENSG00000008130;ENSG00000183828;ENSG00000090266;ENSG00000075399;ENSG00000140990;ENSG00000099795;ENSG00000124172;ENSG00000139180;ENSG00000169020;ENSG00000111669;ENSG00000213465;ENSG00000173614;ENSG00000214253;ENSG00000181929;ENSG00000204389;ENSG00000170906;ENSG00000147684;ENSG00000147123;ENSG00000159199;ENSG00000077463;ENSG00000100300;ENSG00000181027;ENSG00000167792;ENSG00000106348;ENSG00000117118;ENSG00000239900;ENSG00000196839;ENSG00000131495;ENSG00000185100;ENSG00000116459;ENSG00000087494;ENSG00000112541;ENSG00000109063;ENSG00000171793;ENSG00000111640;ENSG00000226784;ENSG00000165283;ENSG00000113575;ENSG00000162409;ENSG00000185883;ENSG00000161999;ENSG00000110955;ENSG00000168653;ENSG00000125375;ENSG00000105679;ENSG00000115286;ENSG00000099256;ENSG00000156510;ENSG00000151366;ENSG00000156411;ENSG00000102125;ENSG00000078237;ENSG00000186642;ENSG00000109390;ENSG00000184752;ENSG00000164708;ENSG00000204922;ENSG00000135390;ENSG00000167283;ENSG00000156110;ENSG00000173598;ENSG00000103202;ENSG00000198931;ENSG00000119125;ENSG00000004779;ENSG00000073578;ENSG00000103254;ENSG00000170950;ENSG00000132518;ENSG00000162813;ENSG00000065135;ENSG00000119421;ENSG00000108515;ENSG00000184983;ENSG00000128059;ENSG00000167965;ENSG00000100226;ENSG00000088002"
"GO","GOCC_PROTEASOME_STORAGE_GRANULE",0.000236925185215548,0.0109146758794537,0.518848077743792,0.742244859579914,1.96336769319016,19,"ENSG00000100804;ENSG00000136930;ENSG00000277791;ENSG00000041357;ENSG00000008018;ENSG00000100911;ENSG00000101182;ENSG00000126067;ENSG00000142507;ENSG00000106588;ENSG00000159377;ENSG00000173692;ENSG00000100567;ENSG00000092010;ENSG00000175166"
"GO","GOCC_ENDOCYTIC_VESICLE",0.000240300840412778,0.0109953871032117,0.518848077743792,-0.362022201908448,-1.51266122100373,329,"ENSG00000149428;ENSG00000166598;ENSG00000108774;ENSG00000179218;ENSG00000003056;ENSG00000167004;ENSG00000156599;ENSG00000135679;ENSG00000108389;ENSG00000167461;ENSG00000111186;ENSG00000138760;ENSG00000123570;ENSG00000197081;ENSG00000092531;ENSG00000143858;ENSG00000198018;ENSG00000126581;ENSG00000115145;ENSG00000152578;ENSG00000114251;ENSG00000143147;ENSG00000013016;ENSG00000010327;ENSG00000179915;ENSG00000128602;ENSG00000116473;ENSG00000141480;ENSG00000152291;ENSG00000109756;ENSG00000122852;ENSG00000168216;ENSG00000243244;ENSG00000135631;ENSG00000073921;ENSG00000169071;ENSG00000149295;ENSG00000154710;ENSG00000126775;ENSG00000135047;ENSG00000132718;ENSG00000130203;ENSG00000116729;ENSG00000082781;ENSG00000106100;ENSG00000145349;ENSG00000110057;ENSG00000117533;ENSG00000165029;ENSG00000109572;ENSG00000179331;ENSG00000168461;ENSG00000070808;ENSG00000029725;ENSG00000266028;ENSG00000075651;ENSG00000185344;ENSG00000197635;ENSG00000131242;ENSG00000067715;ENSG00000085832;ENSG00000118473;ENSG00000006125;ENSG00000079950;ENSG00000136854;ENSG00000165168;ENSG00000120251;ENSG00000197822;ENSG00000101200;ENSG00000181804;ENSG00000110719;ENSG00000170743;ENSG00000204592;ENSG00000064547;ENSG00000148660;ENSG00000005893;ENSG00000130234;ENSG00000122126;ENSG00000133056;ENSG00000196455;ENSG00000239732;ENSG00000123384;ENSG00000107165;ENSG00000132669;ENSG00000174130;ENSG00000131374;ENSG00000008869;ENSG00000157978;ENSG00000072274;ENSG00000084733;ENSG00000128340;ENSG00000173905"
"GO","GOMF_HISTONE_READER_ACTIVITY",0.000245377251447692,0.0111523137369381,0.49849310876659,-0.472651266984238,-1.73754442193915,109,"ENSG00000166446;ENSG00000096070;ENSG00000119778;ENSG00000153922;ENSG00000172943;ENSG00000137337;ENSG00000166439;ENSG00000102081;ENSG00000101040;ENSG00000165632;ENSG00000138376;ENSG00000008083;ENSG00000146918;ENSG00000071794;ENSG00000178913;ENSG00000169057;ENSG00000076108;ENSG00000005483;ENSG00000197724;ENSG00000206559;ENSG00000204271;ENSG00000153046;ENSG00000151503;ENSG00000170234;ENSG00000165972;ENSG00000186767;ENSG00000122728;ENSG00000204256;ENSG00000100425;ENSG00000011258;ENSG00000077684;ENSG00000178691;ENSG00000159256;ENSG00000175097;ENSG00000146247;ENSG00000106723;ENSG00000130816;ENSG00000169925;ENSG00000185513"
"GO","GOBP_REGULATION_OF_PROTEIN_LOCALIZATION_TO_CELL_PERIPHERY",0.000250846619854129,0.0113248887310144,0.49849310876659,-0.434799982484277,-1.67270911622357,153,"ENSG00000254647;ENSG00000166900;ENSG00000163818;ENSG00000120992;ENSG00000156599;ENSG00000086598;ENSG00000104219;ENSG00000135324;ENSG00000107331;ENSG00000196632;ENSG00000153786;ENSG00000162852;ENSG00000183098;ENSG00000159023;ENSG00000171132;ENSG00000150093;ENSG00000142208;ENSG00000115306;ENSG00000117228;ENSG00000179915;ENSG00000082397;ENSG00000124313;ENSG00000171208;ENSG00000116473;ENSG00000073921;ENSG00000131626;ENSG00000060237;ENSG00000145675;ENSG00000105647;ENSG00000075711;ENSG00000171867;ENSG00000145349;ENSG00000144681;ENSG00000100568;ENSG00000130558;ENSG00000117533;ENSG00000070808;ENSG00000173402;ENSG00000185482;ENSG00000017260;ENSG00000121957;ENSG00000164904;ENSG00000079950;ENSG00000186193;ENSG00000140992;ENSG00000148660;ENSG00000145506;ENSG00000066027;ENSG00000123384;ENSG00000007402;ENSG00000163558;ENSG00000076716;ENSG00000069329;ENSG00000157978;ENSG00000164850;ENSG00000114867;ENSG00000095637;ENSG00000142945;ENSG00000103769"
"GO","GOBP_PROTEIN_LOCALIZATION_TO_CILIUM",0.000255798111986218,0.0114719524130508,0.49849310876659,-0.491199773720226,-1.75388367706809,89,"ENSG00000163818;ENSG00000167461;ENSG00000086300;ENSG00000166402;ENSG00000168778;ENSG00000155755;ENSG00000187240;ENSG00000169379;ENSG00000118965;ENSG00000078246;ENSG00000141519;ENSG00000157796;ENSG00000119977;ENSG00000284862;ENSG00000204852;ENSG00000173226;ENSG00000174483;ENSG00000164953;ENSG00000029725;ENSG00000119509;ENSG00000158163;ENSG00000100554;ENSG00000103494;ENSG00000261949;ENSG00000153317;ENSG00000082701;ENSG00000048342;ENSG00000105948;ENSG00000122507;ENSG00000149489;ENSG00000115355;ENSG00000179029;ENSG00000103769;ENSG00000140463;ENSG00000138286;ENSG00000198707"
"GO","GOBP_REGULATION_OF_POLYSACCHARIDE_BIOSYNTHETIC_PROCESS",0.000263769765989611,0.0117516372058003,0.49849310876659,-0.63325174107503,-1.88591160645501,34,"ENSG00000254647;ENSG00000119938;ENSG00000106070;ENSG00000169047;ENSG00000142208;ENSG00000115687;ENSG00000167244;ENSG00000178567;ENSG00000197594;ENSG00000185950;ENSG00000106633;ENSG00000173281;ENSG00000082701;ENSG00000049769;ENSG00000132825;ENSG00000109320;ENSG00000095637;ENSG00000131871;ENSG00000154415;ENSG00000171105"
"GO","GOCC_ENDOPEPTIDASE_COMPLEX",0.000274694670457373,0.0121379039579167,0.49849310876659,0.460963223892661,1.73538617625202,113,"ENSG00000115317;ENSG00000126247;ENSG00000205220;ENSG00000100804;ENSG00000136930;ENSG00000106211;ENSG00000277791;ENSG00000087191;ENSG00000041357;ENSG00000160803;ENSG00000008018;ENSG00000185627;ENSG00000100911;ENSG00000135924;ENSG00000100764;ENSG00000117525;ENSG00000158552;ENSG00000101182;ENSG00000130706;ENSG00000126067;ENSG00000103035;ENSG00000204264;ENSG00000114902;ENSG00000159352;ENSG00000010256;ENSG00000142507;ENSG00000106588;ENSG00000165916;ENSG00000099341;ENSG00000177595;ENSG00000115718;ENSG00000197170;ENSG00000100519;ENSG00000179262;ENSG00000164344;ENSG00000148950;ENSG00000014216;ENSG00000180210;ENSG00000178726;ENSG00000115233;ENSG00000127922;ENSG00000159377;ENSG00000226098;ENSG00000091164;ENSG00000122861;ENSG00000101557;ENSG00000173692;ENSG00000100567;ENSG00000132906"
"GO","GOBP_POSITIVE_REGULATION_OF_NEURON_PROJECTION_DEVELOPMENT",0.000276024395971526,0.0121379039579167,0.49849310876659,-0.439017487018816,-1.67671337732144,145,"ENSG00000254647;ENSG00000103319;ENSG00000113273;ENSG00000157764;ENSG00000138760;ENSG00000103034;ENSG00000145868;ENSG00000114251;ENSG00000163785;ENSG00000114166;ENSG00000218336;ENSG00000204580;ENSG00000107290;ENSG00000007168;ENSG00000134313;ENSG00000112175;ENSG00000154134;ENSG00000164961;ENSG00000116473;ENSG00000198846;ENSG00000109756;ENSG00000102383;ENSG00000117385;ENSG00000108061;ENSG00000006210;ENSG00000003402;ENSG00000130203;ENSG00000018236;ENSG00000172260;ENSG00000184304;ENSG00000170385;ENSG00000160007;ENSG00000040341;ENSG00000172461;ENSG00000181754;ENSG00000068971;ENSG00000100393;ENSG00000156642;ENSG00000242689;ENSG00000149557;ENSG00000196576;ENSG00000153707;ENSG00000078699;ENSG00000169306;ENSG00000119283;ENSG00000137825;ENSG00000143322;ENSG00000107779;ENSG00000097007;ENSG00000055917;ENSG00000163558"
"GO","GOMF_CARBOHYDRATE_BINDING",0.000282365294120673,0.0123366307857109,0.49849310876659,-0.40067146149237,-1.6101841208883,221,"ENSG00000127022;ENSG00000179218;ENSG00000110917;ENSG00000089597;ENSG00000143627;ENSG00000135506;ENSG00000119938;ENSG00000152556;ENSG00000117114;ENSG00000090530;ENSG00000197081;ENSG00000102805;ENSG00000038427;ENSG00000103226;ENSG00000103512;ENSG00000162078;ENSG00000196547;ENSG00000185164;ENSG00000257743;ENSG00000130287;ENSG00000164946;ENSG00000054219;ENSG00000107537;ENSG00000112893;ENSG00000188585;ENSG00000122852;ENSG00000214013;ENSG00000117385;ENSG00000184374;ENSG00000241399;ENSG00000112297;ENSG00000072682;ENSG00000134013;ENSG00000083444;ENSG00000018236;ENSG00000103502;ENSG00000118004;ENSG00000197594;ENSG00000196937;ENSG00000188404;ENSG00000153246;ENSG00000132692;ENSG00000116661;ENSG00000088812;ENSG00000136872;ENSG00000144278;ENSG00000136960;ENSG00000100626;ENSG00000106633;ENSG00000257335;ENSG00000173281;ENSG00000107518;ENSG00000157322;ENSG00000110328;ENSG00000049769;ENSG00000074695;ENSG00000132825"
"GO","GOMF_KINASE_REGULATOR_ACTIVITY",0.000285802839758186,0.0124067745566823,0.49849310876659,-0.364508447535661,-1.50742068228041,299,"ENSG00000044574;ENSG00000102580;ENSG00000082146;ENSG00000166068;ENSG00000197045;ENSG00000114978;ENSG00000114739;ENSG00000101109;ENSG00000071575;ENSG00000141506;ENSG00000162545;ENSG00000108100;ENSG00000112715;ENSG00000138617;ENSG00000100583;ENSG00000091436;ENSG00000129474;ENSG00000185104;ENSG00000005700;ENSG00000167191;ENSG00000184349;ENSG00000164056;ENSG00000114166;ENSG00000122966;ENSG00000185737;ENSG00000112964;ENSG00000148841;ENSG00000142208;ENSG00000097033;ENSG00000180370;ENSG00000134313;ENSG00000157168;ENSG00000124126;ENSG00000113648;ENSG00000198369;ENSG00000128602;ENSG00000137494;ENSG00000151883;ENSG00000167244;ENSG00000197852;ENSG00000117461;ENSG00000272398;ENSG00000113522;ENSG00000131370;ENSG00000126775;ENSG00000135090;ENSG00000060237;ENSG00000141198;ENSG00000168421;ENSG00000145675;ENSG00000163249;ENSG00000105647;ENSG00000184304;ENSG00000198961;ENSG00000070018;ENSG00000169129;ENSG00000185950;ENSG00000170412;ENSG00000215301;ENSG00000162999;ENSG00000123338;ENSG00000164327;ENSG00000176994;ENSG00000142961;ENSG00000109270"
"GO","GOCC_PRERIBOSOME_LARGE_SUBUNIT_PRECURSOR",0.000308590356486489,0.013293883879671,0.49849310876659,0.77623620293311,1.9547468860661,16,"ENSG00000133316;ENSG00000130810;ENSG00000108592;ENSG00000138442;ENSG00000053372;ENSG00000261236;ENSG00000100029;ENSG00000179041;ENSG00000198042;ENSG00000117133;ENSG00000188976;ENSG00000117395;ENSG00000067533;ENSG00000173545;ENSG00000164346"
"GO","GOBP_ATF6_MEDIATED_UNFOLDED_PROTEIN_RESPONSE",0.000311346397330624,0.013293883879671,0.49849310876659,-0.872830781136427,-1.93964088599181,10,"ENSG00000044574;ENSG00000145050;ENSG00000175197;ENSG00000118217;ENSG00000100219"
"GO","GOMF_MRNA_BINDING",0.000312127515780816,0.013293883879671,0.49849310876659,0.334685043504695,1.44334073172043,370,"ENSG00000205978;ENSG00000154548;ENSG00000090621;ENSG00000166831;ENSG00000109832;ENSG00000214575;ENSG00000067225;ENSG00000140488;ENSG00000090097;ENSG00000135930;ENSG00000125445;ENSG00000184209;ENSG00000119705;ENSG00000132361;ENSG00000124562;ENSG00000161960;ENSG00000149016;ENSG00000177679;ENSG00000083845;ENSG00000142541;ENSG00000172346;ENSG00000262814;ENSG00000117569;ENSG00000104852;ENSG00000171490;ENSG00000177483;ENSG00000161642;ENSG00000122965;ENSG00000116350;ENSG00000187772;ENSG00000149273;ENSG00000070756;ENSG00000126254;ENSG00000080608;ENSG00000145912;ENSG00000204356;ENSG00000114391;ENSG00000132463;ENSG00000210151;ENSG00000080824;ENSG00000048740;ENSG00000141543;ENSG00000188613;ENSG00000108561;ENSG00000162231;ENSG00000123136;ENSG00000189167;ENSG00000150753;ENSG00000145425;ENSG00000169288;ENSG00000139910;ENSG00000132541;ENSG00000243449;ENSG00000116288;ENSG00000163798;ENSG00000103067;ENSG00000065978;ENSG00000110700;ENSG00000175324;ENSG00000071626;ENSG00000197728;ENSG00000164587;ENSG00000136942;ENSG00000134046;ENSG00000117751;ENSG00000115053;ENSG00000138385;ENSG00000092345;ENSG00000132819;ENSG00000172172;ENSG00000151065;ENSG00000130813;ENSG00000198585;ENSG00000107625;ENSG00000140988;ENSG00000178896;ENSG00000169062;ENSG00000239306;ENSG00000171863;ENSG00000181588;ENSG00000179151;ENSG00000075292;ENSG00000146963;ENSG00000089280;ENSG00000151962;ENSG00000105705;ENSG00000183684;ENSG00000157110;ENSG00000184708;ENSG00000229117;ENSG00000071894;ENSG00000103549;ENSG00000132478;ENSG00000100296;ENSG00000104824;ENSG00000114416;ENSG00000184735;ENSG00000153048;ENSG00000122406;ENSG00000007392;ENSG00000125207;ENSG00000092199;ENSG00000167281;ENSG00000228549;ENSG00000178199;ENSG00000136463;ENSG00000176102;ENSG00000147604;ENSG00000003756;ENSG00000102053;ENSG00000163877;ENSG00000115128;ENSG00000183258"
"GO","GOMF_PROTON_TRANSPORTING_ATP_SYNTHASE_ACTIVITY_ROTATIONAL_MECHANISM",0.000315935902492812,0.0133719870730083,0.49849310876659,0.760929206468867,1.94831290783051,17,"ENSG00000152234;ENSG00000154723;ENSG00000241837;ENSG00000099624;ENSG00000241468;ENSG00000124172;ENSG00000169020;ENSG00000116459;ENSG00000185883;ENSG00000110955;ENSG00000167283;ENSG00000165629;ENSG00000249222"
"GO","GOBP_CELLULAR_RESPONSE_TO_PEPTIDE_HORMONE_STIMULUS",0.000318436183336599,0.0133940983450649,0.49849310876659,-0.355226841310426,-1.48342723167976,327,"ENSG00000254647;ENSG00000103319;ENSG00000167461;ENSG00000143627;ENSG00000104635;ENSG00000100219;ENSG00000106070;ENSG00000166888;ENSG00000130707;ENSG00000174989;ENSG00000173175;ENSG00000197535;ENSG00000157445;ENSG00000185591;ENSG00000150907;ENSG00000153786;ENSG00000138031;ENSG00000169174;ENSG00000170145;ENSG00000132334;ENSG00000162104;ENSG00000114166;ENSG00000197712;ENSG00000112964;ENSG00000169047;ENSG00000142208;ENSG00000079385;ENSG00000204406;ENSG00000163884;ENSG00000112293;ENSG00000143799;ENSG00000140396;ENSG00000179295;ENSG00000131711;ENSG00000136111;ENSG00000141738;ENSG00000167244;ENSG00000166579;ENSG00000108061;ENSG00000180549;ENSG00000117461;ENSG00000166147;ENSG00000160691;ENSG00000168710;ENSG00000173757;ENSG00000003402;ENSG00000135744;ENSG00000149639;ENSG00000134318;ENSG00000136628;ENSG00000159346;ENSG00000155897;ENSG00000198900;ENSG00000145675;ENSG00000105647;ENSG00000144891;ENSG00000197594;ENSG00000184304;ENSG00000138768;ENSG00000276293;ENSG00000094804;ENSG00000168461;ENSG00000070808;ENSG00000185950;ENSG00000274211;ENSG00000164742;ENSG00000067900;ENSG00000182621;ENSG00000122641;ENSG00000109458;ENSG00000148730;ENSG00000169398;ENSG00000165816;ENSG00000106633;ENSG00000151422;ENSG00000084676;ENSG00000082701;ENSG00000146247;ENSG00000253729;ENSG00000173473;ENSG00000168610;ENSG00000213625;ENSG00000021826;ENSG00000177398;ENSG00000140992;ENSG00000129467;ENSG00000211451;ENSG00000109320;ENSG00000100030;ENSG00000105639;ENSG00000108946;ENSG00000197122;ENSG00000118260;ENSG00000163558;ENSG00000185338;ENSG00000101577;ENSG00000091039;ENSG00000137936;ENSG00000084733;ENSG00000164850;ENSG00000117020;ENSG00000100485;ENSG00000162733;ENSG00000196660;ENSG00000115904;ENSG00000145192;ENSG00000163069;ENSG00000095637;ENSG00000134982;ENSG00000004799;ENSG00000131871;ENSG00000134324;ENSG00000136238;ENSG00000169032;ENSG00000184811;ENSG00000171105;ENSG00000103994;ENSG00000096717;ENSG00000184163;ENSG00000105974;ENSG00000132155;ENSG00000185650;ENSG00000163083;ENSG00000198793"
"GO","GOBP_NEURON_RECOGNITION",0.000331277999292922,0.0137632798233845,0.49849310876659,-0.569277210458979,-1.82420202018223,49,"ENSG00000177103;ENSG00000145242;ENSG00000129116;ENSG00000174469;ENSG00000184349;ENSG00000185008;ENSG00000146072;ENSG00000154134;ENSG00000169855;ENSG00000171587;ENSG00000099250;ENSG00000112902;ENSG00000118432;ENSG00000142192;ENSG00000183715;ENSG00000144619;ENSG00000170571;ENSG00000154654;ENSG00000116106;ENSG00000153266;ENSG00000160007;ENSG00000181754;ENSG00000156642;ENSG00000091129;ENSG00000105429;ENSG00000162614"
"GO","GOBP_RESPONSE_TO_HEAT",0.000331276978033271,0.0137632798233845,0.49849310876659,0.470647080495743,1.72998648907137,97,"ENSG00000115317;ENSG00000204209;ENSG00000151929;ENSG00000140403;ENSG00000115211;ENSG00000106211;ENSG00000066427;ENSG00000213199;ENSG00000168259;ENSG00000134001;ENSG00000145191;ENSG00000185122;ENSG00000168356;ENSG00000096384;ENSG00000100292;ENSG00000080824;ENSG00000104529;ENSG00000105993;ENSG00000105821;ENSG00000204389;ENSG00000184216;ENSG00000103266;ENSG00000168079;ENSG00000186868;ENSG00000137801;ENSG00000162129;ENSG00000086061;ENSG00000196689;ENSG00000142168;ENSG00000070785;ENSG00000104321;ENSG00000116030;ENSG00000183199;ENSG00000224411"
"GO","GOMF_PALMITOYLTRANSFERASE_ACTIVITY",0.000339480775613905,0.0139611307688497,0.49849310876659,-0.630724490899898,-1.90909845489675,37,"ENSG00000165389;ENSG00000135821;ENSG00000156599;ENSG00000175893;ENSG00000104219;ENSG00000177054;ENSG00000184307;ENSG00000153786;ENSG00000186908;ENSG00000110090;ENSG00000102383;ENSG00000090054"
"GO","GOMF_G_PROTEIN_COUPLED_GLUTAMATE_RECEPTOR_BINDING",0.000342225001126557,0.0139611307688497,0.49849310876659,0.841977626936935,1.87376385168101,10,"ENSG00000103942;ENSG00000103154;ENSG00000109062;ENSG00000065054;ENSG00000160014"
"GO","GOBP_CILIUM_ORGANIZATION",0.000340410126323905,0.0139611307688497,0.49849310876659,-0.330067366832219,-1.4243409482397,468,"ENSG00000070367;ENSG00000050405;ENSG00000153789;ENSG00000103021;ENSG00000106477;ENSG00000167461;ENSG00000086300;ENSG00000166402;ENSG00000099204;ENSG00000052841;ENSG00000168778;ENSG00000155755;ENSG00000073464;ENSG00000174989;ENSG00000077279;ENSG00000160401;ENSG00000197748;ENSG00000187240;ENSG00000167202;ENSG00000169379;ENSG00000167291;ENSG00000163093;ENSG00000103540;ENSG00000164675;ENSG00000135931;ENSG00000164066;ENSG00000118997;ENSG00000118965;ENSG00000142208;ENSG00000105792;ENSG00000119685;ENSG00000125257;ENSG00000100360;ENSG00000081377;ENSG00000141519;ENSG00000013016;ENSG00000119661;ENSG00000186638;ENSG00000173013;ENSG00000158486;ENSG00000132405;ENSG00000157796;ENSG00000083799;ENSG00000131018;ENSG00000053918;ENSG00000111490;ENSG00000149548;ENSG00000119977;ENSG00000139174;ENSG00000284862;ENSG00000168014;ENSG00000137601;ENSG00000163879;ENSG00000112144;ENSG00000165972;ENSG00000196924;ENSG00000143126;ENSG00000204852;ENSG00000144451;ENSG00000204104;ENSG00000173226;ENSG00000186710;ENSG00000135338;ENSG00000183914;ENSG00000135837;ENSG00000182504;ENSG00000158079;ENSG00000139437;ENSG00000174483;ENSG00000145536;ENSG00000164953;ENSG00000160007;ENSG00000070761;ENSG00000051825;ENSG00000144840;ENSG00000150977;ENSG00000146038;ENSG00000111859;ENSG00000101350;ENSG00000119401;ENSG00000175970;ENSG00000187676;ENSG00000172426;ENSG00000138069;ENSG00000158163;ENSG00000100554;ENSG00000065491;ENSG00000119547;ENSG00000117155;ENSG00000103494;ENSG00000139323;ENSG00000198718;ENSG00000124486;ENSG00000161973;ENSG00000155761;ENSG00000261949;ENSG00000153317;ENSG00000082701;ENSG00000166246;ENSG00000104450;ENSG00000136811;ENSG00000165698;ENSG00000065882;ENSG00000107554;ENSG00000181004;ENSG00000128881;ENSG00000176225;ENSG00000197226;ENSG00000234409;ENSG00000122126;ENSG00000165115;ENSG00000138071;ENSG00000048342;ENSG00000102218;ENSG00000184640;ENSG00000105948;ENSG00000107862;ENSG00000131374;ENSG00000132122;ENSG00000122507;ENSG00000084733;ENSG00000171811;ENSG00000122417;ENSG00000122545;ENSG00000163482;ENSG00000125124;ENSG00000138036;ENSG00000115355;ENSG00000179029;ENSG00000054654;ENSG00000103769;ENSG00000168385;ENSG00000181751;ENSG00000179941;ENSG00000149292;ENSG00000168234;ENSG00000114841"
"GO","GOBP_GOLGI_ORGANIZATION",0.000349166431542839,0.0141590124216054,0.49849310876659,-0.416934128873661,-1.60708184656801,155,"ENSG00000143515;ENSG00000086598;ENSG00000167461;ENSG00000187801;ENSG00000170348;ENSG00000174989;ENSG00000197535;ENSG00000107863;ENSG00000134970;ENSG00000187240;ENSG00000137502;ENSG00000120029;ENSG00000136152;ENSG00000164597;ENSG00000188626;ENSG00000013016;ENSG00000136874;ENSG00000130270;ENSG00000176018;ENSG00000159289;ENSG00000131018;ENSG00000215114;ENSG00000166170;ENSG00000186399;ENSG00000173230;ENSG00000186446;ENSG00000120805;ENSG00000133103;ENSG00000184304;ENSG00000138768;ENSG00000100568;ENSG00000117533;ENSG00000085382;ENSG00000180535;ENSG00000138069;ENSG00000115806;ENSG00000066455;ENSG00000148248;ENSG00000215252;ENSG00000119820;ENSG00000178104;ENSG00000074695;ENSG00000141627;ENSG00000114745;ENSG00000100030;ENSG00000107651;ENSG00000118200;ENSG00000107862;ENSG00000179938;ENSG00000249931;ENSG00000105829;ENSG00000074054"
"GO","GOMF_HEXOSYLTRANSFERASE_ACTIVITY",0.000353839663862225,0.0142631083552082,0.49849310876659,-0.412322475759206,-1.61885010592875,181,"ENSG00000179104;ENSG00000134910;ENSG00000136731;ENSG00000145626;ENSG00000171234;ENSG00000162885;ENSG00000163527;ENSG00000071073;ENSG00000163902;ENSG00000118276;ENSG00000130714;ENSG00000198856;ENSG00000175548;ENSG00000197888;ENSG00000170629;ENSG00000151348;ENSG00000135220;ENSG00000148154;ENSG00000253710;ENSG00000134901;ENSG00000156162;ENSG00000180549;ENSG00000060642;ENSG00000086848;ENSG00000131873;ENSG00000162630;ENSG00000173852;ENSG00000139133;ENSG00000083444;ENSG00000121964;ENSG00000147408;ENSG00000120697;ENSG00000139324;ENSG00000033170;ENSG00000176597;ENSG00000182858;ENSG00000172728;ENSG00000178202;ENSG00000070269;ENSG00000119523;ENSG00000172461;ENSG00000144278;ENSG00000187676;ENSG00000033011;ENSG00000102595;ENSG00000171155;ENSG00000100626;ENSG00000187210;ENSG00000143315;ENSG00000110328;ENSG00000049860;ENSG00000169826;ENSG00000183778;ENSG00000163389;ENSG00000119227;ENSG00000086062;ENSG00000118705;ENSG00000141429;ENSG00000167889;ENSG00000111713;ENSG00000131386;ENSG00000130309;ENSG00000163378;ENSG00000159063;ENSG00000158008;ENSG00000088035;ENSG00000125247;ENSG00000165195;ENSG00000152952;ENSG00000106003;ENSG00000186866;ENSG00000174607;ENSG00000100060;ENSG00000196371;ENSG00000152127;ENSG00000101901;ENSG00000175164"
"GO","GOBP_BLEB_ASSEMBLY",0.000357394144595523,0.0143211428828454,0.49849310876659,-0.859494171880359,-1.95419122852308,11,"ENSG00000213853;ENSG00000171517;ENSG00000065534;ENSG00000177119"
"GO","GOCC_PRERIBOSOME_SMALL_SUBUNIT_PRECURSOR",0.000364994873785032,0.0145396781486602,0.49849310876659,0.790737955251529,1.92272745515406,14,"ENSG00000120800;ENSG00000108592;ENSG00000160214;ENSG00000112578;ENSG00000124784;ENSG00000160256;ENSG00000184967;ENSG00000135521"
"GO","GOBP_CHAPERONE_MEDIATED_PROTEIN_COMPLEX_ASSEMBLY",0.000376369664442932,0.014905119108816,0.49849310876659,0.67610730449514,1.89133103772432,24,"ENSG00000157778;ENSG00000196365;ENSG00000096384;ENSG00000183527;ENSG00000080824;ENSG00000204389;ENSG00000144381;ENSG00000137806;ENSG00000103266;ENSG00000213221;ENSG00000110958;ENSG00000183199;ENSG00000166226;ENSG00000204220;ENSG00000171476"
"GO","GOBP_REGULATION_OF_LONG_TERM_SYNAPTIC_POTENTIATION",0.000389143777101164,0.0153214049914482,0.49849310876659,-0.611002168356202,-1.90241207352284,42,"ENSG00000254647;ENSG00000196549;ENSG00000144847;ENSG00000104219;ENSG00000036530;ENSG00000128829;ENSG00000196712;ENSG00000149295;ENSG00000130203;ENSG00000155897;ENSG00000142192;ENSG00000171867;ENSG00000162736;ENSG00000116106;ENSG00000164742"
"GO","GOMF_TRANSLATION_FACTOR_ACTIVITY",0.0003981385030855,0.0155849360860983,0.49849310876659,0.472011546146311,1.69240003041381,85,"ENSG00000101210;ENSG00000214575;ENSG00000115211;ENSG00000135930;ENSG00000178952;ENSG00000161960;ENSG00000175390;ENSG00000112031;ENSG00000167862;ENSG00000134001;ENSG00000145191;ENSG00000132507;ENSG00000163577;ENSG00000114784;ENSG00000242372;ENSG00000205609;ENSG00000104529;ENSG00000114626;ENSG00000114942;ENSG00000106263;ENSG00000104131;ENSG00000084623;ENSG00000232119;ENSG00000158417;ENSG00000149100;ENSG00000130811;ENSG00000070785;ENSG00000178982;ENSG00000189369;ENSG00000253626;ENSG00000100226;ENSG00000123297;ENSG00000147677;ENSG00000100353;ENSG00000140598;ENSG00000104408;ENSG00000121022;ENSG00000107581;ENSG00000085760;ENSG00000184110;ENSG00000107864;ENSG00000254772;ENSG00000103342"
"GO","GOBP_NEGATIVE_REGULATION_OF_ESTABLISHMENT_OF_PROTEIN_LOCALIZATION",0.000402473316883899,0.0156640764479182,0.49849310876659,-0.451901058175398,-1.69028262667387,123,"ENSG00000254647;ENSG00000147164;ENSG00000099958;ENSG00000120992;ENSG00000072849;ENSG00000135506;ENSG00000145242;ENSG00000150907;ENSG00000001630;ENSG00000067141;ENSG00000132872;ENSG00000169047;ENSG00000158445;ENSG00000158856;ENSG00000123612;ENSG00000138376;ENSG00000179295;ENSG00000196712;ENSG00000149547;ENSG00000215475;ENSG00000157782;ENSG00000135631;ENSG00000167470;ENSG00000118263;ENSG00000120686;ENSG00000149295;ENSG00000130203"
"GO","GOBP_RIBOSOMAL_SMALL_SUBUNIT_ASSEMBLY",0.000409533289595074,0.0157362669551889,0.49849310876659,0.688841851735529,1.90680045117072,23,"ENSG00000177954;ENSG00000101546;ENSG00000233927;ENSG00000189306;ENSG00000105372;ENSG00000132591;ENSG00000168028;ENSG00000241945;ENSG00000115268;ENSG00000149806;ENSG00000164587;ENSG00000274523;ENSG00000182841"
"GO","GOBP_POSITIVE_REGULATION_OF_D_GLUCOSE_TRANSMEMBRANE_TRANSPORT",0.000411299357806915,0.0157362669551889,0.49849310876659,-0.601718602820143,-1.8644902276688,41,"ENSG00000254647;ENSG00000157764;ENSG00000153786;ENSG00000169047;ENSG00000142208;ENSG00000163884;ENSG00000179295;ENSG00000116473;ENSG00000112062;ENSG00000145675;ENSG00000185950;ENSG00000110436;ENSG00000197822;ENSG00000054277;ENSG00000163558;ENSG00000091039;ENSG00000095637;ENSG00000128989;ENSG00000171105;ENSG00000184163"
"GO","GOBP_PHOSPHATIDYLINOSITOL_3_KINASE_PROTEIN_KINASE_B_SIGNAL_TRANSDUCTION",0.00041098189938232,0.0157362669551889,0.49849310876659,-0.360507678474334,-1.48969174000091,296,"ENSG00000254647;ENSG00000175197;ENSG00000187800;ENSG00000096060;ENSG00000115414;ENSG00000186951;ENSG00000100219;ENSG00000141506;ENSG00000155629;ENSG00000112715;ENSG00000107731;ENSG00000170955;ENSG00000126581;ENSG00000101680;ENSG00000068078;ENSG00000115461;ENSG00000147324;ENSG00000114251;ENSG00000111252;ENSG00000184349;ENSG00000163785;ENSG00000127946;ENSG00000184500;ENSG00000164078;ENSG00000150093;ENSG00000169047;ENSG00000142208;ENSG00000153064;ENSG00000079385;ENSG00000204580;ENSG00000147649;ENSG00000179915;ENSG00000179295;ENSG00000196712;ENSG00000141480;ENSG00000114062;ENSG00000167244;ENSG00000170962;ENSG00000186654;ENSG00000006210;ENSG00000117461;ENSG00000112902;ENSG00000149295;ENSG00000126775;ENSG00000169914;ENSG00000154803;ENSG00000135744;ENSG00000163629;ENSG00000142192;ENSG00000197461;ENSG00000145675;ENSG00000105647;ENSG00000143398;ENSG00000075711;ENSG00000196937;ENSG00000135250;ENSG00000184304;ENSG00000033327;ENSG00000185950;ENSG00000173402;ENSG00000164327;ENSG00000144460;ENSG00000079337;ENSG00000109458;ENSG00000069869;ENSG00000169398"
"GO","GOCC_PROTEASOME_CORE_COMPLEX",0.000416005485791291,0.0157384868702716,0.49849310876659,0.728993239196177,1.9283148356216,19,"ENSG00000205220;ENSG00000100804;ENSG00000136930;ENSG00000277791;ENSG00000041357;ENSG00000008018;ENSG00000101182;ENSG00000126067;ENSG00000204264;ENSG00000142507;ENSG00000106588"
"GO","GOBP_POSITIVE_REGULATION_OF_SYNAPTIC_TRANSMISSION",0.000414675680286362,0.0157384868702716,0.49849310876659,-0.41850298093529,-1.60680859704065,150,"ENSG00000254647;ENSG00000166900;ENSG00000196549;ENSG00000074621;ENSG00000144847;ENSG00000157764;ENSG00000104219;ENSG00000036530;ENSG00000102081;ENSG00000171132;ENSG00000183454;ENSG00000128829;ENSG00000179915;ENSG00000124313;ENSG00000196712;ENSG00000141480;ENSG00000008277;ENSG00000158258;ENSG00000169057;ENSG00000105464;ENSG00000149295;ENSG00000130203;ENSG00000102452;ENSG00000155897;ENSG00000142192;ENSG00000171867;ENSG00000145349;ENSG00000162736;ENSG00000115839;ENSG00000116106;ENSG00000070808;ENSG00000151025;ENSG00000164742;ENSG00000196569;ENSG00000156395;ENSG00000067715;ENSG00000156642;ENSG00000116147;ENSG00000136854;ENSG00000082701;ENSG00000164418;ENSG00000130876;ENSG00000106688;ENSG00000148660;ENSG00000050438;ENSG00000100030;ENSG00000097007;ENSG00000118260;ENSG00000096433;ENSG00000075073;ENSG00000162951"
"GO","GOMF_RNA_METHYLTRANSFERASE_ACTIVITY",0.000418550107864476,0.0157467851692124,0.49849310876659,0.516474214607029,1.78190284913034,68,"ENSG00000188573;ENSG00000162851;ENSG00000166166;ENSG00000071462;ENSG00000108592;ENSG00000100982;ENSG00000278619;ENSG00000099899;ENSG00000126749;ENSG00000106133;ENSG00000104907;ENSG00000138382;ENSG00000255561;ENSG00000111641;ENSG00000146834;ENSG00000037897;ENSG00000198917;ENSG00000241058;ENSG00000130305;ENSG00000086189;ENSG00000171861;ENSG00000206562;ENSG00000165055;ENSG00000127804;ENSG00000162639;ENSG00000122687;ENSG00000101574;ENSG00000105202;ENSG00000138050;ENSG00000029639;ENSG00000136932;ENSG00000117481;ENSG00000171103;ENSG00000165819"
"GO","GOBP_LIPOPROTEIN_BIOSYNTHETIC_PROCESS",0.000453764849660646,0.0169773235464193,0.49849310876659,-0.562102433367948,-1.80121103683817,49,"ENSG00000135821;ENSG00000156599;ENSG00000175893;ENSG00000138032;ENSG00000104219;ENSG00000184307;ENSG00000153786;ENSG00000186908;ENSG00000148154;ENSG00000112293;ENSG00000102383;ENSG00000130203;ENSG00000115839;ENSG00000165029;ENSG00000144840;ENSG00000175224;ENSG00000113811;ENSG00000010282;ENSG00000177669;ENSG00000175048"
"GO","GOCC_SECRETORY_GRANULE_MEMBRANE",0.00045660045634246,0.0169895510458854,0.49849310876659,-0.361383952677481,-1.48880006765978,282,"ENSG00000166900;ENSG00000099246;ENSG00000108774;ENSG00000196549;ENSG00000102158;ENSG00000110917;ENSG00000086598;ENSG00000170348;ENSG00000078081;ENSG00000129353;ENSG00000196975;ENSG00000140284;ENSG00000137509;ENSG00000123570;ENSG00000197081;ENSG00000041353;ENSG00000092531;ENSG00000143858;ENSG00000177119;ENSG00000163618;ENSG00000244038;ENSG00000132872;ENSG00000091317;ENSG00000058063;ENSG00000164756;ENSG00000108219;ENSG00000079385;ENSG00000125257;ENSG00000130270;ENSG00000150995;ENSG00000069424;ENSG00000068650;ENSG00000116473;ENSG00000197405;ENSG00000145740;ENSG00000155093;ENSG00000163596;ENSG00000196776;ENSG00000203710;ENSG00000143753;ENSG00000145703;ENSG00000213281;ENSG00000165102;ENSG00000105514;ENSG00000085365;ENSG00000162736;ENSG00000188404;ENSG00000129226;ENSG00000168461;ENSG00000123338;ENSG00000139278;ENSG00000144837;ENSG00000109270;ENSG00000075651;ENSG00000100554;ENSG00000067715;ENSG00000257335;ENSG00000116815;ENSG00000147234;ENSG00000148248;ENSG00000165168;ENSG00000146409;ENSG00000026508;ENSG00000110719;ENSG00000166479;ENSG00000123104;ENSG00000005893;ENSG00000085719;ENSG00000163531;ENSG00000129083;ENSG00000096433;ENSG00000163354;ENSG00000173930;ENSG00000086548;ENSG00000086062;ENSG00000139370;ENSG00000084733;ENSG00000109472"
"GO","GOMF_INSULIN_RECEPTOR_BINDING",0.000462559672561122,0.0171172355332454,0.49849310876659,-0.708599724340957,-1.9295122845144,23,"ENSG00000254647;ENSG00000106070;ENSG00000169047;ENSG00000114520;ENSG00000179295;ENSG00000167244;ENSG00000168216;ENSG00000160691;ENSG00000142192;ENSG00000145675;ENSG00000197594;ENSG00000185950"
"GO","GOMF_FLOPPASE_ACTIVITY",0.000471706731955076,0.0173608586347814,0.49849310876659,-0.785558288173344,-1.92500583771447,15,"ENSG00000143515;ENSG00000107331;ENSG00000058063;ENSG00000130270;ENSG00000068650;ENSG00000005471;ENSG00000165029;ENSG00000085563"
"GO","GOCC_SPERMATOPROTEASOME_COMPLEX",0.000492400686409561,0.0179762891224215,0.477270815362862,0.750029031735027,1.92040367402662,17,"ENSG00000205220;ENSG00000100804;ENSG00000136930;ENSG00000277791;ENSG00000041357;ENSG00000008018;ENSG00000126067;ENSG00000204264;ENSG00000142507;ENSG00000106588"
"GO","GOBP_PROTEIN_LOCALIZATION_TO_CELL_JUNCTION",0.000493737415352982,0.0179762891224215,0.477270815362862,-0.44594339680053,-1.66271592815816,120,"ENSG00000166900;ENSG00000161270;ENSG00000167461;ENSG00000104219;ENSG00000128849;ENSG00000153786;ENSG00000041353;ENSG00000046604;ENSG00000119139;ENSG00000183098;ENSG00000114251;ENSG00000183454;ENSG00000108684;ENSG00000166963;ENSG00000171723;ENSG00000180370;ENSG00000140832;ENSG00000179915;ENSG00000035403;ENSG00000082397;ENSG00000124313;ENSG00000142798;ENSG00000171208;ENSG00000116473;ENSG00000211456;ENSG00000102383;ENSG00000121871;ENSG00000186472;ENSG00000196924;ENSG00000168280;ENSG00000075711;ENSG00000130558;ENSG00000155974;ENSG00000040341;ENSG00000173402;ENSG00000121957;ENSG00000109270;ENSG00000165478"
"GO","GOMF_SNORNA_BINDING",0.000496538507303759,0.0179815977083479,0.477270815362862,0.633150961282787,1.86168222932681,30,"ENSG00000130826;ENSG00000100138;ENSG00000112578;ENSG00000145912;ENSG00000101361;ENSG00000183751;ENSG00000114767;ENSG00000109534;ENSG00000150990;ENSG00000182117;ENSG00000106268;ENSG00000198585;ENSG00000168101;ENSG00000108651;ENSG00000173598;ENSG00000087269;ENSG00000140876;ENSG00000055044"
"GO","GOMF_GLYCOSYLTRANSFERASE_ACTIVITY",0.000504206538236485,0.0181621631751993,0.477270815362862,-0.373793952063529,-1.52417829197593,253,"ENSG00000179104;ENSG00000134910;ENSG00000136731;ENSG00000145626;ENSG00000008513;ENSG00000171234;ENSG00000162885;ENSG00000173950;ENSG00000163527;ENSG00000071073;ENSG00000163902;ENSG00000118276;ENSG00000151948;ENSG00000138617;ENSG00000016864;ENSG00000130714;ENSG00000172986;ENSG00000198856;ENSG00000175548;ENSG00000197888;ENSG00000170629;ENSG00000151348;ENSG00000103485;ENSG00000135220;ENSG00000148154;ENSG00000253710;ENSG00000134901;ENSG00000143799;ENSG00000151883;ENSG00000156162;ENSG00000180549;ENSG00000172269;ENSG00000060642;ENSG00000086848;ENSG00000131873;ENSG00000162630;ENSG00000117069;ENSG00000173852;ENSG00000102699;ENSG00000139133;ENSG00000083444;ENSG00000173273;ENSG00000121964;ENSG00000147408;ENSG00000120697;ENSG00000139324;ENSG00000033170;ENSG00000176597;ENSG00000111224;ENSG00000182858;ENSG00000172728;ENSG00000178202;ENSG00000142082;ENSG00000070269;ENSG00000119523;ENSG00000172461;ENSG00000144278;ENSG00000187676;ENSG00000033011;ENSG00000102595;ENSG00000171155;ENSG00000100626;ENSG00000184005;ENSG00000187210;ENSG00000143315;ENSG00000110328;ENSG00000173200;ENSG00000111728;ENSG00000049860;ENSG00000169826;ENSG00000183778;ENSG00000163389;ENSG00000119227;ENSG00000086062;ENSG00000118705;ENSG00000165152;ENSG00000141429;ENSG00000179630;ENSG00000167889;ENSG00000111713;ENSG00000131386;ENSG00000130309;ENSG00000163378;ENSG00000159063;ENSG00000158008;ENSG00000088035;ENSG00000125247;ENSG00000073849;ENSG00000165195;ENSG00000152952;ENSG00000106003;ENSG00000096717;ENSG00000186866;ENSG00000174607;ENSG00000100060;ENSG00000196371;ENSG00000152127;ENSG00000101901;ENSG00000175164;ENSG00000126091;ENSG00000183696"
"GO","GOBP_INTRINSIC_APOPTOTIC_SIGNALING_PATHWAY_IN_RESPONSE_TO_ENDOPLASMIC_RETICULUM_STRESS",0.000509863325172387,0.0182687536405683,0.477270815362862,-0.515233142379772,-1.74915666839979,67,"ENSG00000149428;ENSG00000051108;ENSG00000175197;ENSG00000172071;ENSG00000100219;ENSG00000197930;ENSG00000162298;ENSG00000178607;ENSG00000128965;ENSG00000172216;ENSG00000157613;ENSG00000150995;ENSG00000171791;ENSG00000132824"
"GO","GOBP_T_CELL_LINEAGE_COMMITMENT",0.000539267257782731,0.0192206203668666,0.477270815362862,-0.623896083675779,-1.87185220659762,35,"ENSG00000115318;ENSG00000157764;ENSG00000166888;ENSG00000198846;ENSG00000083799;ENSG00000171791;ENSG00000162594;ENSG00000135047;ENSG00000204256;ENSG00000100393;ENSG00000175097;ENSG00000253729;ENSG00000168610;ENSG00000105639;ENSG00000134352;ENSG00000073861;ENSG00000110944;ENSG00000104432;ENSG00000198836;ENSG00000197471;ENSG00000198793"
"GO","GOBP_HINDBRAIN_DEVELOPMENT",0.000562083475706673,0.0199289492014952,0.477270815362862,-0.412171857346947,-1.58872556534995,155,"ENSG00000044574;ENSG00000184524;ENSG00000129159;ENSG00000138311;ENSG00000106692;ENSG00000152208;ENSG00000169379;ENSG00000183044;ENSG00000150093;ENSG00000128573;ENSG00000139874;ENSG00000106462;ENSG00000150361;ENSG00000112175;ENSG00000154928;ENSG00000179915;ENSG00000128602;ENSG00000179295;ENSG00000171791;ENSG00000166833;ENSG00000169057;ENSG00000102924;ENSG00000117707;ENSG00000079482;ENSG00000164741;ENSG00000103657;ENSG00000180881;ENSG00000116729;ENSG00000196924;ENSG00000018236;ENSG00000095139;ENSG00000122877;ENSG00000090861;ENSG00000162736;ENSG00000138795;ENSG00000168267;ENSG00000088812;ENSG00000173898;ENSG00000198728;ENSG00000164494;ENSG00000076356;ENSG00000089116;ENSG00000103494;ENSG00000084676;ENSG00000168758;ENSG00000099942;ENSG00000128881;ENSG00000128918;ENSG00000180613;ENSG00000097007;ENSG00000114315;ENSG00000266524;ENSG00000162992;ENSG00000180509;ENSG00000115966;ENSG00000138802;ENSG00000173406;ENSG00000165240;ENSG00000169032;ENSG00000069667;ENSG00000204103;ENSG00000198707;ENSG00000105953;ENSG00000171798"
"GO","GOBP_PROTEIN_LOCALIZATION_TO_PLASMA_MEMBRANE",0.000571416447101325,0.0201543342696363,0.477270815362862,-0.36242094917872,-1.49682424037134,292,"ENSG00000254647;ENSG00000166598;ENSG00000166900;ENSG00000070367;ENSG00000120992;ENSG00000156599;ENSG00000213853;ENSG00000086598;ENSG00000167461;ENSG00000165914;ENSG00000138760;ENSG00000104219;ENSG00000135324;ENSG00000197535;ENSG00000196632;ENSG00000184307;ENSG00000153786;ENSG00000162852;ENSG00000100934;ENSG00000171132;ENSG00000166257;ENSG00000150093;ENSG00000108219;ENSG00000158445;ENSG00000142208;ENSG00000115306;ENSG00000117228;ENSG00000013016;ENSG00000182674;ENSG00000179915;ENSG00000082397;ENSG00000116473;ENSG00000084710;ENSG00000109756;ENSG00000169860;ENSG00000073921;ENSG00000130226;ENSG00000131626;ENSG00000127603;ENSG00000060237;ENSG00000134318;ENSG00000196924;ENSG00000145675;ENSG00000105647;ENSG00000158457;ENSG00000143398;ENSG00000075711;ENSG00000171867;ENSG00000184363;ENSG00000145349;ENSG00000144681;ENSG00000174483;ENSG00000100568;ENSG00000138669;ENSG00000070018;ENSG00000117533;ENSG00000155974;ENSG00000277399;ENSG00000168785;ENSG00000168461;ENSG00000070808;ENSG00000150977;ENSG00000185482;ENSG00000017260;ENSG00000151025"
"GO","GOBP_PROTEASOMAL_UBIQUITIN_INDEPENDENT_PROTEIN_CATABOLIC_PROCESS",0.000574481658757658,0.0201574600679112,0.477270815362862,0.719843988965198,1.90411346583295,19,"ENSG00000205220;ENSG00000100804;ENSG00000136930;ENSG00000277791;ENSG00000041357;ENSG00000008018;ENSG00000101182;ENSG00000126067;ENSG00000116044;ENSG00000142507;ENSG00000106588"
"GO","GOMF_PRIMARY_ACTIVE_TRANSMEMBRANE_TRANSPORTER_ACTIVITY",0.000579691757284875,0.0202354256718205,0.477270815362862,0.39407274600473,1.55870592032378,161,"ENSG00000143153;ENSG00000189043;ENSG00000123191;ENSG00000183648;ENSG00000267855;ENSG00000121361;ENSG00000178741;ENSG00000131143;ENSG00000178127;ENSG00000169021;ENSG00000213619;ENSG00000184076;ENSG00000166136;ENSG00000160194;ENSG00000110717;ENSG00000164258;ENSG00000130414;ENSG00000145494;ENSG00000090266;ENSG00000140990;ENSG00000099795;ENSG00000139180;ENSG00000128524;ENSG00000179091;ENSG00000017797;ENSG00000074370;ENSG00000204267;ENSG00000170906;ENSG00000147684;ENSG00000162144;ENSG00000126267;ENSG00000167792;ENSG00000197150;ENSG00000010256;ENSG00000131495;ENSG00000001626;ENSG00000173660;ENSG00000185883;ENSG00000110955;ENSG00000177728;ENSG00000168653;ENSG00000135940;ENSG00000115286;ENSG00000151366;ENSG00000047249;ENSG00000154263;ENSG00000109390;ENSG00000187486;ENSG00000159363;ENSG00000184752;ENSG00000131269;ENSG00000229344;ENSG00000171130;ENSG00000006071;ENSG00000119421;ENSG00000118777;ENSG00000124574;ENSG00000184983;ENSG00000114395;ENSG00000131174;ENSG00000167972;ENSG00000125356;ENSG00000176340;ENSG00000119688;ENSG00000173208;ENSG00000117410;ENSG00000065518;ENSG00000148290"
"GO","GOBP_CEREBELLAR_PURKINJE_CELL_LAYER_DEVELOPMENT",0.000586562019554627,0.0203702461355074,0.477270815362862,-0.618354720622613,-1.81340120897507,32,"ENSG00000044574;ENSG00000184524;ENSG00000128573;ENSG00000150361;ENSG00000103657;ENSG00000095139;ENSG00000090861;ENSG00000173898;ENSG00000198728;ENSG00000089116"
"GO","GOBP_REGULATION_OF_NEUROTRANSMITTER_RECEPTOR_ACTIVITY",0.000598202039491078,0.0205033557854757,0.477270815362862,0.605136818802385,1.83423365038353,35,"ENSG00000087191;ENSG00000185627;ENSG00000100764;ENSG00000130706;ENSG00000103035;ENSG00000159352;ENSG00000105605;ENSG00000165916;ENSG00000099341;ENSG00000197170;ENSG00000143786;ENSG00000100519;ENSG00000147571;ENSG00000145708;ENSG00000115233;ENSG00000127922;ENSG00000174871;ENSG00000173692"
"GO","GOCC_PROTON_TRANSPORTING_TWO_SECTOR_ATPASE_COMPLEX",0.000598447909626504,0.0205033557854757,0.477270815362862,0.543356544619922,1.77112554073828,50,"ENSG00000244045;ENSG00000152234;ENSG00000219200;ENSG00000154723;ENSG00000241837;ENSG00000099624;ENSG00000241468;ENSG00000124172;ENSG00000169020;ENSG00000128524;ENSG00000159199;ENSG00000116459;ENSG00000185883;ENSG00000110955;ENSG00000125375;ENSG00000156411;ENSG00000047249;ENSG00000135390;ENSG00000167283;ENSG00000171130;ENSG00000165629;ENSG00000117410;ENSG00000249222;ENSG00000136710;ENSG00000159720"
"GO","GOBP_CALCIUM_ION_HOMEOSTASIS",0.000602303008505574,0.0205033557854757,0.477270815362862,-0.361838602684887,-1.49441910802389,292,"ENSG00000051108;ENSG00000166598;ENSG00000175197;ENSG00000179218;ENSG00000179104;ENSG00000130703;ENSG00000183023;ENSG00000074621;ENSG00000198363;ENSG00000086300;ENSG00000157087;ENSG00000133657;ENSG00000185518;ENSG00000174437;ENSG00000180694;ENSG00000197930;ENSG00000091262;ENSG00000132975;ENSG00000107736;ENSG00000124164;ENSG00000135318;ENSG00000159164;ENSG00000197043;ENSG00000005700;ENSG00000114251;ENSG00000108588;ENSG00000036828;ENSG00000171132;ENSG00000182389;ENSG00000133107;ENSG00000158856;ENSG00000130988;ENSG00000150995;ENSG00000121940;ENSG00000154096;ENSG00000171791;ENSG00000159167;ENSG00000067842;ENSG00000169860;ENSG00000006210;ENSG00000198626;ENSG00000137672;ENSG00000149295;ENSG00000050393;ENSG00000130203;ENSG00000169248;ENSG00000047597;ENSG00000149527;ENSG00000196924;ENSG00000143801;ENSG00000133116;ENSG00000118432;ENSG00000155897;ENSG00000145349;ENSG00000184304;ENSG00000170385;ENSG00000017260;ENSG00000187672;ENSG00000151320;ENSG00000187527;ENSG00000182621;ENSG00000078814;ENSG00000155962;ENSG00000156642;ENSG00000089060;ENSG00000163273;ENSG00000164418;ENSG00000111424;ENSG00000095209;ENSG00000275718;ENSG00000110719;ENSG00000181104;ENSG00000140992;ENSG00000113811;ENSG00000123104;ENSG00000149782;ENSG00000151468;ENSG00000134851;ENSG00000097007;ENSG00000049860;ENSG00000096433;ENSG00000113739;ENSG00000186810;ENSG00000108950;ENSG00000105726;ENSG00000092529;ENSG00000164850;ENSG00000137252"
"GO","GOBP_ORGANIC_ANION_TRANSPORT",0.000602505582000838,0.0205033557854757,0.477270815362862,-0.334972515760033,-1.43134879663797,422,"ENSG00000120992;ENSG00000117394;ENSG00000139209;ENSG00000003989;ENSG00000123739;ENSG00000186951;ENSG00000104635;ENSG00000138821;ENSG00000155465;ENSG00000165449;ENSG00000137571;ENSG00000215883;ENSG00000103222;ENSG00000140284;ENSG00000169359;ENSG00000139433;ENSG00000091262;ENSG00000123643;ENSG00000073756;ENSG00000107282;ENSG00000168389;ENSG00000134490;ENSG00000141526;ENSG00000139514;ENSG00000138172;ENSG00000092068;ENSG00000183044;ENSG00000132872;ENSG00000107819;ENSG00000036828;ENSG00000150093;ENSG00000142208;ENSG00000060762;ENSG00000116704;ENSG00000091664;ENSG00000182389;ENSG00000079385;ENSG00000125257;ENSG00000133107;ENSG00000121073;ENSG00000171488;ENSG00000135750;ENSG00000163586;ENSG00000196712;ENSG00000110090;ENSG00000134297;ENSG00000168065;ENSG00000005471;ENSG00000149150;ENSG00000075303;ENSG00000147100;ENSG00000170482;ENSG00000108061;ENSG00000196776;ENSG00000203710;ENSG00000149295;ENSG00000115902;ENSG00000103064;ENSG00000101187;ENSG00000130203;ENSG00000136628;ENSG00000155850;ENSG00000177058;ENSG00000166426;ENSG00000091137;ENSG00000253598;ENSG00000180773;ENSG00000141424;ENSG00000106086;ENSG00000170571;ENSG00000144290;ENSG00000153246;ENSG00000124564;ENSG00000170540;ENSG00000151012;ENSG00000115839;ENSG00000162444;ENSG00000131389;ENSG00000085491;ENSG00000139974;ENSG00000185950;ENSG00000139540;ENSG00000110436;ENSG00000007216;ENSG00000082482;ENSG00000136295;ENSG00000196517;ENSG00000171492;ENSG00000134294;ENSG00000158296;ENSG00000136854;ENSG00000164933;ENSG00000160190;ENSG00000130876;ENSG00000101200;ENSG00000163581;ENSG00000085563;ENSG00000004864;ENSG00000106688;ENSG00000112212"
"GO","GOBP_MYOBLAST_FUSION",0.000610880855514457,0.0206844257677195,0.477270815362862,0.463309820288607,1.66119994383443,85,"ENSG00000023902;ENSG00000197958;ENSG00000142541;ENSG00000137818;ENSG00000108107;ENSG00000177600;ENSG00000130255;ENSG00000167526;ENSG00000198918;ENSG00000174748;ENSG00000114391;ENSG00000105640;ENSG00000197756;ENSG00000111913;ENSG00000142676;ENSG00000161016;ENSG00000166441;ENSG00000109475;ENSG00000122026;ENSG00000198242;ENSG00000198755;ENSG00000188846;ENSG00000174444;ENSG00000063177;ENSG00000221983;ENSG00000108298;ENSG00000136942;ENSG00000089009;ENSG00000265681;ENSG00000163682;ENSG00000172809;ENSG00000144713;ENSG00000134247;ENSG00000131469;ENSG00000145592;ENSG00000229117;ENSG00000105204;ENSG00000162244;ENSG00000010278;ENSG00000071082;ENSG00000181790;ENSG00000156482;ENSG00000148303;ENSG00000147403;ENSG00000170417;ENSG00000122406;ENSG00000130513;ENSG00000241343"
"GO","GOCC_MIB_COMPLEX",0.000621183516920126,0.020688245940775,0.477270815362862,0.775460076573763,1.84771106815578,13,"ENSG00000174917;ENSG00000007923;ENSG00000173171;ENSG00000128654;ENSG00000132305;ENSG00000113013;ENSG00000100347"
"GO","GOBP_CEREBELLAR_CORTEX_DEVELOPMENT",0.000623213551671309,0.020688245940775,0.477270815362862,-0.548961009464757,-1.82317642718585,58,"ENSG00000044574;ENSG00000184524;ENSG00000138311;ENSG00000106692;ENSG00000152208;ENSG00000128573;ENSG00000106462;ENSG00000150361;ENSG00000179915;ENSG00000128602;ENSG00000179295;ENSG00000166833;ENSG00000102924;ENSG00000117707;ENSG00000079482;ENSG00000103657;ENSG00000095139;ENSG00000090861;ENSG00000173898;ENSG00000198728;ENSG00000089116"
"GO","GOBP_FEEDING_BEHAVIOR",0.000621775962915904,0.020688245940775,0.477270815362862,-0.464066412068326,-1.68817875110264,102,"ENSG00000254647;ENSG00000072849;ENSG00000116678;ENSG00000135324;ENSG00000143179;ENSG00000160714;ENSG00000119973;ENSG00000276644;ENSG00000204120;ENSG00000122756;ENSG00000128829;ENSG00000197587;ENSG00000163586;ENSG00000110090;ENSG00000169860;ENSG00000149295;ENSG00000111664;ENSG00000172260;ENSG00000166603;ENSG00000070761;ENSG00000173080;ENSG00000137868;ENSG00000118473;ENSG00000168610;ENSG00000054277;ENSG00000181004"
"GO","GOBP_MESENCHYME_DEVELOPMENT",0.00062221430328165,0.020688245940775,0.477270815362862,-0.357857964259372,-1.47427398879946,282,"ENSG00000163703;ENSG00000135679;ENSG00000213853;ENSG00000166068;ENSG00000115414;ENSG00000115318;ENSG00000137872;ENSG00000169554;ENSG00000112715;ENSG00000124766;ENSG00000101384;ENSG00000103226;ENSG00000170558;ENSG00000103512;ENSG00000113391;ENSG00000196154;ENSG00000046604;ENSG00000106948;ENSG00000112531;ENSG00000005513;ENSG00000156299;ENSG00000114251;ENSG00000164056;ENSG00000221823;ENSG00000112183;ENSG00000185008;ENSG00000092421;ENSG00000106462;ENSG00000112175;ENSG00000157168;ENSG00000173068;ENSG00000198369;ENSG00000128602;ENSG00000183688;ENSG00000176542;ENSG00000169855;ENSG00000171791;ENSG00000113196;ENSG00000099250;ENSG00000112902;ENSG00000162998;ENSG00000139174;ENSG00000095539;ENSG00000010319;ENSG00000100201;ENSG00000135744;ENSG00000134013;ENSG00000135547;ENSG00000134318;ENSG00000145743;ENSG00000115170;ENSG00000159346;ENSG00000138795;ENSG00000141424;ENSG00000130558;ENSG00000070018;ENSG00000116106;ENSG00000102678;ENSG00000149294;ENSG00000126778;ENSG00000141646;ENSG00000067900;ENSG00000069869;ENSG00000169398;ENSG00000108821;ENSG00000166949;ENSG00000163376;ENSG00000125398;ENSG00000061676;ENSG00000168758;ENSG00000082701"
"GO","GOBP_REGULATION_OF_RETROGRADE_PROTEIN_TRANSPORT_ER_TO_CYTOSOL",0.000645406484891312,0.0209546704974815,0.477270815362862,-0.795081442217642,-1.88353285655428,13,"ENSG00000099958;ENSG00000134109;ENSG00000072849;ENSG00000135506"
"GO","GOBP_ESTABLISHMENT_OF_PROTEIN_LOCALIZATION_TO_MITOCHONDRIAL_MEMBRANE",0.000652391688832345,0.0209546704974815,0.477270815362862,0.616969865516661,1.86061479365031,34,"ENSG00000160014;ENSG00000186010;ENSG00000214736;ENSG00000074582;ENSG00000125995;ENSG00000173171;ENSG00000128654;ENSG00000155463;ENSG00000100575;ENSG00000130204;ENSG00000134809;ENSG00000150779;ENSG00000087088;ENSG00000099800;ENSG00000100347;ENSG00000142444;ENSG00000196683;ENSG00000137409;ENSG00000175768;ENSG00000165943;ENSG00000162972;ENSG00000171202"
"GO","GOBP_INTEGRATED_STRESS_RESPONSE_SIGNALING",0.000638457464333644,0.0209546704974815,0.477270815362862,-0.561849122190182,-1.82529587538713,53,"ENSG00000044574;ENSG00000175197;ENSG00000172071;ENSG00000086598;ENSG00000178573;ENSG00000091436;ENSG00000176407;ENSG00000172216;ENSG00000142208;ENSG00000128829;ENSG00000153879;ENSG00000245848;ENSG00000158615;ENSG00000137504"
"GO","GOMF_SNRNA_BINDING",0.000648526374763479,0.0209546704974815,0.477270815362862,0.55299368132672,1.78184613609353,47,"ENSG00000184209;ENSG00000124562;ENSG00000149016;ENSG00000186834;ENSG00000104852;ENSG00000100138;ENSG00000168517;ENSG00000132507;ENSG00000076053;ENSG00000136819;ENSG00000146834;ENSG00000105618;ENSG00000204392;ENSG00000125870;ENSG00000108883;ENSG00000086589;ENSG00000130332;ENSG00000127804;ENSG00000130520;ENSG00000155858;ENSG00000136875;ENSG00000100028"
"GO","GOBP_NEGATIVE_REGULATION_OF_CARBOHYDRATE_METABOLIC_PROCESS",0.000652899509003042,0.0209546704974815,0.477270815362862,-0.555119923641768,-1.77883615845832,49,"ENSG00000254647;ENSG00000129993;ENSG00000186951;ENSG00000106070;ENSG00000116678;ENSG00000115687;ENSG00000137331;ENSG00000154803;ENSG00000149639;ENSG00000008405;ENSG00000197594;ENSG00000068024;ENSG00000141027;ENSG00000106633;ENSG00000173281;ENSG00000100393;ENSG00000082701;ENSG00000168610"
"GO","GOBP_REGULATION_OF_TUBE_SIZE",0.00064987429083743,0.0209546704974815,0.477270815362862,-0.420219898295182,-1.59652430820136,140,"ENSG00000254647;ENSG00000145050;ENSG00000175893;ENSG00000183023;ENSG00000103222;ENSG00000112715;ENSG00000151348;ENSG00000114166;ENSG00000036828;ENSG00000150093;ENSG00000108684;ENSG00000179295;ENSG00000169418;ENSG00000004468;ENSG00000169860;ENSG00000275163;ENSG00000121064;ENSG00000105664;ENSG00000130203;ENSG00000135744;ENSG00000134318;ENSG00000144891;ENSG00000059377;ENSG00000170214;ENSG00000067900;ENSG00000171560;ENSG00000135312;ENSG00000109458;ENSG00000213949;ENSG00000163273;ENSG00000101200;ENSG00000156113;ENSG00000147459;ENSG00000021826;ENSG00000181104;ENSG00000130234;ENSG00000097007;ENSG00000115232;ENSG00000197122;ENSG00000164251;ENSG00000112033;ENSG00000164850;ENSG00000125124"
"GO","GOCC_PEPTIDASE_COMPLEX",0.000639782409690942,0.0209546704974815,0.477270815362862,0.39558247713893,1.5476091838345,150,"ENSG00000115317;ENSG00000126247;ENSG00000205220;ENSG00000100804;ENSG00000136930;ENSG00000106211;ENSG00000277791;ENSG00000087191;ENSG00000041357;ENSG00000160803;ENSG00000008018;ENSG00000185627;ENSG00000100911;ENSG00000135924;ENSG00000100764;ENSG00000117525;ENSG00000158552;ENSG00000101182;ENSG00000130706;ENSG00000126067;ENSG00000166337;ENSG00000103035;ENSG00000204264;ENSG00000176476;ENSG00000114902;ENSG00000159352;ENSG00000108773;ENSG00000106290;ENSG00000010256;ENSG00000142507;ENSG00000106588;ENSG00000165916;ENSG00000099341;ENSG00000177595;ENSG00000115718;ENSG00000197170;ENSG00000100519;ENSG00000179262;ENSG00000164344;ENSG00000148950;ENSG00000014216;ENSG00000180210;ENSG00000178726;ENSG00000115233;ENSG00000197912;ENSG00000169976;ENSG00000127922;ENSG00000159377;ENSG00000171148;ENSG00000226098;ENSG00000091164;ENSG00000122861;ENSG00000120656;ENSG00000087152;ENSG00000101557;ENSG00000173692;ENSG00000100567;ENSG00000132906"
"GO","GOBP_INORGANIC_ION_IMPORT_ACROSS_PLASMA_MEMBRANE",0.000680049733457713,0.0217230980895077,0.477270815362862,-0.433405135895448,-1.62120902251713,124,"ENSG00000183023;ENSG00000074621;ENSG00000144191;ENSG00000137731;ENSG00000104635;ENSG00000138821;ENSG00000157542;ENSG00000169174;ENSG00000198648;ENSG00000123700;ENSG00000221823;ENSG00000169427;ENSG00000204442;ENSG00000164756;ENSG00000163399;ENSG00000145740;ENSG00000053918;ENSG00000153956;ENSG00000164626;ENSG00000115616;ENSG00000182324;ENSG00000113504;ENSG00000055118;ENSG00000075711;ENSG00000171867;ENSG00000170385;ENSG00000141424;ENSG00000065923;ENSG00000074803;ENSG00000139540;ENSG00000188386;ENSG00000221955;ENSG00000099822;ENSG00000162989;ENSG00000181804;ENSG00000153822;ENSG00000167723"
"GO","GOBP_REGULATION_OF_PROTEIN_TRANSPORT",0.000684002915617111,0.0217467969228126,0.477270815362862,-0.334900031735212,-1.42955210378428,416,"ENSG00000254647;ENSG00000147164;ENSG00000099958;ENSG00000083720;ENSG00000120992;ENSG00000167461;ENSG00000134109;ENSG00000072849;ENSG00000198363;ENSG00000170348;ENSG00000135506;ENSG00000100219;ENSG00000104219;ENSG00000152556;ENSG00000145242;ENSG00000173175;ENSG00000124766;ENSG00000133794;ENSG00000150907;ENSG00000272636;ENSG00000162852;ENSG00000139496;ENSG00000001630;ENSG00000067141;ENSG00000184349;ENSG00000183044;ENSG00000132872;ENSG00000152254;ENSG00000036828;ENSG00000171132;ENSG00000164756;ENSG00000169047;ENSG00000138674;ENSG00000158445;ENSG00000112293;ENSG00000123612;ENSG00000136770;ENSG00000150961;ENSG00000138376;ENSG00000128602;ENSG00000009694;ENSG00000179295;ENSG00000196712;ENSG00000110090;ENSG00000149547;ENSG00000004468;ENSG00000101337;ENSG00000157782;ENSG00000135631;ENSG00000167470;ENSG00000166579;ENSG00000117385;ENSG00000118263;ENSG00000008196;ENSG00000164144;ENSG00000120686;ENSG00000149295;ENSG00000185002;ENSG00000130203;ENSG00000116729;ENSG00000112062;ENSG00000196924;ENSG00000128266;ENSG00000155897;ENSG00000088888;ENSG00000153162;ENSG00000142192;ENSG00000145675;ENSG00000105647;ENSG00000164151;ENSG00000184304;ENSG00000168615;ENSG00000172728;ENSG00000151012;ENSG00000117533;ENSG00000182107;ENSG00000142082;ENSG00000185950;ENSG00000017260;ENSG00000171560;ENSG00000064115;ENSG00000137770;ENSG00000079337;ENSG00000104517;ENSG00000164904;ENSG00000166949;ENSG00000138182;ENSG00000106633;ENSG00000123836;ENSG00000110651;ENSG00000100393;ENSG00000089060;ENSG00000112739;ENSG00000082701;ENSG00000113615;ENSG00000110719;ENSG00000163581;ENSG00000110048;ENSG00000181104;ENSG00000113811;ENSG00000164038;ENSG00000182054;ENSG00000176986"
"GO","GOCC_SNO_S_RNA_CONTAINING_RIBONUCLEOPROTEIN_COMPLEX",0.000705675008258225,0.0223309867099285,0.477270815362862,0.658152254571837,1.89234214050257,27,"ENSG00000188573;ENSG00000130826;ENSG00000164967;ENSG00000100138;ENSG00000145912;ENSG00000101361;ENSG00000114767;ENSG00000109534;ENSG00000182117;ENSG00000167272;ENSG00000172336;ENSG00000163684;ENSG00000124787;ENSG00000178718;ENSG00000055044;ENSG00000105202;ENSG00000124383"
"GO","GOMF_INTRAMOLECULAR_OXIDOREDUCTASE_ACTIVITY",0.000710106448702047,0.0223667017237687,0.477270815362862,-0.555900251137812,-1.78740673253975,50,"ENSG00000155660;ENSG00000143870;ENSG00000184164;ENSG00000163703;ENSG00000167004;ENSG00000023318;ENSG00000239264;ENSG00000113790;ENSG00000185624;ENSG00000144199;ENSG00000185615;ENSG00000065485;ENSG00000115042;ENSG00000116260"
"GO","GOMF_MANNOSYLTRANSFERASE_ACTIVITY",0.000716822433967643,0.0224737107538374,0.477270815362862,-0.690292085269457,-1.9159690059116,25,"ENSG00000179104;ENSG00000130714;ENSG00000170629;ENSG00000253710;ENSG00000156162;ENSG00000060642;ENSG00000086848;ENSG00000173852;ENSG00000121964;ENSG00000139324;ENSG00000182858;ENSG00000070269;ENSG00000119523;ENSG00000033011;ENSG00000143315"
"GO","GOMF_DNA_BINDING_TRANSCRIPTION_ACTIVATOR_ACTIVITY",0.000727141944693417,0.022692190089695,0.477270815362862,-0.332255734626834,-1.41646040179085,411,"ENSG00000126767;ENSG00000175197;ENSG00000196482;ENSG00000006468;ENSG00000186951;ENSG00000141905;ENSG00000155090;ENSG00000118495;ENSG00000118217;ENSG00000121454;ENSG00000108924;ENSG00000178573;ENSG00000166888;ENSG00000169554;ENSG00000172262;ENSG00000072736;ENSG00000114126;ENSG00000185591;ENSG00000124766;ENSG00000150907;ENSG00000186416;ENSG00000001167;ENSG00000162419;ENSG00000172216;ENSG00000175727;ENSG00000140262;ENSG00000182158;ENSG00000102908;ENSG00000186918;ENSG00000214717;ENSG00000163884;ENSG00000110851;ENSG00000157613;ENSG00000176542;ENSG00000188994;ENSG00000134138;ENSG00000085276;ENSG00000164749;ENSG00000153879;ENSG00000113196;ENSG00000198176;ENSG00000164463;ENSG00000118263;ENSG00000025156;ENSG00000117707;ENSG00000162924;ENSG00000008196;ENSG00000118513;ENSG00000169926;ENSG00000173757;ENSG00000196092;ENSG00000101096;ENSG00000185002;ENSG00000181449;ENSG00000115112;ENSG00000245848;ENSG00000122877;ENSG00000188786;ENSG00000120837;ENSG00000102034;ENSG00000156273;ENSG00000172379;ENSG00000176887;ENSG00000138795;ENSG00000119715;ENSG00000077150;ENSG00000153266;ENSG00000168267;ENSG00000185697;ENSG00000100426;ENSG00000126778;ENSG00000170166;ENSG00000141646;ENSG00000180535;ENSG00000143390;ENSG00000197063;ENSG00000068024;ENSG00000119547;ENSG00000166949;ENSG00000105967;ENSG00000198963;ENSG00000116016;ENSG00000125398;ENSG00000091010;ENSG00000064195;ENSG00000153560;ENSG00000143995;ENSG00000168610;ENSG00000213676;ENSG00000065970;ENSG00000204304;ENSG00000105497;ENSG00000172466;ENSG00000125740;ENSG00000128714;ENSG00000158055;ENSG00000107249;ENSG00000109320;ENSG00000251493;ENSG00000178662;ENSG00000007968;ENSG00000118260;ENSG00000177463;ENSG00000137090;ENSG00000203883;ENSG00000187079;ENSG00000067082;ENSG00000166478;ENSG00000185155;ENSG00000113580;ENSG00000141510;ENSG00000152977;ENSG00000100811;ENSG00000162992;ENSG00000073861;ENSG00000116731;ENSG00000112333;ENSG00000115966;ENSG00000136451;ENSG00000154727;ENSG00000196628;ENSG00000173253;ENSG00000125878"
"GO","GOBP_AMEBOIDAL_TYPE_CELL_MIGRATION",0.000732922587955238,0.0227676686496921,0.477270815362862,-0.37680743778341,-1.51347288317527,220,"ENSG00000179218;ENSG00000115414;ENSG00000113273;ENSG00000137872;ENSG00000144711;ENSG00000114739;ENSG00000157764;ENSG00000158195;ENSG00000169554;ENSG00000112715;ENSG00000079308;ENSG00000170558;ENSG00000070087;ENSG00000135503;ENSG00000123908;ENSG00000005513;ENSG00000114251;ENSG00000197712;ENSG00000171132;ENSG00000150093;ENSG00000142208;ENSG00000092421;ENSG00000007168;ENSG00000158856;ENSG00000123612;ENSG00000146535;ENSG00000140832;ENSG00000107372;ENSG00000128602;ENSG00000179295;ENSG00000150347;ENSG00000150760;ENSG00000099250;ENSG00000112902;ENSG00000095539;ENSG00000213906;ENSG00000111961;ENSG00000127603;ENSG00000010319;ENSG00000115170;ENSG00000159346;ENSG00000143398;ENSG00000168615;ENSG00000153233;ENSG00000160447;ENSG00000141646;ENSG00000067900;ENSG00000266028;ENSG00000136960;ENSG00000169398;ENSG00000166949;ENSG00000151422;ENSG00000125398;ENSG00000061676;ENSG00000168758;ENSG00000086570;ENSG00000197822;ENSG00000147459;ENSG00000166025;ENSG00000105137;ENSG00000139626;ENSG00000131375;ENSG00000111348;ENSG00000185728;ENSG00000105429;ENSG00000196189;ENSG00000115232;ENSG00000197122;ENSG00000185155;ENSG00000131236;ENSG00000112033;ENSG00000162733;ENSG00000074054;ENSG00000171119;ENSG00000103769;ENSG00000181751;ENSG00000090776;ENSG00000184058"
"GO","GOMF_PROTEIN_CYSTEINE_S_ACYLTRANSFERASE_ACTIVITY",0.000741026387931934,0.0229060280120125,0.477270815362862,-0.657334620389333,-1.84268512064249,26,"ENSG00000135821;ENSG00000156599;ENSG00000175893;ENSG00000104219;ENSG00000177054;ENSG00000184307;ENSG00000153786;ENSG00000186908;ENSG00000102383"
"GO","GOBP_NEGATIVE_REGULATION_OF_TRANSMEMBRANE_RECEPTOR_PROTEIN_SERINE_THREONINE_KINASE_SIGNALING_PATHWAY",0.000744141488872231,0.0229060280120125,0.477270815362862,-0.42154147915411,-1.60897978001154,144,"ENSG00000044574;ENSG00000178951;ENSG00000090863;ENSG00000166068;ENSG00000108389;ENSG00000186951;ENSG00000100219;ENSG00000150938;ENSG00000133104;ENSG00000111707;ENSG00000103226;ENSG00000103512;ENSG00000128791;ENSG00000174106;ENSG00000114251;ENSG00000164056;ENSG00000138336;ENSG00000147255;ENSG00000162521;ENSG00000049323;ENSG00000134363;ENSG00000062038;ENSG00000198369;ENSG00000085276;ENSG00000166147;ENSG00000139146;ENSG00000070404;ENSG00000115170;ENSG00000164619;ENSG00000126106;ENSG00000064393;ENSG00000197323;ENSG00000128045;ENSG00000166033;ENSG00000137770;ENSG00000122641;ENSG00000119547"
"GO","GOBP_POSITIVE_REGULATION_OF_CELL_PROJECTION_ORGANIZATION",0.000755612387011055,0.0231538782119406,0.477270815362862,-0.343183140761812,-1.43972573001604,340,"ENSG00000254647;ENSG00000103319;ENSG00000115414;ENSG00000113273;ENSG00000171517;ENSG00000138443;ENSG00000157764;ENSG00000138760;ENSG00000158195;ENSG00000169554;ENSG00000112715;ENSG00000171533;ENSG00000105245;ENSG00000174989;ENSG00000103034;ENSG00000100503;ENSG00000145868;ENSG00000136040;ENSG00000102081;ENSG00000156299;ENSG00000114251;ENSG00000101040;ENSG00000103540;ENSG00000184349;ENSG00000163785;ENSG00000114166;ENSG00000218336;ENSG00000185008;ENSG00000204580;ENSG00000107290;ENSG00000007168;ENSG00000134313;ENSG00000112175;ENSG00000154134;ENSG00000164961;ENSG00000075618;ENSG00000009694;ENSG00000116473;ENSG00000131711;ENSG00000145934;ENSG00000198846;ENSG00000169855;ENSG00000171587;ENSG00000109756;ENSG00000102383;ENSG00000273749;ENSG00000166579;ENSG00000117385;ENSG00000108061;ENSG00000006210;ENSG00000099250;ENSG00000112902;ENSG00000003402;ENSG00000127603;ENSG00000130203;ENSG00000018236;ENSG00000145675;ENSG00000172260;ENSG00000184304;ENSG00000170385;ENSG00000154310;ENSG00000168779;ENSG00000116106;ENSG00000155974;ENSG00000160007;ENSG00000040341;ENSG00000144840;ENSG00000111859;ENSG00000172461;ENSG00000188277;ENSG00000136960;ENSG00000181754;ENSG00000068971;ENSG00000100393;ENSG00000156642;ENSG00000061676;ENSG00000082701;ENSG00000242689;ENSG00000149557;ENSG00000197822;ENSG00000196576;ENSG00000153707;ENSG00000078699;ENSG00000095777;ENSG00000128881;ENSG00000169306;ENSG00000119283;ENSG00000137825;ENSG00000143322;ENSG00000107779;ENSG00000105429;ENSG00000097007;ENSG00000257923;ENSG00000197122;ENSG00000055917;ENSG00000163558;ENSG00000138071;ENSG00000164251;ENSG00000184640"
"GO","GOBP_SENSORY_PERCEPTION_OF_LIGHT_STIMULUS",0.000773064688217341,0.0235819552639992,0.477270815362862,-0.387646418712967,-1.54090757343776,203,"ENSG00000125741;ENSG00000100234;ENSG00000158161;ENSG00000074621;ENSG00000144191;ENSG00000118217;ENSG00000137474;ENSG00000182871;ENSG00000099204;ENSG00000091262;ENSG00000107736;ENSG00000102805;ENSG00000139988;ENSG00000163093;ENSG00000169427;ENSG00000188419;ENSG00000145476;ENSG00000182389;ENSG00000101850;ENSG00000184302;ENSG00000062038;ENSG00000108370;ENSG00000042781;ENSG00000106536;ENSG00000157782;ENSG00000130045;ENSG00000100053;ENSG00000115380;ENSG00000186326;ENSG00000179603;ENSG00000174483;ENSG00000144290;ENSG00000188107;ENSG00000277399;ENSG00000136940;ENSG00000108821;ENSG00000164199;ENSG00000182187;ENSG00000198963;ENSG00000116016;ENSG00000091010;ENSG00000095777;ENSG00000160716;ENSG00000066933;ENSG00000102218;ENSG00000122507;ENSG00000196431;ENSG00000149489;ENSG00000134183;ENSG00000112333;ENSG00000125124;ENSG00000180245;ENSG00000198836;ENSG00000185974;ENSG00000118231;ENSG00000179941;ENSG00000127377;ENSG00000184564;ENSG00000140463;ENSG00000072042"
"GO","GOBP_PROTEIN_PALMITOYLATION",0.000821039952331943,0.0249331056376319,0.477270815362862,-0.69307752178324,-1.88724543132631,23,"ENSG00000135821;ENSG00000156599;ENSG00000175893;ENSG00000104219;ENSG00000184307;ENSG00000153786;ENSG00000186908;ENSG00000102383"
"GO","GOBP_NUCLEOSIDE_PHOSPHATE_BIOSYNTHETIC_PROCESS",0.000838954277108905,0.0253633855561674,0.477270815362862,0.333743945060468,1.41878156707337,319,"ENSG00000145335;ENSG00000176410;ENSG00000149925;ENSG00000102967;ENSG00000170522;ENSG00000183648;ENSG00000074800;ENSG00000114491;ENSG00000267855;ENSG00000152234;ENSG00000243678;ENSG00000154723;ENSG00000106992;ENSG00000241837;ENSG00000186010;ENSG00000100417;ENSG00000168393;ENSG00000099624;ENSG00000241468;ENSG00000178802;ENSG00000158828;ENSG00000239672;ENSG00000168291;ENSG00000178127;ENSG00000154027;ENSG00000063176;ENSG00000178035;ENSG00000198276;ENSG00000213619;ENSG00000138363;ENSG00000166136;ENSG00000160194;ENSG00000164326;ENSG00000110717;ENSG00000164258;ENSG00000130414;ENSG00000174886;ENSG00000035687;ENSG00000066322;ENSG00000145494;ENSG00000008130;ENSG00000090266;ENSG00000075399;ENSG00000140990;ENSG00000099795;ENSG00000124172;ENSG00000139180;ENSG00000169020;ENSG00000173614;ENSG00000170906;ENSG00000113552;ENSG00000131069;ENSG00000147684;ENSG00000099797;ENSG00000147123;ENSG00000159199;ENSG00000065427;ENSG00000167792;ENSG00000183077;ENSG00000106348;ENSG00000117118;ENSG00000239900;ENSG00000196839;ENSG00000005882;ENSG00000131495;ENSG00000185100;ENSG00000116459;ENSG00000160688;ENSG00000171793;ENSG00000198570;ENSG00000221988;ENSG00000103507;ENSG00000065833;ENSG00000165283;ENSG00000185883;ENSG00000110955;ENSG00000085231;ENSG00000168653;ENSG00000125375;ENSG00000115286;ENSG00000162882;ENSG00000151366;ENSG00000169710;ENSG00000156411;ENSG00000138621;ENSG00000102125;ENSG00000109390;ENSG00000184752;ENSG00000204922;ENSG00000135390;ENSG00000167283;ENSG00000156110;ENSG00000114956;ENSG00000124357;ENSG00000103202;ENSG00000198931;ENSG00000115652;ENSG00000004779;ENSG00000073578;ENSG00000103254;ENSG00000110435;ENSG00000132518;ENSG00000119421;ENSG00000184983;ENSG00000128059;ENSG00000148803;ENSG00000121281;ENSG00000166548;ENSG00000125356;ENSG00000144591;ENSG00000165629;ENSG00000105607;ENSG00000100522;ENSG00000065518;ENSG00000162066;ENSG00000147813;ENSG00000249222;ENSG00000075239;ENSG00000152782;ENSG00000091140;ENSG00000123983;ENSG00000127125;ENSG00000176715"
"GO","GOCC_NUCLEOID",0.000848923686476163,0.0255507164658515,0.477270815362862,0.550179522526049,1.77934476911547,48,"ENSG00000072778;ENSG00000162851;ENSG00000178952;ENSG00000103152;ENSG00000196365;ENSG00000156502;ENSG00000107815;ENSG00000004142;ENSG00000137288;ENSG00000182810;ENSG00000132463;ENSG00000006744;ENSG00000106028;ENSG00000072506;ENSG00000197785;ENSG00000113013;ENSG00000110955;ENSG00000164362;ENSG00000165637;ENSG00000132153;ENSG00000256525;ENSG00000127989;ENSG00000005022;ENSG00000029639;ENSG00000140521;ENSG00000084754;ENSG00000137992"
"GO","GOBP_MITOCHONDRIAL_RIBOSOME_ASSEMBLY",0.000853133965370205,0.0255638195287037,0.477270815362862,0.656073856657931,1.8719758223037,26,"ENSG00000178952;ENSG00000101546;ENSG00000178605;ENSG00000132591;ENSG00000182810;ENSG00000156928;ENSG00000274523;ENSG00000148824;ENSG00000171861;ENSG00000132153;ENSG00000004779;ENSG00000101181;ENSG00000122687;ENSG00000105793;ENSG00000156469;ENSG00000029639;ENSG00000117481;ENSG00000254858;ENSG00000122085;ENSG00000100294;ENSG00000122140"
"GO","GOCC_CYTOSOLIC_TRANSLATION_PREINITIATION_COMPLEX",0.000864503650697772,0.0257903908481291,0.477270815362862,0.708506001925456,1.87412250372344,19,"ENSG00000175390;ENSG00000134001;ENSG00000114784;ENSG00000205609;ENSG00000106263;ENSG00000104131;ENSG00000084623;ENSG00000149100;ENSG00000130811;ENSG00000178982;ENSG00000147677;ENSG00000100353;ENSG00000104408;ENSG00000107581;ENSG00000184110"
"GO","GOBP_NEGATIVE_REGULATION_OF_INTRACELLULAR_TRANSPORT",0.000878386538868134,0.0260896212333991,0.477270815362862,-0.531352163949867,-1.73400749645613,54,"ENSG00000147164;ENSG00000099958;ENSG00000108389;ENSG00000072849;ENSG00000135506;ENSG00000107331;ENSG00000169174;ENSG00000138376;ENSG00000131711;ENSG00000196712;ENSG00000149547;ENSG00000157782;ENSG00000164144;ENSG00000120686"
"GO","GOBP_MITOCHONDRIAL_ELECTRON_TRANSPORT_CYTOCHROME_C_TO_OXYGEN",0.000895290915867994,0.0263643424009139,0.477270815362862,0.684814857994475,1.87913335024027,22,"ENSG00000189043;ENSG00000164919;ENSG00000178741;ENSG00000131143;ENSG00000126267;ENSG00000111775;ENSG00000112695;ENSG00000127184;ENSG00000135940;ENSG00000229344;ENSG00000131174;ENSG00000176340;ENSG00000172115"
"GO","GOBP_BIOMINERAL_TISSUE_DEVELOPMENT",0.000895422142972563,0.0263643424009139,0.477270815362862,-0.401667686657799,-1.55486983470414,162,"ENSG00000172071;ENSG00000064309;ENSG00000183023;ENSG00000186951;ENSG00000155090;ENSG00000114739;ENSG00000086300;ENSG00000132464;ENSG00000177119;ENSG00000068078;ENSG00000172216;ENSG00000102174;ENSG00000175894;ENSG00000183688;ENSG00000112029;ENSG00000084073;ENSG00000139174;ENSG00000105664;ENSG00000103657;ENSG00000112414;ENSG00000116729;ENSG00000135547;ENSG00000162510;ENSG00000134318;ENSG00000115170;ENSG00000165973;ENSG00000133116;ENSG00000046653;ENSG00000153162;ENSG00000197594;ENSG00000143367;ENSG00000067900;ENSG00000108821;ENSG00000166949;ENSG00000164199;ENSG00000125398;ENSG00000111424;ENSG00000095209;ENSG00000110719;ENSG00000166415;ENSG00000183337;ENSG00000107779;ENSG00000164023;ENSG00000174792;ENSG00000108950;ENSG00000162733;ENSG00000138696;ENSG00000101945;ENSG00000167323;ENSG00000145192;ENSG00000184058;ENSG00000012223;ENSG00000185305;ENSG00000169884"
"GO","GOBP_CD4_POSITIVE_OR_CD8_POSITIVE_ALPHA_BETA_T_CELL_LINEAGE_COMMITMENT",0.000908724105493047,0.0266401716121165,0.477270815362862,-0.660867478738438,-1.8948983897038,29,"ENSG00000115318;ENSG00000157764;ENSG00000166888;ENSG00000198846;ENSG00000083799;ENSG00000171791;ENSG00000162594;ENSG00000135047;ENSG00000204256;ENSG00000100393;ENSG00000168610;ENSG00000105639;ENSG00000134352;ENSG00000073861;ENSG00000110944;ENSG00000198836;ENSG00000197471;ENSG00000198793"
"GO","GOCC_RESPIRATORY_CHAIN_COMPLEX_III",0.000945758621318606,0.0276063680326276,0.477270815362862,0.762691948075771,1.81728808048939,13,"ENSG00000169021;ENSG00000184076;ENSG00000074582;ENSG00000179091;ENSG00000233954;ENSG00000010256;ENSG00000127540;ENSG00000173660;ENSG00000164405;ENSG00000140740;ENSG00000156467"
"GO","GOBP_SENSORY_SYSTEM_DEVELOPMENT",0.000962082615083239,0.0279623324864536,0.477270815362862,-0.327490167309641,-1.39548166858672,410,"ENSG00000099246;ENSG00000171812;ENSG00000166068;ENSG00000064309;ENSG00000144191;ENSG00000138443;ENSG00000118217;ENSG00000114739;ENSG00000111186;ENSG00000137474;ENSG00000178573;ENSG00000166402;ENSG00000169554;ENSG00000112715;ENSG00000124766;ENSG00000101384;ENSG00000077279;ENSG00000125686;ENSG00000168389;ENSG00000130508;ENSG00000128791;ENSG00000101680;ENSG00000005513;ENSG00000114251;ENSG00000184349;ENSG00000164056;ENSG00000218336;ENSG00000128573;ENSG00000078246;ENSG00000091664;ENSG00000119685;ENSG00000154928;ENSG00000184302;ENSG00000198369;ENSG00000112893;ENSG00000196712;ENSG00000150893;ENSG00000154096;ENSG00000134138;ENSG00000157796;ENSG00000171587;ENSG00000171791;ENSG00000166147;ENSG00000099250;ENSG00000117707;ENSG00000008196;ENSG00000136518;ENSG00000149295;ENSG00000139174;ENSG00000165323;ENSG00000152359;ENSG00000181449;ENSG00000134245;ENSG00000160111;ENSG00000073711;ENSG00000100053;ENSG00000115380;ENSG00000153162;ENSG00000106144;ENSG00000075711;ENSG00000204104;ENSG00000176887;ENSG00000174483;ENSG00000117139;ENSG00000115839;ENSG00000237412;ENSG00000102678;ENSG00000160007;ENSG00000168267;ENSG00000101605;ENSG00000040341;ENSG00000064393;ENSG00000111554;ENSG00000139540;ENSG00000173402;ENSG00000187498;ENSG00000146555;ENSG00000144821;ENSG00000137868;ENSG00000187676;ENSG00000122641;ENSG00000131242;ENSG00000166949;ENSG00000172819;ENSG00000103494;ENSG00000182187;ENSG00000198963;ENSG00000148516;ENSG00000125398;ENSG00000242689;ENSG00000143995;ENSG00000168610;ENSG00000110719;ENSG00000204304;ENSG00000106688;ENSG00000139567;ENSG00000128918;ENSG00000158055;ENSG00000198732;ENSG00000284194;ENSG00000163558;ENSG00000048342;ENSG00000137936;ENSG00000100811;ENSG00000162992;ENSG00000198844;ENSG00000196431;ENSG00000149489;ENSG00000134183;ENSG00000112333;ENSG00000138696;ENSG00000116688;ENSG00000115904;ENSG00000078369;ENSG00000188158;ENSG00000163069;ENSG00000140807;ENSG00000160199;ENSG00000185630;ENSG00000118231;ENSG00000179941;ENSG00000172845;ENSG00000127377;ENSG00000177426;ENSG00000184564"
"GO","GOBP_REGULATION_OF_HETEROCHROMATIN_ORGANIZATION",0.00097666988944955,0.0282649935527878,0.45505986738723,-0.786308863079034,-1.86275078296166,13,"ENSG00000104626;ENSG00000172943;ENSG00000157540;ENSG00000113648;ENSG00000197724;ENSG00000196678;ENSG00000183475;ENSG00000118058;ENSG00000123374"
"GO","GOBP_ENDONUCLEOLYTIC_CLEAVAGE_OF_TRICISTRONIC_RRNA_TRANSCRIPT_SSU_RRNA_5_8S_RRNA_LSU_RRNA",0.000999030982353303,0.0287890970744535,0.45505986738723,0.670282943750952,1.85542707130266,23,"ENSG00000129347;ENSG00000120800;ENSG00000261236;ENSG00000141456;ENSG00000167721;ENSG00000183751;ENSG00000179041;ENSG00000162408;ENSG00000120158;ENSG00000065268;ENSG00000171858;ENSG00000165733;ENSG00000124787;ENSG00000087269;ENSG00000001497"
"GO","GOBP_DEOXYRIBONUCLEOTIDE_CATABOLIC_PROCESS",0.00101053032928265,0.0289970821606022,0.45505986738723,0.625552467697175,1.85061340697035,31,"ENSG00000101347;ENSG00000179958;ENSG00000140398;ENSG00000125458;ENSG00000114026;ENSG00000065057;ENSG00000025708;ENSG00000196839;ENSG00000198585;ENSG00000112667;ENSG00000076248;ENSG00000119125;ENSG00000123415;ENSG00000136159;ENSG00000023697;ENSG00000154328"
"GO","GOBP_TISSUE_HOMEOSTASIS",0.0010394490030247,0.0297010491497185,0.45505986738723,-0.361748711410918,-1.47754378537859,258,"ENSG00000138759;ENSG00000117394;ENSG00000157224;ENSG00000138821;ENSG00000086300;ENSG00000166402;ENSG00000103222;ENSG00000169554;ENSG00000112715;ENSG00000180694;ENSG00000091262;ENSG00000110324;ENSG00000196632;ENSG00000107736;ENSG00000163347;ENSG00000168389;ENSG00000135318;ENSG00000119139;ENSG00000198648;ENSG00000204120;ENSG00000139988;ENSG00000154721;ENSG00000150093;ENSG00000164946;ENSG00000035403;ENSG00000062038;ENSG00000138376;ENSG00000128602;ENSG00000179295;ENSG00000042781;ENSG00000196712;ENSG00000150893;ENSG00000164244;ENSG00000004468;ENSG00000171791;ENSG00000165092;ENSG00000130045;ENSG00000139174;ENSG00000105664;ENSG00000132383;ENSG00000078725;ENSG00000118058;ENSG00000105514;ENSG00000188786;ENSG00000278540;ENSG00000184363;ENSG00000166603;ENSG00000173226;ENSG00000135338;ENSG00000174483;ENSG00000119715;ENSG00000143195;ENSG00000137860;ENSG00000109572;ENSG00000198728;ENSG00000119401;ENSG00000196569;ENSG00000164199;ENSG00000139323;ENSG00000125398;ENSG00000197822;ENSG00000110719;ENSG00000167065;ENSG00000197372;ENSG00000181104;ENSG00000181004;ENSG00000106688;ENSG00000112378;ENSG00000239732;ENSG00000197122;ENSG00000160182;ENSG00000197375;ENSG00000166340;ENSG00000197046;ENSG00000162992;ENSG00000160180;ENSG00000128340;ENSG00000117020;ENSG00000134183;ENSG00000125124"
"GO","GOBP_REGULATION_OF_ENDOPLASMIC_RETICULUM_STRESS_INDUCED_INTRINSIC_APOPTOTIC_SIGNALING_PATHWAY",0.00106551333243444,0.0301452444516753,0.45505986738723,-0.589810676095445,-1.77813402742267,36,"ENSG00000149428;ENSG00000051108;ENSG00000175197;ENSG00000172071;ENSG00000100219;ENSG00000162298;ENSG00000157613;ENSG00000132824;ENSG00000142192;ENSG00000153094"
"GO","GOBP_MYOTUBE_DIFFERENTIATION",0.00106834888783256,0.0301452444516753,0.45505986738723,0.394808590611413,1.56123046336928,160,"ENSG00000108179;ENSG00000136999;ENSG00000233276;ENSG00000105971;ENSG00000023902;ENSG00000185420;ENSG00000197958;ENSG00000142541;ENSG00000137818;ENSG00000108107;ENSG00000177600;ENSG00000130255;ENSG00000167526;ENSG00000196218;ENSG00000102554;ENSG00000198918;ENSG00000174748;ENSG00000114391;ENSG00000105640;ENSG00000197756;ENSG00000111913;ENSG00000142676;ENSG00000161016;ENSG00000147439;ENSG00000166441;ENSG00000109475;ENSG00000122026;ENSG00000198242;ENSG00000198755;ENSG00000108840;ENSG00000188846;ENSG00000174444;ENSG00000063177;ENSG00000181027;ENSG00000221983;ENSG00000108298;ENSG00000136942;ENSG00000178209;ENSG00000176909;ENSG00000132819;ENSG00000196531;ENSG00000089009;ENSG00000265681;ENSG00000163682;ENSG00000172809;ENSG00000144713;ENSG00000134247;ENSG00000131469;ENSG00000145592;ENSG00000229117;ENSG00000105204;ENSG00000162244;ENSG00000010278;ENSG00000071082;ENSG00000181790;ENSG00000156482;ENSG00000148303;ENSG00000105643;ENSG00000123213;ENSG00000147403;ENSG00000164976;ENSG00000170417;ENSG00000122406;ENSG00000130513;ENSG00000241343"
"GO","GOCC_EARLY_ENDOSOME",0.00106770886630511,0.0301452444516753,0.45505986738723,-0.325624513081757,-1.39424259675146,438,"ENSG00000147164;ENSG00000108774;ENSG00000123091;ENSG00000140450;ENSG00000196549;ENSG00000101670;ENSG00000108389;ENSG00000070718;ENSG00000072849;ENSG00000134108;ENSG00000104635;ENSG00000078081;ENSG00000110911;ENSG00000158195;ENSG00000133657;ENSG00000073464;ENSG00000138660;ENSG00000197535;ENSG00000197081;ENSG00000169174;ENSG00000175348;ENSG00000167202;ENSG00000115145;ENSG00000167291;ENSG00000174469;ENSG00000164715;ENSG00000177182;ENSG00000091317;ENSG00000058063;ENSG00000162894;ENSG00000184007;ENSG00000013016;ENSG00000104763;ENSG00000154928;ENSG00000164961;ENSG00000114520;ENSG00000136986;ENSG00000163749;ENSG00000068650;ENSG00000116473;ENSG00000115993;ENSG00000101337;ENSG00000136868;ENSG00000135631;ENSG00000073921;ENSG00000187957;ENSG00000053918;ENSG00000099250;ENSG00000115657;ENSG00000084073;ENSG00000139668;ENSG00000115165;ENSG00000104341;ENSG00000154710;ENSG00000153029;ENSG00000186318;ENSG00000120451;ENSG00000130203;ENSG00000136643;ENSG00000116729;ENSG00000165406;ENSG00000071189;ENSG00000143801;ENSG00000144648;ENSG00000136235;ENSG00000142192;ENSG00000122574;ENSG00000162736;ENSG00000100568;ENSG00000145348;ENSG00000152061;ENSG00000070018;ENSG00000116106;ENSG00000163755;ENSG00000115561;ENSG00000162627;ENSG00000109572;ENSG00000168461;ENSG00000029725;ENSG00000165672;ENSG00000006715;ENSG00000182287;ENSG00000151229;ENSG00000182606;ENSG00000138069;ENSG00000132842;ENSG00000087053;ENSG00000104205;ENSG00000085832;ENSG00000135077;ENSG00000079950;ENSG00000175895;ENSG00000085449;ENSG00000181804;ENSG00000204592;ENSG00000181104;ENSG00000106688;ENSG00000115665;ENSG00000028528;ENSG00000134243;ENSG00000100030;ENSG00000122126;ENSG00000239732;ENSG00000120860;ENSG00000123384;ENSG00000055732;ENSG00000188089;ENSG00000065000;ENSG00000169446;ENSG00000069329;ENSG00000164251;ENSG00000061987;ENSG00000148158;ENSG00000157978;ENSG00000040933;ENSG00000139370;ENSG00000072274;ENSG00000143376;ENSG00000143878;ENSG00000164850;ENSG00000119321;ENSG00000003393;ENSG00000196660;ENSG00000214357;ENSG00000099290"
"GO","GOBP_REGULATION_OF_DENDRITIC_SPINE_MAINTENANCE",0.00109488043533649,0.0305124704036983,0.45505986738723,-0.773038982269806,-1.86463621575317,14,"ENSG00000254647;ENSG00000101040;ENSG00000130203;ENSG00000142192;ENSG00000171867;ENSG00000111859"
"GO","GOBP_MITOCHONDRIAL_LARGE_RIBOSOMAL_SUBUNIT_ASSEMBLY",0.00109277249731567,0.0305124704036983,0.45505986738723,0.747023447674929,1.84788433673887,15,"ENSG00000178952;ENSG00000178605;ENSG00000182810;ENSG00000156928;ENSG00000274523;ENSG00000148824;ENSG00000171861;ENSG00000132153;ENSG00000004779;ENSG00000101181;ENSG00000122687;ENSG00000105793;ENSG00000117481"
"GO","GOBP_REGULATION_OF_PROTEIN_LOCALIZATION_TO_PLASMA_MEMBRANE",0.00109153894009382,0.0305124704036983,0.45505986738723,-0.442387623668785,-1.64010758214484,116,"ENSG00000254647;ENSG00000166900;ENSG00000120992;ENSG00000156599;ENSG00000086598;ENSG00000104219;ENSG00000135324;ENSG00000196632;ENSG00000153786;ENSG00000162852;ENSG00000171132;ENSG00000150093;ENSG00000142208;ENSG00000115306;ENSG00000117228;ENSG00000179915;ENSG00000073921;ENSG00000131626;ENSG00000060237;ENSG00000145675;ENSG00000105647;ENSG00000075711;ENSG00000171867;ENSG00000145349;ENSG00000144681;ENSG00000100568;ENSG00000117533;ENSG00000070808;ENSG00000185482;ENSG00000017260"
"GO","GOBP_MITOCHONDRIAL_RNA_PROCESSING",0.00114945147056613,0.0319019891748927,0.45505986738723,0.626020923135391,1.82548034012666,29,"ENSG00000167112;ENSG00000177192;ENSG00000119705;ENSG00000156502;ENSG00000101391;ENSG00000164896;ENSG00000006744;ENSG00000072506;ENSG00000136270;ENSG00000165526"
"GO","GOBP_LIPOPROTEIN_METABOLIC_PROCESS",0.00116719412515567,0.0321600476043428,0.45505986738723,-0.473069621233579,-1.67659752743521,86,"ENSG00000135821;ENSG00000120992;ENSG00000156599;ENSG00000175893;ENSG00000101670;ENSG00000186951;ENSG00000138032;ENSG00000104219;ENSG00000184307;ENSG00000153786;ENSG00000169174;ENSG00000186908;ENSG00000148154;ENSG00000112293;ENSG00000163586;ENSG00000102383;ENSG00000130203;ENSG00000142192;ENSG00000115839;ENSG00000165029;ENSG00000144840;ENSG00000221963;ENSG00000175224;ENSG00000113811;ENSG00000010282;ENSG00000177669;ENSG00000175048"
"GO","GOBP_EXTERNAL_ENCAPSULATING_STRUCTURE_ORGANIZATION",0.00116824744693862,0.0321600476043428,0.45505986738723,-0.351246800899339,-1.45463415401064,302,"ENSG00000100234;ENSG00000189409;ENSG00000171812;ENSG00000161270;ENSG00000115318;ENSG00000196739;ENSG00000100767;ENSG00000084636;ENSG00000138821;ENSG00000137573;ENSG00000163297;ENSG00000182871;ENSG00000197930;ENSG00000091136;ENSG00000106692;ENSG00000130714;ENSG00000114270;ENSG00000130508;ENSG00000101680;ENSG00000132561;ENSG00000160588;ENSG00000178031;ENSG00000150093;ENSG00000149084;ENSG00000204580;ENSG00000187720;ENSG00000157613;ENSG00000136378;ENSG00000106823;ENSG00000075618;ENSG00000196712;ENSG00000198759;ENSG00000166106;ENSG00000082293;ENSG00000117385;ENSG00000004866;ENSG00000087116;ENSG00000147485;ENSG00000003402;ENSG00000139174;ENSG00000105664;ENSG00000135744;ENSG00000134013;ENSG00000083444;ENSG00000162510;ENSG00000116260;ENSG00000148935;ENSG00000049192;ENSG00000169436;ENSG00000147408;ENSG00000158859;ENSG00000046653;ENSG00000086619;ENSG00000142192;ENSG00000145536;ENSG00000087303;ENSG00000129038;ENSG00000138738;ENSG00000077150;ENSG00000169031;ENSG00000081052;ENSG00000173402;ENSG00000197565;ENSG00000187498;ENSG00000141646;ENSG00000156103;ENSG00000196569;ENSG00000197635;ENSG00000108821;ENSG00000166949;ENSG00000144824;ENSG00000141098;ENSG00000116147;ENSG00000125398;ENSG00000095209;ENSG00000196408;ENSG00000168610"
"GO","GOBP_POSITIVE_REGULATION_OF_GLYCOGEN_BIOSYNTHETIC_PROCESS",0.00118554178701172,0.0325040039742648,0.45505986738723,-0.740337108561651,-1.84000793326189,16,"ENSG00000254647;ENSG00000169047;ENSG00000142208;ENSG00000167244;ENSG00000178567;ENSG00000185950;ENSG00000106633;ENSG00000173281"
"GO","GOMF_OXIDOREDUCTASE_ACTIVITY_ACTING_ON_A_SULFUR_GROUP_OF_DONORS",0.00122991117974248,0.0335845101178068,0.45505986738723,-0.52418284171286,-1.7335351251845,57,"ENSG00000155660;ENSG00000143870;ENSG00000198843;ENSG00000167004;ENSG00000125827;ENSG00000197930;ENSG00000198431;ENSG00000239264;ENSG00000010327;ENSG00000185624;ENSG00000104687;ENSG00000185615;ENSG00000065485;ENSG00000116260;ENSG00000086619"
"GO","GOBP_ER_OVERLOAD_RESPONSE",0.00132049323671912,0.0358580064417297,0.45505986738723,-0.823842916487858,-1.87313265610549,11,"ENSG00000044574;ENSG00000175197;ENSG00000172071;ENSG00000152348;ENSG00000108588"
"GO","GOBP_POSITIVE_REGULATION_OF_LONG_TERM_SYNAPTIC_POTENTIATION",0.00132375983615364,0.0358580064417297,0.45505986738723,-0.668903982859487,-1.83993485985924,24,"ENSG00000254647;ENSG00000196549;ENSG00000144847;ENSG00000104219;ENSG00000128829;ENSG00000149295;ENSG00000155897;ENSG00000142192;ENSG00000164742"
"GO","GOBP_CELL_DIFFERENTIATION_IN_HINDBRAIN",0.0013460073813121,0.0363153863993846,0.45505986738723,-0.66747667037939,-1.83600879265776,24,"ENSG00000184524;ENSG00000152208;ENSG00000128573;ENSG00000179915;ENSG00000102924;ENSG00000117707;ENSG00000079482;ENSG00000103657;ENSG00000198728;ENSG00000089116;ENSG00000165240;ENSG00000069667;ENSG00000171798;ENSG00000135472"
"GO","GOCC_EUKARYOTIC_48S_PREINITIATION_COMPLEX",0.00135983908107703,0.0363756105041115,0.45505986738723,0.723083399929452,1.8514110242372,17,"ENSG00000175390;ENSG00000134001;ENSG00000205609;ENSG00000106263;ENSG00000104131;ENSG00000084623;ENSG00000149100;ENSG00000130811;ENSG00000178982;ENSG00000147677;ENSG00000100353;ENSG00000104408;ENSG00000107581;ENSG00000184110"
"GO","GOBP_POSITIVE_REGULATION_OF_D_GLUCOSE_IMPORT",0.00136435396751984,0.0363756105041115,0.45505986738723,-0.5975558388978,-1.77960425370358,34,"ENSG00000254647;ENSG00000169047;ENSG00000142208;ENSG00000163884;ENSG00000179295;ENSG00000116473;ENSG00000112062;ENSG00000145675;ENSG00000185950;ENSG00000110436;ENSG00000197822;ENSG00000054277;ENSG00000163558;ENSG00000091039;ENSG00000095637;ENSG00000128989;ENSG00000171105;ENSG00000184163"
"GO","GOBP_REGULATION_OF_FAT_CELL_DIFFERENTIATION",0.00136029469476973,0.0363756105041115,0.45505986738723,-0.425257882210305,-1.60410533915005,132,"ENSG00000254647;ENSG00000175197;ENSG00000101109;ENSG00000111186;ENSG00000100219;ENSG00000071575;ENSG00000112715;ENSG00000180694;ENSG00000073756;ENSG00000101384;ENSG00000133794;ENSG00000150907;ENSG00000114251;ENSG00000172216;ENSG00000142208;ENSG00000162998;ENSG00000139668;ENSG00000152518;ENSG00000154803;ENSG00000245848;ENSG00000112062;ENSG00000140718;ENSG00000176624;ENSG00000111664;ENSG00000197594;ENSG00000048540;ENSG00000126778;ENSG00000143842;ENSG00000107890;ENSG00000062725;ENSG00000166949;ENSG00000100393;ENSG00000143365;ENSG00000143970;ENSG00000130876;ENSG00000038382;ENSG00000181004;ENSG00000180011;ENSG00000129167;ENSG00000134243;ENSG00000151468;ENSG00000114315;ENSG00000118260"
"GO","GOBP_FARNESYL_DIPHOSPHATE_METABOLIC_PROCESS",0.00138607502570921,0.0368098042121676,0.45505986738723,0.791466339472303,1.84200300513081,12,"ENSG00000163344;ENSG00000079459;ENSG00000167508;ENSG00000160752;ENSG00000120437;ENSG00000067064;ENSG00000110921"
"GO","GOBP_CELLULAR_COMPONENT_MAINTENANCE",0.0014006387279644,0.0370464023035561,0.45505986738723,-0.475977674795385,-1.67129604354333,81,"ENSG00000254647;ENSG00000082805;ENSG00000163347;ENSG00000101040;ENSG00000144320;ENSG00000166689;ENSG00000176406;ENSG00000102924;ENSG00000079482;ENSG00000139174;ENSG00000186472;ENSG00000130203;ENSG00000141668;ENSG00000142192;ENSG00000075711;ENSG00000171867;ENSG00000187672;ENSG00000111859;ENSG00000221866;ENSG00000087053;ENSG00000170921;ENSG00000135298;ENSG00000181104;ENSG00000134243;ENSG00000137825;ENSG00000139220;ENSG00000069329;ENSG00000164251"
"GO","GOBP_REGULATION_OF_MITOCHONDRION_ORGANIZATION",0.00140592519078764,0.0370464023035561,0.45505986738723,0.434906246589915,1.63728959096645,113,"ENSG00000108179;ENSG00000108828;ENSG00000161011;ENSG00000233276;ENSG00000198060;ENSG00000063761;ENSG00000104081;ENSG00000158828;ENSG00000114023;ENSG00000140939;ENSG00000160789;ENSG00000188906;ENSG00000106028;ENSG00000017797;ENSG00000214253;ENSG00000204389;ENSG00000169230;ENSG00000176720;ENSG00000162600;ENSG00000213190;ENSG00000100523;ENSG00000103490;ENSG00000030110;ENSG00000138698;ENSG00000167136;ENSG00000186868;ENSG00000105327;ENSG00000087088;ENSG00000096092;ENSG00000187531;ENSG00000170855;ENSG00000126709;ENSG00000186642;ENSG00000159363;ENSG00000167315;ENSG00000122386;ENSG00000105723;ENSG00000015475;ENSG00000166323;ENSG00000165943;ENSG00000241878;ENSG00000001084;ENSG00000184990;ENSG00000177427;ENSG00000181284;ENSG00000137463;ENSG00000005022"
"GO","GOBP_NUCLEIC_ACID_CATABOLIC_PROCESS",0.00142098836201404,0.0372981906494537,0.45505986738723,0.318492182503308,1.38254630526728,395,"ENSG00000205978;ENSG00000158246;ENSG00000090621;ENSG00000163932;ENSG00000188573;ENSG00000105229;ENSG00000106605;ENSG00000090097;ENSG00000135930;ENSG00000130826;ENSG00000119705;ENSG00000149016;ENSG00000053372;ENSG00000156502;ENSG00000172346;ENSG00000205045;ENSG00000239672;ENSG00000023191;ENSG00000187772;ENSG00000180336;ENSG00000105671;ENSG00000070756;ENSG00000130713;ENSG00000100823;ENSG00000159388;ENSG00000132463;ENSG00000076053;ENSG00000140395;ENSG00000141543;ENSG00000164896;ENSG00000206557;ENSG00000188613;ENSG00000108561;ENSG00000171824;ENSG00000125755;ENSG00000006744;ENSG00000140691;ENSG00000170473;ENSG00000132541;ENSG00000204389;ENSG00000243449;ENSG00000172922;ENSG00000037897;ENSG00000155363;ENSG00000065978;ENSG00000175324;ENSG00000105605;ENSG00000077348;ENSG00000146830;ENSG00000204392;ENSG00000149115;ENSG00000117751;ENSG00000138385;ENSG00000100387;ENSG00000146576;ENSG00000123144;ENSG00000136270;ENSG00000160570;ENSG00000134815;ENSG00000076043;ENSG00000092345;ENSG00000132819;ENSG00000151065;ENSG00000004948;ENSG00000198585;ENSG00000104613;ENSG00000167136;ENSG00000113575;ENSG00000178896;ENSG00000169062;ENSG00000172732;ENSG00000087088;ENSG00000181588;ENSG00000179151;ENSG00000143977;ENSG00000181163;ENSG00000089280;ENSG00000103363;ENSG00000151962;ENSG00000183684;ENSG00000168101;ENSG00000184708;ENSG00000130332;ENSG00000105568;ENSG00000168002;ENSG00000167962;ENSG00000127054;ENSG00000122870;ENSG00000204351;ENSG00000114416;ENSG00000153048;ENSG00000141698;ENSG00000148300;ENSG00000107140;ENSG00000125207;ENSG00000022840;ENSG00000162385;ENSG00000214274;ENSG00000092199;ENSG00000119203;ENSG00000028137;ENSG00000157036;ENSG00000189369;ENSG00000178199;ENSG00000125835;ENSG00000102053;ENSG00000163877;ENSG00000014164;ENSG00000141232;ENSG00000082512;ENSG00000182004;ENSG00000160049;ENSG00000127804;ENSG00000100226"
"GO","GOMF_NEUROTRANSMITTER_RECEPTOR_ACTIVITY_INVOLVED_IN_REGULATION_OF_POSTSYNAPTIC_MEMBRANE_POTENTIAL",0.00150536330928241,0.039360310156218,0.45505986738723,-0.536801713686028,-1.7377479410639,52,"ENSG00000169684;ENSG00000152208;ENSG00000135902;ENSG00000152578;ENSG00000183454;ENSG00000011677;ENSG00000149403;ENSG00000105464;ENSG00000151834;ENSG00000182771;ENSG00000166664;ENSG00000164418;ENSG00000171189;ENSG00000120903;ENSG00000138435;ENSG00000120251;ENSG00000160716;ENSG00000080644;ENSG00000187730;ENSG00000186297;ENSG00000117971;ENSG00000163288;ENSG00000108556;ENSG00000113327"
"GO","GOBP_MUSCLE_CONTRACTION",0.00152158676889919,0.0396314830730203,0.45505986738723,0.320757128515964,1.38825404792367,385,"ENSG00000101400;ENSG00000130005;ENSG00000143153;ENSG00000196465;ENSG00000149925;ENSG00000067191;ENSG00000092841;ENSG00000074800;ENSG00000119782;ENSG00000182963;ENSG00000152661;ENSG00000116741;ENSG00000128512;ENSG00000121361;ENSG00000160014;ENSG00000213366;ENSG00000197958;ENSG00000142541;ENSG00000137818;ENSG00000136717;ENSG00000108107;ENSG00000085733;ENSG00000177600;ENSG00000130255;ENSG00000130176;ENSG00000167526;ENSG00000173991;ENSG00000134769;ENSG00000196218;ENSG00000180914;ENSG00000130821;ENSG00000198918;ENSG00000174748;ENSG00000168356;ENSG00000148834;ENSG00000164532;ENSG00000167657;ENSG00000114391;ENSG00000112658;ENSG00000105640;ENSG00000197756;ENSG00000080824;ENSG00000130529;ENSG00000145494;ENSG00000142676;ENSG00000167535;ENSG00000161016;ENSG00000158286;ENSG00000166441;ENSG00000109475;ENSG00000154118;ENSG00000198225;ENSG00000166313;ENSG00000113163;ENSG00000122026;ENSG00000105048;ENSG00000198242;ENSG00000198755;ENSG00000088832;ENSG00000188846;ENSG00000174444;ENSG00000063177;ENSG00000181027;ENSG00000177098;ENSG00000221983;ENSG00000108298;ENSG00000136942;ENSG00000164885;ENSG00000173511;ENSG00000196839;ENSG00000108878;ENSG00000198467;ENSG00000111678;ENSG00000006638;ENSG00000169836;ENSG00000089009;ENSG00000265681;ENSG00000163682;ENSG00000103266;ENSG00000109063;ENSG00000138698;ENSG00000172809;ENSG00000144713;ENSG00000144285;ENSG00000131469;ENSG00000196689;ENSG00000145592;ENSG00000108961;ENSG00000142168;ENSG00000229117;ENSG00000162244;ENSG00000071082;ENSG00000167476;ENSG00000101405;ENSG00000156482;ENSG00000164708;ENSG00000133392;ENSG00000148303;ENSG00000130598;ENSG00000159197;ENSG00000147403;ENSG00000168743;ENSG00000105357;ENSG00000157017;ENSG00000182687;ENSG00000104321;ENSG00000122406;ENSG00000241343"
"GO","GOBP_PROTEIN_LOCALIZATION_TO_ENDOPLASMIC_RETICULUM",0.00152793336481712,0.0396443093737224,0.45505986738723,-0.605326833223034,-1.78698522165442,33,"ENSG00000044574;ENSG00000135506;ENSG00000136240;ENSG00000100196;ENSG00000142208;ENSG00000075790;ENSG00000185615;ENSG00000154305;ENSG00000087074;ENSG00000105438;ENSG00000198171;ENSG00000254154;ENSG00000107862"
"GO","GOBP_RESPONSE_TO_TEMPERATURE_STIMULUS",0.00156571028145311,0.0404694275801544,0.45505986738723,0.377894392655778,1.4983015178533,165,"ENSG00000128564;ENSG00000175567;ENSG00000115317;ENSG00000204209;ENSG00000125966;ENSG00000151929;ENSG00000140403;ENSG00000072778;ENSG00000115211;ENSG00000162946;ENSG00000106211;ENSG00000066427;ENSG00000213199;ENSG00000168259;ENSG00000130304;ENSG00000124140;ENSG00000134001;ENSG00000145191;ENSG00000185122;ENSG00000168356;ENSG00000096384;ENSG00000145287;ENSG00000164326;ENSG00000100292;ENSG00000187688;ENSG00000107562;ENSG00000080824;ENSG00000104529;ENSG00000105993;ENSG00000105821;ENSG00000204389;ENSG00000109424;ENSG00000130522;ENSG00000184216;ENSG00000144381;ENSG00000103266;ENSG00000168079;ENSG00000100906;ENSG00000186868;ENSG00000137801;ENSG00000162129;ENSG00000043591;ENSG00000086061;ENSG00000196689;ENSG00000142168;ENSG00000070785;ENSG00000102109;ENSG00000176845;ENSG00000104321;ENSG00000116030;ENSG00000183199;ENSG00000224411"
"GO","GOBP_L_ARGININE_TRANSMEMBRANE_TRANSPORT",0.00158493696229879,0.0406560345026039,0.45505986738723,-0.757924689640813,-1.8572898715118,15,"ENSG00000139209;ENSG00000003989;ENSG00000155465;ENSG00000139514;ENSG00000103064;ENSG00000177058"
"GO","GOBP_DOLICHOL_LINKED_OLIGOSACCHARIDE_BIOSYNTHETIC_PROCESS",0.00158110938259511,0.0406560345026039,0.45505986738723,-0.687987408386675,-1.81214413744084,20,"ENSG00000175548;ENSG00000253710;ENSG00000172269;ENSG00000086848;ENSG00000139133;ENSG00000120697;ENSG00000182858;ENSG00000119523;ENSG00000033011;ENSG00000153989;ENSG00000159063;ENSG00000128039;ENSG00000088035;ENSG00000101901"
"GO","GOBP_SPLICEOSOMAL_SNRNP_ASSEMBLY",0.00159200375000295,0.0406832052642263,0.45505986738723,0.477877424741189,1.66582282944005,73,"ENSG00000154548;ENSG00000142252;ENSG00000116455;ENSG00000184281;ENSG00000124562;ENSG00000186166;ENSG00000104852;ENSG00000100138;ENSG00000126254;ENSG00000169217;ENSG00000105618;ENSG00000204392;ENSG00000125870;ENSG00000108883;ENSG00000143977;ENSG00000125743;ENSG00000130332;ENSG00000175467;ENSG00000179409;ENSG00000169976;ENSG00000172062;ENSG00000125835;ENSG00000115128;ENSG00000074201;ENSG00000182004;ENSG00000143368;ENSG00000092208;ENSG00000087365;ENSG00000130520;ENSG00000131043;ENSG00000136875;ENSG00000100028;ENSG00000152147"
"GO","GOBP_MAINTENANCE_OF_PROTEIN_LOCALIZATION_IN_ENDOPLASMIC_RETICULUM",0.0016233492449753,0.0412261465540266,0.45505986738723,-0.802587639911854,-1.86490684273439,12,"ENSG00000044574;ENSG00000135506;ENSG00000136240;ENSG00000100196;ENSG00000185615"
"GO","GOBP_POSITIVE_REGULATION_OF_PHOSPHATIDYLINOSITOL_3_KINASE_PROTEIN_KINASE_B_SIGNAL_TRANSDUCTION",0.00162542544741954,0.0412261465540266,0.45505986738723,-0.395820589908129,-1.55061179007301,178,"ENSG00000254647;ENSG00000115414;ENSG00000100219;ENSG00000141506;ENSG00000155629;ENSG00000112715;ENSG00000107731;ENSG00000126581;ENSG00000101680;ENSG00000068078;ENSG00000115461;ENSG00000147324;ENSG00000114251;ENSG00000184349;ENSG00000163785;ENSG00000127946;ENSG00000184500;ENSG00000164078;ENSG00000150093;ENSG00000169047;ENSG00000204580;ENSG00000147649;ENSG00000179915;ENSG00000179295;ENSG00000141480;ENSG00000114062;ENSG00000167244;ENSG00000170962;ENSG00000186654;ENSG00000006210;ENSG00000112902;ENSG00000135744;ENSG00000142192;ENSG00000197461;ENSG00000184304;ENSG00000185950;ENSG00000173402;ENSG00000164327;ENSG00000109458;ENSG00000069869;ENSG00000169398;ENSG00000151422"
"GO","GOBP_DENDRITE_DEVELOPMENT",0.0016442296142601,0.0415474736857068,0.45505986738723,-0.368041549376614,-1.48754601873658,233,"ENSG00000103319;ENSG00000138443;ENSG00000144711;ENSG00000110911;ENSG00000171533;ENSG00000105245;ENSG00000138311;ENSG00000174989;ENSG00000152767;ENSG00000168389;ENSG00000134909;ENSG00000132561;ENSG00000102081;ENSG00000101040;ENSG00000170775;ENSG00000132640;ENSG00000150093;ENSG00000166963;ENSG00000061337;ENSG00000007168;ENSG00000180370;ENSG00000150361;ENSG00000165802;ENSG00000112175;ENSG00000154928;ENSG00000124126;ENSG00000131711;ENSG00000171587;ENSG00000109756;ENSG00000102383;ENSG00000089022;ENSG00000115993;ENSG00000126500;ENSG00000169057;ENSG00000073921;ENSG00000118263;ENSG00000058866;ENSG00000099250;ENSG00000171943;ENSG00000139174;ENSG00000165323;ENSG00000135905;ENSG00000130203;ENSG00000180881;ENSG00000143126;ENSG00000119328;ENSG00000069956;ENSG00000142192;ENSG00000174483;ENSG00000170385;ENSG00000154310;ENSG00000078018;ENSG00000116106;ENSG00000153266;ENSG00000040341;ENSG00000070808;ENSG00000162374;ENSG00000146038;ENSG00000146555;ENSG00000266028;ENSG00000069869;ENSG00000166949;ENSG00000170921;ENSG00000082701;ENSG00000135298;ENSG00000153707;ENSG00000099942;ENSG00000114745;ENSG00000169306;ENSG00000138411;ENSG00000160716;ENSG00000080644;ENSG00000137825;ENSG00000139220;ENSG00000107779;ENSG00000097007;ENSG00000257923"
"GO","GOBP_NEGATIVE_REGULATION_OF_ACUTE_INFLAMMATORY_RESPONSE",0.00170663780484527,0.0429641309085954,0.45505986738723,-0.832229976175919,-1.84941608754571,10,"ENSG00000254647"
"GO","GOBP_RNA_SPLICING_VIA_TRANSESTERIFICATION_REACTIONS",0.00173501214745923,0.043516675046644,0.45505986738723,0.326806680646454,1.40053158979336,347,"ENSG00000154548;ENSG00000166831;ENSG00000128739;ENSG00000142252;ENSG00000140488;ENSG00000116455;ENSG00000184281;ENSG00000090097;ENSG00000184209;ENSG00000124562;ENSG00000008128;ENSG00000186166;ENSG00000161981;ENSG00000125449;ENSG00000117569;ENSG00000104852;ENSG00000100138;ENSG00000177483;ENSG00000122965;ENSG00000116350;ENSG00000140939;ENSG00000070756;ENSG00000126254;ENSG00000109536;ENSG00000100319;ENSG00000076053;ENSG00000048740;ENSG00000141543;ENSG00000146007;ENSG00000105248;ENSG00000108561;ENSG00000171824;ENSG00000136819;ENSG00000248333;ENSG00000123136;ENSG00000095485;ENSG00000128563;ENSG00000139910;ENSG00000102103;ENSG00000169217;ENSG00000103067;ENSG00000175324;ENSG00000071626;ENSG00000105618;ENSG00000204392;ENSG00000115053;ENSG00000146576;ENSG00000125870;ENSG00000169062;ENSG00000239306;ENSG00000187837;ENSG00000108883;ENSG00000104957;ENSG00000143977;ENSG00000086589;ENSG00000181163;ENSG00000146963;ENSG00000070495;ENSG00000157110;ENSG00000125743;ENSG00000179950;ENSG00000113593;ENSG00000119878;ENSG00000004534;ENSG00000148690;ENSG00000130332;ENSG00000138433;ENSG00000175467;ENSG00000169249;ENSG00000179409;ENSG00000068394;ENSG00000100813;ENSG00000105058;ENSG00000169976;ENSG00000104824;ENSG00000273559;ENSG00000152404;ENSG00000007392;ENSG00000162385;ENSG00000092199;ENSG00000100461;ENSG00000167281;ENSG00000172062;ENSG00000221978;ENSG00000132792;ENSG00000125835;ENSG00000003756;ENSG00000163877;ENSG00000134453;ENSG00000076924;ENSG00000115128;ENSG00000074201;ENSG00000183258;ENSG00000182004;ENSG00000212643;ENSG00000198783;ENSG00000104967;ENSG00000127804;ENSG00000163156;ENSG00000127993;ENSG00000143368;ENSG00000092208;ENSG00000087365;ENSG00000130520;ENSG00000131043;ENSG00000137656;ENSG00000100056;ENSG00000138050;ENSG00000111786;ENSG00000205937;ENSG00000109971;ENSG00000198258;ENSG00000124383;ENSG00000136875;ENSG00000100603;ENSG00000100028;ENSG00000173933;ENSG00000152147;ENSG00000140259;ENSG00000076650;ENSG00000110063;ENSG00000224578;ENSG00000165819;ENSG00000005436;ENSG00000123154;ENSG00000112232;ENSG00000174720;ENSG00000125352;ENSG00000104897"
"GO","GOCC_CYTOPLASMIC_UBIQUITIN_LIGASE_COMPLEX",0.00176728075919433,0.0440618352057997,0.45505986738723,-0.768424869083175,-1.82038394038555,13,"ENSG00000051108;ENSG00000145495;ENSG00000071537;ENSG00000135506;ENSG00000162298"
"GO","GOBP_CRISTAE_FORMATION",0.00176976065800022,0.0440618352057997,0.45505986738723,0.687190728113638,1.81773987010398,19,"ENSG00000174917;ENSG00000063761;ENSG00000158828;ENSG00000007923;ENSG00000132305;ENSG00000162600;ENSG00000102125;ENSG00000100347;ENSG00000204922"
"GO","GOBP_FARNESYL_DIPHOSPHATE_BIOSYNTHETIC_PROCESS",0.00183462784571547,0.0453473227490674,0.45505986738723,0.795274750200287,1.7698297809896,10,"ENSG00000163344;ENSG00000167508;ENSG00000160752;ENSG00000120437;ENSG00000067064;ENSG00000110921"
"GO","GOCC_PRECATALYTIC_SPLICEOSOME",0.0018436332472101,0.0453473227490674,0.45505986738723,0.485304470457289,1.68158353161787,70,"ENSG00000184209;ENSG00000124562;ENSG00000186166;ENSG00000161981;ENSG00000104852;ENSG00000100138;ENSG00000126254;ENSG00000100319;ENSG00000146007;ENSG00000105618;ENSG00000204392;ENSG00000125870;ENSG00000108883;ENSG00000143977;ENSG00000125743;ENSG00000130332;ENSG00000175467;ENSG00000169976;ENSG00000125835;ENSG00000163877;ENSG00000115128;ENSG00000182004;ENSG00000163156;ENSG00000143368;ENSG00000087365;ENSG00000130520;ENSG00000137656;ENSG00000136875;ENSG00000100028;ENSG00000140259;ENSG00000125352;ENSG00000104897;ENSG00000101161;ENSG00000131876;ENSG00000111196;ENSG00000128534"
"GO","GOBP_L_AMINO_ACID_TRANSPORT",0.00184817795019826,0.0453473227490674,0.45505986738723,-0.453480661465147,-1.62401114383575,92,"ENSG00000139209;ENSG00000003989;ENSG00000155465;ENSG00000123643;ENSG00000139514;ENSG00000092068;ENSG00000107819;ENSG00000150093;ENSG00000091664;ENSG00000196712;ENSG00000149150;ENSG00000115902;ENSG00000103064;ENSG00000177058;ENSG00000180773;ENSG00000170540;ENSG00000151012;ENSG00000115839;ENSG00000139974;ENSG00000110436;ENSG00000136295;ENSG00000134294;ENSG00000136854;ENSG00000130876;ENSG00000004864;ENSG00000106688;ENSG00000168003;ENSG00000130234;ENSG00000139370;ENSG00000115840;ENSG00000112394;ENSG00000134183;ENSG00000176463;ENSG00000168385"
"GO","GOBP_STRIATED_MUSCLE_CONTRACTION",0.00183719538833884,0.0453473227490674,0.45505986738723,0.347119458257528,1.4291974363345,234,"ENSG00000101400;ENSG00000143153;ENSG00000149925;ENSG00000119782;ENSG00000182963;ENSG00000152661;ENSG00000116741;ENSG00000121361;ENSG00000160014;ENSG00000213366;ENSG00000197958;ENSG00000142541;ENSG00000137818;ENSG00000136717;ENSG00000108107;ENSG00000177600;ENSG00000130255;ENSG00000167526;ENSG00000173991;ENSG00000134769;ENSG00000196218;ENSG00000198918;ENSG00000174748;ENSG00000168356;ENSG00000148834;ENSG00000114391;ENSG00000105640;ENSG00000197756;ENSG00000080824;ENSG00000130529;ENSG00000142676;ENSG00000161016;ENSG00000158286;ENSG00000166441;ENSG00000109475;ENSG00000154118;ENSG00000198225;ENSG00000122026;ENSG00000105048;ENSG00000198242;ENSG00000198755;ENSG00000088832;ENSG00000188846;ENSG00000174444;ENSG00000063177;ENSG00000177098;ENSG00000221983;ENSG00000108298;ENSG00000136942;ENSG00000173511;ENSG00000111678;ENSG00000089009;ENSG00000265681;ENSG00000163682;ENSG00000109063;ENSG00000172809;ENSG00000144713;ENSG00000144285;ENSG00000131469;ENSG00000145592;ENSG00000108961;ENSG00000229117;ENSG00000162244;ENSG00000071082;ENSG00000167476;ENSG00000156482;ENSG00000164708;ENSG00000148303;ENSG00000130598;ENSG00000159197;ENSG00000147403;ENSG00000105357;ENSG00000122406;ENSG00000241343;ENSG00000116030;ENSG00000171385;ENSG00000147604"
"GO","GOBP_REGULATION_OF_APOPTOTIC_SIGNALING_PATHWAY",0.00188624527890773,0.0461142708619608,0.45505986738723,-0.338176672062316,-1.42373064627976,360,"ENSG00000254647;ENSG00000149428;ENSG00000051108;ENSG00000168283;ENSG00000175197;ENSG00000082146;ENSG00000110536;ENSG00000167004;ENSG00000172071;ENSG00000158161;ENSG00000135679;ENSG00000070770;ENSG00000101109;ENSG00000100219;ENSG00000121858;ENSG00000101843;ENSG00000107731;ENSG00000183010;ENSG00000185591;ENSG00000073756;ENSG00000116761;ENSG00000056558;ENSG00000126581;ENSG00000185104;ENSG00000162298;ENSG00000114251;ENSG00000064655;ENSG00000154447;ENSG00000148841;ENSG00000142208;ENSG00000180370;ENSG00000143799;ENSG00000112175;ENSG00000100033;ENSG00000157613;ENSG00000185624;ENSG00000157168;ENSG00000196712;ENSG00000137331;ENSG00000149547;ENSG00000083799;ENSG00000171791;ENSG00000132824;ENSG00000166170;ENSG00000006210;ENSG00000101955;ENSG00000099250;ENSG00000003402;ENSG00000154803;ENSG00000085721;ENSG00000135744;ENSG00000115170;ENSG00000048392;ENSG00000106144;ENSG00000142192;ENSG00000153094;ENSG00000163012"
"GO","GOBP_TRANSCRIPTION_ELONGATION_BY_RNA_POLYMERASE_I",0.00190241725582458,0.0463423368936837,0.45505986738723,0.734880379143871,1.8506031119581,16,"ENSG00000177700;ENSG00000163882;ENSG00000171453;ENSG00000100142;ENSG00000104884;ENSG00000105849;ENSG00000272047;ENSG00000099817;ENSG00000117877;ENSG00000066379;ENSG00000147669"
"GO","GOBP_PRESYNAPTIC_ACTIVE_ZONE_ORGANIZATION",0.00192993915730789,0.0468442579687778,0.45505986738723,-0.812400165172595,-1.84711581389522,11,"ENSG00000082805;ENSG00000179915;ENSG00000176406;ENSG00000186472;ENSG00000187672"
"GO","GOCC_CYTOPLASMIC_SIDE_OF_LYSOSOMAL_MEMBRANE",0.00196723159099292,0.0470745312162688,0.431707695803346,0.750341768410789,1.82450166871446,14,"ENSG00000189067;ENSG00000101210;ENSG00000143553;ENSG00000135441;ENSG00000105700"
"GO","GOCC_TELOMERASE_HOLOENZYME_COMPLEX",0.00196423531350154,0.0470745312162688,0.431707695803346,0.659056248957565,1.80845167513934,22,"ENSG00000130826;ENSG00000145912;ENSG00000109534;ENSG00000182117;ENSG00000164362;ENSG00000110958;ENSG00000092199;ENSG00000125835;ENSG00000182004;ENSG00000135372;ENSG00000198952;ENSG00000130119;ENSG00000155858;ENSG00000100028;ENSG00000102977"
"GO","GOBP_SYNCYTIUM_FORMATION",0.00195404758002895,0.0470745312162688,0.431707695803346,0.435329023838353,1.60567224477488,99,"ENSG00000023902;ENSG00000197958;ENSG00000142541;ENSG00000137818;ENSG00000108107;ENSG00000177600;ENSG00000130255;ENSG00000167526;ENSG00000198918;ENSG00000174748;ENSG00000114391;ENSG00000105640;ENSG00000197756;ENSG00000111913;ENSG00000142676;ENSG00000161016;ENSG00000166441;ENSG00000109475;ENSG00000122026;ENSG00000198242;ENSG00000198755;ENSG00000188846;ENSG00000174444;ENSG00000063177;ENSG00000221983;ENSG00000108298;ENSG00000182264;ENSG00000136942;ENSG00000089009;ENSG00000265681;ENSG00000163682;ENSG00000172809;ENSG00000144713;ENSG00000134247;ENSG00000131469;ENSG00000145592;ENSG00000229117;ENSG00000105204;ENSG00000162244;ENSG00000010278;ENSG00000071082;ENSG00000181790;ENSG00000156482;ENSG00000134072;ENSG00000148303;ENSG00000147403;ENSG00000170417;ENSG00000122406;ENSG00000130513;ENSG00000137270;ENSG00000241343"
"GO","GOBP_RESPONSE_TO_PEPTIDE_HORMONE",0.00196330041443289,0.0470745312162688,0.431707695803346,-0.323441980189438,-1.38457973821068,434,"ENSG00000254647;ENSG00000103319;ENSG00000117394;ENSG00000167461;ENSG00000186951;ENSG00000143627;ENSG00000104635;ENSG00000100219;ENSG00000133639;ENSG00000106070;ENSG00000166888;ENSG00000138378;ENSG00000130707;ENSG00000174989;ENSG00000173175;ENSG00000197535;ENSG00000157445;ENSG00000185591;ENSG00000150907;ENSG00000153786;ENSG00000138031;ENSG00000169174;ENSG00000115461;ENSG00000170145;ENSG00000132334;ENSG00000162104;ENSG00000114166;ENSG00000197712;ENSG00000140262;ENSG00000112964;ENSG00000169047;ENSG00000102174;ENSG00000142208;ENSG00000079385;ENSG00000204406;ENSG00000163884;ENSG00000112293;ENSG00000143799;ENSG00000123612;ENSG00000140396;ENSG00000179295;ENSG00000131711;ENSG00000136111;ENSG00000141738;ENSG00000167244;ENSG00000094841;ENSG00000166579;ENSG00000108061;ENSG00000180549;ENSG00000053918;ENSG00000117461;ENSG00000166147;ENSG00000160691;ENSG00000168710;ENSG00000173757;ENSG00000003402;ENSG00000135744;ENSG00000149639;ENSG00000008405;ENSG00000134318;ENSG00000136628;ENSG00000112062;ENSG00000159346;ENSG00000133116;ENSG00000155897;ENSG00000198900;ENSG00000178567;ENSG00000145675;ENSG00000105647;ENSG00000144891;ENSG00000197594;ENSG00000166603;ENSG00000184304;ENSG00000138768;ENSG00000276293;ENSG00000070018;ENSG00000094804;ENSG00000126705;ENSG00000168461;ENSG00000070808;ENSG00000185950;ENSG00000173402;ENSG00000274211;ENSG00000140950;ENSG00000164742;ENSG00000067900;ENSG00000182621;ENSG00000122641;ENSG00000109458;ENSG00000148730;ENSG00000169398;ENSG00000108821;ENSG00000166949;ENSG00000165816;ENSG00000106633;ENSG00000151422;ENSG00000132846;ENSG00000084676;ENSG00000082701;ENSG00000165168;ENSG00000146247;ENSG00000253729;ENSG00000173473;ENSG00000170581;ENSG00000168610;ENSG00000213625;ENSG00000021826;ENSG00000177398;ENSG00000140992;ENSG00000129467;ENSG00000211451;ENSG00000109320;ENSG00000134243;ENSG00000100030;ENSG00000105639;ENSG00000108946;ENSG00000197122;ENSG00000160182;ENSG00000118260;ENSG00000111361;ENSG00000163558;ENSG00000113739;ENSG00000023839;ENSG00000185338;ENSG00000101577;ENSG00000091039;ENSG00000137936;ENSG00000084733;ENSG00000164850;ENSG00000117020;ENSG00000100485;ENSG00000162733;ENSG00000196660;ENSG00000115904;ENSG00000145192;ENSG00000163069;ENSG00000095637;ENSG00000134982;ENSG00000004799;ENSG00000131871;ENSG00000134324;ENSG00000198727;ENSG00000136238;ENSG00000169032;ENSG00000184811;ENSG00000171105;ENSG00000134256;ENSG00000103994;ENSG00000277893;ENSG00000096717;ENSG00000184163;ENSG00000105974;ENSG00000132155;ENSG00000185650;ENSG00000163083;ENSG00000057593;ENSG00000198793"
"GO","GOBP_CONNECTIVE_TISSUE_DEVELOPMENT",0.00201604570668641,0.0480727518509872,0.431707695803346,-0.342984485511151,-1.41680457836941,293,"ENSG00000083720;ENSG00000172071;ENSG00000090863;ENSG00000196739;ENSG00000114739;ENSG00000104635;ENSG00000111186;ENSG00000100219;ENSG00000178573;ENSG00000137573;ENSG00000133104;ENSG00000156427;ENSG00000068078;ENSG00000005513;ENSG00000114251;ENSG00000144320;ENSG00000036828;ENSG00000112964;ENSG00000182158;ENSG00000112293;ENSG00000143799;ENSG00000112175;ENSG00000140396;ENSG00000136378;ENSG00000183688;ENSG00000179295;ENSG00000150347;ENSG00000159167;ENSG00000170962;ENSG00000104331;ENSG00000113196;ENSG00000118263;ENSG00000157212;ENSG00000162998;ENSG00000136110;ENSG00000084073;ENSG00000143797;ENSG00000003402;ENSG00000131873;ENSG00000101096;ENSG00000120451;ENSG00000105664;ENSG00000134245;ENSG00000112414;ENSG00000075391;ENSG00000134013;ENSG00000162510;ENSG00000155850;ENSG00000115380;ENSG00000112062;ENSG00000140718;ENSG00000176624;ENSG00000147408;ENSG00000153162;ENSG00000197461;ENSG00000174483;ENSG00000138669;ENSG00000168779;ENSG00000102678;ENSG00000126705;ENSG00000198832;ENSG00000173402;ENSG00000137770;ENSG00000108821;ENSG00000166949;ENSG00000172819;ENSG00000101493;ENSG00000113658;ENSG00000156466;ENSG00000143365;ENSG00000148516;ENSG00000084676;ENSG00000125398;ENSG00000163273;ENSG00000026508;ENSG00000188157;ENSG00000177398;ENSG00000139567;ENSG00000198171;ENSG00000171509;ENSG00000107779;ENSG00000114378;ENSG00000251493;ENSG00000055917;ENSG00000165915;ENSG00000110693;ENSG00000116985;ENSG00000112033;ENSG00000100596;ENSG00000125124;ENSG00000115966;ENSG00000138696"
"GO","GOBP_CELL_RECOGNITION",0.00202410094208844,0.0480954792274488,0.431707695803346,-0.404579126330881,-1.54282371247074,143,"ENSG00000249715;ENSG00000187800;ENSG00000177103;ENSG00000166402;ENSG00000145242;ENSG00000129116;ENSG00000038427;ENSG00000174469;ENSG00000184349;ENSG00000185008;ENSG00000153132;ENSG00000146072;ENSG00000130270;ENSG00000154134;ENSG00000154928;ENSG00000169855;ENSG00000171587;ENSG00000122852;ENSG00000107099;ENSG00000099250;ENSG00000112902;ENSG00000184374;ENSG00000118432;ENSG00000142192;ENSG00000183715;ENSG00000075711;ENSG00000159674;ENSG00000118004;ENSG00000144619;ENSG00000170571;ENSG00000154654;ENSG00000116106;ENSG00000153266;ENSG00000160007;ENSG00000111859;ENSG00000182985;ENSG00000181754;ENSG00000110651;ENSG00000135077;ENSG00000156642;ENSG00000091129"
"GO","GOBP_REGULATION_OF_LONG_TERM_SYNAPTIC_DEPRESSION",0.00205703883785681,0.0487072273075746,0.431707695803346,-0.749856548819297,-1.83751894118779,15,"ENSG00000152208;ENSG00000102081;ENSG00000158445;ENSG00000124313;ENSG00000102924;ENSG00000155897;ENSG00000142192;ENSG00000040341;ENSG00000156395"
"GO","GOMF_DELAYED_RECTIFIER_POTASSIUM_CHANNEL_ACTIVITY",0.00210242715883997,0.0491991301162192,0.431707695803346,-0.665786242321537,-1.84795079079093,25,"ENSG00000177272;ENSG00000129159;ENSG00000152049;ENSG00000158445;ENSG00000182674;ENSG00000175538;ENSG00000166006;ENSG00000053918;ENSG00000170745;ENSG00000055118;ENSG00000176076"
"GO","GOBP_NEGATIVE_REGULATION_OF_RESPONSE_TO_ENDOPLASMIC_RETICULUM_STRESS",0.00210814393813169,0.0491991301162192,0.431707695803346,-0.536562903908607,-1.73124518989856,51,"ENSG00000044574;ENSG00000149428;ENSG00000051108;ENSG00000100219;ENSG00000128590;ENSG00000111684;ENSG00000162298;ENSG00000142208;ENSG00000157613;ENSG00000164463"
"GO","GOMF_KINASE_INHIBITOR_ACTIVITY",0.00209687053456415,0.0491991301162192,0.431707695803346,-0.443677003345098,-1.60305903024129,98,"ENSG00000044574;ENSG00000102580;ENSG00000166068;ENSG00000197045;ENSG00000071575;ENSG00000162545;ENSG00000005700;ENSG00000164056;ENSG00000114166;ENSG00000122966;ENSG00000148841;ENSG00000142208;ENSG00000124126;ENSG00000113648;ENSG00000198369;ENSG00000128602;ENSG00000137494;ENSG00000197852;ENSG00000131370;ENSG00000135090;ENSG00000168421;ENSG00000198961;ENSG00000070018;ENSG00000162999;ENSG00000176994"
"GO","GOBP_REGULATION_OF_CELL_JUNCTION_ASSEMBLY",0.00210915597070021,0.0491991301162192,0.431707695803346,-0.347523170192924,-1.42027033851771,263,"ENSG00000112139;ENSG00000103319;ENSG00000144847;ENSG00000120509;ENSG00000084636;ENSG00000112715;ENSG00000105245;ENSG00000152767;ENSG00000163347;ENSG00000185924;ENSG00000152208;ENSG00000134909;ENSG00000175928;ENSG00000174469;ENSG00000114251;ENSG00000184349;ENSG00000185008;ENSG00000108684;ENSG00000061337;ENSG00000158856;ENSG00000196369;ENSG00000154928;ENSG00000179915;ENSG00000035403;ENSG00000124313;ENSG00000116473;ENSG00000131711;ENSG00000150760;ENSG00000154096;ENSG00000109756;ENSG00000158258;ENSG00000126500;ENSG00000121871;ENSG00000072832;ENSG00000166159;ENSG00000102924;ENSG00000099250;ENSG00000171943;ENSG00000139174;ENSG00000164741;ENSG00000064042;ENSG00000135905;ENSG00000127603;ENSG00000132670;ENSG00000135744;ENSG00000163629;ENSG00000134318;ENSG00000141668;ENSG00000168137;ENSG00000185565;ENSG00000046653;ENSG00000142192;ENSG00000183715;ENSG00000172260;ENSG00000040341;ENSG00000126778;ENSG00000198728;ENSG00000067900;ENSG00000266028;ENSG00000169398;ENSG00000166949;ENSG00000181754;ENSG00000110881;ENSG00000144824;ENSG00000206560;ENSG00000055163;ENSG00000168758;ENSG00000135298;ENSG00000196358;ENSG00000153707;ENSG00000188157;ENSG00000139567;ENSG00000169306;ENSG00000196083;ENSG00000160716;ENSG00000151148;ENSG00000132481;ENSG00000130234;ENSG00000097007;ENSG00000196189;ENSG00000197122;ENSG00000055917;ENSG00000162951;ENSG00000076716;ENSG00000069329"
"GO","GOBP_CELL_SUBSTRATE_ADHESION",0.00211413863907557,0.0491991301162192,0.431707695803346,-0.334644736736089,-1.40410144030256,343,"ENSG00000179218;ENSG00000152818;ENSG00000138759;ENSG00000213853;ENSG00000115414;ENSG00000152377;ENSG00000084636;ENSG00000101109;ENSG00000157764;ENSG00000112715;ENSG00000138660;ENSG00000151882;ENSG00000091136;ENSG00000129474;ENSG00000101384;ENSG00000158813;ENSG00000156299;ENSG00000184349;ENSG00000137809;ENSG00000171132;ENSG00000150093;ENSG00000149084;ENSG00000164946;ENSG00000204580;ENSG00000140945;ENSG00000158856;ENSG00000117228;ENSG00000185624;ENSG00000154928;ENSG00000124126;ENSG00000035403;ENSG00000127990;ENSG00000106823;ENSG00000196712;ENSG00000150893;ENSG00000150760;ENSG00000154096;ENSG00000198759;ENSG00000171791;ENSG00000243244;ENSG00000006210;ENSG00000099250;ENSG00000131626;ENSG00000164741;ENSG00000064042;ENSG00000127603;ENSG00000132670;ENSG00000134318;ENSG00000082781;ENSG00000169756;ENSG00000196924;ENSG00000046653;ENSG00000145675;ENSG00000143398;ENSG00000153094;ENSG00000138795;ENSG00000168615;ENSG00000152894;ENSG00000087303;ENSG00000132286;ENSG00000173402;ENSG00000198728;ENSG00000147044;ENSG00000111859;ENSG00000067900;ENSG00000171560;ENSG00000138069;ENSG00000266028;ENSG00000103647;ENSG00000169398;ENSG00000108821;ENSG00000119547;ENSG00000166949;ENSG00000165816;ENSG00000151490;ENSG00000213949;ENSG00000151422;ENSG00000183943;ENSG00000144824;ENSG00000130402;ENSG00000155760;ENSG00000206560;ENSG00000162407;ENSG00000102854;ENSG00000082701;ENSG00000086570;ENSG00000026508;ENSG00000147459;ENSG00000099942;ENSG00000166763;ENSG00000196581;ENSG00000153283;ENSG00000110031;ENSG00000139626;ENSG00000139567;ENSG00000143127;ENSG00000173083;ENSG00000139220;ENSG00000097007;ENSG00000166452;ENSG00000115232;ENSG00000197122;ENSG00000132669;ENSG00000146904"
"GO","GOCC_NUCLEAR_ENVELOPE",0.00212724534204222,0.0493346077270887,0.431707695803346,-0.317027242414964,-1.36013220239401,446,"ENSG00000127022;ENSG00000179218;ENSG00000153140;ENSG00000120992;ENSG00000176438;ENSG00000204178;ENSG00000160216;ENSG00000118217;ENSG00000163904;ENSG00000146457;ENSG00000196975;ENSG00000166881;ENSG00000152936;ENSG00000138617;ENSG00000125827;ENSG00000073756;ENSG00000072803;ENSG00000197081;ENSG00000136492;ENSG00000120802;ENSG00000146842;ENSG00000028116;ENSG00000139496;ENSG00000170629;ENSG00000185104;ENSG00000174106;ENSG00000178607;ENSG00000138336;ENSG00000141458;ENSG00000058063;ENSG00000148841;ENSG00000144224;ENSG00000153132;ENSG00000134255;ENSG00000070882;ENSG00000214717;ENSG00000165632;ENSG00000007168;ENSG00000165802;ENSG00000143799;ENSG00000147649;ENSG00000150995;ENSG00000179915;ENSG00000173744;ENSG00000143476;ENSG00000177932;ENSG00000136770;ENSG00000120253;ENSG00000155561;ENSG00000147894;ENSG00000151883;ENSG00000149547;ENSG00000004468;ENSG00000171791;ENSG00000131018;ENSG00000189362;ENSG00000213714;ENSG00000198929;ENSG00000101868;ENSG00000084073;ENSG00000102043;ENSG00000259956;ENSG00000139174;ENSG00000108506;ENSG00000173273;ENSG00000139505;ENSG00000165973;ENSG00000143801;ENSG00000128266;ENSG00000142192;ENSG00000111224;ENSG00000155085;ENSG00000112851;ENSG00000143418;ENSG00000170385;ENSG00000126106;ENSG00000198700;ENSG00000138669;ENSG00000124789;ENSG00000130227;ENSG00000115561;ENSG00000067798;ENSG00000198113;ENSG00000176619;ENSG00000040341;ENSG00000170214;ENSG00000131979;ENSG00000213918;ENSG00000147044;ENSG00000151320;ENSG00000182621;ENSG00000163625;ENSG00000161217;ENSG00000138315;ENSG00000166949;ENSG00000126883;ENSG00000165661;ENSG00000030066;ENSG00000136193;ENSG00000070081;ENSG00000082996;ENSG00000162775;ENSG00000086475;ENSG00000119392;ENSG00000153207;ENSG00000095209;ENSG00000165168;ENSG00000123374;ENSG00000256060;ENSG00000118816;ENSG00000184575;ENSG00000205578;ENSG00000113368;ENSG00000134243;ENSG00000130724;ENSG00000097007;ENSG00000164197;ENSG00000198873;ENSG00000113569;ENSG00000110713;ENSG00000164054;ENSG00000108375;ENSG00000126804;ENSG00000096433;ENSG00000136153;ENSG00000164744;ENSG00000136478;ENSG00000091039;ENSG00000040933;ENSG00000109084;ENSG00000258366;ENSG00000164850;ENSG00000132182;ENSG00000128340;ENSG00000021574;ENSG00000156052;ENSG00000169629;ENSG00000101945;ENSG00000102900;ENSG00000205339;ENSG00000095319;ENSG00000189077;ENSG00000124103;ENSG00000054654;ENSG00000163288;ENSG00000134324"
"KEGG","KEGG_RIBOSOME",5.56928009194652e-22,1.03031681701011e-19,1.21254456769062,0.781095784150005,2.81910443679286,87,"ENSG00000163584;ENSG00000177954;ENSG00000143947;ENSG00000233927;ENSG00000083845;ENSG00000197958;ENSG00000142541;ENSG00000170889;ENSG00000112306;ENSG00000137818;ENSG00000124614;ENSG00000108107;ENSG00000177600;ENSG00000105372;ENSG00000130255;ENSG00000167526;ENSG00000213741;ENSG00000198918;ENSG00000174748;ENSG00000149273;ENSG00000105193;ENSG00000114391;ENSG00000105640;ENSG00000168028;ENSG00000197756;ENSG00000186468;ENSG00000142676;ENSG00000161016;ENSG00000166441;ENSG00000231500;ENSG00000109475;ENSG00000138326;ENSG00000145425;ENSG00000165502;ENSG00000118181;ENSG00000115268;ENSG00000122026;ENSG00000198242;ENSG00000198755;ENSG00000149806;ENSG00000188846;ENSG00000110700;ENSG00000174444;ENSG00000063177;ENSG00000198034;ENSG00000221983;ENSG00000197728;ENSG00000108298;ENSG00000136942;ENSG00000100316;ENSG00000182774;ENSG00000172172;ENSG00000089009;ENSG00000265681;ENSG00000163682;ENSG00000134419;ENSG00000129824;ENSG00000172809;ENSG00000144713;ENSG00000140988;ENSG00000171863;ENSG00000142937;ENSG00000008988;ENSG00000131469;ENSG00000145592;ENSG00000229117;ENSG00000162244;ENSG00000071082;ENSG00000142534;ENSG00000156482;ENSG00000148303;ENSG00000147403;ENSG00000171858;ENSG00000122406;ENSG00000241343"
"KEGG","KEGG_PARKINSONS_DISEASE",2.72588306598805e-15,2.52144183603895e-13,1.00731795687447,0.641095880165951,2.45058916547184,127,"ENSG00000145335;ENSG00000115317;ENSG00000189043;ENSG00000154277;ENSG00000183648;ENSG00000267855;ENSG00000152234;ENSG00000154723;ENSG00000241837;ENSG00000165646;ENSG00000099624;ENSG00000184702;ENSG00000164919;ENSG00000178741;ENSG00000158828;ENSG00000131143;ENSG00000160087;ENSG00000178127;ENSG00000169021;ENSG00000213619;ENSG00000184076;ENSG00000166136;ENSG00000160194;ENSG00000110717;ENSG00000164258;ENSG00000130414;ENSG00000156587;ENSG00000188906;ENSG00000145494;ENSG00000090266;ENSG00000140990;ENSG00000099795;ENSG00000124172;ENSG00000139180;ENSG00000179091;ENSG00000151729;ENSG00000142319;ENSG00000170906;ENSG00000116288;ENSG00000147684;ENSG00000159199;ENSG00000126267;ENSG00000233954;ENSG00000167792;ENSG00000111775;ENSG00000112695;ENSG00000010256;ENSG00000117118;ENSG00000127540;ENSG00000131495;ENSG00000116459;ENSG00000173660;ENSG00000110955;ENSG00000168653;ENSG00000165637;ENSG00000127184;ENSG00000164405;ENSG00000135940;ENSG00000115286;ENSG00000151366;ENSG00000109390;ENSG00000170315;ENSG00000135390;ENSG00000004779;ENSG00000073578;ENSG00000140740;ENSG00000119421;ENSG00000156467;ENSG00000130985;ENSG00000184983;ENSG00000078668;ENSG00000131174;ENSG00000125356;ENSG00000132388;ENSG00000165629;ENSG00000176340;ENSG00000132906;ENSG00000065518;ENSG00000005022"
"KEGG","KEGG_OXIDATIVE_PHOSPHORYLATION",4.07025720836417e-12,2.5099919451579e-10,0.887074988399873,0.605919748192819,2.32162936066681,129,"ENSG00000189043;ENSG00000183648;ENSG00000267855;ENSG00000152234;ENSG00000154723;ENSG00000241837;ENSG00000006695;ENSG00000099624;ENSG00000164919;ENSG00000241468;ENSG00000178741;ENSG00000131143;ENSG00000178127;ENSG00000169021;ENSG00000213619;ENSG00000184076;ENSG00000166136;ENSG00000160194;ENSG00000110717;ENSG00000164258;ENSG00000130414;ENSG00000174886;ENSG00000145494;ENSG00000090266;ENSG00000140990;ENSG00000099795;ENSG00000124172;ENSG00000139180;ENSG00000169020;ENSG00000128524;ENSG00000179091;ENSG00000170906;ENSG00000147684;ENSG00000159199;ENSG00000126267;ENSG00000233954;ENSG00000167792;ENSG00000111775;ENSG00000112695;ENSG00000010256;ENSG00000117118;ENSG00000127540;ENSG00000131495;ENSG00000116459;ENSG00000173660;ENSG00000138495;ENSG00000185883;ENSG00000110955;ENSG00000168653;ENSG00000180817;ENSG00000127184;ENSG00000164405;ENSG00000135940;ENSG00000115286;ENSG00000151366;ENSG00000047249;ENSG00000109390;ENSG00000135390;ENSG00000167283;ENSG00000004779;ENSG00000171130;ENSG00000073578;ENSG00000140740;ENSG00000119421;ENSG00000156467;ENSG00000184983;ENSG00000138777;ENSG00000131174;ENSG00000125356;ENSG00000165629;ENSG00000176340;ENSG00000117410;ENSG00000065518"
"KEGG","KEGG_HUNTINGTONS_DISEASE",2.07776377858301e-09,9.60965747594644e-08,0.774939030136436,0.508790041512931,2.02849010589495,177,"ENSG00000189043;ENSG00000177700;ENSG00000233276;ENSG00000183648;ENSG00000183020;ENSG00000267855;ENSG00000204843;ENSG00000152234;ENSG00000163882;ENSG00000154723;ENSG00000241837;ENSG00000099624;ENSG00000164919;ENSG00000178741;ENSG00000131143;ENSG00000178127;ENSG00000169021;ENSG00000100246;ENSG00000213619;ENSG00000184076;ENSG00000166136;ENSG00000160194;ENSG00000100142;ENSG00000070371;ENSG00000110717;ENSG00000164258;ENSG00000130414;ENSG00000101333;ENSG00000145494;ENSG00000090266;ENSG00000042753;ENSG00000140990;ENSG00000099795;ENSG00000124172;ENSG00000139180;ENSG00000179091;ENSG00000151729;ENSG00000170906;ENSG00000109424;ENSG00000161203;ENSG00000147684;ENSG00000176884;ENSG00000159199;ENSG00000175416;ENSG00000126267;ENSG00000233954;ENSG00000167792;ENSG00000111775;ENSG00000112695;ENSG00000122705;ENSG00000010256;ENSG00000117118;ENSG00000127540;ENSG00000131495;ENSG00000116459;ENSG00000173660;ENSG00000105327;ENSG00000087088;ENSG00000110955;ENSG00000168653;ENSG00000165637;ENSG00000127184;ENSG00000164405;ENSG00000135940;ENSG00000115286;ENSG00000151366;ENSG00000142168;ENSG00000105258;ENSG00000228049;ENSG00000109390;ENSG00000168002;ENSG00000099817;ENSG00000135390;ENSG00000004779;ENSG00000073578;ENSG00000140740;ENSG00000119421;ENSG00000156467;ENSG00000184983;ENSG00000078668;ENSG00000005075;ENSG00000131174;ENSG00000125356;ENSG00000165629;ENSG00000176340;ENSG00000132906;ENSG00000065518;ENSG00000005022;ENSG00000168255;ENSG00000106459;ENSG00000173805;ENSG00000147669"
"KEGG","KEGG_PROTEASOME",2.14150886715806e-07,7.92358280848481e-06,0.690132458796796,0.704918203920742,2.22161700075703,42,"ENSG00000205220;ENSG00000100804;ENSG00000136930;ENSG00000277791;ENSG00000087191;ENSG00000041357;ENSG00000008018;ENSG00000185627;ENSG00000100911;ENSG00000100764;ENSG00000101182;ENSG00000126067;ENSG00000103035;ENSG00000204264;ENSG00000132963;ENSG00000159352;ENSG00000142507;ENSG00000106588;ENSG00000165916;ENSG00000099341;ENSG00000197170;ENSG00000100519;ENSG00000115233;ENSG00000127922;ENSG00000159377"
"KEGG","KEGG_ALZHEIMERS_DISEASE",1.2633429558091e-05,0.000389530744707806,0.593325476396405,0.452761299097492,1.78394848895886,159,"ENSG00000161509;ENSG00000145335;ENSG00000189043;ENSG00000183648;ENSG00000267855;ENSG00000152234;ENSG00000102001;ENSG00000102882;ENSG00000154723;ENSG00000241837;ENSG00000160014;ENSG00000099624;ENSG00000164919;ENSG00000178741;ENSG00000131143;ENSG00000178127;ENSG00000169021;ENSG00000213619;ENSG00000184076;ENSG00000166136;ENSG00000160194;ENSG00000110717;ENSG00000164258;ENSG00000130414;ENSG00000101333;ENSG00000169885;ENSG00000145494;ENSG00000090266;ENSG00000140990;ENSG00000099795;ENSG00000124172;ENSG00000139180;ENSG00000179091;ENSG00000205155;ENSG00000072506;ENSG00000074370;ENSG00000166313;ENSG00000170906;ENSG00000147684;ENSG00000176884;ENSG00000159199;ENSG00000126267;ENSG00000233954;ENSG00000167792;ENSG00000111775;ENSG00000112695;ENSG00000164885;ENSG00000010256;ENSG00000117118;ENSG00000127540;ENSG00000131495;ENSG00000116459;ENSG00000173660;ENSG00000111640;ENSG00000186868;ENSG00000110955;ENSG00000168653;ENSG00000127184;ENSG00000164405;ENSG00000135940;ENSG00000115286;ENSG00000151366;ENSG00000014216;ENSG00000109390;ENSG00000135390;ENSG00000004779;ENSG00000073578;ENSG00000140740;ENSG00000119421;ENSG00000156467;ENSG00000015475;ENSG00000184983;ENSG00000131174;ENSG00000168040;ENSG00000125356;ENSG00000138814;ENSG00000165629;ENSG00000176340;ENSG00000132906;ENSG00000065518"
"KEGG","KEGG_JAK_STAT_SIGNALING_PATHWAY",2.84496678109006e-05,0.000751884077859515,0.575610261071129,-0.491110131162401,-1.82599354772443,120,"ENSG00000166068;ENSG00000141506;ENSG00000116678;ENSG00000166888;ENSG00000138378;ENSG00000110324;ENSG00000005339;ENSG00000115705;ENSG00000115145;ENSG00000114737;ENSG00000164056;ENSG00000112964;ENSG00000142208;ENSG00000122756;ENSG00000198369;ENSG00000179295;ENSG00000123496;ENSG00000162594;ENSG00000117461;ENSG00000173757;ENSG00000081985;ENSG00000145675;ENSG00000105647;ENSG00000142677;ENSG00000274211;ENSG00000114423;ENSG00000117400;ENSG00000113594;ENSG00000159110;ENSG00000100393;ENSG00000242689;ENSG00000170581;ENSG00000168610;ENSG00000131788;ENSG00000105639;ENSG00000175505;ENSG00000134352;ENSG00000185338;ENSG00000164136;ENSG00000117020;ENSG00000100485;ENSG00000115904;ENSG00000110944;ENSG00000104432"
"KEGG","KEGG_N_GLYCAN_BIOSYNTHESIS",0.000263614850308725,0.00609609341338926,0.49849310876659,-0.598737601532544,-1.89225419037589,46,"ENSG00000134910;ENSG00000089597;ENSG00000163527;ENSG00000071073;ENSG00000163902;ENSG00000175548;ENSG00000244038;ENSG00000196547;ENSG00000253710;ENSG00000167130;ENSG00000112893;ENSG00000172269;ENSG00000086848;ENSG00000139133;ENSG00000120697;ENSG00000033170;ENSG00000182858;ENSG00000198162;ENSG00000119523;ENSG00000033011;ENSG00000111885;ENSG00000104723;ENSG00000117643;ENSG00000086062;ENSG00000118705;ENSG00000167889;ENSG00000159063;ENSG00000088035;ENSG00000073849"
"KEGG","KEGG_PROSTATE_CANCER",0.00101378013170635,0.0199924953280375,0.45505986738723,-0.479308992449415,-1.69759509524278,87,"ENSG00000254647;ENSG00000166598;ENSG00000135679;ENSG00000157764;ENSG00000141506;ENSG00000150907;ENSG00000005339;ENSG00000182158;ENSG00000142208;ENSG00000157613;ENSG00000171791;ENSG00000170962;ENSG00000117461;ENSG00000213281;ENSG00000197461;ENSG00000145675;ENSG00000105647;ENSG00000138795;ENSG00000100393;ENSG00000082701;ENSG00000123374;ENSG00000140992;ENSG00000109320;ENSG00000100030;ENSG00000007968;ENSG00000118260;ENSG00000141510;ENSG00000117020;ENSG00000100485;ENSG00000115904;ENSG00000213341;ENSG00000169032;ENSG00000277893;ENSG00000132155;ENSG00000060566;ENSG00000198793"
"KEGG","KEGG_PATHWAYS_IN_CANCER",0.00108067542313716,0.0199924953280375,0.45505986738723,-0.353502903250598,-1.4690895061732,309,"ENSG00000166598;ENSG00000145604;ENSG00000125952;ENSG00000117394;ENSG00000135679;ENSG00000115414;ENSG00000175029;ENSG00000101109;ENSG00000157764;ENSG00000111186;ENSG00000141506;ENSG00000112715;ENSG00000053747;ENSG00000160271;ENSG00000114354;ENSG00000091136;ENSG00000156427;ENSG00000073756;ENSG00000150907;ENSG00000131323;ENSG00000005339;ENSG00000056558;ENSG00000101680;ENSG00000068078;ENSG00000114251;ENSG00000105976;ENSG00000150093;ENSG00000142208;ENSG00000196730;ENSG00000139618;ENSG00000107643;ENSG00000128602;ENSG00000085276;ENSG00000171791;ENSG00000117461;ENSG00000173757;ENSG00000134245;ENSG00000165197;ENSG00000245848;ENSG00000113318;ENSG00000213281;ENSG00000197461;ENSG00000145675;ENSG00000105647;ENSG00000172379;ENSG00000138795;ENSG00000077150;ENSG00000102678;ENSG00000144118;ENSG00000081052;ENSG00000197565;ENSG00000187498;ENSG00000114423;ENSG00000141646;ENSG00000196569;ENSG00000075651;ENSG00000169398;ENSG00000166949;ENSG00000138675;ENSG00000155760;ENSG00000100393;ENSG00000116016;ENSG00000082701;ENSG00000123374;ENSG00000168610;ENSG00000099942;ENSG00000095002;ENSG00000131788;ENSG00000266412;ENSG00000109320;ENSG00000100030;ENSG00000097007;ENSG00000007968;ENSG00000076242;ENSG00000141510;ENSG00000112033;ENSG00000169429;ENSG00000196878;ENSG00000110330;ENSG00000128340;ENSG00000117020;ENSG00000100485;ENSG00000163482;ENSG00000115904;ENSG00000213341;ENSG00000134982;ENSG00000134871"
"KEGG","KEGG_RNA_POLYMERASE",0.00265396954510855,0.0446349423495529,0.431707695803346,0.595392934100414,1.7419291933772,29,"ENSG00000177700;ENSG00000163882;ENSG00000171453;ENSG00000113356;ENSG00000161980;ENSG00000100142;ENSG00000168495;ENSG00000105258;ENSG00000228049;ENSG00000168002;ENSG00000099817;ENSG00000121851;ENSG00000100413;ENSG00000066379;ENSG00000005075;ENSG00000168255;ENSG00000147669"
"REACTOME","REACTOME_TRANSLATION",3.88293073272598e-32,5.48269819460908e-29,1.47456250139425,0.599084555061643,2.58379533434835,368,"ENSG00000166902;ENSG00000101210;ENSG00000102738;ENSG00000143374;ENSG00000115211;ENSG00000162910;ENSG00000163584;ENSG00000125445;ENSG00000177954;ENSG00000178952;ENSG00000181610;ENSG00000214026;ENSG00000062582;ENSG00000100804;ENSG00000104835;ENSG00000136930;ENSG00000144029;ENSG00000143947;ENSG00000096080;ENSG00000108826;ENSG00000143436;ENSG00000233927;ENSG00000141002;ENSG00000161960;ENSG00000143314;ENSG00000277791;ENSG00000083845;ENSG00000171421;ENSG00000197958;ENSG00000170445;ENSG00000142541;ENSG00000061794;ENSG00000175756;ENSG00000170889;ENSG00000112306;ENSG00000137818;ENSG00000262814;ENSG00000124614;ENSG00000108107;ENSG00000087191;ENSG00000177600;ENSG00000105372;ENSG00000133706;ENSG00000041357;ENSG00000008018;ENSG00000185627;ENSG00000130255;ENSG00000167526;ENSG00000105364;ENSG00000175390;ENSG00000132591;ENSG00000070010;ENSG00000112031;ENSG00000167862;ENSG00000213741;ENSG00000134001;ENSG00000100764;ENSG00000242485;ENSG00000145191;ENSG00000198918;ENSG00000174748;ENSG00000149273;ENSG00000172590;ENSG00000070756;ENSG00000179271;ENSG00000134056;ENSG00000111639;ENSG00000105193;ENSG00000114391;ENSG00000183617;ENSG00000101182;ENSG00000105640;ENSG00000168028;ENSG00000130706;ENSG00000116221;ENSG00000259494;ENSG00000126067;ENSG00000204316;ENSG00000197756;ENSG00000186468;ENSG00000137547;ENSG00000142676;ENSG00000161016;ENSG00000116120;ENSG00000106591;ENSG00000103035;ENSG00000166441;ENSG00000204822;ENSG00000155463;ENSG00000137411;ENSG00000231500;ENSG00000104529;ENSG00000109475;ENSG00000138326;ENSG00000114902;ENSG00000145425;ENSG00000156928;ENSG00000169288;ENSG00000165502;ENSG00000118181;ENSG00000115268;ENSG00000122026;ENSG00000103671;ENSG00000103707;ENSG00000198242;ENSG00000185608;ENSG00000198755;ENSG00000149806;ENSG00000163319;ENSG00000188846;ENSG00000065427;ENSG00000110700;ENSG00000174444;ENSG00000063177;ENSG00000198034;ENSG00000114686;ENSG00000221983;ENSG00000114942;ENSG00000197728;ENSG00000164587;ENSG00000108298;ENSG00000106263;ENSG00000136942;ENSG00000130312;ENSG00000243927;ENSG00000104131;ENSG00000084623;ENSG00000100387;ENSG00000142507;ENSG00000106588;ENSG00000165916;ENSG00000099341;ENSG00000074071;ENSG00000158042;ENSG00000182154;ENSG00000100316;ENSG00000174547;ENSG00000182774;ENSG00000172172;ENSG00000089009;ENSG00000265681;ENSG00000100325;ENSG00000197170;ENSG00000187840;ENSG00000163682;ENSG00000124608;ENSG00000204394;ENSG00000090263;ENSG00000134419;ENSG00000129824;ENSG00000172809;ENSG00000179115;ENSG00000144713;ENSG00000140988;ENSG00000182180;ENSG00000171863;ENSG00000128626;ENSG00000158417;ENSG00000100519;ENSG00000116898;ENSG00000103363;ENSG00000180817;ENSG00000142937;ENSG00000180992;ENSG00000008988;ENSG00000149100;ENSG00000131469;ENSG00000132432;ENSG00000116874;ENSG00000130811;ENSG00000145592;ENSG00000132676;ENSG00000106305;ENSG00000229117;ENSG00000109332;ENSG00000162244;ENSG00000125901;ENSG00000071082;ENSG00000142534;ENSG00000156482;ENSG00000167962;ENSG00000170315;ENSG00000115233;ENSG00000163516;ENSG00000148303;ENSG00000070785;ENSG00000197345;ENSG00000135900;ENSG00000127922;ENSG00000147403;ENSG00000171858;ENSG00000159377;ENSG00000122406;ENSG00000178982;ENSG00000241343;ENSG00000180879;ENSG00000112651;ENSG00000086504;ENSG00000004779;ENSG00000189369;ENSG00000147604;ENSG00000172586;ENSG00000147586;ENSG00000175110;ENSG00000136522;ENSG00000123297;ENSG00000164062;ENSG00000211459;ENSG00000136897;ENSG00000243147;ENSG00000138777;ENSG00000173692;ENSG00000100567;ENSG00000150991;ENSG00000173141;ENSG00000147677;ENSG00000159111;ENSG00000181991;ENSG00000148187;ENSG00000072401;ENSG00000198015;ENSG00000100353;ENSG00000182899;ENSG00000161970"
"REACTOME","REACTOME_RRNA_PROCESSING",6.33098630274599e-29,4.46967632973867e-26,1.39518713415833,0.674847540841116,2.75067616308261,210,"ENSG00000120800;ENSG00000071462;ENSG00000108592;ENSG00000163584;ENSG00000167112;ENSG00000177954;ENSG00000143947;ENSG00000130826;ENSG00000278053;ENSG00000278619;ENSG00000233927;ENSG00000138442;ENSG00000227057;ENSG00000083845;ENSG00000189306;ENSG00000197958;ENSG00000124541;ENSG00000142541;ENSG00000170889;ENSG00000112306;ENSG00000137818;ENSG00000126749;ENSG00000124614;ENSG00000108107;ENSG00000261236;ENSG00000177600;ENSG00000105372;ENSG00000130255;ENSG00000100138;ENSG00000167526;ENSG00000160214;ENSG00000112578;ENSG00000241370;ENSG00000156990;ENSG00000213741;ENSG00000198918;ENSG00000100029;ENSG00000174748;ENSG00000105671;ENSG00000149273;ENSG00000145912;ENSG00000130713;ENSG00000124784;ENSG00000105193;ENSG00000141456;ENSG00000114391;ENSG00000101361;ENSG00000167721;ENSG00000105640;ENSG00000168028;ENSG00000183751;ENSG00000197756;ENSG00000186468;ENSG00000142676;ENSG00000161016;ENSG00000111641;ENSG00000171824;ENSG00000114767;ENSG00000241945;ENSG00000166441;ENSG00000006744;ENSG00000231500;ENSG00000109475;ENSG00000138326;ENSG00000072506;ENSG00000145425;ENSG00000165502;ENSG00000118181;ENSG00000109534;ENSG00000115268;ENSG00000165271;ENSG00000122026;ENSG00000198242;ENSG00000198755;ENSG00000149806;ENSG00000184967;ENSG00000188846;ENSG00000110700;ENSG00000174444;ENSG00000063177;ENSG00000198034;ENSG00000221983;ENSG00000183520;ENSG00000162408;ENSG00000197728;ENSG00000077348;ENSG00000164587;ENSG00000150990;ENSG00000108298;ENSG00000136942;ENSG00000182117;ENSG00000115053;ENSG00000100316;ENSG00000120158;ENSG00000182774;ENSG00000135521;ENSG00000089009;ENSG00000265681;ENSG00000163682;ENSG00000115946;ENSG00000134419;ENSG00000129824;ENSG00000172809;ENSG00000144713;ENSG00000140988;ENSG00000007520;ENSG00000178896;ENSG00000171863;ENSG00000086189;ENSG00000156697;ENSG00000142937;ENSG00000065268;ENSG00000008988;ENSG00000131469;ENSG00000145592;ENSG00000229117;ENSG00000162244;ENSG00000071082;ENSG00000142534;ENSG00000156482;ENSG00000163684;ENSG00000108651;ENSG00000274523;ENSG00000165526;ENSG00000148303;ENSG00000147403;ENSG00000171858;ENSG00000122406;ENSG00000171861;ENSG00000241343;ENSG00000141076;ENSG00000117395;ENSG00000147604;ENSG00000165733;ENSG00000130935;ENSG00000075914;ENSG00000211459;ENSG00000124787;ENSG00000178718;ENSG00000087269;ENSG00000011260;ENSG00000122687;ENSG00000135372;ENSG00000182899;ENSG00000001497;ENSG00000055044;ENSG00000161970;ENSG00000105202;ENSG00000137154;ENSG00000156469;ENSG00000197223;ENSG00000029639;ENSG00000173113;ENSG00000124383"
"REACTOME","REACTOME_RIBOSOME_ASSOCIATED_QUALITY_CONTROL",1.72545470887934e-26,8.12114016312544e-24,1.33449749081658,0.723140654030424,2.81262744728106,143,"ENSG00000163584;ENSG00000177954;ENSG00000100804;ENSG00000136930;ENSG00000143947;ENSG00000233927;ENSG00000141002;ENSG00000277791;ENSG00000083845;ENSG00000197958;ENSG00000142541;ENSG00000170889;ENSG00000112306;ENSG00000137818;ENSG00000124614;ENSG00000108107;ENSG00000087191;ENSG00000177600;ENSG00000105372;ENSG00000041357;ENSG00000008018;ENSG00000185627;ENSG00000130255;ENSG00000167526;ENSG00000070010;ENSG00000213741;ENSG00000100764;ENSG00000198918;ENSG00000174748;ENSG00000149273;ENSG00000105193;ENSG00000114391;ENSG00000101182;ENSG00000105640;ENSG00000168028;ENSG00000130706;ENSG00000126067;ENSG00000197756;ENSG00000186468;ENSG00000142676;ENSG00000161016;ENSG00000103035;ENSG00000166441;ENSG00000231500;ENSG00000109475;ENSG00000138326;ENSG00000145425;ENSG00000165502;ENSG00000118181;ENSG00000115268;ENSG00000122026;ENSG00000103671;ENSG00000198242;ENSG00000198755;ENSG00000149806;ENSG00000188846;ENSG00000110700;ENSG00000174444;ENSG00000063177;ENSG00000198034;ENSG00000221983;ENSG00000197728;ENSG00000164587;ENSG00000108298;ENSG00000136942;ENSG00000100387;ENSG00000142507;ENSG00000106588;ENSG00000165916;ENSG00000099341;ENSG00000100316;ENSG00000182774;ENSG00000089009;ENSG00000265681;ENSG00000100325;ENSG00000197170;ENSG00000163682;ENSG00000134419;ENSG00000129824;ENSG00000172809;ENSG00000144713;ENSG00000140988;ENSG00000171863;ENSG00000100519;ENSG00000103363;ENSG00000142937;ENSG00000008988;ENSG00000131469;ENSG00000145592;ENSG00000229117;ENSG00000109332;ENSG00000162244;ENSG00000071082;ENSG00000142534;ENSG00000156482;ENSG00000167962;ENSG00000170315;ENSG00000115233;ENSG00000163516;ENSG00000148303;ENSG00000127922;ENSG00000147403;ENSG00000171858;ENSG00000159377;ENSG00000122406;ENSG00000241343"
"REACTOME","REACTOME_EUKARYOTIC_TRANSLATION_INITIATION",1.90440415897031e-24,6.7225466811652e-22,1.27903397725049,0.739584983835924,2.79928168681934,118,"ENSG00000115211;ENSG00000163584;ENSG00000177954;ENSG00000143947;ENSG00000233927;ENSG00000161960;ENSG00000083845;ENSG00000197958;ENSG00000142541;ENSG00000170889;ENSG00000112306;ENSG00000137818;ENSG00000124614;ENSG00000108107;ENSG00000177600;ENSG00000105372;ENSG00000130255;ENSG00000167526;ENSG00000175390;ENSG00000213741;ENSG00000134001;ENSG00000145191;ENSG00000198918;ENSG00000174748;ENSG00000149273;ENSG00000070756;ENSG00000105193;ENSG00000114391;ENSG00000105640;ENSG00000168028;ENSG00000197756;ENSG00000186468;ENSG00000142676;ENSG00000161016;ENSG00000166441;ENSG00000231500;ENSG00000109475;ENSG00000138326;ENSG00000145425;ENSG00000165502;ENSG00000118181;ENSG00000115268;ENSG00000122026;ENSG00000198242;ENSG00000198755;ENSG00000149806;ENSG00000188846;ENSG00000110700;ENSG00000174444;ENSG00000063177;ENSG00000198034;ENSG00000221983;ENSG00000197728;ENSG00000164587;ENSG00000108298;ENSG00000106263;ENSG00000136942;ENSG00000104131;ENSG00000084623;ENSG00000100316;ENSG00000182774;ENSG00000089009;ENSG00000265681;ENSG00000187840;ENSG00000163682;ENSG00000134419;ENSG00000129824;ENSG00000172809;ENSG00000144713;ENSG00000140988;ENSG00000171863;ENSG00000158417;ENSG00000142937;ENSG00000008988;ENSG00000149100;ENSG00000131469;ENSG00000130811;ENSG00000145592;ENSG00000229117;ENSG00000162244;ENSG00000071082;ENSG00000142534;ENSG00000156482;ENSG00000148303;ENSG00000070785;ENSG00000147403;ENSG00000171858;ENSG00000122406;ENSG00000178982;ENSG00000241343"
"REACTOME","REACTOME_EUKARYOTIC_TRANSLATION_ELONGATION",3.76596882087302e-22,1.06350959501454e-19,1.22105375677186,0.771417234622321,2.81007599329386,92,"ENSG00000101210;ENSG00000163584;ENSG00000177954;ENSG00000143947;ENSG00000233927;ENSG00000083845;ENSG00000197958;ENSG00000142541;ENSG00000170889;ENSG00000112306;ENSG00000137818;ENSG00000124614;ENSG00000108107;ENSG00000177600;ENSG00000105372;ENSG00000130255;ENSG00000167526;ENSG00000213741;ENSG00000198918;ENSG00000174748;ENSG00000149273;ENSG00000105193;ENSG00000114391;ENSG00000105640;ENSG00000168028;ENSG00000197756;ENSG00000186468;ENSG00000142676;ENSG00000161016;ENSG00000166441;ENSG00000231500;ENSG00000104529;ENSG00000109475;ENSG00000138326;ENSG00000145425;ENSG00000165502;ENSG00000118181;ENSG00000115268;ENSG00000122026;ENSG00000198242;ENSG00000198755;ENSG00000149806;ENSG00000188846;ENSG00000110700;ENSG00000174444;ENSG00000063177;ENSG00000198034;ENSG00000221983;ENSG00000114942;ENSG00000197728;ENSG00000164587;ENSG00000108298;ENSG00000136942;ENSG00000100316;ENSG00000182774;ENSG00000089009;ENSG00000265681;ENSG00000163682;ENSG00000134419;ENSG00000129824;ENSG00000172809;ENSG00000144713;ENSG00000140988;ENSG00000171863;ENSG00000142937;ENSG00000008988;ENSG00000131469;ENSG00000145592;ENSG00000229117;ENSG00000162244;ENSG00000071082;ENSG00000142534;ENSG00000156482;ENSG00000148303;ENSG00000147403;ENSG00000171858;ENSG00000122406;ENSG00000241343"
"REACTOME","REACTOME_REGULATION_OF_EXPRESSION_OF_SLITS_AND_ROBOS",1.57338076793756e-21,3.70268940721306e-19,1.20397524075264,0.674823392450774,2.65296095189175,156,"ENSG00000163584;ENSG00000177954;ENSG00000100804;ENSG00000136930;ENSG00000143947;ENSG00000233927;ENSG00000187122;ENSG00000277791;ENSG00000083845;ENSG00000197958;ENSG00000142541;ENSG00000170889;ENSG00000112306;ENSG00000137818;ENSG00000124614;ENSG00000108107;ENSG00000087191;ENSG00000177600;ENSG00000105372;ENSG00000041357;ENSG00000008018;ENSG00000185627;ENSG00000130255;ENSG00000167526;ENSG00000213741;ENSG00000100764;ENSG00000198918;ENSG00000174748;ENSG00000149273;ENSG00000070756;ENSG00000105193;ENSG00000114391;ENSG00000101182;ENSG00000105640;ENSG00000168028;ENSG00000130706;ENSG00000126067;ENSG00000197756;ENSG00000186468;ENSG00000141543;ENSG00000142676;ENSG00000161016;ENSG00000103035;ENSG00000166441;ENSG00000231500;ENSG00000109475;ENSG00000138326;ENSG00000145425;ENSG00000165502;ENSG00000118181;ENSG00000115268;ENSG00000122026;ENSG00000198242;ENSG00000198755;ENSG00000149806;ENSG00000188846;ENSG00000110700;ENSG00000174444;ENSG00000063177;ENSG00000198034;ENSG00000221983;ENSG00000197728;ENSG00000164587;ENSG00000108298;ENSG00000136942;ENSG00000143355;ENSG00000100387;ENSG00000142507;ENSG00000106588;ENSG00000165916;ENSG00000099341;ENSG00000100316;ENSG00000182774;ENSG00000089009;ENSG00000265681;ENSG00000197170;ENSG00000163682;ENSG00000134419;ENSG00000129824;ENSG00000172809;ENSG00000144713;ENSG00000140988;ENSG00000169062;ENSG00000171863;ENSG00000100519;ENSG00000103363;ENSG00000142937;ENSG00000008988;ENSG00000131469;ENSG00000145592;ENSG00000229117;ENSG00000162244;ENSG00000071082;ENSG00000142534;ENSG00000156482;ENSG00000170315;ENSG00000115233;ENSG00000148303;ENSG00000145147;ENSG00000127922;ENSG00000147403;ENSG00000171858;ENSG00000159377;ENSG00000122406;ENSG00000241343;ENSG00000162385"
"REACTOME","REACTOME_NONSENSE_MEDIATED_DECAY_NMD",3.14452126144533e-21,6.34294860165829e-19,1.19534448258848,0.720076510816673,2.70877908235421,114,"ENSG00000163584;ENSG00000177954;ENSG00000143947;ENSG00000233927;ENSG00000083845;ENSG00000197958;ENSG00000142541;ENSG00000170889;ENSG00000112306;ENSG00000137818;ENSG00000124614;ENSG00000108107;ENSG00000177600;ENSG00000105372;ENSG00000130255;ENSG00000167526;ENSG00000213741;ENSG00000198918;ENSG00000174748;ENSG00000149273;ENSG00000070756;ENSG00000105193;ENSG00000114391;ENSG00000105640;ENSG00000168028;ENSG00000197756;ENSG00000186468;ENSG00000141543;ENSG00000142676;ENSG00000161016;ENSG00000166441;ENSG00000231500;ENSG00000109475;ENSG00000138326;ENSG00000145425;ENSG00000165502;ENSG00000118181;ENSG00000115268;ENSG00000122026;ENSG00000198242;ENSG00000198755;ENSG00000149806;ENSG00000188846;ENSG00000110700;ENSG00000174444;ENSG00000063177;ENSG00000198034;ENSG00000221983;ENSG00000197728;ENSG00000164587;ENSG00000108298;ENSG00000136942;ENSG00000100316;ENSG00000182774;ENSG00000089009;ENSG00000265681;ENSG00000163682;ENSG00000134419;ENSG00000129824;ENSG00000172809;ENSG00000144713;ENSG00000113575;ENSG00000140988;ENSG00000169062;ENSG00000171863;ENSG00000142937;ENSG00000008988;ENSG00000131469;ENSG00000145592;ENSG00000229117;ENSG00000162244;ENSG00000105568;ENSG00000071082;ENSG00000142534;ENSG00000156482;ENSG00000148303;ENSG00000147403;ENSG00000171858;ENSG00000122406;ENSG00000241343;ENSG00000162385;ENSG00000189369;ENSG00000147604"
"REACTOME","REACTOME_SELENOAMINO_ACID_METABOLISM",2.98495285851288e-19,5.26844179527523e-17,1.13308993200902,0.704021678776589,2.65282269109341,115,"ENSG00000160200;ENSG00000163584;ENSG00000177954;ENSG00000151224;ENSG00000143947;ENSG00000233927;ENSG00000083845;ENSG00000197958;ENSG00000142541;ENSG00000101444;ENSG00000170889;ENSG00000112306;ENSG00000137818;ENSG00000124614;ENSG00000108107;ENSG00000177600;ENSG00000105372;ENSG00000133706;ENSG00000130255;ENSG00000167526;ENSG00000213741;ENSG00000198918;ENSG00000174748;ENSG00000149273;ENSG00000105193;ENSG00000114391;ENSG00000105640;ENSG00000168028;ENSG00000197756;ENSG00000186468;ENSG00000142676;ENSG00000161016;ENSG00000166441;ENSG00000231500;ENSG00000109475;ENSG00000138326;ENSG00000145425;ENSG00000165502;ENSG00000118181;ENSG00000115268;ENSG00000179988;ENSG00000122026;ENSG00000198242;ENSG00000198755;ENSG00000149806;ENSG00000188846;ENSG00000065427;ENSG00000110700;ENSG00000174444;ENSG00000063177;ENSG00000198034;ENSG00000221983;ENSG00000197728;ENSG00000164587;ENSG00000108298;ENSG00000136942;ENSG00000100316;ENSG00000182774;ENSG00000089009;ENSG00000265681;ENSG00000163682;ENSG00000134419;ENSG00000129824;ENSG00000172809;ENSG00000144713;ENSG00000132330;ENSG00000140988;ENSG00000171863;ENSG00000142937;ENSG00000008988;ENSG00000131469;ENSG00000145592;ENSG00000106305;ENSG00000229117;ENSG00000162244;ENSG00000071082;ENSG00000142534;ENSG00000156482;ENSG00000148303;ENSG00000147403;ENSG00000171858;ENSG00000122406;ENSG00000241343"
"REACTOME","REACTOME_SIGNALING_BY_ROBO_RECEPTORS",7.16851005360658e-18,1.12465957729917e-15,1.0864405425825,0.596354559275273,2.41982275848811,201,"ENSG00000108518;ENSG00000163584;ENSG00000177954;ENSG00000100804;ENSG00000136930;ENSG00000143947;ENSG00000233927;ENSG00000187122;ENSG00000277791;ENSG00000083845;ENSG00000197958;ENSG00000142541;ENSG00000170889;ENSG00000112306;ENSG00000137818;ENSG00000124614;ENSG00000108107;ENSG00000087191;ENSG00000177600;ENSG00000105372;ENSG00000125753;ENSG00000137843;ENSG00000041357;ENSG00000008018;ENSG00000185627;ENSG00000130255;ENSG00000167526;ENSG00000213741;ENSG00000100764;ENSG00000198918;ENSG00000174748;ENSG00000149273;ENSG00000070756;ENSG00000105193;ENSG00000114391;ENSG00000101182;ENSG00000105640;ENSG00000107562;ENSG00000168028;ENSG00000130706;ENSG00000126067;ENSG00000197756;ENSG00000186468;ENSG00000141543;ENSG00000142676;ENSG00000147799;ENSG00000161016;ENSG00000103035;ENSG00000166441;ENSG00000231500;ENSG00000109475;ENSG00000138326;ENSG00000145425;ENSG00000165502;ENSG00000118181;ENSG00000115268;ENSG00000122026;ENSG00000198242;ENSG00000198755;ENSG00000149806;ENSG00000188846;ENSG00000110700;ENSG00000174444;ENSG00000063177;ENSG00000198034;ENSG00000221983;ENSG00000197728;ENSG00000164587;ENSG00000108298;ENSG00000136942;ENSG00000143355;ENSG00000100387;ENSG00000142507;ENSG00000106588;ENSG00000165916;ENSG00000099341;ENSG00000196405;ENSG00000100316;ENSG00000182774;ENSG00000089009;ENSG00000265681;ENSG00000197170;ENSG00000163682;ENSG00000149269;ENSG00000134419;ENSG00000129824;ENSG00000172809;ENSG00000144713;ENSG00000140988;ENSG00000169062;ENSG00000171863;ENSG00000100519;ENSG00000103363;ENSG00000142937;ENSG00000008988;ENSG00000131469;ENSG00000145592;ENSG00000229117;ENSG00000162244;ENSG00000071082;ENSG00000142534;ENSG00000156482;ENSG00000170315;ENSG00000115233;ENSG00000148303;ENSG00000145147;ENSG00000127922;ENSG00000147403;ENSG00000171858;ENSG00000159377;ENSG00000122406;ENSG00000241343;ENSG00000162385;ENSG00000196220;ENSG00000189369;ENSG00000147604"
"REACTOME","REACTOME_METABOLISM_OF_AMINO_ACIDS_AND_DERIVATIVES",1.96372794521112e-17,2.7727838586381e-15,1.07686819261983,0.508020309433431,2.1770866627918,345,"ENSG00000088826;ENSG00000223572;ENSG00000130005;ENSG00000160200;ENSG00000203797;ENSG00000105552;ENSG00000237289;ENSG00000141744;ENSG00000151552;ENSG00000162174;ENSG00000111181;ENSG00000163584;ENSG00000177954;ENSG00000151224;ENSG00000135423;ENSG00000100804;ENSG00000136930;ENSG00000128311;ENSG00000143947;ENSG00000151498;ENSG00000100348;ENSG00000233927;ENSG00000277791;ENSG00000198130;ENSG00000083845;ENSG00000181019;ENSG00000197958;ENSG00000142541;ENSG00000101444;ENSG00000166165;ENSG00000170889;ENSG00000112306;ENSG00000137818;ENSG00000124614;ENSG00000108107;ENSG00000087191;ENSG00000175309;ENSG00000177600;ENSG00000105372;ENSG00000133706;ENSG00000041357;ENSG00000008018;ENSG00000185627;ENSG00000130255;ENSG00000167526;ENSG00000178445;ENSG00000116649;ENSG00000149089;ENSG00000130821;ENSG00000213741;ENSG00000100764;ENSG00000198918;ENSG00000174748;ENSG00000104524;ENSG00000149273;ENSG00000124523;ENSG00000134056;ENSG00000103316;ENSG00000105193;ENSG00000114391;ENSG00000105755;ENSG00000101182;ENSG00000105640;ENSG00000168028;ENSG00000130706;ENSG00000126067;ENSG00000197756;ENSG00000186468;ENSG00000142676;ENSG00000179761;ENSG00000161016;ENSG00000139531;ENSG00000103035;ENSG00000132840;ENSG00000153406;ENSG00000166441;ENSG00000231500;ENSG00000109475;ENSG00000138326;ENSG00000072506;ENSG00000145425;ENSG00000165502;ENSG00000118181;ENSG00000115268;ENSG00000179988;ENSG00000132541;ENSG00000122026;ENSG00000198242;ENSG00000198755;ENSG00000149806;ENSG00000181915;ENSG00000188846;ENSG00000139344;ENSG00000065427;ENSG00000110700;ENSG00000174444;ENSG00000099810;ENSG00000063177;ENSG00000198034;ENSG00000221983;ENSG00000197728;ENSG00000164587;ENSG00000132437;ENSG00000108298;ENSG00000136942;ENSG00000183077;ENSG00000142507;ENSG00000106588;ENSG00000165916;ENSG00000099341;ENSG00000100316;ENSG00000182774;ENSG00000089009;ENSG00000265681;ENSG00000140287;ENSG00000197170;ENSG00000163682;ENSG00000164175;ENSG00000134419;ENSG00000129824;ENSG00000103507;ENSG00000172809;ENSG00000171097;ENSG00000144713;ENSG00000132330;ENSG00000140988;ENSG00000171863;ENSG00000101323;ENSG00000139631;ENSG00000100519;ENSG00000142937;ENSG00000008988;ENSG00000127884;ENSG00000131469;ENSG00000145592;ENSG00000106305;ENSG00000162882;ENSG00000164300;ENSG00000229117;ENSG00000162244;ENSG00000065154;ENSG00000104904;ENSG00000071082;ENSG00000183048;ENSG00000142534;ENSG00000156482;ENSG00000080166;ENSG00000128309;ENSG00000120053;ENSG00000115233;ENSG00000148303;ENSG00000148832;ENSG00000129596;ENSG00000127922;ENSG00000147403;ENSG00000171858;ENSG00000159377;ENSG00000122406"
"REACTOME","REACTOME_RESPIRATORY_ELECTRON_TRANSPORT",6.9785102890248e-16,8.95786957100274e-14,1.02766987054358,0.616125327874714,2.42220881616594,157,"ENSG00000189043;ENSG00000224877;ENSG00000183648;ENSG00000105341;ENSG00000267855;ENSG00000171503;ENSG00000127838;ENSG00000186010;ENSG00000164919;ENSG00000137288;ENSG00000178449;ENSG00000178741;ENSG00000250317;ENSG00000131143;ENSG00000178127;ENSG00000169021;ENSG00000213619;ENSG00000184076;ENSG00000166136;ENSG00000160194;ENSG00000108528;ENSG00000074582;ENSG00000168569;ENSG00000110717;ENSG00000130159;ENSG00000164258;ENSG00000130414;ENSG00000174886;ENSG00000145494;ENSG00000090266;ENSG00000140990;ENSG00000099795;ENSG00000168273;ENSG00000139180;ENSG00000126602;ENSG00000179091;ENSG00000155463;ENSG00000170906;ENSG00000147684;ENSG00000147123;ENSG00000204954;ENSG00000126267;ENSG00000233954;ENSG00000214113;ENSG00000167792;ENSG00000100209;ENSG00000137806;ENSG00000111775;ENSG00000112695;ENSG00000010256;ENSG00000117118;ENSG00000113013;ENSG00000127540;ENSG00000178057;ENSG00000131495;ENSG00000146701;ENSG00000173660;ENSG00000183978;ENSG00000138495;ENSG00000136003;ENSG00000004961;ENSG00000146066;ENSG00000133983;ENSG00000168653;ENSG00000127184;ENSG00000164405;ENSG00000135940;ENSG00000115286;ENSG00000151366;ENSG00000109390;ENSG00000120053;ENSG00000184752;ENSG00000204922;ENSG00000140374;ENSG00000123545;ENSG00000229833;ENSG00000004779;ENSG00000073578;ENSG00000136463;ENSG00000140740;ENSG00000119421;ENSG00000156467;ENSG00000184983;ENSG00000101247;ENSG00000164182;ENSG00000156170;ENSG00000144120;ENSG00000131174;ENSG00000125356;ENSG00000113845;ENSG00000176340;ENSG00000065518;ENSG00000148290;ENSG00000171202"
"REACTOME","REACTOME_MITOCHONDRIAL_TRANSLATION_ELONGATION",7.97093895511787e-16,9.37913817052203e-14,1.02766987054358,0.713306870476216,2.5842181261763,89,"ENSG00000166902;ENSG00000102738;ENSG00000162910;ENSG00000125445;ENSG00000178952;ENSG00000181610;ENSG00000214026;ENSG00000062582;ENSG00000144029;ENSG00000096080;ENSG00000108826;ENSG00000143436;ENSG00000143314;ENSG00000171421;ENSG00000061794;ENSG00000175756;ENSG00000262814;ENSG00000105364;ENSG00000132591;ENSG00000167862;ENSG00000242485;ENSG00000172590;ENSG00000179271;ENSG00000134056;ENSG00000111639;ENSG00000183617;ENSG00000116221;ENSG00000259494;ENSG00000204316;ENSG00000137547;ENSG00000106591;ENSG00000204822;ENSG00000155463;ENSG00000169288;ENSG00000185608;ENSG00000163319;ENSG00000114686;ENSG00000130312;ENSG00000243927;ENSG00000074071;ENSG00000158042;ENSG00000182154;ENSG00000174547;ENSG00000172172;ENSG00000090263;ENSG00000182180;ENSG00000128626;ENSG00000116898;ENSG00000180992;ENSG00000132676;ENSG00000125901;ENSG00000197345;ENSG00000135900;ENSG00000112651;ENSG00000086504;ENSG00000172586;ENSG00000147586;ENSG00000175110;ENSG00000136522;ENSG00000123297;ENSG00000211459;ENSG00000136897;ENSG00000243147;ENSG00000173141;ENSG00000159111;ENSG00000181991;ENSG00000198015"
"REACTOME","REACTOME_MITOCHONDRIAL_TRANSLATION",9.97413940713573e-16,1.08334498791351e-13,1.01754479730988,0.664170124955422,2.49847080772486,114,"ENSG00000166902;ENSG00000102738;ENSG00000162910;ENSG00000125445;ENSG00000178952;ENSG00000181610;ENSG00000214026;ENSG00000062582;ENSG00000144029;ENSG00000096080;ENSG00000108826;ENSG00000143436;ENSG00000143314;ENSG00000171421;ENSG00000061794;ENSG00000175756;ENSG00000262814;ENSG00000105364;ENSG00000132591;ENSG00000112031;ENSG00000167862;ENSG00000242485;ENSG00000172590;ENSG00000179271;ENSG00000134056;ENSG00000111639;ENSG00000183617;ENSG00000116221;ENSG00000259494;ENSG00000204316;ENSG00000137547;ENSG00000106591;ENSG00000204822;ENSG00000155463;ENSG00000156928;ENSG00000169288;ENSG00000103707;ENSG00000185608;ENSG00000163319;ENSG00000114686;ENSG00000130312;ENSG00000243927;ENSG00000074071;ENSG00000158042;ENSG00000182154;ENSG00000174547;ENSG00000172172;ENSG00000090263;ENSG00000182180;ENSG00000128626;ENSG00000116898;ENSG00000180992;ENSG00000132676;ENSG00000125901;ENSG00000197345;ENSG00000135900;ENSG00000112651;ENSG00000086504;ENSG00000004779;ENSG00000172586;ENSG00000147586;ENSG00000175110;ENSG00000136522;ENSG00000123297;ENSG00000211459;ENSG00000136897;ENSG00000243147;ENSG00000173141;ENSG00000159111;ENSG00000181991;ENSG00000148187;ENSG00000198015"
"REACTOME","REACTOME_RIBOSOME_QUALITY_CONTROL_RQC_COMPLEX_EXTRACTS_AND_DEGRADES_NASCENT_PEPTIDE",1.89317156648377e-15,1.90939875133934e-13,1.00731795687447,0.688587743614716,2.55229426404119,102,"ENSG00000163584;ENSG00000100804;ENSG00000136930;ENSG00000143947;ENSG00000141002;ENSG00000277791;ENSG00000197958;ENSG00000142541;ENSG00000137818;ENSG00000108107;ENSG00000087191;ENSG00000177600;ENSG00000041357;ENSG00000008018;ENSG00000185627;ENSG00000130255;ENSG00000167526;ENSG00000070010;ENSG00000100764;ENSG00000198918;ENSG00000174748;ENSG00000114391;ENSG00000101182;ENSG00000105640;ENSG00000130706;ENSG00000126067;ENSG00000197756;ENSG00000142676;ENSG00000161016;ENSG00000103035;ENSG00000166441;ENSG00000109475;ENSG00000165502;ENSG00000122026;ENSG00000198242;ENSG00000198755;ENSG00000188846;ENSG00000174444;ENSG00000063177;ENSG00000221983;ENSG00000108298;ENSG00000136942;ENSG00000100387;ENSG00000142507;ENSG00000106588;ENSG00000165916;ENSG00000099341;ENSG00000100316;ENSG00000089009;ENSG00000265681;ENSG00000197170;ENSG00000163682;ENSG00000172809;ENSG00000144713;ENSG00000100519;ENSG00000103363;ENSG00000131469;ENSG00000145592;ENSG00000229117;ENSG00000162244;ENSG00000071082;ENSG00000156482;ENSG00000170315;ENSG00000115233;ENSG00000163516;ENSG00000148303;ENSG00000127922;ENSG00000147403;ENSG00000159377;ENSG00000122406;ENSG00000241343"
"REACTOME","REACTOME_AEROBIC_RESPIRATION_AND_RESPIRATORY_ELECTRON_TRANSPORT",7.99399062420689e-15,7.52500984092008e-13,0.986546283587582,0.529081721025862,2.20072260532913,258,"ENSG00000175567;ENSG00000067225;ENSG00000189043;ENSG00000224877;ENSG00000183648;ENSG00000105341;ENSG00000267855;ENSG00000152234;ENSG00000100412;ENSG00000101365;ENSG00000171503;ENSG00000143947;ENSG00000154723;ENSG00000241837;ENSG00000127838;ENSG00000186010;ENSG00000099624;ENSG00000164919;ENSG00000241468;ENSG00000137288;ENSG00000178449;ENSG00000111716;ENSG00000178741;ENSG00000250317;ENSG00000168291;ENSG00000131143;ENSG00000178127;ENSG00000169021;ENSG00000134056;ENSG00000213619;ENSG00000184076;ENSG00000166136;ENSG00000160194;ENSG00000108528;ENSG00000205138;ENSG00000074582;ENSG00000168569;ENSG00000110717;ENSG00000130159;ENSG00000164258;ENSG00000130414;ENSG00000174886;ENSG00000145494;ENSG00000090266;ENSG00000140990;ENSG00000099795;ENSG00000168273;ENSG00000124172;ENSG00000139180;ENSG00000169020;ENSG00000126602;ENSG00000179091;ENSG00000151729;ENSG00000155463;ENSG00000170906;ENSG00000109424;ENSG00000147684;ENSG00000167985;ENSG00000147123;ENSG00000159199;ENSG00000204954;ENSG00000126267;ENSG00000233954;ENSG00000214113;ENSG00000167792;ENSG00000221983;ENSG00000100209;ENSG00000137806;ENSG00000111775;ENSG00000112695;ENSG00000010256;ENSG00000117118;ENSG00000113013;ENSG00000127540;ENSG00000005882;ENSG00000178057;ENSG00000131495;ENSG00000146701;ENSG00000116459;ENSG00000173660;ENSG00000183978;ENSG00000138495;ENSG00000065833;ENSG00000136003;ENSG00000004961;ENSG00000180902;ENSG00000110955;ENSG00000146066;ENSG00000133983;ENSG00000168653;ENSG00000127184;ENSG00000125375;ENSG00000164405;ENSG00000135940;ENSG00000115286;ENSG00000151366;ENSG00000156411;ENSG00000162877;ENSG00000109390;ENSG00000170315;ENSG00000120053;ENSG00000184752;ENSG00000204922;ENSG00000135390;ENSG00000167283;ENSG00000140374;ENSG00000123545;ENSG00000091483;ENSG00000229833;ENSG00000004779;ENSG00000073578;ENSG00000110435;ENSG00000136463;ENSG00000140740;ENSG00000154079;ENSG00000119421;ENSG00000156467;ENSG00000063854;ENSG00000184983;ENSG00000101247;ENSG00000164182;ENSG00000156170;ENSG00000144120;ENSG00000114098;ENSG00000131174;ENSG00000125356;ENSG00000150991;ENSG00000165629;ENSG00000113845;ENSG00000176340;ENSG00000180185;ENSG00000065518;ENSG00000148290;ENSG00000171202;ENSG00000100577;ENSG00000075239;ENSG00000091140"
"REACTOME","REACTOME_RESPONSE_OF_EIF2AK4_GCN2_TO_AMINO_ACID_DEFICIENCY",1.81842503562179e-14,1.60476009393623e-12,0.97599468306432,0.679066218634798,2.50709388232769,100,"ENSG00000163584;ENSG00000177954;ENSG00000143947;ENSG00000233927;ENSG00000083845;ENSG00000197958;ENSG00000142541;ENSG00000170889;ENSG00000112306;ENSG00000137818;ENSG00000124614;ENSG00000108107;ENSG00000177600;ENSG00000105372;ENSG00000130255;ENSG00000167526;ENSG00000213741;ENSG00000134001;ENSG00000198918;ENSG00000174748;ENSG00000149273;ENSG00000105193;ENSG00000114391;ENSG00000105640;ENSG00000168028;ENSG00000197756;ENSG00000186468;ENSG00000142676;ENSG00000161016;ENSG00000166441;ENSG00000231500;ENSG00000109475;ENSG00000138326;ENSG00000145425;ENSG00000165502;ENSG00000118181;ENSG00000115268;ENSG00000122026;ENSG00000198242;ENSG00000198755;ENSG00000149806;ENSG00000188846;ENSG00000110700;ENSG00000174444;ENSG00000063177;ENSG00000198034;ENSG00000221983;ENSG00000197728;ENSG00000164587;ENSG00000108298;ENSG00000136942;ENSG00000100316;ENSG00000182774;ENSG00000089009;ENSG00000265681;ENSG00000163682;ENSG00000134419;ENSG00000129824;ENSG00000172809;ENSG00000144713;ENSG00000140988;ENSG00000171863;ENSG00000142937;ENSG00000008988;ENSG00000131469;ENSG00000145592;ENSG00000229117;ENSG00000162244;ENSG00000071082;ENSG00000142534;ENSG00000156482;ENSG00000162772;ENSG00000148303;ENSG00000147403;ENSG00000171858;ENSG00000122406;ENSG00000241343"
"REACTOME","REACTOME_ACTIVATION_OF_THE_MRNA_UPON_BINDING_OF_THE_CAP_BINDING_COMPLEX_AND_EIFS_AND_SUBSEQUENT_BINDING_TO_43S",1.26940385747762e-12,1.05435190985789e-10,0.910119734774459,0.754198462105329,2.5435187096216,59,"ENSG00000177954;ENSG00000143947;ENSG00000233927;ENSG00000161960;ENSG00000083845;ENSG00000170889;ENSG00000112306;ENSG00000124614;ENSG00000105372;ENSG00000175390;ENSG00000213741;ENSG00000134001;ENSG00000149273;ENSG00000070756;ENSG00000105193;ENSG00000168028;ENSG00000186468;ENSG00000231500;ENSG00000138326;ENSG00000145425;ENSG00000118181;ENSG00000115268;ENSG00000149806;ENSG00000110700;ENSG00000198034;ENSG00000197728;ENSG00000164587;ENSG00000106263;ENSG00000104131;ENSG00000084623;ENSG00000182774;ENSG00000187840;ENSG00000134419;ENSG00000129824;ENSG00000140988;ENSG00000171863;ENSG00000142937;ENSG00000008988;ENSG00000149100;ENSG00000130811;ENSG00000142534;ENSG00000171858;ENSG00000178982"
"REACTOME","REACTOME_INFLUENZA_VIRAL_RNA_TRANSCRIPTION_AND_REPLICATION",2.38579421472974e-12,1.87152301733244e-10,0.898671232061694,0.597090192184611,2.30233992664001,135,"ENSG00000177700;ENSG00000163584;ENSG00000177954;ENSG00000143947;ENSG00000163882;ENSG00000233927;ENSG00000083845;ENSG00000197958;ENSG00000142541;ENSG00000170889;ENSG00000112306;ENSG00000137818;ENSG00000124614;ENSG00000108107;ENSG00000177600;ENSG00000105372;ENSG00000130255;ENSG00000167526;ENSG00000213741;ENSG00000198918;ENSG00000174748;ENSG00000149273;ENSG00000105193;ENSG00000114391;ENSG00000100142;ENSG00000132463;ENSG00000105640;ENSG00000168028;ENSG00000197756;ENSG00000080824;ENSG00000186468;ENSG00000142676;ENSG00000161016;ENSG00000166441;ENSG00000231500;ENSG00000109475;ENSG00000138326;ENSG00000145425;ENSG00000165502;ENSG00000118181;ENSG00000115268;ENSG00000122026;ENSG00000198242;ENSG00000198755;ENSG00000149806;ENSG00000188846;ENSG00000110700;ENSG00000174444;ENSG00000063177;ENSG00000198034;ENSG00000221983;ENSG00000197728;ENSG00000164587;ENSG00000108298;ENSG00000136942;ENSG00000100316;ENSG00000125651;ENSG00000182774;ENSG00000089009;ENSG00000265681;ENSG00000163682;ENSG00000134419;ENSG00000129824;ENSG00000172809;ENSG00000144713;ENSG00000140988;ENSG00000171863;ENSG00000142937;ENSG00000008988;ENSG00000131469;ENSG00000145592;ENSG00000229117;ENSG00000105258;ENSG00000162244;ENSG00000071082;ENSG00000142534;ENSG00000156482;ENSG00000168002;ENSG00000148303;ENSG00000099817;ENSG00000147403;ENSG00000171858;ENSG00000122406;ENSG00000241343"
"REACTOME","REACTOME_SARS_COV_1_MODULATES_HOST_TRANSLATION_MACHINERY",9.15472171829201e-12,6.80340371906754e-10,0.875325132024659,0.828819039727541,2.54583208072984,36,"ENSG00000177954;ENSG00000143947;ENSG00000233927;ENSG00000083845;ENSG00000170889;ENSG00000112306;ENSG00000124614;ENSG00000105372;ENSG00000213741;ENSG00000149273;ENSG00000105193;ENSG00000168028;ENSG00000186468;ENSG00000231500;ENSG00000138326;ENSG00000145425;ENSG00000118181;ENSG00000115268;ENSG00000149806;ENSG00000110700;ENSG00000198034;ENSG00000197728;ENSG00000164587;ENSG00000182774;ENSG00000134419;ENSG00000129824;ENSG00000140988;ENSG00000171863;ENSG00000142937;ENSG00000008988;ENSG00000142534;ENSG00000171858"
"REACTOME","REACTOME_SRP_DEPENDENT_COTRANSLATIONAL_PROTEIN_TARGETING_TO_MEMBRANE",2.21151622659677e-11,1.56133045597732e-09,0.863415391606693,0.614355432814273,2.30341849629293,111,"ENSG00000163584;ENSG00000177954;ENSG00000143947;ENSG00000233927;ENSG00000083845;ENSG00000197958;ENSG00000142541;ENSG00000170889;ENSG00000112306;ENSG00000137818;ENSG00000124614;ENSG00000108107;ENSG00000177600;ENSG00000105372;ENSG00000130255;ENSG00000167526;ENSG00000213741;ENSG00000198918;ENSG00000174748;ENSG00000149273;ENSG00000105193;ENSG00000114391;ENSG00000105640;ENSG00000168028;ENSG00000197756;ENSG00000186468;ENSG00000142676;ENSG00000161016;ENSG00000166441;ENSG00000231500;ENSG00000109475;ENSG00000138326;ENSG00000114902;ENSG00000145425;ENSG00000165502;ENSG00000118181;ENSG00000115268;ENSG00000122026;ENSG00000198242;ENSG00000198755;ENSG00000149806;ENSG00000188846;ENSG00000110700;ENSG00000174444;ENSG00000063177;ENSG00000198034;ENSG00000221983;ENSG00000197728;ENSG00000164587;ENSG00000108298;ENSG00000136942;ENSG00000100316;ENSG00000182774;ENSG00000089009;ENSG00000265681;ENSG00000163682;ENSG00000134419;ENSG00000129824;ENSG00000172809;ENSG00000144713;ENSG00000140988;ENSG00000171863;ENSG00000142937;ENSG00000008988;ENSG00000131469;ENSG00000132432;ENSG00000145592;ENSG00000229117;ENSG00000162244;ENSG00000071082;ENSG00000142534;ENSG00000156482;ENSG00000148303;ENSG00000147403;ENSG00000171858;ENSG00000122406;ENSG00000241343;ENSG00000180879"
"REACTOME","REACTOME_CELLULAR_RESPONSE_TO_STARVATION",6.37061002251705e-11,4.28347683418765e-09,0.839088935621274,0.558232954090677,2.19231522917141,155,"ENSG00000163584;ENSG00000177954;ENSG00000143947;ENSG00000233927;ENSG00000118162;ENSG00000188186;ENSG00000083845;ENSG00000197958;ENSG00000142541;ENSG00000170889;ENSG00000112306;ENSG00000137818;ENSG00000124614;ENSG00000108107;ENSG00000177600;ENSG00000105372;ENSG00000130766;ENSG00000130255;ENSG00000167526;ENSG00000213741;ENSG00000134001;ENSG00000198918;ENSG00000174748;ENSG00000149273;ENSG00000105193;ENSG00000114391;ENSG00000105640;ENSG00000168028;ENSG00000197756;ENSG00000186468;ENSG00000142676;ENSG00000161016;ENSG00000174206;ENSG00000128524;ENSG00000166441;ENSG00000231500;ENSG00000109475;ENSG00000116586;ENSG00000138326;ENSG00000145425;ENSG00000165502;ENSG00000118181;ENSG00000115268;ENSG00000103091;ENSG00000122026;ENSG00000198242;ENSG00000198755;ENSG00000149806;ENSG00000149357;ENSG00000188846;ENSG00000110700;ENSG00000174444;ENSG00000063177;ENSG00000198034;ENSG00000221983;ENSG00000197728;ENSG00000164587;ENSG00000080546;ENSG00000108298;ENSG00000136942;ENSG00000100316;ENSG00000182774;ENSG00000089009;ENSG00000265681;ENSG00000163682;ENSG00000134419;ENSG00000129824;ENSG00000172809;ENSG00000144713;ENSG00000140988;ENSG00000185883;ENSG00000171863;ENSG00000142937;ENSG00000008988;ENSG00000131469;ENSG00000145592;ENSG00000229117;ENSG00000162244;ENSG00000047249;ENSG00000071082;ENSG00000142534;ENSG00000156482;ENSG00000162772;ENSG00000148303;ENSG00000147403;ENSG00000171858;ENSG00000122406;ENSG00000241343"
"REACTOME","REACTOME_UNFOLDED_PROTEIN_RESPONSE_UPR",1.33591723446199e-10,8.57415970481966e-09,0.826657301178302,-0.6632063734994,-2.37463512011549,92,"ENSG00000044574;ENSG00000149428;ENSG00000051108;ENSG00000166598;ENSG00000102580;ENSG00000143870;ENSG00000090520;ENSG00000175197;ENSG00000179218;ENSG00000172795;ENSG00000172071;ENSG00000134109;ENSG00000118217;ENSG00000100219;ENSG00000128590;ENSG00000124783;ENSG00000100196;ENSG00000001167;ENSG00000162298;ENSG00000178607;ENSG00000172216;ENSG00000138674;ENSG00000182158;ENSG00000157613;ENSG00000198380;ENSG00000153879;ENSG00000164463;ENSG00000160691;ENSG00000065485"
"REACTOME","REACTOME_SARS_COV_2_MODULATES_HOST_TRANSLATION_MACHINERY",2.12224240510485e-10,1.30287229391654e-08,0.826657301178302,0.738306403918673,2.41616230381452,50,"ENSG00000142252;ENSG00000177954;ENSG00000143947;ENSG00000233927;ENSG00000083845;ENSG00000170889;ENSG00000112306;ENSG00000124614;ENSG00000105372;ENSG00000213741;ENSG00000149273;ENSG00000105193;ENSG00000168028;ENSG00000186468;ENSG00000231500;ENSG00000138326;ENSG00000145425;ENSG00000118181;ENSG00000115268;ENSG00000149806;ENSG00000110700;ENSG00000198034;ENSG00000197728;ENSG00000164587;ENSG00000182774;ENSG00000134419;ENSG00000129824;ENSG00000140988;ENSG00000171863;ENSG00000143977;ENSG00000142937;ENSG00000008988;ENSG00000125743;ENSG00000142534;ENSG00000179409;ENSG00000171858;ENSG00000172062;ENSG00000125835;ENSG00000182004;ENSG00000092208;ENSG00000137154;ENSG00000100028;ENSG00000152147"
"REACTOME","REACTOME_RRNA_MODIFICATION_IN_THE_NUCLEUS_AND_CYTOSOL",4.94902213460862e-10,2.91167468919474e-08,0.801215574617779,0.702558827027188,2.37717545021921,60,"ENSG00000120800;ENSG00000071462;ENSG00000130826;ENSG00000278053;ENSG00000227057;ENSG00000189306;ENSG00000124541;ENSG00000170889;ENSG00000126749;ENSG00000100138;ENSG00000105671;ENSG00000145912;ENSG00000101361;ENSG00000183751;ENSG00000111641;ENSG00000114767;ENSG00000241945;ENSG00000109534;ENSG00000165271;ENSG00000184967;ENSG00000183520;ENSG00000164587;ENSG00000150990;ENSG00000182117;ENSG00000120158;ENSG00000115946;ENSG00000140988;ENSG00000007520;ENSG00000171863;ENSG00000086189;ENSG00000156697;ENSG00000108651;ENSG00000141076;ENSG00000165733;ENSG00000130935;ENSG00000087269;ENSG00000011260;ENSG00000135372;ENSG00000055044;ENSG00000105202;ENSG00000137154;ENSG00000173113;ENSG00000124383"
"REACTOME","REACTOME_ASPARAGINE_N_LINKED_GLYCOSYLATION",3.56567754762127e-09,2.01389467889649e-07,0.774939030136436,-0.45816706011067,-1.8961029744614,305,"ENSG00000254647;ENSG00000127022;ENSG00000179218;ENSG00000134910;ENSG00000167004;ENSG00000145495;ENSG00000136731;ENSG00000071537;ENSG00000102158;ENSG00000110917;ENSG00000086598;ENSG00000008513;ENSG00000134109;ENSG00000072849;ENSG00000089597;ENSG00000170348;ENSG00000135506;ENSG00000163527;ENSG00000071073;ENSG00000170191;ENSG00000163902;ENSG00000118276;ENSG00000136240;ENSG00000114354;ENSG00000117143;ENSG00000100196;ENSG00000198856;ENSG00000134970;ENSG00000175548;ENSG00000114270;ENSG00000100934;ENSG00000101162;ENSG00000244038;ENSG00000162298;ENSG00000196547;ENSG00000138674;ENSG00000204099;ENSG00000136152;ENSG00000164597;ENSG00000115306;ENSG00000253710;ENSG00000095380;ENSG00000130175;ENSG00000176014;ENSG00000116489;ENSG00000136874;ENSG00000167130;ENSG00000198380;ENSG00000136986;ENSG00000150961;ENSG00000112893;ENSG00000110075;ENSG00000185010;ENSG00000122218;ENSG00000172269;ENSG00000173230;ENSG00000158623;ENSG00000086848;ENSG00000119414;ENSG00000154305;ENSG00000117069;ENSG00000139133;ENSG00000165280;ENSG00000131459;ENSG00000095139;ENSG00000120697;ENSG00000033170;ENSG00000160218;ENSG00000133103;ENSG00000182858;ENSG00000138768;ENSG00000198162;ENSG00000104833;ENSG00000184432;ENSG00000172469;ENSG00000013375;ENSG00000143761;ENSG00000173898;ENSG00000180398;ENSG00000159921;ENSG00000119523;ENSG00000033011;ENSG00000138069;ENSG00000102595;ENSG00000138942;ENSG00000119318;ENSG00000105438;ENSG00000111885;ENSG00000153989;ENSG00000184005;ENSG00000206560;ENSG00000113615;ENSG00000108587;ENSG00000074695;ENSG00000176986;ENSG00000054116;ENSG00000114745;ENSG00000111728;ENSG00000108433;ENSG00000093183;ENSG00000107651;ENSG00000182400;ENSG00000104723;ENSG00000029534;ENSG00000117643;ENSG00000129083;ENSG00000242247;ENSG00000132912"
"REACTOME","REACTOME_COMPLEX_I_BIOGENESIS",3.93929598498874e-09,2.13934074261696e-07,0.761460801445585,0.664648277783526,2.30092678868653,68,"ENSG00000224877;ENSG00000183648;ENSG00000105341;ENSG00000267855;ENSG00000186010;ENSG00000178127;ENSG00000213619;ENSG00000166136;ENSG00000160194;ENSG00000110717;ENSG00000130159;ENSG00000164258;ENSG00000130414;ENSG00000174886;ENSG00000145494;ENSG00000090266;ENSG00000140990;ENSG00000099795;ENSG00000139180;ENSG00000155463;ENSG00000170906;ENSG00000147684;ENSG00000147123;ENSG00000167792;ENSG00000100209;ENSG00000137806;ENSG00000113013;ENSG00000178057;ENSG00000131495;ENSG00000168653;ENSG00000115286;ENSG00000151366;ENSG00000109390;ENSG00000184752;ENSG00000123545;ENSG00000004779;ENSG00000119421;ENSG00000184983;ENSG00000101247;ENSG00000164182;ENSG00000156170;ENSG00000125356;ENSG00000113845;ENSG00000065518;ENSG00000171202"
"REACTOME","REACTOME_INFLUENZA_INFECTION",4.48120872905348e-09,2.3435061946013e-07,0.761460801445585,0.523100877073503,2.05649646081296,157,"ENSG00000177700;ENSG00000163584;ENSG00000177954;ENSG00000143947;ENSG00000163882;ENSG00000233927;ENSG00000083845;ENSG00000197958;ENSG00000142541;ENSG00000170889;ENSG00000112306;ENSG00000137818;ENSG00000124614;ENSG00000108107;ENSG00000177600;ENSG00000105372;ENSG00000130255;ENSG00000167526;ENSG00000213741;ENSG00000198918;ENSG00000174748;ENSG00000149273;ENSG00000105193;ENSG00000114391;ENSG00000100142;ENSG00000132463;ENSG00000105640;ENSG00000168028;ENSG00000197756;ENSG00000080824;ENSG00000186468;ENSG00000142676;ENSG00000161016;ENSG00000166441;ENSG00000231500;ENSG00000109475;ENSG00000138326;ENSG00000145425;ENSG00000165502;ENSG00000118181;ENSG00000115268;ENSG00000204389;ENSG00000122026;ENSG00000198242;ENSG00000198755;ENSG00000149806;ENSG00000188846;ENSG00000110700;ENSG00000174444;ENSG00000063177;ENSG00000198034;ENSG00000221983;ENSG00000197728;ENSG00000164587;ENSG00000108298;ENSG00000136942;ENSG00000102753;ENSG00000122705;ENSG00000100316;ENSG00000125651;ENSG00000182774;ENSG00000089009;ENSG00000265681;ENSG00000163682;ENSG00000134419;ENSG00000129824;ENSG00000172809;ENSG00000144713;ENSG00000140988;ENSG00000171863;ENSG00000142937;ENSG00000008988;ENSG00000131469;ENSG00000145592;ENSG00000168404;ENSG00000229117;ENSG00000105258;ENSG00000162244;ENSG00000182481;ENSG00000071082;ENSG00000142534;ENSG00000156482;ENSG00000168002;ENSG00000148303;ENSG00000099817;ENSG00000147403;ENSG00000171858;ENSG00000122406;ENSG00000241343"
"REACTOME","REACTOME_DEGRADATION_OF_GLI1_BY_THE_PROTEASOME",9.53864648397456e-09,4.81020315549003e-07,0.747739663149885,0.721627240944023,2.32785666127687,46,"ENSG00000100804;ENSG00000136930;ENSG00000143947;ENSG00000277791;ENSG00000087191;ENSG00000041357;ENSG00000008018;ENSG00000185627;ENSG00000100764;ENSG00000101182;ENSG00000130706;ENSG00000126067;ENSG00000103035;ENSG00000221983;ENSG00000100387;ENSG00000142507;ENSG00000106588;ENSG00000165916;ENSG00000099341;ENSG00000197170;ENSG00000100519;ENSG00000055130;ENSG00000170315;ENSG00000115233;ENSG00000127922;ENSG00000159377;ENSG00000113558;ENSG00000173692;ENSG00000100567;ENSG00000150991"
"REACTOME","REACTOME_VIF_MEDIATED_DEGRADATION_OF_APOBEC3G",2.3665917512322e-08,1.11387585091329e-06,0.73376198835648,0.733469384261998,2.31413713947803,41,"ENSG00000100804;ENSG00000136930;ENSG00000143947;ENSG00000277791;ENSG00000087191;ENSG00000041357;ENSG00000008018;ENSG00000185627;ENSG00000100764;ENSG00000101182;ENSG00000130706;ENSG00000126067;ENSG00000103035;ENSG00000221983;ENSG00000239713;ENSG00000100387;ENSG00000142507;ENSG00000106588;ENSG00000165916;ENSG00000099341;ENSG00000197170;ENSG00000100519;ENSG00000103363;ENSG00000170315;ENSG00000115233;ENSG00000127922;ENSG00000159377;ENSG00000173692;ENSG00000100567;ENSG00000150991"
"REACTOME","REACTOME_FBXL7_DOWN_REGULATES_AURKA_DURING_MITOTIC_ENTRY_AND_IN_EARLY_MITOSIS",2.31663994574629e-08,1.11387585091329e-06,0.73376198835648,0.725106056550552,2.30141991244079,42,"ENSG00000100804;ENSG00000136930;ENSG00000143947;ENSG00000277791;ENSG00000087191;ENSG00000041357;ENSG00000008018;ENSG00000185627;ENSG00000100764;ENSG00000101182;ENSG00000130706;ENSG00000126067;ENSG00000103035;ENSG00000221983;ENSG00000100387;ENSG00000142507;ENSG00000106588;ENSG00000165916;ENSG00000099341;ENSG00000197170;ENSG00000100519;ENSG00000055130;ENSG00000170315;ENSG00000115233;ENSG00000127922;ENSG00000159377;ENSG00000113558;ENSG00000173692;ENSG00000100567;ENSG00000150991;ENSG00000183580"
"REACTOME","REACTOME_AUF1_HNRNP_D0_BINDS_AND_DESTABILIZES_MRNA",2.71376709477572e-08,1.23607714123333e-06,0.73376198835648,0.72289478700271,2.29440154633668,42,"ENSG00000100804;ENSG00000136930;ENSG00000106211;ENSG00000143947;ENSG00000277791;ENSG00000087191;ENSG00000041357;ENSG00000008018;ENSG00000185627;ENSG00000100764;ENSG00000070756;ENSG00000101182;ENSG00000130706;ENSG00000126067;ENSG00000103035;ENSG00000204389;ENSG00000221983;ENSG00000142507;ENSG00000106588;ENSG00000165916;ENSG00000099341;ENSG00000197170;ENSG00000100519;ENSG00000170315;ENSG00000115233;ENSG00000127922;ENSG00000159377;ENSG00000173692;ENSG00000100567;ENSG00000150991;ENSG00000109971;ENSG00000175166"
"REACTOME","REACTOME_PROTEIN_LOCALIZATION",3.48245486887535e-08,1.53663321089125e-06,0.719512826338911,0.497669673259325,1.96637282709163,164,"ENSG00000203797;ENSG00000072210;ENSG00000152234;ENSG00000100412;ENSG00000143947;ENSG00000163528;ENSG00000250479;ENSG00000005469;ENSG00000104980;ENSG00000160087;ENSG00000217930;ENSG00000166136;ENSG00000242612;ENSG00000126768;ENSG00000100292;ENSG00000214736;ENSG00000074582;ENSG00000181924;ENSG00000107897;ENSG00000115155;ENSG00000179761;ENSG00000173171;ENSG00000128654;ENSG00000179091;ENSG00000151729;ENSG00000060971;ENSG00000214253;ENSG00000100575;ENSG00000105197;ENSG00000159199;ENSG00000144381;ENSG00000117305;ENSG00000157326;ENSG00000221983;ENSG00000100209;ENSG00000104969;ENSG00000086666;ENSG00000139197;ENSG00000130204;ENSG00000113013;ENSG00000119673;ENSG00000134809;ENSG00000150779;ENSG00000215193;ENSG00000112357;ENSG00000127554;ENSG00000138495;ENSG00000101323;ENSG00000110955;ENSG00000239857;ENSG00000132432;ENSG00000198356;ENSG00000099800;ENSG00000109332;ENSG00000102125;ENSG00000100347;ENSG00000170315;ENSG00000102178;ENSG00000148832;ENSG00000196683;ENSG00000125611;ENSG00000175768;ENSG00000106153;ENSG00000103121;ENSG00000157911;ENSG00000120742;ENSG00000168275;ENSG00000136881;ENSG00000150991;ENSG00000177465;ENSG00000170791;ENSG00000140876;ENSG00000197448;ENSG00000173208;ENSG00000072401"
"REACTOME","REACTOME_CRISTAE_FORMATION",3.75812803087642e-08,1.6080232665447e-06,0.719512826338911,0.768122182075109,2.31907765904897,33,"ENSG00000152234;ENSG00000174917;ENSG00000154723;ENSG00000241837;ENSG00000099624;ENSG00000241468;ENSG00000178307;ENSG00000007923;ENSG00000173171;ENSG00000124172;ENSG00000169020;ENSG00000128654;ENSG00000132305;ENSG00000159199;ENSG00000113013;ENSG00000116459;ENSG00000110955;ENSG00000125375;ENSG00000156411;ENSG00000100347;ENSG00000135390;ENSG00000167283"
"REACTOME","REACTOME_DEGRADATION_OF_DVL",6.31021900705883e-08,2.6205968346962e-06,0.704975715167238,0.70740027363823,2.25651216664855,43,"ENSG00000100804;ENSG00000136930;ENSG00000143947;ENSG00000277791;ENSG00000087191;ENSG00000041357;ENSG00000008018;ENSG00000185627;ENSG00000100764;ENSG00000101182;ENSG00000130706;ENSG00000126067;ENSG00000103035;ENSG00000221983;ENSG00000100387;ENSG00000142507;ENSG00000106588;ENSG00000165916;ENSG00000099341;ENSG00000197170;ENSG00000100519;ENSG00000170315;ENSG00000115233;ENSG00000127922;ENSG00000159377;ENSG00000173692;ENSG00000100567;ENSG00000150991"
"REACTOME","REACTOME_GSK3B_MEDIATED_PROTEASOMAL_DEGRADATION_OF_PD_L1_CD274",7.9819370956749e-08,3.22014147974085e-06,0.704975715167238,0.711667558193456,2.28048867359907,44,"ENSG00000120217;ENSG00000100804;ENSG00000136930;ENSG00000143947;ENSG00000277791;ENSG00000087191;ENSG00000041357;ENSG00000008018;ENSG00000185627;ENSG00000100764;ENSG00000101182;ENSG00000130706;ENSG00000126067;ENSG00000103035;ENSG00000221983;ENSG00000100387;ENSG00000142507;ENSG00000106588;ENSG00000165916;ENSG00000099341;ENSG00000197170;ENSG00000100519;ENSG00000055130;ENSG00000170315;ENSG00000115233;ENSG00000127922;ENSG00000159377;ENSG00000113558;ENSG00000173692;ENSG00000100567;ENSG00000150991"
"REACTOME","REACTOME_THE_ROLE_OF_GTSE1_IN_G2_M_PROGRESSION_AFTER_G2_CHECKPOINT",9.62316104264177e-08,3.77441760894727e-06,0.704975715167238,0.64638888098959,2.22516623697005,66,"ENSG00000167552;ENSG00000137267;ENSG00000137285;ENSG00000100804;ENSG00000136930;ENSG00000143947;ENSG00000277791;ENSG00000087191;ENSG00000041357;ENSG00000008018;ENSG00000185627;ENSG00000100764;ENSG00000096384;ENSG00000101182;ENSG00000130706;ENSG00000126067;ENSG00000080824;ENSG00000103035;ENSG00000188229;ENSG00000183785;ENSG00000167553;ENSG00000221983;ENSG00000142507;ENSG00000106588;ENSG00000165916;ENSG00000099341;ENSG00000123416;ENSG00000197170;ENSG00000100519;ENSG00000173213;ENSG00000170315;ENSG00000115233;ENSG00000127824;ENSG00000127922;ENSG00000159377;ENSG00000124762;ENSG00000173692;ENSG00000101367;ENSG00000100567;ENSG00000150991"
"REACTOME","REACTOME_CROSS_PRESENTATION_OF_SOLUBLE_EXOGENOUS_ANTIGENS_ENDOSOMES",1.05474496823772e-07,4.02513485176123e-06,0.704975715167238,0.721825636629941,2.26487810730902,40,"ENSG00000205220;ENSG00000100804;ENSG00000136930;ENSG00000277791;ENSG00000087191;ENSG00000041357;ENSG00000008018;ENSG00000185627;ENSG00000100911;ENSG00000011028;ENSG00000100764;ENSG00000101182;ENSG00000130706;ENSG00000126067;ENSG00000103035;ENSG00000204264;ENSG00000142507;ENSG00000106588;ENSG00000165916;ENSG00000099341;ENSG00000197170;ENSG00000100519;ENSG00000115233;ENSG00000127922;ENSG00000159377;ENSG00000173692;ENSG00000100567;ENSG00000260314;ENSG00000092010;ENSG00000175166"
"REACTOME","REACTOME_MATURATION_OF_DENV_PROTEINS",1.16877182134567e-07,4.34291003089495e-06,0.704975715167238,-0.706848025035316,-2.28304936443645,52,"ENSG00000044574;ENSG00000149428;ENSG00000102580;ENSG00000090520;ENSG00000127022;ENSG00000179218;ENSG00000134910;ENSG00000167004;ENSG00000102158;ENSG00000163527;ENSG00000129128;ENSG00000196911;ENSG00000163902;ENSG00000198856;ENSG00000244038;ENSG00000118363;ENSG00000185624"
"REACTOME","REACTOME_SCF_BETA_TRCP_MEDIATED_DEGRADATION_OF_EMI1",1.25976882157641e-07,4.56100916939972e-06,0.690132458796796,0.706164506975592,2.24130117674622,42,"ENSG00000100804;ENSG00000136930;ENSG00000143947;ENSG00000277791;ENSG00000087191;ENSG00000041357;ENSG00000008018;ENSG00000185627;ENSG00000100764;ENSG00000101182;ENSG00000130706;ENSG00000126067;ENSG00000103035;ENSG00000221983;ENSG00000142507;ENSG00000106588;ENSG00000165916;ENSG00000099341;ENSG00000197170;ENSG00000100519;ENSG00000055130;ENSG00000170315;ENSG00000115233;ENSG00000127922;ENSG00000159377;ENSG00000113558;ENSG00000105325;ENSG00000173692;ENSG00000100567;ENSG00000150991"
"REACTOME","REACTOME_MITOCHONDRIAL_PROTEIN_IMPORT",1.93396441587552e-07,6.82689438804058e-06,0.690132458796796,0.635836056909635,2.18381629674046,65,"ENSG00000152234;ENSG00000100412;ENSG00000163528;ENSG00000250479;ENSG00000104980;ENSG00000217930;ENSG00000166136;ENSG00000126768;ENSG00000214736;ENSG00000074582;ENSG00000181924;ENSG00000173171;ENSG00000128654;ENSG00000179091;ENSG00000151729;ENSG00000100575;ENSG00000105197;ENSG00000159199;ENSG00000144381;ENSG00000100209;ENSG00000130204;ENSG00000113013;ENSG00000134809;ENSG00000150779;ENSG00000127554;ENSG00000138495;ENSG00000110955;ENSG00000099800;ENSG00000102125;ENSG00000100347;ENSG00000196683;ENSG00000125611;ENSG00000175768;ENSG00000106153;ENSG00000103121;ENSG00000168275;ENSG00000170791"
"REACTOME","REACTOME_DEGRADATION_OF_AXIN",2.04368629535258e-07,7.03825621716548e-06,0.690132458796796,0.699707698295901,2.22080786003479,42,"ENSG00000100804;ENSG00000136930;ENSG00000143947;ENSG00000277791;ENSG00000087191;ENSG00000041357;ENSG00000103126;ENSG00000008018;ENSG00000185627;ENSG00000100764;ENSG00000101182;ENSG00000130706;ENSG00000126067;ENSG00000103035;ENSG00000221983;ENSG00000142507;ENSG00000106588;ENSG00000165916;ENSG00000099341;ENSG00000197170;ENSG00000100519;ENSG00000170315;ENSG00000115233;ENSG00000127922;ENSG00000159377;ENSG00000173692;ENSG00000100567;ENSG00000150991"
"REACTOME","REACTOME_CDK_MEDIATED_PHOSPHORYLATION_AND_REMOVAL_OF_CDC6",5.0541990141983e-07,1.66888811532194e-05,0.659444398037935,0.630411831121495,2.13305914155394,60,"ENSG00000100804;ENSG00000136930;ENSG00000143947;ENSG00000089053;ENSG00000196510;ENSG00000277791;ENSG00000087191;ENSG00000041357;ENSG00000008018;ENSG00000185627;ENSG00000100764;ENSG00000101182;ENSG00000130706;ENSG00000126067;ENSG00000103035;ENSG00000221983;ENSG00000108106;ENSG00000110200;ENSG00000142507;ENSG00000106588;ENSG00000165916;ENSG00000099341;ENSG00000197170;ENSG00000141552;ENSG00000170142;ENSG00000100519;ENSG00000170315;ENSG00000115233;ENSG00000127922;ENSG00000130177;ENSG00000159377;ENSG00000105325;ENSG00000173692;ENSG00000100567;ENSG00000150991;ENSG00000072401;ENSG00000176386;ENSG00000175166;ENSG00000166295"
"REACTOME","REACTOME_SLC_MEDIATED_TRANSMEMBRANE_TRANSPORT",5.0823079999181e-07,1.66888811532194e-05,0.659444398037935,-0.45440749554148,-1.82766700367586,231,"ENSG00000112759;ENSG00000070214;ENSG00000117394;ENSG00000139209;ENSG00000003989;ENSG00000143036;ENSG00000183023;ENSG00000074621;ENSG00000120509;ENSG00000163393;ENSG00000104635;ENSG00000138821;ENSG00000129353;ENSG00000110911;ENSG00000132874;ENSG00000155465;ENSG00000169359;ENSG00000123643;ENSG00000141526;ENSG00000139514;ENSG00000198743;ENSG00000115194;ENSG00000092068;ENSG00000164756;ENSG00000133065;ENSG00000116704;ENSG00000091664;ENSG00000136052;ENSG00000168065;ENSG00000136868;ENSG00000149150;ENSG00000147100;ENSG00000145740;ENSG00000198246;ENSG00000115902;ENSG00000103064;ENSG00000101187;ENSG00000115616;ENSG00000155850;ENSG00000113504;ENSG00000091137;ENSG00000170385;ENSG00000180773;ENSG00000141424;ENSG00000170571;ENSG00000144290;ENSG00000158467;ENSG00000065923;ENSG00000151012;ENSG00000074803;ENSG00000131389;ENSG00000137860;ENSG00000139540;ENSG00000112473;ENSG00000110436;ENSG00000007216;ENSG00000151229;ENSG00000196517;ENSG00000134294;ENSG00000158296;ENSG00000089060;ENSG00000158715;ENSG00000130876;ENSG00000101200;ENSG00000181804;ENSG00000163581;ENSG00000106688;ENSG00000115665;ENSG00000174502;ENSG00000050438;ENSG00000198569;ENSG00000168003"
"REACTOME","REACTOME_UBIQUITIN_DEPENDENT_DEGRADATION_OF_CYCLIN_D",6.99106069737363e-07,2.24349493288445e-05,0.659444398037935,0.715795136005547,2.23668872173511,39,"ENSG00000100804;ENSG00000136930;ENSG00000143947;ENSG00000277791;ENSG00000087191;ENSG00000041357;ENSG00000008018;ENSG00000185627;ENSG00000100764;ENSG00000101182;ENSG00000130706;ENSG00000126067;ENSG00000103035;ENSG00000221983;ENSG00000142507;ENSG00000106588;ENSG00000165916;ENSG00000099341;ENSG00000197170;ENSG00000100519;ENSG00000170315;ENSG00000115233;ENSG00000127922;ENSG00000159377;ENSG00000173692;ENSG00000100567;ENSG00000150991"
"REACTOME","REACTOME_METABOLISM_OF_POLYAMINES",7.4546632593392e-07,2.3391076715971e-05,0.659444398037935,0.675020049310698,2.17750914755897,46,"ENSG00000088826;ENSG00000100804;ENSG00000136930;ENSG00000277791;ENSG00000181019;ENSG00000087191;ENSG00000041357;ENSG00000008018;ENSG00000185627;ENSG00000116649;ENSG00000100764;ENSG00000101182;ENSG00000130706;ENSG00000126067;ENSG00000103035;ENSG00000142507;ENSG00000106588;ENSG00000165916;ENSG00000099341;ENSG00000197170;ENSG00000100519;ENSG00000104904;ENSG00000115233;ENSG00000148832;ENSG00000127922;ENSG00000159377"
"REACTOME","REACTOME_DENGUE_VIRUS_GENOME_TRANSLATION_AND_REPLICATION",7.91115641513517e-07,2.4283810561241e-05,0.659444398037935,-0.601339860427813,-2.10898695256952,82,"ENSG00000044574;ENSG00000149428;ENSG00000125844;ENSG00000102580;ENSG00000090520;ENSG00000127022;ENSG00000179218;ENSG00000134910;ENSG00000167004;ENSG00000102158;ENSG00000163527;ENSG00000129128;ENSG00000196911;ENSG00000163902;ENSG00000198856;ENSG00000244038;ENSG00000118363;ENSG00000185624;ENSG00000075151;ENSG00000114127;ENSG00000072682;ENSG00000165280"
"REACTOME","REACTOME_HIV_INFECTION",8.62160568644603e-07,2.59015047431102e-05,0.659444398037935,0.444964927546547,1.82126950705145,217,"ENSG00000177700;ENSG00000132612;ENSG00000139722;ENSG00000183020;ENSG00000100804;ENSG00000136930;ENSG00000143947;ENSG00000163882;ENSG00000137309;ENSG00000277791;ENSG00000100401;ENSG00000087191;ENSG00000041357;ENSG00000008018;ENSG00000185627;ENSG00000147457;ENSG00000176428;ENSG00000100764;ENSG00000105656;ENSG00000204356;ENSG00000198821;ENSG00000100142;ENSG00000101182;ENSG00000130706;ENSG00000126067;ENSG00000196262;ENSG00000042753;ENSG00000166337;ENSG00000103035;ENSG00000151729;ENSG00000104884;ENSG00000188986;ENSG00000141971;ENSG00000197265;ENSG00000161203;ENSG00000160948;ENSG00000101421;ENSG00000221983;ENSG00000101158;ENSG00000239713;ENSG00000106290;ENSG00000100387;ENSG00000142507;ENSG00000106588;ENSG00000165916;ENSG00000099341;ENSG00000125651;ENSG00000197170;ENSG00000086065;ENSG00000060069;ENSG00000182866;ENSG00000181163;ENSG00000100519;ENSG00000103363;ENSG00000011007;ENSG00000140307;ENSG00000272047;ENSG00000105258;ENSG00000047249;ENSG00000168002;ENSG00000170315;ENSG00000196814;ENSG00000115233;ENSG00000185049;ENSG00000106367;ENSG00000099817;ENSG00000127922;ENSG00000159377;ENSG00000175115;ENSG00000113558;ENSG00000134480;ENSG00000152056;ENSG00000138750;ENSG00000254505;ENSG00000165006;ENSG00000120656;ENSG00000005075;ENSG00000173692;ENSG00000148835;ENSG00000100567;ENSG00000150991;ENSG00000099901;ENSG00000136243;ENSG00000134516;ENSG00000180198;ENSG00000005022;ENSG00000196235;ENSG00000213024;ENSG00000147669;ENSG00000206503;ENSG00000137947;ENSG00000132341;ENSG00000085415;ENSG00000175166;ENSG00000270647"
"REACTOME","REACTOME_ACTIVATION_OF_APC_C_AND_APC_C_CDC20_MEDIATED_DEGRADATION_OF_MITOTIC_PROTEINS",9.02137500444885e-07,2.6537878138087e-05,0.659444398037935,0.617223436494675,2.1118729348944,64,"ENSG00000100804;ENSG00000136930;ENSG00000143947;ENSG00000089053;ENSG00000196510;ENSG00000277791;ENSG00000087191;ENSG00000041357;ENSG00000008018;ENSG00000185627;ENSG00000100764;ENSG00000101182;ENSG00000130706;ENSG00000126067;ENSG00000103035;ENSG00000221983;ENSG00000108106;ENSG00000110200;ENSG00000142507;ENSG00000106588;ENSG00000165916;ENSG00000099341;ENSG00000197170;ENSG00000141552;ENSG00000170142;ENSG00000100519;ENSG00000170315;ENSG00000115233;ENSG00000127922;ENSG00000130177;ENSG00000159377;ENSG00000164611;ENSG00000173692;ENSG00000100567;ENSG00000150991;ENSG00000072401;ENSG00000176386;ENSG00000175166;ENSG00000166295"
"REACTOME","REACTOME_REGULATION_OF_ORNITHINE_DECARBOXYLASE_ODC",1.21144599157681e-06,3.39865440905987e-05,0.643551836150722,0.700653145686196,2.17661103822586,38,"ENSG00000100804;ENSG00000136930;ENSG00000277791;ENSG00000181019;ENSG00000087191;ENSG00000041357;ENSG00000008018;ENSG00000185627;ENSG00000100764;ENSG00000101182;ENSG00000130706;ENSG00000126067;ENSG00000103035;ENSG00000142507;ENSG00000106588;ENSG00000165916;ENSG00000099341;ENSG00000197170;ENSG00000100519;ENSG00000104904;ENSG00000115233;ENSG00000127922;ENSG00000159377;ENSG00000173692;ENSG00000100567"
"REACTOME","REACTOME_REGULATION_OF_APOPTOSIS",1.2275593120542e-06,3.39865440905987e-05,0.643551836150722,0.693609384042285,2.17634374455841,40,"ENSG00000100804;ENSG00000136930;ENSG00000143947;ENSG00000277791;ENSG00000087191;ENSG00000041357;ENSG00000008018;ENSG00000185627;ENSG00000100764;ENSG00000101182;ENSG00000130706;ENSG00000126067;ENSG00000103035;ENSG00000221983;ENSG00000162600;ENSG00000142507;ENSG00000106588;ENSG00000165916;ENSG00000099341;ENSG00000197170;ENSG00000100519;ENSG00000170315;ENSG00000115233;ENSG00000127922;ENSG00000159377;ENSG00000173692;ENSG00000100567;ENSG00000150991"
"REACTOME","REACTOME_CELLULAR_RESPONSE_TO_HYPOXIA",1.19591285452033e-06,3.39865440905987e-05,0.643551836150722,0.608112899369824,2.06913904026902,62,"ENSG00000164442;ENSG00000124440;ENSG00000129521;ENSG00000100804;ENSG00000136930;ENSG00000143947;ENSG00000277791;ENSG00000087191;ENSG00000041357;ENSG00000008018;ENSG00000185627;ENSG00000100764;ENSG00000101182;ENSG00000130706;ENSG00000126067;ENSG00000103035;ENSG00000107159;ENSG00000221983;ENSG00000269858;ENSG00000100387;ENSG00000142507;ENSG00000106588;ENSG00000165916;ENSG00000099341;ENSG00000197170;ENSG00000100519;ENSG00000103363;ENSG00000109332;ENSG00000134086;ENSG00000170315;ENSG00000115233;ENSG00000127922;ENSG00000159377"
"REACTOME","REACTOME_UBIQUITIN_MEDIATED_DEGRADATION_OF_PHOSPHORYLATED_CDC25A",1.2593023645931e-06,3.41949026693357e-05,0.643551836150722,0.643153425634586,2.11144729509256,51,"ENSG00000185386;ENSG00000100804;ENSG00000136930;ENSG00000143947;ENSG00000277791;ENSG00000087191;ENSG00000041357;ENSG00000008018;ENSG00000185627;ENSG00000100764;ENSG00000101182;ENSG00000130706;ENSG00000126067;ENSG00000103035;ENSG00000221983;ENSG00000100387;ENSG00000142507;ENSG00000106588;ENSG00000165916;ENSG00000099341;ENSG00000197170;ENSG00000100519;ENSG00000055130;ENSG00000170315;ENSG00000115233;ENSG00000127922;ENSG00000159377;ENSG00000113558;ENSG00000173692;ENSG00000100567;ENSG00000150991"
"REACTOME","REACTOME_NEGATIVE_REGULATION_OF_NOTCH4_SIGNALING",1.90653363238265e-06,5.07929337532888e-05,0.643551836150722,0.672854049329858,2.15611351229375,44,"ENSG00000100804;ENSG00000136930;ENSG00000143947;ENSG00000277791;ENSG00000087191;ENSG00000041357;ENSG00000008018;ENSG00000185627;ENSG00000100764;ENSG00000101182;ENSG00000130706;ENSG00000126067;ENSG00000103035;ENSG00000221983;ENSG00000100387;ENSG00000142507;ENSG00000106588;ENSG00000165916;ENSG00000099341;ENSG00000197170;ENSG00000100519;ENSG00000055130;ENSG00000170315;ENSG00000115233;ENSG00000127922;ENSG00000159377;ENSG00000113558;ENSG00000173692;ENSG00000100567;ENSG00000150991"
"REACTOME","REACTOME_SPOP_MEDIATED_PROTEASOMAL_DEGRADATION_OF_PD_L1_CD274",1.9632598618182e-06,5.10908860209968e-05,0.627256739718528,0.662179874145467,2.13608874988767,46,"ENSG00000120217;ENSG00000100804;ENSG00000136930;ENSG00000143947;ENSG00000277791;ENSG00000204435;ENSG00000087191;ENSG00000041357;ENSG00000008018;ENSG00000185627;ENSG00000100764;ENSG00000101182;ENSG00000130706;ENSG00000126067;ENSG00000103035;ENSG00000221983;ENSG00000100387;ENSG00000142507;ENSG00000106588;ENSG00000165916;ENSG00000099341;ENSG00000197170;ENSG00000100519;ENSG00000170315;ENSG00000115233;ENSG00000127922;ENSG00000159377;ENSG00000173692;ENSG00000100567;ENSG00000150991"
"REACTOME","REACTOME_DEGRADATION_OF_CRY_AND_PER_PROTEINS",1.99008408722013e-06,5.10908860209968e-05,0.627256739718528,0.640926489280529,2.08689672540369,48,"ENSG00000100804;ENSG00000136930;ENSG00000143947;ENSG00000277791;ENSG00000087191;ENSG00000041357;ENSG00000008018;ENSG00000185627;ENSG00000100764;ENSG00000101182;ENSG00000130706;ENSG00000126067;ENSG00000103035;ENSG00000221983;ENSG00000100387;ENSG00000142507;ENSG00000106588;ENSG00000165916;ENSG00000099341;ENSG00000197170;ENSG00000100519;ENSG00000055130;ENSG00000170315;ENSG00000115233;ENSG00000127922;ENSG00000159377;ENSG00000113558;ENSG00000173692;ENSG00000100567;ENSG00000150991;ENSG00000072401;ENSG00000179094"
"REACTOME","REACTOME_PROTEASOME_ASSEMBLY",2.2980546259383e-06,5.79438059254442e-05,0.627256739718528,0.635447538010297,2.08614917036511,51,"ENSG00000205220;ENSG00000157778;ENSG00000100804;ENSG00000136930;ENSG00000277791;ENSG00000087191;ENSG00000041357;ENSG00000008018;ENSG00000185627;ENSG00000100911;ENSG00000100764;ENSG00000183527;ENSG00000101182;ENSG00000130706;ENSG00000126067;ENSG00000103035;ENSG00000204264;ENSG00000132963;ENSG00000159352;ENSG00000142507;ENSG00000106588;ENSG00000165916;ENSG00000099341;ENSG00000197170;ENSG00000100519;ENSG00000115233;ENSG00000127922;ENSG00000159377"
"REACTOME","REACTOME_FCERI_MEDIATED_NF_KB_ACTIVATION",2.86382977611553e-06,7.09425902434233e-05,0.627256739718528,0.593603644649929,2.05497941315937,68,"ENSG00000100804;ENSG00000136930;ENSG00000143947;ENSG00000277791;ENSG00000087191;ENSG00000041357;ENSG00000008018;ENSG00000185627;ENSG00000100764;ENSG00000101182;ENSG00000130706;ENSG00000126067;ENSG00000068831;ENSG00000103035;ENSG00000100324;ENSG00000221983;ENSG00000142507;ENSG00000099804;ENSG00000106588;ENSG00000165916;ENSG00000099341;ENSG00000197170;ENSG00000100906;ENSG00000100519;ENSG00000244687;ENSG00000055130;ENSG00000170315;ENSG00000115233;ENSG00000127922;ENSG00000159377;ENSG00000113558;ENSG00000173692;ENSG00000100567;ENSG00000150991;ENSG00000072401;ENSG00000211644;ENSG00000173039"
"REACTOME","REACTOME_APC_C_CDH1_MEDIATED_DEGRADATION_OF_CDC20_AND_OTHER_APC_C_CDH1_TARGETED_PROTEINS_IN_LATE_MITOSIS_EARLY_G1",3.44933463124431e-06,8.39734568847753e-05,0.627256739718528,0.59760109670193,2.02699471468312,61,"ENSG00000100804;ENSG00000136930;ENSG00000143947;ENSG00000089053;ENSG00000196510;ENSG00000277791;ENSG00000087191;ENSG00000041357;ENSG00000008018;ENSG00000185627;ENSG00000100764;ENSG00000101182;ENSG00000130706;ENSG00000126067;ENSG00000103035;ENSG00000221983;ENSG00000108106;ENSG00000110200;ENSG00000142507;ENSG00000106588;ENSG00000165916;ENSG00000099341;ENSG00000197170;ENSG00000141552;ENSG00000170142;ENSG00000100519;ENSG00000170315;ENSG00000115233;ENSG00000127922;ENSG00000130177;ENSG00000159377;ENSG00000178999;ENSG00000105325;ENSG00000164611;ENSG00000173692;ENSG00000100567;ENSG00000150991;ENSG00000072401;ENSG00000176386;ENSG00000175166;ENSG00000166295"
"REACTOME","REACTOME_MRNA_SPLICING",6.39716427521742e-06,0.000153098236552661,0.610526878385931,0.422229563619645,1.72236026609599,212,"ENSG00000154548;ENSG00000128739;ENSG00000177700;ENSG00000105617;ENSG00000184209;ENSG00000163882;ENSG00000124562;ENSG00000161981;ENSG00000104852;ENSG00000100138;ENSG00000116350;ENSG00000126254;ENSG00000100319;ENSG00000100142;ENSG00000076053;ENSG00000141543;ENSG00000146007;ENSG00000105248;ENSG00000136819;ENSG00000128563;ENSG00000102103;ENSG00000065978;ENSG00000105618;ENSG00000204392;ENSG00000117751;ENSG00000125651;ENSG00000125870;ENSG00000060339;ENSG00000108883;ENSG00000143977;ENSG00000086589;ENSG00000089280;ENSG00000105705;ENSG00000183684;ENSG00000071859;ENSG00000125743;ENSG00000179950;ENSG00000113593;ENSG00000105258;ENSG00000130332;ENSG00000143294;ENSG00000175467;ENSG00000169249;ENSG00000168002;ENSG00000068394;ENSG00000100813;ENSG00000105058;ENSG00000169976;ENSG00000104824;ENSG00000018610;ENSG00000099817;ENSG00000273559;ENSG00000152404;ENSG00000162385;ENSG00000092199;ENSG00000132792;ENSG00000160799;ENSG00000125835;ENSG00000003756;ENSG00000163877;ENSG00000134453;ENSG00000076924;ENSG00000115128;ENSG00000183258;ENSG00000182004;ENSG00000198783;ENSG00000005075;ENSG00000143368;ENSG00000087365;ENSG00000130520;ENSG00000087087;ENSG00000137656;ENSG00000147669;ENSG00000111786;ENSG00000205937;ENSG00000109971;ENSG00000198258;ENSG00000136875;ENSG00000100603;ENSG00000100028;ENSG00000140259;ENSG00000076650;ENSG00000116754;ENSG00000005436;ENSG00000125352;ENSG00000104897;ENSG00000101161;ENSG00000084072;ENSG00000131876;ENSG00000169564;ENSG00000111196;ENSG00000116752;ENSG00000128534;ENSG00000099783;ENSG00000188342;ENSG00000039123;ENSG00000153187;ENSG00000110107;ENSG00000160201;ENSG00000120688;ENSG00000161265;ENSG00000170144;ENSG00000150316;ENSG00000134597;ENSG00000169045;ENSG00000163510;ENSG00000063244;ENSG00000117614;ENSG00000126698;ENSG00000139343;ENSG00000141759;ENSG00000096401;ENSG00000150459;ENSG00000100109;ENSG00000102241;ENSG00000105298;ENSG00000167088"
"REACTOME","REACTOME_DOWNSTREAM_TCR_SIGNALING",6.59229641594868e-06,0.000155138708988659,0.610526878385931,0.560900388079516,1.97208405320689,74,"ENSG00000100804;ENSG00000136930;ENSG00000143947;ENSG00000277791;ENSG00000087191;ENSG00000041357;ENSG00000008018;ENSG00000185627;ENSG00000100764;ENSG00000198821;ENSG00000101182;ENSG00000130706;ENSG00000126067;ENSG00000103035;ENSG00000221983;ENSG00000142507;ENSG00000099804;ENSG00000106588;ENSG00000165916;ENSG00000099341;ENSG00000197170;ENSG00000100906;ENSG00000182866;ENSG00000100519;ENSG00000244687;ENSG00000055130;ENSG00000170315;ENSG00000115233;ENSG00000127922;ENSG00000159377;ENSG00000113558;ENSG00000173692;ENSG00000100567;ENSG00000150991;ENSG00000051382;ENSG00000072401;ENSG00000173039"
"REACTOME","REACTOME_HOST_INTERACTIONS_OF_HIV_FACTORS",8.32701716113269e-06,0.000192749971008514,0.593325476396405,0.488580106690652,1.84924433985911,118,"ENSG00000183020;ENSG00000100804;ENSG00000136930;ENSG00000143947;ENSG00000137309;ENSG00000277791;ENSG00000100401;ENSG00000087191;ENSG00000041357;ENSG00000008018;ENSG00000185627;ENSG00000100764;ENSG00000198821;ENSG00000101182;ENSG00000130706;ENSG00000126067;ENSG00000196262;ENSG00000042753;ENSG00000103035;ENSG00000151729;ENSG00000161203;ENSG00000221983;ENSG00000239713;ENSG00000100387;ENSG00000142507;ENSG00000106588;ENSG00000165916;ENSG00000099341;ENSG00000197170;ENSG00000182866;ENSG00000181163;ENSG00000100519;ENSG00000103363;ENSG00000047249;ENSG00000170315;ENSG00000115233;ENSG00000106367;ENSG00000127922;ENSG00000159377;ENSG00000175115;ENSG00000113558;ENSG00000152056;ENSG00000138750;ENSG00000173692;ENSG00000100567;ENSG00000150991;ENSG00000099901;ENSG00000136243;ENSG00000134516;ENSG00000180198;ENSG00000005022;ENSG00000213024;ENSG00000206503;ENSG00000132341;ENSG00000085415;ENSG00000175166"
"REACTOME","REACTOME_DECTIN_1_MEDIATED_NONCANONICAL_NF_KB_SIGNALING",9.23993296165778e-06,0.000210432021642916,0.593325476396405,0.634412058143704,2.05695688234279,47,"ENSG00000100804;ENSG00000136930;ENSG00000143947;ENSG00000277791;ENSG00000087191;ENSG00000041357;ENSG00000008018;ENSG00000185627;ENSG00000100764;ENSG00000101182;ENSG00000130706;ENSG00000126067;ENSG00000103035;ENSG00000221983;ENSG00000142507;ENSG00000106588;ENSG00000165916;ENSG00000099341;ENSG00000197170;ENSG00000100519;ENSG00000055130;ENSG00000170315;ENSG00000115233;ENSG00000127922;ENSG00000159377;ENSG00000113558;ENSG00000173692;ENSG00000100567;ENSG00000150991;ENSG00000104856;ENSG00000173039;ENSG00000175166"
"REACTOME","REACTOME_TCR_SIGNALING",1.12903565265097e-05,0.000253047355800504,0.593325476396405,0.524008666977322,1.92418308297227,96,"ENSG00000124181;ENSG00000100804;ENSG00000136930;ENSG00000143947;ENSG00000277791;ENSG00000087191;ENSG00000125753;ENSG00000041357;ENSG00000008018;ENSG00000185627;ENSG00000100764;ENSG00000198821;ENSG00000101182;ENSG00000130706;ENSG00000126067;ENSG00000103035;ENSG00000221983;ENSG00000142507;ENSG00000099804;ENSG00000106588;ENSG00000165916;ENSG00000099341;ENSG00000196405;ENSG00000197170;ENSG00000149269;ENSG00000100906;ENSG00000182866;ENSG00000100519;ENSG00000244687;ENSG00000055130;ENSG00000170315;ENSG00000115233;ENSG00000127922;ENSG00000159377;ENSG00000113558;ENSG00000154380;ENSG00000173692;ENSG00000100567;ENSG00000150991;ENSG00000051382;ENSG00000072401;ENSG00000173039"
"REACTOME","REACTOME_ATF6_ATF6_ALPHA_ACTIVATES_CHAPERONE_GENES",1.24378618509384e-05,0.000274410327086329,0.593325476396405,-0.925866797792525,-2.0359196093928,10,"ENSG00000044574;ENSG00000166598;ENSG00000175197;ENSG00000179218;ENSG00000118217;ENSG00000100219;ENSG00000001167"
"REACTOME","REACTOME_ATF6_ATF6_ALPHA_ACTIVATES_CHAPERONES",1.47613097142647e-05,0.000320661066408336,0.593325476396405,-0.896965849338078,-2.0682077025755,12,"ENSG00000044574;ENSG00000166598;ENSG00000175197;ENSG00000179218;ENSG00000118217;ENSG00000100219;ENSG00000001167"
"REACTOME","REACTOME_REGULATION_OF_RUNX2_EXPRESSION_AND_ACTIVITY",1.5173310443636e-05,0.000324616884036576,0.593325476396405,0.59611065519835,2.01037085155186,59,"ENSG00000100804;ENSG00000136930;ENSG00000143947;ENSG00000277791;ENSG00000087191;ENSG00000041357;ENSG00000008018;ENSG00000185627;ENSG00000100764;ENSG00000101182;ENSG00000130706;ENSG00000126067;ENSG00000103035;ENSG00000122691;ENSG00000221983;ENSG00000100387;ENSG00000142507;ENSG00000106588;ENSG00000165916;ENSG00000099341;ENSG00000197170;ENSG00000103266;ENSG00000100519;ENSG00000173153;ENSG00000055130;ENSG00000170315;ENSG00000115233;ENSG00000127922;ENSG00000159377;ENSG00000113558;ENSG00000006377;ENSG00000173692;ENSG00000100567;ENSG00000150991"
"REACTOME","REACTOME_CALNEXIN_CALRETICULIN_CYCLE",1.58681781167929e-05,0.000334415932849426,0.575610261071129,-0.752421311327773,-2.10784710997203,26,"ENSG00000127022;ENSG00000179218;ENSG00000167004;ENSG00000145495;ENSG00000136731;ENSG00000071537;ENSG00000134109;ENSG00000072849;ENSG00000089597;ENSG00000135506;ENSG00000162298;ENSG00000130175"
"REACTOME","REACTOME_STABILIZATION_OF_P53",1.61836082591344e-05,0.000336047865616144,0.575610261071129,0.64107421092351,2.05427725363605,44,"ENSG00000100804;ENSG00000136930;ENSG00000143947;ENSG00000277791;ENSG00000087191;ENSG00000041357;ENSG00000008018;ENSG00000185627;ENSG00000100764;ENSG00000101182;ENSG00000130706;ENSG00000126067;ENSG00000103035;ENSG00000147889;ENSG00000198625;ENSG00000221983;ENSG00000142507;ENSG00000106588;ENSG00000165916;ENSG00000099341;ENSG00000197170;ENSG00000100519;ENSG00000170315;ENSG00000115233;ENSG00000127922;ENSG00000143207;ENSG00000159377;ENSG00000173692;ENSG00000100567;ENSG00000150991"
"REACTOME","REACTOME_P53_DEPENDENT_G1_DNA_DAMAGE_RESPONSE",1.65078808103036e-05,0.000337813444987663,0.575610261071129,0.621950159610347,2.0617645077171,53,"ENSG00000090097;ENSG00000100804;ENSG00000136930;ENSG00000143947;ENSG00000277791;ENSG00000087191;ENSG00000041357;ENSG00000008018;ENSG00000185627;ENSG00000100764;ENSG00000161642;ENSG00000101182;ENSG00000130706;ENSG00000126067;ENSG00000103035;ENSG00000147889;ENSG00000198625;ENSG00000221983;ENSG00000142507;ENSG00000106588;ENSG00000165916;ENSG00000099341;ENSG00000197170;ENSG00000100519;ENSG00000170315;ENSG00000115233;ENSG00000127922;ENSG00000143207;ENSG00000159377;ENSG00000124762;ENSG00000173692;ENSG00000100567;ENSG00000150991"
"REACTOME","REACTOME_SOMITOGENESIS",2.05463480182543e-05,0.000414449191453929,0.575610261071129,0.635964757497833,2.03790436923041,44,"ENSG00000100804;ENSG00000136930;ENSG00000277791;ENSG00000087191;ENSG00000041357;ENSG00000008018;ENSG00000185627;ENSG00000100764;ENSG00000101182;ENSG00000130706;ENSG00000126067;ENSG00000103035;ENSG00000149922;ENSG00000142507;ENSG00000106588;ENSG00000165916;ENSG00000099341;ENSG00000197170;ENSG00000100519;ENSG00000115233;ENSG00000090932;ENSG00000127922;ENSG00000159377"
"REACTOME","REACTOME_ASYMMETRIC_LOCALIZATION_OF_PCP_PROTEINS",2.11994710356578e-05,0.000421600747920405,0.575610261071129,0.604692115604552,1.98518033328869,51,"ENSG00000100804;ENSG00000136930;ENSG00000143947;ENSG00000277791;ENSG00000087191;ENSG00000041357;ENSG00000008018;ENSG00000185627;ENSG00000100764;ENSG00000101182;ENSG00000130706;ENSG00000126067;ENSG00000103035;ENSG00000221983;ENSG00000142507;ENSG00000106588;ENSG00000165916;ENSG00000099341;ENSG00000197170;ENSG00000100519;ENSG00000170315;ENSG00000115233;ENSG00000127922;ENSG00000159377;ENSG00000180900;ENSG00000177283;ENSG00000173692;ENSG00000100567;ENSG00000150991"
"REACTOME","REACTOME_DEGRADATION_OF_BETA_CATENIN_BY_THE_DESTRUCTION_COMPLEX",2.35769160831376e-05,0.000462369520963755,0.575610261071129,0.557962239285972,1.95123585443421,72,"ENSG00000065717;ENSG00000100804;ENSG00000136930;ENSG00000143947;ENSG00000277791;ENSG00000140332;ENSG00000181274;ENSG00000104964;ENSG00000087191;ENSG00000041357;ENSG00000103126;ENSG00000008018;ENSG00000185627;ENSG00000100764;ENSG00000101182;ENSG00000130706;ENSG00000126067;ENSG00000103035;ENSG00000137713;ENSG00000221983;ENSG00000100387;ENSG00000142507;ENSG00000106588;ENSG00000165916;ENSG00000099341;ENSG00000197170;ENSG00000113575;ENSG00000100519;ENSG00000105568;ENSG00000055130;ENSG00000170315;ENSG00000115233;ENSG00000127922;ENSG00000159377;ENSG00000113558;ENSG00000112640;ENSG00000173692;ENSG00000100567;ENSG00000150991"
"REACTOME","REACTOME_REGULATION_OF_RUNX3_EXPRESSION_AND_ACTIVITY",2.51906840187863e-05,0.000479307464211607,0.575610261071129,0.630145641602839,2.02714085231343,45,"ENSG00000100804;ENSG00000136930;ENSG00000143947;ENSG00000277791;ENSG00000087191;ENSG00000041357;ENSG00000008018;ENSG00000185627;ENSG00000100764;ENSG00000101182;ENSG00000130706;ENSG00000126067;ENSG00000103035;ENSG00000147889;ENSG00000221983;ENSG00000142507;ENSG00000106588;ENSG00000165916;ENSG00000099341;ENSG00000197170;ENSG00000100519;ENSG00000170315;ENSG00000115233;ENSG00000020633;ENSG00000127922;ENSG00000159377;ENSG00000173692;ENSG00000100567;ENSG00000150991"
"REACTOME","REACTOME_G1_S_DNA_DAMAGE_CHECKPOINTS",2.50055653647483e-05,0.000479307464211607,0.575610261071129,0.571062853740066,1.97331179507559,67,"ENSG00000185386;ENSG00000090097;ENSG00000100804;ENSG00000136930;ENSG00000143947;ENSG00000277791;ENSG00000087191;ENSG00000041357;ENSG00000008018;ENSG00000185627;ENSG00000100764;ENSG00000161642;ENSG00000101182;ENSG00000130706;ENSG00000126067;ENSG00000103035;ENSG00000147889;ENSG00000198625;ENSG00000221983;ENSG00000100387;ENSG00000142507;ENSG00000106588;ENSG00000165916;ENSG00000099341;ENSG00000197170;ENSG00000100519;ENSG00000055130;ENSG00000170315;ENSG00000115233;ENSG00000127922;ENSG00000143207;ENSG00000159377;ENSG00000113558;ENSG00000124762;ENSG00000173692;ENSG00000100567;ENSG00000150991"
"REACTOME","REACTOME_SARS_COV_1_HOST_INTERACTIONS",2.54589658752624e-05,0.000479307464211607,0.575610261071129,0.511365128745988,1.87775544941044,96,"ENSG00000177954;ENSG00000143947;ENSG00000233927;ENSG00000083845;ENSG00000170889;ENSG00000112306;ENSG00000124614;ENSG00000105372;ENSG00000213741;ENSG00000149273;ENSG00000105193;ENSG00000168028;ENSG00000196262;ENSG00000186468;ENSG00000231500;ENSG00000138326;ENSG00000145425;ENSG00000118181;ENSG00000115268;ENSG00000175793;ENSG00000149806;ENSG00000088832;ENSG00000110700;ENSG00000198034;ENSG00000221983;ENSG00000197728;ENSG00000164587;ENSG00000126456;ENSG00000103490;ENSG00000182774;ENSG00000100906;ENSG00000134419;ENSG00000129824;ENSG00000140988;ENSG00000171863;ENSG00000181163;ENSG00000100519;ENSG00000142937;ENSG00000008988;ENSG00000134070;ENSG00000182481;ENSG00000142534;ENSG00000170315;ENSG00000171858;ENSG00000128245;ENSG00000117602;ENSG00000166913;ENSG00000123609;ENSG00000150991"
"REACTOME","REACTOME_ACTIVATION_OF_NF_KAPPAB_IN_B_CELLS",3.04806277854082e-05,0.00056629797938153,0.575610261071129,0.594118975243389,1.97549702192587,54,"ENSG00000100804;ENSG00000136930;ENSG00000143947;ENSG00000277791;ENSG00000087191;ENSG00000041357;ENSG00000008018;ENSG00000185627;ENSG00000100764;ENSG00000101182;ENSG00000130706;ENSG00000126067;ENSG00000103035;ENSG00000221983;ENSG00000142507;ENSG00000106588;ENSG00000165916;ENSG00000099341;ENSG00000197170;ENSG00000100906;ENSG00000100519;ENSG00000055130;ENSG00000170315;ENSG00000115233;ENSG00000127922;ENSG00000159377;ENSG00000113558;ENSG00000173692;ENSG00000100567;ENSG00000150991"
"REACTOME","REACTOME_IRE1ALPHA_ACTIVATES_CHAPERONES",3.47896871592616e-05,0.000637961535959447,0.557332238758646,-0.651844707326385,-2.09383055892264,50,"ENSG00000044574;ENSG00000149428;ENSG00000102580;ENSG00000143870;ENSG00000090520;ENSG00000134109;ENSG00000100219;ENSG00000128590;ENSG00000124783;ENSG00000100196;ENSG00000162298;ENSG00000178607;ENSG00000138674;ENSG00000198380;ENSG00000160691;ENSG00000065485"
"REACTOME","REACTOME_ANTIGEN_PRESENTATION_FOLDING_ASSEMBLY_AND_PEPTIDE_LOADING_OF_CLASS_I_MHC",4.42162309382587e-05,0.000800427154933606,0.557332238758646,-0.725801283282947,-2.07413404774817,29,"ENSG00000044574;ENSG00000127022;ENSG00000179218;ENSG00000167004;ENSG00000164307;ENSG00000100934;ENSG00000126581;ENSG00000138674;ENSG00000150961;ENSG00000126775;ENSG00000164308"
"REACTOME","REACTOME_APC_C_MEDIATED_DEGRADATION_OF_CELL_CYCLE_PROTEINS",4.49890914045068e-05,0.00080410882358435,0.557332238758646,0.54126421978525,1.90885282475229,75,"ENSG00000100804;ENSG00000136930;ENSG00000143947;ENSG00000089053;ENSG00000196510;ENSG00000277791;ENSG00000087191;ENSG00000041357;ENSG00000008018;ENSG00000185627;ENSG00000100764;ENSG00000101182;ENSG00000130706;ENSG00000126067;ENSG00000103035;ENSG00000079335;ENSG00000221983;ENSG00000108106;ENSG00000110200;ENSG00000142507;ENSG00000106588;ENSG00000165916;ENSG00000099341;ENSG00000197170;ENSG00000141552;ENSG00000170142;ENSG00000100519;ENSG00000055130;ENSG00000170315;ENSG00000115233;ENSG00000127922;ENSG00000130177;ENSG00000159377;ENSG00000113558;ENSG00000178999;ENSG00000105325;ENSG00000164611;ENSG00000173692;ENSG00000100567;ENSG00000150991;ENSG00000072401;ENSG00000176386;ENSG00000175166;ENSG00000166295"
"REACTOME","REACTOME_SCF_SKP2_MEDIATED_DEGRADATION_OF_P27_P21",7.56291297148769e-05,0.00131837445873341,0.538434096309916,0.595106848872547,1.94753117046792,50,"ENSG00000100804;ENSG00000136930;ENSG00000143947;ENSG00000277791;ENSG00000087191;ENSG00000041357;ENSG00000008018;ENSG00000185627;ENSG00000100764;ENSG00000101182;ENSG00000130706;ENSG00000126067;ENSG00000103035;ENSG00000221983;ENSG00000142507;ENSG00000106588;ENSG00000165916;ENSG00000099341;ENSG00000197170;ENSG00000100519;ENSG00000055130;ENSG00000170315;ENSG00000115233;ENSG00000127922;ENSG00000159377;ENSG00000113558;ENSG00000124762;ENSG00000173692;ENSG00000100567;ENSG00000150991"
"REACTOME","REACTOME_NUCLEAR_EVENTS_MEDIATED_BY_NFE2L2",7.49080735767461e-05,0.00131837445873341,0.538434096309916,0.513247472425833,1.84883856852294,85,"ENSG00000161011;ENSG00000117450;ENSG00000100804;ENSG00000136930;ENSG00000143947;ENSG00000277791;ENSG00000181019;ENSG00000087191;ENSG00000041357;ENSG00000008018;ENSG00000185627;ENSG00000100764;ENSG00000100292;ENSG00000079999;ENSG00000101182;ENSG00000271303;ENSG00000130706;ENSG00000126067;ENSG00000116044;ENSG00000160211;ENSG00000033050;ENSG00000103035;ENSG00000147889;ENSG00000142657;ENSG00000221983;ENSG00000100387;ENSG00000142507;ENSG00000106588;ENSG00000165916;ENSG00000099341;ENSG00000197170;ENSG00000065833;ENSG00000162409;ENSG00000100519;ENSG00000163931;ENSG00000055130;ENSG00000170315;ENSG00000115233;ENSG00000127922;ENSG00000159377;ENSG00000113558;ENSG00000118777;ENSG00000001084;ENSG00000173692;ENSG00000100567;ENSG00000150991"
"REACTOME","REACTOME_PERK_REGULATES_GENE_EXPRESSION",7.71363195765094e-05,0.00132824979563453,0.538434096309916,-0.708248258672361,-2.07098985864596,32,"ENSG00000044574;ENSG00000051108;ENSG00000175197;ENSG00000172795;ENSG00000172071;ENSG00000118217;ENSG00000001167;ENSG00000172216"
"REACTOME","REACTOME_DNA_REPLICATION_PRE_INITIATION",7.9953187946063e-05,0.00136016748650411,0.538434096309916,0.435391043296762,1.69429045871805,144,"ENSG00000100804;ENSG00000136930;ENSG00000143947;ENSG00000089053;ENSG00000196510;ENSG00000277791;ENSG00000087191;ENSG00000273802;ENSG00000041357;ENSG00000008018;ENSG00000185627;ENSG00000115350;ENSG00000100764;ENSG00000101182;ENSG00000130706;ENSG00000126067;ENSG00000103035;ENSG00000132475;ENSG00000221983;ENSG00000108106;ENSG00000110200;ENSG00000142507;ENSG00000106588;ENSG00000165916;ENSG00000099341;ENSG00000158373;ENSG00000197170;ENSG00000148229;ENSG00000167513;ENSG00000141552;ENSG00000170142;ENSG00000100519;ENSG00000188486;ENSG00000180596;ENSG00000276180;ENSG00000274750;ENSG00000170315;ENSG00000115233;ENSG00000270882;ENSG00000127922;ENSG00000197061;ENSG00000130177;ENSG00000274183;ENSG00000159377;ENSG00000246705;ENSG00000124635;ENSG00000277224;ENSG00000105325;ENSG00000166508;ENSG00000273983;ENSG00000173692;ENSG00000100567;ENSG00000150991;ENSG00000277775;ENSG00000180573;ENSG00000072401;ENSG00000176386;ENSG00000100297;ENSG00000175166;ENSG00000276368;ENSG00000166295"
"REACTOME","REACTOME_GLUCURONIDATION",0.00010829693101974,0.00182041984047468,0.538434096309916,-0.781360539905023,-2.00636693007212,18,"ENSG00000145626;ENSG00000171234;ENSG00000109814;ENSG00000197888;ENSG00000135220;ENSG00000116704"
"REACTOME","REACTOME_REGULATION_OF_MRNA_STABILITY_BY_PROTEINS_THAT_BIND_AU_RICH_ELEMENTS",0.000114880729594823,0.0019083716492693,0.538434096309916,0.520665050605427,1.83061959874336,74,"ENSG00000185386;ENSG00000163932;ENSG00000100804;ENSG00000136930;ENSG00000106211;ENSG00000143947;ENSG00000277791;ENSG00000140350;ENSG00000087191;ENSG00000041357;ENSG00000008018;ENSG00000185627;ENSG00000100764;ENSG00000070756;ENSG00000130713;ENSG00000101182;ENSG00000130706;ENSG00000126067;ENSG00000103035;ENSG00000204389;ENSG00000221983;ENSG00000077348;ENSG00000142507;ENSG00000106588;ENSG00000165916;ENSG00000099341;ENSG00000197170;ENSG00000178896;ENSG00000100519;ENSG00000170315;ENSG00000115233;ENSG00000127922;ENSG00000159377;ENSG00000075914;ENSG00000166913;ENSG00000173692;ENSG00000100567;ENSG00000150991"
"REACTOME","REACTOME_SWITCHING_OF_ORIGINS_TO_A_POST_REPLICATIVE_STATE",0.000140137890266843,0.00230086861693933,0.518848077743792,0.515524811275861,1.82985405728136,79,"ENSG00000100804;ENSG00000136930;ENSG00000143947;ENSG00000089053;ENSG00000196510;ENSG00000277791;ENSG00000087191;ENSG00000041357;ENSG00000008018;ENSG00000185627;ENSG00000100764;ENSG00000101182;ENSG00000130706;ENSG00000126067;ENSG00000103035;ENSG00000221983;ENSG00000108106;ENSG00000110200;ENSG00000100387;ENSG00000142507;ENSG00000106588;ENSG00000165916;ENSG00000099341;ENSG00000197170;ENSG00000167513;ENSG00000141552;ENSG00000170142;ENSG00000100519;ENSG00000055130;ENSG00000170315;ENSG00000115233;ENSG00000127922;ENSG00000130177;ENSG00000159377;ENSG00000113558;ENSG00000105325;ENSG00000166508;ENSG00000173692;ENSG00000100567;ENSG00000150991;ENSG00000072401;ENSG00000176386;ENSG00000100297;ENSG00000175166;ENSG00000166295"
"REACTOME","REACTOME_CELLULAR_RESPONSE_TO_CHEMICAL_STRESS",0.000147757747084797,0.00239809125153717,0.518848077743792,0.40120161546527,1.61169872946255,188,"ENSG00000177556;ENSG00000189043;ENSG00000163932;ENSG00000161011;ENSG00000132109;ENSG00000106605;ENSG00000117450;ENSG00000233276;ENSG00000126432;ENSG00000130589;ENSG00000100804;ENSG00000136930;ENSG00000143947;ENSG00000100348;ENSG00000277791;ENSG00000090013;ENSG00000211445;ENSG00000181019;ENSG00000204435;ENSG00000087191;ENSG00000164919;ENSG00000103415;ENSG00000130766;ENSG00000041357;ENSG00000008018;ENSG00000185627;ENSG00000178741;ENSG00000070010;ENSG00000100764;ENSG00000131143;ENSG00000100292;ENSG00000079999;ENSG00000167815;ENSG00000101182;ENSG00000271303;ENSG00000130706;ENSG00000126067;ENSG00000116044;ENSG00000160211;ENSG00000033050;ENSG00000127511;ENSG00000116157;ENSG00000103035;ENSG00000147889;ENSG00000142657;ENSG00000126267;ENSG00000221983;ENSG00000080546;ENSG00000111775;ENSG00000112695;ENSG00000100387;ENSG00000142507;ENSG00000106588;ENSG00000165916;ENSG00000099341;ENSG00000197170;ENSG00000065833;ENSG00000162409;ENSG00000176153;ENSG00000100519;ENSG00000127184;ENSG00000135940;ENSG00000163931;ENSG00000142168;ENSG00000055130;ENSG00000170315;ENSG00000115233;ENSG00000127922;ENSG00000159377;ENSG00000113558;ENSG00000105221;ENSG00000118777;ENSG00000082014;ENSG00000124762;ENSG00000254986;ENSG00000001084;ENSG00000173692;ENSG00000131174;ENSG00000100567;ENSG00000150991;ENSG00000176340"
"REACTOME","REACTOME_RUNX1_REGULATES_TRANSCRIPTION_OF_GENES_INVOLVED_IN_DIFFERENTIATION_OF_HSCS",0.000157171602169906,0.0025218897984535,0.518848077743792,0.46432582619094,1.73496357945723,109,"ENSG00000100804;ENSG00000136930;ENSG00000143947;ENSG00000277791;ENSG00000087191;ENSG00000273802;ENSG00000041357;ENSG00000008018;ENSG00000185627;ENSG00000100764;ENSG00000101182;ENSG00000130706;ENSG00000126067;ENSG00000103035;ENSG00000132475;ENSG00000221983;ENSG00000142507;ENSG00000106588;ENSG00000165916;ENSG00000099341;ENSG00000137693;ENSG00000158373;ENSG00000197170;ENSG00000100519;ENSG00000188486;ENSG00000180596;ENSG00000276180;ENSG00000274750;ENSG00000170315;ENSG00000115233;ENSG00000270882;ENSG00000127922;ENSG00000197061;ENSG00000274183;ENSG00000159377;ENSG00000246705;ENSG00000124635;ENSG00000277224;ENSG00000134480;ENSG00000273983;ENSG00000173692;ENSG00000100567;ENSG00000150991;ENSG00000277775;ENSG00000180573"
"REACTOME","REACTOME_PROCESSING_OF_CAPPED_INTRON_CONTAINING_PRE_MRNA",0.000160320824294771,0.00254351689780019,0.518848077743792,0.361851928387319,1.52783136372087,294,"ENSG00000154548;ENSG00000128739;ENSG00000177700;ENSG00000105617;ENSG00000184209;ENSG00000143947;ENSG00000163882;ENSG00000124562;ENSG00000149016;ENSG00000161981;ENSG00000104852;ENSG00000100138;ENSG00000116350;ENSG00000126254;ENSG00000100319;ENSG00000100142;ENSG00000076053;ENSG00000141543;ENSG00000146007;ENSG00000105248;ENSG00000136819;ENSG00000162231;ENSG00000125755;ENSG00000123136;ENSG00000128563;ENSG00000102103;ENSG00000065978;ENSG00000221983;ENSG00000172531;ENSG00000105618;ENSG00000204392;ENSG00000117751;ENSG00000125651;ENSG00000125870;ENSG00000060339;ENSG00000108883;ENSG00000143977;ENSG00000086589;ENSG00000089280;ENSG00000105705;ENSG00000183684;ENSG00000071859;ENSG00000125743;ENSG00000205323;ENSG00000179950;ENSG00000113593;ENSG00000105258;ENSG00000172409;ENSG00000130332;ENSG00000071894;ENSG00000143294;ENSG00000175467;ENSG00000169249;ENSG00000168002;ENSG00000170315;ENSG00000068394;ENSG00000100813;ENSG00000100296;ENSG00000105058;ENSG00000169976;ENSG00000104824;ENSG00000018610;ENSG00000099817;ENSG00000273559;ENSG00000152404;ENSG00000162385;ENSG00000092199;ENSG00000119203;ENSG00000132792;ENSG00000176102;ENSG00000160799;ENSG00000125835;ENSG00000003756;ENSG00000163877;ENSG00000134453;ENSG00000076924;ENSG00000115128;ENSG00000183258;ENSG00000182004;ENSG00000198783;ENSG00000160679;ENSG00000138750;ENSG00000079134;ENSG00000005075;ENSG00000143368;ENSG00000150991;ENSG00000163950;ENSG00000136243;ENSG00000101138;ENSG00000087365;ENSG00000130520;ENSG00000087087;ENSG00000137656;ENSG00000213024;ENSG00000147669;ENSG00000111786;ENSG00000205937;ENSG00000085415;ENSG00000109971;ENSG00000198258;ENSG00000136875;ENSG00000100603;ENSG00000100028;ENSG00000140259;ENSG00000076650;ENSG00000116754;ENSG00000165819;ENSG00000005436;ENSG00000100227;ENSG00000125352;ENSG00000104897;ENSG00000160917"
"REACTOME","REACTOME_ANTIGEN_PROCESSING_UB_ATP_INDEPENDENT_PROTEASOMAL_DEGRADATION",0.000167443037480883,0.00262699521025562,0.518848077743792,0.754749643735791,2.00272166518079,19,"ENSG00000205220;ENSG00000100804;ENSG00000136930;ENSG00000277791;ENSG00000041357;ENSG00000008018;ENSG00000100911;ENSG00000101182;ENSG00000126067;ENSG00000204264;ENSG00000142507;ENSG00000106588"
"REACTOME","REACTOME_FORMATION_OF_ATP_BY_CHEMIOSMOTIC_COUPLING",0.00017891201696273,0.00277608536210302,0.518848077743792,0.748928822033287,2.01649106621929,20,"ENSG00000152234;ENSG00000154723;ENSG00000241837;ENSG00000099624;ENSG00000241468;ENSG00000124172;ENSG00000169020;ENSG00000159199;ENSG00000116459;ENSG00000110955;ENSG00000125375;ENSG00000156411;ENSG00000135390;ENSG00000167283"
"REACTOME","REACTOME_MATURATION_OF_SARS_COV_2_SPIKE_PROTEIN",0.000182674470836245,0.0028036560089215,0.518848077743792,-0.656091745032738,-2.02077883703708,41,"ENSG00000127022;ENSG00000134910;ENSG00000156599;ENSG00000102158;ENSG00000008513;ENSG00000089597;ENSG00000163527;ENSG00000071073;ENSG00000104219;ENSG00000163902;ENSG00000198856;ENSG00000244038;ENSG00000130175;ENSG00000112893"
"REACTOME","REACTOME_N_GLYCAN_TRIMMING_IN_THE_ER_AND_CALNEXIN_CALRETICULIN_CYCLE",0.000192255501483376,0.00289970791376242,0.518848077743792,-0.665259355615594,-1.98090695918096,35,"ENSG00000127022;ENSG00000179218;ENSG00000167004;ENSG00000145495;ENSG00000136731;ENSG00000071537;ENSG00000110917;ENSG00000134109;ENSG00000072849;ENSG00000089597;ENSG00000135506;ENSG00000162298;ENSG00000130175;ENSG00000136986"
"REACTOME","REACTOME_COMPLEX_III_ASSEMBLY",0.000193040045250473,0.00289970791376242,0.518848077743792,0.682348363482897,1.94829652612913,26,"ENSG00000137288;ENSG00000169021;ENSG00000184076;ENSG00000074582;ENSG00000168273;ENSG00000179091;ENSG00000204954;ENSG00000233954;ENSG00000214113;ENSG00000100209;ENSG00000010256;ENSG00000113013;ENSG00000127540;ENSG00000173660;ENSG00000136003;ENSG00000164405;ENSG00000204922;ENSG00000140740;ENSG00000156467"
"REACTOME","REACTOME_PCP_CE_PATHWAY",0.000202269292637841,0.00300636043373296,0.518848077743792,0.502154165646978,1.77994618490375,78,"ENSG00000108518;ENSG00000126583;ENSG00000183020;ENSG00000100804;ENSG00000136930;ENSG00000143947;ENSG00000277791;ENSG00000087191;ENSG00000041357;ENSG00000008018;ENSG00000185627;ENSG00000100764;ENSG00000101182;ENSG00000130706;ENSG00000126067;ENSG00000042753;ENSG00000103035;ENSG00000161203;ENSG00000175416;ENSG00000221983;ENSG00000122705;ENSG00000142507;ENSG00000106588;ENSG00000165916;ENSG00000099341;ENSG00000162552;ENSG00000197170;ENSG00000100519;ENSG00000170315;ENSG00000115233;ENSG00000127922;ENSG00000159377;ENSG00000180900;ENSG00000177283;ENSG00000173692;ENSG00000100567;ENSG00000150991"
"REACTOME","REACTOME_CREATINE_METABOLISM",0.000219391514711404,0.00319361668837631,0.518848077743792,0.862183303469102,1.91498501800721,10,"ENSG00000223572;ENSG00000130005;ENSG00000237289;ENSG00000111181;ENSG00000166165;ENSG00000130821"
"REACTOME","REACTOME_REGULATION_OF_INSULIN_LIKE_GROWTH_FACTOR_IGF_TRANSPORT_AND_UPTAKE_BY_INSULIN_LIKE_GROWTH_FACTOR_BINDING_PROTEINS_IGFBPS",0.000218875534039457,0.00319361668837631,0.518848077743792,-0.475533514427348,-1.76172129296896,115,"ENSG00000166598;ENSG00000102580;ENSG00000143870;ENSG00000115414;ENSG00000071073;ENSG00000132464;ENSG00000099769;ENSG00000091136;ENSG00000038427;ENSG00000170558;ENSG00000169174;ENSG00000128595;ENSG00000115461;ENSG00000130175;ENSG00000049323;ENSG00000185624;ENSG00000152291;ENSG00000167244;ENSG00000166147;ENSG00000154305;ENSG00000130203;ENSG00000150687;ENSG00000163453;ENSG00000070404;ENSG00000116260;ENSG00000142192"
"REACTOME","REACTOME_TRANSCRIPTIONAL_REGULATION_BY_RUNX2",0.00024391578739448,0.00351437848776536,0.518848077743792,0.461486077683203,1.7139615831128,104,"ENSG00000137834;ENSG00000100804;ENSG00000136930;ENSG00000102882;ENSG00000143947;ENSG00000277791;ENSG00000087191;ENSG00000131981;ENSG00000041357;ENSG00000008018;ENSG00000185627;ENSG00000100764;ENSG00000101182;ENSG00000130706;ENSG00000126067;ENSG00000198542;ENSG00000103035;ENSG00000170365;ENSG00000122691;ENSG00000221983;ENSG00000100387;ENSG00000142507;ENSG00000106588;ENSG00000165916;ENSG00000099341;ENSG00000137693;ENSG00000197170;ENSG00000103266;ENSG00000239306;ENSG00000087088;ENSG00000100519;ENSG00000173153;ENSG00000055130;ENSG00000170315;ENSG00000115233;ENSG00000127922;ENSG00000159377;ENSG00000113558;ENSG00000006377;ENSG00000105221;ENSG00000124762;ENSG00000173692;ENSG00000100567;ENSG00000150991"
"REACTOME","REACTOME_TRANSPORT_TO_THE_GOLGI_AND_SUBSEQUENT_MODIFICATION",0.000272813624748076,0.00389103876913417,0.49849310876659,-0.412004811776839,-1.61761322245477,183,"ENSG00000254647;ENSG00000086598;ENSG00000170348;ENSG00000071073;ENSG00000118276;ENSG00000136240;ENSG00000114354;ENSG00000100196;ENSG00000134970;ENSG00000114270;ENSG00000100934;ENSG00000101162;ENSG00000196547;ENSG00000138674;ENSG00000136152;ENSG00000164597;ENSG00000115306;ENSG00000176014;ENSG00000116489;ENSG00000136874;ENSG00000150961;ENSG00000112893;ENSG00000110075;ENSG00000185010;ENSG00000122218;ENSG00000173230;ENSG00000158623;ENSG00000119414;ENSG00000154305;ENSG00000095139;ENSG00000033170;ENSG00000160218;ENSG00000133103;ENSG00000138768;ENSG00000198162;ENSG00000104833;ENSG00000184432;ENSG00000172469;ENSG00000143761;ENSG00000173898;ENSG00000180398;ENSG00000138069;ENSG00000105438;ENSG00000111885;ENSG00000206560;ENSG00000113615;ENSG00000108587;ENSG00000074695;ENSG00000176986;ENSG00000054116;ENSG00000114745;ENSG00000108433;ENSG00000093183;ENSG00000107651;ENSG00000182400;ENSG00000029534;ENSG00000117643;ENSG00000129083;ENSG00000242247;ENSG00000132912;ENSG00000107862;ENSG00000086062;ENSG00000258947;ENSG00000265808;ENSG00000105829;ENSG00000111481;ENSG00000181789;ENSG00000198734;ENSG00000138802;ENSG00000073849"
"REACTOME","REACTOME_INSULIN_PROCESSING",0.000317098312753542,0.00447742817608001,0.49849310876659,-0.720512929114711,-1.99721583292893,25,"ENSG00000254647;ENSG00000070367;ENSG00000197535;ENSG00000164756;ENSG00000185624;ENSG00000145740;ENSG00000168280;ENSG00000086619"
"REACTOME","REACTOME_TRANSLATION_OF_SARS_COV_2_STRUCTURAL_PROTEINS",0.000354982545576466,0.00496272628073237,0.49849310876659,-0.544493520967442,-1.81640124190859,61,"ENSG00000127022;ENSG00000134910;ENSG00000156599;ENSG00000102158;ENSG00000008513;ENSG00000089597;ENSG00000163527;ENSG00000071073;ENSG00000104219;ENSG00000163902;ENSG00000138617;ENSG00000198856;ENSG00000244038;ENSG00000130175;ENSG00000112893;ENSG00000151883;ENSG00000102699;ENSG00000033170;ENSG00000135250"
"REACTOME","REACTOME_ORC1_REMOVAL_FROM_CHROMATIN",0.000388588448007353,0.00532705717074158,0.49849310876659,0.528699405440521,1.78065652087049,58,"ENSG00000100804;ENSG00000136930;ENSG00000143947;ENSG00000277791;ENSG00000087191;ENSG00000041357;ENSG00000008018;ENSG00000185627;ENSG00000100764;ENSG00000101182;ENSG00000130706;ENSG00000126067;ENSG00000103035;ENSG00000221983;ENSG00000100387;ENSG00000142507;ENSG00000106588;ENSG00000165916;ENSG00000099341;ENSG00000197170;ENSG00000167513;ENSG00000100519;ENSG00000055130;ENSG00000170315;ENSG00000115233;ENSG00000127922;ENSG00000159377;ENSG00000113558;ENSG00000166508;ENSG00000173692;ENSG00000100567;ENSG00000150991"
"REACTOME","REACTOME_AUTOPHAGY",0.000387623127605029,0.00532705717074158,0.49849310876659,0.412472433864443,1.62156984036967,156,"ENSG00000167552;ENSG00000137267;ENSG00000137285;ENSG00000161011;ENSG00000147872;ENSG00000139722;ENSG00000168397;ENSG00000143947;ENSG00000188186;ENSG00000204435;ENSG00000147457;ENSG00000158828;ENSG00000176428;ENSG00000185122;ENSG00000196998;ENSG00000096384;ENSG00000214736;ENSG00000080824;ENSG00000088986;ENSG00000116586;ENSG00000181929;ENSG00000141971;ENSG00000023287;ENSG00000188229;ENSG00000116288;ENSG00000160948;ENSG00000183785;ENSG00000101421;ENSG00000149357;ENSG00000167553;ENSG00000221983;ENSG00000139197;ENSG00000130204;ENSG00000123416;ENSG00000170296;ENSG00000001626;ENSG00000168010;ENSG00000162409;ENSG00000165637;ENSG00000163719;ENSG00000173213;ENSG00000085978;ENSG00000123395;ENSG00000109332;ENSG00000244687;ENSG00000158560;ENSG00000170315;ENSG00000196814;ENSG00000127824;ENSG00000196683;ENSG00000130734;ENSG00000144635;ENSG00000175768;ENSG00000078668;ENSG00000167965;ENSG00000254505;ENSG00000165006;ENSG00000150991;ENSG00000141580;ENSG00000032742;ENSG00000069509;ENSG00000156469;ENSG00000109971;ENSG00000111725;ENSG00000057663;ENSG00000197548;ENSG00000178462;ENSG00000123240;ENSG00000101460;ENSG00000247077"
"REACTOME","REACTOME_SLC_MEDIATED_TRANSPORT_OF_AMINO_ACIDS",0.000435040304773131,0.00585025628894915,0.49849310876659,-0.652665013938921,-1.95400093782829,36,"ENSG00000139209;ENSG00000003989;ENSG00000155465;ENSG00000123643;ENSG00000139514;ENSG00000092068;ENSG00000149150;ENSG00000115902;ENSG00000103064;ENSG00000180773;ENSG00000151012;ENSG00000131389;ENSG00000110436;ENSG00000134294;ENSG00000130876;ENSG00000106688;ENSG00000168003"
"REACTOME","REACTOME_REGULATION_OF_CDH1_FUNCTION",0.000434882296548591,0.00585025628894915,0.49849310876659,0.533293286274913,1.8044491921961,60,"ENSG00000100804;ENSG00000136930;ENSG00000143947;ENSG00000277791;ENSG00000087191;ENSG00000041357;ENSG00000008018;ENSG00000185627;ENSG00000100764;ENSG00000101182;ENSG00000130706;ENSG00000126067;ENSG00000103035;ENSG00000221983;ENSG00000142507;ENSG00000106588;ENSG00000165916;ENSG00000099341;ENSG00000204628;ENSG00000197170;ENSG00000172530;ENSG00000100519;ENSG00000170315;ENSG00000115233;ENSG00000184009;ENSG00000127922;ENSG00000159377;ENSG00000173692;ENSG00000100567;ENSG00000150991"
"REACTOME","REACTOME_RAC3_GTPASE_CYCLE",0.00044546585450587,0.00593394138266309,0.49849310876659,-0.50242193958846,-1.79332268262539,91,"ENSG00000138443;ENSG00000158195;ENSG00000173218;ENSG00000107863;ENSG00000101384;ENSG00000092531;ENSG00000134909;ENSG00000120802;ENSG00000028116;ENSG00000046604;ENSG00000174106;ENSG00000156299;ENSG00000150093;ENSG00000180370;ENSG00000124126;ENSG00000161800;ENSG00000273749;ENSG00000121871;ENSG00000079482;ENSG00000135905;ENSG00000135090;ENSG00000145675;ENSG00000105647;ENSG00000112851;ENSG00000160007;ENSG00000123338;ENSG00000266028;ENSG00000140750;ENSG00000061676;ENSG00000139436;ENSG00000196408;ENSG00000165168;ENSG00000038382;ENSG00000105137;ENSG00000074695;ENSG00000111348;ENSG00000143322;ENSG00000122126;ENSG00000008517;ENSG00000072274;ENSG00000047365"
"REACTOME","REACTOME_REGULATION_OF_CDH1_POSTTRANSLATIONAL_PROCESSING_AND_TRAFFICKING_TO_PLASMA_MEMBRANE",0.000462022272090858,0.00609696680553543,0.49849310876659,-0.670375616778711,-1.96024640630214,32,"ENSG00000127022;ENSG00000134910;ENSG00000070770;ENSG00000089597;ENSG00000129128;ENSG00000163902;ENSG00000130714;ENSG00000198856;ENSG00000134909;ENSG00000244038;ENSG00000130175;ENSG00000118363"
"REACTOME","REACTOME_UCH_PROTEINASES",0.000489378457576666,0.00639153243321412,0.477270815362862,0.486028449759942,1.75078922272812,85,"ENSG00000154277;ENSG00000100804;ENSG00000136930;ENSG00000143947;ENSG00000277791;ENSG00000153391;ENSG00000087191;ENSG00000041357;ENSG00000008018;ENSG00000185627;ENSG00000100764;ENSG00000101182;ENSG00000130706;ENSG00000126067;ENSG00000103035;ENSG00000169592;ENSG00000187778;ENSG00000221983;ENSG00000129559;ENSG00000105619;ENSG00000142507;ENSG00000106588;ENSG00000165916;ENSG00000099341;ENSG00000163930;ENSG00000197170;ENSG00000118939;ENSG00000100519;ENSG00000181218;ENSG00000170315;ENSG00000170322;ENSG00000115233;ENSG00000127922;ENSG00000278677;ENSG00000159377;ENSG00000173692;ENSG00000100567;ENSG00000150991;ENSG00000180573;ENSG00000115274;ENSG00000275221"
"REACTOME","REACTOME_EXTRACELLULAR_MATRIX_ORGANIZATION",0.000493397333725452,0.00639153243321412,0.477270815362862,-0.364895120622531,-1.50420660405227,289,"ENSG00000152818;ENSG00000171812;ENSG00000166794;ENSG00000115414;ENSG00000115318;ENSG00000196739;ENSG00000084636;ENSG00000182871;ENSG00000053747;ENSG00000091136;ENSG00000090530;ENSG00000038427;ENSG00000146197;ENSG00000114270;ENSG00000130508;ENSG00000101680;ENSG00000172554;ENSG00000154721;ENSG00000137809;ENSG00000150093;ENSG00000130287;ENSG00000079385;ENSG00000204580;ENSG00000049323;ENSG00000185624;ENSG00000179915;ENSG00000127990;ENSG00000142798;ENSG00000188517;ENSG00000082293;ENSG00000117385;ENSG00000166147;ENSG00000168807;ENSG00000196776;ENSG00000087116;ENSG00000105664;ENSG00000135047;ENSG00000072682;ENSG00000134013;ENSG00000083444;ENSG00000162510;ENSG00000082781;ENSG00000115380;ENSG00000169436;ENSG00000158859;ENSG00000162909;ENSG00000142192;ENSG00000197461;ENSG00000162736;ENSG00000168615;ENSG00000145536;ENSG00000087303;ENSG00000129038;ENSG00000132692;ENSG00000169031;ENSG00000081052;ENSG00000149294;ENSG00000119681;ENSG00000173402;ENSG00000197565;ENSG00000187498;ENSG00000147044;ENSG00000166033;ENSG00000171560;ENSG00000148848;ENSG00000156103;ENSG00000196569;ENSG00000108821;ENSG00000213949;ENSG00000037749;ENSG00000162512;ENSG00000116147;ENSG00000101203;ENSG00000124749;ENSG00000026508;ENSG00000188157;ENSG00000204291;ENSG00000139626;ENSG00000131375"
"REACTOME","REACTOME_MITOCHONDRIAL_PROTEIN_DEGRADATION",0.000508734324442447,0.00653029878284305,0.477270815362862,0.465636288398673,1.71243508876297,98,"ENSG00000115317;ENSG00000138796;ENSG00000152234;ENSG00000100412;ENSG00000154723;ENSG00000151498;ENSG00000196365;ENSG00000241837;ENSG00000186010;ENSG00000262814;ENSG00000107815;ENSG00000178741;ENSG00000168291;ENSG00000131143;ENSG00000213619;ENSG00000160194;ENSG00000167969;ENSG00000106591;ENSG00000106028;ENSG00000072506;ENSG00000100575;ENSG00000125656;ENSG00000144381;ENSG00000167792;ENSG00000169230;ENSG00000162600;ENSG00000113013;ENSG00000119673;ENSG00000134809;ENSG00000131495;ENSG00000146701;ENSG00000137124;ENSG00000110955;ENSG00000164405;ENSG00000135940;ENSG00000170855;ENSG00000165487;ENSG00000197912;ENSG00000167283;ENSG00000091483;ENSG00000183172;ENSG00000148672;ENSG00000140740;ENSG00000106153;ENSG00000114054"
"REACTOME","REACTOME_HEDGEHOG_ON_STATE",0.000555545029835101,0.00706693317231678,0.477270815362862,0.50559531214493,1.7615155703203,71,"ENSG00000100804;ENSG00000136930;ENSG00000143947;ENSG00000277791;ENSG00000087191;ENSG00000166813;ENSG00000041357;ENSG00000008018;ENSG00000185627;ENSG00000100764;ENSG00000101182;ENSG00000130706;ENSG00000126067;ENSG00000103035;ENSG00000139549;ENSG00000221983;ENSG00000100387;ENSG00000142507;ENSG00000106588;ENSG00000165916;ENSG00000099341;ENSG00000197170;ENSG00000100519;ENSG00000170315;ENSG00000115233;ENSG00000137486;ENSG00000141013;ENSG00000127922;ENSG00000159377"
"REACTOME","REACTOME_DOWNSTREAM_SIGNALING_EVENTS_OF_B_CELL_RECEPTOR_BCR",0.00057511385572425,0.00725054253823787,0.477270815362862,0.510308464532168,1.76662222078003,68,"ENSG00000100804;ENSG00000136930;ENSG00000143947;ENSG00000277791;ENSG00000087191;ENSG00000041357;ENSG00000008018;ENSG00000185627;ENSG00000100764;ENSG00000174775;ENSG00000101182;ENSG00000130706;ENSG00000126067;ENSG00000196262;ENSG00000103035;ENSG00000088832;ENSG00000221983;ENSG00000142507;ENSG00000106588;ENSG00000165916;ENSG00000099341;ENSG00000197170;ENSG00000100906;ENSG00000100519;ENSG00000055130;ENSG00000170315;ENSG00000115233;ENSG00000127922;ENSG00000159377;ENSG00000113558;ENSG00000173692;ENSG00000100567;ENSG00000150991;ENSG00000138814"
"REACTOME","REACTOME_REGULATION_OF_RAS_BY_GAPS",0.00075213584667637,0.00939837004873481,0.477270815362862,0.542627716869355,1.81010588552474,55,"ENSG00000188766;ENSG00000100804;ENSG00000136930;ENSG00000143947;ENSG00000277791;ENSG00000087191;ENSG00000041357;ENSG00000008018;ENSG00000185627;ENSG00000100764;ENSG00000174775;ENSG00000101182;ENSG00000130706;ENSG00000126067;ENSG00000103035;ENSG00000221983;ENSG00000100387;ENSG00000142507;ENSG00000106588;ENSG00000165916;ENSG00000099341;ENSG00000197170;ENSG00000100519;ENSG00000170315;ENSG00000115233;ENSG00000127922;ENSG00000159377;ENSG00000136848;ENSG00000173692;ENSG00000100567;ENSG00000150991;ENSG00000145715"
"REACTOME","REACTOME_INSULIN_RECEPTOR_SIGNALLING_CASCADE",0.000805894078700101,0.00998177578179424,0.477270815362862,-0.578711546862248,-1.83797021133387,48,"ENSG00000254647;ENSG00000106070;ENSG00000156427;ENSG00000068078;ENSG00000169047;ENSG00000179295;ENSG00000160691;ENSG00000213281;ENSG00000133116;ENSG00000145675;ENSG00000105647;ENSG00000102678;ENSG00000033327;ENSG00000185950;ENSG00000109458;ENSG00000138675;ENSG00000140992;ENSG00000100030;ENSG00000196455;ENSG00000239732"
"REACTOME","REACTOME_INTERLEUKIN_1_SIGNALING",0.00082855212159587,0.00999927859566981,0.477270815362862,0.457281154010227,1.67915669369376,96,"ENSG00000161011;ENSG00000100804;ENSG00000136930;ENSG00000143947;ENSG00000277791;ENSG00000090376;ENSG00000065559;ENSG00000087191;ENSG00000041357;ENSG00000008018;ENSG00000185627;ENSG00000100764;ENSG00000168256;ENSG00000101182;ENSG00000130706;ENSG00000126067;ENSG00000174516;ENSG00000103035;ENSG00000168884;ENSG00000184216;ENSG00000100324;ENSG00000221983;ENSG00000100387;ENSG00000142507;ENSG00000106588;ENSG00000165916;ENSG00000099341;ENSG00000197170;ENSG00000100906;ENSG00000100519;ENSG00000134070;ENSG00000244687;ENSG00000055130;ENSG00000170315;ENSG00000115233;ENSG00000127922;ENSG00000159377;ENSG00000113558;ENSG00000197885;ENSG00000101557;ENSG00000173692;ENSG00000100567;ENSG00000150991"
"REACTOME","REACTOME_FC_EPSILON_RECEPTOR_FCERI_SIGNALING",0.000815193564532995,0.00999927859566981,0.477270815362862,0.428345006804016,1.62042074839749,117,"ENSG00000074966;ENSG00000124181;ENSG00000100804;ENSG00000136930;ENSG00000102882;ENSG00000143947;ENSG00000277791;ENSG00000135605;ENSG00000065559;ENSG00000087191;ENSG00000041357;ENSG00000008018;ENSG00000185627;ENSG00000100764;ENSG00000174775;ENSG00000101182;ENSG00000130706;ENSG00000126067;ENSG00000068831;ENSG00000103035;ENSG00000100324;ENSG00000221983;ENSG00000142507;ENSG00000099804;ENSG00000106588;ENSG00000165916;ENSG00000099341;ENSG00000197170;ENSG00000149269;ENSG00000100906;ENSG00000100519;ENSG00000177606;ENSG00000244687;ENSG00000055130;ENSG00000170315;ENSG00000115233;ENSG00000127922;ENSG00000159377;ENSG00000086730;ENSG00000113558;ENSG00000173692;ENSG00000100567;ENSG00000150991;ENSG00000138814;ENSG00000051382;ENSG00000072401;ENSG00000050748;ENSG00000211644;ENSG00000173039;ENSG00000165025"
"REACTOME","REACTOME_PROGRAMMED_CELL_DEATH",0.000822079814167493,0.00999927859566981,0.477270815362862,0.381335113313698,1.53189143297542,188,"ENSG00000137575;ENSG00000163932;ENSG00000132589;ENSG00000100804;ENSG00000136930;ENSG00000102882;ENSG00000143947;ENSG00000277791;ENSG00000104081;ENSG00000087191;ENSG00000041357;ENSG00000008018;ENSG00000185627;ENSG00000147457;ENSG00000149089;ENSG00000100764;ENSG00000196954;ENSG00000105401;ENSG00000167657;ENSG00000101182;ENSG00000104518;ENSG00000130706;ENSG00000126067;ENSG00000160789;ENSG00000080824;ENSG00000088986;ENSG00000108561;ENSG00000136279;ENSG00000103035;ENSG00000100453;ENSG00000243414;ENSG00000147889;ENSG00000101421;ENSG00000175793;ENSG00000221983;ENSG00000178209;ENSG00000162600;ENSG00000142507;ENSG00000106588;ENSG00000165916;ENSG00000099341;ENSG00000170458;ENSG00000127666;ENSG00000030110;ENSG00000197170;ENSG00000103266;ENSG00000186868;ENSG00000105327;ENSG00000187837;ENSG00000087088;ENSG00000035664;ENSG00000100519;ENSG00000184047;ENSG00000169857;ENSG00000168404;ENSG00000168310;ENSG00000170315;ENSG00000100813;ENSG00000115233;ENSG00000127922;ENSG00000159377;ENSG00000128245;ENSG00000105221;ENSG00000015475;ENSG00000160049;ENSG00000254505;ENSG00000166913;ENSG00000173692;ENSG00000168040;ENSG00000100567;ENSG00000150991;ENSG00000132906;ENSG00000148180"
"REACTOME","REACTOME_COMPLEX_IV_ASSEMBLY",0.000927239209689191,0.0110954386786537,0.477270815362862,0.553997758662726,1.79622926118099,47,"ENSG00000189043;ENSG00000127838;ENSG00000164919;ENSG00000178449;ENSG00000178741;ENSG00000250317;ENSG00000131143;ENSG00000168569;ENSG00000126267;ENSG00000111775;ENSG00000112695;ENSG00000183978;ENSG00000138495;ENSG00000146066;ENSG00000133983;ENSG00000127184;ENSG00000135940;ENSG00000229833;ENSG00000136463;ENSG00000144120;ENSG00000131174;ENSG00000176340;ENSG00000148290;ENSG00000101084;ENSG00000232838"
"REACTOME","REACTOME_MRNA_3_END_PROCESSING",0.00100514668883161,0.011926614492691,0.45505986738723,0.403179828471646,1.58076495250756,152,"ENSG00000154548;ENSG00000128739;ENSG00000177700;ENSG00000143947;ENSG00000163882;ENSG00000124562;ENSG00000149016;ENSG00000104852;ENSG00000116350;ENSG00000100142;ENSG00000141543;ENSG00000125755;ENSG00000123136;ENSG00000065978;ENSG00000221983;ENSG00000172531;ENSG00000117751;ENSG00000125651;ENSG00000125870;ENSG00000060339;ENSG00000143977;ENSG00000089280;ENSG00000105705;ENSG00000183684;ENSG00000125743;ENSG00000205323;ENSG00000179950;ENSG00000105258;ENSG00000172409;ENSG00000071894;ENSG00000168002;ENSG00000170315;ENSG00000100296;ENSG00000169976;ENSG00000104824;ENSG00000099817;ENSG00000162385;ENSG00000092199;ENSG00000119203;ENSG00000176102;ENSG00000125835;ENSG00000003756;ENSG00000134453;ENSG00000115128;ENSG00000182004;ENSG00000160679;ENSG00000079134;ENSG00000005075;ENSG00000143368;ENSG00000150991;ENSG00000101138;ENSG00000087365;ENSG00000087087;ENSG00000147669;ENSG00000111786;ENSG00000205937;ENSG00000100028;ENSG00000116754;ENSG00000100227;ENSG00000104897;ENSG00000160917"
"REACTOME","REACTOME_MODULATION_OF_HOST_RESPONSES_BY_IFN_STIMULATED_GENES",0.00111324819660248,0.012943025666895,0.45505986738723,-0.734210352876733,-1.90863669770323,19,"ENSG00000044574;ENSG00000172071;ENSG00000096060;ENSG00000118217"
"REACTOME","REACTOME_FORMATION_OF_THE_EARLY_ELONGATION_COMPLEX",0.00110360725670949,0.012943025666895,0.45505986738723,0.597067034847348,1.80263616099255,33,"ENSG00000177700;ENSG00000163882;ENSG00000204356;ENSG00000100142;ENSG00000104884;ENSG00000188986;ENSG00000101158;ENSG00000125651;ENSG00000060069;ENSG00000272047;ENSG00000105258;ENSG00000168002;ENSG00000185049;ENSG00000099817;ENSG00000134480;ENSG00000005075;ENSG00000196235;ENSG00000147669"
"REACTOME","REACTOME_RAC1_GTPASE_CYCLE",0.0011183067502558,0.012943025666895,0.45505986738723,-0.400105312812399,-1.56627085500809,178,"ENSG00000138443;ENSG00000158195;ENSG00000173218;ENSG00000129675;ENSG00000031003;ENSG00000107863;ENSG00000152767;ENSG00000101384;ENSG00000092531;ENSG00000126217;ENSG00000134909;ENSG00000120802;ENSG00000028116;ENSG00000137727;ENSG00000174106;ENSG00000156299;ENSG00000122966;ENSG00000150093;ENSG00000106069;ENSG00000180370;ENSG00000124126;ENSG00000150760;ENSG00000088387;ENSG00000161800;ENSG00000273749;ENSG00000107099;ENSG00000117461;ENSG00000079482;ENSG00000164741;ENSG00000135905;ENSG00000135090;ENSG00000145703;ENSG00000159314;ENSG00000145675;ENSG00000105647;ENSG00000122574;ENSG00000112851;ENSG00000137962;ENSG00000160007;ENSG00000143776;ENSG00000160145;ENSG00000123338;ENSG00000123329;ENSG00000266028;ENSG00000075651;ENSG00000137135;ENSG00000140750;ENSG00000171475;ENSG00000061676;ENSG00000055163;ENSG00000139436;ENSG00000196408;ENSG00000165168;ENSG00000038382;ENSG00000147459;ENSG00000182957;ENSG00000132694;ENSG00000111348;ENSG00000031081;ENSG00000143322;ENSG00000114346;ENSG00000100092;ENSG00000023892;ENSG00000072274;ENSG00000047365;ENSG00000198844;ENSG00000003393;ENSG00000100485;ENSG00000183856;ENSG00000066248;ENSG00000165322;ENSG00000115904;ENSG00000188158"
"REACTOME","REACTOME_KEAP1_NFE2L2_PATHWAY",0.00114665382922152,0.0131632130639089,0.45505986738723,0.427633970188524,1.60333895325576,111,"ENSG00000163932;ENSG00000161011;ENSG00000132109;ENSG00000117450;ENSG00000100804;ENSG00000136930;ENSG00000143947;ENSG00000277791;ENSG00000181019;ENSG00000204435;ENSG00000087191;ENSG00000130766;ENSG00000041357;ENSG00000008018;ENSG00000185627;ENSG00000070010;ENSG00000100764;ENSG00000100292;ENSG00000079999;ENSG00000101182;ENSG00000271303;ENSG00000130706;ENSG00000126067;ENSG00000116044;ENSG00000160211;ENSG00000033050;ENSG00000103035;ENSG00000147889;ENSG00000142657;ENSG00000221983;ENSG00000080546;ENSG00000100387;ENSG00000142507;ENSG00000106588;ENSG00000165916;ENSG00000099341;ENSG00000197170;ENSG00000065833;ENSG00000162409;ENSG00000100519;ENSG00000163931;ENSG00000055130;ENSG00000170315;ENSG00000115233;ENSG00000127922;ENSG00000159377;ENSG00000113558;ENSG00000105221;ENSG00000118777;ENSG00000124762;ENSG00000254986;ENSG00000001084;ENSG00000173692;ENSG00000100567;ENSG00000150991"
"REACTOME","REACTOME_DNA_REPLICATION",0.00119450389128651,0.0136019314072303,0.45505986738723,0.380891200936203,1.51974425202041,179,"ENSG00000100804;ENSG00000136930;ENSG00000143947;ENSG00000089053;ENSG00000196510;ENSG00000277791;ENSG00000087191;ENSG00000107815;ENSG00000273802;ENSG00000041357;ENSG00000008018;ENSG00000185627;ENSG00000115350;ENSG00000100764;ENSG00000101182;ENSG00000130706;ENSG00000126067;ENSG00000103035;ENSG00000132475;ENSG00000106028;ENSG00000221983;ENSG00000108106;ENSG00000110200;ENSG00000100387;ENSG00000142507;ENSG00000106588;ENSG00000165916;ENSG00000099341;ENSG00000158373;ENSG00000197170;ENSG00000148229;ENSG00000167513;ENSG00000141552;ENSG00000170142;ENSG00000100519;ENSG00000188486;ENSG00000180596;ENSG00000276180;ENSG00000274750;ENSG00000055130;ENSG00000170315;ENSG00000115233;ENSG00000270882;ENSG00000127922;ENSG00000197061;ENSG00000130177;ENSG00000274183;ENSG00000159377;ENSG00000246705;ENSG00000124635;ENSG00000277224;ENSG00000113558;ENSG00000256525;ENSG00000157036;ENSG00000105325;ENSG00000166508;ENSG00000273983;ENSG00000173692;ENSG00000100567;ENSG00000150991;ENSG00000277775;ENSG00000180573;ENSG00000072401;ENSG00000176386;ENSG00000100297;ENSG00000175166;ENSG00000140521;ENSG00000276368;ENSG00000166295"
"REACTOME","REACTOME_LANOSTEROL_BIOSYNTHESIS",0.00125501284275148,0.0141766250717207,0.45505986738723,0.748120395005002,1.82640812786824,14,"ENSG00000163344;ENSG00000079459;ENSG00000167508;ENSG00000160752;ENSG00000120437;ENSG00000160285;ENSG00000067064;ENSG00000110921"
"REACTOME","REACTOME_ANTIGEN_PROCESSING_CROSS_PRESENTATION",0.00135386377486971,0.0151718702390161,0.45505986738723,0.449580767434947,1.63770792887989,92,"ENSG00000205220;ENSG00000100804;ENSG00000136930;ENSG00000143947;ENSG00000277791;ENSG00000087191;ENSG00000041357;ENSG00000008018;ENSG00000185627;ENSG00000100911;ENSG00000011028;ENSG00000118640;ENSG00000100764;ENSG00000101182;ENSG00000130706;ENSG00000126067;ENSG00000103496;ENSG00000103035;ENSG00000204264;ENSG00000204267;ENSG00000136943;ENSG00000221983;ENSG00000142507;ENSG00000106588;ENSG00000165916;ENSG00000099341;ENSG00000170458;ENSG00000197170;ENSG00000100519;ENSG00000132432;ENSG00000137462;ENSG00000170315;ENSG00000115233;ENSG00000127922;ENSG00000159377;ENSG00000135218;ENSG00000234745;ENSG00000173692;ENSG00000100567;ENSG00000150991;ENSG00000260314;ENSG00000206503;ENSG00000160678;ENSG00000092010;ENSG00000175166"
"REACTOME","REACTOME_CLEC7A_DECTIN_1_SIGNALING",0.00136529321668739,0.0151794804878945,0.45505986738723,0.455546170536511,1.63330050301195,83,"ENSG00000163932;ENSG00000100804;ENSG00000136930;ENSG00000143947;ENSG00000277791;ENSG00000087191;ENSG00000041357;ENSG00000008018;ENSG00000185627;ENSG00000100764;ENSG00000101182;ENSG00000130706;ENSG00000126067;ENSG00000103035;ENSG00000100324;ENSG00000221983;ENSG00000142507;ENSG00000099804;ENSG00000106588;ENSG00000165916;ENSG00000099341;ENSG00000103490;ENSG00000197170;ENSG00000100906;ENSG00000100519;ENSG00000244687;ENSG00000055130;ENSG00000170315;ENSG00000115233;ENSG00000127922;ENSG00000159377;ENSG00000113558;ENSG00000173692;ENSG00000100567;ENSG00000150991;ENSG00000138814;ENSG00000072401;ENSG00000104856;ENSG00000173039;ENSG00000165025;ENSG00000175166;ENSG00000064012;ENSG00000144744"
"REACTOME","REACTOME_REGULATION_OF_PTEN_STABILITY_AND_ACTIVITY",0.00152831089083515,0.0168591795145252,0.45505986738723,0.524074816794312,1.7482168360432,55,"ENSG00000100804;ENSG00000136930;ENSG00000143947;ENSG00000277791;ENSG00000204435;ENSG00000087191;ENSG00000041357;ENSG00000008018;ENSG00000185627;ENSG00000100764;ENSG00000101182;ENSG00000130706;ENSG00000126067;ENSG00000103035;ENSG00000221983;ENSG00000142507;ENSG00000106588;ENSG00000165916;ENSG00000099341;ENSG00000197170;ENSG00000103266;ENSG00000100519;ENSG00000170315;ENSG00000115233;ENSG00000127922;ENSG00000159377;ENSG00000105221;ENSG00000173692;ENSG00000100567;ENSG00000150991"
"REACTOME","REACTOME_SIGNALING_BY_INSULIN_RECEPTOR",0.00156522980400887,0.0171325928934924,0.45505986738723,-0.502532991086476,-1.74248068273437,76,"ENSG00000254647;ENSG00000106070;ENSG00000156427;ENSG00000068078;ENSG00000169047;ENSG00000179295;ENSG00000250565;ENSG00000160691;ENSG00000142949;ENSG00000213281;ENSG00000133116;ENSG00000145675;ENSG00000105647;ENSG00000143882;ENSG00000102678;ENSG00000033327;ENSG00000185950;ENSG00000109458;ENSG00000185344;ENSG00000100554;ENSG00000138675;ENSG00000110719;ENSG00000140992;ENSG00000100030;ENSG00000196455;ENSG00000239732;ENSG00000155097"
"REACTOME","REACTOME_ER_TO_GOLGI_ANTEROGRADE_TRANSPORT",0.00161010463791116,0.0174882134517736,0.45505986738723,-0.409031137996142,-1.57099874462895,154,"ENSG00000254647;ENSG00000086598;ENSG00000170348;ENSG00000136240;ENSG00000114354;ENSG00000100196;ENSG00000134970;ENSG00000114270;ENSG00000100934;ENSG00000101162;ENSG00000138674;ENSG00000136152;ENSG00000164597;ENSG00000115306;ENSG00000176014;ENSG00000116489;ENSG00000136874;ENSG00000150961;ENSG00000110075;ENSG00000185010;ENSG00000122218;ENSG00000173230;ENSG00000158623;ENSG00000119414;ENSG00000154305;ENSG00000095139;ENSG00000160218;ENSG00000133103;ENSG00000138768;ENSG00000104833;ENSG00000184432;ENSG00000143761;ENSG00000173898;ENSG00000180398;ENSG00000138069;ENSG00000105438;ENSG00000206560;ENSG00000113615;ENSG00000108587;ENSG00000074695;ENSG00000176986;ENSG00000054116;ENSG00000114745;ENSG00000108433;ENSG00000093183;ENSG00000107651;ENSG00000182400;ENSG00000029534;ENSG00000129083;ENSG00000242247;ENSG00000132912;ENSG00000107862;ENSG00000258947;ENSG00000265808;ENSG00000105829;ENSG00000111481;ENSG00000181789;ENSG00000198734;ENSG00000138802"
"REACTOME","REACTOME_RNA_POLYMERASE_I_TRANSCRIPTION",0.00175055515374619,0.0188685792144246,0.45505986738723,0.430408430222961,1.60042787361984,105,"ENSG00000170004;ENSG00000177700;ENSG00000102882;ENSG00000163882;ENSG00000171453;ENSG00000273802;ENSG00000100142;ENSG00000132475;ENSG00000104884;ENSG00000108773;ENSG00000134046;ENSG00000105849;ENSG00000158373;ENSG00000167491;ENSG00000188486;ENSG00000180596;ENSG00000272047;ENSG00000276180;ENSG00000274750;ENSG00000103168;ENSG00000270882;ENSG00000071655;ENSG00000099817;ENSG00000197061;ENSG00000274183;ENSG00000246705;ENSG00000124635;ENSG00000277224;ENSG00000115750;ENSG00000134480;ENSG00000117877;ENSG00000273983;ENSG00000066379;ENSG00000166012;ENSG00000277775;ENSG00000180573;ENSG00000147669;ENSG00000204371;ENSG00000276368;ENSG00000196591;ENSG00000278588;ENSG00000275714;ENSG00000197903;ENSG00000112592;ENSG00000122565;ENSG00000184678"
"REACTOME","REACTOME_MITOCHONDRIAL_BIOGENESIS",0.00177767259198968,0.0190157098476472,0.45505986738723,0.444277227513115,1.61838848727951,92,"ENSG00000185386;ENSG00000188130;ENSG00000162851;ENSG00000152234;ENSG00000130589;ENSG00000174917;ENSG00000154723;ENSG00000241837;ENSG00000099624;ENSG00000107815;ENSG00000241468;ENSG00000178307;ENSG00000007923;ENSG00000124523;ENSG00000173171;ENSG00000124172;ENSG00000169020;ENSG00000128654;ENSG00000106028;ENSG00000132305;ENSG00000181929;ENSG00000131069;ENSG00000160741;ENSG00000159199;ENSG00000113013;ENSG00000116459;ENSG00000162409;ENSG00000110955;ENSG00000125375;ENSG00000173153;ENSG00000156411;ENSG00000100347;ENSG00000135390;ENSG00000167283;ENSG00000256525;ENSG00000148672;ENSG00000127989;ENSG00000082014;ENSG00000165629;ENSG00000106459;ENSG00000148840;ENSG00000029639;ENSG00000111725;ENSG00000172115"
"REACTOME","REACTOME_SELECTIVE_AUTOPHAGY",0.00181746659885427,0.0192952093051295,0.45505986738723,0.456098234032898,1.64975807980909,88,"ENSG00000167552;ENSG00000137267;ENSG00000137285;ENSG00000161011;ENSG00000147872;ENSG00000143947;ENSG00000204435;ENSG00000158828;ENSG00000185122;ENSG00000214736;ENSG00000080824;ENSG00000088986;ENSG00000181929;ENSG00000188229;ENSG00000116288;ENSG00000183785;ENSG00000167553;ENSG00000221983;ENSG00000139197;ENSG00000130204;ENSG00000123416;ENSG00000001626;ENSG00000162409;ENSG00000165637;ENSG00000173213;ENSG00000109332;ENSG00000244687;ENSG00000158560;ENSG00000170315;ENSG00000127824;ENSG00000196683;ENSG00000144635;ENSG00000175768;ENSG00000078668;ENSG00000150991;ENSG00000032742;ENSG00000069509;ENSG00000156469;ENSG00000109971;ENSG00000111725;ENSG00000057663;ENSG00000178462;ENSG00000123240;ENSG00000101460;ENSG00000247077"
"REACTOME","REACTOME_TNFR2_NON_CANONICAL_NF_KB_PATHWAY",0.00186045322500342,0.0196041787589913,0.45505986738723,0.460147183789731,1.63722205995233,80,"ENSG00000100804;ENSG00000136930;ENSG00000143947;ENSG00000277791;ENSG00000087191;ENSG00000041357;ENSG00000008018;ENSG00000185627;ENSG00000100764;ENSG00000101182;ENSG00000130706;ENSG00000126067;ENSG00000103035;ENSG00000221983;ENSG00000142507;ENSG00000106588;ENSG00000165916;ENSG00000099341;ENSG00000164761;ENSG00000197170;ENSG00000100519;ENSG00000111321;ENSG00000055130;ENSG00000170315;ENSG00000115233;ENSG00000127922;ENSG00000159377;ENSG00000028137;ENSG00000113558;ENSG00000135960;ENSG00000173692;ENSG00000100567;ENSG00000150991;ENSG00000049249;ENSG00000104856;ENSG00000181634;ENSG00000120659;ENSG00000175166;ENSG00000102524;ENSG00000006327;ENSG00000144744"
"REACTOME","REACTOME_MRNA_POLYADENYLATION",0.00205435739966129,0.0214430190347366,0.431707695803346,0.404773244974572,1.54636502819486,127,"ENSG00000154548;ENSG00000128739;ENSG00000177700;ENSG00000143947;ENSG00000163882;ENSG00000124562;ENSG00000149016;ENSG00000104852;ENSG00000116350;ENSG00000100142;ENSG00000125755;ENSG00000065978;ENSG00000221983;ENSG00000172531;ENSG00000117751;ENSG00000125651;ENSG00000125870;ENSG00000060339;ENSG00000143977;ENSG00000089280;ENSG00000105705;ENSG00000125743;ENSG00000179950;ENSG00000105258;ENSG00000172409;ENSG00000071894;ENSG00000168002;ENSG00000170315;ENSG00000169976;ENSG00000104824;ENSG00000099817;ENSG00000092199;ENSG00000119203;ENSG00000176102;ENSG00000125835;ENSG00000003756;ENSG00000134453;ENSG00000115128;ENSG00000182004;ENSG00000005075;ENSG00000143368;ENSG00000150991;ENSG00000101138;ENSG00000087365;ENSG00000087087;ENSG00000147669;ENSG00000111786"
"REACTOME","REACTOME_RHO_GTPASE_CYCLE",0.00206533327813327,0.0214430190347366,0.431707695803346,-0.317679919121966,-1.36001011331993,443,"ENSG00000204178;ENSG00000176853;ENSG00000138443;ENSG00000088756;ENSG00000158195;ENSG00000167460;ENSG00000173218;ENSG00000129675;ENSG00000031003;ENSG00000116574;ENSG00000107863;ENSG00000152767;ENSG00000101384;ENSG00000092531;ENSG00000126217;ENSG00000134909;ENSG00000124164;ENSG00000120802;ENSG00000028116;ENSG00000046604;ENSG00000169379;ENSG00000198142;ENSG00000115145;ENSG00000119139;ENSG00000138735;ENSG00000090615;ENSG00000137727;ENSG00000174106;ENSG00000156299;ENSG00000103540;ENSG00000122966;ENSG00000154447;ENSG00000150093;ENSG00000113194;ENSG00000115306;ENSG00000106069;ENSG00000180370;ENSG00000134313;ENSG00000108582;ENSG00000131089;ENSG00000124126;ENSG00000144909;ENSG00000150760;ENSG00000088387;ENSG00000141738;ENSG00000161800;ENSG00000273749;ENSG00000153944;ENSG00000121871;ENSG00000073921;ENSG00000107099;ENSG00000118407;ENSG00000117461;ENSG00000186399;ENSG00000144283;ENSG00000079482;ENSG00000170776;ENSG00000164741;ENSG00000135905;ENSG00000135090;ENSG00000145703;ENSG00000159314;ENSG00000139132;ENSG00000075391;ENSG00000165280;ENSG00000163629;ENSG00000134318;ENSG00000110237;ENSG00000168421;ENSG00000145675;ENSG00000168143;ENSG00000105647;ENSG00000161791;ENSG00000122574;ENSG00000182504;ENSG00000112851;ENSG00000137962;ENSG00000102302;ENSG00000160007;ENSG00000143776;ENSG00000116984;ENSG00000160145;ENSG00000160447;ENSG00000079387;ENSG00000133121;ENSG00000123338;ENSG00000067900;ENSG00000107890;ENSG00000123329;ENSG00000266028;ENSG00000075651;ENSG00000137135;ENSG00000149532;ENSG00000157827;ENSG00000140750;ENSG00000196914;ENSG00000124486;ENSG00000198373;ENSG00000171475;ENSG00000061676;ENSG00000055163;ENSG00000139436;ENSG00000196408;ENSG00000165168;ENSG00000133226;ENSG00000146247;ENSG00000137269;ENSG00000038382;ENSG00000107554;ENSG00000147459;ENSG00000047932;ENSG00000128298;ENSG00000105137;ENSG00000074695;ENSG00000113368;ENSG00000198171;ENSG00000182957;ENSG00000132694;ENSG00000111348;ENSG00000031081;ENSG00000066933;ENSG00000143322;ENSG00000122126;ENSG00000114346;ENSG00000198399;ENSG00000197122;ENSG00000115107;ENSG00000072422;ENSG00000242247;ENSG00000008517;ENSG00000114993;ENSG00000100092;ENSG00000023892;ENSG00000136478;ENSG00000174373;ENSG00000188219;ENSG00000072274;ENSG00000047365;ENSG00000065526;ENSG00000198844;ENSG00000143878;ENSG00000128340;ENSG00000003393;ENSG00000100485;ENSG00000183856;ENSG00000066248;ENSG00000145990;ENSG00000165322;ENSG00000115904;ENSG00000188158;ENSG00000004399;ENSG00000115355"
"REACTOME","REACTOME_LATE_SARS_COV_2_INFECTION_EVENTS",0.00217396289720175,0.0224060993492618,0.431707695803346,-0.51551330908643,-1.76888729446712,72,"ENSG00000127022;ENSG00000134910;ENSG00000156599;ENSG00000102158;ENSG00000008513;ENSG00000089597;ENSG00000163527;ENSG00000071073;ENSG00000104219;ENSG00000163902;ENSG00000138617;ENSG00000198856;ENSG00000177119;ENSG00000244038;ENSG00000130175;ENSG00000112893;ENSG00000151883;ENSG00000171714;ENSG00000102699;ENSG00000033170;ENSG00000135250"
"REACTOME","REACTOME_ABORTIVE_ELONGATION_OF_HIV_1_TRANSCRIPT_IN_THE_ABSENCE_OF_TAT",0.00229574364809026,0.0234897828340829,0.431707695803346,0.65579867364926,1.82089511564888,23,"ENSG00000177700;ENSG00000163882;ENSG00000204356;ENSG00000100142;ENSG00000188986;ENSG00000101158;ENSG00000125651;ENSG00000060069;ENSG00000105258;ENSG00000168002;ENSG00000185049;ENSG00000099817;ENSG00000005075;ENSG00000196235;ENSG00000147669"
"REACTOME","REACTOME_INTEGRIN_CELL_SURFACE_INTERACTIONS",0.00232937829857196,0.0236624615653497,0.431707695803346,-0.492787934346278,-1.70869071586029,76,"ENSG00000171812;ENSG00000115414;ENSG00000084636;ENSG00000182871;ENSG00000114270;ENSG00000154721;ENSG00000137809;ENSG00000150093;ENSG00000142798;ENSG00000166147;ENSG00000196776;ENSG00000105664;ENSG00000082781;ENSG00000169031;ENSG00000081052;ENSG00000197565;ENSG00000187498;ENSG00000171560;ENSG00000108821;ENSG00000213949;ENSG00000026508;ENSG00000188157;ENSG00000139626;ENSG00000143127;ENSG00000142173;ENSG00000115232"
"REACTOME","REACTOME_INTERLEUKIN_1_FAMILY_SIGNALING",0.00241476717677525,0.0242550882545363,0.431707695803346,0.40243761950534,1.53744218166431,127,"ENSG00000161011;ENSG00000100804;ENSG00000136930;ENSG00000143947;ENSG00000175354;ENSG00000277791;ENSG00000090376;ENSG00000065559;ENSG00000087191;ENSG00000041357;ENSG00000008018;ENSG00000185627;ENSG00000100764;ENSG00000168256;ENSG00000127947;ENSG00000101182;ENSG00000104518;ENSG00000130706;ENSG00000126067;ENSG00000174516;ENSG00000103035;ENSG00000168884;ENSG00000184216;ENSG00000100324;ENSG00000221983;ENSG00000100387;ENSG00000142507;ENSG00000106588;ENSG00000165916;ENSG00000099341;ENSG00000197170;ENSG00000100906;ENSG00000185187;ENSG00000100519;ENSG00000134070;ENSG00000244687;ENSG00000055130;ENSG00000170315;ENSG00000115233;ENSG00000127922;ENSG00000159377;ENSG00000113558;ENSG00000197885;ENSG00000169410;ENSG00000072135;ENSG00000125571;ENSG00000101557;ENSG00000173692;ENSG00000100567;ENSG00000150991"
"REACTOME","REACTOME_SARS_COV_2_HOST_INTERACTIONS",0.00242207326054505,0.0242550882545363,0.431707695803346,0.367293924545102,1.47760012401042,190,"ENSG00000142252;ENSG00000177954;ENSG00000178952;ENSG00000152661;ENSG00000143947;ENSG00000233927;ENSG00000083845;ENSG00000170889;ENSG00000112306;ENSG00000124614;ENSG00000105372;ENSG00000213741;ENSG00000149273;ENSG00000096384;ENSG00000105193;ENSG00000168028;ENSG00000080824;ENSG00000186468;ENSG00000231500;ENSG00000138326;ENSG00000145425;ENSG00000118181;ENSG00000115268;ENSG00000177663;ENSG00000184056;ENSG00000175793;ENSG00000149806;ENSG00000184216;ENSG00000110700;ENSG00000198034;ENSG00000100324;ENSG00000221983;ENSG00000197728;ENSG00000164587;ENSG00000126456;ENSG00000182774;ENSG00000134419;ENSG00000129824;ENSG00000140988;ENSG00000171863;ENSG00000143977;ENSG00000136631;ENSG00000142937;ENSG00000008988;ENSG00000125743;ENSG00000215305;ENSG00000137462;ENSG00000134070;ENSG00000182481;ENSG00000244687;ENSG00000185507;ENSG00000142534;ENSG00000170315;ENSG00000179409;ENSG00000171858;ENSG00000128245;ENSG00000172062;ENSG00000105221;ENSG00000125835;ENSG00000139719;ENSG00000234745;ENSG00000181481;ENSG00000182004;ENSG00000138750;ENSG00000166913;ENSG00000150991;ENSG00000092208;ENSG00000136243"
"REACTOME","REACTOME_MAPK6_MAPK4_SIGNALING",0.00246701292378376,0.0245311425942441,0.431707695803346,0.461756404249695,1.63335853863161,77,"ENSG00000100804;ENSG00000136930;ENSG00000106211;ENSG00000143947;ENSG00000277791;ENSG00000087191;ENSG00000041357;ENSG00000008018;ENSG00000185627;ENSG00000100764;ENSG00000101182;ENSG00000130706;ENSG00000126067;ENSG00000103035;ENSG00000167617;ENSG00000079335;ENSG00000155363;ENSG00000221983;ENSG00000142507;ENSG00000106588;ENSG00000165916;ENSG00000099341;ENSG00000197170;ENSG00000149269;ENSG00000100519;ENSG00000177606;ENSG00000170315;ENSG00000115233;ENSG00000127922;ENSG00000159377;ENSG00000070831;ENSG00000166349;ENSG00000173692;ENSG00000100567;ENSG00000150991"
"REACTOME","REACTOME_MRNA_SPLICING_MINOR_PATHWAY",0.0026868503862648,0.0265302989189223,0.431707695803346,0.517587577919236,1.69384362380375,50,"ENSG00000177700;ENSG00000184209;ENSG00000163882;ENSG00000161981;ENSG00000100319;ENSG00000100142;ENSG00000065978;ENSG00000125651;ENSG00000108883;ENSG00000143977;ENSG00000125743;ENSG00000105258;ENSG00000169249;ENSG00000168002;ENSG00000169976;ENSG00000099817;ENSG00000125835;ENSG00000115128;ENSG00000182004;ENSG00000005075;ENSG00000143368;ENSG00000087365;ENSG00000147669;ENSG00000100028"
"REACTOME","REACTOME_RHOB_GTPASE_CYCLE",0.00273163993976632,0.0267852471871531,0.431707695803346,-0.490315284657066,-1.66970983819281,69,"ENSG00000173218;ENSG00000107863;ENSG00000092531;ENSG00000126217;ENSG00000134909;ENSG00000198142;ENSG00000119139;ENSG00000122966;ENSG00000124126;ENSG00000161800;ENSG00000079482;ENSG00000170776;ENSG00000164741;ENSG00000134318;ENSG00000110237;ENSG00000145675;ENSG00000105647;ENSG00000112851;ENSG00000160007;ENSG00000160447;ENSG00000133121;ENSG00000067900;ENSG00000196914;ENSG00000132694;ENSG00000066933;ENSG00000114346;ENSG00000114993;ENSG00000072274;ENSG00000143878;ENSG00000183856;ENSG00000173848;ENSG00000139734;ENSG00000105974"
"REACTOME","REACTOME_DISEASES_OF_SIGNAL_TRANSDUCTION_BY_GROWTH_FACTOR_RECEPTORS_AND_SECOND_MESSENGERS",0.00322003577817531,0.0313564863364382,0.34452128726268,-0.315964835727894,-1.35118617512052,436,"ENSG00000125844;ENSG00000172071;ENSG00000135679;ENSG00000071537;ENSG00000166068;ENSG00000115414;ENSG00000175029;ENSG00000072849;ENSG00000184384;ENSG00000135506;ENSG00000138032;ENSG00000161021;ENSG00000157764;ENSG00000141506;ENSG00000155629;ENSG00000167460;ENSG00000114354;ENSG00000156427;ENSG00000110324;ENSG00000101384;ENSG00000150907;ENSG00000139318;ENSG00000171435;ENSG00000005339;ENSG00000068078;ENSG00000078687;ENSG00000112531;ENSG00000123908;ENSG00000162298;ENSG00000172216;ENSG00000127946;ENSG00000105976;ENSG00000114166;ENSG00000185737;ENSG00000169047;ENSG00000138674;ENSG00000142208;ENSG00000115306;ENSG00000101752;ENSG00000089234;ENSG00000157168;ENSG00000107643;ENSG00000035403;ENSG00000198369;ENSG00000179295;ENSG00000116473;ENSG00000196712;ENSG00000126070;ENSG00000141480;ENSG00000169057;ENSG00000186654;ENSG00000108061;ENSG00000154001;ENSG00000117461;ENSG00000173230;ENSG00000160691;ENSG00000173757;ENSG00000183762;ENSG00000119397;ENSG00000165280;ENSG00000173273;ENSG00000135547;ENSG00000164086;ENSG00000213281;ENSG00000143801;ENSG00000133116;ENSG00000197461;ENSG00000145675;ENSG00000105647;ENSG00000153094;ENSG00000130829;ENSG00000145349;ENSG00000162736;ENSG00000013619;ENSG00000112851;ENSG00000141068;ENSG00000070018;ENSG00000102678;ENSG00000173821;ENSG00000196782;ENSG00000070808;ENSG00000130779;ENSG00000033327;ENSG00000185950;ENSG00000126214;ENSG00000110841;ENSG00000141646;ENSG00000164327;ENSG00000171560;ENSG00000149970;ENSG00000182606;ENSG00000068024;ENSG00000109458;ENSG00000166949;ENSG00000141027;ENSG00000138675;ENSG00000132842;ENSG00000068971;ENSG00000100393;ENSG00000115760;ENSG00000112941;ENSG00000082701;ENSG00000168610;ENSG00000133030;ENSG00000109670;ENSG00000140992;ENSG00000148660;ENSG00000130816;ENSG00000111266;ENSG00000068912;ENSG00000114742;ENSG00000100030;ENSG00000108946;ENSG00000257923;ENSG00000114315;ENSG00000108375;ENSG00000066027;ENSG00000197122;ENSG00000118260"
"REACTOME","REACTOME_C_TYPE_LECTIN_RECEPTORS_CLRS",0.00324591088037597,0.0313919600211704,0.431707695803346,0.403995070123428,1.51782480225749,113,"ENSG00000163932;ENSG00000100804;ENSG00000136930;ENSG00000143947;ENSG00000277791;ENSG00000185499;ENSG00000087191;ENSG00000041357;ENSG00000008018;ENSG00000185627;ENSG00000100764;ENSG00000174775;ENSG00000101182;ENSG00000130706;ENSG00000126067;ENSG00000103035;ENSG00000100324;ENSG00000221983;ENSG00000117983;ENSG00000142507;ENSG00000099804;ENSG00000106588;ENSG00000165916;ENSG00000099341;ENSG00000103490;ENSG00000197170;ENSG00000149269;ENSG00000100906;ENSG00000176945;ENSG00000100519;ENSG00000244687;ENSG00000055130;ENSG00000170315;ENSG00000115233;ENSG00000127922;ENSG00000159377;ENSG00000113558;ENSG00000173692;ENSG00000100567;ENSG00000150991;ENSG00000138814;ENSG00000072401;ENSG00000104856;ENSG00000173039;ENSG00000165025"
"REACTOME","REACTOME_METABOLISM_OF_WATER_SOLUBLE_VITAMINS_AND_COFACTORS",0.00337078651685393,0.0322860931997988,0.34452128726268,-0.417633788375907,-1.55533190703193,120,"ENSG00000196511;ENSG00000117394;ENSG00000120509;ENSG00000103222;ENSG00000138617;ENSG00000152620;ENSG00000124275;ENSG00000135318;ENSG00000103485;ENSG00000065911;ENSG00000171723;ENSG00000184719;ENSG00000120254;ENSG00000163864;ENSG00000176974;ENSG00000151883;ENSG00000004468;ENSG00000168216;ENSG00000076555;ENSG00000136010;ENSG00000170482;ENSG00000228716;ENSG00000102699;ENSG00000173599;ENSG00000160209;ENSG00000163738;ENSG00000278540;ENSG00000197594;ENSG00000116984;ENSG00000157064;ENSG00000136960;ENSG00000164933;ENSG00000166347;ENSG00000112874;ENSG00000135917"
"REACTOME","REACTOME_RESPONSE_TO_ELEVATED_PLATELET_CYTOSOLIC_CA2",0.00338409475465313,0.0322860931997988,0.34452128726268,-0.41020990125867,-1.53162722705709,123,"ENSG00000044574;ENSG00000145050;ENSG00000100234;ENSG00000115414;ENSG00000096070;ENSG00000112715;ENSG00000041353;ENSG00000128595;ENSG00000164111;ENSG00000184500;ENSG00000149218;ENSG00000125257;ENSG00000035403;ENSG00000167244;ENSG00000185010;ENSG00000165197;ENSG00000116260;ENSG00000196924;ENSG00000142192;ENSG00000197461;ENSG00000196937;ENSG00000100568;ENSG00000198113"
"REACTOME","REACTOME_TRANSCRIPTION_OF_E2F_TARGETS_UNDER_NEGATIVE_CONTROL_BY_DREAM_COMPLEX",0.00379772136717969,0.0350703331557463,0.335068558717014,-0.690498169479827,-1.79500349021552,19,"ENSG00000125952;ENSG00000205659;ENSG00000114126;ENSG00000080839;ENSG00000162521;ENSG00000198176;ENSG00000094804;ENSG00000131747;ENSG00000183814;ENSG00000103479"
"REACTOME","REACTOME_NPAS4_REGULATES_EXPRESSION_OF_TARGET_GENES",0.00376610505450942,0.0350703331557463,0.335068558717014,-0.672524603693768,-1.78703109159958,21,"ENSG00000254647;ENSG00000135679;ENSG00000133794;ENSG00000005339;ENSG00000164949;ENSG00000120645;ENSG00000172379"
"REACTOME","REACTOME_SIGNALING_BY_ALK_IN_CANCER",0.0038001140034201,0.0350703331557463,0.326351610990907,-0.443249912266143,-1.57966076336179,90,"ENSG00000125844;ENSG00000172071;ENSG00000135679;ENSG00000115414;ENSG00000138032;ENSG00000167460;ENSG00000114354;ENSG00000110324;ENSG00000078687;ENSG00000123908;ENSG00000172216;ENSG00000127946;ENSG00000169047;ENSG00000138674;ENSG00000107643;ENSG00000035403;ENSG00000126070;ENSG00000169057;ENSG00000160691;ENSG00000145675;ENSG00000105647;ENSG00000173821;ENSG00000126214;ENSG00000110841"
"REACTOME","REACTOME_NEGATIVE_REGULATION_OF_THE_PI3K_AKT_NETWORK",0.00373901663862404,0.0350703331557463,0.326351610990907,-0.425768705356815,-1.56308968047041,108,"ENSG00000254647;ENSG00000141506;ENSG00000155629;ENSG00000156427;ENSG00000068078;ENSG00000105976;ENSG00000185737;ENSG00000169047;ENSG00000142208;ENSG00000157168;ENSG00000179295;ENSG00000137331;ENSG00000154001;ENSG00000117461;ENSG00000133116;ENSG00000197461;ENSG00000145675;ENSG00000105647;ENSG00000143398;ENSG00000276293;ENSG00000102678;ENSG00000033327;ENSG00000185950;ENSG00000109458;ENSG00000138675;ENSG00000068971"
"REACTOME","REACTOME_INTRA_GOLGI_AND_RETROGRADE_GOLGI_TO_ER_TRAFFIC",0.00372856077554064,0.0350703331557463,0.326351610990907,-0.368418107300699,-1.46105553650307,202,"ENSG00000099246;ENSG00000003056;ENSG00000086598;ENSG00000160216;ENSG00000170348;ENSG00000136240;ENSG00000164627;ENSG00000100196;ENSG00000123570;ENSG00000197081;ENSG00000134970;ENSG00000137502;ENSG00000101162;ENSG00000135249;ENSG00000196547;ENSG00000136935;ENSG00000136152;ENSG00000164597;ENSG00000007168;ENSG00000176014;ENSG00000116489;ENSG00000151779;ENSG00000112893;ENSG00000164292;ENSG00000152291;ENSG00000161800;ENSG00000122218;ENSG00000105355;ENSG00000158623;ENSG00000120805;ENSG00000163808;ENSG00000095139;ENSG00000054523;ENSG00000133103;ENSG00000198162;ENSG00000115839;ENSG00000117533;ENSG00000104833;ENSG00000184432;ENSG00000138160;ENSG00000179331;ENSG00000143761;ENSG00000126214;ENSG00000101350;ENSG00000151746;ENSG00000138069;ENSG00000066455;ENSG00000138182;ENSG00000105438;ENSG00000111885;ENSG00000148248;ENSG00000084731;ENSG00000090889;ENSG00000138778;ENSG00000108587;ENSG00000168092;ENSG00000107185;ENSG00000108433;ENSG00000257923;ENSG00000117643;ENSG00000165115;ENSG00000129083;ENSG00000242247;ENSG00000132912"
"REACTOME","REACTOME_BUDDING_AND_MATURATION_OF_HIV_VIRION",0.00390946502057613,0.0351602841340987,0.335068558717014,0.603627628260538,1.75590807995605,28,"ENSG00000132612;ENSG00000139722;ENSG00000143947;ENSG00000147457;ENSG00000176428;ENSG00000196262;ENSG00000141971;ENSG00000160948;ENSG00000101421;ENSG00000221983;ENSG00000086065;ENSG00000170315;ENSG00000196814;ENSG00000254505;ENSG00000165006;ENSG00000150991"
"REACTOME","REACTOME_PINK1_PRKN_MEDIATED_MITOPHAGY",0.0038942406230785,0.0351602841340987,0.335068558717014,0.577981138565771,1.73307514628673,32,"ENSG00000161011;ENSG00000143947;ENSG00000158828;ENSG00000214736;ENSG00000221983;ENSG00000130204;ENSG00000165637;ENSG00000109332;ENSG00000244687;ENSG00000170315;ENSG00000196683;ENSG00000175768;ENSG00000078668;ENSG00000150991;ENSG00000156469;ENSG00000057663;ENSG00000123240;ENSG00000101460"
"REACTOME","REACTOME_AGGREPHAGY",0.00390143737166324,0.0351602841340987,0.335068558717014,0.529048154824438,1.68759278529037,43,"ENSG00000167552;ENSG00000137267;ENSG00000137285;ENSG00000143947;ENSG00000185122;ENSG00000080824;ENSG00000088986;ENSG00000188229;ENSG00000116288;ENSG00000183785;ENSG00000167553;ENSG00000221983;ENSG00000123416;ENSG00000001626;ENSG00000173213;ENSG00000244687;ENSG00000158560;ENSG00000170315;ENSG00000127824;ENSG00000144635"
"REACTOME","REACTOME_TCF_DEPENDENT_SIGNALING_IN_RESPONSE_TO_WNT",0.00388768898488121,0.0351602841340987,0.34452128726268,0.351667065596096,1.43452148514858,212,"ENSG00000065717;ENSG00000131650;ENSG00000171056;ENSG00000101282;ENSG00000100804;ENSG00000136930;ENSG00000143947;ENSG00000277791;ENSG00000140332;ENSG00000181274;ENSG00000204435;ENSG00000087191;ENSG00000273802;ENSG00000041357;ENSG00000103126;ENSG00000008018;ENSG00000185627;ENSG00000100764;ENSG00000156076;ENSG00000101182;ENSG00000130706;ENSG00000126067;ENSG00000103035;ENSG00000132475;ENSG00000172977;ENSG00000137713;ENSG00000108379;ENSG00000221983;ENSG00000166477;ENSG00000100387;ENSG00000142507;ENSG00000106588;ENSG00000165916;ENSG00000099341;ENSG00000162552;ENSG00000158373;ENSG00000197170;ENSG00000113575;ENSG00000143816;ENSG00000100519;ENSG00000164362;ENSG00000188486;ENSG00000180596;ENSG00000104371;ENSG00000276180;ENSG00000274750;ENSG00000105568;ENSG00000170315;ENSG00000115233;ENSG00000020633;ENSG00000270882;ENSG00000127922;ENSG00000197061;ENSG00000274183;ENSG00000159377;ENSG00000246705;ENSG00000124635;ENSG00000277224;ENSG00000162961;ENSG00000105221;ENSG00000177283;ENSG00000112640;ENSG00000273983;ENSG00000173692;ENSG00000100567;ENSG00000150991;ENSG00000277775;ENSG00000196363;ENSG00000180573"
"REACTOME","REACTOME_RNA_POLYMERASE_I_PROMOTER_ESCAPE",0.00397655922980327,0.0351772675717263,0.335068558717014,0.435231633930959,1.5678070994672,85,"ENSG00000177700;ENSG00000163882;ENSG00000171453;ENSG00000273802;ENSG00000100142;ENSG00000132475;ENSG00000104884;ENSG00000105849;ENSG00000158373;ENSG00000188486;ENSG00000180596;ENSG00000272047;ENSG00000276180;ENSG00000274750;ENSG00000103168;ENSG00000270882;ENSG00000099817;ENSG00000197061;ENSG00000274183;ENSG00000246705;ENSG00000124635;ENSG00000277224;ENSG00000115750;ENSG00000134480;ENSG00000117877;ENSG00000273983;ENSG00000066379;ENSG00000166012;ENSG00000277775;ENSG00000180573;ENSG00000147669;ENSG00000276368;ENSG00000278588;ENSG00000275714;ENSG00000197903;ENSG00000112592;ENSG00000122565;ENSG00000184678;ENSG00000234289;ENSG00000068654"
"REACTOME","REACTOME_HEDGEHOG_OFF_STATE",0.00398609264268854,0.0351772675717263,0.407017918923954,0.42541284918925,1.56774807977941,99,"ENSG00000167552;ENSG00000137267;ENSG00000137285;ENSG00000010361;ENSG00000100804;ENSG00000136930;ENSG00000143947;ENSG00000277791;ENSG00000087191;ENSG00000166813;ENSG00000041357;ENSG00000008018;ENSG00000185627;ENSG00000100764;ENSG00000101182;ENSG00000130706;ENSG00000126067;ENSG00000103035;ENSG00000188229;ENSG00000167553;ENSG00000221983;ENSG00000100387;ENSG00000142507;ENSG00000106588;ENSG00000165916;ENSG00000099341;ENSG00000123416;ENSG00000197170;ENSG00000046651;ENSG00000100519;ENSG00000005249;ENSG00000055130;ENSG00000170315;ENSG00000115233;ENSG00000127824;ENSG00000127922;ENSG00000159377;ENSG00000113558;ENSG00000163913;ENSG00000188191;ENSG00000121281;ENSG00000173692;ENSG00000100567;ENSG00000150991;ENSG00000032742"
"REACTOME","REACTOME_SEPARATION_OF_SISTER_CHROMATIDS",0.00393786917523518,0.0351772675717263,0.34452128726268,0.362131025569819,1.44391146619544,178,"ENSG00000167552;ENSG00000137267;ENSG00000137285;ENSG00000102901;ENSG00000002822;ENSG00000177954;ENSG00000100804;ENSG00000136930;ENSG00000143947;ENSG00000089053;ENSG00000196510;ENSG00000277791;ENSG00000100401;ENSG00000087191;ENSG00000041357;ENSG00000008018;ENSG00000185627;ENSG00000100764;ENSG00000090273;ENSG00000101182;ENSG00000130706;ENSG00000126067;ENSG00000088986;ENSG00000103035;ENSG00000188229;ENSG00000137713;ENSG00000183785;ENSG00000167553;ENSG00000221983;ENSG00000108106;ENSG00000110200;ENSG00000160783;ENSG00000142507;ENSG00000106588;ENSG00000165916;ENSG00000099341;ENSG00000123416;ENSG00000197170;ENSG00000141552;ENSG00000113575;ENSG00000170142;ENSG00000100519;ENSG00000173213;ENSG00000175279;ENSG00000105568;ENSG00000158560;ENSG00000170315;ENSG00000115233;ENSG00000127824;ENSG00000127922;ENSG00000130177;ENSG00000159377;ENSG00000144635;ENSG00000178999;ENSG00000164611;ENSG00000112640;ENSG00000173692;ENSG00000101367;ENSG00000100567;ENSG00000150991;ENSG00000072401;ENSG00000123810;ENSG00000179051;ENSG00000176386;ENSG00000085415;ENSG00000175166;ENSG00000178462"
"REACTOME","REACTOME_ACETYLCHOLINE_BINDING_AND_DOWNSTREAM_EVENTS",0.00402090872537193,0.0352641187591625,0.326351610990907,-0.756949339503158,-1.78480866181781,13,"ENSG00000169684;ENSG00000135902;ENSG00000120903;ENSG00000138435;ENSG00000160716;ENSG00000080644;ENSG00000117971;ENSG00000108556"
"REACTOME","REACTOME_COLLAGEN_FORMATION",0.00406490248927758,0.0354298908324688,0.407017918923954,-0.470612056913675,-1.65050540146589,82,"ENSG00000171812;ENSG00000166794;ENSG00000115318;ENSG00000196739;ENSG00000084636;ENSG00000182871;ENSG00000053747;ENSG00000090530;ENSG00000114270;ENSG00000130508;ENSG00000185624;ENSG00000188517;ENSG00000082293;ENSG00000117385;ENSG00000087116;ENSG00000135047;ENSG00000072682;ENSG00000134013;ENSG00000083444;ENSG00000169436;ENSG00000129038;ENSG00000169031;ENSG00000081052;ENSG00000197565;ENSG00000187498;ENSG00000108821;ENSG00000101203;ENSG00000124749;ENSG00000204291"
"REACTOME","REACTOME_HSP90_CHAPERONE_CYCLE_FOR_STEROID_HORMONE_RECEPTORS_SHR_IN_THE_PRESENCE_OF_LIGAND",0.00412541254125413,0.0357367025046063,0.326351610990907,0.486687522509138,1.62993016027238,56,"ENSG00000167552;ENSG00000137267;ENSG00000004478;ENSG00000140403;ENSG00000137285;ENSG00000204843;ENSG00000096384;ENSG00000080824;ENSG00000088986;ENSG00000204389;ENSG00000188229;ENSG00000183785;ENSG00000167553;ENSG00000168439;ENSG00000151623;ENSG00000123416;ENSG00000077549;ENSG00000086061;ENSG00000173213;ENSG00000110958;ENSG00000158560;ENSG00000127824;ENSG00000144635"
"REACTOME","REACTOME_PEPTIDE_HORMONE_METABOLISM",0.00421940928270042,0.0363280847998353,0.310776919977249,-0.454119751851283,-1.59266447242846,82,"ENSG00000254647;ENSG00000070367;ENSG00000196549;ENSG00000129128;ENSG00000197535;ENSG00000164756;ENSG00000118363;ENSG00000185624;ENSG00000145740;ENSG00000135744;ENSG00000111664;ENSG00000168280;ENSG00000086619"
"REACTOME","REACTOME_COLLAGEN_BIOSYNTHESIS_AND_MODIFYING_ENZYMES",0.00440950920245399,0.0377347090537275,0.303779434551183,-0.484099938338424,-1.61903010553825,62,"ENSG00000171812;ENSG00000166794;ENSG00000196739;ENSG00000084636;ENSG00000182871;ENSG00000090530;ENSG00000114270;ENSG00000185624;ENSG00000188517;ENSG00000082293;ENSG00000117385;ENSG00000087116;ENSG00000072682;ENSG00000083444;ENSG00000169436;ENSG00000169031;ENSG00000081052;ENSG00000197565;ENSG00000187498;ENSG00000108821;ENSG00000101203;ENSG00000124749;ENSG00000204291"
"REACTOME","REACTOME_PRESYNAPTIC_NICOTINIC_ACETYLCHOLINE_RECEPTORS",0.00448613376835237,0.0381591619332141,0.310776919977249,-0.790819305050168,-1.78003220814127,11,"ENSG00000169684;ENSG00000135902;ENSG00000120903;ENSG00000138435;ENSG00000160716;ENSG00000080644;ENSG00000117971;ENSG00000108556"
"REACTOME","REACTOME_RNA_POLYMERASE_I_TRANSCRIPTION_TERMINATION",0.00451481249578327,0.038173145173928,0.407017918923954,0.58768564711032,1.75236236989428,31,"ENSG00000177700;ENSG00000163882;ENSG00000171453;ENSG00000100142;ENSG00000104884;ENSG00000105849;ENSG00000272047;ENSG00000103168;ENSG00000099817;ENSG00000115750;ENSG00000134480;ENSG00000117877;ENSG00000066379;ENSG00000166012;ENSG00000147669"
"REACTOME","REACTOME_SLC_TRANSPORTER_DISORDERS",0.00456360524814604,0.0383560155379893,0.29723292199973,-0.430645270803397,-1.55242459907813,96,"ENSG00000117394;ENSG00000074621;ENSG00000110911;ENSG00000155465;ENSG00000169359;ENSG00000139496;ENSG00000120253;ENSG00000155561;ENSG00000198246;ENSG00000155850;ENSG00000091137;ENSG00000124789;ENSG00000074803;ENSG00000126883;ENSG00000106633;ENSG00000030066;ENSG00000101200;ENSG00000181804;ENSG00000163581;ENSG00000106688;ENSG00000115665;ENSG00000198569;ENSG00000168003;ENSG00000113569;ENSG00000110713;ENSG00000197375;ENSG00000112077;ENSG00000132182;ENSG00000102900;ENSG00000095319;ENSG00000140199;ENSG00000100170;ENSG00000156515;ENSG00000157020;ENSG00000196313;ENSG00000004939"
"REACTOME","REACTOME_RAC2_GTPASE_CYCLE",0.00478560490045942,0.0399838705292822,0.291090917251384,-0.445687061573767,-1.57254887251193,85,"ENSG00000138443;ENSG00000158195;ENSG00000173218;ENSG00000107863;ENSG00000134909;ENSG00000124164;ENSG00000120802;ENSG00000028116;ENSG00000046604;ENSG00000174106;ENSG00000156299;ENSG00000150093;ENSG00000180370;ENSG00000124126;ENSG00000150760;ENSG00000161800;ENSG00000273749;ENSG00000117461;ENSG00000079482;ENSG00000135905;ENSG00000135090;ENSG00000145675;ENSG00000105647;ENSG00000112851;ENSG00000160007;ENSG00000123338;ENSG00000140750;ENSG00000061676;ENSG00000139436;ENSG00000165168;ENSG00000038382;ENSG00000105137;ENSG00000074695"
"REACTOME","REACTOME_HIV_TRANSCRIPTION_ELONGATION",0.00492408699220353,0.0408988872528905,0.29723292199973,0.520775261759172,1.65289276857056,42,"ENSG00000177700;ENSG00000163882;ENSG00000105656;ENSG00000204356;ENSG00000100142;ENSG00000104884;ENSG00000188986;ENSG00000101158;ENSG00000125651;ENSG00000060069;ENSG00000103363;ENSG00000011007;ENSG00000272047;ENSG00000105258;ENSG00000168002;ENSG00000185049;ENSG00000099817;ENSG00000134480;ENSG00000005075;ENSG00000196235;ENSG00000147669"
"REACTOME","REACTOME_ECM_PROTEOGLYCANS",0.00497607655502392,0.041089006407566,0.285313392143872,-0.469594368911013,-1.61010652418687,71,"ENSG00000115414;ENSG00000053747;ENSG00000091136;ENSG00000038427;ENSG00000101680;ENSG00000150093;ENSG00000130287;ENSG00000142798;ENSG00000105664;ENSG00000162510;ENSG00000082781;ENSG00000142192;ENSG00000132692;ENSG00000169031;ENSG00000081052;ENSG00000149294;ENSG00000173402;ENSG00000197565;ENSG00000187498;ENSG00000196569;ENSG00000108821;ENSG00000116147;ENSG00000188157"
"REACTOME","REACTOME_ATF4_ACTIVATES_GENES_IN_RESPONSE_TO_ENDOPLASMIC_RETICULUM_STRESS",0.00503231067627108,0.0413117597377602,0.407017918923954,-0.644206767012458,-1.81741393377438,27,"ENSG00000051108;ENSG00000175197;ENSG00000172795;ENSG00000118217;ENSG00000001167;ENSG00000172216;ENSG00000153879"
"REACTOME","REACTOME_EXPRESSION_OF_BMAL_ARNTL_CLOCK_AND_NPAS2",0.005079117015042,0.0414549897412677,0.285313392143872,-0.57700492472025,-1.70995014879457,34,"ENSG00000186951;ENSG00000133794;ENSG00000125686;ENSG00000198646;ENSG00000005339;ENSG00000140396;ENSG00000140577;ENSG00000180530;ENSG00000105662;ENSG00000141027;ENSG00000100393;ENSG00000198963;ENSG00000143365;ENSG00000084676;ENSG00000118260;ENSG00000115966;ENSG00000069667;ENSG00000101849;ENSG00000096717;ENSG00000108557"
"REACTOME","REACTOME_SYNTHESIS_OF_DNA",0.00516311091393631,0.0418983483360809,0.407017918923954,0.415326319953249,1.55142107084843,108,"ENSG00000100804;ENSG00000136930;ENSG00000143947;ENSG00000089053;ENSG00000196510;ENSG00000277791;ENSG00000087191;ENSG00000041357;ENSG00000008018;ENSG00000185627;ENSG00000115350;ENSG00000100764;ENSG00000101182;ENSG00000130706;ENSG00000126067;ENSG00000103035;ENSG00000221983;ENSG00000108106;ENSG00000110200;ENSG00000100387;ENSG00000142507;ENSG00000106588;ENSG00000165916;ENSG00000099341;ENSG00000197170;ENSG00000148229;ENSG00000167513;ENSG00000141552;ENSG00000170142;ENSG00000100519;ENSG00000055130;ENSG00000170315;ENSG00000115233;ENSG00000127922;ENSG00000130177;ENSG00000159377;ENSG00000113558;ENSG00000105325;ENSG00000166508;ENSG00000173692;ENSG00000100567;ENSG00000150991;ENSG00000072401;ENSG00000176386;ENSG00000100297;ENSG00000175166;ENSG00000166295"
"REACTOME","REACTOME_TRANSCRIPTIONAL_REGULATION_BY_E2F6",0.00528500216736516,0.0424001310245432,0.407017918923954,-0.598519879025156,-1.77370956875588,34,"ENSG00000168283;ENSG00000125952;ENSG00000114126;ENSG00000163602;ENSG00000171848;ENSG00000106462;ENSG00000174197;ENSG00000162521;ENSG00000198176"
"REACTOME","REACTOME_METAL_ION_SLC_TRANSPORTERS",0.0052603395089913,0.0424001310245432,0.407017918923954,-0.549856768976001,-1.71719442149462,44,"ENSG00000183023;ENSG00000074621;ENSG00000104635;ENSG00000138821;ENSG00000110911;ENSG00000115194;ENSG00000164756;ENSG00000133065;ENSG00000136052;ENSG00000136868;ENSG00000145740;ENSG00000115616;ENSG00000170385;ENSG00000141424;ENSG00000065923;ENSG00000139540;ENSG00000112473;ENSG00000089060;ENSG00000181804"
"REACTOME","REACTOME_SUMOYLATION",0.00547168297183102,0.0436498099221774,0.407017918923954,-0.377213946247946,-1.48487091051838,187,"ENSG00000168283;ENSG00000135679;ENSG00000164754;ENSG00000163029;ENSG00000186951;ENSG00000163904;ENSG00000182568;ENSG00000172262;ENSG00000005339;ENSG00000088305;ENSG00000139496;ENSG00000137337;ENSG00000072501;ENSG00000214717;ENSG00000143799;ENSG00000140396;ENSG00000120253;ENSG00000155561;ENSG00000008196;ENSG00000185115;ENSG00000180530;ENSG00000165392;ENSG00000132383;ENSG00000100201;ENSG00000198900;ENSG00000124789;ENSG00000077150;ENSG00000149503;ENSG00000131747;ENSG00000064393;ENSG00000079387;ENSG00000141644;ENSG00000068024;ENSG00000178691;ENSG00000126883;ENSG00000030066;ENSG00000100393;ENSG00000152422;ENSG00000084676;ENSG00000111424;ENSG00000119231;ENSG00000270276;ENSG00000131788;ENSG00000118007;ENSG00000130816;ENSG00000184900;ENSG00000113569;ENSG00000110713;ENSG00000197837;ENSG00000177374;ENSG00000113580;ENSG00000141510;ENSG00000132182;ENSG00000126261;ENSG00000256683;ENSG00000102900;ENSG00000095319;ENSG00000147854;ENSG00000108654;ENSG00000169375;ENSG00000197238;ENSG00000172845;ENSG00000061273;ENSG00000055332;ENSG00000069667;ENSG00000119042"
"REACTOME","REACTOME_MITOTIC_G2_G2_M_PHASES",0.00567313986471743,0.0450026600504551,0.285313392143872,0.351544945798044,1.41766129101077,193,"ENSG00000167552;ENSG00000137267;ENSG00000137285;ENSG00000204843;ENSG00000152082;ENSG00000100804;ENSG00000136930;ENSG00000143947;ENSG00000277791;ENSG00000008128;ENSG00000087191;ENSG00000041357;ENSG00000008018;ENSG00000185627;ENSG00000100764;ENSG00000176101;ENSG00000096384;ENSG00000141577;ENSG00000101182;ENSG00000130706;ENSG00000037042;ENSG00000126067;ENSG00000080824;ENSG00000088986;ENSG00000103035;ENSG00000248333;ENSG00000188229;ENSG00000137713;ENSG00000183785;ENSG00000167553;ENSG00000221983;ENSG00000100387;ENSG00000142507;ENSG00000106588;ENSG00000165916;ENSG00000099341;ENSG00000123416;ENSG00000205629;ENSG00000197170;ENSG00000113575;ENSG00000046651;ENSG00000131462;ENSG00000126001;ENSG00000166483;ENSG00000100519;ENSG00000173213;ENSG00000005249;ENSG00000105568;ENSG00000055130;ENSG00000198089;ENSG00000170315;ENSG00000115233;ENSG00000127824;ENSG00000127922;ENSG00000159377;ENSG00000173272;ENSG00000113558;ENSG00000105325;ENSG00000134480;ENSG00000110274;ENSG00000124762;ENSG00000173692;ENSG00000101367;ENSG00000100567;ENSG00000150991;ENSG00000152240;ENSG00000183580;ENSG00000101057;ENSG00000078674;ENSG00000221914;ENSG00000130640;ENSG00000175166;ENSG00000178462;ENSG00000123240"
"REACTOME","REACTOME_SIGNALING_BY_THE_B_CELL_RECEPTOR_BCR",0.00573370142280739,0.0452289743519778,0.279865652661932,0.411602435694631,1.51371890693431,98,"ENSG00000100804;ENSG00000276045;ENSG00000136930;ENSG00000143947;ENSG00000277791;ENSG00000171608;ENSG00000087191;ENSG00000041357;ENSG00000008018;ENSG00000185627;ENSG00000100764;ENSG00000174775;ENSG00000101182;ENSG00000130706;ENSG00000126067;ENSG00000196262;ENSG00000103035;ENSG00000088832;ENSG00000221983;ENSG00000142507;ENSG00000106588;ENSG00000165916;ENSG00000099341;ENSG00000197170;ENSG00000100906;ENSG00000100519;ENSG00000105369;ENSG00000055130;ENSG00000170315;ENSG00000115233;ENSG00000127922;ENSG00000159377;ENSG00000113558;ENSG00000173692;ENSG00000100567;ENSG00000150991;ENSG00000138814;ENSG00000211644;ENSG00000173039;ENSG00000165025"
"REACTOME","REACTOME_FORMATION_OF_TC_NER_PRE_INCISION_COMPLEX",0.00583454886434674,0.0457687944247644,0.274717458595242,0.495104451679223,1.6254083607732,51,"ENSG00000177700;ENSG00000143947;ENSG00000163882;ENSG00000144524;ENSG00000100142;ENSG00000168090;ENSG00000104884;ENSG00000139842;ENSG00000221983;ENSG00000100387;ENSG00000111652;ENSG00000169727;ENSG00000272047;ENSG00000105258;ENSG00000168002;ENSG00000170315;ENSG00000099817;ENSG00000134480;ENSG00000076924;ENSG00000198783;ENSG00000005075;ENSG00000150991;ENSG00000147669"
"REACTOME","REACTOME_CYTOSOLIC_SENSORS_OF_PATHOGEN_ASSOCIATED_DNA",0.00605933974091099,0.0472695453821344,0.269842314478839,0.461474226814799,1.57019254117115,62,"ENSG00000124831;ENSG00000132109;ENSG00000177700;ENSG00000143947;ENSG00000163882;ENSG00000171453;ENSG00000113356;ENSG00000161980;ENSG00000168256;ENSG00000100142;ENSG00000168495;ENSG00000058600;ENSG00000221983;ENSG00000126456;ENSG00000127666;ENSG00000100906;ENSG00000185507;ENSG00000170315;ENSG00000099817;ENSG00000121851;ENSG00000197885;ENSG00000183258;ENSG00000100413;ENSG00000150991;ENSG00000164342;ENSG00000147669;ENSG00000173039"
"REACTOME","REACTOME_G0_AND_EARLY_G1",0.00630093357259,0.0488841659587752,0.407017918923954,-0.63533220070362,-1.79237731309329,27,"ENSG00000125952;ENSG00000205659;ENSG00000114126;ENSG00000080839;ENSG00000157540;ENSG00000162521;ENSG00000198176;ENSG00000094804;ENSG00000131747;ENSG00000123374;ENSG00000183814;ENSG00000103479"
"HALLMARK","HALLMARK_OXIDATIVE_PHOSPHORYLATION",9.92475660464768e-13,4.96237830232384e-11,0.910119734774459,0.545939423836639,2.21422522087903,200,"ENSG00000115317;ENSG00000143153;ENSG00000189043;ENSG00000072778;ENSG00000183648;ENSG00000267855;ENSG00000152234;ENSG00000100412;ENSG00000101365;ENSG00000171503;ENSG00000154723;ENSG00000241837;ENSG00000006695;ENSG00000156502;ENSG00000099624;ENSG00000164919;ENSG00000241468;ENSG00000111716;ENSG00000178741;ENSG00000168291;ENSG00000131143;ENSG00000178127;ENSG00000169021;ENSG00000213619;ENSG00000184076;ENSG00000166136;ENSG00000108528;ENSG00000100142;ENSG00000110717;ENSG00000167969;ENSG00000164258;ENSG00000215021;ENSG00000145494;ENSG00000090266;ENSG00000137547;ENSG00000099795;ENSG00000124172;ENSG00000139180;ENSG00000169020;ENSG00000128654;ENSG00000128524;ENSG00000179091;ENSG00000151729;ENSG00000155463;ENSG00000060971;ENSG00000132305;ENSG00000072506;ENSG00000100575;ENSG00000170906;ENSG00000105197;ENSG00000159199;ENSG00000126267;ENSG00000167792;ENSG00000143198;ENSG00000075415;ENSG00000111775;ENSG00000112695;ENSG00000130312;ENSG00000010256;ENSG00000117118;ENSG00000113013;ENSG00000127540;ENSG00000134809;ENSG00000150779;ENSG00000131495;ENSG00000174547;ENSG00000146701;ENSG00000116459;ENSG00000173660;ENSG00000138495;ENSG00000136003;ENSG00000004961;ENSG00000185883;ENSG00000087088;ENSG00000110955;ENSG00000128626;ENSG00000116898;ENSG00000165637;ENSG00000127184;ENSG00000164405;ENSG00000127884;ENSG00000135940;ENSG00000099800;ENSG00000115286;ENSG00000151366;ENSG00000065154;ENSG00000140983;ENSG00000127948;ENSG00000047249;ENSG00000109390;ENSG00000167315;ENSG00000135390;ENSG00000167283;ENSG00000140374;ENSG00000131269;ENSG00000091483;ENSG00000004779;ENSG00000073578;ENSG00000110435;ENSG00000148672;ENSG00000140740;ENSG00000119421;ENSG00000156467;ENSG00000175110;ENSG00000184983;ENSG00000078668;ENSG00000167468;ENSG00000131174;ENSG00000125356;ENSG00000181991;ENSG00000165629;ENSG00000176340;ENSG00000117410;ENSG00000104325;ENSG00000065518;ENSG00000005022;ENSG00000148290;ENSG00000075239;ENSG00000109519;ENSG00000091140"
"HALLMARK","HALLMARK_MYC_TARGETS_V2",1.43636852336785e-09,3.59092130841962e-08,0.788186810800237,0.695868845329652,2.34772469497422,58,"ENSG00000052749;ENSG00000120800;ENSG00000133316;ENSG00000162851;ENSG00000130810;ENSG00000167085;ENSG00000177192;ENSG00000053372;ENSG00000196497;ENSG00000156502;ENSG00000179958;ENSG00000112578;ENSG00000116649;ENSG00000100029;ENSG00000048162;ENSG00000136933;ENSG00000101361;ENSG00000105447;ENSG00000070814;ENSG00000174669;ENSG00000111641;ENSG00000114767;ENSG00000184967;ENSG00000144381;ENSG00000077348;ENSG00000136270;ENSG00000120158;ENSG00000179115;ENSG00000115541;ENSG00000181163;ENSG00000106305;ENSG00000076248;ENSG00000123545;ENSG00000132382;ENSG00000185238;ENSG00000001497;ENSG00000148840;ENSG00000173638;ENSG00000100297;ENSG00000124383"
"HALLMARK","HALLMARK_UNFOLDED_PROTEIN_RESPONSE",1.52254720356529e-07,2.53757867260881e-06,0.690132458796796,-0.560288206826965,-2.06575473405535,113,"ENSG00000044574;ENSG00000149428;ENSG00000051108;ENSG00000166598;ENSG00000102580;ENSG00000143870;ENSG00000179218;ENSG00000172795;ENSG00000172071;ENSG00000134109;ENSG00000118217;ENSG00000100219;ENSG00000129128;ENSG00000112715;ENSG00000128590;ENSG00000197930;ENSG00000124783;ENSG00000100196;ENSG00000001167;ENSG00000135069;ENSG00000178607;ENSG00000128965;ENSG00000172216;ENSG00000065911;ENSG00000138674;ENSG00000059573;ENSG00000153879;ENSG00000145740;ENSG00000160691;ENSG00000115902;ENSG00000065485"
"HALLMARK","HALLMARK_MYC_TARGETS_V1",4.70321349115438e-07,5.87901686394297e-06,0.674962860011025,0.457092909615707,1.85388086034052,200,"ENSG00000090621;ENSG00000167085;ENSG00000178952;ENSG00000214026;ENSG00000111906;ENSG00000143436;ENSG00000161960;ENSG00000277791;ENSG00000083845;ENSG00000143321;ENSG00000124614;ENSG00000041357;ENSG00000171490;ENSG00000178741;ENSG00000239672;ENSG00000116649;ENSG00000134001;ENSG00000048162;ENSG00000149273;ENSG00000070756;ENSG00000096384;ENSG00000178035;ENSG00000145912;ENSG00000101361;ENSG00000100823;ENSG00000101182;ENSG00000126067;ENSG00000215021;ENSG00000196262;ENSG00000108561;ENSG00000114767;ENSG00000103035;ENSG00000179091;ENSG00000106028;ENSG00000109475;ENSG00000150753;ENSG00000130726;ENSG00000136045;ENSG00000188846;ENSG00000065427;ENSG00000144381;ENSG00000063177;ENSG00000114942;ENSG00000075415;ENSG00000106263;ENSG00000105618;ENSG00000204392;ENSG00000104131;ENSG00000138385;ENSG00000106588;ENSG00000099341;ENSG00000204628;ENSG00000183207;ENSG00000125870;ENSG00000089009;ENSG00000148229;ENSG00000171793;ENSG00000140988;ENSG00000143977;ENSG00000115541;ENSG00000181163;ENSG00000170142;ENSG00000100519;ENSG00000125743;ENSG00000106305;ENSG00000120438;ENSG00000130332;ENSG00000182481;ENSG00000110958;ENSG00000055130;ENSG00000115233;ENSG00000092199;ENSG00000004779;ENSG00000163468;ENSG00000115241;ENSG00000074201;ENSG00000078668;ENSG00000166508;ENSG00000166226;ENSG00000075914;ENSG00000115484;ENSG00000173692;ENSG00000099901;ENSG00000100353;ENSG00000105202;ENSG00000137154;ENSG00000142864;ENSG00000132341;ENSG00000205937;ENSG00000100297;ENSG00000100028;ENSG00000196591;ENSG00000177879;ENSG00000121022;ENSG00000116251"
"HALLMARK","HALLMARK_UV_RESPONSE_UP",4.36677164526224e-06,4.36677164526224e-05,0.610526878385931,0.462788620702024,1.82241465976692,156,"ENSG00000178980;ENSG00000165272;ENSG00000108179;ENSG00000163132;ENSG00000149925;ENSG00000004478;ENSG00000163932;ENSG00000173786;ENSG00000161011;ENSG00000154640;ENSG00000008735;ENSG00000111674;ENSG00000111181;ENSG00000204231;ENSG00000214026;ENSG00000128311;ENSG00000163882;ENSG00000211445;ENSG00000110721;ENSG00000124702;ENSG00000187094;ENSG00000130821;ENSG00000114859;ENSG00000116096;ENSG00000106244;ENSG00000100292;ENSG00000159388;ENSG00000131446;ENSG00000042753;ENSG00000162231;ENSG00000104267;ENSG00000128524;ENSG00000151729;ENSG00000060971;ENSG00000136943;ENSG00000175416;ENSG00000168439;ENSG00000115457;ENSG00000178719;ENSG00000092445;ENSG00000099804;ENSG00000106236;ENSG00000165916;ENSG00000169836;ENSG00000030110;ENSG00000148229;ENSG00000100906;ENSG00000115694;ENSG00000086061;ENSG00000147883;ENSG00000188486;ENSG00000172270;ENSG00000162772;ENSG00000127824;ENSG00000129596"
"HALLMARK","HALLMARK_MTORC1_SIGNALING",0.000211588221118913,0.00176323517599094,0.518848077743792,-0.407766725959587,-1.61681518952434,198,"ENSG00000044574;ENSG00000166598;ENSG00000127022;ENSG00000175197;ENSG00000134333;ENSG00000179218;ENSG00000003056;ENSG00000117394;ENSG00000164211;ENSG00000134109;ENSG00000128228;ENSG00000100219;ENSG00000163902;ENSG00000174437;ENSG00000197930;ENSG00000124783;ENSG00000198431;ENSG00000149485;ENSG00000116761;ENSG00000135069;ENSG00000115461;ENSG00000001630;ENSG00000135269;ENSG00000134107;ENSG00000065911;ENSG00000099194;ENSG00000163655;ENSG00000171848;ENSG00000256269;ENSG00000155561;ENSG00000159167;ENSG00000104687;ENSG00000117461;ENSG00000120686;ENSG00000228716;ENSG00000115902;ENSG00000132383;ENSG00000136628;ENSG00000180957;ENSG00000163738;ENSG00000278540;ENSG00000138768;ENSG00000151012;ENSG00000131389"
"HALLMARK","HALLMARK_DNA_REPAIR",0.000745888653726718,0.00503453442320334,0.477270815362862,0.400599652591137,1.57190327357063,150,"ENSG00000137575;ENSG00000139722;ENSG00000114491;ENSG00000125877;ENSG00000163882;ENSG00000103152;ENSG00000171453;ENSG00000106992;ENSG00000168061;ENSG00000239672;ENSG00000176428;ENSG00000115350;ENSG00000105656;ENSG00000166169;ENSG00000178035;ENSG00000139546;ENSG00000204356;ENSG00000114784;ENSG00000125458;ENSG00000100142;ENSG00000130706;ENSG00000166337;ENSG00000104221;ENSG00000148308;ENSG00000104884;ENSG00000188986;ENSG00000160948;ENSG00000185608;ENSG00000107223;ENSG00000101158;ENSG00000106290;ENSG00000100387;ENSG00000129562;ENSG00000196839;ENSG00000125651;ENSG00000138495;ENSG00000011007;ENSG00000183684;ENSG00000140307;ENSG00000272047;ENSG00000105258;ENSG00000172409;ENSG00000185527;ENSG00000128191;ENSG00000168002;ENSG00000103168;ENSG00000099817;ENSG00000121851;ENSG00000114956;ENSG00000103202;ENSG00000198931;ENSG00000176102;ENSG00000152669;ENSG00000120656;ENSG00000166548;ENSG00000066379;ENSG00000005075;ENSG00000167468;ENSG00000012061;ENSG00000196235;ENSG00000148290;ENSG00000147669;ENSG00000137947"
"HALLMARK","HALLMARK_XENOBIOTIC_METABOLISM",0.000805525507712535,0.00503453442320334,0.477270815362862,0.380036918722423,1.5312387896923,188,"ENSG00000088826;ENSG00000115738;ENSG00000106565;ENSG00000165795;ENSG00000205220;ENSG00000138207;ENSG00000144485;ENSG00000111181;ENSG00000100412;ENSG00000171503;ENSG00000213722;ENSG00000196365;ENSG00000090013;ENSG00000181019;ENSG00000137274;ENSG00000100417;ENSG00000101444;ENSG00000005469;ENSG00000099977;ENSG00000158828;ENSG00000197019;ENSG00000128683;ENSG00000151632;ENSG00000148834;ENSG00000100292;ENSG00000196139;ENSG00000135929;ENSG00000133027;ENSG00000109072;ENSG00000104267;ENSG00000132855;ENSG00000142657;ENSG00000065427;ENSG00000134575;ENSG00000132437;ENSG00000169738;ENSG00000100983;ENSG00000108602;ENSG00000139631;ENSG00000092969;ENSG00000108852;ENSG00000055955;ENSG00000141753;ENSG00000167642;ENSG00000050820;ENSG00000127948;ENSG00000110958;ENSG00000138356;ENSG00000134262;ENSG00000129596;ENSG00000135218;ENSG00000166743;ENSG00000133313;ENSG00000159228;ENSG00000146678;ENSG00000106853;ENSG00000163110;ENSG00000126522;ENSG00000001084;ENSG00000150787"
"HALLMARK","HALLMARK_PROTEIN_SECRETION",0.00351631980715646,0.0146118128389129,0.431707695803346,-0.44116764581849,-1.58984455168438,96,"ENSG00000003056;ENSG00000086598;ENSG00000170348;ENSG00000197081;ENSG00000102805;ENSG00000092531;ENSG00000054983;ENSG00000124198;ENSG00000138674;ENSG00000150961;ENSG00000163399;ENSG00000083097;ENSG00000164144;ENSG00000141198;ENSG00000095139;ENSG00000054523;ENSG00000085365;ENSG00000138768;ENSG00000117533;ENSG00000184432;ENSG00000165029;ENSG00000109572;ENSG00000143761;ENSG00000198964;ENSG00000132842;ENSG00000136193;ENSG00000006125;ENSG00000079950;ENSG00000074695;ENSG00000005893;ENSG00000108433;ENSG00000100030;ENSG00000122126;ENSG00000129083;ENSG00000242247;ENSG00000061987;ENSG00000107862;ENSG00000265808;ENSG00000105829"
"HALLMARK","HALLMARK_INFLAMMATORY_RESPONSE",0.00375234521575985,0.0146118128389129,0.326351610990907,-0.37640648551342,-1.46346257919172,170,"ENSG00000003989;ENSG00000177272;ENSG00000184588;ENSG00000078081;ENSG00000115604;ENSG00000110911;ENSG00000141506;ENSG00000121858;ENSG00000174437;ENSG00000110324;ENSG00000135503;ENSG00000139514;ENSG00000132334;ENSG00000123700;ENSG00000105976;ENSG00000010327;ENSG00000197405;ENSG00000136868;ENSG00000006210;ENSG00000275163;ENSG00000169248;ENSG00000054523;ENSG00000188404;ENSG00000137860;ENSG00000165029;ENSG00000131979;ENSG00000017260;ENSG00000064989;ENSG00000110436;ENSG00000122641"
"HALLMARK","HALLMARK_FATTY_ACID_METABOLISM",0.00379907133811735,0.0146118128389129,0.34452128726268,0.370964952056297,1.4556203899468,150,"ENSG00000149925;ENSG00000197747;ENSG00000072778;ENSG00000138796;ENSG00000167588;ENSG00000106605;ENSG00000111674;ENSG00000072210;ENSG00000165269;ENSG00000100412;ENSG00000101365;ENSG00000131471;ENSG00000171503;ENSG00000198130;ENSG00000137274;ENSG00000120437;ENSG00000147383;ENSG00000188690;ENSG00000160124;ENSG00000168291;ENSG00000100823;ENSG00000167969;ENSG00000156587;ENSG00000080824;ENSG00000065057;ENSG00000104267;ENSG00000183955;ENSG00000060971;ENSG00000072506;ENSG00000067064;ENSG00000117305;ENSG00000239900;ENSG00000119673;ENSG00000146701;ENSG00000170835;ENSG00000138698;ENSG00000065833;ENSG00000004961;ENSG00000180902;ENSG00000108602;ENSG00000240972;ENSG00000127884;ENSG00000136750;ENSG00000105679;ENSG00000169710;ENSG00000120694;ENSG00000167315;ENSG00000005187;ENSG00000091483;ENSG00000128245;ENSG00000135218;ENSG00000073578;ENSG00000166228;ENSG00000108515;ENSG00000159228;ENSG00000164024;ENSG00000150787;ENSG00000164120;ENSG00000089248;ENSG00000105607;ENSG00000025770;ENSG00000104325;ENSG00000100577;ENSG00000102172;ENSG00000091140;ENSG00000144724;ENSG00000126088;ENSG00000092010"
"HALLMARK","HALLMARK_G2M_CHECKPOINT",0.00318054256314312,0.0146118128389129,0.354819512103747,-0.366027631654258,-1.45328240863423,200,"ENSG00000164754;ENSG00000102974;ENSG00000117505;ENSG00000080839;ENSG00000091436;ENSG00000143179;ENSG00000120802;ENSG00000139514;ENSG00000184349;ENSG00000072501;ENSG00000106462;ENSG00000007168;ENSG00000109685;ENSG00000139618;ENSG00000138376;ENSG00000134138;ENSG00000161800;ENSG00000198176;ENSG00000112029;ENSG00000165392;ENSG00000075391;ENSG00000112062;ENSG00000163808;ENSG00000198900;ENSG00000198901;ENSG00000149503;ENSG00000136273;ENSG00000094804;ENSG00000138160;ENSG00000131747;ENSG00000166949;ENSG00000119318;ENSG00000141380;ENSG00000138182;ENSG00000053254;ENSG00000005007;ENSG00000112941;ENSG00000112739;ENSG00000136824;ENSG00000173473;ENSG00000123473;ENSG00000143995;ENSG00000136811;ENSG00000174371;ENSG00000090889;ENSG00000138778;ENSG00000158169;ENSG00000072571;ENSG00000136450;ENSG00000118007;ENSG00000113368;ENSG00000123080;ENSG00000097007;ENSG00000129315;ENSG00000110713;ENSG00000085999;ENSG00000007968;ENSG00000005156;ENSG00000148773;ENSG00000118412;ENSG00000014138;ENSG00000076003;ENSG00000097046;ENSG00000101945;ENSG00000142945;ENSG00000146143;ENSG00000083896;ENSG00000073111;ENSG00000137812;ENSG00000117650;ENSG00000104549;ENSG00000129351;ENSG00000164045;ENSG00000117724;ENSG00000185129"
"HALLMARK","HALLMARK_ADIPOGENESIS",0.00366920726738715,0.0146118128389129,0.431707695803346,0.359715159989928,1.45277746846472,194,"ENSG00000139641;ENSG00000175567;ENSG00000137824;ENSG00000149925;ENSG00000109113;ENSG00000151552;ENSG00000138796;ENSG00000147872;ENSG00000135424;ENSG00000170522;ENSG00000100412;ENSG00000128311;ENSG00000129625;ENSG00000123243;ENSG00000241837;ENSG00000198130;ENSG00000211445;ENSG00000250479;ENSG00000099977;ENSG00000122644;ENSG00000130304;ENSG00000213619;ENSG00000184076;ENSG00000137547;ENSG00000099795;ENSG00000133027;ENSG00000148343;ENSG00000179091;ENSG00000132305;ENSG00000120675;ENSG00000100075;ENSG00000177697;ENSG00000019144;ENSG00000143198;ENSG00000197150;ENSG00000164237;ENSG00000111775;ENSG00000173511;ENSG00000010256;ENSG00000136560;ENSG00000117118;ENSG00000127540;ENSG00000146701;ENSG00000065833;ENSG00000116717;ENSG00000164405;ENSG00000127884;ENSG00000163931;ENSG00000173153;ENSG00000142168;ENSG00000127948;ENSG00000183048;ENSG00000100347;ENSG00000167315;ENSG00000004779;ENSG00000135218;ENSG00000197885;ENSG00000138074;ENSG00000141232;ENSG00000150593;ENSG00000167468;ENSG00000131174;ENSG00000078061;ENSG00000150991;ENSG00000176340;ENSG00000104325;ENSG00000109519;ENSG00000091140;ENSG00000205726;ENSG00000173638;ENSG00000198355;ENSG00000084234;ENSG00000177156;ENSG00000111275;ENSG00000137992;ENSG00000174233;ENSG00000170027;ENSG00000156171;ENSG00000006831;ENSG00000143252;ENSG00000104823;ENSG00000042445;ENSG00000157184;ENSG00000156709;ENSG00000138073;ENSG00000099968;ENSG00000163541"
"HALLMARK","HALLMARK_ALLOGRAFT_REJECTION",0.00874759974397269,0.0312414276570453,0.22623238004642,0.349088798464318,1.3879511826164,167,"ENSG00000042493;ENSG00000104998;ENSG00000205220;ENSG00000126583;ENSG00000170889;ENSG00000105372;ENSG00000126759;ENSG00000239672;ENSG00000146648;ENSG00000198918;ENSG00000132507;ENSG00000164326;ENSG00000198821;ENSG00000100453;ENSG00000147889;ENSG00000113532;ENSG00000145425;ENSG00000104814;ENSG00000166313;ENSG00000204267;ENSG00000174842;ENSG00000153563;ENSG00000114686;ENSG00000104131;ENSG00000163682;ENSG00000087085;ENSG00000182866;ENSG00000181163;ENSG00000092969;ENSG00000105369;ENSG00000137462;ENSG00000185507;ENSG00000180210;ENSG00000095752;ENSG00000173762;ENSG00000000938"
"HALLMARK","HALLMARK_PANCREAS_BETA_CELLS",0.00991866693116445,0.0313457375711193,0.204544131818546,-0.517624178137497,-1.59737113873096,40,"ENSG00000254647;ENSG00000143627;ENSG00000150907;ENSG00000077279;ENSG00000135363;ENSG00000152254;ENSG00000019505;ENSG00000197635;ENSG00000106633;ENSG00000136854;ENSG00000111424;ENSG00000144867;ENSG00000163581;ENSG00000140612;ENSG00000162992;ENSG00000117020"
"HALLMARK","HALLMARK_REACTIVE_OXYGEN_SPECIES_PATHWAY",0.0106575507741806,0.0313457375711193,0.198584486969905,0.489262057388478,1.59568997886663,48,"ENSG00000177556;ENSG00000117450;ENSG00000119383;ENSG00000211445;ENSG00000181019;ENSG00000103415;ENSG00000067057;ENSG00000087086;ENSG00000167815;ENSG00000271303;ENSG00000160211;ENSG00000104884;ENSG00000269858;ENSG00000115694;ENSG00000107438;ENSG00000142168;ENSG00000074706;ENSG00000184983;ENSG00000175806;ENSG00000001084;ENSG00000167468;ENSG00000065518"
"HALLMARK","HALLMARK_UV_RESPONSE_DN",0.0101649405446874,0.0313457375711193,0.198584486969905,-0.371431299462682,-1.40951894537269,142,"ENSG00000064309;ENSG00000196975;ENSG00000103222;ENSG00000117114;ENSG00000157540;ENSG00000083123;ENSG00000118482;ENSG00000139514;ENSG00000115461;ENSG00000134107;ENSG00000105976;ENSG00000171132;ENSG00000169047;ENSG00000049323;ENSG00000065883;ENSG00000131089;ENSG00000131711;ENSG00000131018;ENSG00000169715;ENSG00000117461;ENSG00000099250;ENSG00000164741;ENSG00000074416;ENSG00000115380;ENSG00000112062;ENSG00000108175;ENSG00000075711;ENSG00000070778;ENSG00000196876;ENSG00000143776;ENSG00000160145;ENSG00000088812;ENSG00000017260;ENSG00000156103;ENSG00000108821;ENSG00000166949;ENSG00000198718;ENSG00000162407;ENSG00000112941;ENSG00000187210;ENSG00000156113;ENSG00000078269;ENSG00000131788;ENSG00000109320;ENSG00000107779;ENSG00000198873"
"HALLMARK","HALLMARK_EPITHELIAL_MESENCHYMAL_TRANSITION",0.0116039678083474,0.032233243912076,0.183397180948084,-0.350264247136886,-1.38283756330373,190,"ENSG00000100234;ENSG00000171812;ENSG00000166794;ENSG00000115414;ENSG00000152377;ENSG00000084636;ENSG00000112715;ENSG00000053747;ENSG00000167460;ENSG00000113361;ENSG00000038427;ENSG00000170558;ENSG00000070087;ENSG00000065534;ENSG00000114270;ENSG00000135318;ENSG00000128595;ENSG00000101680;ENSG00000132561;ENSG00000114251;ENSG00000150093;ENSG00000163739;ENSG00000106823;ENSG00000164949;ENSG00000154096;ENSG00000122218;ENSG00000117385;ENSG00000166147;ENSG00000105664;ENSG00000134013;ENSG00000083444;ENSG00000070404;ENSG00000116260;ENSG00000082781;ENSG00000196924;ENSG00000087303;ENSG00000129038;ENSG00000187498;ENSG00000139278;ENSG00000166033;ENSG00000148848;ENSG00000182985;ENSG00000196569;ENSG00000122641;ENSG00000108821"
"HALLMARK","HALLMARK_CHOLESTEROL_HOMEOSTASIS",0.0123832724319935,0.0325875590315619,0.184915881971771,0.423784820482054,1.48846511852493,73,"ENSG00000160200;ENSG00000163344;ENSG00000012171;ENSG00000079459;ENSG00000167508;ENSG00000163191;ENSG00000160752;ENSG00000110721;ENSG00000213366;ENSG00000120437;ENSG00000147383;ENSG00000131981;ENSG00000178445;ENSG00000105755;ENSG00000160285;ENSG00000131069;ENSG00000169136;ENSG00000067064;ENSG00000100600;ENSG00000110921;ENSG00000169710;ENSG00000010278;ENSG00000162772;ENSG00000184009;ENSG00000164687"
"HALLMARK","HALLMARK_MITOTIC_SPINDLE",0.0136601796407186,0.0341504491017964,0.168819300017839,-0.343905163613378,-1.36448825248516,199,"ENSG00000158195;ENSG00000152767;ENSG00000129116;ENSG00000100503;ENSG00000159023;ENSG00000156299;ENSG00000072501;ENSG00000115306;ENSG00000007168;ENSG00000139618;ENSG00000124126;ENSG00000035403;ENSG00000101871;ENSG00000112877;ENSG00000116127;ENSG00000075618;ENSG00000196712;ENSG00000161800;ENSG00000112029;ENSG00000079482;ENSG00000170776;ENSG00000154556;ENSG00000119397;ENSG00000159314;ENSG00000139132;ENSG00000075391;ENSG00000196924;ENSG00000163808;ENSG00000035928;ENSG00000054523;ENSG00000198901;ENSG00000075711;ENSG00000153094;ENSG00000137962;ENSG00000115839;ENSG00000149503;ENSG00000143776;ENSG00000138160;ENSG00000131747;ENSG00000130779;ENSG00000126214;ENSG00000111859;ENSG00000164327;ENSG00000101350;ENSG00000067900;ENSG00000175216;ENSG00000136237;ENSG00000138182;ENSG00000196914;ENSG00000130402;ENSG00000180628;ENSG00000084731;ENSG00000090889;ENSG00000038382;ENSG00000138778;ENSG00000113368;ENSG00000132694;ENSG00000097007;ENSG00000114346;ENSG00000184640;ENSG00000101639;ENSG00000003393;ENSG00000074054;ENSG00000115904;ENSG00000136068;ENSG00000115355;ENSG00000142945;ENSG00000134982;ENSG00000126216;ENSG00000155903;ENSG00000117650;ENSG00000131023;ENSG00000173848;ENSG00000168172;ENSG00000131899;ENSG00000117724;ENSG00000089159;ENSG00000184445;ENSG00000197102;ENSG00000010017;ENSG00000179604;ENSG00000166037"
"HALLMARK","HALLMARK_E2F_TARGETS",0.0149672591206735,0.0356363312396989,0.161159145661682,-0.341552992932766,-1.3561078818072,200,"ENSG00000164754;ENSG00000163029;ENSG00000102974;ENSG00000120802;ENSG00000103540;ENSG00000122966;ENSG00000072501;ENSG00000065911;ENSG00000171848;ENSG00000106462;ENSG00000146263;ENSG00000139618;ENSG00000167005;ENSG00000138376;ENSG00000155561;ENSG00000176974;ENSG00000012963;ENSG00000161800;ENSG00000113522;ENSG00000076382;ENSG00000132383;ENSG00000035928;ENSG00000105486;ENSG00000135473;ENSG00000156802;ENSG00000113456;ENSG00000010292;ENSG00000124789;ENSG00000136273;ENSG00000165304;ENSG00000131747;ENSG00000071539;ENSG00000020922;ENSG00000077514;ENSG00000111247;ENSG00000253729;ENSG00000090889;ENSG00000133119;ENSG00000129173;ENSG00000138778;ENSG00000072571;ENSG00000095002;ENSG00000136450;ENSG00000118007;ENSG00000113368;ENSG00000147536;ENSG00000130816;ENSG00000123080;ENSG00000118655;ENSG00000162607;ENSG00000148773;ENSG00000156970;ENSG00000072274;ENSG00000076242;ENSG00000141510;ENSG00000156136;ENSG00000014138;ENSG00000137310;ENSG00000076003;ENSG00000104738;ENSG00000101945;ENSG00000115942;ENSG00000205339;ENSG00000142945;ENSG00000111875;ENSG00000146143;ENSG00000149136;ENSG00000073111;ENSG00000144580;ENSG00000129351;ENSG00000139734;ENSG00000164045;ENSG00000111602;ENSG00000152253;ENSG00000131470;ENSG00000132646"
"HALLMARK","HALLMARK_HEME_METABOLISM",0.0168019633754956,0.0381862803988536,0.152675855527469,-0.343995607020431,-1.35228618790298,186,"ENSG00000013583;ENSG00000117394;ENSG00000164010;ENSG00000110911;ENSG00000066926;ENSG00000147454;ENSG00000140743;ENSG00000118985;ENSG00000184792;ENSG00000114126;ENSG00000079308;ENSG00000043093;ENSG00000135363;ENSG00000175348;ENSG00000159023;ENSG00000147324;ENSG00000164398;ENSG00000114166;ENSG00000149218;ENSG00000163655;ENSG00000119711;ENSG00000158856;ENSG00000256269;ENSG00000167363;ENSG00000148218;ENSG00000122741;ENSG00000115993;ENSG00000073921;ENSG00000135070;ENSG00000115657;ENSG00000143797;ENSG00000173599;ENSG00000072682;ENSG00000047597;ENSG00000165406;ENSG00000159346;ENSG00000198900;ENSG00000156273;ENSG00000170385;ENSG00000133069;ENSG00000183508;ENSG00000130227;ENSG00000151012;ENSG00000168785;ENSG00000109572;ENSG00000196517;ENSG00000155962;ENSG00000196914;ENSG00000087274;ENSG00000068971;ENSG00000100354;ENSG00000112992;ENSG00000065970;ENSG00000086232;ENSG00000112212;ENSG00000266412;ENSG00000005893;ENSG00000100441;ENSG00000029534;ENSG00000007968;ENSG00000187735;ENSG00000101577;ENSG00000113580;ENSG00000072274;ENSG00000075643;ENSG00000112077;ENSG00000196660;ENSG00000136451"
