"collection","pathway","pval","padj","log2err","ES","NES","size","leadingEdge"
"GO","GOCC_ENDOPLASMIC_RETICULUM_LUMEN",2.23889586101055e-15,1.06396213616189e-11,1.00731795687447,-0.537108103802054,-2.24053687389506,306,"ENSG00000254647;ENSG00000044574;ENSG00000111186;ENSG00000155660;ENSG00000166598;ENSG00000149428;ENSG00000102580;ENSG00000145050;ENSG00000143870;ENSG00000166794;ENSG00000186998;ENSG00000196739;ENSG00000090520;ENSG00000127022;ENSG00000128228;ENSG00000179218;ENSG00000167004;ENSG00000130175;ENSG00000113273;ENSG00000136731;ENSG00000185624;ENSG00000089597;ENSG00000135506;ENSG00000084636;ENSG00000198363;ENSG00000171812;ENSG00000057593;ENSG00000114270;ENSG00000198113;ENSG00000091136;ENSG00000182871;ENSG00000090530;ENSG00000070404;ENSG00000158457;ENSG00000110244;ENSG00000135437;ENSG00000095303;ENSG00000116260;ENSG00000187955;ENSG00000071073;ENSG00000136378;ENSG00000172037;ENSG00000115461;ENSG00000102854;ENSG00000128590;ENSG00000164054;ENSG00000023318;ENSG00000059377;ENSG00000142552;ENSG00000160404;ENSG00000157399;ENSG00000115486;ENSG00000049323;ENSG00000197930;ENSG00000091513;ENSG00000106080;ENSG00000130635;ENSG00000149380;ENSG00000186318;ENSG00000101203;ENSG00000140545;ENSG00000113739;ENSG00000164307;ENSG00000126218;ENSG00000102265;ENSG00000073756;ENSG00000164308;ENSG00000179403;ENSG00000126759;ENSG00000140093;ENSG00000115414;ENSG00000198832;ENSG00000139684;ENSG00000130234;ENSG00000142871;ENSG00000188064;ENSG00000239264;ENSG00000185010;ENSG00000178031;ENSG00000101439;ENSG00000079150;ENSG00000117385;ENSG00000125378"
"GO","GOBP_RRNA_METABOLIC_PROCESS",3.14223903178348e-15,1.06396213616189e-11,1.00731795687447,0.510816064331911,2.20964851367017,288,"ENSG00000120800;ENSG00000198585;ENSG00000086189;ENSG00000115761;ENSG00000165732;ENSG00000150990;ENSG00000171453;ENSG00000138442;ENSG00000167721;ENSG00000162851;ENSG00000186868;ENSG00000121274;ENSG00000162408;ENSG00000115750;ENSG00000171824;ENSG00000120158;ENSG00000278053;ENSG00000198042;ENSG00000100142;ENSG00000126749;ENSG00000071462;ENSG00000160208;ENSG00000255561;ENSG00000011260;ENSG00000146223;ENSG00000116455;ENSG00000163811;ENSG00000117877;ENSG00000178896;ENSG00000197498;ENSG00000088205;ENSG00000136891;ENSG00000183520;ENSG00000141101;ENSG00000178105;ENSG00000111641;ENSG00000188573;ENSG00000125630;ENSG00000150773;ENSG00000039123;ENSG00000124541;ENSG00000155115;ENSG00000119285;ENSG00000135372;ENSG00000160256;ENSG00000113460;ENSG00000065183;ENSG00000119041;ENSG00000164934;ENSG00000136271;ENSG00000143751;ENSG00000136045;ENSG00000171861;ENSG00000108592;ENSG00000089048;ENSG00000145414;ENSG00000261236;ENSG00000112578;ENSG00000067334;ENSG00000160214;ENSG00000124784;ENSG00000169519;ENSG00000117174;ENSG00000189306;ENSG00000253797;ENSG00000158796;ENSG00000171316;ENSG00000134987;ENSG00000182117;ENSG00000130826;ENSG00000213782;ENSG00000053372;ENSG00000170515;ENSG00000130810;ENSG00000165271;ENSG00000107371;ENSG00000111845;ENSG00000115053;ENSG00000001497;ENSG00000124787;ENSG00000145220;ENSG00000104884;ENSG00000177700;ENSG00000183751;ENSG00000007376;ENSG00000109536;ENSG00000133316;ENSG00000083520;ENSG00000101546;ENSG00000130713;ENSG00000141543;ENSG00000114166;ENSG00000225830;ENSG00000122085;ENSG00000156990;ENSG00000163882;ENSG00000117133;ENSG00000233927;ENSG00000115946;ENSG00000077235;ENSG00000106723;ENSG00000166197;ENSG00000105849;ENSG00000105372;ENSG00000156697;ENSG00000152684;ENSG00000165526;ENSG00000135698;ENSG00000107937;ENSG00000147889;ENSG00000241945;ENSG00000100029;ENSG00000087269;ENSG00000151304;ENSG00000111615;ENSG00000197223;ENSG00000227057;ENSG00000117395;ENSG00000117481;ENSG00000101361;ENSG00000055044;ENSG00000115368;ENSG00000109534;ENSG00000165733;ENSG00000122034;ENSG00000114767;ENSG00000129347;ENSG00000198793;ENSG00000148300;ENSG00000179409;ENSG00000174912;ENSG00000130935;ENSG00000108651;ENSG00000065268;ENSG00000105671;ENSG00000118181;ENSG00000127080;ENSG00000146109;ENSG00000137054;ENSG00000070814;ENSG00000155438;ENSG00000172301;ENSG00000124228;ENSG00000126524;ENSG00000132467;ENSG00000100138;ENSG00000177954;ENSG00000085231;ENSG00000124383;ENSG00000099817;ENSG00000122687;ENSG00000166750;ENSG00000272047;ENSG00000101782;ENSG00000141456;ENSG00000172336;ENSG00000278619"
"GO","GOCC_PRERIBOSOME",8.01525564437916e-15,1.80931037412452e-11,0.986546283587582,0.65827227323681,2.51352613778072,106,"ENSG00000120800;ENSG00000086189;ENSG00000115761;ENSG00000150990;ENSG00000138442;ENSG00000167721;ENSG00000171824;ENSG00000120158;ENSG00000198042;ENSG00000126749;ENSG00000160208;ENSG00000011260;ENSG00000163811;ENSG00000183520;ENSG00000141101;ENSG00000188573;ENSG00000124541;ENSG00000119285;ENSG00000135372;ENSG00000160256;ENSG00000065183;ENSG00000164934;ENSG00000108592;ENSG00000261236;ENSG00000112578;ENSG00000067334;ENSG00000160214;ENSG00000124784;ENSG00000189306;ENSG00000253797;ENSG00000134987;ENSG00000188976;ENSG00000053372;ENSG00000135521;ENSG00000187051;ENSG00000132603;ENSG00000130810;ENSG00000165271;ENSG00000183751;ENSG00000133316;ENSG00000083845;ENSG00000117133;ENSG00000233927;ENSG00000115946;ENSG00000105372;ENSG00000156697;ENSG00000241945;ENSG00000100029;ENSG00000087269;ENSG00000151304;ENSG00000111615;ENSG00000227057;ENSG00000117395;ENSG00000101361;ENSG00000055044;ENSG00000115368;ENSG00000165733;ENSG00000114767;ENSG00000129347"
"GO","GOBP_RRNA_PROCESSING",1.32878709325874e-14,2.07048003763276e-11,0.986546283587582,0.532545210746226,2.25809634071434,235,"ENSG00000120800;ENSG00000198585;ENSG00000086189;ENSG00000115761;ENSG00000165732;ENSG00000150990;ENSG00000138442;ENSG00000167721;ENSG00000162851;ENSG00000121274;ENSG00000162408;ENSG00000171824;ENSG00000120158;ENSG00000278053;ENSG00000198042;ENSG00000126749;ENSG00000071462;ENSG00000160208;ENSG00000255561;ENSG00000011260;ENSG00000146223;ENSG00000116455;ENSG00000163811;ENSG00000178896;ENSG00000197498;ENSG00000088205;ENSG00000136891;ENSG00000183520;ENSG00000141101;ENSG00000178105;ENSG00000111641;ENSG00000188573;ENSG00000150773;ENSG00000039123;ENSG00000124541;ENSG00000119285;ENSG00000135372;ENSG00000160256;ENSG00000113460;ENSG00000065183;ENSG00000164934;ENSG00000136271;ENSG00000143751;ENSG00000136045;ENSG00000171861;ENSG00000108592;ENSG00000089048;ENSG00000145414;ENSG00000261236;ENSG00000112578;ENSG00000067334;ENSG00000160214;ENSG00000124784;ENSG00000169519;ENSG00000117174;ENSG00000189306;ENSG00000253797;ENSG00000171316;ENSG00000134987;ENSG00000182117;ENSG00000130826;ENSG00000213782;ENSG00000053372;ENSG00000170515;ENSG00000130810;ENSG00000165271;ENSG00000107371;ENSG00000111845;ENSG00000001497;ENSG00000124787;ENSG00000145220;ENSG00000104884;ENSG00000183751;ENSG00000007376;ENSG00000109536;ENSG00000133316;ENSG00000083520;ENSG00000101546;ENSG00000130713;ENSG00000141543;ENSG00000114166;ENSG00000122085;ENSG00000156990;ENSG00000117133;ENSG00000233927;ENSG00000115946;ENSG00000166197;ENSG00000105372;ENSG00000156697;ENSG00000165526;ENSG00000135698;ENSG00000107937;ENSG00000147889;ENSG00000241945;ENSG00000100029;ENSG00000087269;ENSG00000151304;ENSG00000111615;ENSG00000197223;ENSG00000227057;ENSG00000117395;ENSG00000117481;ENSG00000101361;ENSG00000055044;ENSG00000115368;ENSG00000109534;ENSG00000165733;ENSG00000114767;ENSG00000129347;ENSG00000148300;ENSG00000179409;ENSG00000174912;ENSG00000130935;ENSG00000108651;ENSG00000065268;ENSG00000105671;ENSG00000118181;ENSG00000146109;ENSG00000172301;ENSG00000124228;ENSG00000126524;ENSG00000132467;ENSG00000100138;ENSG00000177954;ENSG00000085231;ENSG00000124383;ENSG00000122687;ENSG00000272047;ENSG00000101782;ENSG00000141456;ENSG00000172336;ENSG00000278619"
"GO","GOBP_RIBOSOME_BIOGENESIS",1.52870646606081e-14,2.07048003763276e-11,0.97599468306432,0.48235053385717,2.11588079932727,330,"ENSG00000120800;ENSG00000198585;ENSG00000155393;ENSG00000086189;ENSG00000115761;ENSG00000165732;ENSG00000150990;ENSG00000138442;ENSG00000167721;ENSG00000162851;ENSG00000121274;ENSG00000162408;ENSG00000171824;ENSG00000125485;ENSG00000105447;ENSG00000171763;ENSG00000120158;ENSG00000278053;ENSG00000198042;ENSG00000126749;ENSG00000071462;ENSG00000160208;ENSG00000255561;ENSG00000011260;ENSG00000146223;ENSG00000116455;ENSG00000163811;ENSG00000178896;ENSG00000197498;ENSG00000088205;ENSG00000169251;ENSG00000136891;ENSG00000183520;ENSG00000141101;ENSG00000178105;ENSG00000111641;ENSG00000148296;ENSG00000188573;ENSG00000108559;ENSG00000132382;ENSG00000150773;ENSG00000039123;ENSG00000139842;ENSG00000124541;ENSG00000119285;ENSG00000073536;ENSG00000135372;ENSG00000160256;ENSG00000113460;ENSG00000065183;ENSG00000164934;ENSG00000136271;ENSG00000143751;ENSG00000136045;ENSG00000171861;ENSG00000108592;ENSG00000089048;ENSG00000108561;ENSG00000145414;ENSG00000261236;ENSG00000112578;ENSG00000067334;ENSG00000198301;ENSG00000160214;ENSG00000124784;ENSG00000178605;ENSG00000169519;ENSG00000178952;ENSG00000117174;ENSG00000274523;ENSG00000189306;ENSG00000253797;ENSG00000171316;ENSG00000134987;ENSG00000182117;ENSG00000130826;ENSG00000213782;ENSG00000188976;ENSG00000053372;ENSG00000135521;ENSG00000187051;ENSG00000132603;ENSG00000182810;ENSG00000105793;ENSG00000170515;ENSG00000130810;ENSG00000158417;ENSG00000165271;ENSG00000107371;ENSG00000111845;ENSG00000001497;ENSG00000146909;ENSG00000124787;ENSG00000145220;ENSG00000104884;ENSG00000183751;ENSG00000007376;ENSG00000109536;ENSG00000133316;ENSG00000083520;ENSG00000101546;ENSG00000130713;ENSG00000083845;ENSG00000141543;ENSG00000071994;ENSG00000114166;ENSG00000122085;ENSG00000156990;ENSG00000117133;ENSG00000233927;ENSG00000115946;ENSG00000048162;ENSG00000166197;ENSG00000037241;ENSG00000105372;ENSG00000156697;ENSG00000118246;ENSG00000165526;ENSG00000135698;ENSG00000107937;ENSG00000147889;ENSG00000241945;ENSG00000132153;ENSG00000100029;ENSG00000087269;ENSG00000151304;ENSG00000111615;ENSG00000144895;ENSG00000197223;ENSG00000227057;ENSG00000158290;ENSG00000117395;ENSG00000117481;ENSG00000132341;ENSG00000101361;ENSG00000130119;ENSG00000181163;ENSG00000055044;ENSG00000115368;ENSG00000109534;ENSG00000165733;ENSG00000122034;ENSG00000114767;ENSG00000129347;ENSG00000148300;ENSG00000179409;ENSG00000174912;ENSG00000130935;ENSG00000108651;ENSG00000132591;ENSG00000065268;ENSG00000114279;ENSG00000134697"
"GO","GOBP_RIBOSOMAL_LARGE_SUBUNIT_BIOGENESIS",5.34672121936758e-12,6.03466601625954e-09,0.887074988399873,0.677079187579519,2.44696661928187,78,"ENSG00000155393;ENSG00000138442;ENSG00000162408;ENSG00000171763;ENSG00000198042;ENSG00000146223;ENSG00000197498;ENSG00000088205;ENSG00000136891;ENSG00000111641;ENSG00000148296;ENSG00000073536;ENSG00000113460;ENSG00000171861;ENSG00000108592;ENSG00000261236;ENSG00000198301;ENSG00000178605;ENSG00000178952;ENSG00000117174;ENSG00000274523;ENSG00000188976;ENSG00000053372;ENSG00000132603;ENSG00000182810;ENSG00000105793;ENSG00000130810;ENSG00000111845;ENSG00000001497;ENSG00000133316;ENSG00000122085;ENSG00000117133;ENSG00000048162;ENSG00000037241;ENSG00000118246;ENSG00000107937;ENSG00000132153;ENSG00000100029;ENSG00000117395;ENSG00000117481;ENSG00000181163;ENSG00000122034"
"GO","GOCC_ENDOPLASMIC_RETICULUM_PROTEIN_CONTAINING_COMPLEX",1.9834759547897e-11,1.91887130940512e-08,0.863415391606693,-0.609621859807908,-2.30456467925166,128,"ENSG00000044574;ENSG00000166598;ENSG00000149428;ENSG00000143870;ENSG00000166794;ENSG00000051108;ENSG00000134910;ENSG00000090520;ENSG00000128228;ENSG00000145626;ENSG00000179218;ENSG00000145495;ENSG00000167004;ENSG00000130175;ENSG00000161671;ENSG00000185624;ENSG00000089597;ENSG00000135506;ENSG00000130714;ENSG00000163902;ENSG00000058262;ENSG00000198856;ENSG00000102158;ENSG00000185104;ENSG00000114850;ENSG00000101464;ENSG00000244038;ENSG00000162298;ENSG00000101294;ENSG00000124783;ENSG00000168394;ENSG00000135249"
"GO","GOMF_MRNA_BINDING",1.39760435757585e-10,1.18307208868796e-07,0.826657301178302,0.42181697852886,1.87279857024405,370,"ENSG00000154548;ENSG00000205978;ENSG00000214575;ENSG00000048740;ENSG00000198585;ENSG00000070756;ENSG00000109832;ENSG00000020577;ENSG00000135930;ENSG00000090621;ENSG00000188613;ENSG00000067225;ENSG00000124214;ENSG00000133026;ENSG00000165732;ENSG00000157110;ENSG00000112183;ENSG00000187772;ENSG00000132463;ENSG00000181588;ENSG00000150753;ENSG00000107105;ENSG00000272886;ENSG00000104967;ENSG00000116350;ENSG00000067048;ENSG00000148584;ENSG00000122965;ENSG00000171490;ENSG00000117751;ENSG00000142864;ENSG00000178896;ENSG00000153250;ENSG00000161642;ENSG00000114416;ENSG00000119314;ENSG00000211460;ENSG00000122068;ENSG00000172346;ENSG00000132541;ENSG00000005100;ENSG00000080608;ENSG00000105705;ENSG00000134046;ENSG00000174606;ENSG00000145907;ENSG00000080824;ENSG00000169062;ENSG00000108561;ENSG00000138385;ENSG00000174953;ENSG00000107581;ENSG00000242265;ENSG00000107864;ENSG00000132819;ENSG00000163950;ENSG00000138593;ENSG00000163877;ENSG00000107164;ENSG00000176102;ENSG00000065978;ENSG00000100320;ENSG00000103067;ENSG00000125676;ENSG00000117569;ENSG00000257103;ENSG00000178700;ENSG00000100722;ENSG00000115053;ENSG00000125207;ENSG00000120727;ENSG00000161960;ENSG00000146963;ENSG00000197381;ENSG00000149273;ENSG00000119705;ENSG00000132361;ENSG00000075292;ENSG00000056586;ENSG00000138095;ENSG00000189167;ENSG00000128534;ENSG00000082516;ENSG00000144642;ENSG00000009307;ENSG00000164548;ENSG00000083845;ENSG00000262814;ENSG00000141543;ENSG00000149016;ENSG00000155827;ENSG00000149658;ENSG00000104824;ENSG00000137449;ENSG00000136937;ENSG00000089280;ENSG00000198576;ENSG00000116791;ENSG00000165819;ENSG00000163798;ENSG00000175324;ENSG00000135316;ENSG00000281128;ENSG00000090097;ENSG00000124562;ENSG00000125445;ENSG00000151247;ENSG00000092199;ENSG00000243449;ENSG00000135870;ENSG00000110367;ENSG00000112232;ENSG00000177679;ENSG00000144895;ENSG00000265241;ENSG00000169288;ENSG00000153187;ENSG00000113812;ENSG00000023734;ENSG00000196116;ENSG00000100296;ENSG00000120705;ENSG00000161813;ENSG00000115524;ENSG00000151962;ENSG00000136463;ENSG00000163694;ENSG00000204356;ENSG00000135387;ENSG00000161547;ENSG00000116288;ENSG00000058673;ENSG00000100650;ENSG00000197451;ENSG00000065526;ENSG00000092345;ENSG00000140488;ENSG00000103549;ENSG00000186566;ENSG00000114503;ENSG00000148090;ENSG00000142541;ENSG00000116001;ENSG00000185728;ENSG00000165119;ENSG00000179151;ENSG00000120948"
"GO","GOBP_RIBOSOMAL_SMALL_SUBUNIT_BIOGENESIS",2.01817810205333e-10,1.51856690078946e-07,0.826657301178302,0.591939147386621,2.28056186482576,113,"ENSG00000120800;ENSG00000086189;ENSG00000115761;ENSG00000150990;ENSG00000167721;ENSG00000171824;ENSG00000120158;ENSG00000278053;ENSG00000126749;ENSG00000011260;ENSG00000163811;ENSG00000183520;ENSG00000141101;ENSG00000148296;ENSG00000124541;ENSG00000119285;ENSG00000135372;ENSG00000160256;ENSG00000065183;ENSG00000164934;ENSG00000112578;ENSG00000067334;ENSG00000124784;ENSG00000169519;ENSG00000274523;ENSG00000189306;ENSG00000134987;ENSG00000135521;ENSG00000187051;ENSG00000165271;ENSG00000146909;ENSG00000124787;ENSG00000104884;ENSG00000183751;ENSG00000101546;ENSG00000083845;ENSG00000071994;ENSG00000233927;ENSG00000115946;ENSG00000105372;ENSG00000156697;ENSG00000241945;ENSG00000087269;ENSG00000151304;ENSG00000111615;ENSG00000227057;ENSG00000101361;ENSG00000181163;ENSG00000055044;ENSG00000115368;ENSG00000165733;ENSG00000114767;ENSG00000129347;ENSG00000130935;ENSG00000108651;ENSG00000132591;ENSG00000118181;ENSG00000146109;ENSG00000132467;ENSG00000100138;ENSG00000177954;ENSG00000085231;ENSG00000124383;ENSG00000272047;ENSG00000101782"
"GO","GOBP_NUCLEIC_ACID_CATABOLIC_PROCESS",5.68296222384585e-09,3.84850201798841e-06,0.761460801445585,0.395344939719512,1.76495240955082,395,"ENSG00000205978;ENSG00000163932;ENSG00000158246;ENSG00000198585;ENSG00000070756;ENSG00000020577;ENSG00000135930;ENSG00000090621;ENSG00000188613;ENSG00000004948;ENSG00000112183;ENSG00000187772;ENSG00000132463;ENSG00000180336;ENSG00000121274;ENSG00000181588;ENSG00000171824;ENSG00000037474;ENSG00000272886;ENSG00000103342;ENSG00000164305;ENSG00000113575;ENSG00000072756;ENSG00000148584;ENSG00000117751;ENSG00000142864;ENSG00000178896;ENSG00000239672;ENSG00000106605;ENSG00000105939;ENSG00000188573;ENSG00000114416;ENSG00000167136;ENSG00000080802;ENSG00000039123;ENSG00000164091;ENSG00000082512;ENSG00000155858;ENSG00000172346;ENSG00000132541;ENSG00000138231;ENSG00000033030;ENSG00000101574;ENSG00000165934;ENSG00000174606;ENSG00000152520;ENSG00000169062;ENSG00000064102;ENSG00000111335;ENSG00000108561;ENSG00000145414;ENSG00000029363;ENSG00000206557;ENSG00000138385;ENSG00000174953;ENSG00000154582;ENSG00000092847;ENSG00000215251;ENSG00000107864;ENSG00000130826;ENSG00000132819;ENSG00000163877;ENSG00000053372;ENSG00000065978;ENSG00000134698;ENSG00000100722;ENSG00000107371;ENSG00000112339;ENSG00000143952;ENSG00000125207;ENSG00000143493;ENSG00000119705;ENSG00000105229;ENSG00000076053;ENSG00000056586;ENSG00000138095;ENSG00000122870;ENSG00000102786;ENSG00000009307;ENSG00000141232;ENSG00000164902;ENSG00000083520;ENSG00000130713;ENSG00000141543;ENSG00000149016;ENSG00000160049;ENSG00000138346;ENSG00000204272;ENSG00000149658;ENSG00000136937;ENSG00000089280;ENSG00000037897;ENSG00000116791;ENSG00000165819;ENSG00000118246;ENSG00000028137;ENSG00000134815;ENSG00000152684;ENSG00000175324;ENSG00000149262;ENSG00000006744;ENSG00000140395;ENSG00000100823;ENSG00000144580;ENSG00000138035;ENSG00000135316;ENSG00000147905;ENSG00000090097;ENSG00000155508;ENSG00000162385;ENSG00000092199;ENSG00000243449;ENSG00000135870;ENSG00000110367;ENSG00000104408;ENSG00000265241;ENSG00000104356;ENSG00000141698;ENSG00000170627;ENSG00000184863;ENSG00000153187;ENSG00000078177;ENSG00000183479;ENSG00000117481;ENSG00000181163;ENSG00000171865;ENSG00000120705;ENSG00000120868;ENSG00000151962;ENSG00000138614;ENSG00000168646;ENSG00000124279;ENSG00000163694;ENSG00000148300;ENSG00000143977;ENSG00000135387;ENSG00000198677;ENSG00000151461;ENSG00000170473;ENSG00000119203;ENSG00000136270;ENSG00000197451;ENSG00000157106;ENSG00000105671;ENSG00000092345;ENSG00000090905;ENSG00000130332;ENSG00000109917;ENSG00000114503;ENSG00000119720;ENSG00000178764;ENSG00000081277;ENSG00000100387;ENSG00000185728;ENSG00000179151;ENSG00000204389;ENSG00000120948"
"GO","GOBP_MATURATION_OF_SSU_RRNA",1.06504692389362e-08,6.55681615327964e-06,0.747739663149885,0.636803414477249,2.273823132624,73,"ENSG00000120800;ENSG00000115761;ENSG00000150990;ENSG00000167721;ENSG00000120158;ENSG00000278053;ENSG00000126749;ENSG00000011260;ENSG00000163811;ENSG00000183520;ENSG00000141101;ENSG00000124541;ENSG00000119285;ENSG00000135372;ENSG00000160256;ENSG00000065183;ENSG00000164934;ENSG00000112578;ENSG00000067334;ENSG00000124784;ENSG00000189306;ENSG00000134987;ENSG00000165271;ENSG00000124787;ENSG00000104884;ENSG00000183751;ENSG00000233927;ENSG00000115946;ENSG00000105372;ENSG00000156697;ENSG00000241945;ENSG00000087269;ENSG00000151304;ENSG00000111615;ENSG00000227057;ENSG00000101361;ENSG00000055044;ENSG00000115368;ENSG00000165733;ENSG00000114767;ENSG00000129347;ENSG00000130935;ENSG00000108651;ENSG00000146109;ENSG00000132467;ENSG00000100138;ENSG00000124383;ENSG00000272047;ENSG00000101782"
"GO","GOBP_MITOCHONDRIAL_GENE_EXPRESSION",1.22641869715128e-08,6.92108951425707e-06,0.747739663149885,0.499517719251216,2.03921650775376,169,"ENSG00000061794;ENSG00000135900;ENSG00000171612;ENSG00000107815;ENSG00000137547;ENSG00000162851;ENSG00000114686;ENSG00000072756;ENSG00000115364;ENSG00000108826;ENSG00000143436;ENSG00000123297;ENSG00000198015;ENSG00000108064;ENSG00000123600;ENSG00000139131;ENSG00000179271;ENSG00000166902;ENSG00000101574;ENSG00000174606;ENSG00000196449;ENSG00000159111;ENSG00000168827;ENSG00000243927;ENSG00000108561;ENSG00000043514;ENSG00000158042;ENSG00000132313;ENSG00000112031;ENSG00000178952;ENSG00000132356;ENSG00000215251;ENSG00000106591;ENSG00000182154;ENSG00000090263;ENSG00000082515;ENSG00000119705;ENSG00000128694;ENSG00000138095;ENSG00000062582;ENSG00000116221;ENSG00000112110;ENSG00000181991;ENSG00000143314;ENSG00000262814;ENSG00000156990;ENSG00000173141;ENSG00000132676;ENSG00000096080;ENSG00000167112;ENSG00000243147;ENSG00000118246;ENSG00000259494;ENSG00000118689;ENSG00000155463;ENSG00000165526;ENSG00000177192;ENSG00000006744;ENSG00000128626;ENSG00000138035;ENSG00000125445;ENSG00000085760;ENSG00000185608;ENSG00000169288;ENSG00000124608;ENSG00000059691;ENSG00000242485;ENSG00000278845;ENSG00000136463;ENSG00000106105;ENSG00000167862;ENSG00000124279;ENSG00000144029;ENSG00000168286;ENSG00000130348;ENSG00000136270;ENSG00000185414;ENSG00000204316;ENSG00000072506;ENSG00000111639;ENSG00000131368;ENSG00000197345;ENSG00000103356;ENSG00000154719;ENSG00000156502;ENSG00000175110"
"GO","GOCC_ENDOPLASMIC_RETICULUM_CHAPERONE_COMPLEX",2.26771168594619e-08,1.18130334901751e-05,0.73376198835648,-0.96689101031887,-2.16292234676052,10,"ENSG00000044574;ENSG00000166598;ENSG00000149428;ENSG00000143870;ENSG00000166794;ENSG00000090520;ENSG00000128228;ENSG00000185624"
"GO","GOCC_SMALL_SUBUNIT_PROCESSOME",3.00270166173368e-08,1.45244968951861e-05,0.719512826338911,0.618269799252782,2.21647296536412,74,"ENSG00000120800;ENSG00000086189;ENSG00000115761;ENSG00000150990;ENSG00000171824;ENSG00000120158;ENSG00000126749;ENSG00000011260;ENSG00000163811;ENSG00000183520;ENSG00000188573;ENSG00000119285;ENSG00000135372;ENSG00000065183;ENSG00000164934;ENSG00000067334;ENSG00000189306;ENSG00000253797;ENSG00000134987;ENSG00000187051;ENSG00000165271;ENSG00000183751;ENSG00000083845;ENSG00000233927;ENSG00000115946;ENSG00000105372;ENSG00000156697;ENSG00000241945;ENSG00000087269;ENSG00000111615;ENSG00000227057;ENSG00000101361;ENSG00000055044;ENSG00000115368;ENSG00000165733;ENSG00000114767;ENSG00000130935;ENSG00000108651;ENSG00000132467;ENSG00000100138;ENSG00000177954;ENSG00000124383"
"GO","GOBP_MITOCHONDRION_ORGANIZATION",9.13116455556966e-08,4.12241642468785e-05,0.704975715167238,0.379282810271209,1.69793537500688,408,"ENSG00000108179;ENSG00000198060;ENSG00000001084;ENSG00000118508;ENSG00000108828;ENSG00000011465;ENSG00000164073;ENSG00000117280;ENSG00000171612;ENSG00000171100;ENSG00000175606;ENSG00000156875;ENSG00000133028;ENSG00000166575;ENSG00000104081;ENSG00000112425;ENSG00000170791;ENSG00000113163;ENSG00000123892;ENSG00000007923;ENSG00000165943;ENSG00000162600;ENSG00000186868;ENSG00000063761;ENSG00000132305;ENSG00000166896;ENSG00000006451;ENSG00000105971;ENSG00000138698;ENSG00000154639;ENSG00000156170;ENSG00000023909;ENSG00000170855;ENSG00000114023;ENSG00000096092;ENSG00000159399;ENSG00000006695;ENSG00000175567;ENSG00000113013;ENSG00000167136;ENSG00000242114;ENSG00000162377;ENSG00000108064;ENSG00000169021;ENSG00000130766;ENSG00000196365;ENSG00000144381;ENSG00000102096;ENSG00000161011;ENSG00000142444;ENSG00000113384;ENSG00000204954;ENSG00000277443;ENSG00000168958;ENSG00000105341;ENSG00000066855;ENSG00000165714;ENSG00000100347;ENSG00000123545;ENSG00000176720;ENSG00000178209;ENSG00000158828;ENSG00000224877;ENSG00000274523;ENSG00000181061;ENSG00000145335;ENSG00000133983;ENSG00000182372;ENSG00000134278;ENSG00000160014;ENSG00000178568;ENSG00000233276;ENSG00000140939;ENSG00000143384;ENSG00000100523;ENSG00000143952;ENSG00000049883;ENSG00000178307;ENSG00000177034;ENSG00000107798;ENSG00000119705;ENSG00000168275;ENSG00000132361;ENSG00000167085;ENSG00000198836;ENSG00000250317;ENSG00000123472;ENSG00000083099;ENSG00000137806;ENSG00000087470;ENSG00000115317;ENSG00000174917;ENSG00000180488;ENSG00000100216;ENSG00000005022;ENSG00000023228;ENSG00000135049;ENSG00000241878;ENSG00000156709;ENSG00000132676;ENSG00000164209;ENSG00000126953;ENSG00000125779;ENSG00000168569;ENSG00000090020;ENSG00000155463;ENSG00000100335;ENSG00000151366;ENSG00000048707;ENSG00000104381;ENSG00000138035;ENSG00000186010;ENSG00000042286;ENSG00000106603;ENSG00000247077;ENSG00000117020;ENSG00000017797;ENSG00000285077;ENSG00000167315;ENSG00000181924;ENSG00000134809;ENSG00000106028;ENSG00000014824;ENSG00000129003;ENSG00000104765;ENSG00000132842;ENSG00000184983;ENSG00000136463;ENSG00000125652;ENSG00000124279;ENSG00000101019;ENSG00000164867;ENSG00000072274;ENSG00000167985;ENSG00000116288;ENSG00000150779;ENSG00000168924;ENSG00000164182;ENSG00000171953;ENSG00000126858;ENSG00000165637;ENSG00000100575;ENSG00000105649;ENSG00000004142;ENSG00000143919;ENSG00000112893;ENSG00000072506;ENSG00000125656;ENSG00000213190;ENSG00000175193;ENSG00000156026;ENSG00000153823;ENSG00000122386;ENSG00000204389;ENSG00000105197;ENSG00000115966;ENSG00000136758;ENSG00000156968;ENSG00000019991;ENSG00000165678;ENSG00000138794;ENSG00000156502"
"GO","GOBP_FOREBRAIN_DEVELOPMENT",2.09981832180637e-07,8.88748104704545e-05,0.690132458796796,0.377809054364552,1.68495098999557,393,"ENSG00000138162;ENSG00000101438;ENSG00000205927;ENSG00000172201;ENSG00000145147;ENSG00000154642;ENSG00000163132;ENSG00000171094;ENSG00000115738;ENSG00000162946;ENSG00000167193;ENSG00000116254;ENSG00000085433;ENSG00000139352;ENSG00000133026;ENSG00000010810;ENSG00000167552;ENSG00000138685;ENSG00000145545;ENSG00000182580;ENSG00000157193;ENSG00000187122;ENSG00000107562;ENSG00000115844;ENSG00000040199;ENSG00000112238;ENSG00000066735;ENSG00000164305;ENSG00000114554;ENSG00000181965;ENSG00000107187;ENSG00000152192;ENSG00000004487;ENSG00000138363;ENSG00000100644;ENSG00000164828;ENSG00000047056;ENSG00000171450;ENSG00000075213;ENSG00000112658;ENSG00000137267;ENSG00000109756;ENSG00000112137;ENSG00000095713;ENSG00000114416;ENSG00000162992;ENSG00000176749;ENSG00000137210;ENSG00000105810;ENSG00000135638;ENSG00000139200;ENSG00000137285;ENSG00000138623;ENSG00000123607;ENSG00000092445;ENSG00000168214;ENSG00000085978;ENSG00000184226;ENSG00000119508;ENSG00000085998;ENSG00000133703;ENSG00000144355;ENSG00000115310;ENSG00000009830;ENSG00000177551;ENSG00000171540;ENSG00000169136;ENSG00000159131;ENSG00000070031;ENSG00000182968;ENSG00000118407;ENSG00000165699;ENSG00000174469;ENSG00000183873;ENSG00000116641;ENSG00000171316;ENSG00000149571;ENSG00000185551;ENSG00000116752;ENSG00000069011;ENSG00000066468;ENSG00000178568;ENSG00000100678;ENSG00000039068;ENSG00000182704;ENSG00000111087;ENSG00000114315;ENSG00000108773;ENSG00000144868;ENSG00000085224;ENSG00000142700;ENSG00000174013;ENSG00000166148;ENSG00000164405;ENSG00000117707;ENSG00000078674;ENSG00000115317;ENSG00000170381;ENSG00000077097;ENSG00000173376;ENSG00000135049;ENSG00000165819;ENSG00000004848;ENSG00000153993;ENSG00000170315;ENSG00000107831;ENSG00000108819;ENSG00000074181;ENSG00000147526;ENSG00000105426;ENSG00000140006;ENSG00000129244;ENSG00000114251;ENSG00000106331;ENSG00000103222;ENSG00000106689;ENSG00000157933;ENSG00000182197;ENSG00000178403;ENSG00000016082;ENSG00000285077"
"GO","GOCC_ORGANELLAR_RIBOSOME",3.7676869623858e-07,0.000150086918289863,0.674962860011025,0.563871383905371,2.0653773420343,84,"ENSG00000061794;ENSG00000135900;ENSG00000137547;ENSG00000114686;ENSG00000115364;ENSG00000108826;ENSG00000143436;ENSG00000198015;ENSG00000179271;ENSG00000166902;ENSG00000159111;ENSG00000243927;ENSG00000158042;ENSG00000132313;ENSG00000106591;ENSG00000182154;ENSG00000090263;ENSG00000082515;ENSG00000062582;ENSG00000116221;ENSG00000112110;ENSG00000181991;ENSG00000143314;ENSG00000262814;ENSG00000173141;ENSG00000132676;ENSG00000096080;ENSG00000243147;ENSG00000259494;ENSG00000128626;ENSG00000125445;ENSG00000185608;ENSG00000169288;ENSG00000242485;ENSG00000278845;ENSG00000167862;ENSG00000144029;ENSG00000185414;ENSG00000204316;ENSG00000111639;ENSG00000131368;ENSG00000197345;ENSG00000154719;ENSG00000175110"
"GO","GOCC_CONTRACTILE_MUSCLE_FIBER",4.00100237055494e-07,0.000150526600296656,0.674962860011025,0.430080334268729,1.82362512971355,235,"ENSG00000150712;ENSG00000104369;ENSG00000170085;ENSG00000164879;ENSG00000124942;ENSG00000151929;ENSG00000106211;ENSG00000170681;ENSG00000171100;ENSG00000133028;ENSG00000130956;ENSG00000073712;ENSG00000115641;ENSG00000105993;ENSG00000138594;ENSG00000121350;ENSG00000198947;ENSG00000165410;ENSG00000125744;ENSG00000167196;ENSG00000171992;ENSG00000151239;ENSG00000151914;ENSG00000138814;ENSG00000058272;ENSG00000119782;ENSG00000163110;ENSG00000114416;ENSG00000176749;ENSG00000088832;ENSG00000109063;ENSG00000074800;ENSG00000122786;ENSG00000164591;ENSG00000128872;ENSG00000161011;ENSG00000144285;ENSG00000121361;ENSG00000172403;ENSG00000156804;ENSG00000196465;ENSG00000178209;ENSG00000130037;ENSG00000149925;ENSG00000036448;ENSG00000183873;ENSG00000160014;ENSG00000205571;ENSG00000143549;ENSG00000168743;ENSG00000134775;ENSG00000109536;ENSG00000144821;ENSG00000075142;ENSG00000124145;ENSG00000196091;ENSG00000136842;ENSG00000188554;ENSG00000114166;ENSG00000197702;ENSG00000120729;ENSG00000175183;ENSG00000152413;ENSG00000197361;ENSG00000133392;ENSG00000162614;ENSG00000154358;ENSG00000072110;ENSG00000105048;ENSG00000178104;ENSG00000164309"
"GO","GOMF_CATALYTIC_ACTIVITY_ACTING_ON_RNA",4.68012735553271e-07,0.000166809591850882,0.674962860011025,0.364928943224458,1.63747977382094,417,"ENSG00000205978;ENSG00000101347;ENSG00000198585;ENSG00000109832;ENSG00000135900;ENSG00000086189;ENSG00000162639;ENSG00000091127;ENSG00000165732;ENSG00000150990;ENSG00000171453;ENSG00000113356;ENSG00000113407;ENSG00000175711;ENSG00000162851;ENSG00000171824;ENSG00000037474;ENSG00000125485;ENSG00000181381;ENSG00000184924;ENSG00000120158;ENSG00000278053;ENSG00000206562;ENSG00000067048;ENSG00000129480;ENSG00000100142;ENSG00000072756;ENSG00000162927;ENSG00000126749;ENSG00000071462;ENSG00000255561;ENSG00000156414;ENSG00000117751;ENSG00000178896;ENSG00000088205;ENSG00000137996;ENSG00000141101;ENSG00000178105;ENSG00000258818;ENSG00000111641;ENSG00000188573;ENSG00000114416;ENSG00000167136;ENSG00000125630;ENSG00000039123;ENSG00000185432;ENSG00000123600;ENSG00000147592;ENSG00000277209;ENSG00000132541;ENSG00000214309;ENSG00000005100;ENSG00000135372;ENSG00000139131;ENSG00000138231;ENSG00000103707;ENSG00000219200;ENSG00000101574;ENSG00000174606;ENSG00000136271;ENSG00000107669;ENSG00000145907;ENSG00000152520;ENSG00000171861;ENSG00000133641;ENSG00000108592;ENSG00000122643;ENSG00000104907;ENSG00000043514;ENSG00000169519;ENSG00000167264;ENSG00000100982;ENSG00000174953;ENSG00000065427;ENSG00000092847;ENSG00000170445;ENSG00000130589;ENSG00000277149;ENSG00000213782;ENSG00000109606;ENSG00000196305;ENSG00000182810;ENSG00000134698;ENSG00000107371;ENSG00000125207;ENSG00000124787;ENSG00000161960;ENSG00000133706;ENSG00000177700;ENSG00000197381;ENSG00000128694;ENSG00000164609;ENSG00000169570;ENSG00000137513;ENSG00000083520;ENSG00000101654;ENSG00000130713;ENSG00000134014;ENSG00000115866;ENSG00000141543;ENSG00000149016;ENSG00000164080;ENSG00000163882;ENSG00000138050;ENSG00000037897;ENSG00000167112;ENSG00000165819;ENSG00000099899;ENSG00000134815;ENSG00000165526;ENSG00000177192;ENSG00000006744;ENSG00000132153;ENSG00000100823;ENSG00000138035;ENSG00000155508;ENSG00000031698;ENSG00000165832;ENSG00000160862;ENSG00000110367;ENSG00000104356;ENSG00000163214;ENSG00000124608;ENSG00000059691;ENSG00000079785;ENSG00000164306;ENSG00000117481;ENSG00000171865;ENSG00000120705;ENSG00000161980;ENSG00000186666;ENSG00000106105;ENSG00000141378;ENSG00000125652;ENSG00000167862;ENSG00000186141;ENSG00000247626;ENSG00000182545;ENSG00000165055;ENSG00000174912;ENSG00000228049;ENSG00000108406;ENSG00000130348;ENSG00000119203;ENSG00000013503;ENSG00000105671;ENSG00000109618;ENSG00000134440;ENSG00000179988;ENSG00000145982;ENSG00000124228;ENSG00000179115;ENSG00000081177;ENSG00000103356;ENSG00000100220;ENSG00000174840;ENSG00000107625;ENSG00000064703;ENSG00000116120;ENSG00000156502;ENSG00000099817;ENSG00000122687;ENSG00000107201;ENSG00000166750;ENSG00000162971;ENSG00000132773;ENSG00000172336;ENSG00000137574;ENSG00000278619;ENSG00000130764;ENSG00000162623;ENSG00000089876;ENSG00000168101;ENSG00000087995;ENSG00000223496;ENSG00000168228;ENSG00000059588;ENSG00000178694;ENSG00000113300;ENSG00000183665;ENSG00000141642;ENSG00000185418;ENSG00000083223;ENSG00000147669;ENSG00000100697;ENSG00000099998;ENSG00000116874;ENSG00000166783;ENSG00000088930;ENSG00000198791;ENSG00000196335;ENSG00000215301;ENSG00000075914;ENSG00000137760;ENSG00000127804;ENSG00000104835;ENSG00000189007;ENSG00000107290;ENSG00000066651;ENSG00000104047;ENSG00000145833;ENSG00000091542;ENSG00000101452;ENSG00000123737;ENSG00000047315"
"GO","GOCC_MITOCHONDRIAL_LARGE_RIBOSOMAL_SUBUNIT",5.88871264587974e-07,0.000199391810189488,0.659444398037935,0.643109323730091,2.16466694285088,52,"ENSG00000135900;ENSG00000137547;ENSG00000114686;ENSG00000115364;ENSG00000108826;ENSG00000143436;ENSG00000198015;ENSG00000179271;ENSG00000166902;ENSG00000159111;ENSG00000158042;ENSG00000132313;ENSG00000106591;ENSG00000182154;ENSG00000082515;ENSG00000116221;ENSG00000112110;ENSG00000143314;ENSG00000262814;ENSG00000173141;ENSG00000096080;ENSG00000243147;ENSG00000259494;ENSG00000185608;ENSG00000169288;ENSG00000242485;ENSG00000278845;ENSG00000167862;ENSG00000185414;ENSG00000204316;ENSG00000111639;ENSG00000197345;ENSG00000154719"
"GO","GOBP_MITOCHONDRIAL_TRANSLATION",6.18476195084237e-07,0.000199443847290974,0.659444398037935,0.495917068597512,1.94851426161144,130,"ENSG00000061794;ENSG00000135900;ENSG00000137547;ENSG00000114686;ENSG00000115364;ENSG00000108826;ENSG00000143436;ENSG00000123297;ENSG00000198015;ENSG00000123600;ENSG00000139131;ENSG00000179271;ENSG00000166902;ENSG00000159111;ENSG00000168827;ENSG00000243927;ENSG00000108561;ENSG00000158042;ENSG00000132313;ENSG00000112031;ENSG00000178952;ENSG00000106591;ENSG00000182154;ENSG00000090263;ENSG00000082515;ENSG00000138095;ENSG00000062582;ENSG00000116221;ENSG00000112110;ENSG00000181991;ENSG00000143314;ENSG00000262814;ENSG00000156990;ENSG00000173141;ENSG00000132676;ENSG00000096080;ENSG00000167112;ENSG00000243147;ENSG00000118246;ENSG00000259494;ENSG00000155463;ENSG00000165526;ENSG00000128626;ENSG00000125445;ENSG00000085760;ENSG00000185608;ENSG00000169288;ENSG00000124608;ENSG00000059691;ENSG00000242485;ENSG00000278845;ENSG00000136463;ENSG00000106105;ENSG00000167862;ENSG00000124279;ENSG00000144029;ENSG00000130348;ENSG00000185414;ENSG00000204316;ENSG00000111639;ENSG00000131368;ENSG00000197345;ENSG00000103356;ENSG00000154719;ENSG00000175110;ENSG00000112996;ENSG00000172586;ENSG00000178694;ENSG00000116874;ENSG00000183617;ENSG00000215301;ENSG00000130312;ENSG00000104835;ENSG00000163319;ENSG00000175581;ENSG00000067704"
"GO","GOCC_90S_PRERIBOSOME",1.57947242384288e-06,0.000465051619750609,0.643551836150722,0.753902610066437,2.22687099455815,28,"ENSG00000120800;ENSG00000138442;ENSG00000167721;ENSG00000011260;ENSG00000124541;ENSG00000119285;ENSG00000160256;ENSG00000065183;ENSG00000261236;ENSG00000189306;ENSG00000134987;ENSG00000188976;ENSG00000165271;ENSG00000183751;ENSG00000241945;ENSG00000100029;ENSG00000087269;ENSG00000151304;ENSG00000165733;ENSG00000129347;ENSG00000108651"
"GO","GOBP_NEGATIVE_REGULATION_OF_TORC1_SIGNALING",1.53605410246716e-06,0.000465051619750609,0.643551836150722,0.655943148803366,2.17110321758146,48,"ENSG00000176641;ENSG00000170027;ENSG00000072401;ENSG00000149212;ENSG00000197329;ENSG00000104343;ENSG00000162409;ENSG00000174206;ENSG00000145979;ENSG00000080546;ENSG00000142875;ENSG00000130766;ENSG00000164654;ENSG00000085415;ENSG00000134086;ENSG00000165699;ENSG00000132356;ENSG00000183735;ENSG00000118162;ENSG00000066427;ENSG00000177889;ENSG00000239282;ENSG00000164924;ENSG00000204673;ENSG00000239521;ENSG00000264522;ENSG00000103091;ENSG00000118046;ENSG00000103148"
"GO","GOBP_PROTEIN_FOLDING_IN_ENDOPLASMIC_RETICULUM",1.73889171728705e-06,0.000471030988378717,0.643551836150722,-0.899831090687257,-2.14650597794962,13,"ENSG00000044574;ENSG00000166598;ENSG00000102580;ENSG00000127022;ENSG00000179218;ENSG00000167004;ENSG00000185624"
"GO","GOBP_MRNA_CATABOLIC_PROCESS",1.68423629598196e-06,0.000471030988378717,0.643551836150722,0.383447179544872,1.65606063087298,284,"ENSG00000205978;ENSG00000163932;ENSG00000158246;ENSG00000198585;ENSG00000070756;ENSG00000020577;ENSG00000188613;ENSG00000004948;ENSG00000112183;ENSG00000180336;ENSG00000121274;ENSG00000181588;ENSG00000171824;ENSG00000272886;ENSG00000103342;ENSG00000148584;ENSG00000142864;ENSG00000178896;ENSG00000105939;ENSG00000188573;ENSG00000114416;ENSG00000080802;ENSG00000082512;ENSG00000155858;ENSG00000172346;ENSG00000132541;ENSG00000165934;ENSG00000174606;ENSG00000152520;ENSG00000169062;ENSG00000029363;ENSG00000206557;ENSG00000138385;ENSG00000174953;ENSG00000092847;ENSG00000215251;ENSG00000107864;ENSG00000132819;ENSG00000163877;ENSG00000053372;ENSG00000065978;ENSG00000134698;ENSG00000100722;ENSG00000107371;ENSG00000112339;ENSG00000125207;ENSG00000119705;ENSG00000105229;ENSG00000056586;ENSG00000138095;ENSG00000122870;ENSG00000009307;ENSG00000141232;ENSG00000083520;ENSG00000130713;ENSG00000141543;ENSG00000149016;ENSG00000204272;ENSG00000149658;ENSG00000136937;ENSG00000089280;ENSG00000116791;ENSG00000165819;ENSG00000118246;ENSG00000134815;ENSG00000152684;ENSG00000175324;ENSG00000140395;ENSG00000100823;ENSG00000144580;ENSG00000138035;ENSG00000135316;ENSG00000147905;ENSG00000090097;ENSG00000155508;ENSG00000162385;ENSG00000092199;ENSG00000243449;ENSG00000135870;ENSG00000110367;ENSG00000104408;ENSG00000265241;ENSG00000141698;ENSG00000170627;ENSG00000184863;ENSG00000153187;ENSG00000078177;ENSG00000181163;ENSG00000120705;ENSG00000151962;ENSG00000168646;ENSG00000124279;ENSG00000163694;ENSG00000143977;ENSG00000135387;ENSG00000198677;ENSG00000151461;ENSG00000170473;ENSG00000119203;ENSG00000136270;ENSG00000197451;ENSG00000157106;ENSG00000092345;ENSG00000090905;ENSG00000130332;ENSG00000114503;ENSG00000119720;ENSG00000178764;ENSG00000081277;ENSG00000185728;ENSG00000179151;ENSG00000204389;ENSG00000120948;ENSG00000204392;ENSG00000174840;ENSG00000134318;ENSG00000154229;ENSG00000156502;ENSG00000023191;ENSG00000184708;ENSG00000067900;ENSG00000168101;ENSG00000172936;ENSG00000229474;ENSG00000223496;ENSG00000116698;ENSG00000204388;ENSG00000113300"
"GO","GOBP_MATURATION_OF_LSU_RRNA",2.04886472643042e-06,0.000513885626940251,0.627256739718528,0.721297657923293,2.19830246595857,32,"ENSG00000138442;ENSG00000162408;ENSG00000198042;ENSG00000146223;ENSG00000197498;ENSG00000088205;ENSG00000136891;ENSG00000111641;ENSG00000108592;ENSG00000261236;ENSG00000117174;ENSG00000130810;ENSG00000111845;ENSG00000001497;ENSG00000117133;ENSG00000107937;ENSG00000100029"
"GO","GOCC_MITOCHONDRIAL_PROTEIN_CONTAINING_COMPLEX",1.98814307528563e-06,0.000513885626940251,0.627256739718528,0.442263113106234,1.82342751379457,182,"ENSG00000108179;ENSG00000061794;ENSG00000135900;ENSG00000007923;ENSG00000137547;ENSG00000132305;ENSG00000213585;ENSG00000114686;ENSG00000120675;ENSG00000115364;ENSG00000108826;ENSG00000158882;ENSG00000143436;ENSG00000198015;ENSG00000164494;ENSG00000113013;ENSG00000205981;ENSG00000179271;ENSG00000142444;ENSG00000166902;ENSG00000165487;ENSG00000159111;ENSG00000243927;ENSG00000100347;ENSG00000158042;ENSG00000132313;ENSG00000106591;ENSG00000182154;ENSG00000090263;ENSG00000082515;ENSG00000177034;ENSG00000166855;ENSG00000167085;ENSG00000134375;ENSG00000062582;ENSG00000265354;ENSG00000116221;ENSG00000112110;ENSG00000181991;ENSG00000143314;ENSG00000137806;ENSG00000262814;ENSG00000109519;ENSG00000174917;ENSG00000173141;ENSG00000100216;ENSG00000005022;ENSG00000132676;ENSG00000096080;ENSG00000243147;ENSG00000126953;ENSG00000005059;ENSG00000259494;ENSG00000128626;ENSG00000138035;ENSG00000106603;ENSG00000125445;ENSG00000185608;ENSG00000169288;ENSG00000242485;ENSG00000134809;ENSG00000278845;ENSG00000155970;ENSG00000167862;ENSG00000144029;ENSG00000150779;ENSG00000136003;ENSG00000185414;ENSG00000204316;ENSG00000100575;ENSG00000143158;ENSG00000072506;ENSG00000104980;ENSG00000111639;ENSG00000131368;ENSG00000156026;ENSG00000197345;ENSG00000105197;ENSG00000154719;ENSG00000156502;ENSG00000175110"
"GO","GOBP_RESPONSE_TO_ENDOPLASMIC_RETICULUM_STRESS",3.09846069354275e-06,0.000749384850595411,0.627256739718528,-0.420673759117788,-1.74249123284449,282,"ENSG00000044574;ENSG00000099958;ENSG00000155660;ENSG00000166598;ENSG00000149428;ENSG00000102580;ENSG00000175197;ENSG00000145050;ENSG00000143870;ENSG00000051108;ENSG00000127022;ENSG00000128228;ENSG00000179218;ENSG00000145495;ENSG00000167004;ENSG00000152348;ENSG00000185624;ENSG00000135506;ENSG00000072849;ENSG00000086598;ENSG00000172071;ENSG00000100219;ENSG00000185104;ENSG00000269190;ENSG00000116761;ENSG00000142208;ENSG00000170145;ENSG00000180535;ENSG00000162298;ENSG00000106638;ENSG00000101294;ENSG00000128272;ENSG00000128590;ENSG00000198171;ENSG00000164054;ENSG00000023318;ENSG00000118217;ENSG00000138617;ENSG00000142552;ENSG00000213676;ENSG00000174483;ENSG00000196296;ENSG00000167671;ENSG00000197930;ENSG00000116661;ENSG00000169429;ENSG00000174672;ENSG00000110344;ENSG00000113739;ENSG00000087074;ENSG00000064687;ENSG00000163527;ENSG00000138942;ENSG00000101955;ENSG00000106803;ENSG00000188906;ENSG00000178607;ENSG00000105974;ENSG00000132879;ENSG00000135119;ENSG00000001626;ENSG00000172216;ENSG00000168936;ENSG00000108588;ENSG00000106541;ENSG00000137504;ENSG00000161243;ENSG00000071537;ENSG00000131871;ENSG00000101255;ENSG00000164953;ENSG00000107175;ENSG00000188505;ENSG00000198855;ENSG00000108465;ENSG00000178828;ENSG00000141510;ENSG00000111684;ENSG00000137522;ENSG00000182158;ENSG00000128965;ENSG00000137817;ENSG00000157613;ENSG00000155957;ENSG00000162430;ENSG00000091436;ENSG00000136986;ENSG00000105647;ENSG00000148572"
"GO","GOBP_CHOLESTEROL_BIOSYNTHETIC_PROCESS_VIA_DESMOSTEROL",3.60932836157138e-06,0.000814745722152045,0.627256739718528,0.806544679254928,2.17362934873439,19,"ENSG00000079459;ENSG00000067064;ENSG00000113161;ENSG00000052802;ENSG00000147383;ENSG00000112972;ENSG00000160752;ENSG00000104549;ENSG00000173409;ENSG00000172893;ENSG00000109929;ENSG00000116133;ENSG00000167508;ENSG00000110921;ENSG00000132196;ENSG00000160285"
"GO","GOBP_NEGATIVE_REGULATION_OF_TOR_SIGNALING",3.58248149738439e-06,0.000814745722152045,0.627256739718528,0.564587810143863,2.00851505159863,71,"ENSG00000171100;ENSG00000176641;ENSG00000170027;ENSG00000072401;ENSG00000112425;ENSG00000149212;ENSG00000197329;ENSG00000104343;ENSG00000162409;ENSG00000100644;ENSG00000174206;ENSG00000145979;ENSG00000159459;ENSG00000080546;ENSG00000142875;ENSG00000167136;ENSG00000096717;ENSG00000108443;ENSG00000130766;ENSG00000164654;ENSG00000085415;ENSG00000134086;ENSG00000165699;ENSG00000132356;ENSG00000124126;ENSG00000183735;ENSG00000118162;ENSG00000066427;ENSG00000177889;ENSG00000239282;ENSG00000164924;ENSG00000204673;ENSG00000239521;ENSG00000264522;ENSG00000103091;ENSG00000118046;ENSG00000103148"
"GO","GOBP_HOMEOSTASIS_OF_NUMBER_OF_CELLS",4.17072079137585e-06,0.000911100683845072,0.610526878385931,0.361894063306705,1.59604283002111,349,"ENSG00000178980;ENSG00000136999;ENSG00000096968;ENSG00000134954;ENSG00000115738;ENSG00000155393;ENSG00000164442;ENSG00000176928;ENSG00000104432;ENSG00000142867;ENSG00000186073;ENSG00000167552;ENSG00000122863;ENSG00000117450;ENSG00000138594;ENSG00000158156;ENSG00000162769;ENSG00000119927;ENSG00000081051;ENSG00000164305;ENSG00000135108;ENSG00000113575;ENSG00000100644;ENSG00000139323;ENSG00000166086;ENSG00000186716;ENSG00000153208;ENSG00000164466;ENSG00000106605;ENSG00000047056;ENSG00000121989;ENSG00000112658;ENSG00000011105;ENSG00000119314;ENSG00000158301;ENSG00000105810;ENSG00000135638;ENSG00000139200;ENSG00000113013;ENSG00000073536;ENSG00000133703;ENSG00000204264;ENSG00000163832;ENSG00000147251;ENSG00000135905;ENSG00000111843;ENSG00000175354;ENSG00000086065;ENSG00000205213;ENSG00000196839;ENSG00000112305;ENSG00000139687;ENSG00000041357;ENSG00000051382;ENSG00000135776;ENSG00000069702;ENSG00000089902;ENSG00000126067;ENSG00000105672;ENSG00000090013;ENSG00000101265;ENSG00000160999;ENSG00000105281;ENSG00000118503;ENSG00000100567;ENSG00000092020;ENSG00000066336;ENSG00000115239;ENSG00000121005;ENSG00000143952;ENSG00000124766;ENSG00000101182;ENSG00000145220;ENSG00000104884;ENSG00000105610;ENSG00000107798;ENSG00000082641;ENSG00000100714;ENSG00000185386;ENSG00000056586;ENSG00000174564;ENSG00000014123;ENSG00000115904;ENSG00000143479;ENSG00000005022;ENSG00000170608;ENSG00000100485;ENSG00000137073;ENSG00000105372;ENSG00000067646;ENSG00000118689;ENSG00000142168;ENSG00000032219;ENSG00000157404;ENSG00000008018;ENSG00000135870;ENSG00000122025;ENSG00000108387;ENSG00000171608;ENSG00000083799;ENSG00000117020;ENSG00000182197;ENSG00000100147;ENSG00000153187"
"GO","GOBP_SULFUR_COMPOUND_METABOLIC_PROCESS",5.16978019603357e-06,0.0010940547339856,0.610526878385931,0.398552555025888,1.70496135959273,257,"ENSG00000128294;ENSG00000108578;ENSG00000001084;ENSG00000175040;ENSG00000123983;ENSG00000168291;ENSG00000197296;ENSG00000122863;ENSG00000068366;ENSG00000062282;ENSG00000099810;ENSG00000113161;ENSG00000127125;ENSG00000170522;ENSG00000119927;ENSG00000116044;ENSG00000160200;ENSG00000138074;ENSG00000023909;ENSG00000124302;ENSG00000164181;ENSG00000239672;ENSG00000112972;ENSG00000131844;ENSG00000175229;ENSG00000198682;ENSG00000137767;ENSG00000128311;ENSG00000110435;ENSG00000184227;ENSG00000101444;ENSG00000169710;ENSG00000138413;ENSG00000137992;ENSG00000249853;ENSG00000131473;ENSG00000151726;ENSG00000134202;ENSG00000206527;ENSG00000005469;ENSG00000132840;ENSG00000197601;ENSG00000100348;ENSG00000131828;ENSG00000145335;ENSG00000117479;ENSG00000138801;ENSG00000120137;ENSG00000164951;ENSG00000149089;ENSG00000233276;ENSG00000091140;ENSG00000100577;ENSG00000151093;ENSG00000130540;ENSG00000134240;ENSG00000082641;ENSG00000100714;ENSG00000037757;ENSG00000175264;ENSG00000151790;ENSG00000165983;ENSG00000131069;ENSG00000167508;ENSG00000136143;ENSG00000160305;ENSG00000066322;ENSG00000110921;ENSG00000125779;ENSG00000142168;ENSG00000148834;ENSG00000023839;ENSG00000133433;ENSG00000015413;ENSG00000175198;ENSG00000103222;ENSG00000197165;ENSG00000004799;ENSG00000182197;ENSG00000084207;ENSG00000088002;ENSG00000131067;ENSG00000197977;ENSG00000118402;ENSG00000150768;ENSG00000145439;ENSG00000144746;ENSG00000167419;ENSG00000170899;ENSG00000099984;ENSG00000102172;ENSG00000135917;ENSG00000012660;ENSG00000133816;ENSG00000274276;ENSG00000040531"
"GO","GOBP_RESPONSE_TO_OXIDATIVE_STRESS",6.84145411695372e-06,0.00140394931151547,0.610526878385931,0.35128598534499,1.57318954066504,410,"ENSG00000108179;ENSG00000163932;ENSG00000171503;ENSG00000096968;ENSG00000001084;ENSG00000065559;ENSG00000204516;ENSG00000134001;ENSG00000089057;ENSG00000164879;ENSG00000181019;ENSG00000167193;ENSG00000103018;ENSG00000124214;ENSG00000010810;ENSG00000131979;ENSG00000157110;ENSG00000103056;ENSG00000149212;ENSG00000104321;ENSG00000117450;ENSG00000186868;ENSG00000121350;ENSG00000103415;ENSG00000116044;ENSG00000164305;ENSG00000162409;ENSG00000155313;ENSG00000131467;ENSG00000196715;ENSG00000023909;ENSG00000100644;ENSG00000100804;ENSG00000136159;ENSG00000173848;ENSG00000271303;ENSG00000164938;ENSG00000106605;ENSG00000080546;ENSG00000204472;ENSG00000175567;ENSG00000177556;ENSG00000100764;ENSG00000167136;ENSG00000136827;ENSG00000119508;ENSG00000096717;ENSG00000197170;ENSG00000130766;ENSG00000111450;ENSG00000196365;ENSG00000138413;ENSG00000169032;ENSG00000107669;ENSG00000100519;ENSG00000133641;ENSG00000211445;ENSG00000102572;ENSG00000041357;ENSG00000196591;ENSG00000131943;ENSG00000196262;ENSG00000180228;ENSG00000158828;ENSG00000130037;ENSG00000274588;ENSG00000198087;ENSG00000126067;ENSG00000169220;ENSG00000132356;ENSG00000173692;ENSG00000145335;ENSG00000118503;ENSG00000055130;ENSG00000100567;ENSG00000233276;ENSG00000140092;ENSG00000099219;ENSG00000152894;ENSG00000114026;ENSG00000002016;ENSG00000101182;ENSG00000104884;ENSG00000082641;ENSG00000149273;ENSG00000087191;ENSG00000100867;ENSG00000050748;ENSG00000176170;ENSG00000114166;ENSG00000225830;ENSG00000115317;ENSG00000121060;ENSG00000132823;ENSG00000077097;ENSG00000013275;ENSG00000117592;ENSG00000197442;ENSG00000156709;ENSG00000168615;ENSG00000103035;ENSG00000107831;ENSG00000118689;ENSG00000142168;ENSG00000163794;ENSG00000184481;ENSG00000102078;ENSG00000008018;ENSG00000138035;ENSG00000164985;ENSG00000042286;ENSG00000172939;ENSG00000103222;ENSG00000033170;ENSG00000115233;ENSG00000118762;ENSG00000084207;ENSG00000138061;ENSG00000185627;ENSG00000131067;ENSG00000108671;ENSG00000133612;ENSG00000079999;ENSG00000140279;ENSG00000176153;ENSG00000111912;ENSG00000144746;ENSG00000167419;ENSG00000164867;ENSG00000134602;ENSG00000100292;ENSG00000116288;ENSG00000135218;ENSG00000177425;ENSG00000127922;ENSG00000159352;ENSG00000114378;ENSG00000036257;ENSG00000074706"
"GO","GOCC_EXTERNAL_ENCAPSULATING_STRUCTURE",7.57922473391097e-06,0.00150960323229544,0.610526878385931,-0.369282233066426,-1.59284416715251,446,"ENSG00000111186;ENSG00000101680;ENSG00000186998;ENSG00000100767;ENSG00000196975;ENSG00000179954;ENSG00000196739;ENSG00000189409;ENSG00000138759;ENSG00000163703;ENSG00000115318;ENSG00000179218;ENSG00000184164;ENSG00000084636;ENSG00000137573;ENSG00000171812;ENSG00000057593;ENSG00000090863;ENSG00000114270;ENSG00000197043;ENSG00000162510;ENSG00000196154;ENSG00000091136;ENSG00000142798;ENSG00000196878;ENSG00000144152;ENSG00000182871;ENSG00000012171;ENSG00000090530;ENSG00000172889;ENSG00000104368;ENSG00000106927;ENSG00000112562;ENSG00000265203;ENSG00000100234;ENSG00000106333;ENSG00000105664;ENSG00000138131;ENSG00000187955;ENSG00000107742;ENSG00000136378;ENSG00000164111;ENSG00000172037;ENSG00000197915;ENSG00000129038;ENSG00000115380;ENSG00000135744;ENSG00000206561;ENSG00000102924;ENSG00000126500;ENSG00000143631;ENSG00000112293;ENSG00000107821;ENSG00000173531;ENSG00000049323;ENSG00000112715;ENSG00000166482;ENSG00000174721;ENSG00000198732;ENSG00000138185;ENSG00000130635;ENSG00000083444;ENSG00000184349;ENSG00000101203;ENSG00000132561;ENSG00000140545;ENSG00000164620;ENSG00000042781;ENSG00000113140;ENSG00000163131;ENSG00000187151;ENSG00000102265;ENSG00000101955;ENSG00000055957;ENSG00000179403;ENSG00000132386;ENSG00000115414;ENSG00000198959;ENSG00000138615;ENSG00000275395;ENSG00000163815;ENSG00000142871;ENSG00000136859;ENSG00000172236;ENSG00000188157;ENSG00000104760;ENSG00000196104;ENSG00000157150;ENSG00000117385;ENSG00000117983;ENSG00000183628;ENSG00000119699;ENSG00000109927;ENSG00000189056;ENSG00000168056;ENSG00000187908;ENSG00000038427;ENSG00000169436;ENSG00000108679;ENSG00000168542;ENSG00000149506;ENSG00000180210;ENSG00000188162;ENSG00000187664;ENSG00000134013;ENSG00000197859;ENSG00000165816;ENSG00000100097;ENSG00000170542;ENSG00000168961;ENSG00000150893;ENSG00000108821;ENSG00000132026"
"GO","GOBP_PROTEIN_RNA_COMPLEX_ORGANIZATION",9.40754432651522e-06,0.00182022543369032,0.593325476396405,0.393523744635391,1.67769228717354,249,"ENSG00000154548;ENSG00000048740;ENSG00000102241;ENSG00000161981;ENSG00000096384;ENSG00000096063;ENSG00000168566;ENSG00000108883;ENSG00000116455;ENSG00000197498;ENSG00000111641;ENSG00000142252;ENSG00000150773;ENSG00000113460;ENSG00000171861;ENSG00000080824;ENSG00000145414;ENSG00000261236;ENSG00000106263;ENSG00000178605;ENSG00000169519;ENSG00000180228;ENSG00000178952;ENSG00000107581;ENSG00000117174;ENSG00000274523;ENSG00000189306;ENSG00000092847;ENSG00000170759;ENSG00000130826;ENSG00000163877;ENSG00000053372;ENSG00000182810;ENSG00000105793;ENSG00000140939;ENSG00000117569;ENSG00000134698;ENSG00000205571;ENSG00000172409;ENSG00000101343;ENSG00000184110;ENSG00000146963;ENSG00000164609;ENSG00000128534;ENSG00000100109;ENSG00000082516;ENSG00000101546;ENSG00000136875;ENSG00000125870;ENSG00000143479;ENSG00000122085;ENSG00000233927;ENSG00000136937;ENSG00000105372;ENSG00000118246;ENSG00000104131;ENSG00000175054;ENSG00000241945;ENSG00000132153;ENSG00000135316;ENSG00000164985;ENSG00000124562;ENSG00000085760;ENSG00000104408;ENSG00000101898;ENSG00000139726;ENSG00000079785;ENSG00000117481;ENSG00000023734;ENSG00000115524;ENSG00000184281;ENSG00000179409;ENSG00000143977;ENSG00000076924;ENSG00000100650;ENSG00000132591;ENSG00000140488;ENSG00000189091;ENSG00000149100;ENSG00000130332;ENSG00000075856;ENSG00000169217;ENSG00000146109;ENSG00000074201;ENSG00000142541;ENSG00000151131;ENSG00000110958;ENSG00000204392;ENSG00000184209;ENSG00000132109;ENSG00000064703;ENSG00000100138;ENSG00000177954;ENSG00000122687;ENSG00000084623;ENSG00000137574;ENSG00000105618;ENSG00000168028;ENSG00000005436"
"GO","GOBP_RNA_MODIFICATION",1.08964230109747e-05,0.00204466178539589,0.593325476396405,0.425682782992294,1.75064859342015,178,"ENSG00000086189;ENSG00000162639;ENSG00000091127;ENSG00000175711;ENSG00000162851;ENSG00000037474;ENSG00000206562;ENSG00000148584;ENSG00000162927;ENSG00000126749;ENSG00000071462;ENSG00000255561;ENSG00000156735;ENSG00000111641;ENSG00000188573;ENSG00000155858;ENSG00000123600;ENSG00000135372;ENSG00000163832;ENSG00000066654;ENSG00000103707;ENSG00000101574;ENSG00000196449;ENSG00000109911;ENSG00000171861;ENSG00000108592;ENSG00000160193;ENSG00000145414;ENSG00000104907;ENSG00000043514;ENSG00000138385;ENSG00000169519;ENSG00000167264;ENSG00000089195;ENSG00000277149;ENSG00000182117;ENSG00000130826;ENSG00000154813;ENSG00000239713;ENSG00000197381;ENSG00000128694;ENSG00000007376;ENSG00000169570;ENSG00000101654;ENSG00000134014;ENSG00000156990;ENSG00000138050;ENSG00000128394;ENSG00000037897;ENSG00000167112;ENSG00000165819;ENSG00000118246;ENSG00000165526;ENSG00000177192;ENSG00000135316;ENSG00000031698;ENSG00000165832;ENSG00000198841;ENSG00000117481;ENSG00000101361;ENSG00000055044;ENSG00000109534;ENSG00000186666;ENSG00000125652;ENSG00000163694;ENSG00000169612;ENSG00000143977;ENSG00000165055;ENSG00000174912;ENSG00000197451;ENSG00000170291;ENSG00000170270;ENSG00000109618;ENSG00000072506;ENSG00000244509;ENSG00000100138;ENSG00000122687;ENSG00000162971;ENSG00000137574;ENSG00000278619;ENSG00000134461;ENSG00000235272;ENSG00000162623;ENSG00000087995;ENSG00000168228;ENSG00000059588;ENSG00000178694;ENSG00000183665"
"GO","GOCC_CYTOPLASMIC_RIBONUCLEOPROTEIN_GRANULE",1.11713653366285e-05,0.00204466178539589,0.593325476396405,0.397086511265872,1.68380906230484,237,"ENSG00000205978;ENSG00000214575;ENSG00000134001;ENSG00000070756;ENSG00000109832;ENSG00000020577;ENSG00000135930;ENSG00000090621;ENSG00000148798;ENSG00000124214;ENSG00000130956;ENSG00000158560;ENSG00000167552;ENSG00000162639;ENSG00000157110;ENSG00000134852;ENSG00000186868;ENSG00000189127;ENSG00000037474;ENSG00000272886;ENSG00000162409;ENSG00000067048;ENSG00000064726;ENSG00000225663;ENSG00000156414;ENSG00000124201;ENSG00000114416;ENSG00000161011;ENSG00000059378;ENSG00000145907;ENSG00000152520;ENSG00000111879;ENSG00000106263;ENSG00000041357;ENSG00000206557;ENSG00000162782;ENSG00000138385;ENSG00000235711;ENSG00000108424;ENSG00000174953;ENSG00000182134;ENSG00000092847;ENSG00000130589;ENSG00000065978;ENSG00000152332;ENSG00000257103;ENSG00000134698;ENSG00000205571;ENSG00000239713;ENSG00000115053;ENSG00000125207;ENSG00000070831;ENSG00000161960;ENSG00000152601;ENSG00000056586;ENSG00000189167;ENSG00000009307;ENSG00000143479;ENSG00000121060;ENSG00000204272;ENSG00000149658;ENSG00000128394;ENSG00000198576;ENSG00000137073;ENSG00000108107;ENSG00000175324;ENSG00000272031;ENSG00000144580;ENSG00000155508;ENSG00000151247;ENSG00000135870;ENSG00000110367;ENSG00000170627;ENSG00000153187;ENSG00000079785"
"GO","GOBP_MATURATION_OF_LSU_RRNA_FROM_TRICISTRONIC_RRNA_TRANSCRIPT_SSU_RRNA_5_8S_RRNA_LSU_RRNA",1.45522199557017e-05,0.00254789135955001,0.593325476396405,0.742766848918664,2.0996088769575,23,"ENSG00000138442;ENSG00000162408;ENSG00000146223;ENSG00000197498;ENSG00000088205;ENSG00000136891;ENSG00000108592;ENSG00000261236;ENSG00000117174;ENSG00000130810;ENSG00000111845;ENSG00000001497;ENSG00000107937;ENSG00000100029"
"GO","GOMF_GTPASE_ACTIVITY",1.46733259040831e-05,0.00254789135955001,0.593325476396405,0.360584697028376,1.57964743454735,326,"ENSG00000108551;ENSG00000117152;ENSG00000176490;ENSG00000108830;ENSG00000118508;ENSG00000091844;ENSG00000166128;ENSG00000117280;ENSG00000116741;ENSG00000145715;ENSG00000151611;ENSG00000197959;ENSG00000171700;ENSG00000131979;ENSG00000123892;ENSG00000143862;ENSG00000197885;ENSG00000167721;ENSG00000154451;ENSG00000157601;ENSG00000165527;ENSG00000113595;ENSG00000135778;ENSG00000186522;ENSG00000103342;ENSG00000006451;ENSG00000188042;ENSG00000108883;ENSG00000198513;ENSG00000184743;ENSG00000137267;ENSG00000125249;ENSG00000175414;ENSG00000127955;ENSG00000129472;ENSG00000137285;ENSG00000167578;ENSG00000164163;ENSG00000206418;ENSG00000120063;ENSG00000133703;ENSG00000123728;ENSG00000113966;ENSG00000171368;ENSG00000242616;ENSG00000168827;ENSG00000084733;ENSG00000080371;ENSG00000065135;ENSG00000087460;ENSG00000144566;ENSG00000115963;ENSG00000185236;ENSG00000151806;ENSG00000178952;ENSG00000185305;ENSG00000175906;ENSG00000169220;ENSG00000179331;ENSG00000100852;ENSG00000167378;ENSG00000155876;ENSG00000101210;ENSG00000175582;ENSG00000185721;ENSG00000105793;ENSG00000168256;ENSG00000104140;ENSG00000158417;ENSG00000124209;ENSG00000112339;ENSG00000070831;ENSG00000155366;ENSG00000004059;ENSG00000122644;ENSG00000270885;ENSG00000198836;ENSG00000134287;ENSG00000111540;ENSG00000128045;ENSG00000197562;ENSG00000100302;ENSG00000087470;ENSG00000124659;ENSG00000111737;ENSG00000112210"
"GO","GOBP_RNA_SPLICING",1.51614272381754e-05,0.0025668296314231,0.593325476396405,0.332662351223038,1.50795000331733,473,"ENSG00000154548;ENSG00000048740;ENSG00000070756;ENSG00000124942;ENSG00000130956;ENSG00000102241;ENSG00000091127;ENSG00000100461;ENSG00000157110;ENSG00000161981;ENSG00000112183;ENSG00000132463;ENSG00000121350;ENSG00000171824;ENSG00000104967;ENSG00000096063;ENSG00000116350;ENSG00000096401;ENSG00000122965;ENSG00000168566;ENSG00000108883;ENSG00000160208;ENSG00000117751;ENSG00000116455;ENSG00000134453;ENSG00000119812;ENSG00000119314;ENSG00000152382;ENSG00000142252;ENSG00000039123;ENSG00000145675;ENSG00000162664;ENSG00000138231;ENSG00000135482;ENSG00000119953;ENSG00000033030;ENSG00000101574;ENSG00000105705;ENSG00000174606;ENSG00000143751;ENSG00000169062;ENSG00000108561;ENSG00000179335;ENSG00000150459;ENSG00000127993;ENSG00000120656;ENSG00000248333;ENSG00000116679;ENSG00000100056;ENSG00000213782;ENSG00000132819;ENSG00000163877;ENSG00000153006;ENSG00000116752;ENSG00000065978;ENSG00000051596;ENSG00000109606;ENSG00000100320;ENSG00000103067;ENSG00000125676;ENSG00000140939;ENSG00000117569;ENSG00000205571;ENSG00000172409;ENSG00000100722;ENSG00000115053;ENSG00000101343;ENSG00000138433;ENSG00000146007;ENSG00000152601;ENSG00000146963;ENSG00000075292;ENSG00000125449;ENSG00000076053;ENSG00000164609;ENSG00000108773;ENSG00000128534;ENSG00000100109;ENSG00000082516;ENSG00000109536;ENSG00000136819;ENSG00000105058;ENSG00000086589;ENSG00000164548;ENSG00000136875;ENSG00000163605;ENSG00000141543;ENSG00000125870;ENSG00000114166;ENSG00000138050;ENSG00000104824;ENSG00000136937;ENSG00000089280;ENSG00000117592;ENSG00000165819;ENSG00000126945;ENSG00000165526;ENSG00000108819;ENSG00000177192;ENSG00000175324;ENSG00000131981;ENSG00000089682;ENSG00000147140;ENSG00000135316;ENSG00000164985;ENSG00000090097;ENSG00000173011;ENSG00000164663;ENSG00000124562;ENSG00000162385;ENSG00000092199;ENSG00000112232;ENSG00000265241;ENSG00000128739;ENSG00000153187;ENSG00000079785;ENSG00000023734;ENSG00000181163;ENSG00000100296;ENSG00000099783;ENSG00000163510;ENSG00000115524;ENSG00000184281;ENSG00000076650;ENSG00000164944;ENSG00000163694;ENSG00000179409;ENSG00000143977;ENSG00000161547;ENSG00000155966;ENSG00000076924;ENSG00000135974;ENSG00000108406;ENSG00000100650;ENSG00000068394;ENSG00000131013;ENSG00000148690;ENSG00000139644;ENSG00000163166;ENSG00000221978;ENSG00000140488;ENSG00000109971;ENSG00000189091;ENSG00000130332;ENSG00000075856;ENSG00000169217;ENSG00000109917;ENSG00000186566;ENSG00000114503;ENSG00000119720;ENSG00000074201;ENSG00000116001;ENSG00000120688;ENSG00000079134;ENSG00000116754;ENSG00000119760;ENSG00000165119;ENSG00000204389;ENSG00000120948;ENSG00000204392;ENSG00000184209;ENSG00000100220;ENSG00000167281;ENSG00000064703;ENSG00000100138;ENSG00000124383"
"GO","GOBP_ELECTRON_TRANSPORT_CHAIN",1.67912917251699e-05,0.00277342994055734,0.575610261071129,0.469530991580152,1.8299049816841,123,"ENSG00000171503;ENSG00000004961;ENSG00000189043;ENSG00000120675;ENSG00000140374;ENSG00000267855;ENSG00000178127;ENSG00000132382;ENSG00000169021;ENSG00000147684;ENSG00000267673;ENSG00000073578;ENSG00000229344;ENSG00000178741;ENSG00000137714;ENSG00000178209;ENSG00000158828;ENSG00000119421;ENSG00000145335;ENSG00000156467;ENSG00000130414;ENSG00000166136;ENSG00000091140;ENSG00000185633;ENSG00000143952;ENSG00000131495;ENSG00000100867;ENSG00000226085;ENSG00000170906;ENSG00000164405;ENSG00000137806;ENSG00000143252;ENSG00000023228;ENSG00000184752;ENSG00000139180;ENSG00000151366;ENSG00000042286;ENSG00000172115;ENSG00000111775;ENSG00000184983;ENSG00000167985;ENSG00000116288;ENSG00000131174;ENSG00000168286;ENSG00000136003;ENSG00000173660;ENSG00000198804;ENSG00000160194;ENSG00000165678;ENSG00000140527;ENSG00000131143;ENSG00000122696;ENSG00000015475;ENSG00000090266;ENSG00000164258;ENSG00000127540;ENSG00000140990;ENSG00000176340;ENSG00000117118;ENSG00000183648;ENSG00000109919;ENSG00000198888;ENSG00000114956"
"GO","GOBP_REPRODUCTIVE_SYSTEM_DEVELOPMENT",2.03826211848455e-05,0.00328645501580414,0.575610261071129,0.372461028789653,1.60524891252227,279,"ENSG00000172201;ENSG00000145147;ENSG00000135919;ENSG00000213145;ENSG00000164442;ENSG00000116285;ENSG00000004478;ENSG00000163659;ENSG00000150990;ENSG00000145545;ENSG00000128564;ENSG00000167034;ENSG00000153162;ENSG00000081051;ENSG00000164305;ENSG00000166224;ENSG00000181965;ENSG00000169836;ENSG00000116455;ENSG00000153208;ENSG00000174948;ENSG00000121989;ENSG00000239732;ENSG00000253293;ENSG00000130254;ENSG00000052126;ENSG00000176399;ENSG00000125875;ENSG00000092445;ENSG00000185920;ENSG00000096717;ENSG00000138413;ENSG00000205981;ENSG00000177551;ENSG00000205213;ENSG00000138207;ENSG00000143355;ENSG00000176720;ENSG00000115211;ENSG00000147437;ENSG00000198087;ENSG00000171316;ENSG00000185551;ENSG00000116752;ENSG00000104332;ENSG00000066468;ENSG00000054267;ENSG00000088992;ENSG00000124733;ENSG00000134698;ENSG00000111087;ENSG00000159184;ENSG00000188372;ENSG00000082175;ENSG00000085224;ENSG00000129757;ENSG00000009307;ENSG00000144747;ENSG00000141052;ENSG00000266412;ENSG00000116133;ENSG00000164190;ENSG00000176788;ENSG00000102678;ENSG00000129514;ENSG00000102531;ENSG00000067646;ENSG00000170315;ENSG00000206075;ENSG00000107831;ENSG00000118689;ENSG00000142168;ENSG00000032219;ENSG00000108819;ENSG00000157404;ENSG00000091831;ENSG00000114251;ENSG00000158955;ENSG00000128714;ENSG00000196139;ENSG00000110395;ENSG00000103449;ENSG00000113494;ENSG00000118046;ENSG00000143867;ENSG00000182459;ENSG00000135346;ENSG00000100625;ENSG00000164867;ENSG00000081479;ENSG00000145191;ENSG00000143545"
"GO","GOMF_PHOSPHOLIPID_BINDING",2.25124971460447e-05,0.00354545652727941,0.575610261071129,0.327381155943287,1.48594358712392,485,"ENSG00000196353;ENSG00000139641;ENSG00000161905;ENSG00000147041;ENSG00000137575;ENSG00000178773;ENSG00000124120;ENSG00000148498;ENSG00000100344;ENSG00000172020;ENSG00000129219;ENSG00000135605;ENSG00000171100;ENSG00000128641;ENSG00000116095;ENSG00000157077;ENSG00000141179;ENSG00000042493;ENSG00000132434;ENSG00000170873;ENSG00000113163;ENSG00000130208;ENSG00000073712;ENSG00000103056;ENSG00000159753;ENSG00000145016;ENSG00000049283;ENSG00000170633;ENSG00000134207;ENSG00000100979;ENSG00000157483;ENSG00000116117;ENSG00000186868;ENSG00000084674;ENSG00000089220;ENSG00000198722;ENSG00000160460;ENSG00000145819;ENSG00000155760;ENSG00000103528;ENSG00000122359;ENSG00000213585;ENSG00000181649;ENSG00000151239;ENSG00000086289;ENSG00000148158;ENSG00000089169;ENSG00000118242;ENSG00000011347;ENSG00000129515;ENSG00000117868;ENSG00000109756;ENSG00000115762;ENSG00000052126;ENSG00000213023;ENSG00000136044;ENSG00000139973;ENSG00000007202;ENSG00000125775;ENSG00000064652;ENSG00000007516;ENSG00000143457;ENSG00000169499;ENSG00000140948;ENSG00000113966;ENSG00000102189;ENSG00000011405;ENSG00000154217;ENSG00000146005;ENSG00000113384;ENSG00000008256;ENSG00000185722;ENSG00000130340;ENSG00000104205;ENSG00000158987;ENSG00000108518;ENSG00000158220;ENSG00000157500;ENSG00000100151;ENSG00000001631;ENSG00000100266;ENSG00000113282;ENSG00000145335;ENSG00000231991;ENSG00000163002;ENSG00000124507;ENSG00000165029;ENSG00000182327;ENSG00000141376;ENSG00000048471;ENSG00000091583;ENSG00000164430;ENSG00000165775;ENSG00000173163;ENSG00000103066;ENSG00000124126;ENSG00000100558;ENSG00000123104;ENSG00000124104;ENSG00000136305;ENSG00000118473;ENSG00000132465;ENSG00000132254;ENSG00000078053;ENSG00000198836;ENSG00000130477;ENSG00000168000;ENSG00000136449;ENSG00000198742;ENSG00000132613;ENSG00000187231;ENSG00000111737;ENSG00000081923;ENSG00000104497;ENSG00000039319;ENSG00000083067;ENSG00000154358;ENSG00000138279;ENSG00000107957;ENSG00000174705;ENSG00000197415;ENSG00000090020;ENSG00000172575;ENSG00000182473;ENSG00000105559;ENSG00000164588;ENSG00000072134;ENSG00000213047;ENSG00000169403;ENSG00000015413;ENSG00000144550;ENSG00000114251;ENSG00000129990;ENSG00000163558;ENSG00000021762;ENSG00000146070;ENSG00000099290"
"GO","GOMF_GUANYL_NUCLEOTIDE_BINDING",2.76758056311539e-05,0.0041649012385372,0.575610261071129,0.343877778505194,1.53253167546024,389,"ENSG00000108551;ENSG00000101347;ENSG00000176490;ENSG00000108830;ENSG00000118508;ENSG00000166128;ENSG00000117280;ENSG00000004478;ENSG00000144635;ENSG00000132434;ENSG00000151611;ENSG00000197959;ENSG00000167552;ENSG00000131979;ENSG00000123892;ENSG00000035687;ENSG00000143862;ENSG00000197885;ENSG00000154451;ENSG00000157601;ENSG00000165527;ENSG00000113595;ENSG00000186522;ENSG00000103342;ENSG00000198515;ENSG00000006451;ENSG00000095464;ENSG00000188042;ENSG00000108883;ENSG00000198513;ENSG00000239672;ENSG00000184743;ENSG00000137267;ENSG00000109756;ENSG00000125249;ENSG00000175414;ENSG00000127955;ENSG00000129472;ENSG00000175567;ENSG00000182890;ENSG00000137285;ENSG00000167578;ENSG00000206418;ENSG00000120063;ENSG00000133703;ENSG00000123728;ENSG00000113966;ENSG00000168827;ENSG00000080824;ENSG00000084733;ENSG00000080371;ENSG00000065135;ENSG00000087460;ENSG00000144566;ENSG00000070019;ENSG00000178605;ENSG00000115963;ENSG00000185236;ENSG00000151806;ENSG00000178952;ENSG00000185305;ENSG00000274523;ENSG00000175906;ENSG00000164116;ENSG00000179331;ENSG00000167378;ENSG00000155876;ENSG00000162433;ENSG00000148672;ENSG00000101210;ENSG00000243678;ENSG00000175582;ENSG00000164430;ENSG00000185721;ENSG00000105793;ENSG00000168256;ENSG00000104450;ENSG00000104140;ENSG00000158417;ENSG00000074935;ENSG00000124209;ENSG00000112339;ENSG00000070831;ENSG00000155366;ENSG00000004059;ENSG00000122644;ENSG00000132254;ENSG00000270885;ENSG00000172785;ENSG00000198836;ENSG00000134287;ENSG00000111540;ENSG00000061918;ENSG00000128045;ENSG00000197562;ENSG00000100302;ENSG00000087470;ENSG00000111737;ENSG00000112210;ENSG00000132676;ENSG00000166197;ENSG00000119396;ENSG00000119787;ENSG00000100889;ENSG00000254685;ENSG00000131462;ENSG00000164402;ENSG00000100335;ENSG00000136682;ENSG00000107937;ENSG00000172007;ENSG00000139890;ENSG00000157869"
"GO","GOCC_ACTIN_CYTOSKELETON",2.75948488510124e-05,0.0041649012385372,0.575610261071129,0.328079190464609,1.48770808227091,477,"ENSG00000169504;ENSG00000064042;ENSG00000144834;ENSG00000100592;ENSG00000127947;ENSG00000124942;ENSG00000151929;ENSG00000128641;ENSG00000167193;ENSG00000104081;ENSG00000042493;ENSG00000132434;ENSG00000133026;ENSG00000103187;ENSG00000010810;ENSG00000170873;ENSG00000073712;ENSG00000159753;ENSG00000115641;ENSG00000157483;ENSG00000138594;ENSG00000102024;ENSG00000211455;ENSG00000173517;ENSG00000160145;ENSG00000198947;ENSG00000160460;ENSG00000186522;ENSG00000115266;ENSG00000165410;ENSG00000109062;ENSG00000171992;ENSG00000151239;ENSG00000006453;ENSG00000151914;ENSG00000140795;ENSG00000051523;ENSG00000058272;ENSG00000081320;ENSG00000126878;ENSG00000166086;ENSG00000163110;ENSG00000112782;ENSG00000136425;ENSG00000104327;ENSG00000204472;ENSG00000079819;ENSG00000277363;ENSG00000070182;ENSG00000135723;ENSG00000109063;ENSG00000102780;ENSG00000122786;ENSG00000104067;ENSG00000112679;ENSG00000164591;ENSG00000115091;ENSG00000128872;ENSG00000147256;ENSG00000113758;ENSG00000162458;ENSG00000172137;ENSG00000198898;ENSG00000175866;ENSG00000277443;ENSG00000071909;ENSG00000130340;ENSG00000136167;ENSG00000241685;ENSG00000172403;ENSG00000100345;ENSG00000085733;ENSG00000039560;ENSG00000079691;ENSG00000099812;ENSG00000162738;ENSG00000144566;ENSG00000196465;ENSG00000241360;ENSG00000178209;ENSG00000118407;ENSG00000152778;ENSG00000137710;ENSG00000170011;ENSG00000092841;ENSG00000149925;ENSG00000163466;ENSG00000165699;ENSG00000198087;ENSG00000169641;ENSG00000145335;ENSG00000160999;ENSG00000204843;ENSG00000136205;ENSG00000117519;ENSG00000039068;ENSG00000124209;ENSG00000120756;ENSG00000092820;ENSG00000136950;ENSG00000170946;ENSG00000100014;ENSG00000143549;ENSG00000101222;ENSG00000197694;ENSG00000118162;ENSG00000133627;ENSG00000078053;ENSG00000113657;ENSG00000205726;ENSG00000144821;ENSG00000159840;ENSG00000136842;ENSG00000132613;ENSG00000114166;ENSG00000197702;ENSG00000120729;ENSG00000176105;ENSG00000106789;ENSG00000105887;ENSG00000144824;ENSG00000133392;ENSG00000162614;ENSG00000072110;ENSG00000107957;ENSG00000174705;ENSG00000105048;ENSG00000173210;ENSG00000108819;ENSG00000138771;ENSG00000149488;ENSG00000182040;ENSG00000118579"
"GO","GOBP_CENTRAL_NERVOUS_SYSTEM_NEURON_DIFFERENTIATION",3.15298796239627e-05,0.0046417466263799,0.557332238758646,0.402781401014241,1.68615599268713,208,"ENSG00000205927;ENSG00000172201;ENSG00000145147;ENSG00000154642;ENSG00000188613;ENSG00000162946;ENSG00000167193;ENSG00000116254;ENSG00000085433;ENSG00000139352;ENSG00000069667;ENSG00000156687;ENSG00000167552;ENSG00000138685;ENSG00000182580;ENSG00000125820;ENSG00000187122;ENSG00000186868;ENSG00000151615;ENSG00000115844;ENSG00000160460;ENSG00000104967;ENSG00000130675;ENSG00000114554;ENSG00000107187;ENSG00000152192;ENSG00000157240;ENSG00000109756;ENSG00000162992;ENSG00000135638;ENSG00000100271;ENSG00000123607;ENSG00000116106;ENSG00000185920;ENSG00000144355;ENSG00000164900;ENSG00000177551;ENSG00000070610;ENSG00000171540;ENSG00000158470;ENSG00000169136;ENSG00000182968;ENSG00000000457;ENSG00000182372;ENSG00000104332;ENSG00000066468;ENSG00000178568;ENSG00000198797;ENSG00000182704;ENSG00000114315;ENSG00000105711;ENSG00000197381;ENSG00000082641;ENSG00000198963;ENSG00000174013;ENSG00000152377;ENSG00000164405;ENSG00000117707;ENSG00000164532;ENSG00000170381;ENSG00000173376;ENSG00000135049;ENSG00000164209;ENSG00000128917;ENSG00000004848;ENSG00000170315;ENSG00000107831;ENSG00000140937;ENSG00000139445;ENSG00000180818;ENSG00000114251;ENSG00000158955;ENSG00000141551;ENSG00000016082;ENSG00000100147;ENSG00000170500;ENSG00000103449"
"GO","GOCC_EXOCYTIC_VESICLE",3.38688787048514e-05,0.00488000099126072,0.557332238758646,0.368379363896751,1.58679490294311,278,"ENSG00000163377;ENSG00000147041;ENSG00000101438;ENSG00000100321;ENSG00000166128;ENSG00000171365;ENSG00000162946;ENSG00000182747;ENSG00000116329;ENSG00000125149;ENSG00000134207;ENSG00000198722;ENSG00000165646;ENSG00000103528;ENSG00000168917;ENSG00000189195;ENSG00000100804;ENSG00000114573;ENSG00000089169;ENSG00000152128;ENSG00000070961;ENSG00000011347;ENSG00000213023;ENSG00000100764;ENSG00000206418;ENSG00000136827;ENSG00000197170;ENSG00000136856;ENSG00000198794;ENSG00000100519;ENSG00000084733;ENSG00000168958;ENSG00000165714;ENSG00000041357;ENSG00000144566;ENSG00000100151;ENSG00000140022;ENSG00000104093;ENSG00000186187;ENSG00000185236;ENSG00000105404;ENSG00000163466;ENSG00000126067;ENSG00000173692;ENSG00000145335;ENSG00000149571;ENSG00000109501;ENSG00000100567;ENSG00000101463;ENSG00000143553;ENSG00000175582;ENSG00000160014;ENSG00000115665;ENSG00000099625;ENSG00000164506;ENSG00000197106;ENSG00000101182;ENSG00000087191;ENSG00000078053;ENSG00000136631;ENSG00000113657;ENSG00000130477;ENSG00000111540;ENSG00000085365;ENSG00000175416;ENSG00000197562;ENSG00000087470;ENSG00000163630;ENSG00000006071;ENSG00000099365;ENSG00000013275;ENSG00000003147;ENSG00000159720;ENSG00000147416;ENSG00000103035;ENSG00000101152;ENSG00000164402;ENSG00000136888;ENSG00000176884;ENSG00000008018;ENSG00000157680;ENSG00000050438;ENSG00000124406;ENSG00000105426;ENSG00000151532;ENSG00000129990;ENSG00000167964;ENSG00000115233;ENSG00000108387;ENSG00000128524;ENSG00000185627;ENSG00000135636;ENSG00000108671;ENSG00000109572;ENSG00000102225;ENSG00000151418;ENSG00000155097;ENSG00000170743;ENSG00000116288;ENSG00000143545;ENSG00000125354;ENSG00000082556;ENSG00000127922;ENSG00000105467;ENSG00000143028;ENSG00000159352;ENSG00000141542"
"GO","GOMF_PROTEIN_DISULFIDE_ISOMERASE_ACTIVITY",3.67395091953016e-05,0.00517832609487298,0.557332238758646,-0.77302416075228,-2.01997818123193,19,"ENSG00000155660;ENSG00000143870;ENSG00000163703;ENSG00000167004;ENSG00000184164;ENSG00000185624;ENSG00000116260;ENSG00000023318"
"GO","GOBP_REGULATION_OF_MRNA_METABOLIC_PROCESS",3.74686914720579e-05,0.00517832609487298,0.557332238758646,0.356430329667563,1.56949799003917,341,"ENSG00000154548;ENSG00000205978;ENSG00000163932;ENSG00000214575;ENSG00000048740;ENSG00000158246;ENSG00000070756;ENSG00000020577;ENSG00000188613;ENSG00000004948;ENSG00000100461;ENSG00000157110;ENSG00000112183;ENSG00000180336;ENSG00000121274;ENSG00000181588;ENSG00000171824;ENSG00000272886;ENSG00000104967;ENSG00000096063;ENSG00000116350;ENSG00000148584;ENSG00000122965;ENSG00000108883;ENSG00000142864;ENSG00000116455;ENSG00000156735;ENSG00000105939;ENSG00000188573;ENSG00000114416;ENSG00000080802;ENSG00000082512;ENSG00000172346;ENSG00000132541;ENSG00000174606;ENSG00000152520;ENSG00000169062;ENSG00000108561;ENSG00000029363;ENSG00000206557;ENSG00000150459;ENSG00000174953;ENSG00000248333;ENSG00000092847;ENSG00000134371;ENSG00000215251;ENSG00000107864;ENSG00000132819;ENSG00000163877;ENSG00000176102;ENSG00000065978;ENSG00000100320;ENSG00000134698;ENSG00000172409;ENSG00000100722;ENSG00000125207;ENSG00000049883;ENSG00000119705;ENSG00000105229;ENSG00000076053;ENSG00000056586;ENSG00000138095;ENSG00000009307;ENSG00000141232;ENSG00000083520;ENSG00000141543;ENSG00000138050;ENSG00000149658;ENSG00000104824;ENSG00000136937;ENSG00000089280;ENSG00000117592;ENSG00000116791;ENSG00000165819;ENSG00000118246;ENSG00000134815;ENSG00000175324;ENSG00000100823;ENSG00000144580;ENSG00000138035;ENSG00000135316;ENSG00000090097;ENSG00000155508;ENSG00000162385;ENSG00000092199;ENSG00000243449;ENSG00000135870;ENSG00000110367;ENSG00000112232;ENSG00000265241;ENSG00000141698;ENSG00000170627;ENSG00000184863;ENSG00000153187;ENSG00000181163;ENSG00000163510;ENSG00000151962;ENSG00000168646;ENSG00000124279;ENSG00000163694;ENSG00000143977;ENSG00000135387;ENSG00000161547;ENSG00000136270;ENSG00000100650;ENSG00000197451;ENSG00000157106;ENSG00000163166;ENSG00000221978;ENSG00000092345;ENSG00000140488;ENSG00000090905;ENSG00000130332;ENSG00000114503;ENSG00000119720;ENSG00000074201;ENSG00000116001;ENSG00000081277;ENSG00000185728;ENSG00000165119;ENSG00000179151;ENSG00000120948"
"GO","GOBP_RESPONSE_TO_TEMPERATURE_STIMULUS",3.99686681118872e-05,0.005413356409074,0.557332238758646,0.424174839961237,1.72655194728202,165,"ENSG00000164326;ENSG00000001084;ENSG00000125966;ENSG00000204516;ENSG00000134001;ENSG00000162946;ENSG00000151929;ENSG00000106211;ENSG00000085433;ENSG00000166575;ENSG00000128564;ENSG00000104321;ENSG00000105993;ENSG00000107562;ENSG00000170633;ENSG00000186868;ENSG00000140403;ENSG00000096384;ENSG00000086061;ENSG00000164938;ENSG00000187688;ENSG00000169432;ENSG00000175567;ENSG00000136044;ENSG00000096717;ENSG00000144381;ENSG00000117054;ENSG00000204209;ENSG00000080824;ENSG00000105821;ENSG00000196591;ENSG00000113578;ENSG00000174953;ENSG00000115211;ENSG00000069345;ENSG00000070785;ENSG00000132356;ENSG00000167723;ENSG00000110172;ENSG00000116030;ENSG00000134240;ENSG00000107798;ENSG00000082641;ENSG00000168259;ENSG00000164609;ENSG00000066427;ENSG00000116983;ENSG00000043591;ENSG00000115317;ENSG00000168356;ENSG00000090020;ENSG00000142168;ENSG00000175054"
"GO","GOBP_REGULATION_OF_SUPRAMOLECULAR_FIBER_ORGANIZATION",4.33563779098974e-05,0.00564633444626588,0.557332238758646,0.347102306476586,1.53960756482776,368,"ENSG00000118523;ENSG00000161905;ENSG00000117152;ENSG00000163932;ENSG00000145147;ENSG00000064042;ENSG00000145715;ENSG00000004478;ENSG00000085433;ENSG00000042493;ENSG00000165175;ENSG00000131941;ENSG00000103187;ENSG00000170873;ENSG00000167711;ENSG00000073712;ENSG00000159753;ENSG00000197747;ENSG00000107562;ENSG00000138594;ENSG00000186868;ENSG00000165527;ENSG00000113068;ENSG00000160460;ENSG00000115266;ENSG00000165410;ENSG00000146376;ENSG00000171992;ENSG00000151239;ENSG00000006453;ENSG00000101367;ENSG00000113575;ENSG00000140795;ENSG00000102606;ENSG00000116584;ENSG00000156735;ENSG00000070182;ENSG00000135723;ENSG00000197256;ENSG00000176749;ENSG00000130164;ENSG00000104067;ENSG00000145675;ENSG00000128872;ENSG00000184292;ENSG00000109171;ENSG00000198844;ENSG00000198898;ENSG00000175866;ENSG00000070610;ENSG00000130340;ENSG00000175175;ENSG00000172403;ENSG00000085733;ENSG00000143450;ENSG00000108518;ENSG00000104880;ENSG00000079691;ENSG00000131626;ENSG00000139116;ENSG00000100151;ENSG00000138592;ENSG00000198718;ENSG00000241360;ENSG00000015133;ENSG00000137710;ENSG00000167617;ENSG00000163466;ENSG00000165699;ENSG00000136051;ENSG00000145335;ENSG00000101132;ENSG00000204843;ENSG00000107104;ENSG00000185721;ENSG00000104332;ENSG00000233276;ENSG00000124126;ENSG00000136950;ENSG00000100014;ENSG00000070831;ENSG00000155366;ENSG00000101222;ENSG00000197694;ENSG00000149273;ENSG00000066777;ENSG00000130779;ENSG00000132254;ENSG00000134775;ENSG00000164327;ENSG00000197872;ENSG00000131351;ENSG00000124145;ENSG00000158092;ENSG00000132970;ENSG00000136842;ENSG00000104435;ENSG00000117707"
"GO","GOBP_PHOSPHOLIPID_METABOLIC_PROCESS",4.32640812033303e-05,0.00564633444626588,0.557332238758646,0.343118618327725,1.52306232724887,369,"ENSG00000161905;ENSG00000163932;ENSG00000079459;ENSG00000154822;ENSG00000178773;ENSG00000126821;ENSG00000155189;ENSG00000068383;ENSG00000100344;ENSG00000129219;ENSG00000123983;ENSG00000171100;ENSG00000101333;ENSG00000150867;ENSG00000197296;ENSG00000100564;ENSG00000113163;ENSG00000123892;ENSG00000130208;ENSG00000103056;ENSG00000070748;ENSG00000104643;ENSG00000067064;ENSG00000159082;ENSG00000120437;ENSG00000113161;ENSG00000162769;ENSG00000198825;ENSG00000119927;ENSG00000198964;ENSG00000130768;ENSG00000125772;ENSG00000204385;ENSG00000153933;ENSG00000077044;ENSG00000011198;ENSG00000153982;ENSG00000110721;ENSG00000122591;ENSG00000129951;ENSG00000112972;ENSG00000100311;ENSG00000160752;ENSG00000130164;ENSG00000038210;ENSG00000163624;ENSG00000102780;ENSG00000145675;ENSG00000167972;ENSG00000139163;ENSG00000040933;ENSG00000122335;ENSG00000138413;ENSG00000132294;ENSG00000011405;ENSG00000188313;ENSG00000205981;ENSG00000003987;ENSG00000163803;ENSG00000124181;ENSG00000197601;ENSG00000051382;ENSG00000158201;ENSG00000274588;ENSG00000112367;ENSG00000107242;ENSG00000145335;ENSG00000109452;ENSG00000182372;ENSG00000153395;ENSG00000155744;ENSG00000164300;ENSG00000103066;ENSG00000078142;ENSG00000100523;ENSG00000116171;ENSG00000198382;ENSG00000184381;ENSG00000063601;ENSG00000134240;ENSG00000123684;ENSG00000175283;ENSG00000176095;ENSG00000111666;ENSG00000155099;ENSG00000151151;ENSG00000176454;ENSG00000138193;ENSG00000165195;ENSG00000151689;ENSG00000116906;ENSG00000167508;ENSG00000163686;ENSG00000277161;ENSG00000149091;ENSG00000117598;ENSG00000130653;ENSG00000114805;ENSG00000117592;ENSG00000241878;ENSG00000138018;ENSG00000100596;ENSG00000110921;ENSG00000063176;ENSG00000155368;ENSG00000157680;ENSG00000121879;ENSG00000103043;ENSG00000186111;ENSG00000161395;ENSG00000021762;ENSG00000146070;ENSG00000171608;ENSG00000118137;ENSG00000153989;ENSG00000100997;ENSG00000186281;ENSG00000204084;ENSG00000139914;ENSG00000179085;ENSG00000139144;ENSG00000032444;ENSG00000091039;ENSG00000183578;ENSG00000131408;ENSG00000203805;ENSG00000079462;ENSG00000196455;ENSG00000133731;ENSG00000065357;ENSG00000058866;ENSG00000105520;ENSG00000078269;ENSG00000161217;ENSG00000172594;ENSG00000104164;ENSG00000157106;ENSG00000100330;ENSG00000168918;ENSG00000187446;ENSG00000135241;ENSG00000000419;ENSG00000122126"
"GO","GOCC_ORGANELLE_ENVELOPE_LUMEN",4.55145287945411e-05,0.00581555450937042,0.557332238758646,0.493476187468675,1.86320463154079,98,"ENSG00000170791;ENSG00000162600;ENSG00000132305;ENSG00000170855;ENSG00000162377;ENSG00000102931;ENSG00000142444;ENSG00000113384;ENSG00000165487;ENSG00000137642;ENSG00000148344;ENSG00000178741;ENSG00000158828;ENSG00000060339;ENSG00000119421;ENSG00000198087;ENSG00000112234;ENSG00000116161;ENSG00000080819;ENSG00000123213;ENSG00000184047;ENSG00000168275;ENSG00000198836;ENSG00000265354;ENSG00000101166;ENSG00000160124;ENSG00000188554;ENSG00000115317;ENSG00000023228;ENSG00000156709;ENSG00000126953;ENSG00000125779;ENSG00000142168;ENSG00000138035;ENSG00000125611;ENSG00000172115;ENSG00000000938;ENSG00000181924;ENSG00000134809;ENSG00000155970;ENSG00000147465;ENSG00000116288;ENSG00000150779"
"GO","GOBP_NEGATIVE_REGULATION_OF_CELL_PROJECTION_ORGANIZATION",4.78616657695941e-05,0.00600220741836465,0.557332238758646,0.411800783726503,1.69355795348944,178,"ENSG00000053108;ENSG00000163932;ENSG00000145147;ENSG00000117280;ENSG00000134569;ENSG00000066084;ENSG00000275342;ENSG00000004478;ENSG00000007944;ENSG00000010810;ENSG00000197457;ENSG00000108947;ENSG00000187122;ENSG00000165527;ENSG00000198825;ENSG00000138604;ENSG00000138814;ENSG00000111837;ENSG00000145979;ENSG00000137996;ENSG00000075213;ENSG00000109756;ENSG00000144724;ENSG00000001617;ENSG00000116106;ENSG00000127870;ENSG00000184292;ENSG00000115310;ENSG00000169242;ENSG00000084733;ENSG00000169410;ENSG00000136536;ENSG00000196591;ENSG00000169641;ENSG00000107104;ENSG00000143553;ENSG00000127328;ENSG00000125676;ENSG00000039068;ENSG00000182704;ENSG00000114315;ENSG00000115297;ENSG00000128245;ENSG00000135333;ENSG00000113657;ENSG00000078699;ENSG00000152377;ENSG00000182541;ENSG00000104435;ENSG00000135622;ENSG00000182175;ENSG00000099365"
"GO","GOBP_RIBOSOMAL_LARGE_SUBUNIT_ASSEMBLY",5.22598107655299e-05,0.00631970425900301,0.557332238758646,0.69554315851196,2.04077677216363,27,"ENSG00000197498;ENSG00000111641;ENSG00000113460;ENSG00000171861;ENSG00000261236;ENSG00000178605;ENSG00000178952;ENSG00000274523;ENSG00000053372;ENSG00000182810;ENSG00000105793;ENSG00000122085;ENSG00000118246;ENSG00000132153;ENSG00000117481"
"GO","GOBP_REGULATION_OF_AUTOPHAGY",5.1360198518826e-05,0.00631970425900301,0.557332238758646,0.340655004965915,1.51212664349447,369,"ENSG00000011465;ENSG00000164073;ENSG00000151929;ENSG00000106211;ENSG00000171100;ENSG00000182747;ENSG00000176641;ENSG00000035664;ENSG00000077585;ENSG00000104081;ENSG00000150867;ENSG00000077721;ENSG00000151502;ENSG00000154277;ENSG00000112425;ENSG00000023287;ENSG00000165943;ENSG00000149212;ENSG00000104643;ENSG00000145016;ENSG00000186868;ENSG00000113595;ENSG00000211455;ENSG00000213585;ENSG00000164305;ENSG00000162409;ENSG00000100644;ENSG00000114573;ENSG00000148158;ENSG00000196850;ENSG00000164938;ENSG00000239732;ENSG00000080546;ENSG00000159399;ENSG00000129515;ENSG00000163251;ENSG00000176749;ENSG00000167136;ENSG00000139842;ENSG00000160803;ENSG00000085978;ENSG00000096717;ENSG00000130766;ENSG00000102096;ENSG00000011405;ENSG00000078237;ENSG00000161011;ENSG00000169032;ENSG00000136048;ENSG00000065135;ENSG00000085733;ENSG00000132405;ENSG00000051382;ENSG00000134086;ENSG00000176720;ENSG00000178752;ENSG00000158828;ENSG00000165699;ENSG00000112234;ENSG00000132356;ENSG00000145335;ENSG00000112561;ENSG00000204977;ENSG00000167378;ENSG00000155876;ENSG00000055130;ENSG00000101210;ENSG00000143199;ENSG00000126247;ENSG00000078142;ENSG00000163820;ENSG00000103257;ENSG00000143384;ENSG00000198382;ENSG00000198168;ENSG00000116209;ENSG00000183735;ENSG00000014123;ENSG00000168502;ENSG00000104312;ENSG00000087470;ENSG00000115317;ENSG00000047249;ENSG00000135018;ENSG00000005022;ENSG00000181555;ENSG00000159720;ENSG00000100596;ENSG00000118873;ENSG00000177076;ENSG00000152137;ENSG00000147416;ENSG00000118689;ENSG00000136888;ENSG00000048707;ENSG00000182473;ENSG00000197386;ENSG00000121879;ENSG00000131095;ENSG00000095787;ENSG00000151247;ENSG00000115233;ENSG00000158290;ENSG00000148356;ENSG00000118046;ENSG00000103148;ENSG00000079999;ENSG00000129003;ENSG00000102225;ENSG00000104765;ENSG00000269335;ENSG00000116903;ENSG00000155097;ENSG00000198793;ENSG00000165507;ENSG00000077254;ENSG00000100292;ENSG00000116288;ENSG00000196455;ENSG00000040633;ENSG00000178996;ENSG00000146872;ENSG00000145782;ENSG00000103194;ENSG00000172794;ENSG00000156313;ENSG00000004142;ENSG00000157625;ENSG00000261832;ENSG00000105701;ENSG00000185883;ENSG00000100387;ENSG00000175193;ENSG00000169252;ENSG00000105401;ENSG00000172057;ENSG00000130147;ENSG00000132109;ENSG00000223802;ENSG00000019991;ENSG00000204308;ENSG00000101266;ENSG00000189298;ENSG00000097007;ENSG00000113558;ENSG00000196998"
"GO","GOBP_PURINE_CONTAINING_COMPOUND_BIOSYNTHETIC_PROCESS",5.73837200038596e-05,0.00681758862923048,0.557332238758646,0.36613672310519,1.56929931741995,264,"ENSG00000164326;ENSG00000128059;ENSG00000123983;ENSG00000168291;ENSG00000154027;ENSG00000035687;ENSG00000152234;ENSG00000068366;ENSG00000147224;ENSG00000078295;ENSG00000099810;ENSG00000127125;ENSG00000170522;ENSG00000099256;ENSG00000138363;ENSG00000164181;ENSG00000156110;ENSG00000239672;ENSG00000033867;ENSG00000267855;ENSG00000178127;ENSG00000198682;ENSG00000181322;ENSG00000166796;ENSG00000074800;ENSG00000176410;ENSG00000110435;ENSG00000105835;ENSG00000147684;ENSG00000169710;ENSG00000131473;ENSG00000151726;ENSG00000169032;ENSG00000206527;ENSG00000073578;ENSG00000196839;ENSG00000173614;ENSG00000159131;ENSG00000070019;ENSG00000131828;ENSG00000158828;ENSG00000119421;ENSG00000149925;ENSG00000164116;ENSG00000145335;ENSG00000162433;ENSG00000164742;ENSG00000143199;ENSG00000243678;ENSG00000138801;ENSG00000120137;ENSG00000164951;ENSG00000130414;ENSG00000166136;ENSG00000091140;ENSG00000169299;ENSG00000131495;ENSG00000107798;ENSG00000100714;ENSG00000183077;ENSG00000106992;ENSG00000061918;ENSG00000110955;ENSG00000170906;ENSG00000008130;ENSG00000106348;ENSG00000241468;ENSG00000131069;ENSG00000143252;ENSG00000160305;ENSG00000023228;ENSG00000184752;ENSG00000066322;ENSG00000116459;ENSG00000139180;ENSG00000063176;ENSG00000241837;ENSG00000125779;ENSG00000151366"
"GO","GOCC_NEURON_TO_NEURON_SYNAPSE",5.85591706053227e-05,0.00683728798860768,0.557332238758646,0.336894875422741,1.50248213299898,393,"ENSG00000186479;ENSG00000214575;ENSG00000103942;ENSG00000128594;ENSG00000188803;ENSG00000134569;ENSG00000125675;ENSG00000172020;ENSG00000162946;ENSG00000116329;ENSG00000115808;ENSG00000010810;ENSG00000151208;ENSG00000197959;ENSG00000108947;ENSG00000164929;ENSG00000157193;ENSG00000189410;ENSG00000115183;ENSG00000137845;ENSG00000107362;ENSG00000160145;ENSG00000148943;ENSG00000116544;ENSG00000091428;ENSG00000164305;ENSG00000125744;ENSG00000171992;ENSG00000128011;ENSG00000170579;ENSG00000100285;ENSG00000186716;ENSG00000135298;ENSG00000163110;ENSG00000161509;ENSG00000011347;ENSG00000104327;ENSG00000277363;ENSG00000052126;ENSG00000188191;ENSG00000095713;ENSG00000129204;ENSG00000176749;ENSG00000116106;ENSG00000040933;ENSG00000146938;ENSG00000113758;ENSG00000115310;ENSG00000169032;ENSG00000118160;ENSG00000175866;ENSG00000166342;ENSG00000179841;ENSG00000108852;ENSG00000162738;ENSG00000198785;ENSG00000100151;ENSG00000184985;ENSG00000138592;ENSG00000163637;ENSG00000137843;ENSG00000225968;ENSG00000138101;ENSG00000058404;ENSG00000107581;ENSG00000198739;ENSG00000163873;ENSG00000116675;ENSG00000165699;ENSG00000169220;ENSG00000107864;ENSG00000164742;ENSG00000101463;ENSG00000131188;ENSG00000178568;ENSG00000100678;ENSG00000164506;ENSG00000136754;ENSG00000104863;ENSG00000131094;ENSG00000128245;ENSG00000156011;ENSG00000149273;ENSG00000135333;ENSG00000131409;ENSG00000165985;ENSG00000144868;ENSG00000115904;ENSG00000174013;ENSG00000152377;ENSG00000144283;ENSG00000164924;ENSG00000114030;ENSG00000135622;ENSG00000152413;ENSG00000107186;ENSG00000082482;ENSG00000118596;ENSG00000198576;ENSG00000148700;ENSG00000105372;ENSG00000149970;ENSG00000108819;ENSG00000146006;ENSG00000176884;ENSG00000234965;ENSG00000118507;ENSG00000157680;ENSG00000050438;ENSG00000158258;ENSG00000136379;ENSG00000105426;ENSG00000077549;ENSG00000215045;ENSG00000171603;ENSG00000182771;ENSG00000129244;ENSG00000104408;ENSG00000107130;ENSG00000135766"
"GO","GOCC_RIBOSOMAL_SUBUNIT",6.0624431413479e-05,0.0069584516869844,0.557332238758646,0.408671782983403,1.6806897310276,178,"ENSG00000061794;ENSG00000135900;ENSG00000137547;ENSG00000114686;ENSG00000115364;ENSG00000146223;ENSG00000108826;ENSG00000143436;ENSG00000198015;ENSG00000179271;ENSG00000166902;ENSG00000174748;ENSG00000159111;ENSG00000243927;ENSG00000158042;ENSG00000132313;ENSG00000106591;ENSG00000182154;ENSG00000090263;ENSG00000082515;ENSG00000149273;ENSG00000062582;ENSG00000116221;ENSG00000112110;ENSG00000181991;ENSG00000083845;ENSG00000143314;ENSG00000262814;ENSG00000233927;ENSG00000173141;ENSG00000137818;ENSG00000132676;ENSG00000096080;ENSG00000243147;ENSG00000037241;ENSG00000105372;ENSG00000259494;ENSG00000108107;ENSG00000128626;ENSG00000125445;ENSG00000185608;ENSG00000169288;ENSG00000242485;ENSG00000278845;ENSG00000181163;ENSG00000161813;ENSG00000167862;ENSG00000144029;ENSG00000198242;ENSG00000213741;ENSG00000185414;ENSG00000204316;ENSG00000118181;ENSG00000221983;ENSG00000089009;ENSG00000142541;ENSG00000111639;ENSG00000131368;ENSG00000197345;ENSG00000177600;ENSG00000101278;ENSG00000154719;ENSG00000177954;ENSG00000175110;ENSG00000229117;ENSG00000112996;ENSG00000170889;ENSG00000168028;ENSG00000197728;ENSG00000165502;ENSG00000197756;ENSG00000172586;ENSG00000183617;ENSG00000215301;ENSG00000130312;ENSG00000124614;ENSG00000163319;ENSG00000175581;ENSG00000105640"
"GO","GOBP_ZYMOSTEROL_METABOLIC_PROCESS",6.7785965060807e-05,0.00759934627182718,0.538434096309916,0.814452764665275,2.01747047346557,14,"ENSG00000079459;ENSG00000067064;ENSG00000113161;ENSG00000052802;ENSG00000147383;ENSG00000112972;ENSG00000160752;ENSG00000104549;ENSG00000167508;ENSG00000110921;ENSG00000132196;ENSG00000160285"
"GO","GOCC_BASEMENT_MEMBRANE",6.84524693711545e-05,0.00759934627182718,0.538434096309916,-0.511114161018887,-1.85442696733558,96,"ENSG00000101680;ENSG00000100767;ENSG00000138759;ENSG00000084636;ENSG00000171812;ENSG00000114270;ENSG00000091136;ENSG00000142798;ENSG00000196878;ENSG00000182871;ENSG00000090530;ENSG00000112562;ENSG00000100234;ENSG00000172037;ENSG00000129038;ENSG00000206561;ENSG00000198732;ENSG00000138185;ENSG00000130635;ENSG00000184349;ENSG00000132561;ENSG00000164620;ENSG00000042781;ENSG00000113140;ENSG00000102265;ENSG00000179403;ENSG00000115414"
"GO","GOBP_NEGATIVE_REGULATION_OF_NEURON_PROJECTION_DEVELOPMENT",7.52759333969318e-05,0.00822207453167778,0.538434096309916,0.440551206089278,1.72554337867475,126,"ENSG00000053108;ENSG00000145147;ENSG00000117280;ENSG00000134569;ENSG00000066084;ENSG00000275342;ENSG00000004478;ENSG00000007944;ENSG00000197457;ENSG00000108947;ENSG00000187122;ENSG00000165527;ENSG00000198825;ENSG00000137996;ENSG00000075213;ENSG00000144724;ENSG00000001617;ENSG00000116106;ENSG00000127870;ENSG00000115310;ENSG00000169242;ENSG00000169410;ENSG00000196591;ENSG00000107104;ENSG00000143553;ENSG00000125676;ENSG00000039068;ENSG00000182704;ENSG00000114315;ENSG00000135333;ENSG00000113657;ENSG00000078699;ENSG00000152377;ENSG00000104435;ENSG00000135622;ENSG00000182175;ENSG00000099365;ENSG00000196396;ENSG00000163462;ENSG00000131095;ENSG00000105426;ENSG00000114251;ENSG00000184014"
"GO","GOBP_FARNESYL_DIPHOSPHATE_METABOLIC_PROCESS",7.81263333412427e-05,0.00839796078391898,0.538434096309916,0.834435666797323,1.97967100404671,12,"ENSG00000079459;ENSG00000067064;ENSG00000120437;ENSG00000113161;ENSG00000112972;ENSG00000160752;ENSG00000134240;ENSG00000167508;ENSG00000110921"
"GO","GOCC_DISTAL_AXON",8.12640112396439e-05,0.00859874818929482,0.538434096309916,0.367054138367566,1.57852430412219,270,"ENSG00000101438;ENSG00000178473;ENSG00000150625;ENSG00000164099;ENSG00000145920;ENSG00000172020;ENSG00000162946;ENSG00000004478;ENSG00000085433;ENSG00000008086;ENSG00000116329;ENSG00000133026;ENSG00000163697;ENSG00000197457;ENSG00000159082;ENSG00000115183;ENSG00000165795;ENSG00000186868;ENSG00000198722;ENSG00000116852;ENSG00000165646;ENSG00000096384;ENSG00000079689;ENSG00000111674;ENSG00000154639;ENSG00000169836;ENSG00000171450;ENSG00000104327;ENSG00000187688;ENSG00000169432;ENSG00000095713;ENSG00000185483;ENSG00000125814;ENSG00000176749;ENSG00000116106;ENSG00000136827;ENSG00000121297;ENSG00000185920;ENSG00000113758;ENSG00000118160;ENSG00000172137;ENSG00000080824;ENSG00000085733;ENSG00000133636;ENSG00000144566;ENSG00000139116;ENSG00000225968;ENSG00000158828;ENSG00000147437;ENSG00000163873;ENSG00000198087;ENSG00000074317;ENSG00000116641;ENSG00000145335;ENSG00000124507;ENSG00000143199;ENSG00000160014;ENSG00000099625;ENSG00000100678;ENSG00000117569;ENSG00000124126;ENSG00000136754;ENSG00000120332;ENSG00000168993;ENSG00000254221;ENSG00000144857;ENSG00000113657;ENSG00000130477;ENSG00000015592;ENSG00000104435;ENSG00000176788;ENSG00000082482;ENSG00000159720;ENSG00000158555;ENSG00000165694;ENSG00000168356;ENSG00000163794;ENSG00000108819;ENSG00000163539;ENSG00000176884;ENSG00000182473;ENSG00000050438;ENSG00000109255;ENSG00000138190;ENSG00000164588;ENSG00000105426"
"GO","GOBP_TRNA_METABOLIC_PROCESS",8.42348042902531e-05,0.00864300143414536,0.538434096309916,0.389305471724179,1.6297419704104,208,"ENSG00000091127;ENSG00000113407;ENSG00000175711;ENSG00000132463;ENSG00000121350;ENSG00000171824;ENSG00000037474;ENSG00000206562;ENSG00000129480;ENSG00000100142;ENSG00000072756;ENSG00000162927;ENSG00000119812;ENSG00000168495;ENSG00000155115;ENSG00000123600;ENSG00000277209;ENSG00000135372;ENSG00000163832;ENSG00000139131;ENSG00000066654;ENSG00000103707;ENSG00000119041;ENSG00000174606;ENSG00000196449;ENSG00000109911;ENSG00000160193;ENSG00000104907;ENSG00000043514;ENSG00000138385;ENSG00000167264;ENSG00000065427;ENSG00000089195;ENSG00000170445;ENSG00000277149;ENSG00000154813;ENSG00000124802;ENSG00000196305;ENSG00000172409;ENSG00000107371;ENSG00000124787;ENSG00000133706;ENSG00000177700;ENSG00000128694;ENSG00000169570;ENSG00000137513;ENSG00000130713;ENSG00000134014;ENSG00000115866;ENSG00000138050;ENSG00000077235;ENSG00000037897;ENSG00000167112;ENSG00000099899;ENSG00000165526;ENSG00000177192;ENSG00000006744;ENSG00000147905;ENSG00000031698;ENSG00000165832;ENSG00000104356;ENSG00000124608;ENSG00000059691;ENSG00000079785;ENSG00000198841;ENSG00000186666;ENSG00000106105;ENSG00000247626;ENSG00000165055;ENSG00000135974;ENSG00000130348;ENSG00000170291;ENSG00000170270;ENSG00000109618;ENSG00000134440;ENSG00000072506;ENSG00000145982;ENSG00000179115;ENSG00000103356;ENSG00000100220;ENSG00000116120;ENSG00000099817;ENSG00000162971;ENSG00000023191;ENSG00000172336;ENSG00000130764;ENSG00000134461;ENSG00000162623;ENSG00000087995;ENSG00000059588;ENSG00000178694;ENSG00000183665;ENSG00000141642;ENSG00000185418;ENSG00000100697;ENSG00000116874;ENSG00000075914;ENSG00000137760;ENSG00000134759;ENSG00000104835;ENSG00000189007;ENSG00000066651;ENSG00000104047"
"GO","GOBP_POSITIVE_REGULATION_OF_PROGRAMMED_CELL_DEATH",8.36795853851548e-05,0.00864300143414536,0.538434096309916,0.318705938749454,1.44925958864884,498,"ENSG00000120217;ENSG00000163932;ENSG00000096968;ENSG00000145147;ENSG00000134001;ENSG00000163132;ENSG00000117318;ENSG00000137713;ENSG00000172059;ENSG00000142867;ENSG00000035664;ENSG00000139352;ENSG00000104081;ENSG00000163697;ENSG00000016402;ENSG00000165943;ENSG00000120659;ENSG00000167034;ENSG00000176903;ENSG00000081237;ENSG00000162600;ENSG00000068366;ENSG00000151615;ENSG00000198722;ENSG00000160310;ENSG00000164305;ENSG00000109062;ENSG00000181649;ENSG00000006432;ENSG00000152192;ENSG00000160208;ENSG00000102606;ENSG00000081320;ENSG00000114023;ENSG00000086061;ENSG00000173848;ENSG00000164938;ENSG00000102804;ENSG00000217442;ENSG00000183520;ENSG00000109756;ENSG00000186810;ENSG00000124762;ENSG00000159202;ENSG00000162992;ENSG00000176749;ENSG00000167136;ENSG00000132382;ENSG00000157600;ENSG00000188215;ENSG00000119508;ENSG00000096717;ENSG00000144381;ENSG00000078237;ENSG00000161011;ENSG00000152409;ENSG00000175354;ENSG00000075240;ENSG00000169372;ENSG00000151748;ENSG00000172893;ENSG00000124181;ENSG00000108561;ENSG00000029363;ENSG00000150459;ENSG00000051382;ENSG00000176720;ENSG00000180228;ENSG00000060339;ENSG00000145335;ENSG00000119383;ENSG00000101265;ENSG00000101210;ENSG00000143199;ENSG00000124802;ENSG00000162772;ENSG00000131188;ENSG00000104332;ENSG00000127952;ENSG00000182866;ENSG00000143384;ENSG00000136305;ENSG00000124766;ENSG00000064012;ENSG00000143514;ENSG00000184047;ENSG00000115138;ENSG00000149273;ENSG00000105229;ENSG00000135333;ENSG00000167085;ENSG00000142178;ENSG00000140557;ENSG00000050748;ENSG00000104964;ENSG00000104312;ENSG00000132507;ENSG00000158092;ENSG00000062524;ENSG00000043591;ENSG00000115317;ENSG00000007047;ENSG00000167114;ENSG00000160049;ENSG00000164532;ENSG00000108691;ENSG00000197442;ENSG00000156709;ENSG00000106483;ENSG00000164120;ENSG00000100889;ENSG00000129514;ENSG00000028137;ENSG00000170315;ENSG00000063176;ENSG00000090020;ENSG00000118689;ENSG00000142168;ENSG00000107262;ENSG00000091409;ENSG00000196396;ENSG00000069482;ENSG00000134323;ENSG00000197386;ENSG00000165188;ENSG00000147889;ENSG00000186010;ENSG00000103811;ENSG00000042286;ENSG00000114251;ENSG00000163558;ENSG00000179021;ENSG00000196139;ENSG00000108387;ENSG00000171608;ENSG00000171497;ENSG00000083799;ENSG00000164543;ENSG00000104228;ENSG00000016082;ENSG00000138061"
"GO","GOBP_GLYCEROLIPID_METABOLIC_PROCESS",8.62772132145165e-05,0.00872043713266725,0.538434096309916,0.336725847973677,1.49681076500044,379,"ENSG00000161905;ENSG00000154822;ENSG00000178773;ENSG00000155189;ENSG00000068383;ENSG00000100344;ENSG00000129219;ENSG00000197208;ENSG00000123983;ENSG00000171100;ENSG00000101333;ENSG00000150867;ENSG00000197296;ENSG00000100564;ENSG00000123892;ENSG00000130208;ENSG00000070748;ENSG00000104643;ENSG00000159082;ENSG00000084674;ENSG00000062282;ENSG00000198825;ENSG00000119927;ENSG00000125772;ENSG00000204385;ENSG00000153933;ENSG00000077044;ENSG00000011198;ENSG00000153982;ENSG00000110721;ENSG00000106605;ENSG00000122591;ENSG00000100311;ENSG00000130164;ENSG00000038210;ENSG00000163624;ENSG00000102780;ENSG00000128242;ENSG00000096717;ENSG00000145675;ENSG00000167972;ENSG00000139163;ENSG00000040933;ENSG00000122335;ENSG00000132294;ENSG00000011405;ENSG00000188313;ENSG00000205981;ENSG00000184730;ENSG00000003987;ENSG00000151726;ENSG00000173409;ENSG00000137642;ENSG00000163803;ENSG00000124181;ENSG00000197601;ENSG00000051382;ENSG00000158201;ENSG00000177666;ENSG00000274588;ENSG00000112367;ENSG00000107242;ENSG00000109452;ENSG00000091583;ENSG00000153395;ENSG00000155744;ENSG00000164300;ENSG00000233276;ENSG00000103066;ENSG00000078142;ENSG00000100523;ENSG00000116171;ENSG00000198382;ENSG00000184381;ENSG00000136305;ENSG00000063601;ENSG00000139921;ENSG00000123684;ENSG00000107798;ENSG00000176095;ENSG00000142178;ENSG00000111666;ENSG00000155099;ENSG00000151151;ENSG00000074416;ENSG00000176454;ENSG00000138193;ENSG00000165195;ENSG00000151689;ENSG00000116906;ENSG00000163686;ENSG00000277161;ENSG00000149091;ENSG00000130653;ENSG00000114805;ENSG00000117592;ENSG00000241878;ENSG00000138018;ENSG00000205423;ENSG00000100889;ENSG00000011009;ENSG00000125779;ENSG00000155368;ENSG00000157680;ENSG00000121879;ENSG00000103043;ENSG00000186111;ENSG00000161395;ENSG00000021762;ENSG00000146070;ENSG00000171608;ENSG00000177565;ENSG00000118137;ENSG00000100997;ENSG00000186281;ENSG00000204084;ENSG00000130304;ENSG00000139144;ENSG00000032444;ENSG00000091039;ENSG00000183578;ENSG00000131408;ENSG00000079462;ENSG00000196455;ENSG00000133731;ENSG00000065357;ENSG00000058866;ENSG00000179295;ENSG00000078269;ENSG00000161217;ENSG00000157106;ENSG00000100330;ENSG00000168918;ENSG00000186480;ENSG00000135241;ENSG00000000419;ENSG00000122126"
"GO","GOCC_PRERIBOSOME_SMALL_SUBUNIT_PRECURSOR",8.98193745613752e-05,0.00894495300778872,0.538434096309916,0.80972640348536,2.00576286494474,14,"ENSG00000120800;ENSG00000160208;ENSG00000141101;ENSG00000160256;ENSG00000108592;ENSG00000112578;ENSG00000160214;ENSG00000124784;ENSG00000135521"
"GO","GOCC_RUFFLE",9.46274375274744e-05,0.00928720299907329,0.538434096309916,0.391473255797603,1.62173024476443,188,"ENSG00000145715;ENSG00000171100;ENSG00000008086;ENSG00000042493;ENSG00000170873;ENSG00000159753;ENSG00000104643;ENSG00000165527;ENSG00000146376;ENSG00000259207;ENSG00000109062;ENSG00000151239;ENSG00000102606;ENSG00000116584;ENSG00000126878;ENSG00000239672;ENSG00000204472;ENSG00000136044;ENSG00000105810;ENSG00000138448;ENSG00000146005;ENSG00000101311;ENSG00000008256;ENSG00000175866;ENSG00000130340;ENSG00000136167;ENSG00000100345;ENSG00000085733;ENSG00000124181;ENSG00000087460;ENSG00000144566;ENSG00000157500;ENSG00000241360;ENSG00000100266;ENSG00000152778;ENSG00000137710;ENSG00000115109;ENSG00000198087;ENSG00000204381;ENSG00000160999;ENSG00000124507;ENSG00000243678;ENSG00000107104;ENSG00000088992;ENSG00000124209;ENSG00000092820;ENSG00000092439;ENSG00000156011;ENSG00000149273;ENSG00000114790;ENSG00000130779;ENSG00000132254;ENSG00000180263;ENSG00000023902;ENSG00000132613;ENSG00000128567;ENSG00000155307;ENSG00000072110;ENSG00000147416;ENSG00000068831;ENSG00000108819;ENSG00000163539;ENSG00000186111;ENSG00000000938;ENSG00000127084;ENSG00000198758;ENSG00000109572;ENSG00000179820;ENSG00000106078;ENSG00000134982;ENSG00000109113;ENSG00000136279;ENSG00000149269;ENSG00000141542;ENSG00000104164;ENSG00000006327;ENSG00000095370;ENSG00000128585;ENSG00000186575;ENSG00000143398"
"GO","GOBP_REGULATION_OF_GLYCOGEN_BIOSYNTHETIC_PROCESS",9.95096476390626e-05,0.00935943519182961,0.538434096309916,-0.696491112754788,-1.98386200282863,27,"ENSG00000254647;ENSG00000167244;ENSG00000142208;ENSG00000119938;ENSG00000106633;ENSG00000115687;ENSG00000131871;ENSG00000185950;ENSG00000095637"
"GO","GOCC_I_BAND",9.8025258115258e-05,0.00935943519182961,0.538434096309916,0.431357583198684,1.71960986500846,142,"ENSG00000104369;ENSG00000151929;ENSG00000106211;ENSG00000170681;ENSG00000171100;ENSG00000073712;ENSG00000115641;ENSG00000105993;ENSG00000198947;ENSG00000165410;ENSG00000125744;ENSG00000167196;ENSG00000171992;ENSG00000151914;ENSG00000138814;ENSG00000058272;ENSG00000119782;ENSG00000163110;ENSG00000088832;ENSG00000164591;ENSG00000144285;ENSG00000172403;ENSG00000156804;ENSG00000178209;ENSG00000130037;ENSG00000149925;ENSG00000183873;ENSG00000205571;ENSG00000134775;ENSG00000109536;ENSG00000075142;ENSG00000114166;ENSG00000197702;ENSG00000120729;ENSG00000175183;ENSG00000152413;ENSG00000197361;ENSG00000162614;ENSG00000154358;ENSG00000072110"
"GO","GOMF_GTPASE_BINDING",9.86512350741899e-05,0.00935943519182961,0.538434096309916,0.344582768408285,1.50819958827809,324,"ENSG00000147041;ENSG00000120278;ENSG00000198060;ENSG00000128512;ENSG00000117280;ENSG00000100592;ENSG00000145715;ENSG00000116285;ENSG00000176641;ENSG00000008086;ENSG00000107036;ENSG00000198722;ENSG00000088538;ENSG00000091428;ENSG00000011454;ENSG00000185963;ENSG00000152192;ENSG00000112685;ENSG00000137942;ENSG00000116584;ENSG00000145979;ENSG00000089169;ENSG00000065150;ENSG00000197622;ENSG00000133704;ENSG00000074800;ENSG00000125875;ENSG00000150773;ENSG00000156675;ENSG00000085978;ENSG00000196792;ENSG00000135968;ENSG00000147251;ENSG00000135905;ENSG00000144674;ENSG00000169032;ENSG00000185722;ENSG00000137642;ENSG00000080824;ENSG00000136167;ENSG00000158987;ENSG00000108518;ENSG00000104419;ENSG00000067208;ENSG00000100599;ENSG00000104093;ENSG00000086200;ENSG00000027075;ENSG00000108424;ENSG00000105404;ENSG00000170011;ENSG00000167617;ENSG00000116641;ENSG00000058799;ENSG00000165029;ENSG00000127328;ENSG00000115504;ENSG00000065978;ENSG00000196305;ENSG00000205339;ENSG00000109079;ENSG00000052723;ENSG00000132254;ENSG00000180263;ENSG00000132953;ENSG00000179051;ENSG00000197872;ENSG00000110723;ENSG00000169180;ENSG00000100815;ENSG00000130227;ENSG00000138193;ENSG00000196497;ENSG00000087470;ENSG00000132613;ENSG00000105186;ENSG00000132661;ENSG00000141258;ENSG00000180198;ENSG00000064419;ENSG00000131437;ENSG00000118873;ENSG00000010017;ENSG00000063176;ENSG00000185009;ENSG00000124207;ENSG00000142168;ENSG00000137955;ENSG00000101098;ENSG00000196935;ENSG00000213047;ENSG00000065243;ENSG00000184014;ENSG00000127084;ENSG00000017797;ENSG00000170456;ENSG00000203668;ENSG00000131725;ENSG00000153201;ENSG00000198853;ENSG00000111490;ENSG00000116903;ENSG00000077254;ENSG00000109113;ENSG00000165219"
"GO","GOBP_TORC1_SIGNALING",0.000106448868509208,0.00987495530882678,0.538434096309916,0.454872794615457,1.75534618716389,114,"ENSG00000180998;ENSG00000164073;ENSG00000176641;ENSG00000170027;ENSG00000077585;ENSG00000072401;ENSG00000149212;ENSG00000197329;ENSG00000104343;ENSG00000162409;ENSG00000174206;ENSG00000145979;ENSG00000080546;ENSG00000142875;ENSG00000113712;ENSG00000108443;ENSG00000130766;ENSG00000164654;ENSG00000163328;ENSG00000085415;ENSG00000134086;ENSG00000170832;ENSG00000165699;ENSG00000132356;ENSG00000155876;ENSG00000100784;ENSG00000133706;ENSG00000183735;ENSG00000118162;ENSG00000066427;ENSG00000177889;ENSG00000239282;ENSG00000164924;ENSG00000143479;ENSG00000134248;ENSG00000177189;ENSG00000204673;ENSG00000095787;ENSG00000239521;ENSG00000264522;ENSG00000103091;ENSG00000118046;ENSG00000103148;ENSG00000072133;ENSG00000198793"
"GO","GOBP_MITOCHONDRIAL_RNA_METABOLIC_PROCESS",0.000120455406079866,0.0110232974320656,0.538434096309916,0.5395520003073,1.88678165945875,63,"ENSG00000171612;ENSG00000107815;ENSG00000162851;ENSG00000132463;ENSG00000072756;ENSG00000108064;ENSG00000123600;ENSG00000139131;ENSG00000101574;ENSG00000174606;ENSG00000196449;ENSG00000108561;ENSG00000043514;ENSG00000132356;ENSG00000215251;ENSG00000119705;ENSG00000128694;ENSG00000138095;ENSG00000262814;ENSG00000167112;ENSG00000118246;ENSG00000118689;ENSG00000165526;ENSG00000177192;ENSG00000006744;ENSG00000138035;ENSG00000124608;ENSG00000117481;ENSG00000106105;ENSG00000124279;ENSG00000168286;ENSG00000136270;ENSG00000072506;ENSG00000103356;ENSG00000174840;ENSG00000156502"
"GO","GOBP_REGULATION_OF_CELLULAR_COMPONENT_SIZE",0.000123591783128506,0.0111595140712832,0.518848077743792,0.342725808343971,1.51043530693995,342,"ENSG00000161905;ENSG00000053108;ENSG00000163932;ENSG00000108830;ENSG00000145147;ENSG00000066084;ENSG00000162946;ENSG00000145715;ENSG00000008086;ENSG00000042493;ENSG00000103187;ENSG00000023287;ENSG00000159753;ENSG00000187122;ENSG00000107562;ENSG00000138594;ENSG00000186868;ENSG00000165527;ENSG00000151615;ENSG00000167178;ENSG00000160460;ENSG00000165410;ENSG00000146376;ENSG00000109062;ENSG00000151239;ENSG00000006453;ENSG00000171885;ENSG00000075213;ENSG00000112658;ENSG00000156735;ENSG00000187688;ENSG00000131779;ENSG00000070182;ENSG00000166821;ENSG00000001617;ENSG00000197256;ENSG00000138623;ENSG00000127870;ENSG00000128872;ENSG00000115310;ENSG00000144674;ENSG00000198898;ENSG00000175866;ENSG00000070610;ENSG00000071909;ENSG00000130340;ENSG00000080824;ENSG00000080371;ENSG00000085733;ENSG00000108518;ENSG00000079691;ENSG00000165714;ENSG00000144566;ENSG00000100599;ENSG00000241360;ENSG00000070031;ENSG00000011021;ENSG00000137710;ENSG00000167617;ENSG00000163466;ENSG00000165699;ENSG00000100852;ENSG00000182372;ENSG00000143199;ENSG00000107104;ENSG00000143553;ENSG00000124126;ENSG00000039068;ENSG00000124209;ENSG00000120756;ENSG00000092820;ENSG00000136950;ENSG00000100014;ENSG00000197694;ENSG00000066777;ENSG00000135333;ENSG00000164327;ENSG00000197872;ENSG00000158092;ENSG00000198742;ENSG00000136842;ENSG00000135622;ENSG00000105887;ENSG00000148700;ENSG00000134248;ENSG00000163794;ENSG00000187764;ENSG00000163539;ENSG00000121879;ENSG00000163462;ENSG00000105426;ENSG00000077549;ENSG00000204673;ENSG00000172939;ENSG00000179242;ENSG00000114251"
"GO","GOMF_MISFOLDED_PROTEIN_BINDING",0.000128015402558142,0.0112620702070803,0.518848077743792,-0.77423342490683,-2.00310027128207,18,"ENSG00000044574;ENSG00000102580;ENSG00000090520;ENSG00000128228;ENSG00000172071;ENSG00000128590"
"GO","GOMF_DOUBLE_STRANDED_RNA_BINDING",0.00013030667929253,0.0112620702070803,0.518848077743792,0.5127983405157,1.83104032190684,73,"ENSG00000124831;ENSG00000135900;ENSG00000124214;ENSG00000165732;ENSG00000181381;ENSG00000096384;ENSG00000148584;ENSG00000165209;ENSG00000005100;ENSG00000144381;ENSG00000196449;ENSG00000131378;ENSG00000111335;ENSG00000180228;ENSG00000167264;ENSG00000174953;ENSG00000092847;ENSG00000109606;ENSG00000257103;ENSG00000134698;ENSG00000161960;ENSG00000152601;ENSG00000197381;ENSG00000056586;ENSG00000089127;ENSG00000072110;ENSG00000132153;ENSG00000111331;ENSG00000135870;ENSG00000153187;ENSG00000079785"
"GO","GOBP_LIMBIC_SYSTEM_DEVELOPMENT",0.000132967304674547,0.0112620702070803,0.518848077743792,0.456079236435823,1.77412396599743,120,"ENSG00000101438;ENSG00000172201;ENSG00000171094;ENSG00000167193;ENSG00000167552;ENSG00000145545;ENSG00000157193;ENSG00000115844;ENSG00000040199;ENSG00000112238;ENSG00000164305;ENSG00000114554;ENSG00000171450;ENSG00000112658;ENSG00000114416;ENSG00000162992;ENSG00000176749;ENSG00000105810;ENSG00000139200;ENSG00000085978;ENSG00000119508;ENSG00000085998;ENSG00000144355;ENSG00000009830;ENSG00000177551;ENSG00000171540;ENSG00000070031;ENSG00000165699;ENSG00000174469;ENSG00000149571;ENSG00000116752;ENSG00000066468;ENSG00000182704;ENSG00000144868;ENSG00000164405;ENSG00000117707;ENSG00000170381;ENSG00000173376;ENSG00000170315;ENSG00000108819"
"GO","GOBP_ALCOHOL_METABOLIC_PROCESS",0.000133042766769997,0.0112620702070803,0.518848077743792,0.343763504017808,1.51169576589508,335,"ENSG00000151632;ENSG00000079459;ENSG00000168350;ENSG00000126821;ENSG00000078124;ENSG00000068383;ENSG00000176387;ENSG00000116285;ENSG00000147475;ENSG00000196368;ENSG00000050165;ENSG00000057252;ENSG00000131979;ENSG00000130208;ENSG00000067064;ENSG00000159082;ENSG00000072210;ENSG00000204624;ENSG00000084674;ENSG00000062282;ENSG00000113161;ENSG00000153162;ENSG00000162409;ENSG00000173598;ENSG00000187134;ENSG00000115159;ENSG00000052802;ENSG00000147383;ENSG00000153982;ENSG00000112972;ENSG00000127955;ENSG00000160752;ENSG00000130164;ENSG00000104549;ENSG00000121207;ENSG00000079931;ENSG00000040933;ENSG00000116096;ENSG00000138413;ENSG00000107789;ENSG00000166411;ENSG00000184730;ENSG00000131473;ENSG00000173409;ENSG00000070610;ENSG00000163803;ENSG00000147852;ENSG00000172893;ENSG00000109929;ENSG00000101365;ENSG00000138207;ENSG00000160868;ENSG00000151552;ENSG00000137714;ENSG00000108424;ENSG00000113578;ENSG00000173085;ENSG00000107566;ENSG00000177666;ENSG00000132356;ENSG00000145335;ENSG00000109452;ENSG00000162496;ENSG00000165029;ENSG00000182372;ENSG00000111275;ENSG00000122824;ENSG00000182704;ENSG00000116171;ENSG00000155158;ENSG00000134240;ENSG00000128335;ENSG00000107798;ENSG00000082641;ENSG00000176095;ENSG00000188611;ENSG00000172831;ENSG00000151151;ENSG00000132423;ENSG00000176170;ENSG00000154265;ENSG00000116133;ENSG00000131069;ENSG00000167508;ENSG00000115425;ENSG00000111669;ENSG00000100596;ENSG00000110921;ENSG00000100889;ENSG00000177076;ENSG00000063176;ENSG00000140459;ENSG00000100197;ENSG00000150787;ENSG00000169403;ENSG00000161513;ENSG00000021762;ENSG00000196139;ENSG00000132196;ENSG00000197165;ENSG00000118137;ENSG00000138061;ENSG00000167315;ENSG00000088002;ENSG00000135929;ENSG00000204084;ENSG00000160285"
"GO","GOBP_MUSCLE_TISSUE_DEVELOPMENT",0.000131754667896046,0.0112620702070803,0.518848077743792,0.32232926292542,1.44081247377093,402,"ENSG00000117152;ENSG00000108179;ENSG00000179456;ENSG00000163132;ENSG00000115738;ENSG00000164442;ENSG00000116741;ENSG00000096696;ENSG00000171100;ENSG00000082293;ENSG00000162729;ENSG00000182963;ENSG00000163659;ENSG00000133026;ENSG00000138685;ENSG00000115641;ENSG00000112183;ENSG00000198947;ENSG00000164683;ENSG00000155760;ENSG00000057294;ENSG00000165410;ENSG00000105971;ENSG00000113083;ENSG00000167196;ENSG00000125772;ENSG00000154639;ENSG00000152192;ENSG00000138814;ENSG00000140795;ENSG00000174738;ENSG00000163110;ENSG00000112658;ENSG00000178127;ENSG00000177508;ENSG00000102554;ENSG00000088832;ENSG00000174574;ENSG00000168214;ENSG00000163909;ENSG00000185920;ENSG00000133703;ENSG00000117054;ENSG00000121361;ENSG00000134046;ENSG00000151748;ENSG00000060069;ENSG00000139687;ENSG00000138207;ENSG00000132429;ENSG00000196465;ENSG00000187848;ENSG00000198719;ENSG00000178209;ENSG00000069702;ENSG00000092841;ENSG00000164105;ENSG00000165699;ENSG00000183873;ENSG00000132356;ENSG00000171316;ENSG00000185551;ENSG00000122691;ENSG00000162772;ENSG00000069011;ENSG00000116161;ENSG00000065361;ENSG00000066468;ENSG00000178568;ENSG00000233276;ENSG00000120332;ENSG00000166923;ENSG00000138622;ENSG00000111087;ENSG00000143952;ENSG00000049883;ENSG00000070831;ENSG00000123213;ENSG00000163069;ENSG00000185386;ENSG00000136630;ENSG00000101665;ENSG00000134775;ENSG00000142178;ENSG00000075223;ENSG00000108773;ENSG00000142700;ENSG00000144821;ENSG00000141052;ENSG00000117707;ENSG00000078579;ENSG00000112837;ENSG00000175183;ENSG00000130939;ENSG00000152413;ENSG00000164532;ENSG00000102678;ENSG00000082482;ENSG00000105887;ENSG00000133392;ENSG00000128917;ENSG00000005059;ENSG00000107831;ENSG00000090020;ENSG00000112276;ENSG00000023839;ENSG00000168899;ENSG00000173706;ENSG00000187486;ENSG00000157933;ENSG00000145794;ENSG00000135766;ENSG00000118762;ENSG00000016082;ENSG00000166200;ENSG00000185022;ENSG00000197893;ENSG00000153187;ENSG00000103148;ENSG00000185482;ENSG00000143867;ENSG00000163501;ENSG00000105989;ENSG00000138379;ENSG00000198793;ENSG00000100625;ENSG00000170162;ENSG00000120937;ENSG00000081479;ENSG00000163389;ENSG00000133424;ENSG00000149596;ENSG00000149269"
"GO","GOBP_RRNA_MODIFICATION",0.000145538370688622,0.0121677264975722,0.518848077743792,0.61162634518086,1.95406487019314,40,"ENSG00000086189;ENSG00000162851;ENSG00000126749;ENSG00000071462;ENSG00000255561;ENSG00000111641;ENSG00000188573;ENSG00000135372;ENSG00000171861;ENSG00000108592;ENSG00000145414;ENSG00000169519;ENSG00000182117;ENSG00000130826;ENSG00000007376;ENSG00000156990;ENSG00000165526;ENSG00000117481;ENSG00000101361;ENSG00000055044;ENSG00000109534;ENSG00000174912;ENSG00000100138;ENSG00000122687;ENSG00000278619;ENSG00000168228;ENSG00000178694"
"GO","GOCC_OLIGOSACCHARYLTRANSFERASE_COMPLEX",0.000152410931197014,0.0125869125130021,0.518848077743792,-0.822230236664739,-1.96139268415788,13,"ENSG00000134910;ENSG00000163902;ENSG00000198856;ENSG00000102158;ENSG00000244038;ENSG00000163527"
"GO","GOBP_TOR_SIGNALING",0.000157403591303021,0.0128426159072778,0.518848077743792,0.401738977694283,1.64843387772219,176,"ENSG00000180998;ENSG00000164073;ENSG00000162946;ENSG00000171100;ENSG00000176641;ENSG00000170027;ENSG00000077585;ENSG00000072401;ENSG00000112425;ENSG00000149212;ENSG00000197329;ENSG00000104343;ENSG00000162409;ENSG00000100644;ENSG00000174206;ENSG00000145979;ENSG00000159459;ENSG00000080546;ENSG00000142875;ENSG00000167136;ENSG00000113712;ENSG00000096717;ENSG00000108443;ENSG00000130766;ENSG00000113384;ENSG00000164654;ENSG00000170927;ENSG00000163328;ENSG00000085415;ENSG00000134086;ENSG00000158828;ENSG00000170832;ENSG00000165699;ENSG00000132356;ENSG00000155876;ENSG00000055130;ENSG00000124126;ENSG00000100784;ENSG00000133706;ENSG00000183735;ENSG00000107798;ENSG00000187840;ENSG00000118162;ENSG00000164327;ENSG00000066427;ENSG00000177889;ENSG00000239282;ENSG00000164924;ENSG00000143479;ENSG00000134248;ENSG00000143155;ENSG00000177189;ENSG00000121879;ENSG00000204673;ENSG00000095787;ENSG00000239521;ENSG00000117020;ENSG00000264522;ENSG00000103091;ENSG00000118046;ENSG00000103148;ENSG00000169895;ENSG00000072133;ENSG00000198793;ENSG00000024048"
"GO","GOBP_CELLULAR_RESPIRATION",0.000167026383667499,0.0134655079785274,0.518848077743792,0.33667401159705,1.4748996368423,326,"ENSG00000108179;ENSG00000171503;ENSG00000171314;ENSG00000158122;ENSG00000164073;ENSG00000171612;ENSG00000100412;ENSG00000067225;ENSG00000168291;ENSG00000167588;ENSG00000166575;ENSG00000154277;ENSG00000067057;ENSG00000152234;ENSG00000156510;ENSG00000004961;ENSG00000189043;ENSG00000162409;ENSG00000111674;ENSG00000178074;ENSG00000113575;ENSG00000120675;ENSG00000100644;ENSG00000140374;ENSG00000159399;ENSG00000267855;ENSG00000178127;ENSG00000006695;ENSG00000175567;ENSG00000007171;ENSG00000074800;ENSG00000132382;ENSG00000176410;ENSG00000110435;ENSG00000170525;ENSG00000169021;ENSG00000119508;ENSG00000147684;ENSG00000243646;ENSG00000138413;ENSG00000078237;ENSG00000166411;ENSG00000062485;ENSG00000073578;ENSG00000229344;ENSG00000066855;ENSG00000101365;ENSG00000178741;ENSG00000178209;ENSG00000131828;ENSG00000158828;ENSG00000119421;ENSG00000149925;ENSG00000142166;ENSG00000132356;ENSG00000145335;ENSG00000156467;ENSG00000162433;ENSG00000080493;ENSG00000164951;ENSG00000130414;ENSG00000166136;ENSG00000134056;ENSG00000135469;ENSG00000091140;ENSG00000185633;ENSG00000143952;ENSG00000131495;ENSG00000142611;ENSG00000107798;ENSG00000226085;ENSG00000110955;ENSG00000170906;ENSG00000164405;ENSG00000137806;ENSG00000241468;ENSG00000143252;ENSG00000089127;ENSG00000136143;ENSG00000023228;ENSG00000111669;ENSG00000184752;ENSG00000116459;ENSG00000105220;ENSG00000139180;ENSG00000241837;ENSG00000165140;ENSG00000125779;ENSG00000155463;ENSG00000163794;ENSG00000188316;ENSG00000151366;ENSG00000102078;ENSG00000121879;ENSG00000138035;ENSG00000186010;ENSG00000042286;ENSG00000125611;ENSG00000172115;ENSG00000170950;ENSG00000004799"
"GO","GOBP_RNA_METHYLATION",0.000180157265421406,0.014186337225974,0.518848077743792,0.472884421666203,1.75562789492067,90,"ENSG00000086189;ENSG00000162639;ENSG00000162851;ENSG00000037474;ENSG00000206562;ENSG00000126749;ENSG00000071462;ENSG00000255561;ENSG00000111641;ENSG00000188573;ENSG00000155858;ENSG00000123600;ENSG00000171861;ENSG00000108592;ENSG00000160193;ENSG00000104907;ENSG00000169519;ENSG00000089195;ENSG00000101654;ENSG00000138050;ENSG00000037897;ENSG00000165819;ENSG00000031698;ENSG00000117481;ENSG00000101361;ENSG00000055044;ENSG00000186666;ENSG00000169612;ENSG00000143977;ENSG00000165055;ENSG00000174912;ENSG00000072506;ENSG00000100138;ENSG00000122687;ENSG00000137574;ENSG00000278619;ENSG00000235272;ENSG00000162623;ENSG00000087995;ENSG00000168228;ENSG00000059588;ENSG00000178694;ENSG00000183665;ENSG00000137760;ENSG00000127804;ENSG00000066651"
"GO","GOBP_IMMUNE_RESPONSE_REGULATING_SIGNALING_PATHWAY",0.000179196257101763,0.014186337225974,0.518848077743792,0.312596222579108,1.42112064878328,493,"ENSG00000120217;ENSG00000198060;ENSG00000163932;ENSG00000065559;ENSG00000204516;ENSG00000154822;ENSG00000117280;ENSG00000110171;ENSG00000129219;ENSG00000135605;ENSG00000142867;ENSG00000010810;ENSG00000168884;ENSG00000081237;ENSG00000187554;ENSG00000172247;ENSG00000170633;ENSG00000197329;ENSG00000154451;ENSG00000134321;ENSG00000109320;ENSG00000130768;ENSG00000113575;ENSG00000051523;ENSG00000106605;ENSG00000239732;ENSG00000105939;ENSG00000065150;ENSG00000130775;ENSG00000007171;ENSG00000136044;ENSG00000113712;ENSG00000092445;ENSG00000112679;ENSG00000119508;ENSG00000145675;ENSG00000135655;ENSG00000005100;ENSG00000144381;ENSG00000163832;ENSG00000078747;ENSG00000161011;ENSG00000188313;ENSG00000121361;ENSG00000115310;ENSG00000164164;ENSG00000175354;ENSG00000075240;ENSG00000136573;ENSG00000131378;ENSG00000205213;ENSG00000196839;ENSG00000124181;ENSG00000108561;ENSG00000157500;ENSG00000186187;ENSG00000027075;ENSG00000166167;ENSG00000115211;ENSG00000198087;ENSG00000070785;ENSG00000168310;ENSG00000136051;ENSG00000123609;ENSG00000160999;ENSG00000118503;ENSG00000095015;ENSG00000164430;ENSG00000074966;ENSG00000247315;ENSG00000182866;ENSG00000257103;ENSG00000004139;ENSG00000146072;ENSG00000092820;ENSG00000196950;ENSG00000184381;ENSG00000159714;ENSG00000183735;ENSG00000107798;ENSG00000151414;ENSG00000167085;ENSG00000056586;ENSG00000174564;ENSG00000111727;ENSG00000135077;ENSG00000115904;ENSG00000090376;ENSG00000110057;ENSG00000050748;ENSG00000160223;ENSG00000177889;ENSG00000104312;ENSG00000158092;ENSG00000188706;ENSG00000121060;ENSG00000135018;ENSG00000007047;ENSG00000176105;ENSG00000089127;ENSG00000149091;ENSG00000244482;ENSG00000179630;ENSG00000165810;ENSG00000131981;ENSG00000157404;ENSG00000177189;ENSG00000121879;ENSG00000105426;ENSG00000213047;ENSG00000167984;ENSG00000103811;ENSG00000111331;ENSG00000091831;ENSG00000000938;ENSG00000174600;ENSG00000135870;ENSG00000160703;ENSG00000171608;ENSG00000083799;ENSG00000182389;ENSG00000120690;ENSG00000124608;ENSG00000100147;ENSG00000110395;ENSG00000118046;ENSG00000132842;ENSG00000117322;ENSG00000153563;ENSG00000269335;ENSG00000163406;ENSG00000177885;ENSG00000024048;ENSG00000213413;ENSG00000145191;ENSG00000203805;ENSG00000186470;ENSG00000243414;ENSG00000121281;ENSG00000135218;ENSG00000154096;ENSG00000136286;ENSG00000149269;ENSG00000177425;ENSG00000179295;ENSG00000089692;ENSG00000172594;ENSG00000167851;ENSG00000168918;ENSG00000077264;ENSG00000117228;ENSG00000109971;ENSG00000131023;ENSG00000120925"
"GO","GOBP_DIENCEPHALON_DEVELOPMENT",0.000213154774142633,0.0164032287556126,0.518848077743792,0.504210153177829,1.80757361063311,74,"ENSG00000205927;ENSG00000163132;ENSG00000138685;ENSG00000145545;ENSG00000112238;ENSG00000114554;ENSG00000107187;ENSG00000152192;ENSG00000168214;ENSG00000177551;ENSG00000171540;ENSG00000174469;ENSG00000069011;ENSG00000039068;ENSG00000111087;ENSG00000114315;ENSG00000164405;ENSG00000170381;ENSG00000173376;ENSG00000004848;ENSG00000170315;ENSG00000107831;ENSG00000114251;ENSG00000016082;ENSG00000103449;ENSG00000138083;ENSG00000104164;ENSG00000125845;ENSG00000118260;ENSG00000153234;ENSG00000107779;ENSG00000115507;ENSG00000163666;ENSG00000169840;ENSG00000134438;ENSG00000118257;ENSG00000099250"
"GO","GOBP_RESPONSE_TO_HEAT",0.000212113299574226,0.0164032287556126,0.518848077743792,0.45906279946259,1.73090930692893,97,"ENSG00000001084;ENSG00000204516;ENSG00000134001;ENSG00000151929;ENSG00000106211;ENSG00000104321;ENSG00000105993;ENSG00000186868;ENSG00000140403;ENSG00000096384;ENSG00000086061;ENSG00000164938;ENSG00000096717;ENSG00000204209;ENSG00000080824;ENSG00000105821;ENSG00000196591;ENSG00000113578;ENSG00000174953;ENSG00000115211;ENSG00000069345;ENSG00000070785;ENSG00000110172;ENSG00000116030;ENSG00000168259;ENSG00000164609;ENSG00000066427;ENSG00000116983;ENSG00000115317;ENSG00000168356;ENSG00000142168;ENSG00000175054;ENSG00000164985;ENSG00000120256;ENSG00000230989;ENSG00000198793;ENSG00000164867;ENSG00000145191;ENSG00000100292"
"GO","GOMF_MRNA_3_UTR_BINDING",0.000219309551493351,0.0166373240665007,0.518848077743792,0.449637639358781,1.73014633102245,111,"ENSG00000214575;ENSG00000048740;ENSG00000070756;ENSG00000090621;ENSG00000157110;ENSG00000112183;ENSG00000181588;ENSG00000150753;ENSG00000107105;ENSG00000171490;ENSG00000142864;ENSG00000178896;ENSG00000153250;ENSG00000161642;ENSG00000114416;ENSG00000172346;ENSG00000174606;ENSG00000174953;ENSG00000107864;ENSG00000132819;ENSG00000138593;ENSG00000107164;ENSG00000100722;ENSG00000138095;ENSG00000189167;ENSG00000082516;ENSG00000144642;ENSG00000149016;ENSG00000155827;ENSG00000137449;ENSG00000089280;ENSG00000116791;ENSG00000090097;ENSG00000092199;ENSG00000243449;ENSG00000135870"
"GO","GOBP_REGULATION_OF_MRNA_CATABOLIC_PROCESS",0.00022111033165757,0.0166373240665007,0.518848077743792,0.381968223407016,1.60274793644935,214,"ENSG00000205978;ENSG00000163932;ENSG00000158246;ENSG00000070756;ENSG00000020577;ENSG00000188613;ENSG00000004948;ENSG00000112183;ENSG00000180336;ENSG00000121274;ENSG00000181588;ENSG00000272886;ENSG00000148584;ENSG00000142864;ENSG00000105939;ENSG00000188573;ENSG00000114416;ENSG00000080802;ENSG00000082512;ENSG00000172346;ENSG00000132541;ENSG00000174606;ENSG00000152520;ENSG00000169062;ENSG00000029363;ENSG00000206557;ENSG00000174953;ENSG00000092847;ENSG00000215251;ENSG00000107864;ENSG00000132819;ENSG00000163877;ENSG00000065978;ENSG00000134698;ENSG00000100722;ENSG00000125207;ENSG00000119705;ENSG00000105229;ENSG00000056586;ENSG00000138095;ENSG00000009307;ENSG00000141232;ENSG00000083520;ENSG00000141543;ENSG00000149658;ENSG00000089280;ENSG00000116791;ENSG00000165819;ENSG00000118246;ENSG00000134815;ENSG00000175324;ENSG00000100823;ENSG00000144580;ENSG00000138035;ENSG00000135316;ENSG00000090097;ENSG00000155508;ENSG00000162385;ENSG00000092199;ENSG00000243449;ENSG00000135870;ENSG00000110367;ENSG00000265241;ENSG00000141698;ENSG00000170627;ENSG00000184863;ENSG00000153187;ENSG00000181163;ENSG00000151962;ENSG00000168646;ENSG00000124279;ENSG00000163694;ENSG00000135387;ENSG00000136270;ENSG00000197451;ENSG00000157106;ENSG00000092345;ENSG00000090905;ENSG00000130332;ENSG00000119720;ENSG00000081277;ENSG00000185728;ENSG00000179151;ENSG00000120948;ENSG00000204392;ENSG00000174840;ENSG00000134318;ENSG00000154229"
"GO","GOCC_SMOOTH_ENDOPLASMIC_RETICULUM",0.000228582749116409,0.0170105755716079,0.518848077743792,-0.689342972782179,-1.97818109448082,28,"ENSG00000166598;ENSG00000149428;ENSG00000166794;ENSG00000158856;ENSG00000179218;ENSG00000160282;ENSG00000162298"
"GO","GOBP_NEGATIVE_REGULATION_OF_CARBOHYDRATE_METABOLIC_PROCESS",0.000231769206408095,0.0170602289760393,0.518848077743792,-0.577754936756002,-1.86104280250634,49,"ENSG00000254647;ENSG00000129993;ENSG00000186951;ENSG00000137331;ENSG00000154803;ENSG00000173531;ENSG00000106633;ENSG00000115687;ENSG00000004939;ENSG00000131871;ENSG00000196961;ENSG00000116678"
"GO","GOMF_RNA_METHYLTRANSFERASE_ACTIVITY",0.000237275874903122,0.0170939598387654,0.518848077743792,0.51323470928636,1.81537485591747,68,"ENSG00000086189;ENSG00000162639;ENSG00000162851;ENSG00000037474;ENSG00000206562;ENSG00000126749;ENSG00000071462;ENSG00000255561;ENSG00000111641;ENSG00000188573;ENSG00000185432;ENSG00000123600;ENSG00000101574;ENSG00000171861;ENSG00000108592;ENSG00000104907;ENSG00000169519;ENSG00000100982;ENSG00000101654;ENSG00000138050;ENSG00000037897;ENSG00000165819;ENSG00000099899;ENSG00000117481;ENSG00000186666;ENSG00000165055;ENSG00000174912;ENSG00000122687;ENSG00000137574;ENSG00000278619;ENSG00000162623;ENSG00000087995;ENSG00000168228;ENSG00000059588;ENSG00000178694;ENSG00000183665;ENSG00000137760;ENSG00000127804;ENSG00000066651"
"GO","GOBP_CELLULAR_COMPONENT_DISASSEMBLY",0.000236989735098225,0.0170939598387654,0.518848077743792,0.317190218880863,1.43134217052222,457,"ENSG00000099940;ENSG00000164073;ENSG00000135930;ENSG00000166619;ENSG00000085433;ENSG00000042493;ENSG00000165175;ENSG00000163577;ENSG00000197457;ENSG00000112167;ENSG00000159753;ENSG00000145016;ENSG00000159082;ENSG00000137845;ENSG00000138594;ENSG00000165527;ENSG00000160460;ENSG00000103342;ENSG00000105447;ENSG00000171763;ENSG00000115266;ENSG00000165410;ENSG00000164305;ENSG00000162409;ENSG00000151239;ENSG00000196169;ENSG00000072756;ENSG00000140795;ENSG00000116584;ENSG00000135298;ENSG00000139719;ENSG00000147457;ENSG00000166974;ENSG00000110721;ENSG00000239672;ENSG00000106605;ENSG00000166266;ENSG00000070182;ENSG00000125814;ENSG00000167136;ENSG00000116106;ENSG00000164163;ENSG00000119541;ENSG00000160803;ENSG00000145675;ENSG00000128872;ENSG00000137309;ENSG00000163832;ENSG00000071054;ENSG00000198898;ENSG00000086065;ENSG00000103671;ENSG00000079691;ENSG00000162738;ENSG00000132688;ENSG00000139116;ENSG00000241360;ENSG00000176720;ENSG00000112031;ENSG00000015133;ENSG00000137710;ENSG00000147872;ENSG00000177666;ENSG00000189306;ENSG00000116675;ENSG00000132356;ENSG00000170759;ENSG00000204843;ENSG00000143553;ENSG00000167566;ENSG00000131165;ENSG00000078142;ENSG00000163820;ENSG00000004139;ENSG00000112339;ENSG00000143952;ENSG00000198382;ENSG00000100014;ENSG00000131094;ENSG00000101222;ENSG00000197694;ENSG00000101665;ENSG00000073969;ENSG00000100109;ENSG00000255112;ENSG00000014123;ENSG00000090376;ENSG00000135862;ENSG00000132507;ENSG00000118245;ENSG00000015592;ENSG00000136842;ENSG00000164695;ENSG00000104435;ENSG00000143479;ENSG00000006071;ENSG00000135018;ENSG00000160049;ENSG00000165525;ENSG00000105887;ENSG00000160867;ENSG00000140443;ENSG00000148700;ENSG00000174705;ENSG00000152684;ENSG00000108819;ENSG00000163539;ENSG00000175054;ENSG00000140395;ENSG00000074054;ENSG00000121879;ENSG00000154736;ENSG00000077549;ENSG00000068796;ENSG00000204576;ENSG00000085760;ENSG00000122707;ENSG00000139726;ENSG00000156304;ENSG00000176108;ENSG00000120705;ENSG00000083937;ENSG00000120868;ENSG00000140564;ENSG00000163743;ENSG00000176771;ENSG00000118200;ENSG00000184056;ENSG00000116903;ENSG00000167862;ENSG00000134982;ENSG00000258469;ENSG00000132612;ENSG00000198677;ENSG00000141367;ENSG00000196455;ENSG00000040633;ENSG00000160551;ENSG00000062716;ENSG00000170473;ENSG00000118640"
"GO","GOBP_ATF6_MEDIATED_UNFOLDED_PROTEIN_RESPONSE",0.000251036497223263,0.017894938517852,0.49849310876659,-0.850953618204243,-1.90357194060961,10,"ENSG00000044574;ENSG00000175197;ENSG00000145050;ENSG00000100219;ENSG00000118217;ENSG00000213676"
"GO","GOBP_REGULATION_OF_PROTEIN_POLYMERIZATION",0.000257101849346915,0.0181363929560137,0.49849310876659,0.383676362365024,1.59081808156751,189,"ENSG00000161905;ENSG00000163932;ENSG00000145147;ENSG00000145715;ENSG00000004478;ENSG00000042493;ENSG00000103187;ENSG00000159713;ENSG00000159753;ENSG00000138594;ENSG00000186868;ENSG00000165527;ENSG00000160460;ENSG00000146376;ENSG00000151239;ENSG00000006453;ENSG00000101367;ENSG00000113575;ENSG00000102606;ENSG00000156735;ENSG00000070182;ENSG00000197256;ENSG00000176749;ENSG00000128872;ENSG00000171368;ENSG00000109171;ENSG00000198898;ENSG00000175866;ENSG00000070610;ENSG00000130340;ENSG00000080824;ENSG00000085733;ENSG00000108518;ENSG00000079691;ENSG00000139116;ENSG00000198718;ENSG00000158828;ENSG00000137710;ENSG00000167617;ENSG00000163466;ENSG00000145335;ENSG00000204843;ENSG00000107104;ENSG00000185721;ENSG00000124126;ENSG00000136950;ENSG00000197694;ENSG00000149273;ENSG00000066777;ENSG00000130779;ENSG00000164327;ENSG00000197872;ENSG00000131351;ENSG00000158092;ENSG00000136842;ENSG00000104435"
"GO","GOBP_CELLULAR_RESPONSE_TO_TOPOLOGICALLY_INCORRECT_PROTEIN",0.000283209650520943,0.0195703648298758,0.49849310876659,-0.449771424074676,-1.69089616197872,122,"ENSG00000044574;ENSG00000099958;ENSG00000175197;ENSG00000145050;ENSG00000051108;ENSG00000128228;ENSG00000135506;ENSG00000072849;ENSG00000086598;ENSG00000172071;ENSG00000100219;ENSG00000070423;ENSG00000116761;ENSG00000142208;ENSG00000180535;ENSG00000106638;ENSG00000128272;ENSG00000128590;ENSG00000198171;ENSG00000164054;ENSG00000118217;ENSG00000138617;ENSG00000213676;ENSG00000197930;ENSG00000113739;ENSG00000087074;ENSG00000064687;ENSG00000178607;ENSG00000105974"
"GO","GOBP_ADULT_BEHAVIOR",0.000283194685656659,0.0195703648298758,0.49849310876659,0.402105305505344,1.6201561504145,154,"ENSG00000021645;ENSG00000103942;ENSG00000164326;ENSG00000171094;ENSG00000108576;ENSG00000115738;ENSG00000157045;ENSG00000085433;ENSG00000109189;ENSG00000116329;ENSG00000154277;ENSG00000167552;ENSG00000108947;ENSG00000138685;ENSG00000107562;ENSG00000100095;ENSG00000198825;ENSG00000160460;ENSG00000173786;ENSG00000116106;ENSG00000119508;ENSG00000164082;ENSG00000146938;ENSG00000144285;ENSG00000164900;ENSG00000109738;ENSG00000118946;ENSG00000196591;ENSG00000165699;ENSG00000174469;ENSG00000177807;ENSG00000145335;ENSG00000171316;ENSG00000182372;ENSG00000197587;ENSG00000185149;ENSG00000136842;ENSG00000063015;ENSG00000115317;ENSG00000152413;ENSG00000080644;ENSG00000135049;ENSG00000284770"
"GO","GOBP_REGULATION_OF_GLYCOGEN_METABOLIC_PROCESS",0.000301470443517967,0.0195705497801678,0.49849310876659,-0.640600235807393,-1.93183131288159,35,"ENSG00000254647;ENSG00000167244;ENSG00000142208;ENSG00000138030;ENSG00000119938;ENSG00000106633;ENSG00000115687;ENSG00000102445;ENSG00000131871;ENSG00000185950;ENSG00000095637"
"GO","GOBP_MATURATION_OF_SSU_RRNA_FROM_TRICISTRONIC_RRNA_TRANSCRIPT_SSU_RRNA_5_8S_RRNA_LSU_RRNA",0.000297439752186912,0.0195705497801678,0.49849310876659,0.621548437356466,1.92623294741686,35,"ENSG00000120800;ENSG00000115761;ENSG00000150990;ENSG00000167721;ENSG00000120158;ENSG00000163811;ENSG00000124541;ENSG00000119285;ENSG00000160256;ENSG00000164934;ENSG00000112578;ENSG00000124787;ENSG00000104884;ENSG00000183751;ENSG00000105372;ENSG00000241945;ENSG00000087269;ENSG00000227057;ENSG00000165733;ENSG00000129347;ENSG00000108651;ENSG00000146109;ENSG00000132467;ENSG00000272047"
"GO","GOBP_FARNESYL_DIPHOSPHATE_BIOSYNTHETIC_PROCESS",0.00029982925966631,0.0195705497801678,0.49849310876659,0.834598015649291,1.89374852560337,10,"ENSG00000067064;ENSG00000120437;ENSG00000113161;ENSG00000112972;ENSG00000160752;ENSG00000134240;ENSG00000167508;ENSG00000110921"
"GO","GOBP_COLUMNAR_CUBOIDAL_EPITHELIAL_CELL_DIFFERENTIATION",0.000293155163845993,0.0195705497801678,0.49849310876659,0.471804078649405,1.73962335841567,87,"ENSG00000163132;ENSG00000139352;ENSG00000138685;ENSG00000173404;ENSG00000100644;ENSG00000116455;ENSG00000239732;ENSG00000102554;ENSG00000135638;ENSG00000104067;ENSG00000078237;ENSG00000151748;ENSG00000134352;ENSG00000057657;ENSG00000066468;ENSG00000205339;ENSG00000114315;ENSG00000124766;ENSG00000131096;ENSG00000082641;ENSG00000078699;ENSG00000117707;ENSG00000129514;ENSG00000107831;ENSG00000106392;ENSG00000165556;ENSG00000181704;ENSG00000182197;ENSG00000129654;ENSG00000124664;ENSG00000165533;ENSG00000152591;ENSG00000182923;ENSG00000125845;ENSG00000175387;ENSG00000081277;ENSG00000177706"
"GO","GOBP_SEX_DIFFERENTIATION",0.000300815589612569,0.0195705497801678,0.49849310876659,0.353333820610707,1.50894772013511,252,"ENSG00000145147;ENSG00000164442;ENSG00000004478;ENSG00000163659;ENSG00000150990;ENSG00000145545;ENSG00000128564;ENSG00000167034;ENSG00000153162;ENSG00000081051;ENSG00000164305;ENSG00000166224;ENSG00000181965;ENSG00000169836;ENSG00000153208;ENSG00000174948;ENSG00000121989;ENSG00000239732;ENSG00000253293;ENSG00000130254;ENSG00000176399;ENSG00000125875;ENSG00000145685;ENSG00000092445;ENSG00000096717;ENSG00000138413;ENSG00000205981;ENSG00000177551;ENSG00000205213;ENSG00000138207;ENSG00000143355;ENSG00000176720;ENSG00000115211;ENSG00000147437;ENSG00000198087;ENSG00000171316;ENSG00000185551;ENSG00000116752;ENSG00000104332;ENSG00000054267;ENSG00000088992;ENSG00000124733;ENSG00000134698;ENSG00000188372;ENSG00000082175;ENSG00000085224;ENSG00000142700;ENSG00000009307;ENSG00000144747;ENSG00000122756;ENSG00000266412;ENSG00000116133;ENSG00000164190;ENSG00000176788;ENSG00000102678;ENSG00000102531;ENSG00000067646;ENSG00000170315;ENSG00000107831;ENSG00000118689;ENSG00000142168;ENSG00000032219;ENSG00000157404;ENSG00000144580;ENSG00000091831;ENSG00000114251;ENSG00000158955;ENSG00000128714;ENSG00000196139;ENSG00000110395;ENSG00000103449;ENSG00000143867;ENSG00000182459;ENSG00000135346;ENSG00000100625;ENSG00000164867;ENSG00000081479;ENSG00000145191;ENSG00000143545"
"GO","GOBP_MACROAUTOPHAGY",0.000303441778930541,0.0195705497801678,0.49849310876659,0.324723040878327,1.44784314514207,390,"ENSG00000099940;ENSG00000107897;ENSG00000134001;ENSG00000011465;ENSG00000164073;ENSG00000151929;ENSG00000171100;ENSG00000155975;ENSG00000150867;ENSG00000077721;ENSG00000151502;ENSG00000154277;ENSG00000112425;ENSG00000023287;ENSG00000165943;ENSG00000149212;ENSG00000145016;ENSG00000145819;ENSG00000171763;ENSG00000213585;ENSG00000164305;ENSG00000162409;ENSG00000100644;ENSG00000114573;ENSG00000148158;ENSG00000139719;ENSG00000147457;ENSG00000196850;ENSG00000164938;ENSG00000080546;ENSG00000159399;ENSG00000129515;ENSG00000163251;ENSG00000129472;ENSG00000176749;ENSG00000119541;ENSG00000141971;ENSG00000160803;ENSG00000085978;ENSG00000096717;ENSG00000180667;ENSG00000130766;ENSG00000163832;ENSG00000102096;ENSG00000078237;ENSG00000161011;ENSG00000181652;ENSG00000086065;ENSG00000196821;ENSG00000065135;ENSG00000085733;ENSG00000132405;ENSG00000144566;ENSG00000186187;ENSG00000158828;ENSG00000165699;ENSG00000112234;ENSG00000179331;ENSG00000204977;ENSG00000167378;ENSG00000055130;ENSG00000143199;ENSG00000126247;ENSG00000143553;ENSG00000131165;ENSG00000165309;ENSG00000078142;ENSG00000163820;ENSG00000198382;ENSG00000139722;ENSG00000180233;ENSG00000183735;ENSG00000108239;ENSG00000132254;ENSG00000144567;ENSG00000255112;ENSG00000118804;ENSG00000265354;ENSG00000014123;ENSG00000104312;ENSG00000198742;ENSG00000164695;ENSG00000087470;ENSG00000188554;ENSG00000112210;ENSG00000115317;ENSG00000047249;ENSG00000135018;ENSG00000005022;ENSG00000159720;ENSG00000100596;ENSG00000118873;ENSG00000152137;ENSG00000147416;ENSG00000136888;ENSG00000048707;ENSG00000182473;ENSG00000197386;ENSG00000172007;ENSG00000143222;ENSG00000121879;ENSG00000176428;ENSG00000151532;ENSG00000095787;ENSG00000115233;ENSG00000247077;ENSG00000148356;ENSG00000129003;ENSG00000176108;ENSG00000083937;ENSG00000104765;ENSG00000165028;ENSG00000269335;ENSG00000184056;ENSG00000116903;ENSG00000155097;ENSG00000198793;ENSG00000258469;ENSG00000132612;ENSG00000077254;ENSG00000100292;ENSG00000141580;ENSG00000196455;ENSG00000040633;ENSG00000062716;ENSG00000178996;ENSG00000118640"
"GO","GOBP_REGULATION_OF_ACTIN_FILAMENT_BASED_PROCESS",0.000291841281214497,0.0195705497801678,0.49849310876659,0.323948152222975,1.43978184553972,373,"ENSG00000118523;ENSG00000161905;ENSG00000117152;ENSG00000163932;ENSG00000108830;ENSG00000145147;ENSG00000064042;ENSG00000096696;ENSG00000145715;ENSG00000167193;ENSG00000042493;ENSG00000131941;ENSG00000103187;ENSG00000170873;ENSG00000167711;ENSG00000073712;ENSG00000159753;ENSG00000197747;ENSG00000107562;ENSG00000138594;ENSG00000165527;ENSG00000160460;ENSG00000057294;ENSG00000165410;ENSG00000006451;ENSG00000146376;ENSG00000259207;ENSG00000171992;ENSG00000151239;ENSG00000006453;ENSG00000140795;ENSG00000166086;ENSG00000156735;ENSG00000070182;ENSG00000135723;ENSG00000197256;ENSG00000176749;ENSG00000104067;ENSG00000145675;ENSG00000128872;ENSG00000184292;ENSG00000198844;ENSG00000198898;ENSG00000175866;ENSG00000070610;ENSG00000071909;ENSG00000130340;ENSG00000175175;ENSG00000172403;ENSG00000100345;ENSG00000085733;ENSG00000143450;ENSG00000108518;ENSG00000104880;ENSG00000079691;ENSG00000162738;ENSG00000173418;ENSG00000131626;ENSG00000100151;ENSG00000241360;ENSG00000115963;ENSG00000137710;ENSG00000167617;ENSG00000163466;ENSG00000165699;ENSG00000198087;ENSG00000183873;ENSG00000134755;ENSG00000136051;ENSG00000141376;ENSG00000143199;ENSG00000107104;ENSG00000104332;ENSG00000124126;ENSG00000138622;ENSG00000092820;ENSG00000136950;ENSG00000116030;ENSG00000100014;ENSG00000070831;ENSG00000155366;ENSG00000197694;ENSG00000114790;ENSG00000139926;ENSG00000066777;ENSG00000132254;ENSG00000134775;ENSG00000164327;ENSG00000197872;ENSG00000075142;ENSG00000124145;ENSG00000158092;ENSG00000132970;ENSG00000136842;ENSG00000117707"
"GO","GOBP_SNO_S_RNA_PROCESSING",0.00032113931737873,0.019955575069235,0.49849310876659,0.805724235532213,1.91155408356754,12,"ENSG00000121274;ENSG00000171824;ENSG00000178896;ENSG00000188573;ENSG00000130826;ENSG00000107371;ENSG00000130713"
"GO","GOCC_PROTEASOME_COMPLEX",0.000320278594537583,0.019955575069235,0.49849310876659,0.521469696888953,1.8302899198113,65,"ENSG00000009335;ENSG00000106211;ENSG00000131467;ENSG00000100804;ENSG00000159459;ENSG00000100764;ENSG00000160803;ENSG00000197170;ENSG00000204264;ENSG00000100519;ENSG00000041357;ENSG00000126067;ENSG00000173692;ENSG00000100567;ENSG00000101557;ENSG00000101182;ENSG00000087191;ENSG00000135018;ENSG00000013275;ENSG00000136813;ENSG00000103035;ENSG00000008018;ENSG00000115233;ENSG00000185627;ENSG00000108671;ENSG00000127922;ENSG00000159352;ENSG00000129084;ENSG00000116750;ENSG00000240065;ENSG00000068878;ENSG00000099341;ENSG00000119912;ENSG00000205220;ENSG00000106588;ENSG00000165916"
"GO","GOBP_PLATELET_ACTIVATION",0.000316612207845978,0.019955575069235,0.49849310876659,0.421691089989527,1.65167240066552,126,"ENSG00000163932;ENSG00000096968;ENSG00000135919;ENSG00000108576;ENSG00000135605;ENSG00000106211;ENSG00000178726;ENSG00000259207;ENSG00000153933;ENSG00000077044;ENSG00000153208;ENSG00000112658;ENSG00000011105;ENSG00000100311;ENSG00000164024;ENSG00000140873;ENSG00000102780;ENSG00000092445;ENSG00000164930;ENSG00000120063;ENSG00000188313;ENSG00000178732;ENSG00000186222;ENSG00000100345;ENSG00000134352;ENSG00000116266;ENSG00000051382;ENSG00000087460;ENSG00000173918;ENSG00000196262;ENSG00000274588;ENSG00000165775;ENSG00000160712;ENSG00000182866"
"GO","GOBP_PROTEIN_POLYUBIQUITINATION",0.000321198712721,0.019955575069235,0.49849310876659,0.339947751368887,1.46397123679558,276,"ENSG00000198060;ENSG00000108578;ENSG00000215218;ENSG00000124226;ENSG00000143756;ENSG00000198833;ENSG00000181019;ENSG00000110171;ENSG00000165192;ENSG00000009335;ENSG00000176641;ENSG00000153561;ENSG00000078967;ENSG00000077721;ENSG00000072401;ENSG00000182247;ENSG00000170633;ENSG00000197329;ENSG00000104343;ENSG00000132388;ENSG00000167196;ENSG00000107854;ENSG00000109332;ENSG00000116455;ENSG00000197579;ENSG00000166266;ENSG00000178685;ENSG00000118420;ENSG00000127870;ENSG00000145675;ENSG00000140367;ENSG00000078747;ENSG00000175931;ENSG00000244687;ENSG00000179455;ENSG00000165572;ENSG00000089053;ENSG00000206557;ENSG00000136536;ENSG00000186187;ENSG00000196262;ENSG00000163961;ENSG00000166167;ENSG00000123609;ENSG00000118503;ENSG00000104320;ENSG00000055130;ENSG00000012048;ENSG00000165338;ENSG00000141279;ENSG00000110042;ENSG00000115239;ENSG00000116525;ENSG00000170852;ENSG00000180233;ENSG00000082641;ENSG00000121067;ENSG00000056586;ENSG00000196510;ENSG00000174013;ENSG00000177889;ENSG00000104312;ENSG00000198742;ENSG00000169139;ENSG00000130939;ENSG00000121060;ENSG00000155827;ENSG00000163840;ENSG00000130177;ENSG00000165188;ENSG00000147889;ENSG00000071794;ENSG00000133606;ENSG00000135870;ENSG00000164197;ENSG00000158290;ENSG00000110395;ENSG00000148356;ENSG00000186591;ENSG00000146414;ENSG00000024048;ENSG00000176871;ENSG00000185686;ENSG00000157450;ENSG00000036257;ENSG00000182923;ENSG00000183580;ENSG00000164162;ENSG00000141552;ENSG00000120925;ENSG00000076685;ENSG00000119048;ENSG00000103429;ENSG00000053900;ENSG00000170142;ENSG00000100387;ENSG00000153827;ENSG00000102858;ENSG00000105697;ENSG00000004897;ENSG00000085382;ENSG00000112146;ENSG00000132109;ENSG00000137055;ENSG00000204308"
"GO","GOMF_INSULIN_RECEPTOR_BINDING",0.000334122272514706,0.0202410112098769,0.49849310876659,-0.706416695997126,-1.93540084018418,23,"ENSG00000254647;ENSG00000167244;ENSG00000129965;ENSG00000160691;ENSG00000114520"
"GO","GOBP_REGULATION_OF_PHOSPHATIDYLCHOLINE_METABOLIC_PROCESS",0.000334759783742795,0.0202410112098769,0.49849310876659,0.831684702501894,1.88713805879893,10,"ENSG00000123983;ENSG00000123892;ENSG00000130208;ENSG00000130164;ENSG00000167972;ENSG00000153395"
"GO","GOMF_CADHERIN_BINDING",0.000333475131995545,0.0202410112098769,0.49849310876659,0.339452222652207,1.48904249043798,330,"ENSG00000124831;ENSG00000125966;ENSG00000124942;ENSG00000067225;ENSG00000151929;ENSG00000128641;ENSG00000166913;ENSG00000042493;ENSG00000142634;ENSG00000179889;ENSG00000067057;ENSG00000117450;ENSG00000138594;ENSG00000065054;ENSG00000096384;ENSG00000057294;ENSG00000146376;ENSG00000151239;ENSG00000006453;ENSG00000101367;ENSG00000137942;ENSG00000138363;ENSG00000171490;ENSG00000142864;ENSG00000135048;ENSG00000163110;ENSG00000117868;ENSG00000105939;ENSG00000176749;ENSG00000168952;ENSG00000074800;ENSG00000122786;ENSG00000099992;ENSG00000104067;ENSG00000169710;ENSG00000138413;ENSG00000113758;ENSG00000115310;ENSG00000174748;ENSG00000086065;ENSG00000175866;ENSG00000130340;ENSG00000084733;ENSG00000081138;ENSG00000100345;ENSG00000085733;ENSG00000102572;ENSG00000108518;ENSG00000104419;ENSG00000136830;ENSG00000138592;ENSG00000278828;ENSG00000137843;ENSG00000100266;ENSG00000178209;ENSG00000113282;ENSG00000185236;ENSG00000137710;ENSG00000095383;ENSG00000149925;ENSG00000198087;ENSG00000170759;ENSG00000065613;ENSG00000117519;ENSG00000039068;ENSG00000136754;ENSG00000110841;ENSG00000092820;ENSG00000166341;ENSG00000197694;ENSG00000140553;ENSG00000082153;ENSG00000132254;ENSG00000150054;ENSG00000273983;ENSG00000158092;ENSG00000275714;ENSG00000144283;ENSG00000164924;ENSG00000197702;ENSG00000121060;ENSG00000117592;ENSG00000144824;ENSG00000065548;ENSG00000137073;ENSG00000011009;ENSG00000091409;ENSG00000196396;ENSG00000140937;ENSG00000088387;ENSG00000074181;ENSG00000077549;ENSG00000072134;ENSG00000065243;ENSG00000179242;ENSG00000110367;ENSG00000104408;ENSG00000141551;ENSG00000144895;ENSG00000110395;ENSG00000132341;ENSG00000101361;ENSG00000083937;ENSG00000066032;ENSG00000159166;ENSG00000134982;ENSG00000002834;ENSG00000213719;ENSG00000128050;ENSG00000136279;ENSG00000165219;ENSG00000116288;ENSG00000106682;ENSG00000198242;ENSG00000179295;ENSG00000100591;ENSG00000133961;ENSG00000108829;ENSG00000204217"
"GO","GOBP_CARDIAC_MUSCLE_TISSUE_DEVELOPMENT",0.000339426871291438,0.0203415820565099,0.49849310876659,0.369086300571917,1.55054869914685,219,"ENSG00000117152;ENSG00000163132;ENSG00000115738;ENSG00000116741;ENSG00000096696;ENSG00000182963;ENSG00000133026;ENSG00000138685;ENSG00000115641;ENSG00000164683;ENSG00000155760;ENSG00000057294;ENSG00000154639;ENSG00000152192;ENSG00000140795;ENSG00000163110;ENSG00000112658;ENSG00000178127;ENSG00000177508;ENSG00000088832;ENSG00000168214;ENSG00000133703;ENSG00000117054;ENSG00000121361;ENSG00000134046;ENSG00000151748;ENSG00000060069;ENSG00000138207;ENSG00000198719;ENSG00000178209;ENSG00000069702;ENSG00000165699;ENSG00000183873;ENSG00000171316;ENSG00000116161;ENSG00000065361;ENSG00000066468;ENSG00000178568;ENSG00000166923;ENSG00000138622;ENSG00000111087;ENSG00000049883;ENSG00000070831;ENSG00000163069;ENSG00000185386;ENSG00000101665;ENSG00000134775;ENSG00000142178;ENSG00000108773;ENSG00000141052;ENSG00000117707;ENSG00000078579;ENSG00000112837;ENSG00000130939;ENSG00000164532;ENSG00000102678;ENSG00000082482;ENSG00000133392;ENSG00000128917;ENSG00000107831;ENSG00000090020;ENSG00000112276;ENSG00000023839;ENSG00000173706;ENSG00000187486;ENSG00000157933;ENSG00000135766;ENSG00000016082;ENSG00000197893;ENSG00000153187;ENSG00000103148;ENSG00000105989;ENSG00000198793;ENSG00000120937;ENSG00000081479;ENSG00000133424;ENSG00000149596;ENSG00000149269;ENSG00000204217;ENSG00000181744;ENSG00000170624;ENSG00000125845;ENSG00000118260"
"GO","GOBP_POSITIVE_REGULATION_OF_AUTOPHAGY",0.000347765756179834,0.0206585061478056,0.49849310876659,0.399764281513807,1.61986995965711,159,"ENSG00000011465;ENSG00000151929;ENSG00000182747;ENSG00000176641;ENSG00000150867;ENSG00000077721;ENSG00000112425;ENSG00000023287;ENSG00000165943;ENSG00000149212;ENSG00000113595;ENSG00000213585;ENSG00000162409;ENSG00000100644;ENSG00000148158;ENSG00000164938;ENSG00000239732;ENSG00000080546;ENSG00000159399;ENSG00000167136;ENSG00000085978;ENSG00000096717;ENSG00000130766;ENSG00000102096;ENSG00000011405;ENSG00000161011;ENSG00000169032;ENSG00000065135;ENSG00000051382;ENSG00000158828;ENSG00000132356;ENSG00000112561;ENSG00000204977;ENSG00000167378;ENSG00000163820;ENSG00000198382;ENSG00000198168;ENSG00000116209;ENSG00000183735;ENSG00000014123;ENSG00000104312;ENSG00000005022;ENSG00000181555;ENSG00000100596;ENSG00000118873;ENSG00000152137;ENSG00000118689;ENSG00000048707;ENSG00000197386;ENSG00000095787;ENSG00000148356;ENSG00000118046;ENSG00000103148;ENSG00000102225;ENSG00000104765;ENSG00000269335;ENSG00000077254;ENSG00000100292;ENSG00000116288;ENSG00000178996"
"GO","GOBP_MITOCHONDRIAL_FISSION",0.000353083549291245,0.0206940607375381,0.49849310876659,0.576629611876647,1.85924898283705,42,"ENSG00000198060;ENSG00000011465;ENSG00000166575;ENSG00000186868;ENSG00000006451;ENSG00000006695;ENSG00000175567;ENSG00000242114;ENSG00000168958;ENSG00000066855;ENSG00000158828;ENSG00000134278;ENSG00000100523;ENSG00000198836;ENSG00000087470;ENSG00000164209;ENSG00000100335;ENSG00000104381;ENSG00000247077;ENSG00000017797;ENSG00000132842"
"GO","GOCC_PIGMENT_GRANULE",0.000354475937028119,0.0206940607375381,0.49849310876659,-0.466823766595029,-1.73065273685792,111,"ENSG00000044574;ENSG00000155660;ENSG00000166900;ENSG00000166598;ENSG00000108774;ENSG00000143870;ENSG00000166794;ENSG00000127022;ENSG00000137474;ENSG00000117394;ENSG00000167004;ENSG00000185624;ENSG00000089597;ENSG00000163902;ENSG00000197043;ENSG00000101850;ENSG00000104044;ENSG00000170348;ENSG00000115657;ENSG00000162341;ENSG00000182240;ENSG00000168003;ENSG00000115902;ENSG00000164175;ENSG00000197535;ENSG00000100099;ENSG00000136238;ENSG00000132386"
"GO","GOBP_RESPONSE_TO_ALCOHOL",0.000364485833183722,0.0210965646352151,0.49849310876659,0.350658904207065,1.50012272183054,255,"ENSG00000117152;ENSG00000178473;ENSG00000151632;ENSG00000164326;ENSG00000145147;ENSG00000089057;ENSG00000164879;ENSG00000116741;ENSG00000109189;ENSG00000163513;ENSG00000116329;ENSG00000132434;ENSG00000010810;ENSG00000141655;ENSG00000138685;ENSG00000152234;ENSG00000081237;ENSG00000118515;ENSG00000078295;ENSG00000160951;ENSG00000164305;ENSG00000162409;ENSG00000051523;ENSG00000186912;ENSG00000164938;ENSG00000118454;ENSG00000127955;ENSG00000186469;ENSG00000185920;ENSG00000113384;ENSG00000174576;ENSG00000229344;ENSG00000198785;ENSG00000138207;ENSG00000087460;ENSG00000163328;ENSG00000196591;ENSG00000137714;ENSG00000069702;ENSG00000147437;ENSG00000132356;ENSG00000165029;ENSG00000164742;ENSG00000012048;ENSG00000104332;ENSG00000160014;ENSG00000066468;ENSG00000066336;ENSG00000039068;ENSG00000123104;ENSG00000134240;ENSG00000064012;ENSG00000107798;ENSG00000082641;ENSG00000185149;ENSG00000089351;ENSG00000151790;ENSG00000166148;ENSG00000156709;ENSG00000164120;ENSG00000164808;ENSG00000168356;ENSG00000063176;ENSG00000165140;ENSG00000118689;ENSG00000142168;ENSG00000108819;ENSG00000176884;ENSG00000069482;ENSG00000111319"
"GO","GOBP_TELENCEPHALON_DEVELOPMENT",0.000383582188898125,0.0220137168069331,0.49849310876659,0.345006758897852,1.4853179881732,277,"ENSG00000138162;ENSG00000101438;ENSG00000172201;ENSG00000145147;ENSG00000171094;ENSG00000115738;ENSG00000162946;ENSG00000167193;ENSG00000085433;ENSG00000139352;ENSG00000133026;ENSG00000167552;ENSG00000145545;ENSG00000182580;ENSG00000157193;ENSG00000187122;ENSG00000107562;ENSG00000115844;ENSG00000040199;ENSG00000066735;ENSG00000164305;ENSG00000004487;ENSG00000138363;ENSG00000100644;ENSG00000164828;ENSG00000047056;ENSG00000171450;ENSG00000075213;ENSG00000112658;ENSG00000137267;ENSG00000112137;ENSG00000095713;ENSG00000114416;ENSG00000162992;ENSG00000176749;ENSG00000137210;ENSG00000105810;ENSG00000135638;ENSG00000139200;ENSG00000137285;ENSG00000138623;ENSG00000085978;ENSG00000119508;ENSG00000085998;ENSG00000144355;ENSG00000115310;ENSG00000009830;ENSG00000169136;ENSG00000159131;ENSG00000070031;ENSG00000118407;ENSG00000165699;ENSG00000174469;ENSG00000183873;ENSG00000171316;ENSG00000149571;ENSG00000116752;ENSG00000178568;ENSG00000100678;ENSG00000182704;ENSG00000114315;ENSG00000108773;ENSG00000144868;ENSG00000142700;ENSG00000174013;ENSG00000166148;ENSG00000164405;ENSG00000117707;ENSG00000135049;ENSG00000004848;ENSG00000107831;ENSG00000108819;ENSG00000147526;ENSG00000105426;ENSG00000140006;ENSG00000129244;ENSG00000114251;ENSG00000103222;ENSG00000106689;ENSG00000157933;ENSG00000182197;ENSG00000285077;ENSG00000103449;ENSG00000132341"
"GO","GOBP_OXIDATIVE_PHOSPHORYLATION",0.000409862072114388,0.0233242517004927,0.49849310876659,0.41052817677054,1.63962443864124,145,"ENSG00000108179;ENSG00000171612;ENSG00000166575;ENSG00000152234;ENSG00000189043;ENSG00000178074;ENSG00000120675;ENSG00000267855;ENSG00000178127;ENSG00000176410;ENSG00000169021;ENSG00000147684;ENSG00000073578;ENSG00000229344;ENSG00000178741;ENSG00000158828;ENSG00000119421;ENSG00000145335;ENSG00000156467;ENSG00000162433;ENSG00000130414;ENSG00000166136;ENSG00000091140;ENSG00000185633;ENSG00000131495;ENSG00000226085;ENSG00000110955;ENSG00000170906;ENSG00000164405;ENSG00000137806;ENSG00000241468;ENSG00000143252;ENSG00000023228;ENSG00000184752;ENSG00000116459;ENSG00000139180;ENSG00000241837;ENSG00000151366;ENSG00000186010;ENSG00000172115;ENSG00000111775;ENSG00000184983;ENSG00000167985;ENSG00000116288;ENSG00000131174;ENSG00000167283;ENSG00000136003;ENSG00000173660;ENSG00000009950;ENSG00000198804;ENSG00000160194;ENSG00000165678;ENSG00000131143;ENSG00000125648;ENSG00000122696;ENSG00000015475;ENSG00000095002;ENSG00000090266;ENSG00000205707;ENSG00000164258;ENSG00000127540;ENSG00000140990"
"GO","GOBP_ATP_SYNTHESIS_COUPLED_ELECTRON_TRANSPORT",0.000416139379972352,0.0234633932879007,0.49849310876659,0.449873508379882,1.70034941843238,99,"ENSG00000189043;ENSG00000120675;ENSG00000267855;ENSG00000178127;ENSG00000169021;ENSG00000147684;ENSG00000073578;ENSG00000229344;ENSG00000178741;ENSG00000158828;ENSG00000119421;ENSG00000145335;ENSG00000156467;ENSG00000130414;ENSG00000166136;ENSG00000091140;ENSG00000185633;ENSG00000131495;ENSG00000226085;ENSG00000170906;ENSG00000164405;ENSG00000137806;ENSG00000143252;ENSG00000023228;ENSG00000184752;ENSG00000139180;ENSG00000151366;ENSG00000172115;ENSG00000111775;ENSG00000184983;ENSG00000167985;ENSG00000116288;ENSG00000131174;ENSG00000136003;ENSG00000173660;ENSG00000198804;ENSG00000160194;ENSG00000165678;ENSG00000131143;ENSG00000015475;ENSG00000090266;ENSG00000164258;ENSG00000127540;ENSG00000140990;ENSG00000176340;ENSG00000117118;ENSG00000183648;ENSG00000109919;ENSG00000198888;ENSG00000114956"
"GO","GOBP_MICROTUBULE_BASED_TRANSPORT",0.000419236649119313,0.0234633932879007,0.49849310876659,0.355951188188281,1.51563002032664,246,"ENSG00000151929;ENSG00000106211;ENSG00000124214;ENSG00000158560;ENSG00000154277;ENSG00000167552;ENSG00000143862;ENSG00000186868;ENSG00000151553;ENSG00000109062;ENSG00000185963;ENSG00000151914;ENSG00000171885;ENSG00000100644;ENSG00000165169;ENSG00000111837;ENSG00000100285;ENSG00000118242;ENSG00000164828;ENSG00000204104;ENSG00000100271;ENSG00000123607;ENSG00000085978;ENSG00000169032;ENSG00000132604;ENSG00000186222;ENSG00000166342;ENSG00000080371;ENSG00000165714;ENSG00000105948;ENSG00000139116;ENSG00000015133;ENSG00000117155;ENSG00000164142;ENSG00000170759;ENSG00000204843;ENSG00000143199;ENSG00000143553;ENSG00000109089;ENSG00000175582;ENSG00000163820;ENSG00000147642;ENSG00000070831;ENSG00000138095;ENSG00000198836;ENSG00000144868;ENSG00000077380;ENSG00000135338;ENSG00000078674;ENSG00000117245;ENSG00000080298;ENSG00000088986;ENSG00000134709;ENSG00000135049;ENSG00000131437;ENSG00000170315;ENSG00000185009;ENSG00000142168;ENSG00000172575;ENSG00000197386;ENSG00000155980;ENSG00000163462;ENSG00000157823;ENSG00000230989;ENSG00000145491;ENSG00000153187;ENSG00000165506;ENSG00000118046;ENSG00000109944;ENSG00000132842;ENSG00000256061;ENSG00000104892;ENSG00000165115;ENSG00000150672;ENSG00000114841;ENSG00000104164;ENSG00000131966;ENSG00000126858;ENSG00000115993;ENSG00000118096;ENSG00000156313;ENSG00000078018;ENSG00000198954;ENSG00000261832;ENSG00000135441;ENSG00000130294"
"GO","GOCC_PRERIBOSOME_LARGE_SUBUNIT_PRECURSOR",0.000442605515216416,0.0245682340085703,0.49849310876659,0.74279272252215,1.90883884660015,16,"ENSG00000138442;ENSG00000198042;ENSG00000108592;ENSG00000261236;ENSG00000188976;ENSG00000053372;ENSG00000132603;ENSG00000130810;ENSG00000133316;ENSG00000117133;ENSG00000100029;ENSG00000117395"
"GO","GOBP_SNO_S_RNA_METABOLIC_PROCESS",0.000456475261280121,0.0247300037551119,0.49849310876659,0.760921401368701,1.91886974243975,15,"ENSG00000198585;ENSG00000121274;ENSG00000171824;ENSG00000178896;ENSG00000188573;ENSG00000130826;ENSG00000107371;ENSG00000130713;ENSG00000147905"
"GO","GOBP_POSITIVE_REGULATION_OF_LIPID_TRANSPORT",0.000456182272675901,0.0247300037551119,0.49849310876659,0.492727517822673,1.7677539864501,75,"ENSG00000141655;ENSG00000120659;ENSG00000167034;ENSG00000100979;ENSG00000153162;ENSG00000109320;ENSG00000170855;ENSG00000197696;ENSG00000112697;ENSG00000121207;ENSG00000185920;ENSG00000096717;ENSG00000167972;ENSG00000151726;ENSG00000148344;ENSG00000173918;ENSG00000178752;ENSG00000165029;ENSG00000173163;ENSG00000116171;ENSG00000166573;ENSG00000144747;ENSG00000154265;ENSG00000155368;ENSG00000069482;ENSG00000124406;ENSG00000118137;ENSG00000170456"
"GO","GOBP_NEGATIVE_REGULATION_OF_MRNA_METABOLIC_PROCESS",0.000449787873279933,0.0247300037551119,0.49849310876659,0.425065444542333,1.64837060261823,118,"ENSG00000154548;ENSG00000158246;ENSG00000070756;ENSG00000112183;ENSG00000180336;ENSG00000121274;ENSG00000116350;ENSG00000148584;ENSG00000108883;ENSG00000156735;ENSG00000188573;ENSG00000114416;ENSG00000082512;ENSG00000174606;ENSG00000169062;ENSG00000108561;ENSG00000029363;ENSG00000150459;ENSG00000132819;ENSG00000163877;ENSG00000065978;ENSG00000100722;ENSG00000119705;ENSG00000138095;ENSG00000009307;ENSG00000141232;ENSG00000089280;ENSG00000116791;ENSG00000134815;ENSG00000135316;ENSG00000090097;ENSG00000092199;ENSG00000243449;ENSG00000153187;ENSG00000181163;ENSG00000151962;ENSG00000168646;ENSG00000163694;ENSG00000143977;ENSG00000197451;ENSG00000092345;ENSG00000119720;ENSG00000081277;ENSG00000165119;ENSG00000120948"
"GO","GOCC_ENDOPLASMIC_RETICULUM_GOLGI_INTERMEDIATE_COMPARTMENT",0.000480386052173653,0.025818844010476,0.49849310876659,-0.442279687264369,-1.68437268852602,135,"ENSG00000254647;ENSG00000044574;ENSG00000143870;ENSG00000179218;ENSG00000136731;ENSG00000185624;ENSG00000114270;ENSG00000113719;ENSG00000160282;ENSG00000086598;ENSG00000071073;ENSG00000170348;ENSG00000168394;ENSG00000023318;ENSG00000161013;ENSG00000162236;ENSG00000142186;ENSG00000196296;ENSG00000105438;ENSG00000080189"
"GO","GOBP_POSITIVE_REGULATION_OF_GLYCOGEN_BIOSYNTHETIC_PROCESS",0.000502695579187769,0.026785553043225,0.477270815362862,-0.761107513221223,-1.90367399743942,16,"ENSG00000254647;ENSG00000167244;ENSG00000142208"
"GO","GOBP_NEGATIVE_REGULATION_OF_CALCIUM_ION_TRANSMEMBRANE_TRANSPORT",0.000514194018845135,0.026785553043225,0.477270815362862,0.612485635417034,1.88806153684571,34,"ENSG00000213585;ENSG00000138814;ENSG00000119782;ENSG00000239732;ENSG00000175567;ENSG00000144357;ENSG00000188386;ENSG00000120910;ENSG00000160014;ENSG00000099625;ENSG00000178623;ENSG00000187231;ENSG00000135018;ENSG00000005059;ENSG00000148834"
"GO","GOBP_REGULATION_OF_PROTEIN_CONTAINING_COMPLEX_ASSEMBLY",0.00050713181970132,0.026785553043225,0.477270815362862,0.315740600531483,1.41400406233574,410,"ENSG00000161905;ENSG00000198060;ENSG00000163932;ENSG00000145147;ENSG00000145715;ENSG00000004478;ENSG00000104081;ENSG00000042493;ENSG00000116329;ENSG00000103187;ENSG00000159713;ENSG00000073712;ENSG00000159753;ENSG00000154451;ENSG00000138594;ENSG00000186868;ENSG00000165527;ENSG00000198722;ENSG00000160460;ENSG00000146376;ENSG00000151239;ENSG00000006453;ENSG00000101367;ENSG00000113575;ENSG00000173404;ENSG00000120675;ENSG00000102606;ENSG00000166086;ENSG00000139719;ENSG00000239732;ENSG00000111530;ENSG00000156735;ENSG00000070182;ENSG00000204104;ENSG00000197256;ENSG00000125814;ENSG00000176749;ENSG00000168952;ENSG00000113712;ENSG00000128872;ENSG00000167972;ENSG00000005100;ENSG00000171368;ENSG00000109171;ENSG00000162458;ENSG00000101311;ENSG00000198898;ENSG00000175866;ENSG00000070610;ENSG00000100519;ENSG00000137642;ENSG00000130340;ENSG00000080824;ENSG00000085733;ENSG00000108518;ENSG00000079691;ENSG00000139116;ENSG00000198718;ENSG00000158828;ENSG00000137710;ENSG00000167617;ENSG00000006607;ENSG00000163466;ENSG00000116675;ENSG00000145335;ENSG00000165029;ENSG00000204843;ENSG00000107104;ENSG00000185721;ENSG00000164506;ENSG00000124126;ENSG00000114315;ENSG00000136950;ENSG00000165617;ENSG00000116030;ENSG00000198168;ENSG00000159714;ENSG00000070831;ENSG00000155366;ENSG00000197694;ENSG00000149273;ENSG00000151414;ENSG00000066777;ENSG00000130779;ENSG00000150054;ENSG00000164327;ENSG00000197872;ENSG00000131351;ENSG00000100109;ENSG00000112701;ENSG00000156931;ENSG00000050748;ENSG00000158092;ENSG00000136842;ENSG00000104435;ENSG00000105186;ENSG00000007047;ENSG00000099365;ENSG00000105887;ENSG00000148700;ENSG00000164808;ENSG00000178104;ENSG00000164332;ENSG00000164402;ENSG00000163539;ENSG00000131981;ENSG00000113851;ENSG00000175054;ENSG00000074054;ENSG00000131095;ENSG00000077549;ENSG00000135316;ENSG00000167984"
"GO","GOBP_MYELOID_CELL_DIFFERENTIATION",0.000514177274267884,0.026785553043225,0.477270815362862,0.30692175770011,1.3790159026221,429,"ENSG00000134198;ENSG00000178980;ENSG00000164326;ENSG00000096968;ENSG00000134954;ENSG00000180354;ENSG00000164073;ENSG00000185559;ENSG00000115738;ENSG00000155393;ENSG00000164442;ENSG00000182534;ENSG00000029993;ENSG00000163513;ENSG00000077585;ENSG00000186073;ENSG00000150867;ENSG00000004948;ENSG00000141655;ENSG00000016402;ENSG00000147883;ENSG00000164761;ENSG00000120659;ENSG00000131507;ENSG00000138594;ENSG00000151615;ENSG00000162769;ENSG00000164305;ENSG00000113083;ENSG00000123685;ENSG00000152192;ENSG00000138814;ENSG00000183864;ENSG00000100644;ENSG00000139719;ENSG00000166477;ENSG00000164466;ENSG00000121989;ENSG00000112658;ENSG00000161642;ENSG00000175567;ENSG00000119314;ENSG00000105810;ENSG00000113013;ENSG00000080802;ENSG00000168214;ENSG00000139842;ENSG00000096717;ENSG00000145675;ENSG00000169710;ENSG00000111843;ENSG00000175354;ENSG00000178732;ENSG00000086065;ENSG00000158406;ENSG00000100345;ENSG00000112305;ENSG00000134352;ENSG00000139687;ENSG00000198719;ENSG00000178752;ENSG00000135776;ENSG00000069702;ENSG00000006607;ENSG00000089902;ENSG00000087842;ENSG00000134371;ENSG00000105672;ENSG00000090013;ENSG00000101265;ENSG00000105281;ENSG00000104856;ENSG00000160796;ENSG00000104332;ENSG00000066336;ENSG00000088992;ENSG00000136754;ENSG00000143952;ENSG00000197837;ENSG00000070831;ENSG00000064012;ENSG00000145220;ENSG00000104884;ENSG00000142611;ENSG00000105610;ENSG00000107798;ENSG00000082641;ENSG00000185386;ENSG00000174564;ENSG00000100867;ENSG00000014123;ENSG00000129757"
"GO","GOBP_RESPONSE_TO_VIRUS",0.000544604867343146,0.0281531615392961,0.477270815362862,0.322306672720167,1.43271477453294,379,"ENSG00000101347;ENSG00000204516;ENSG00000106211;ENSG00000159674;ENSG00000023287;ENSG00000165732;ENSG00000113356;ENSG00000081237;ENSG00000107562;ENSG00000163512;ENSG00000154451;ENSG00000084674;ENSG00000157601;ENSG00000134321;ENSG00000150753;ENSG00000104343;ENSG00000119927;ENSG00000181381;ENSG00000109320;ENSG00000123685;ENSG00000154639;ENSG00000198933;ENSG00000121057;ENSG00000100644;ENSG00000160208;ENSG00000159110;ENSG00000178896;ENSG00000168404;ENSG00000124201;ENSG00000239732;ENSG00000197696;ENSG00000105939;ENSG00000204104;ENSG00000129472;ENSG00000105810;ENSG00000074800;ENSG00000168495;ENSG00000085978;ENSG00000110777;ENSG00000243646;ENSG00000167992;ENSG00000102096;ENSG00000078747;ENSG00000136560;ENSG00000188313;ENSG00000121361;ENSG00000164164;ENSG00000136271;ENSG00000145907;ENSG00000080824;ENSG00000196821;ENSG00000136514;ENSG00000111335;ENSG00000108561;ENSG00000122643;ENSG00000123545;ENSG00000180228;ENSG00000152778;ENSG00000167264;ENSG00000174953;ENSG00000116679;ENSG00000142166;ENSG00000198087;ENSG00000168310;ENSG00000123609;ENSG00000204977;ENSG00000118503;ENSG00000164430;ENSG00000109606;ENSG00000247315;ENSG00000164300;ENSG00000257103;ENSG00000114315;ENSG00000239713;ENSG00000159714;ENSG00000073861;ENSG00000183735;ENSG00000197381;ENSG00000185386;ENSG00000167085;ENSG00000111727;ENSG00000090376;ENSG00000110057;ENSG00000177889;ENSG00000132507;ENSG00000158092;ENSG00000138468;ENSG00000225830;ENSG00000121060;ENSG00000089127;ENSG00000143669;ENSG00000163840;ENSG00000181555;ENSG00000136937;ENSG00000128394"
"GO","GOBP_CELLULAR_RESPONSE_TO_UNFOLDED_PROTEIN",0.000571599813843548,0.0286731402914704,0.477270815362862,-0.464556136316022,-1.71377118260477,107,"ENSG00000044574;ENSG00000099958;ENSG00000175197;ENSG00000145050;ENSG00000051108;ENSG00000135506;ENSG00000072849;ENSG00000086598;ENSG00000172071;ENSG00000100219;ENSG00000116761;ENSG00000142208;ENSG00000180535;ENSG00000106638;ENSG00000128272;ENSG00000128590;ENSG00000198171;ENSG00000164054;ENSG00000118217;ENSG00000138617;ENSG00000213676;ENSG00000197930;ENSG00000113739;ENSG00000087074;ENSG00000064687"
"GO","GOBP_ORGANELLE_TRANSPORT_ALONG_MICROTUBULE",0.000567432249301781,0.0286731402914704,0.477270815362862,0.450041645002997,1.6992100098225,98,"ENSG00000158560;ENSG00000154277;ENSG00000167552;ENSG00000186868;ENSG00000185963;ENSG00000100644;ENSG00000100285;ENSG00000118242;ENSG00000164828;ENSG00000169032;ENSG00000186222;ENSG00000165714;ENSG00000170759;ENSG00000143553;ENSG00000109089;ENSG00000175582;ENSG00000163820;ENSG00000147642;ENSG00000070831;ENSG00000138095;ENSG00000198836;ENSG00000135049;ENSG00000131437;ENSG00000170315;ENSG00000185009;ENSG00000172575;ENSG00000197386;ENSG00000155980;ENSG00000163462;ENSG00000157823;ENSG00000230989;ENSG00000118046;ENSG00000132842;ENSG00000104164;ENSG00000131966;ENSG00000126858;ENSG00000115993;ENSG00000078018;ENSG00000198954;ENSG00000261832;ENSG00000135441;ENSG00000130294"
"GO","GOMF_AMINOACYLTRANSFERASE_ACTIVITY",0.000559431527908422,0.0286731402914704,0.477270815362862,0.30239205793245,1.37246033315203,482,"ENSG00000198060;ENSG00000215218;ENSG00000124226;ENSG00000141576;ENSG00000154359;ENSG00000198833;ENSG00000110171;ENSG00000009335;ENSG00000176641;ENSG00000153561;ENSG00000078967;ENSG00000007944;ENSG00000164616;ENSG00000077721;ENSG00000072401;ENSG00000141034;ENSG00000182247;ENSG00000170633;ENSG00000197329;ENSG00000113595;ENSG00000110906;ENSG00000034677;ENSG00000144744;ENSG00000104343;ENSG00000132388;ENSG00000005812;ENSG00000167196;ENSG00000135108;ENSG00000123124;ENSG00000109332;ENSG00000159459;ENSG00000239305;ENSG00000197579;ENSG00000121481;ENSG00000166266;ENSG00000144583;ENSG00000159202;ENSG00000092148;ENSG00000181788;ENSG00000080802;ENSG00000139842;ENSG00000082512;ENSG00000118420;ENSG00000127870;ENSG00000085978;ENSG00000148634;ENSG00000144357;ENSG00000140367;ENSG00000078747;ENSG00000175931;ENSG00000178222;ENSG00000162413;ENSG00000183439;ENSG00000128253;ENSG00000015568;ENSG00000107669;ENSG00000184182;ENSG00000244687;ENSG00000138411;ENSG00000180628;ENSG00000146373;ENSG00000215277;ENSG00000152193;ENSG00000001629;ENSG00000179455;ENSG00000206557;ENSG00000110429;ENSG00000136536;ENSG00000186187;ENSG00000134086;ENSG00000163961;ENSG00000152503;ENSG00000166167;ENSG00000204977;ENSG00000118503;ENSG00000095015;ENSG00000012048;ENSG00000189050;ENSG00000183579;ENSG00000165338;ENSG00000196862;ENSG00000110042;ENSG00000152242;ENSG00000164758;ENSG00000145860;ENSG00000116525;ENSG00000070831;ENSG00000181191;ENSG00000109079;ENSG00000180233;ENSG00000198642;ENSG00000105229;ENSG00000056586;ENSG00000014123;ENSG00000183654;ENSG00000177889;ENSG00000198742;ENSG00000185619;ENSG00000130939;ENSG00000121060;ENSG00000164080;ENSG00000197361;ENSG00000155827;ENSG00000163840;ENSG00000122779;ENSG00000010318;ENSG00000159579;ENSG00000128276;ENSG00000165188;ENSG00000147889;ENSG00000196151;ENSG00000143222;ENSG00000071794;ENSG00000118496;ENSG00000133606;ENSG00000168116;ENSG00000116514;ENSG00000204619;ENSG00000143207;ENSG00000153165;ENSG00000170153;ENSG00000135870;ENSG00000164197;ENSG00000043143;ENSG00000116663;ENSG00000104228;ENSG00000126107;ENSG00000110395;ENSG00000170500;ENSG00000131067;ENSG00000100814;ENSG00000148356;ENSG00000128731;ENSG00000186591;ENSG00000119402;ENSG00000153201;ENSG00000163743;ENSG00000146414;ENSG00000172985;ENSG00000024048;ENSG00000076604;ENSG00000155428;ENSG00000157450;ENSG00000036257;ENSG00000145782;ENSG00000177238;ENSG00000141552;ENSG00000108854;ENSG00000198862;ENSG00000103549;ENSG00000133135;ENSG00000120925;ENSG00000076685;ENSG00000156313;ENSG00000119048;ENSG00000103429;ENSG00000112200;ENSG00000053900;ENSG00000131263"
"GO","GOCC_SYNAPTIC_MEMBRANE",0.000566046425933147,0.0286731402914704,0.477270815362862,0.303775810407141,1.36552069047642,428,"ENSG00000021645;ENSG00000186479;ENSG00000178695;ENSG00000150625;ENSG00000128594;ENSG00000188803;ENSG00000108576;ENSG00000134569;ENSG00000125675;ENSG00000168824;ENSG00000181418;ENSG00000136750;ENSG00000116329;ENSG00000115808;ENSG00000108947;ENSG00000157193;ENSG00000159082;ENSG00000136099;ENSG00000137845;ENSG00000183775;ENSG00000198722;ENSG00000107362;ENSG00000198947;ENSG00000148943;ENSG00000006451;ENSG00000259207;ENSG00000111674;ENSG00000128011;ENSG00000157445;ENSG00000133019;ENSG00000089169;ENSG00000169836;ENSG00000135298;ENSG00000161509;ENSG00000070961;ENSG00000011347;ENSG00000114948;ENSG00000166664;ENSG00000116106;ENSG00000184226;ENSG00000185920;ENSG00000111450;ENSG00000164082;ENSG00000146938;ENSG00000121361;ENSG00000113758;ENSG00000109738;ENSG00000175866;ENSG00000166342;ENSG00000179841;ENSG00000118946;ENSG00000162738;ENSG00000198785;ENSG00000100151;ENSG00000184985;ENSG00000111886;ENSG00000225968;ENSG00000198739;ENSG00000163873;ENSG00000116675;ENSG00000174469;ENSG00000114646;ENSG00000164742;ENSG00000166206;ENSG00000101463;ENSG00000131188;ENSG00000065361;ENSG00000178568;ENSG00000115665;ENSG00000100678;ENSG00000004139;ENSG00000198934;ENSG00000104863;ENSG00000143786;ENSG00000136928;ENSG00000180233;ENSG00000123096;ENSG00000143502;ENSG00000135333;ENSG00000131409;ENSG00000130477;ENSG00000064547;ENSG00000144868;ENSG00000174013;ENSG00000175416;ENSG00000176204;ENSG00000166250;ENSG00000135622;ENSG00000006071;ENSG00000099365;ENSG00000163686;ENSG00000205155;ENSG00000080644;ENSG00000125510;ENSG00000082482;ENSG00000162706;ENSG00000118596;ENSG00000198576;ENSG00000118873;ENSG00000149970;ENSG00000187764;ENSG00000108819;ENSG00000146006;ENSG00000176884;ENSG00000234965;ENSG00000101098;ENSG00000157680;ENSG00000050438;ENSG00000158258;ENSG00000136379;ENSG00000164588;ENSG00000105426;ENSG00000178750;ENSG00000215045;ENSG00000171603;ENSG00000182771"
"GO","GOBP_PALLIUM_DEVELOPMENT",0.000597566288363362,0.0293478914404544,0.477270815362862,0.372466901248924,1.5443408544634,189,"ENSG00000138162;ENSG00000101438;ENSG00000172201;ENSG00000145147;ENSG00000171094;ENSG00000162946;ENSG00000167193;ENSG00000085433;ENSG00000139352;ENSG00000167552;ENSG00000145545;ENSG00000157193;ENSG00000115844;ENSG00000040199;ENSG00000066735;ENSG00000164305;ENSG00000004487;ENSG00000138363;ENSG00000100644;ENSG00000164828;ENSG00000171450;ENSG00000112658;ENSG00000137267;ENSG00000112137;ENSG00000114416;ENSG00000162992;ENSG00000176749;ENSG00000137210;ENSG00000105810;ENSG00000135638;ENSG00000139200;ENSG00000137285;ENSG00000085978;ENSG00000119508;ENSG00000085998;ENSG00000144355;ENSG00000115310;ENSG00000009830;ENSG00000159131;ENSG00000070031;ENSG00000118407;ENSG00000165699;ENSG00000174469;ENSG00000149571;ENSG00000116752;ENSG00000182704;ENSG00000144868;ENSG00000142700;ENSG00000174013;ENSG00000164405;ENSG00000117707"
"GO","GOCC_CYTOPLASMIC_SIDE_OF_MEMBRANE",0.000595039725235838,0.0293478914404544,0.477270815362862,0.359788059005714,1.51191391141635,218,"ENSG00000161905;ENSG00000117152;ENSG00000096968;ENSG00000079459;ENSG00000091844;ENSG00000145569;ENSG00000116741;ENSG00000189067;ENSG00000133026;ENSG00000171700;ENSG00000112425;ENSG00000073712;ENSG00000159753;ENSG00000049283;ENSG00000081237;ENSG00000134207;ENSG00000088179;ENSG00000113161;ENSG00000138814;ENSG00000086061;ENSG00000147457;ENSG00000117868;ENSG00000070182;ENSG00000127955;ENSG00000186469;ENSG00000088832;ENSG00000104549;ENSG00000082512;ENSG00000119537;ENSG00000120063;ENSG00000133703;ENSG00000242616;ENSG00000080371;ENSG00000179841;ENSG00000065135;ENSG00000100345;ENSG00000108669;ENSG00000165714;ENSG00000158220;ENSG00000087460;ENSG00000144566;ENSG00000114450;ENSG00000147437;ENSG00000101210;ENSG00000143553;ENSG00000183020;ENSG00000039068;ENSG00000184047;ENSG00000196743;ENSG00000144283;ENSG00000164695;ENSG00000115317;ENSG00000233927;ENSG00000169282;ENSG00000100596;ENSG00000108819;ENSG00000196396;ENSG00000157404;ENSG00000105559;ENSG00000131095;ENSG00000135824;ENSG00000158352;ENSG00000083799;ENSG00000182389;ENSG00000118762;ENSG00000160285;ENSG00000185482;ENSG00000070159;ENSG00000169895;ENSG00000102225;ENSG00000258469;ENSG00000182132;ENSG00000162188;ENSG00000178996;ENSG00000213741;ENSG00000114353"
"GO","GOBP_MORPHOGENESIS_OF_AN_EPITHELIUM",0.000598052129176419,0.0293478914404544,0.477270815362862,0.304277115591922,1.38016610263958,476,"ENSG00000169504;ENSG00000172201;ENSG00000125430;ENSG00000145147;ENSG00000170577;ENSG00000164442;ENSG00000196208;ENSG00000142867;ENSG00000113070;ENSG00000163513;ENSG00000151208;ENSG00000170873;ENSG00000073712;ENSG00000138685;ENSG00000159753;ENSG00000167034;ENSG00000136099;ENSG00000136280;ENSG00000132463;ENSG00000148943;ENSG00000006451;ENSG00000164305;ENSG00000259207;ENSG00000114554;ENSG00000109062;ENSG00000139515;ENSG00000100644;ENSG00000153936;ENSG00000112658;ENSG00000171346;ENSG00000179528;ENSG00000142875;ENSG00000163251;ENSG00000177508;ENSG00000204104;ENSG00000125812;ENSG00000116106;ENSG00000168214;ENSG00000136827;ENSG00000164930;ENSG00000185920;ENSG00000138448;ENSG00000120063;ENSG00000133703;ENSG00000196588;ENSG00000184292;ENSG00000125878;ENSG00000101311;ENSG00000171243;ENSG00000006059;ENSG00000205213;ENSG00000084733;ENSG00000136167;ENSG00000108518;ENSG00000177030;ENSG00000170927;ENSG00000162738;ENSG00000178919;ENSG00000206557;ENSG00000106397;ENSG00000170549;ENSG00000198719;ENSG00000166167;ENSG00000113578;ENSG00000115109;ENSG00000130702;ENSG00000093000;ENSG00000165699;ENSG00000169641;ENSG00000138802;ENSG00000174842;ENSG00000122691;ENSG00000103067;ENSG00000104332;ENSG00000066468;ENSG00000178568;ENSG00000166923;ENSG00000114315;ENSG00000092820;ENSG00000159184;ENSG00000100014;ENSG00000070831;ENSG00000155366;ENSG00000166341;ENSG00000100714;ENSG00000135333;ENSG00000082175;ENSG00000168743;ENSG00000198836;ENSG00000075223;ENSG00000108773;ENSG00000164932;ENSG00000115904;ENSG00000124145;ENSG00000117707;ENSG00000112837;ENSG00000182175;ENSG00000260027;ENSG00000164532;ENSG00000129437;ENSG00000170381;ENSG00000128567;ENSG00000167642;ENSG00000144824;ENSG00000125850;ENSG00000128917;ENSG00000129514;ENSG00000140682;ENSG00000206075;ENSG00000107831;ENSG00000214513;ENSG00000140807;ENSG00000163539;ENSG00000134323;ENSG00000139445;ENSG00000074054;ENSG00000151388;ENSG00000103811;ENSG00000148926;ENSG00000091831;ENSG00000114251;ENSG00000158955;ENSG00000106689;ENSG00000128714;ENSG00000180318;ENSG00000157933;ENSG00000171608;ENSG00000182197;ENSG00000118762;ENSG00000148219;ENSG00000103449;ENSG00000104375;ENSG00000109944;ENSG00000143867;ENSG00000163501;ENSG00000120868;ENSG00000105989;ENSG00000166333;ENSG00000196859;ENSG00000106078;ENSG00000198793;ENSG00000100625;ENSG00000177885;ENSG00000073350;ENSG00000153976;ENSG00000081479"
"GO","GOBP_NEGATIVE_REGULATION_OF_TYPE_2_IMMUNE_RESPONSE",0.000603494690174013,0.0294019139702044,0.477270815362862,0.81286460854702,1.89053872587577,11,"ENSG00000131507;ENSG00000104998;ENSG00000081181;ENSG00000171150;ENSG00000073861;ENSG00000136630"
"GO","GOBP_NEGATIVE_REGULATION_OF_RNA_CATABOLIC_PROCESS",0.000620524745942481,0.0300156684251606,0.477270815362862,0.448024183949487,1.69159273694428,98,"ENSG00000158246;ENSG00000070756;ENSG00000112183;ENSG00000180336;ENSG00000121274;ENSG00000037474;ENSG00000148584;ENSG00000188573;ENSG00000114416;ENSG00000082512;ENSG00000101574;ENSG00000174606;ENSG00000169062;ENSG00000145414;ENSG00000029363;ENSG00000174953;ENSG00000130826;ENSG00000132819;ENSG00000163877;ENSG00000065978;ENSG00000100722;ENSG00000119705;ENSG00000138095;ENSG00000009307;ENSG00000141232;ENSG00000164902;ENSG00000089280;ENSG00000037897;ENSG00000116791;ENSG00000165819;ENSG00000134815;ENSG00000135316;ENSG00000092199;ENSG00000243449;ENSG00000153187;ENSG00000151962;ENSG00000168646;ENSG00000163694;ENSG00000197451;ENSG00000092345;ENSG00000119720;ENSG00000081277;ENSG00000120948"
"GO","GOBP_REGULATION_OF_T_CELL_RECEPTOR_SIGNALING_PATHWAY",0.000628134666534195,0.0301682834168054,0.477270815362862,0.52688523009731,1.80260410644584,56,"ENSG00000120217;ENSG00000117280;ENSG00000142867;ENSG00000010810;ENSG00000081237;ENSG00000112679;ENSG00000175354;ENSG00000196839;ENSG00000166167;ENSG00000182866;ENSG00000092820;ENSG00000107798;ENSG00000158092;ENSG00000149091;ENSG00000131981;ENSG00000135870;ENSG00000083799;ENSG00000120690;ENSG00000110395;ENSG00000269335;ENSG00000024048;ENSG00000213413;ENSG00000154096;ENSG00000177425;ENSG00000179295;ENSG00000089692;ENSG00000167851;ENSG00000117228;ENSG00000108861"
"GO","GOBP_PROTEIN_FOLDING",0.00063793018036829,0.030422980151085,0.477270815362862,-0.375513039990735,-1.51855808880754,225,"ENSG00000044574;ENSG00000155660;ENSG00000166598;ENSG00000149428;ENSG00000102580;ENSG00000143870;ENSG00000166794;ENSG00000090520;ENSG00000127022;ENSG00000128228;ENSG00000137168;ENSG00000179218;ENSG00000167004;ENSG00000136731;ENSG00000185624;ENSG00000105185;ENSG00000151835;ENSG00000144401;ENSG00000136770;ENSG00000116260;ENSG00000125863;ENSG00000096060;ENSG00000183199;ENSG00000023318;ENSG00000186866;ENSG00000118217"
"GO","GOBP_REGULATION_OF_DEVELOPMENTAL_GROWTH",0.000653066937817597,0.0309270580622431,0.477270815362862,0.338912997965779,1.47057420967191,295,"ENSG00000143507;ENSG00000117152;ENSG00000053108;ENSG00000108830;ENSG00000089057;ENSG00000141576;ENSG00000108576;ENSG00000066084;ENSG00000116741;ENSG00000162946;ENSG00000104432;ENSG00000171100;ENSG00000008086;ENSG00000100600;ENSG00000138685;ENSG00000261150;ENSG00000187122;ENSG00000107562;ENSG00000186868;ENSG00000151615;ENSG00000167178;ENSG00000162769;ENSG00000148943;ENSG00000119927;ENSG00000160460;ENSG00000103528;ENSG00000166224;ENSG00000075213;ENSG00000112658;ENSG00000187688;ENSG00000124762;ENSG00000213023;ENSG00000001617;ENSG00000138623;ENSG00000168214;ENSG00000127870;ENSG00000185920;ENSG00000115310;ENSG00000144674;ENSG00000151718;ENSG00000151748;ENSG00000060069;ENSG00000080371;ENSG00000085733;ENSG00000138207;ENSG00000087460;ENSG00000198719;ENSG00000069702;ENSG00000171316;ENSG00000143199;ENSG00000066468;ENSG00000178568;ENSG00000039068;ENSG00000111087;ENSG00000120756;ENSG00000092820;ENSG00000104863;ENSG00000120742;ENSG00000188372;ENSG00000185386;ENSG00000136630;ENSG00000135333;ENSG00000101665;ENSG00000198399;ENSG00000130477;ENSG00000198742;ENSG00000117707;ENSG00000078579;ENSG00000135622;ENSG00000043591;ENSG00000115317;ENSG00000164532;ENSG00000164190;ENSG00000176788;ENSG00000102678;ENSG00000082482;ENSG00000004848;ENSG00000107831;ENSG00000142168;ENSG00000187764;ENSG00000163539;ENSG00000121879;ENSG00000163462;ENSG00000105426;ENSG00000179242;ENSG00000144550;ENSG00000114251"
"GO","GOBP_RIBOSOME_ASSEMBLY",0.000667398916584076,0.0309661526347766,0.477270815362862,0.494455046747434,1.7489488590803,68,"ENSG00000150990;ENSG00000197498;ENSG00000111641;ENSG00000113460;ENSG00000171861;ENSG00000108561;ENSG00000261236;ENSG00000178605;ENSG00000169519;ENSG00000178952;ENSG00000274523;ENSG00000189306;ENSG00000053372;ENSG00000132603;ENSG00000182810;ENSG00000105793;ENSG00000158417;ENSG00000101546;ENSG00000122085;ENSG00000233927;ENSG00000105372;ENSG00000118246;ENSG00000241945;ENSG00000132153;ENSG00000144895;ENSG00000117481;ENSG00000181163;ENSG00000132591;ENSG00000146109;ENSG00000126524;ENSG00000177954;ENSG00000122687;ENSG00000173674"
"GO","GOBP_REGULATION_OF_MITOCHONDRION_ORGANIZATION",0.000667610496851356,0.0309661526347766,0.477270815362862,0.434588468705327,1.67433746019007,113,"ENSG00000108179;ENSG00000198060;ENSG00000001084;ENSG00000108828;ENSG00000011465;ENSG00000166575;ENSG00000104081;ENSG00000165943;ENSG00000162600;ENSG00000186868;ENSG00000063761;ENSG00000006451;ENSG00000138698;ENSG00000170855;ENSG00000114023;ENSG00000096092;ENSG00000167136;ENSG00000161011;ENSG00000113384;ENSG00000168958;ENSG00000176720;ENSG00000158828;ENSG00000181061;ENSG00000134278;ENSG00000233276;ENSG00000140939;ENSG00000100523;ENSG00000198836;ENSG00000087470;ENSG00000005022;ENSG00000241878;ENSG00000100335;ENSG00000247077;ENSG00000117020;ENSG00000017797;ENSG00000167315;ENSG00000106028;ENSG00000014824;ENSG00000072274;ENSG00000126858;ENSG00000213190;ENSG00000175193;ENSG00000156026;ENSG00000153823;ENSG00000122386;ENSG00000204389;ENSG00000136758;ENSG00000156968;ENSG00000019991;ENSG00000165678;ENSG00000138794;ENSG00000015475"
"GO","GOCC_SYNAPTIC_VESICLE_MEMBRANE",0.000664729436124019,0.0309661526347766,0.477270815362862,0.401781666917928,1.59836154416177,141,"ENSG00000163377;ENSG00000101438;ENSG00000100321;ENSG00000182747;ENSG00000116329;ENSG00000125149;ENSG00000134207;ENSG00000198722;ENSG00000165646;ENSG00000168917;ENSG00000189195;ENSG00000114573;ENSG00000089169;ENSG00000152128;ENSG00000070961;ENSG00000011347;ENSG00000198794;ENSG00000165714;ENSG00000144566;ENSG00000104093;ENSG00000186187;ENSG00000185236;ENSG00000163466;ENSG00000145335;ENSG00000109501;ENSG00000101463;ENSG00000143553;ENSG00000160014;ENSG00000115665;ENSG00000099625;ENSG00000197106;ENSG00000078053;ENSG00000130477;ENSG00000111540;ENSG00000085365;ENSG00000175416;ENSG00000087470;ENSG00000163630;ENSG00000006071;ENSG00000099365;ENSG00000003147;ENSG00000159720;ENSG00000147416;ENSG00000101152;ENSG00000164402;ENSG00000136888;ENSG00000157680;ENSG00000050438;ENSG00000124406;ENSG00000105426;ENSG00000129990;ENSG00000167964;ENSG00000128524;ENSG00000135636;ENSG00000109572;ENSG00000151418;ENSG00000155097;ENSG00000170743;ENSG00000082556;ENSG00000105467;ENSG00000143028;ENSG00000108639;ENSG00000105649;ENSG00000115194;ENSG00000185883;ENSG00000135823"
"GO","GOBP_HIPPOCAMPUS_DEVELOPMENT",0.000673150145224819,0.0310106992072277,0.477270815362862,0.45390763504428,1.69284627113369,92,"ENSG00000101438;ENSG00000172201;ENSG00000171094;ENSG00000167193;ENSG00000167552;ENSG00000145545;ENSG00000157193;ENSG00000115844;ENSG00000040199;ENSG00000164305;ENSG00000171450;ENSG00000112658;ENSG00000114416;ENSG00000162992;ENSG00000176749;ENSG00000105810;ENSG00000139200;ENSG00000085978;ENSG00000119508;ENSG00000085998;ENSG00000144355;ENSG00000009830;ENSG00000070031;ENSG00000165699;ENSG00000149571;ENSG00000116752;ENSG00000182704;ENSG00000144868;ENSG00000164405;ENSG00000117707"
"GO","GOBP_POSITIVE_REGULATION_OF_CELLULAR_COMPONENT_BIOGENESIS",0.000682904770182293,0.0312475074572601,0.477270815362862,0.299634533987999,1.36013495763983,483,"ENSG00000118523;ENSG00000161905;ENSG00000198060;ENSG00000137575;ENSG00000150625;ENSG00000064042;ENSG00000139211;ENSG00000104081;ENSG00000150867;ENSG00000159713;ENSG00000151208;ENSG00000170873;ENSG00000167711;ENSG00000073712;ENSG00000103056;ENSG00000165943;ENSG00000159753;ENSG00000182580;ENSG00000197747;ENSG00000154451;ENSG00000186868;ENSG00000165527;ENSG00000198722;ENSG00000006451;ENSG00000171992;ENSG00000006453;ENSG00000101367;ENSG00000113575;ENSG00000137942;ENSG00000139323;ENSG00000148158;ENSG00000135298;ENSG00000239732;ENSG00000111530;ENSG00000112658;ENSG00000156735;ENSG00000109756;ENSG00000125249;ENSG00000119812;ENSG00000177508;ENSG00000135723;ENSG00000176749;ENSG00000174574;ENSG00000173114;ENSG00000119541;ENSG00000145675;ENSG00000115091;ENSG00000167972;ENSG00000005100;ENSG00000171368;ENSG00000147251;ENSG00000109171;ENSG00000101311;ENSG00000198844;ENSG00000141668;ENSG00000071054;ENSG00000175866;ENSG00000152520;ENSG00000100519;ENSG00000071909;ENSG00000130340;ENSG00000080824;ENSG00000175175;ENSG00000172403;ENSG00000085733;ENSG00000158987;ENSG00000108518;ENSG00000079691;ENSG00000198718;ENSG00000158828;ENSG00000115109;ENSG00000167617;ENSG00000198739;ENSG00000163466;ENSG00000165699;ENSG00000174469;ENSG00000145335;ENSG00000165029;ENSG00000204843;ENSG00000101463;ENSG00000185721;ENSG00000104332;ENSG00000100558;ENSG00000134874;ENSG00000116030;ENSG00000159714;ENSG00000198908;ENSG00000070831;ENSG00000155366;ENSG00000149273;ENSG00000151414;ENSG00000130779;ENSG00000131409;ENSG00000087191;ENSG00000150054;ENSG00000134775;ENSG00000140557;ENSG00000164327;ENSG00000113657;ENSG00000050748;ENSG00000124145;ENSG00000176204;ENSG00000158092;ENSG00000138193;ENSG00000007047;ENSG00000117598;ENSG00000146904;ENSG00000181625;ENSG00000165694;ENSG00000164808;ENSG00000166454;ENSG00000118873;ENSG00000178104;ENSG00000138587;ENSG00000187764;ENSG00000146006;ENSG00000131981;ENSG00000113851;ENSG00000157404;ENSG00000197386;ENSG00000175054;ENSG00000169762;ENSG00000074054;ENSG00000121879;ENSG00000158258;ENSG00000171603;ENSG00000118137;ENSG00000198758;ENSG00000123374;ENSG00000148356;ENSG00000130119;ENSG00000103044;ENSG00000138379;ENSG00000101126;ENSG00000106078;ENSG00000198793;ENSG00000134982;ENSG00000177885;ENSG00000132612;ENSG00000072274;ENSG00000175701;ENSG00000077254;ENSG00000134602;ENSG00000135387;ENSG00000131408;ENSG00000121281;ENSG00000116288;ENSG00000135218;ENSG00000154096;ENSG00000178996;ENSG00000149269;ENSG00000127914"
"GO","GOBP_REGULATION_OF_NERVOUS_SYSTEM_DEVELOPMENT",0.000698124597747145,0.0317295286976085,0.477270815362862,0.310434504719488,1.39108114189313,413,"ENSG00000143507;ENSG00000053108;ENSG00000205927;ENSG00000172201;ENSG00000108830;ENSG00000145147;ENSG00000135919;ENSG00000148498;ENSG00000115738;ENSG00000134569;ENSG00000139211;ENSG00000066084;ENSG00000162946;ENSG00000139352;ENSG00000008086;ENSG00000106484;ENSG00000151208;ENSG00000166450;ENSG00000108947;ENSG00000182580;ENSG00000157193;ENSG00000125820;ENSG00000197747;ENSG00000187122;ENSG00000107562;ENSG00000186868;ENSG00000151615;ENSG00000115844;ENSG00000167178;ENSG00000144485;ENSG00000164683;ENSG00000163629;ENSG00000174405;ENSG00000152192;ENSG00000004487;ENSG00000138814;ENSG00000100644;ENSG00000135298;ENSG00000112658;ENSG00000187688;ENSG00000109756;ENSG00000001617;ENSG00000114416;ENSG00000136044;ENSG00000173114;ENSG00000138623;ENSG00000130164;ENSG00000116106;ENSG00000163909;ENSG00000127870;ENSG00000106278;ENSG00000186298;ENSG00000144355;ENSG00000171368;ENSG00000113758;ENSG00000115310;ENSG00000144674;ENSG00000169032;ENSG00000141668;ENSG00000164900;ENSG00000175866;ENSG00000137642;ENSG00000171540;ENSG00000080371;ENSG00000179111;ENSG00000110888;ENSG00000134352;ENSG00000196591;ENSG00000198719;ENSG00000027075;ENSG00000174953;ENSG00000058404;ENSG00000198739;ENSG00000112367;ENSG00000169220;ENSG00000116641;ENSG00000171316;ENSG00000143199;ENSG00000101463;ENSG00000117266;ENSG00000039068;ENSG00000103257;ENSG00000114315;ENSG00000146072;ENSG00000198908;ENSG00000115297;ENSG00000128245;ENSG00000135333;ENSG00000131409;ENSG00000140557;ENSG00000142700;ENSG00000014123;ENSG00000176204;ENSG00000198742;ENSG00000132970;ENSG00000078674;ENSG00000189431;ENSG00000135622;ENSG00000105186;ENSG00000006071;ENSG00000128917;ENSG00000028137;ENSG00000187764;ENSG00000146006;ENSG00000134323;ENSG00000157404;ENSG00000071794;ENSG00000158258;ENSG00000163462;ENSG00000131095;ENSG00000105426;ENSG00000171603;ENSG00000179242;ENSG00000114251;ENSG00000163558;ENSG00000106689;ENSG00000157933;ENSG00000078618"
"GO","GOBP_LENS_FIBER_CELL_DIFFERENTIATION",0.000726534056707193,0.0328005908801408,0.477270815362862,-0.596821068221888,-1.85194742825817,40,"ENSG00000111186;ENSG00000166068;ENSG00000138443;ENSG00000178573;ENSG00000142627;ENSG00000125864;ENSG00000169554;ENSG00000164056;ENSG00000128272;ENSG00000118231;ENSG00000102878;ENSG00000184349;ENSG00000198369"
"GO","GOBP_CARDIAC_CHAMBER_MORPHOGENESIS",0.000733907164161106,0.0328787077207743,0.477270815362862,0.42796683893643,1.65783301783473,117,"ENSG00000137834;ENSG00000145147;ENSG00000115738;ENSG00000164442;ENSG00000096696;ENSG00000163513;ENSG00000115641;ENSG00000164683;ENSG00000057294;ENSG00000152192;ENSG00000100644;ENSG00000157240;ENSG00000112658;ENSG00000088832;ENSG00000168214;ENSG00000163909;ENSG00000151748;ENSG00000162738;ENSG00000138207;ENSG00000069702;ENSG00000171316;ENSG00000162496;ENSG00000066468;ENSG00000114315;ENSG00000049883;ENSG00000124766;ENSG00000101665;ENSG00000075223;ENSG00000185149;ENSG00000115904;ENSG00000117707;ENSG00000197702;ENSG00000130939;ENSG00000164532;ENSG00000125850;ENSG00000128917;ENSG00000107831"
"GO","GOBP_REGULATION_OF_ACTIN_FILAMENT_ORGANIZATION",0.000737974538328071,0.0328787077207743,0.477270815362862,0.347996572288751,1.48858783316303,254,"ENSG00000118523;ENSG00000161905;ENSG00000117152;ENSG00000163932;ENSG00000145147;ENSG00000064042;ENSG00000145715;ENSG00000042493;ENSG00000131941;ENSG00000103187;ENSG00000170873;ENSG00000167711;ENSG00000073712;ENSG00000159753;ENSG00000197747;ENSG00000107562;ENSG00000138594;ENSG00000165527;ENSG00000160460;ENSG00000165410;ENSG00000146376;ENSG00000171992;ENSG00000151239;ENSG00000006453;ENSG00000156735;ENSG00000070182;ENSG00000135723;ENSG00000197256;ENSG00000104067;ENSG00000145675;ENSG00000128872;ENSG00000184292;ENSG00000198844;ENSG00000198898;ENSG00000175866;ENSG00000070610;ENSG00000130340;ENSG00000175175;ENSG00000172403;ENSG00000085733;ENSG00000143450;ENSG00000108518;ENSG00000104880;ENSG00000079691;ENSG00000131626;ENSG00000100151;ENSG00000241360;ENSG00000137710;ENSG00000167617;ENSG00000163466;ENSG00000165699;ENSG00000136051;ENSG00000107104;ENSG00000104332;ENSG00000124126;ENSG00000136950;ENSG00000100014;ENSG00000070831;ENSG00000155366;ENSG00000197694;ENSG00000066777;ENSG00000132254;ENSG00000134775;ENSG00000164327;ENSG00000197872;ENSG00000124145;ENSG00000158092;ENSG00000132970;ENSG00000136842;ENSG00000105887;ENSG00000144824;ENSG00000146904;ENSG00000148700;ENSG00000165694"
"GO","GOBP_DETECTION_OF_TEMPERATURE_STIMULUS",0.000751478353232298,0.0332615124711707,0.477270815362862,0.659048331491032,1.88174400509376,24,"ENSG00000164326;ENSG00000125966;ENSG00000162946;ENSG00000085433;ENSG00000107562;ENSG00000169432"
"GO","GOBP_POSITIVE_REGULATION_OF_PROTEIN_CONTAINING_COMPLEX_ASSEMBLY",0.00077655860481575,0.0338540807611087,0.477270815362862,0.369363086640303,1.53455904984696,192,"ENSG00000161905;ENSG00000198060;ENSG00000104081;ENSG00000159713;ENSG00000073712;ENSG00000159753;ENSG00000154451;ENSG00000186868;ENSG00000165527;ENSG00000198722;ENSG00000006453;ENSG00000101367;ENSG00000113575;ENSG00000239732;ENSG00000111530;ENSG00000156735;ENSG00000176749;ENSG00000167972;ENSG00000005100;ENSG00000171368;ENSG00000109171;ENSG00000101311;ENSG00000175866;ENSG00000100519;ENSG00000130340;ENSG00000080824;ENSG00000085733;ENSG00000108518;ENSG00000079691;ENSG00000198718;ENSG00000158828;ENSG00000167617;ENSG00000163466;ENSG00000145335;ENSG00000165029;ENSG00000204843;ENSG00000185721;ENSG00000116030;ENSG00000159714;ENSG00000155366;ENSG00000149273;ENSG00000151414;ENSG00000130779;ENSG00000150054;ENSG00000164327;ENSG00000050748;ENSG00000158092;ENSG00000007047;ENSG00000164808;ENSG00000178104;ENSG00000131981;ENSG00000113851;ENSG00000175054;ENSG00000074054;ENSG00000130119;ENSG00000198793;ENSG00000177885;ENSG00000072274;ENSG00000175701;ENSG00000131408;ENSG00000121281;ENSG00000116288;ENSG00000135218;ENSG00000149269;ENSG00000127914;ENSG00000133302;ENSG00000164151;ENSG00000131023;ENSG00000118260"
"GO","GOBP_PROTEIN_POLYMERIZATION",0.000794861022004768,0.0338540807611087,0.477270815362862,0.343672542769682,1.47721895662695,271,"ENSG00000161905;ENSG00000129680;ENSG00000163932;ENSG00000096968;ENSG00000145147;ENSG00000145715;ENSG00000004478;ENSG00000042493;ENSG00000165175;ENSG00000103187;ENSG00000159713;ENSG00000167552;ENSG00000159753;ENSG00000138594;ENSG00000186868;ENSG00000165527;ENSG00000160460;ENSG00000146376;ENSG00000151239;ENSG00000006453;ENSG00000101367;ENSG00000113575;ENSG00000102606;ENSG00000156735;ENSG00000204472;ENSG00000070182;ENSG00000197256;ENSG00000176749;ENSG00000128872;ENSG00000113966;ENSG00000171368;ENSG00000109171;ENSG00000152082;ENSG00000198898;ENSG00000175866;ENSG00000070610;ENSG00000130340;ENSG00000080824;ENSG00000085733;ENSG00000108518;ENSG00000079691;ENSG00000139116;ENSG00000198718;ENSG00000158828;ENSG00000137710;ENSG00000167617;ENSG00000163466;ENSG00000198087;ENSG00000145335;ENSG00000204843;ENSG00000107104;ENSG00000185721;ENSG00000124126;ENSG00000136950;ENSG00000197694;ENSG00000149273;ENSG00000066777;ENSG00000130779;ENSG00000164327;ENSG00000197872;ENSG00000131351;ENSG00000158092;ENSG00000132970;ENSG00000136842;ENSG00000104435;ENSG00000105887;ENSG00000148700;ENSG00000010017;ENSG00000178104;ENSG00000131462;ENSG00000163539;ENSG00000074054;ENSG00000171564"
"GO","GOBP_REGULATION_OF_EPITHELIAL_CELL_PROLIFERATION",0.000770862212663196,0.0338540807611087,0.477270815362862,0.334495144185691,1.45261741252081,297,"ENSG00000143507;ENSG00000164326;ENSG00000171951;ENSG00000116285;ENSG00000115539;ENSG00000170873;ENSG00000147883;ENSG00000138685;ENSG00000152234;ENSG00000261150;ENSG00000167034;ENSG00000107562;ENSG00000153162;ENSG00000155760;ENSG00000105971;ENSG00000259207;ENSG00000100644;ENSG00000051523;ENSG00000116455;ENSG00000239672;ENSG00000113296;ENSG00000186810;ENSG00000100311;ENSG00000105810;ENSG00000185920;ENSG00000119508;ENSG00000096717;ENSG00000184292;ENSG00000115310;ENSG00000163235;ENSG00000151748;ENSG00000124181;ENSG00000160593;ENSG00000177030;ENSG00000170927;ENSG00000139687;ENSG00000169031;ENSG00000001631;ENSG00000113578;ENSG00000069702;ENSG00000134371;ENSG00000183873;ENSG00000118503;ENSG00000185551;ENSG00000243678;ENSG00000091583;ENSG00000095203;ENSG00000065361;ENSG00000103067;ENSG00000104332;ENSG00000066468;ENSG00000178568;ENSG00000233276;ENSG00000111087;ENSG00000114315;ENSG00000152894;ENSG00000070831;ENSG00000082175;ENSG00000164327;ENSG00000129757;ENSG00000006377;ENSG00000135862;ENSG00000117707;ENSG00000102678;ENSG00000108691;ENSG00000125850;ENSG00000128917;ENSG00000206075;ENSG00000172007;ENSG00000167984;ENSG00000114251;ENSG00000171608;ENSG00000153989;ENSG00000117020;ENSG00000016082;ENSG00000164252;ENSG00000118046;ENSG00000143867;ENSG00000163501;ENSG00000105989;ENSG00000074842;ENSG00000166263;ENSG00000100625;ENSG00000166710;ENSG00000163082;ENSG00000100292;ENSG00000178301;ENSG00000166788;ENSG00000197921"
"GO","GOBP_REGULATION_OF_TRANSLATION",0.000785757115131278,0.0338540807611087,0.477270815362862,0.31622779976881,1.40123395071666,361,"ENSG00000006047;ENSG00000214575;ENSG00000158246;ENSG00000134001;ENSG00000070756;ENSG00000109832;ENSG00000020577;ENSG00000135930;ENSG00000188613;ENSG00000116741;ENSG00000067225;ENSG00000106211;ENSG00000163577;ENSG00000130956;ENSG00000091127;ENSG00000175711;ENSG00000112183;ENSG00000103342;ENSG00000142864;ENSG00000114784;ENSG00000135842;ENSG00000164024;ENSG00000161642;ENSG00000114416;ENSG00000116106;ENSG00000164163;ENSG00000253250;ENSG00000123600;ENSG00000108443;ENSG00000130766;ENSG00000132541;ENSG00000135372;ENSG00000163832;ENSG00000080608;ENSG00000109911;ENSG00000169062;ENSG00000110888;ENSG00000108561;ENSG00000106263;ENSG00000206557;ENSG00000138385;ENSG00000027075;ENSG00000158828;ENSG00000151806;ENSG00000100982;ENSG00000174953;ENSG00000115211;ENSG00000155100;ENSG00000163412;ENSG00000070785;ENSG00000092847;ENSG00000107864;ENSG00000138593;ENSG00000065978;ENSG00000152332;ENSG00000257103;ENSG00000170515;ENSG00000158417;ENSG00000134698;ENSG00000112339;ENSG00000115053;ENSG00000125207;ENSG00000120727;ENSG00000184110;ENSG00000120742;ENSG00000187840;ENSG00000082153;ENSG00000149273;ENSG00000138095;ENSG00000214706;ENSG00000189167;ENSG00000082516;ENSG00000154059;ENSG00000144642;ENSG00000009307;ENSG00000141232;ENSG00000132507;ENSG00000158092;ENSG00000134014;ENSG00000141543;ENSG00000156990;ENSG00000149658;ENSG00000137449;ENSG00000136937;ENSG00000105887;ENSG00000166197;ENSG00000167112;ENSG00000165819;ENSG00000118689;ENSG00000152684;ENSG00000163794;ENSG00000165526;ENSG00000177189;ENSG00000152804;ENSG00000135632;ENSG00000144580;ENSG00000135316;ENSG00000155508;ENSG00000162385;ENSG00000151247;ENSG00000031698;ENSG00000110367;ENSG00000104408;ENSG00000144895;ENSG00000265241;ENSG00000169288;ENSG00000163214;ENSG00000153187;ENSG00000079785;ENSG00000181163;ENSG00000120705;ENSG00000063046;ENSG00000161813;ENSG00000184838;ENSG00000136463;ENSG00000198793;ENSG00000124279;ENSG00000135387;ENSG00000145191"
"GO","GOCC_NUCLEAR_RIBONUCLEOPROTEIN_GRANULE",0.000790641034993551,0.0338540807611087,0.477270815362862,0.304886829838328,1.37699635432583,458,"ENSG00000154548;ENSG00000179456;ENSG00000105656;ENSG00000116254;ENSG00000130956;ENSG00000121390;ENSG00000173145;ENSG00000167491;ENSG00000170633;ENSG00000118515;ENSG00000151615;ENSG00000159792;ENSG00000162409;ENSG00000096063;ENSG00000116350;ENSG00000139515;ENSG00000096401;ENSG00000122965;ENSG00000108883;ENSG00000100644;ENSG00000117751;ENSG00000197579;ENSG00000011007;ENSG00000163497;ENSG00000188573;ENSG00000185475;ENSG00000039123;ENSG00000113712;ENSG00000125775;ENSG00000122068;ENSG00000186298;ENSG00000172349;ENSG00000125878;ENSG00000187257;ENSG00000119953;ENSG00000166181;ENSG00000174606;ENSG00000143751;ENSG00000196821;ENSG00000179335;ENSG00000029363;ENSG00000150459;ENSG00000174953;ENSG00000248333;ENSG00000187210;ENSG00000112234;ENSG00000132356;ENSG00000100796;ENSG00000182117;ENSG00000130826;ENSG00000116752;ENSG00000153046;ENSG00000051596;ENSG00000109606;ENSG00000125676;ENSG00000134874;ENSG00000205571;ENSG00000100722;ENSG00000101343;ENSG00000116030;ENSG00000114026;ENSG00000138433;ENSG00000145736;ENSG00000160679;ENSG00000161960;ENSG00000146963;ENSG00000140553;ENSG00000143294;ENSG00000121067;ENSG00000075292;ENSG00000164609;ENSG00000100109;ENSG00000109536;ENSG00000185787;ENSG00000050748;ENSG00000164902;ENSG00000138303;ENSG00000136875;ENSG00000141543;ENSG00000125870;ENSG00000149016;ENSG00000143479;ENSG00000132661;ENSG00000103994;ENSG00000149091;ENSG00000010072;ENSG00000176788;ENSG00000166197;ENSG00000129518;ENSG00000165819;ENSG00000010318;ENSG00000147231;ENSG00000184481;ENSG00000083093;ENSG00000182040;ENSG00000147140;ENSG00000100823;ENSG00000197798;ENSG00000213047;ENSG00000095787;ENSG00000143207;ENSG00000124562;ENSG00000162385;ENSG00000151247;ENSG00000172530;ENSG00000127445;ENSG00000182389;ENSG00000265241;ENSG00000164543;ENSG00000278023;ENSG00000168517;ENSG00000123374;ENSG00000198730;ENSG00000153187;ENSG00000108840;ENSG00000181163;ENSG00000270141;ENSG00000099783;ENSG00000172273;ENSG00000055044;ENSG00000149308;ENSG00000104765;ENSG00000163510;ENSG00000109534;ENSG00000115524;ENSG00000163743;ENSG00000138756;ENSG00000164944;ENSG00000179409;ENSG00000161547;ENSG00000155966;ENSG00000058673;ENSG00000100650;ENSG00000183283;ENSG00000144597;ENSG00000171953;ENSG00000183474;ENSG00000164151;ENSG00000221978;ENSG00000108854;ENSG00000132963;ENSG00000075856;ENSG00000169217;ENSG00000109917;ENSG00000119720;ENSG00000153234;ENSG00000116001;ENSG00000081277;ENSG00000120688;ENSG00000079134;ENSG00000143398;ENSG00000116754;ENSG00000153827;ENSG00000204389;ENSG00000166313;ENSG00000120948;ENSG00000105197;ENSG00000122257;ENSG00000123358;ENSG00000116497;ENSG00000085231;ENSG00000100227;ENSG00000171566;ENSG00000132773;ENSG00000100325;ENSG00000181690;ENSG00000184708;ENSG00000137574;ENSG00000068878"
"GO","GOBP_ACTIN_FILAMENT_ORGANIZATION",0.000790925794776754,0.0338540807611087,0.477270815362862,0.302096288957216,1.36348148664652,452,"ENSG00000118523;ENSG00000161905;ENSG00000117152;ENSG00000163932;ENSG00000108830;ENSG00000096968;ENSG00000145147;ENSG00000064042;ENSG00000144834;ENSG00000145715;ENSG00000128641;ENSG00000042493;ENSG00000131941;ENSG00000103187;ENSG00000170873;ENSG00000167711;ENSG00000073712;ENSG00000159753;ENSG00000197747;ENSG00000107562;ENSG00000157483;ENSG00000138594;ENSG00000165527;ENSG00000102024;ENSG00000160460;ENSG00000165410;ENSG00000146376;ENSG00000171992;ENSG00000151239;ENSG00000006453;ENSG00000116584;ENSG00000126878;ENSG00000112658;ENSG00000156735;ENSG00000204472;ENSG00000112137;ENSG00000070182;ENSG00000135723;ENSG00000197256;ENSG00000034510;ENSG00000122786;ENSG00000104067;ENSG00000145675;ENSG00000115091;ENSG00000128872;ENSG00000147256;ENSG00000184292;ENSG00000113758;ENSG00000152409;ENSG00000198844;ENSG00000198898;ENSG00000175866;ENSG00000070610;ENSG00000277443;ENSG00000130340;ENSG00000136167;ENSG00000241685;ENSG00000175175;ENSG00000172403;ENSG00000085733;ENSG00000157654;ENSG00000143450;ENSG00000108518;ENSG00000104880;ENSG00000079691;ENSG00000131626;ENSG00000100151;ENSG00000241360;ENSG00000115963;ENSG00000178209;ENSG00000137710;ENSG00000167617;ENSG00000149925;ENSG00000163466;ENSG00000165699;ENSG00000198087;ENSG00000169641;ENSG00000136051;ENSG00000124507;ENSG00000107104;ENSG00000167723;ENSG00000134278;ENSG00000104332;ENSG00000154380;ENSG00000117519;ENSG00000124126;ENSG00000136754;ENSG00000148468;ENSG00000104140;ENSG00000120756;ENSG00000092820;ENSG00000136950;ENSG00000100014;ENSG00000143549;ENSG00000070831;ENSG00000155366;ENSG00000109079;ENSG00000197694;ENSG00000066777;ENSG00000118162;ENSG00000132254;ENSG00000133627;ENSG00000134775;ENSG00000164327;ENSG00000197872;ENSG00000113657;ENSG00000159840;ENSG00000124145;ENSG00000158092;ENSG00000132970;ENSG00000136842;ENSG00000160284;ENSG00000117707;ENSG00000197702;ENSG00000106789;ENSG00000104953;ENSG00000105887;ENSG00000144824;ENSG00000146904;ENSG00000148700;ENSG00000165694;ENSG00000072110;ENSG00000090020;ENSG00000108819;ENSG00000138771;ENSG00000163539"
"GO","GOBP_NEGATIVE_REGULATION_OF_ACUTE_INFLAMMATORY_RESPONSE",0.000807933086715292,0.0339883851271432,0.477270815362862,-0.823956034055588,-1.84317870348104,10,"ENSG00000254647"
"GO","GOBP_ERAD_PATHWAY",0.000808052274877444,0.0339883851271432,0.477270815362862,-0.462463161165118,-1.7096233496881,109,"ENSG00000044574;ENSG00000099958;ENSG00000166598;ENSG00000051108;ENSG00000127022;ENSG00000128228;ENSG00000179218;ENSG00000145495;ENSG00000135506;ENSG00000072849;ENSG00000100219;ENSG00000185104;ENSG00000269190;ENSG00000170145;ENSG00000162298;ENSG00000101294;ENSG00000128590;ENSG00000118217;ENSG00000142552;ENSG00000167671;ENSG00000116661;ENSG00000174672;ENSG00000110344;ENSG00000163527;ENSG00000138942;ENSG00000106803;ENSG00000105974;ENSG00000132879;ENSG00000135119;ENSG00000168936;ENSG00000108588;ENSG00000161243;ENSG00000071537;ENSG00000131871;ENSG00000164953"
"GO","GOBP_GENERATION_OF_PRECURSOR_METABOLITES_AND_ENERGY",0.000816352672148426,0.0341255573814144,0.477270815362862,0.302684199247279,1.37205980051832,473,"ENSG00000108179;ENSG00000171503;ENSG00000171314;ENSG00000158122;ENSG00000164073;ENSG00000171612;ENSG00000100412;ENSG00000067225;ENSG00000168291;ENSG00000167588;ENSG00000166575;ENSG00000154277;ENSG00000112425;ENSG00000023287;ENSG00000067057;ENSG00000163754;ENSG00000081760;ENSG00000128564;ENSG00000152234;ENSG00000156510;ENSG00000004961;ENSG00000189043;ENSG00000162409;ENSG00000139515;ENSG00000111674;ENSG00000178074;ENSG00000113575;ENSG00000120675;ENSG00000100644;ENSG00000140374;ENSG00000106605;ENSG00000159399;ENSG00000267855;ENSG00000178127;ENSG00000006695;ENSG00000175567;ENSG00000007171;ENSG00000127334;ENSG00000074800;ENSG00000142657;ENSG00000132382;ENSG00000176410;ENSG00000110435;ENSG00000170525;ENSG00000168214;ENSG00000169021;ENSG00000119508;ENSG00000186298;ENSG00000197713;ENSG00000147684;ENSG00000243646;ENSG00000138413;ENSG00000117054;ENSG00000078237;ENSG00000166411;ENSG00000164776;ENSG00000062485;ENSG00000267673;ENSG00000163931;ENSG00000005469;ENSG00000073578;ENSG00000134352;ENSG00000229344;ENSG00000066855;ENSG00000101365;ENSG00000161533;ENSG00000178741;ENSG00000137714;ENSG00000178209;ENSG00000131828;ENSG00000158828;ENSG00000119421;ENSG00000149925;ENSG00000142166;ENSG00000132356;ENSG00000067177;ENSG00000145335;ENSG00000156467;ENSG00000162433;ENSG00000143199;ENSG00000152749;ENSG00000080493;ENSG00000164951;ENSG00000130414;ENSG00000166136;ENSG00000134056;ENSG00000135469;ENSG00000091140;ENSG00000185633;ENSG00000143952;ENSG00000169299;ENSG00000131495;ENSG00000134240;ENSG00000142611;ENSG00000107798;ENSG00000115138;ENSG00000118804;ENSG00000100867;ENSG00000226085;ENSG00000110955;ENSG00000170906;ENSG00000166148;ENSG00000164405;ENSG00000137806;ENSG00000241468;ENSG00000143252;ENSG00000104812;ENSG00000089127;ENSG00000136143;ENSG00000023228;ENSG00000111669;ENSG00000184752;ENSG00000116459;ENSG00000105220;ENSG00000131459;ENSG00000139180;ENSG00000241837;ENSG00000165140;ENSG00000125779;ENSG00000169764;ENSG00000155463;ENSG00000163794;ENSG00000162688;ENSG00000188316;ENSG00000151366;ENSG00000102078;ENSG00000121879;ENSG00000023697;ENSG00000138035;ENSG00000186010;ENSG00000042286;ENSG00000161513;ENSG00000125611;ENSG00000172115;ENSG00000213639;ENSG00000170950;ENSG00000004799"
"GO","GOBP_REGULATION_OF_SIGNALING_RECEPTOR_ACTIVITY",0.000873488044616406,0.0356341026394114,0.477270815362862,0.520629357417749,1.78120122563345,56,"ENSG00000163377;ENSG00000116285;ENSG00000129515;ENSG00000171150;ENSG00000100764;ENSG00000197170;ENSG00000100519;ENSG00000134352;ENSG00000180008;ENSG00000173692;ENSG00000143786;ENSG00000087191;ENSG00000013275;ENSG00000103035;ENSG00000115233;ENSG00000185627;ENSG00000108671;ENSG00000187902;ENSG00000176108;ENSG00000135346;ENSG00000127922;ENSG00000159352"
"GO","GOCC_PHOSPHATASE_COMPLEX",0.000871937588801688,0.0356341026394114,0.477270815362862,0.505076328333383,1.76622225917694,63,"ENSG00000119698;ENSG00000137713;ENSG00000154845;ENSG00000113575;ENSG00000138814;ENSG00000058272;ENSG00000164091;ENSG00000186298;ENSG00000133703;ENSG00000221914;ENSG00000179841;ENSG00000188386;ENSG00000073711;ENSG00000120910;ENSG00000119383;ENSG00000100796;ENSG00000175470;ENSG00000164951;ENSG00000158092;ENSG00000163605;ENSG00000205423;ENSG00000140807;ENSG00000108819;ENSG00000112640;ENSG00000204576;ENSG00000213639"
"GO","GOBP_GLYCEROPHOSPHOLIPID_METABOLIC_PROCESS",0.000863217151021036,0.0356341026394114,0.477270815362862,0.335709466649853,1.45260088344524,290,"ENSG00000161905;ENSG00000154822;ENSG00000178773;ENSG00000155189;ENSG00000068383;ENSG00000100344;ENSG00000129219;ENSG00000123983;ENSG00000171100;ENSG00000101333;ENSG00000150867;ENSG00000100564;ENSG00000123892;ENSG00000130208;ENSG00000070748;ENSG00000104643;ENSG00000159082;ENSG00000198825;ENSG00000119927;ENSG00000125772;ENSG00000204385;ENSG00000153933;ENSG00000077044;ENSG00000011198;ENSG00000153982;ENSG00000110721;ENSG00000122591;ENSG00000100311;ENSG00000130164;ENSG00000038210;ENSG00000163624;ENSG00000102780;ENSG00000145675;ENSG00000167972;ENSG00000139163;ENSG00000040933;ENSG00000122335;ENSG00000132294;ENSG00000011405;ENSG00000188313;ENSG00000205981;ENSG00000003987;ENSG00000163803;ENSG00000124181;ENSG00000197601;ENSG00000051382;ENSG00000158201;ENSG00000274588;ENSG00000112367;ENSG00000107242;ENSG00000109452;ENSG00000153395;ENSG00000155744;ENSG00000164300;ENSG00000103066;ENSG00000078142;ENSG00000100523;ENSG00000198382;ENSG00000184381;ENSG00000063601;ENSG00000123684;ENSG00000176095;ENSG00000111666;ENSG00000155099;ENSG00000151151;ENSG00000176454;ENSG00000138193;ENSG00000165195;ENSG00000151689;ENSG00000116906;ENSG00000163686;ENSG00000277161;ENSG00000149091;ENSG00000130653;ENSG00000114805;ENSG00000117592;ENSG00000241878;ENSG00000138018;ENSG00000155368;ENSG00000157680;ENSG00000121879;ENSG00000103043;ENSG00000186111;ENSG00000161395;ENSG00000021762;ENSG00000146070;ENSG00000171608;ENSG00000118137;ENSG00000100997;ENSG00000186281;ENSG00000204084;ENSG00000139144;ENSG00000032444;ENSG00000091039;ENSG00000183578;ENSG00000131408;ENSG00000079462;ENSG00000196455;ENSG00000133731;ENSG00000065357;ENSG00000058866;ENSG00000078269;ENSG00000161217;ENSG00000157106;ENSG00000100330;ENSG00000168918;ENSG00000135241;ENSG00000000419;ENSG00000122126"
"GO","GOBP_EPITHELIAL_CELL_PROLIFERATION",0.000867014693085125,0.0356341026394114,0.477270815362862,0.320243670039555,1.42047335261473,368,"ENSG00000143507;ENSG00000136999;ENSG00000164326;ENSG00000171951;ENSG00000115738;ENSG00000116285;ENSG00000115539;ENSG00000170873;ENSG00000147883;ENSG00000138685;ENSG00000120659;ENSG00000152234;ENSG00000261150;ENSG00000167034;ENSG00000107562;ENSG00000153162;ENSG00000155760;ENSG00000105971;ENSG00000259207;ENSG00000100644;ENSG00000051523;ENSG00000116455;ENSG00000239672;ENSG00000121989;ENSG00000113296;ENSG00000186810;ENSG00000124762;ENSG00000100311;ENSG00000105810;ENSG00000164434;ENSG00000185920;ENSG00000119508;ENSG00000096717;ENSG00000184292;ENSG00000115310;ENSG00000163235;ENSG00000101311;ENSG00000169032;ENSG00000151748;ENSG00000205213;ENSG00000124181;ENSG00000160593;ENSG00000177030;ENSG00000170927;ENSG00000139687;ENSG00000169031;ENSG00000051382;ENSG00000057657;ENSG00000001631;ENSG00000166167;ENSG00000113578;ENSG00000069702;ENSG00000134371;ENSG00000183873;ENSG00000118503;ENSG00000185551;ENSG00000243678;ENSG00000091583;ENSG00000095203;ENSG00000143125;ENSG00000065361;ENSG00000103067;ENSG00000104332;ENSG00000066468;ENSG00000178568;ENSG00000233276;ENSG00000111087;ENSG00000114315;ENSG00000152894;ENSG00000070831;ENSG00000107798;ENSG00000082175;ENSG00000164327;ENSG00000129757;ENSG00000006377;ENSG00000135862;ENSG00000117707;ENSG00000102678;ENSG00000108691;ENSG00000125850;ENSG00000128917;ENSG00000206075;ENSG00000157404;ENSG00000172007;ENSG00000167984;ENSG00000091831;ENSG00000114251;ENSG00000171608;ENSG00000118137;ENSG00000153989;ENSG00000117020;ENSG00000016082;ENSG00000164252;ENSG00000118046;ENSG00000143867;ENSG00000163501;ENSG00000105989;ENSG00000074842;ENSG00000166263;ENSG00000100625;ENSG00000166710;ENSG00000163082"
"GO","GOBP_MAINTENANCE_OF_PROTEIN_LOCALIZATION_IN_ENDOPLASMIC_RETICULUM",0.000930834318118371,0.0367003086489061,0.477270815362862,-0.804880756576464,-1.88262399654304,12,"ENSG00000044574;ENSG00000135506;ENSG00000136240;ENSG00000100196;ENSG00000105438;ENSG00000234776;ENSG00000197858"
"GO","GOMF_CATALYTIC_ACTIVITY_ACTING_ON_A_RRNA",0.000917155505522605,0.0367003086489061,0.477270815362862,0.653931875533275,1.86713527328185,24,"ENSG00000086189;ENSG00000162851;ENSG00000126749;ENSG00000071462;ENSG00000255561;ENSG00000111641;ENSG00000188573;ENSG00000171861;ENSG00000108592;ENSG00000169519"
"GO","GOBP_POSITIVE_REGULATION_OF_GLYCOGEN_METABOLIC_PROCESS",0.000922566625777485,0.0367003086489061,0.477270815362862,-0.703507630976318,-1.86693092119905,20,"ENSG00000254647;ENSG00000167244;ENSG00000142208"
"GO","GOBP_AMINOGLYCAN_BIOSYNTHETIC_PROCESS",0.000935270417035076,0.0367003086489061,0.477270815362862,0.589988474186254,1.82842586236282,35,"ENSG00000109956;ENSG00000125430;ENSG00000170340;ENSG00000111846;ENSG00000103056;ENSG00000015532;ENSG00000114770;ENSG00000109320;ENSG00000174684;ENSG00000100311;ENSG00000115652;ENSG00000158470;ENSG00000088451;ENSG00000176383;ENSG00000182197;ENSG00000179913;ENSG00000103044;ENSG00000153976;ENSG00000141367;ENSG00000103489"
"GO","GOBP_PROTEIN_STABILIZATION",0.000936684341649925,0.0367003086489061,0.477270815362862,0.351563029005915,1.49422981696222,241,"ENSG00000163932;ENSG00000163132;ENSG00000164073;ENSG00000117472;ENSG00000151929;ENSG00000115539;ENSG00000143153;ENSG00000167552;ENSG00000168884;ENSG00000104643;ENSG00000113068;ENSG00000106993;ENSG00000150753;ENSG00000096384;ENSG00000148584;ENSG00000156735;ENSG00000150773;ENSG00000116106;ENSG00000134265;ENSG00000145675;ENSG00000144381;ENSG00000102096;ENSG00000138231;ENSG00000115310;ENSG00000169242;ENSG00000151748;ENSG00000080824;ENSG00000080371;ENSG00000164134;ENSG00000108518;ENSG00000136536;ENSG00000134086;ENSG00000180228;ENSG00000158828;ENSG00000165699;ENSG00000101265;ENSG00000109501;ENSG00000005175;ENSG00000249948;ENSG00000088992;ENSG00000104450;ENSG00000116030;ENSG00000124766;ENSG00000101665;ENSG00000167085;ENSG00000134762;ENSG00000139977;ENSG00000014123;ENSG00000197702;ENSG00000166226;ENSG00000107262;ENSG00000111269;ENSG00000107937;ENSG00000147889;ENSG00000120438;ENSG00000129244;ENSG00000127445;ENSG00000146731;ENSG00000118137;ENSG00000129696;ENSG00000110395;ENSG00000104375;ENSG00000165506;ENSG00000181163;ENSG00000128731;ENSG00000010244;ENSG00000166263;ENSG00000198793;ENSG00000077254;ENSG00000116288;ENSG00000182923;ENSG00000187446;ENSG00000118096;ENSG00000118260;ENSG00000119048;ENSG00000049246;ENSG00000204389;ENSG00000110958;ENSG00000105401;ENSG00000112208;ENSG00000061676;ENSG00000167895"
"GO","GOBP_PROTEIN_CONTAINING_COMPLEX_DISASSEMBLY",0.000937559568260595,0.0367003086489061,0.477270815362862,0.340967307527732,1.4651953292779,269,"ENSG00000099940;ENSG00000164073;ENSG00000085433;ENSG00000042493;ENSG00000165175;ENSG00000163577;ENSG00000197457;ENSG00000159753;ENSG00000145016;ENSG00000159082;ENSG00000138594;ENSG00000160460;ENSG00000103342;ENSG00000105447;ENSG00000171763;ENSG00000115266;ENSG00000165410;ENSG00000151239;ENSG00000196169;ENSG00000116584;ENSG00000139719;ENSG00000147457;ENSG00000070182;ENSG00000125814;ENSG00000164163;ENSG00000119541;ENSG00000160803;ENSG00000128872;ENSG00000137309;ENSG00000163832;ENSG00000198898;ENSG00000086065;ENSG00000079691;ENSG00000132688;ENSG00000139116;ENSG00000241360;ENSG00000112031;ENSG00000015133;ENSG00000137710;ENSG00000116675;ENSG00000170759;ENSG00000143553;ENSG00000167566;ENSG00000131165;ENSG00000078142;ENSG00000163820;ENSG00000198382;ENSG00000100014;ENSG00000101222;ENSG00000197694;ENSG00000101665;ENSG00000073969;ENSG00000100109;ENSG00000255112;ENSG00000090376;ENSG00000132507;ENSG00000118245;ENSG00000015592;ENSG00000136842;ENSG00000164695;ENSG00000104435;ENSG00000143479;ENSG00000135018;ENSG00000105887;ENSG00000140443;ENSG00000148700;ENSG00000108819;ENSG00000163539;ENSG00000074054;ENSG00000121879;ENSG00000077549;ENSG00000068796;ENSG00000204576;ENSG00000156304;ENSG00000176108;ENSG00000120705;ENSG00000083937;ENSG00000176771;ENSG00000118200;ENSG00000184056;ENSG00000167862;ENSG00000134982;ENSG00000258469;ENSG00000132612;ENSG00000141367;ENSG00000196455;ENSG00000040633;ENSG00000160551;ENSG00000062716;ENSG00000170473;ENSG00000118640;ENSG00000140941;ENSG00000133816"
"GO","GOBP_IMMUNE_RESPONSE_REGULATING_CELL_SURFACE_RECEPTOR_SIGNALING_PATHWAY",0.000929716098328307,0.0367003086489061,0.477270815362862,0.330539512446873,1.43797836577841,302,"ENSG00000120217;ENSG00000163932;ENSG00000065559;ENSG00000204516;ENSG00000154822;ENSG00000117280;ENSG00000129219;ENSG00000135605;ENSG00000142867;ENSG00000010810;ENSG00000168884;ENSG00000081237;ENSG00000187554;ENSG00000172247;ENSG00000197329;ENSG00000109320;ENSG00000051523;ENSG00000106605;ENSG00000130775;ENSG00000007171;ENSG00000136044;ENSG00000112679;ENSG00000119508;ENSG00000145675;ENSG00000161011;ENSG00000188313;ENSG00000175354;ENSG00000136573;ENSG00000131378;ENSG00000196839;ENSG00000124181;ENSG00000157500;ENSG00000186187;ENSG00000027075;ENSG00000166167;ENSG00000115211;ENSG00000198087;ENSG00000070785;ENSG00000123609;ENSG00000160999;ENSG00000118503;ENSG00000095015;ENSG00000074966;ENSG00000182866;ENSG00000146072;ENSG00000092820;ENSG00000196950;ENSG00000184381;ENSG00000183735;ENSG00000107798;ENSG00000056586;ENSG00000115904;ENSG00000050748;ENSG00000160223;ENSG00000177889;ENSG00000104312;ENSG00000158092;ENSG00000176105;ENSG00000089127;ENSG00000149091;ENSG00000244482;ENSG00000165810;ENSG00000131981;ENSG00000157404;ENSG00000121879;ENSG00000213047;ENSG00000000938;ENSG00000174600;ENSG00000135870;ENSG00000171608;ENSG00000083799;ENSG00000182389;ENSG00000120690;ENSG00000110395;ENSG00000118046;ENSG00000117322;ENSG00000153563;ENSG00000269335;ENSG00000177885;ENSG00000024048;ENSG00000213413;ENSG00000145191;ENSG00000203805;ENSG00000186470;ENSG00000243414;ENSG00000135218;ENSG00000154096;ENSG00000136286;ENSG00000149269;ENSG00000177425;ENSG00000179295;ENSG00000089692;ENSG00000167851;ENSG00000168918;ENSG00000077264;ENSG00000117228"
"GO","GOBP_RIBOSE_PHOSPHATE_BIOSYNTHETIC_PROCESS",0.000947243698607551,0.0368662892354617,0.477270815362862,0.370728202566842,1.52849284660466,182,"ENSG00000164326;ENSG00000128059;ENSG00000171793;ENSG00000154027;ENSG00000035687;ENSG00000152234;ENSG00000147224;ENSG00000078295;ENSG00000114491;ENSG00000138363;ENSG00000135002;ENSG00000156110;ENSG00000239672;ENSG00000267855;ENSG00000178127;ENSG00000198682;ENSG00000181322;ENSG00000166796;ENSG00000074800;ENSG00000176410;ENSG00000147684;ENSG00000169032;ENSG00000073578;ENSG00000159131;ENSG00000070019;ENSG00000158828;ENSG00000119421;ENSG00000149925;ENSG00000164116;ENSG00000162433;ENSG00000164742;ENSG00000143199;ENSG00000243678;ENSG00000138801;ENSG00000130414;ENSG00000166136;ENSG00000102967;ENSG00000131495;ENSG00000107798;ENSG00000100714;ENSG00000106992;ENSG00000061918;ENSG00000110955;ENSG00000170906;ENSG00000106348;ENSG00000241468;ENSG00000143252;ENSG00000023228;ENSG00000184752;ENSG00000116459;ENSG00000139180;ENSG00000063176;ENSG00000241837;ENSG00000151366"
"GO","GOBP_VESICLE_MEDIATED_TRANSPORT_IN_SYNAPSE",0.000965284842980142,0.0373537654666373,0.477270815362862,0.347293114178557,1.47880857599243,245,"ENSG00000101438;ENSG00000099940;ENSG00000145920;ENSG00000129219;ENSG00000109189;ENSG00000197959;ENSG00000159082;ENSG00000157601;ENSG00000165527;ENSG00000198722;ENSG00000102024;ENSG00000165646;ENSG00000091428;ENSG00000103528;ENSG00000006451;ENSG00000164305;ENSG00000259207;ENSG00000189195;ENSG00000138814;ENSG00000114573;ENSG00000089169;ENSG00000011347;ENSG00000188191;ENSG00000177380;ENSG00000125814;ENSG00000129204;ENSG00000020129;ENSG00000136827;ENSG00000111450;ENSG00000132294;ENSG00000118946;ENSG00000116266;ENSG00000144566;ENSG00000140022;ENSG00000116675;ENSG00000120910;ENSG00000074317;ENSG00000145335;ENSG00000114646;ENSG00000124507;ENSG00000101463;ENSG00000143553;ENSG00000101298;ENSG00000160014;ENSG00000164506;ENSG00000183020;ENSG00000078142;ENSG00000118473;ENSG00000143502;ENSG00000168993;ENSG00000198399;ENSG00000078053;ENSG00000130477;ENSG00000205726;ENSG00000174013;ENSG00000175416;ENSG00000099365;ENSG00000148408;ENSG00000159720;ENSG00000198576;ENSG00000147416;ENSG00000185009;ENSG00000101152;ENSG00000136888;ENSG00000101098;ENSG00000138078;ENSG00000050438;ENSG00000124406;ENSG00000103043;ENSG00000178750;ENSG00000186111;ENSG00000129990;ENSG00000157823;ENSG00000069696;ENSG00000128524;ENSG00000182389"
"GO","GOCC_NEURON_PROJECTION_CYTOPLASM",0.000973772320292795,0.037468103142175,0.477270815362862,0.448912004707468,1.6742150925971,92,"ENSG00000106211;ENSG00000008086;ENSG00000124214;ENSG00000154277;ENSG00000143862;ENSG00000186868;ENSG00000151914;ENSG00000100644;ENSG00000169032;ENSG00000175866;ENSG00000186222;ENSG00000166342;ENSG00000080371;ENSG00000139116;ENSG00000163873;ENSG00000170759;ENSG00000143553;ENSG00000152332;ENSG00000100722;ENSG00000147642;ENSG00000198836;ENSG00000144868;ENSG00000139826;ENSG00000117245;ENSG00000088986;ENSG00000135049;ENSG00000198576;ENSG00000131437;ENSG00000185009;ENSG00000142168;ENSG00000155980;ENSG00000163462;ENSG00000157823;ENSG00000230989;ENSG00000100997;ENSG00000132842;ENSG00000150672;ENSG00000104164;ENSG00000197451;ENSG00000131966;ENSG00000115993;ENSG00000078018;ENSG00000135441;ENSG00000130294"
"GO","GOBP_RNA_LOCALIZATION",0.000993099781993465,0.0379958854444053,0.45505986738723,0.360156802385145,1.50771745944464,208,"ENSG00000109832;ENSG00000163513;ENSG00000124214;ENSG00000181588;ENSG00000150753;ENSG00000171824;ENSG00000037474;ENSG00000185963;ENSG00000148584;ENSG00000169371;ENSG00000161642;ENSG00000114416;ENSG00000108559;ENSG00000128311;ENSG00000069248;ENSG00000122068;ENSG00000131378;ENSG00000013364;ENSG00000169062;ENSG00000145414;ENSG00000165714;ENSG00000138385;ENSG00000085415;ENSG00000108424;ENSG00000174953;ENSG00000117174;ENSG00000113569;ENSG00000093000;ENSG00000242265;ENSG00000163002;ENSG00000182117;ENSG00000130826;ENSG00000163950;ENSG00000107164;ENSG00000065978;ENSG00000051596;ENSG00000125676;ENSG00000165271;ENSG00000160679;ENSG00000185823;ENSG00000138095;ENSG00000126226;ENSG00000112110;ENSG00000164902;ENSG00000141543;ENSG00000132661;ENSG00000047621;ENSG00000181555;ENSG00000136937;ENSG00000124789;ENSG00000198576;ENSG00000166226;ENSG00000101888;ENSG00000175054;ENSG00000152804;ENSG00000138035;ENSG00000120438;ENSG00000162385;ENSG00000151247;ENSG00000030066;ENSG00000146731;ENSG00000153207;ENSG00000265241;ENSG00000184863;ENSG00000153187;ENSG00000132341;ENSG00000100296;ENSG00000055044;ENSG00000153201;ENSG00000136243;ENSG00000135387;ENSG00000151461;ENSG00000058673;ENSG00000127922;ENSG00000058804;ENSG00000197451;ENSG00000157106;ENSG00000163166;ENSG00000095319;ENSG00000114503;ENSG00000119720"
"GO","GOMF_SNORNA_BINDING",0.00100801108753198,0.0381909768547963,0.45505986738723,0.629285448434586,1.88855403516885,30,"ENSG00000198585;ENSG00000165732;ENSG00000150990;ENSG00000173598;ENSG00000119285;ENSG00000065183;ENSG00000143751;ENSG00000112578;ENSG00000182117;ENSG00000130826;ENSG00000183751;ENSG00000087269;ENSG00000101361;ENSG00000055044;ENSG00000109534;ENSG00000114767;ENSG00000108651;ENSG00000100138;ENSG00000168101;ENSG00000136718;ENSG00000106268;ENSG00000083635"
"GO","GOCC_LARGE_RIBOSOMAL_SUBUNIT",0.00100947797652223,0.0381909768547963,0.45505986738723,0.425448820240392,1.63190122755116,109,"ENSG00000135900;ENSG00000137547;ENSG00000114686;ENSG00000115364;ENSG00000146223;ENSG00000108826;ENSG00000143436;ENSG00000198015;ENSG00000179271;ENSG00000166902;ENSG00000174748;ENSG00000159111;ENSG00000158042;ENSG00000132313;ENSG00000106591;ENSG00000182154;ENSG00000082515;ENSG00000116221;ENSG00000112110;ENSG00000143314;ENSG00000262814;ENSG00000173141;ENSG00000137818;ENSG00000096080;ENSG00000243147;ENSG00000037241;ENSG00000259494;ENSG00000108107;ENSG00000185608;ENSG00000169288;ENSG00000242485;ENSG00000278845;ENSG00000181163;ENSG00000167862;ENSG00000198242;ENSG00000185414;ENSG00000204316;ENSG00000221983;ENSG00000089009;ENSG00000142541;ENSG00000111639;ENSG00000197345;ENSG00000177600;ENSG00000154719;ENSG00000229117;ENSG00000112996;ENSG00000165502;ENSG00000197756"
"GO","GOBP_NEGATIVE_REGULATION_OF_LIPOPROTEIN_PARTICLE_CLEARANCE",0.00107420824302517,0.040414101232036,0.45505986738723,0.773923676507219,1.83610830971192,12,"ENSG00000007944;ENSG00000130208;ENSG00000259207;ENSG00000130164;ENSG00000138448;ENSG00000006071"
"GO","GOMF_CADHERIN_BINDING_INVOLVED_IN_CELL_CELL_ADHESION",0.00111615343263323,0.0416369355524918,0.45505986738723,0.700110217613542,1.85883277963222,18,"ENSG00000138594;ENSG00000006453;ENSG00000163110;ENSG00000168952;ENSG00000175866;ENSG00000084733;ENSG00000117519"
"GO","GOCC_POSTSYNAPTIC_SPECIALIZATION",0.00111900801396242,0.0416369355524918,0.45505986738723,0.314524237742747,1.39812036331616,379,"ENSG00000186479;ENSG00000214575;ENSG00000103942;ENSG00000128594;ENSG00000188803;ENSG00000134569;ENSG00000125675;ENSG00000172020;ENSG00000162946;ENSG00000116329;ENSG00000115808;ENSG00000010810;ENSG00000151208;ENSG00000197959;ENSG00000164929;ENSG00000157193;ENSG00000189410;ENSG00000115183;ENSG00000137845;ENSG00000107362;ENSG00000160145;ENSG00000148943;ENSG00000116544;ENSG00000164305;ENSG00000125744;ENSG00000171992;ENSG00000128011;ENSG00000170579;ENSG00000100285;ENSG00000186716;ENSG00000135298;ENSG00000163110;ENSG00000161509;ENSG00000277363;ENSG00000052126;ENSG00000095713;ENSG00000129204;ENSG00000176749;ENSG00000116106;ENSG00000040933;ENSG00000146938;ENSG00000113758;ENSG00000115310;ENSG00000169032;ENSG00000118160;ENSG00000109738;ENSG00000175866;ENSG00000166342;ENSG00000179841;ENSG00000108852;ENSG00000162738;ENSG00000198785;ENSG00000100151;ENSG00000184985;ENSG00000138592;ENSG00000163637;ENSG00000137843;ENSG00000225968;ENSG00000138101;ENSG00000058404;ENSG00000107581;ENSG00000198739;ENSG00000163873;ENSG00000116675;ENSG00000165699;ENSG00000169220;ENSG00000107864;ENSG00000164742;ENSG00000166206;ENSG00000101463;ENSG00000131188;ENSG00000178568;ENSG00000100678;ENSG00000136754;ENSG00000104863;ENSG00000156011;ENSG00000149273;ENSG00000135333;ENSG00000131409;ENSG00000073969;ENSG00000144868;ENSG00000115904;ENSG00000174013;ENSG00000152377;ENSG00000144283;ENSG00000114030;ENSG00000135622;ENSG00000080845;ENSG00000152413;ENSG00000107186;ENSG00000082482;ENSG00000118596;ENSG00000198576;ENSG00000148700;ENSG00000105372;ENSG00000149970;ENSG00000108819;ENSG00000146006;ENSG00000176884;ENSG00000234965;ENSG00000157680;ENSG00000158258;ENSG00000136379;ENSG00000105426;ENSG00000077549;ENSG00000215045;ENSG00000171603;ENSG00000182771"
"GO","GOBP_NEUTRAL_LIPID_METABOLIC_PROCESS",0.00113196575517566,0.0416612613807042,0.45505986738723,0.403912064186573,1.58701619149795,130,"ENSG00000155189;ENSG00000100344;ENSG00000197208;ENSG00000197296;ENSG00000130208;ENSG00000084674;ENSG00000062282;ENSG00000119927;ENSG00000153933;ENSG00000077044;ENSG00000011198;ENSG00000106605;ENSG00000130164;ENSG00000102780;ENSG00000096717;ENSG00000184730;ENSG00000151726;ENSG00000173409;ENSG00000137642;ENSG00000163803;ENSG00000177666;ENSG00000274588;ENSG00000145335;ENSG00000091583;ENSG00000233276;ENSG00000103066;ENSG00000116171;ENSG00000136305;ENSG00000139921;ENSG00000123684;ENSG00000107798;ENSG00000142178;ENSG00000074416;ENSG00000138193;ENSG00000163686;ENSG00000149091;ENSG00000205423;ENSG00000100889;ENSG00000011009;ENSG00000125779;ENSG00000157680;ENSG00000177565;ENSG00000100997;ENSG00000186281;ENSG00000130304;ENSG00000131408;ENSG00000065357;ENSG00000058866;ENSG00000179295"
"GO","GOBP_AMIDE_METABOLIC_PROCESS",0.00112609207793462,0.0416612613807042,0.45505986738723,0.298638729276373,1.34741360372191,455,"ENSG00000163932;ENSG00000001084;ENSG00000168350;ENSG00000078124;ENSG00000134569;ENSG00000123983;ENSG00000168291;ENSG00000197296;ENSG00000113163;ENSG00000103056;ENSG00000172292;ENSG00000137845;ENSG00000068366;ENSG00000062282;ENSG00000113161;ENSG00000127125;ENSG00000175426;ENSG00000170522;ENSG00000119927;ENSG00000284917;ENSG00000116044;ENSG00000198964;ENSG00000164305;ENSG00000125744;ENSG00000166224;ENSG00000081181;ENSG00000130768;ENSG00000138074;ENSG00000023909;ENSG00000115525;ENSG00000164181;ENSG00000239672;ENSG00000135838;ENSG00000112972;ENSG00000149313;ENSG00000131844;ENSG00000160408;ENSG00000130164;ENSG00000110435;ENSG00000128242;ENSG00000113532;ENSG00000184227;ENSG00000116106;ENSG00000119537;ENSG00000169710;ENSG00000138413;ENSG00000078237;ENSG00000137992;ENSG00000115310;ENSG00000131473;ENSG00000151726;ENSG00000169242;ENSG00000152779;ENSG00000134202;ENSG00000206527;ENSG00000070610;ENSG00000137642;ENSG00000005469;ENSG00000158470;ENSG00000197601;ENSG00000179477;ENSG00000131828;ENSG00000198739;ENSG00000008513;ENSG00000157350;ENSG00000132356;ENSG00000136371;ENSG00000145335;ENSG00000182372;ENSG00000249948;ENSG00000120137;ENSG00000164951;ENSG00000162174;ENSG00000233276;ENSG00000103066;ENSG00000091140;ENSG00000178700;ENSG00000100577;ENSG00000151093;ENSG00000184381;ENSG00000134240;ENSG00000164933;ENSG00000082641;ENSG00000100714;ENSG00000149926;ENSG00000188611;ENSG00000196743;ENSG00000140557;ENSG00000151790;ENSG00000121578;ENSG00000136840;ENSG00000176170;ENSG00000131069;ENSG00000108039;ENSG00000167508;ENSG00000136143;ENSG00000205155;ENSG00000160305;ENSG00000066322;ENSG00000156017;ENSG00000100596;ENSG00000110921;ENSG00000177076;ENSG00000063176;ENSG00000125779;ENSG00000102743;ENSG00000142168;ENSG00000148834;ENSG00000023839;ENSG00000133433;ENSG00000103811;ENSG00000015413;ENSG00000158850;ENSG00000175198;ENSG00000164414;ENSG00000103222;ENSG00000146070;ENSG00000166741;ENSG00000127445;ENSG00000118137;ENSG00000004799;ENSG00000084207;ENSG00000131067;ENSG00000197977;ENSG00000137509;ENSG00000118402;ENSG00000085377;ENSG00000105855;ENSG00000150768;ENSG00000140564;ENSG00000145439;ENSG00000144746;ENSG00000204147;ENSG00000198793;ENSG00000170899;ENSG00000099984"
"GO","GOBP_DEVELOPMENTAL_CELL_GROWTH",0.00114835345359804,0.0420359437176535,0.45505986738723,0.349564482104002,1.47081960338934,223,"ENSG00000117152;ENSG00000053108;ENSG00000108830;ENSG00000145147;ENSG00000089057;ENSG00000141576;ENSG00000066084;ENSG00000116741;ENSG00000162946;ENSG00000163513;ENSG00000008086;ENSG00000187122;ENSG00000107562;ENSG00000186868;ENSG00000151615;ENSG00000160310;ENSG00000167178;ENSG00000103528;ENSG00000114554;ENSG00000198689;ENSG00000170017;ENSG00000163110;ENSG00000075213;ENSG00000112658;ENSG00000187688;ENSG00000213023;ENSG00000001617;ENSG00000135638;ENSG00000138623;ENSG00000127870;ENSG00000115310;ENSG00000144674;ENSG00000164934;ENSG00000060069;ENSG00000080371;ENSG00000085733;ENSG00000137843;ENSG00000198087;ENSG00000143199;ENSG00000039068;ENSG00000120332;ENSG00000135333;ENSG00000101665;ENSG00000198399;ENSG00000140557;ENSG00000130477;ENSG00000154059;ENSG00000144868;ENSG00000198742;ENSG00000135622;ENSG00000139233;ENSG00000187764;ENSG00000163539;ENSG00000163462;ENSG00000105426;ENSG00000179242;ENSG00000144550;ENSG00000114251;ENSG00000173166;ENSG00000106689;ENSG00000157833;ENSG00000067606;ENSG00000182197;ENSG00000100147"
"GO","GOBP_NEURON_FATE_COMMITMENT",0.0011924585682152,0.0434157495911469,0.45505986738723,0.492651183233726,1.71258821104723,62,"ENSG00000205927;ENSG00000115738;ENSG00000139352;ENSG00000125820;ENSG00000115844;ENSG00000130675;ENSG00000107187;ENSG00000152192;ENSG00000163497;ENSG00000168214;ENSG00000144355;ENSG00000164900;ENSG00000198719;ENSG00000182968;ENSG00000273604;ENSG00000184221;ENSG00000070831;ENSG00000142700;ENSG00000128917;ENSG00000129514;ENSG00000139445;ENSG00000074181;ENSG00000180818;ENSG00000016082;ENSG00000163501"
"GO","GOBP_REGULATION_OF_MACROAUTOPHAGY",0.00121592596974218,0.0440334260272409,0.45505986738723,0.35774651292861,1.48825271517171,197,"ENSG00000011465;ENSG00000151929;ENSG00000171100;ENSG00000150867;ENSG00000077721;ENSG00000151502;ENSG00000154277;ENSG00000112425;ENSG00000165943;ENSG00000149212;ENSG00000145016;ENSG00000213585;ENSG00000164305;ENSG00000162409;ENSG00000100644;ENSG00000114573;ENSG00000148158;ENSG00000196850;ENSG00000080546;ENSG00000159399;ENSG00000129515;ENSG00000163251;ENSG00000176749;ENSG00000160803;ENSG00000096717;ENSG00000130766;ENSG00000102096;ENSG00000078237;ENSG00000065135;ENSG00000085733;ENSG00000158828;ENSG00000165699;ENSG00000112234;ENSG00000204977;ENSG00000055130;ENSG00000143199;ENSG00000126247;ENSG00000078142;ENSG00000163820;ENSG00000198382;ENSG00000183735;ENSG00000014123;ENSG00000104312;ENSG00000087470;ENSG00000115317;ENSG00000047249;ENSG00000135018;ENSG00000005022;ENSG00000159720;ENSG00000100596;ENSG00000118873;ENSG00000152137;ENSG00000147416;ENSG00000136888;ENSG00000048707;ENSG00000182473;ENSG00000197386;ENSG00000121879;ENSG00000095787;ENSG00000115233;ENSG00000148356;ENSG00000129003;ENSG00000104765;ENSG00000269335;ENSG00000116903;ENSG00000155097;ENSG00000198793;ENSG00000077254;ENSG00000100292;ENSG00000196455;ENSG00000040633;ENSG00000178996;ENSG00000145782;ENSG00000004142;ENSG00000261832;ENSG00000105701;ENSG00000185883;ENSG00000100387;ENSG00000175193;ENSG00000169252;ENSG00000105401"
"GO","GOBP_REGULATION_OF_NUCLEAR_DIVISION",0.00122954211215477,0.0440553395953022,0.45505986738723,-0.41374830167241,-1.5940085184681,147,"ENSG00000254647;ENSG00000167244;ENSG00000179218;ENSG00000164754;ENSG00000089685;ENSG00000071539;ENSG00000174808;ENSG00000161888;ENSG00000197181;ENSG00000099910;ENSG00000136014;ENSG00000172113;ENSG00000112029;ENSG00000126215;ENSG00000156509;ENSG00000154839;ENSG00000137090;ENSG00000152253;ENSG00000117650;ENSG00000172167;ENSG00000168589;ENSG00000172572;ENSG00000185513;ENSG00000178999;ENSG00000127564;ENSG00000159899;ENSG00000125378;ENSG00000110200;ENSG00000149503;ENSG00000164256;ENSG00000120129;ENSG00000044090;ENSG00000080986;ENSG00000158806;ENSG00000159069;ENSG00000137804;ENSG00000113721;ENSG00000116670;ENSG00000135476;ENSG00000078401;ENSG00000174442;ENSG00000158402;ENSG00000136122"
"GO","GOBP_PHOSPHOLIPID_BIOSYNTHETIC_PROCESS",0.00122610092639495,0.0440553395953022,0.45505986738723,0.340811422804422,1.45398195413383,250,"ENSG00000161905;ENSG00000178773;ENSG00000155189;ENSG00000100344;ENSG00000129219;ENSG00000123983;ENSG00000171100;ENSG00000150867;ENSG00000197296;ENSG00000100564;ENSG00000113163;ENSG00000123892;ENSG00000070748;ENSG00000067064;ENSG00000159082;ENSG00000120437;ENSG00000113161;ENSG00000162769;ENSG00000198825;ENSG00000119927;ENSG00000198964;ENSG00000204385;ENSG00000153933;ENSG00000077044;ENSG00000011198;ENSG00000110721;ENSG00000122591;ENSG00000112972;ENSG00000100311;ENSG00000160752;ENSG00000038210;ENSG00000163624;ENSG00000102780;ENSG00000145675;ENSG00000139163;ENSG00000040933;ENSG00000122335;ENSG00000138413;ENSG00000132294;ENSG00000011405;ENSG00000188313;ENSG00000003987;ENSG00000197601;ENSG00000051382;ENSG00000158201;ENSG00000274588;ENSG00000112367;ENSG00000107242;ENSG00000109452;ENSG00000153395;ENSG00000155744;ENSG00000164300;ENSG00000078142;ENSG00000116171;ENSG00000198382;ENSG00000063601;ENSG00000134240;ENSG00000123684;ENSG00000175283;ENSG00000176095;ENSG00000111666;ENSG00000176454;ENSG00000165195;ENSG00000151689;ENSG00000116906;ENSG00000167508;ENSG00000277161;ENSG00000149091;ENSG00000241878;ENSG00000138018;ENSG00000100596;ENSG00000110921;ENSG00000063176;ENSG00000157680;ENSG00000121879;ENSG00000103043;ENSG00000186111;ENSG00000161395;ENSG00000171608;ENSG00000118137;ENSG00000153989;ENSG00000186281"
"GO","GOCC_APICAL_PLASMA_MEMBRANE",0.00129807409895062,0.0462660936741769,0.45505986738723,-0.331338791458624,-1.41328253293826,388,"ENSG00000166900;ENSG00000112759;ENSG00000099246;ENSG00000213853;ENSG00000172367;ENSG00000198569;ENSG00000137474;ENSG00000117394;ENSG00000050405;ENSG00000135835;ENSG00000166126;ENSG00000157087;ENSG00000163347;ENSG00000005471;ENSG00000152556;ENSG00000117448;ENSG00000101850;ENSG00000186204;ENSG00000197822;ENSG00000110719;ENSG00000168060;ENSG00000170482;ENSG00000141736;ENSG00000196517;ENSG00000138821;ENSG00000110324;ENSG00000132874;ENSG00000132744;ENSG00000141526;ENSG00000173898;ENSG00000091137;ENSG00000164638;ENSG00000123643;ENSG00000079385;ENSG00000148942;ENSG00000152683;ENSG00000186115;ENSG00000204305;ENSG00000162572;ENSG00000155897;ENSG00000138079;ENSG00000186193;ENSG00000164038;ENSG00000232434;ENSG00000088836;ENSG00000099330;ENSG00000169860;ENSG00000168003;ENSG00000091513;ENSG00000100170;ENSG00000174358;ENSG00000168065;ENSG00000124568;ENSG00000099834;ENSG00000178184;ENSG00000133116;ENSG00000110911;ENSG00000092068;ENSG00000042781;ENSG00000004838;ENSG00000196581;ENSG00000144290;ENSG00000134376;ENSG00000115414;ENSG00000130234;ENSG00000105974;ENSG00000080031;ENSG00000001626;ENSG00000163581;ENSG00000137204;ENSG00000021488;ENSG00000074276;ENSG00000175003;ENSG00000135517;ENSG00000147003;ENSG00000007216;ENSG00000196961;ENSG00000106688;ENSG00000071967;ENSG00000197635;ENSG00000140675;ENSG00000115850"
"GO","GOBP_PROTEIN_LOCALIZATION_TO_CILIUM",0.00131668435476351,0.0466836986935,0.45505986738723,-0.467832333071574,-1.68100729811286,89,"ENSG00000163818;ENSG00000167461;ENSG00000158163;ENSG00000110047;ENSG00000155755;ENSG00000168778;ENSG00000086300;ENSG00000204852;ENSG00000174483;ENSG00000187535;ENSG00000168374;ENSG00000168026;ENSG00000119977;ENSG00000119509;ENSG00000205084;ENSG00000109083;ENSG00000058453;ENSG00000004838;ENSG00000214413;ENSG00000114547;ENSG00000157796;ENSG00000179029;ENSG00000140463;ENSG00000164953;ENSG00000131697;ENSG00000100554;ENSG00000029725;ENSG00000048342;ENSG00000144061;ENSG00000156345;ENSG00000103494;ENSG00000148019;ENSG00000108641;ENSG00000163913;ENSG00000148384"
"GO","GOBP_ACTIN_FILAMENT_POLYMERIZATION",0.00132652484334879,0.0467876366622813,0.45505986738723,0.381584653540154,1.52613895540845,147,"ENSG00000161905;ENSG00000163932;ENSG00000096968;ENSG00000145147;ENSG00000145715;ENSG00000042493;ENSG00000103187;ENSG00000159753;ENSG00000138594;ENSG00000165527;ENSG00000160460;ENSG00000146376;ENSG00000151239;ENSG00000006453;ENSG00000156735;ENSG00000204472;ENSG00000070182;ENSG00000197256;ENSG00000128872;ENSG00000198898;ENSG00000175866;ENSG00000070610;ENSG00000130340;ENSG00000085733;ENSG00000108518;ENSG00000079691;ENSG00000137710;ENSG00000167617;ENSG00000163466;ENSG00000198087;ENSG00000107104;ENSG00000124126;ENSG00000136950;ENSG00000197694;ENSG00000066777;ENSG00000164327;ENSG00000197872;ENSG00000158092;ENSG00000132970;ENSG00000136842"
"GO","GOBP_EXOCYTOSIS",0.00135304945801949,0.047475911552891,0.45505986738723,0.311415879984187,1.37342148655874,349,"ENSG00000147041;ENSG00000099940;ENSG00000137575;ENSG00000164326;ENSG00000164099;ENSG00000100321;ENSG00000145920;ENSG00000166128;ENSG00000133026;ENSG00000103056;ENSG00000163032;ENSG00000197747;ENSG00000159082;ENSG00000134207;ENSG00000198722;ENSG00000165646;ENSG00000148943;ENSG00000091428;ENSG00000103528;ENSG00000006451;ENSG00000112685;ENSG00000138814;ENSG00000089169;ENSG00000186716;ENSG00000171450;ENSG00000011347;ENSG00000129515;ENSG00000145087;ENSG00000277363;ENSG00000189171;ENSG00000127955;ENSG00000213023;ENSG00000177380;ENSG00000129472;ENSG00000125814;ENSG00000168952;ENSG00000206418;ENSG00000119541;ENSG00000156675;ENSG00000007516;ENSG00000119508;ENSG00000111450;ENSG00000132294;ENSG00000011405;ENSG00000198794;ENSG00000084733;ENSG00000080371;ENSG00000100345;ENSG00000116266;ENSG00000144566;ENSG00000185236;ENSG00000145335;ENSG00000114646;ENSG00000143553;ENSG00000101298;ENSG00000160014;ENSG00000099625;ENSG00000066336;ENSG00000164506;ENSG00000104863;ENSG00000276045;ENSG00000188372;ENSG00000115138;ENSG00000066777;ENSG00000168993;ENSG00000073969;ENSG00000130477;ENSG00000110723;ENSG00000205726;ENSG00000174013;ENSG00000124145;ENSG00000085365;ENSG00000197562;ENSG00000099365;ENSG00000047621;ENSG00000148408;ENSG00000168356;ENSG00000063176;ENSG00000101152;ENSG00000172575;ENSG00000163539;ENSG00000157404;ENSG00000182473;ENSG00000172007;ENSG00000101098;ENSG00000074054;ENSG00000138078;ENSG00000171564;ENSG00000050438;ENSG00000138190;ENSG00000178750;ENSG00000186111;ENSG00000129990;ENSG00000167964;ENSG00000000938;ENSG00000108387;ENSG00000171608;ENSG00000182389;ENSG00000049245;ENSG00000110395;ENSG00000184811;ENSG00000176108;ENSG00000102225;ENSG00000054793;ENSG00000122574;ENSG00000116903;ENSG00000073350;ENSG00000132612;ENSG00000084652;ENSG00000170743;ENSG00000143545;ENSG00000136286;ENSG00000118640;ENSG00000149269;ENSG00000114353;ENSG00000141542;ENSG00000177238;ENSG00000104164;ENSG00000167851;ENSG00000166747;ENSG00000172794;ENSG00000108639;ENSG00000204642"
"GO","GOMF_ELECTRON_TRANSFER_ACTIVITY",0.00136161594128984,0.0475302224454372,0.45505986738723,0.421557765159532,1.62209867871584,111,"ENSG00000178445;ENSG00000171503;ENSG00000145545;ENSG00000189043;ENSG00000082212;ENSG00000132837;ENSG00000051523;ENSG00000140374;ENSG00000267855;ENSG00000178127;ENSG00000169021;ENSG00000147684;ENSG00000197894;ENSG00000267673;ENSG00000073578;ENSG00000229344;ENSG00000101365;ENSG00000151552;ENSG00000178741;ENSG00000137714;ENSG00000119421;ENSG00000162496;ENSG00000111275;ENSG00000130414;ENSG00000166136;ENSG00000159423;ENSG00000131495;ENSG00000226085;ENSG00000170906;ENSG00000143252;ENSG00000023228;ENSG00000184752;ENSG00000139180;ENSG00000151366;ENSG00000042286;ENSG00000172115;ENSG00000176153;ENSG00000184983;ENSG00000053371;ENSG00000131174;ENSG00000173660;ENSG00000198804;ENSG00000158517;ENSG00000160194"
"GO","GOBP_MONOCYTE_CHEMOTAXIS",0.00137746651325403,0.0476901402212828,0.45505986738723,0.565586279641011,1.81332564616355,41,"ENSG00000136999;ENSG00000145147;ENSG00000141655;ENSG00000100600;ENSG00000120659;ENSG00000107562;ENSG00000204472;ENSG00000158747;ENSG00000100311;ENSG00000160712;ENSG00000166923;ENSG00000189377;ENSG00000178623;ENSG00000108691;ENSG00000130150;ENSG00000105372;ENSG00000131981;ENSG00000146070"
"GO","GOCC_CYTOPLASMIC_SIDE_OF_PLASMA_MEMBRANE",0.00138028167208674,0.0476901402212828,0.45505986738723,0.382293240033383,1.54784703022447,158,"ENSG00000161905;ENSG00000117152;ENSG00000096968;ENSG00000091844;ENSG00000116741;ENSG00000189067;ENSG00000133026;ENSG00000171700;ENSG00000073712;ENSG00000159753;ENSG00000049283;ENSG00000081237;ENSG00000134207;ENSG00000088179;ENSG00000138814;ENSG00000147457;ENSG00000117868;ENSG00000070182;ENSG00000127955;ENSG00000186469;ENSG00000082512;ENSG00000120063;ENSG00000133703;ENSG00000242616;ENSG00000080371;ENSG00000179841;ENSG00000065135;ENSG00000100345;ENSG00000108669;ENSG00000158220;ENSG00000087460;ENSG00000114450;ENSG00000183020;ENSG00000039068;ENSG00000184047;ENSG00000196743;ENSG00000144283;ENSG00000164695;ENSG00000115317;ENSG00000169282;ENSG00000108819;ENSG00000157404;ENSG00000105559;ENSG00000135824;ENSG00000158352;ENSG00000083799;ENSG00000182389;ENSG00000185482;ENSG00000070159;ENSG00000169895;ENSG00000102225;ENSG00000258469;ENSG00000182132;ENSG00000162188;ENSG00000178996;ENSG00000114353"
"GO","GOBP_REGULATION_OF_MUSCLE_SYSTEM_PROCESS",0.00143265381740806,0.0492483840177024,0.45505986738723,0.34575461363931,1.46520955378293,233,"ENSG00000117152;ENSG00000128512;ENSG00000164326;ENSG00000104369;ENSG00000116741;ENSG00000096696;ENSG00000116285;ENSG00000143153;ENSG00000198947;ENSG00000067191;ENSG00000057294;ENSG00000181965;ENSG00000151239;ENSG00000157445;ENSG00000138814;ENSG00000133019;ENSG00000119782;ENSG00000169836;ENSG00000070961;ENSG00000112658;ENSG00000127955;ENSG00000088832;ENSG00000074800;ENSG00000119508;ENSG00000068305;ENSG00000169032;ENSG00000060069;ENSG00000080824;ENSG00000196839;ENSG00000156804;ENSG00000085733;ENSG00000134352;ENSG00000087460;ENSG00000058404;ENSG00000183873;ENSG00000134755;ENSG00000164116;ENSG00000113389;ENSG00000143199;ENSG00000092051;ENSG00000160014;ENSG00000140939;ENSG00000100678;ENSG00000138622;ENSG00000116030;ENSG00000170214;ENSG00000101665;ENSG00000168743;ENSG00000183576;ENSG00000185149;ENSG00000075142;ENSG00000141052;ENSG00000176170;ENSG00000006071;ENSG00000080644;ENSG00000105887;ENSG00000028137;ENSG00000105048;ENSG00000090020;ENSG00000118689;ENSG00000142168;ENSG00000163794;ENSG00000130529;ENSG00000157404;ENSG00000148834;ENSG00000109255"
"GO","GOBP_FOREBRAIN_GENERATION_OF_NEURONS",0.00144479105830293,0.0494147729637751,0.45505986738723,0.444364974704963,1.63190754959196,85,"ENSG00000172201;ENSG00000145147;ENSG00000154642;ENSG00000162946;ENSG00000116254;ENSG00000139352;ENSG00000138685;ENSG00000187122;ENSG00000115844;ENSG00000114554;ENSG00000109756;ENSG00000135638;ENSG00000144355;ENSG00000177551;ENSG00000171540;ENSG00000169136;ENSG00000182968;ENSG00000066468;ENSG00000178568;ENSG00000114315;ENSG00000164405;ENSG00000117707;ENSG00000170381;ENSG00000173376;ENSG00000165819;ENSG00000004848;ENSG00000170315;ENSG00000107831"
"GO","GOBP_MITOCHONDRIAL_LARGE_RIBOSOMAL_SUBUNIT_ASSEMBLY",0.00147565247129066,0.0494708838395066,0.45505986738723,0.728812013992236,1.83789721127668,15,"ENSG00000171861;ENSG00000178605;ENSG00000178952;ENSG00000274523;ENSG00000182810;ENSG00000105793;ENSG00000122085;ENSG00000118246;ENSG00000132153;ENSG00000117481"
"GO","GOBP_TRANSCRIPTION_BY_RNA_POLYMERASE_III",0.00145487058908331,0.0494708838395066,0.45505986738723,0.486222120192584,1.69023905621506,62,"ENSG00000105656;ENSG00000165732;ENSG00000171453;ENSG00000113356;ENSG00000100142;ENSG00000116747;ENSG00000168495;ENSG00000132382;ENSG00000155115;ENSG00000119041;ENSG00000174953;ENSG00000116679;ENSG00000112592;ENSG00000177700;ENSG00000251247;ENSG00000225830;ENSG00000163882;ENSG00000077235;ENSG00000023608;ENSG00000100888;ENSG00000009954;ENSG00000161980;ENSG00000115524;ENSG00000164975;ENSG00000122034;ENSG00000198793;ENSG00000186141;ENSG00000164151;ENSG00000013503"
"GO","GOBP_PROTEIN_N_LINKED_GLYCOSYLATION",0.00147273313108475,0.0494708838395066,0.45505986738723,-0.464992394500051,-1.67080287843631,89,"ENSG00000099958;ENSG00000134910;ENSG00000130175;ENSG00000136731;ENSG00000089597;ENSG00000163902;ENSG00000140650;ENSG00000198856;ENSG00000102158;ENSG00000196547;ENSG00000138821;ENSG00000172269;ENSG00000071073;ENSG00000244038;ENSG00000088035;ENSG00000161013;ENSG00000234776;ENSG00000128039;ENSG00000163527;ENSG00000120697;ENSG00000214160;ENSG00000198380;ENSG00000013375;ENSG00000182858;ENSG00000167280;ENSG00000114745;ENSG00000073849;ENSG00000117682;ENSG00000033011;ENSG00000115275;ENSG00000159063"
"GO","GOBP_POSITIVE_REGULATION_OF_MACROAUTOPHAGY",0.00147238907317517,0.0494708838395066,0.45505986738723,0.439817517373804,1.65099361875212,95,"ENSG00000011465;ENSG00000151929;ENSG00000150867;ENSG00000077721;ENSG00000112425;ENSG00000165943;ENSG00000149212;ENSG00000213585;ENSG00000162409;ENSG00000100644;ENSG00000148158;ENSG00000080546;ENSG00000159399;ENSG00000096717;ENSG00000130766;ENSG00000102096;ENSG00000065135;ENSG00000158828;ENSG00000204977;ENSG00000163820;ENSG00000198382;ENSG00000183735;ENSG00000014123;ENSG00000104312;ENSG00000005022;ENSG00000100596;ENSG00000118873;ENSG00000152137;ENSG00000048707;ENSG00000197386;ENSG00000095787;ENSG00000148356;ENSG00000104765;ENSG00000269335;ENSG00000077254;ENSG00000100292;ENSG00000178996"
"GO","GOBP_PROTEIN_LOCALIZATION_TO_ENDOPLASMIC_RETICULUM",0.00149577076111795,0.0498983231245851,0.45505986738723,-0.617135027293044,-1.83415159971578,33,"ENSG00000044574;ENSG00000135506;ENSG00000136240;ENSG00000142208;ENSG00000198171;ENSG00000100196;ENSG00000105438;ENSG00000234776;ENSG00000087074;ENSG00000188906;ENSG00000197858"
"KEGG","KEGG_PROTEASOME",2.93532843314759e-05,0.00543035760132304,0.575610261071129,0.628841591885802,2.02802429928446,42,"ENSG00000131467;ENSG00000100804;ENSG00000100764;ENSG00000197170;ENSG00000204264;ENSG00000100519;ENSG00000041357;ENSG00000126067;ENSG00000173692;ENSG00000100567;ENSG00000101182;ENSG00000087191;ENSG00000013275;ENSG00000103035;ENSG00000008018;ENSG00000115233;ENSG00000185627;ENSG00000108671;ENSG00000127922;ENSG00000159352;ENSG00000129084;ENSG00000132963;ENSG00000240065;ENSG00000068878;ENSG00000099341;ENSG00000205220;ENSG00000106588;ENSG00000165916"
"KEGG","KEGG_TGF_BETA_SIGNALING_PATHWAY",0.000577719945849003,0.0356260633273552,0.477270815362862,0.467090627083923,1.70801481613586,82,"ENSG00000120693;ENSG00000172201;ENSG00000137834;ENSG00000011465;ENSG00000117318;ENSG00000137713;ENSG00000115738;ENSG00000157077;ENSG00000163513;ENSG00000125968;ENSG00000147883;ENSG00000153162;ENSG00000113575;ENSG00000121989;ENSG00000113296;ENSG00000108443;ENSG00000133740"
"KEGG","KEGG_PARKINSONS_DISEASE",0.00041827492146043,0.0356260633273552,0.49849310876659,0.415023043046102,1.62885516354303,127,"ENSG00000198833;ENSG00000154277;ENSG00000152234;ENSG00000165646;ENSG00000132388;ENSG00000189043;ENSG00000213585;ENSG00000164305;ENSG00000267855;ENSG00000178127;ENSG00000169021;ENSG00000147684;ENSG00000073578;ENSG00000178741;ENSG00000158828;ENSG00000119421;ENSG00000145335;ENSG00000156467;ENSG00000130414;ENSG00000166136;ENSG00000185633;ENSG00000130985;ENSG00000131495;ENSG00000110955;ENSG00000170906;ENSG00000164405;ENSG00000115317;ENSG00000143252;ENSG00000005022;ENSG00000023228;ENSG00000116459;ENSG00000170315;ENSG00000139180;ENSG00000241837;ENSG00000151366;ENSG00000172115;ENSG00000171497;ENSG00000111775;ENSG00000120868;ENSG00000184983;ENSG00000116288;ENSG00000131174;ENSG00000132906;ENSG00000173660;ENSG00000165637;ENSG00000198804;ENSG00000160194"
"REACTOME","REACTOME_RRNA_PROCESSING",9.42206154309565e-11,1.33039508988511e-07,0.839088935621274,0.498208774196161,2.08536029167838,210,"ENSG00000120800;ENSG00000086189;ENSG00000165732;ENSG00000150990;ENSG00000138442;ENSG00000167721;ENSG00000162408;ENSG00000171824;ENSG00000120158;ENSG00000278053;ENSG00000126749;ENSG00000071462;ENSG00000011260;ENSG00000163811;ENSG00000178896;ENSG00000136891;ENSG00000183520;ENSG00000141101;ENSG00000111641;ENSG00000039123;ENSG00000124541;ENSG00000119285;ENSG00000135372;ENSG00000066654;ENSG00000065183;ENSG00000174748;ENSG00000164934;ENSG00000171861;ENSG00000108592;ENSG00000261236;ENSG00000112578;ENSG00000160214;ENSG00000124784;ENSG00000274523;ENSG00000189306;ENSG00000253797;ENSG00000134987;ENSG00000182117;ENSG00000130826;ENSG00000213782;ENSG00000135521;ENSG00000132603;ENSG00000165271;ENSG00000107371;ENSG00000115053;ENSG00000001497;ENSG00000124787;ENSG00000149273;ENSG00000183751;ENSG00000083520;ENSG00000130713;ENSG00000083845;ENSG00000122085;ENSG00000156990;ENSG00000233927;ENSG00000115946;ENSG00000137818;ENSG00000167112;ENSG00000037241;ENSG00000105372;ENSG00000156697;ENSG00000118246;ENSG00000108107;ENSG00000165526;ENSG00000135698;ENSG00000006744;ENSG00000241945;ENSG00000100029;ENSG00000087269;ENSG00000111615;ENSG00000141551;ENSG00000197223;ENSG00000227057;ENSG00000117395;ENSG00000117481;ENSG00000101361;ENSG00000055044;ENSG00000115368;ENSG00000109534;ENSG00000165733;ENSG00000114767;ENSG00000198242;ENSG00000213741;ENSG00000130935;ENSG00000108651;ENSG00000065268;ENSG00000105671;ENSG00000118181;ENSG00000221983;ENSG00000089009;ENSG00000072506;ENSG00000142541;ENSG00000177600;ENSG00000132467;ENSG00000100138;ENSG00000177954;ENSG00000124383;ENSG00000122687;ENSG00000101782;ENSG00000141456;ENSG00000229117;ENSG00000278619;ENSG00000170889;ENSG00000168028;ENSG00000197728;ENSG00000223496;ENSG00000165502;ENSG00000197756"
"REACTOME","REACTOME_RRNA_MODIFICATION_IN_THE_NUCLEUS_AND_CYTOSOL",1.92807812675787e-09,1.36122315749106e-06,0.774939030136436,0.677496172078606,2.34715069103825,60,"ENSG00000120800;ENSG00000086189;ENSG00000150990;ENSG00000120158;ENSG00000278053;ENSG00000126749;ENSG00000071462;ENSG00000011260;ENSG00000163811;ENSG00000183520;ENSG00000111641;ENSG00000124541;ENSG00000119285;ENSG00000135372;ENSG00000066654;ENSG00000065183;ENSG00000164934;ENSG00000189306;ENSG00000253797;ENSG00000134987;ENSG00000182117;ENSG00000130826;ENSG00000213782;ENSG00000165271;ENSG00000183751;ENSG00000115946;ENSG00000156697;ENSG00000241945;ENSG00000087269;ENSG00000111615;ENSG00000227057;ENSG00000101361;ENSG00000055044;ENSG00000115368;ENSG00000109534;ENSG00000165733;ENSG00000114767;ENSG00000130935;ENSG00000108651;ENSG00000105671;ENSG00000132467;ENSG00000100138;ENSG00000124383"
"REACTOME","REACTOME_TRANSLATION",4.90063696335581e-09,2.30656646408614e-06,0.761460801445585,0.404505811556078,1.79696815179829,368,"ENSG00000134001;ENSG00000061794;ENSG00000070756;ENSG00000135900;ENSG00000072401;ENSG00000113407;ENSG00000137547;ENSG00000103342;ENSG00000114686;ENSG00000100804;ENSG00000109332;ENSG00000115364;ENSG00000108826;ENSG00000143436;ENSG00000123297;ENSG00000198015;ENSG00000100764;ENSG00000164163;ENSG00000197170;ENSG00000139131;ENSG00000179271;ENSG00000103707;ENSG00000166902;ENSG00000174748;ENSG00000159111;ENSG00000100519;ENSG00000168827;ENSG00000243927;ENSG00000103671;ENSG00000106263;ENSG00000041357;ENSG00000158042;ENSG00000132313;ENSG00000112031;ENSG00000178952;ENSG00000115211;ENSG00000107581;ENSG00000154582;ENSG00000065427;ENSG00000070785;ENSG00000170445;ENSG00000126067;ENSG00000173692;ENSG00000106591;ENSG00000182154;ENSG00000101210;ENSG00000124802;ENSG00000100567;ENSG00000090263;ENSG00000196305;ENSG00000138777;ENSG00000134056;ENSG00000158417;ENSG00000112339;ENSG00000184110;ENSG00000082515;ENSG00000101182;ENSG00000161960;ENSG00000133706;ENSG00000187840;ENSG00000149273;ENSG00000087191;ENSG00000062582;ENSG00000137513;ENSG00000116221;ENSG00000112110;ENSG00000181991;ENSG00000115866;ENSG00000083845;ENSG00000143314;ENSG00000262814;ENSG00000165525;ENSG00000233927;ENSG00000173141;ENSG00000013275;ENSG00000137818;ENSG00000132676;ENSG00000096080;ENSG00000243147;ENSG00000037241;ENSG00000105372;ENSG00000170315;ENSG00000103035;ENSG00000259494;ENSG00000108107;ENSG00000155463;ENSG00000152684;ENSG00000100335;ENSG00000104131;ENSG00000008018;ENSG00000128626;ENSG00000125445;ENSG00000151247;ENSG00000031698;ENSG00000115233;ENSG00000085760;ENSG00000104408;ENSG00000185608;ENSG00000169288;ENSG00000124608;ENSG00000185627;ENSG00000242485;ENSG00000180817;ENSG00000108671;ENSG00000120705;ENSG00000063046;ENSG00000163743;ENSG00000106105;ENSG00000167862;ENSG00000247626;ENSG00000145191;ENSG00000144029;ENSG00000106682;ENSG00000198242;ENSG00000213741;ENSG00000127922;ENSG00000132591;ENSG00000185414;ENSG00000204316;ENSG00000166562;ENSG00000129084;ENSG00000118181;ENSG00000198862;ENSG00000149100;ENSG00000198804;ENSG00000134440;ENSG00000221983;ENSG00000089009;ENSG00000142541;ENSG00000111639;ENSG00000100387;ENSG00000131368;ENSG00000145982;ENSG00000153037;ENSG00000197345;ENSG00000179115;ENSG00000174780;ENSG00000177600;ENSG00000103356;ENSG00000154719;ENSG00000177954;ENSG00000116120;ENSG00000175110;ENSG00000182934;ENSG00000173674;ENSG00000100325;ENSG00000229117;ENSG00000084623;ENSG00000099341;ENSG00000112996;ENSG00000170889;ENSG00000168028;ENSG00000197728;ENSG00000070010;ENSG00000165502;ENSG00000197756;ENSG00000172586"
"REACTOME","REACTOME_UNFOLDED_PROTEIN_RESPONSE_UPR",7.27780464500922e-09,2.56906503968825e-06,0.761460801445585,-0.628684451919438,-2.2659164966446,92,"ENSG00000044574;ENSG00000166598;ENSG00000149428;ENSG00000102580;ENSG00000175197;ENSG00000143870;ENSG00000051108;ENSG00000090520;ENSG00000172795;ENSG00000179218;ENSG00000143578;ENSG00000172071;ENSG00000100219;ENSG00000162298;ENSG00000124783;ENSG00000128272;ENSG00000160691;ENSG00000128590;ENSG00000118217;ENSG00000184205;ENSG00000100196;ENSG00000213676;ENSG00000106080;ENSG00000169429;ENSG00000120837;ENSG00000001167;ENSG00000178607;ENSG00000144867;ENSG00000172216;ENSG00000198380;ENSG00000108433;ENSG00000138674;ENSG00000044090;ENSG00000101199;ENSG00000107175;ENSG00000243708"
"REACTOME","REACTOME_MITOCHONDRIAL_TRANSLATION_ELONGATION",1.56263830124754e-07,3.6774088022692e-05,0.690132458796796,0.572947119851574,2.12629858241367,89,"ENSG00000061794;ENSG00000135900;ENSG00000137547;ENSG00000114686;ENSG00000115364;ENSG00000108826;ENSG00000143436;ENSG00000123297;ENSG00000198015;ENSG00000179271;ENSG00000166902;ENSG00000159111;ENSG00000168827;ENSG00000243927;ENSG00000158042;ENSG00000132313;ENSG00000178952;ENSG00000106591;ENSG00000182154;ENSG00000090263;ENSG00000134056;ENSG00000082515;ENSG00000062582;ENSG00000116221;ENSG00000112110;ENSG00000181991;ENSG00000143314;ENSG00000262814;ENSG00000173141;ENSG00000132676;ENSG00000096080;ENSG00000243147;ENSG00000259494;ENSG00000155463;ENSG00000128626;ENSG00000125445;ENSG00000185608;ENSG00000169288;ENSG00000242485;ENSG00000167862;ENSG00000144029;ENSG00000132591;ENSG00000185414;ENSG00000204316;ENSG00000111639;ENSG00000131368;ENSG00000197345;ENSG00000154719;ENSG00000175110"
"REACTOME","REACTOME_HIV_INFECTION",1.37372651874034e-07,3.6774088022692e-05,0.690132458796796,0.449716239868516,1.89020281884958,217,"ENSG00000197265;ENSG00000105656;ENSG00000153767;ENSG00000155975;ENSG00000010810;ENSG00000100142;ENSG00000174405;ENSG00000100804;ENSG00000147457;ENSG00000011007;ENSG00000101158;ENSG00000166266;ENSG00000108559;ENSG00000100764;ENSG00000069248;ENSG00000119541;ENSG00000141971;ENSG00000152056;ENSG00000197170;ENSG00000196814;ENSG00000137309;ENSG00000086065;ENSG00000060069;ENSG00000100519;ENSG00000041357;ENSG00000196262;ENSG00000085415;ENSG00000108424;ENSG00000166167;ENSG00000120656;ENSG00000154582;ENSG00000113569;ENSG00000093000;ENSG00000126067;ENSG00000173692;ENSG00000163002;ENSG00000100567;ENSG00000112592;ENSG00000182866;ENSG00000183020;ENSG00000239713;ENSG00000145736;ENSG00000139722;ENSG00000101182;ENSG00000104884;ENSG00000177700;ENSG00000087191;ENSG00000101654;ENSG00000164695;ENSG00000064313;ENSG00000114030;ENSG00000047249;ENSG00000163882;ENSG00000013275;ENSG00000005022;ENSG00000180198;ENSG00000136937;ENSG00000124789;ENSG00000165417;ENSG00000170315;ENSG00000165006;ENSG00000103035;ENSG00000213246;ENSG00000008018;ENSG00000176428;ENSG00000110768;ENSG00000164985;ENSG00000115233;ENSG00000165632;ENSG00000030066;ENSG00000140307;ENSG00000121966;ENSG00000185627;ENSG00000132341;ENSG00000108671;ENSG00000181163;ENSG00000176108;ENSG00000153201;ENSG00000083937;ENSG00000136243;ENSG00000140564;ENSG00000132612;ENSG00000166710;ENSG00000204356;ENSG00000020426;ENSG00000127922;ENSG00000058804;ENSG00000197780;ENSG00000141384;ENSG00000166747;ENSG00000129084;ENSG00000095319;ENSG00000114503;ENSG00000221983;ENSG00000072958;ENSG00000100387"
"REACTOME","REACTOME_MITOCHONDRIAL_TRANSLATION",6.16937267583639e-07,0.000124445060261157,0.659444398037935,0.520531533777094,2.00915084750225,114,"ENSG00000061794;ENSG00000135900;ENSG00000137547;ENSG00000114686;ENSG00000115364;ENSG00000108826;ENSG00000143436;ENSG00000123297;ENSG00000198015;ENSG00000179271;ENSG00000103707;ENSG00000166902;ENSG00000159111;ENSG00000168827;ENSG00000243927;ENSG00000158042;ENSG00000132313;ENSG00000112031;ENSG00000178952;ENSG00000106591;ENSG00000182154;ENSG00000090263;ENSG00000134056;ENSG00000082515;ENSG00000062582;ENSG00000116221;ENSG00000112110;ENSG00000181991;ENSG00000143314;ENSG00000262814;ENSG00000173141;ENSG00000132676;ENSG00000096080;ENSG00000243147;ENSG00000259494;ENSG00000155463;ENSG00000100335;ENSG00000128626;ENSG00000125445;ENSG00000085760;ENSG00000185608;ENSG00000169288;ENSG00000242485;ENSG00000167862;ENSG00000144029;ENSG00000132591;ENSG00000185414;ENSG00000204316;ENSG00000198804;ENSG00000111639;ENSG00000131368;ENSG00000197345;ENSG00000154719;ENSG00000175110"
"REACTOME","REACTOME_MATURATION_OF_DENV_PROTEINS",9.87191447238846e-07,0.000174239290437656,0.643551836150722,-0.666785179871385,-2.1647869785551,52,"ENSG00000044574;ENSG00000149428;ENSG00000102580;ENSG00000134910;ENSG00000090520;ENSG00000127022;ENSG00000179218;ENSG00000167004;ENSG00000185624;ENSG00000163902;ENSG00000198856;ENSG00000102158;ENSG00000244038"
"REACTOME","REACTOME_IRE1ALPHA_ACTIVATES_CHAPERONES",1.80055162452494e-06,0.000282486543758802,0.643551836150722,-0.664721078869616,-2.14469876129093,50,"ENSG00000044574;ENSG00000149428;ENSG00000102580;ENSG00000143870;ENSG00000090520;ENSG00000100219;ENSG00000162298;ENSG00000124783;ENSG00000160691;ENSG00000128590;ENSG00000184205;ENSG00000100196;ENSG00000106080;ENSG00000178607;ENSG00000144867;ENSG00000198380;ENSG00000108433;ENSG00000138674;ENSG00000044090;ENSG00000101199;ENSG00000243708"
"REACTOME","REACTOME_DENGUE_VIRUS_GENOME_TRANSLATION_AND_REPLICATION",2.61879110622227e-06,0.000369773304198585,0.627256739718528,-0.574868380332357,-2.02518701201367,82,"ENSG00000125844;ENSG00000044574;ENSG00000149428;ENSG00000102580;ENSG00000134910;ENSG00000090520;ENSG00000127022;ENSG00000179218;ENSG00000167004;ENSG00000185624;ENSG00000163902;ENSG00000198856;ENSG00000102158;ENSG00000244038"
"REACTOME","REACTOME_DOWNSTREAM_TCR_SIGNALING",3.56386489674276e-06,0.000457470657654616,0.627256739718528,0.558854426680696,2.01092550901056,74,"ENSG00000142867;ENSG00000072401;ENSG00000109320;ENSG00000100804;ENSG00000100764;ENSG00000197170;ENSG00000145675;ENSG00000100519;ENSG00000244687;ENSG00000041357;ENSG00000051382;ENSG00000166167;ENSG00000126067;ENSG00000173692;ENSG00000055130;ENSG00000100567;ENSG00000182866;ENSG00000101182;ENSG00000087191;ENSG00000177889;ENSG00000104312;ENSG00000013275;ENSG00000170315;ENSG00000103035;ENSG00000008018;ENSG00000121879;ENSG00000115233;ENSG00000185627;ENSG00000108671;ENSG00000269335;ENSG00000127922;ENSG00000168918;ENSG00000129084;ENSG00000221983"
"REACTOME","REACTOME_ASPARAGINE_N_LINKED_GLYCOSYLATION",4.31949692252418e-06,0.000508260804550345,0.610526878385931,-0.407063326982272,-1.69598774095443,305,"ENSG00000254647;ENSG00000134910;ENSG00000127022;ENSG00000179218;ENSG00000145495;ENSG00000167004;ENSG00000130175;ENSG00000136731;ENSG00000089597;ENSG00000135506;ENSG00000163902;ENSG00000114270;ENSG00000072849;ENSG00000114354;ENSG00000086598;ENSG00000140650;ENSG00000136240;ENSG00000144591;ENSG00000126091;ENSG00000170191;ENSG00000198856;ENSG00000102158;ENSG00000196547;ENSG00000110917;ENSG00000007255;ENSG00000172269;ENSG00000071073;ENSG00000173898;ENSG00000157020;ENSG00000244038;ENSG00000157353;ENSG00000162298;ENSG00000173540;ENSG00000170348;ENSG00000101162;ENSG00000183785;ENSG00000156515;ENSG00000088035;ENSG00000161013;ENSG00000182400;ENSG00000100196;ENSG00000118276;ENSG00000162236;ENSG00000115306;ENSG00000105438;ENSG00000168374;ENSG00000162066;ENSG00000136152;ENSG00000128039;ENSG00000163527;ENSG00000176986;ENSG00000138942;ENSG00000075826;ENSG00000176014;ENSG00000120697;ENSG00000164597;ENSG00000095380;ENSG00000054116;ENSG00000242247;ENSG00000117069;ENSG00000126062;ENSG00000214160;ENSG00000104522;ENSG00000185010;ENSG00000198380;ENSG00000013375;ENSG00000182858;ENSG00000167280;ENSG00000108433;ENSG00000138674;ENSG00000005243;ENSG00000114745;ENSG00000071537;ENSG00000073849;ENSG00000169223;ENSG00000150991;ENSG00000117682;ENSG00000111481;ENSG00000101199;ENSG00000181789;ENSG00000117143;ENSG00000158623;ENSG00000100934;ENSG00000033011;ENSG00000115275;ENSG00000105669;ENSG00000159063;ENSG00000174903;ENSG00000119414"
"REACTOME","REACTOME_CHOLESTEROL_BIOSYNTHESIS",8.03341927578075e-06,0.000810227715528744,0.593325476396405,0.730552223631212,2.15225187094818,27,"ENSG00000079459;ENSG00000067064;ENSG00000120437;ENSG00000113161;ENSG00000052802;ENSG00000147383;ENSG00000112972;ENSG00000160752;ENSG00000104549;ENSG00000173409;ENSG00000172893;ENSG00000109929;ENSG00000116133;ENSG00000167508;ENSG00000110921;ENSG00000132196;ENSG00000160285"
"REACTOME","REACTOME_TCR_SIGNALING",7.81527185084156e-06,0.000810227715528744,0.593325476396405,0.512993610338176,1.92588369538599,96,"ENSG00000142867;ENSG00000072401;ENSG00000081237;ENSG00000109320;ENSG00000076641;ENSG00000100804;ENSG00000100764;ENSG00000197170;ENSG00000145675;ENSG00000100519;ENSG00000244687;ENSG00000124181;ENSG00000041357;ENSG00000051382;ENSG00000166167;ENSG00000126067;ENSG00000173692;ENSG00000055130;ENSG00000100567;ENSG00000182866;ENSG00000154380;ENSG00000101182;ENSG00000087191;ENSG00000177889;ENSG00000104312;ENSG00000158092;ENSG00000013275;ENSG00000170315;ENSG00000103035;ENSG00000008018;ENSG00000121879;ENSG00000115233;ENSG00000185627;ENSG00000108671;ENSG00000269335;ENSG00000149269;ENSG00000127922;ENSG00000168918;ENSG00000077264;ENSG00000129084;ENSG00000221983"
"REACTOME","REACTOME_ASYMMETRIC_LOCALIZATION_OF_PCP_PROTEINS",9.78481336684374e-06,0.000921077098265558,0.593325476396405,0.606016115912108,2.03974654289975,51,"ENSG00000155760;ENSG00000100804;ENSG00000157240;ENSG00000163251;ENSG00000100764;ENSG00000197170;ENSG00000100519;ENSG00000177283;ENSG00000162738;ENSG00000041357;ENSG00000126067;ENSG00000173692;ENSG00000100567;ENSG00000101182;ENSG00000087191;ENSG00000198742;ENSG00000013275;ENSG00000170315;ENSG00000103035;ENSG00000008018;ENSG00000114251;ENSG00000115233;ENSG00000185627;ENSG00000108671;ENSG00000127922;ENSG00000174804;ENSG00000129084;ENSG00000108854;ENSG00000221983;ENSG00000104290"
"REACTOME","REACTOME_NUCLEAR_EVENTS_MEDIATED_BY_NFE2L2",1.240386869201e-05,0.00109464141206988,0.593325476396405,0.52711235978964,1.94509658839848,85,"ENSG00000001084;ENSG00000181019;ENSG00000117450;ENSG00000116044;ENSG00000109320;ENSG00000162409;ENSG00000023909;ENSG00000100804;ENSG00000271303;ENSG00000142657;ENSG00000100764;ENSG00000197170;ENSG00000138413;ENSG00000161011;ENSG00000100519;ENSG00000163931;ENSG00000041357;ENSG00000166167;ENSG00000126067;ENSG00000173692;ENSG00000055130;ENSG00000100567;ENSG00000124177;ENSG00000101182;ENSG00000087191;ENSG00000013275;ENSG00000108691;ENSG00000170315;ENSG00000103035;ENSG00000147889;ENSG00000008018;ENSG00000103222;ENSG00000115233;ENSG00000185627;ENSG00000108671;ENSG00000079999;ENSG00000100292;ENSG00000127922;ENSG00000129084;ENSG00000221983;ENSG00000100387"
"REACTOME","REACTOME_METABOLISM_OF_POLYAMINES",2.10718718541957e-05,0.00175020488577202,0.575610261071129,0.613046037585179,2.02234365000214,46,"ENSG00000088826;ENSG00000181019;ENSG00000100804;ENSG00000100764;ENSG00000197170;ENSG00000123505;ENSG00000100519;ENSG00000143450;ENSG00000041357;ENSG00000126067;ENSG00000173692;ENSG00000100567;ENSG00000116649;ENSG00000101182;ENSG00000087191;ENSG00000013275;ENSG00000103035;ENSG00000008018;ENSG00000115233;ENSG00000185627;ENSG00000108671;ENSG00000148832;ENSG00000102172;ENSG00000127922;ENSG00000129084;ENSG00000180304;ENSG00000104904"
"REACTOME","REACTOME_ATF6_ATF6_ALPHA_ACTIVATES_CHAPERONES",2.5217709223802e-05,0.00197818919022269,0.575610261071129,-0.879703440429683,-2.0423381365799,12,"ENSG00000044574;ENSG00000166598;ENSG00000175197;ENSG00000179218;ENSG00000100219;ENSG00000128272;ENSG00000118217;ENSG00000120837;ENSG00000001167"
"REACTOME","REACTOME_DEGRADATION_OF_GLI1_BY_THE_PROTEASOME",3.44340862172893e-05,0.00237926727023134,0.557332238758646,0.608835094925033,2.00845240427643,46,"ENSG00000100804;ENSG00000142875;ENSG00000100764;ENSG00000197170;ENSG00000078747;ENSG00000100519;ENSG00000041357;ENSG00000166167;ENSG00000126067;ENSG00000173692;ENSG00000055130;ENSG00000100567;ENSG00000111087;ENSG00000101182;ENSG00000087191;ENSG00000013275;ENSG00000170315;ENSG00000103035;ENSG00000008018;ENSG00000115233;ENSG00000185627;ENSG00000108671;ENSG00000127922;ENSG00000133961;ENSG00000129084;ENSG00000221983;ENSG00000100387;ENSG00000113558;ENSG00000099341;ENSG00000106588;ENSG00000165916"
"REACTOME","REACTOME_AUF1_HNRNP_D0_BINDS_AND_DESTABILIZES_MRNA",3.33795358257852e-05,0.00237926727023134,0.557332238758646,0.613091585543126,1.98890104079248,42,"ENSG00000070756;ENSG00000106211;ENSG00000100804;ENSG00000100764;ENSG00000197170;ENSG00000100519;ENSG00000041357;ENSG00000126067;ENSG00000173692;ENSG00000100567;ENSG00000101182;ENSG00000087191;ENSG00000013275;ENSG00000170315;ENSG00000103035;ENSG00000008018;ENSG00000115233;ENSG00000185627;ENSG00000108671;ENSG00000127922;ENSG00000129084;ENSG00000109971;ENSG00000221983;ENSG00000204389"
"REACTOME","REACTOME_MITOCHONDRIAL_PROTEIN_DEGRADATION",3.53857030275199e-05,0.00237926727023134,0.557332238758646,0.485709845922708,1.83293010043795,98,"ENSG00000151498;ENSG00000100412;ENSG00000168291;ENSG00000107815;ENSG00000152234;ENSG00000138796;ENSG00000162600;ENSG00000082212;ENSG00000081181;ENSG00000170855;ENSG00000114054;ENSG00000113013;ENSG00000108064;ENSG00000196365;ENSG00000144381;ENSG00000166411;ENSG00000062485;ENSG00000137992;ENSG00000165487;ENSG00000178741;ENSG00000131828;ENSG00000106591;ENSG00000148672;ENSG00000111275;ENSG00000091140;ENSG00000151093;ENSG00000131495;ENSG00000134240;ENSG00000166855;ENSG00000134375;ENSG00000198836;ENSG00000110955;ENSG00000164405;ENSG00000262814;ENSG00000115317;ENSG00000005022;ENSG00000167969;ENSG00000023228;ENSG00000241837;ENSG00000186010;ENSG00000134809;ENSG00000106028;ENSG00000147465;ENSG00000167283;ENSG00000100575;ENSG00000198804;ENSG00000072506;ENSG00000125656;ENSG00000160194;ENSG00000075239"
"REACTOME","REACTOME_ATF6_ATF6_ALPHA_ACTIVATES_CHAPERONE_GENES",4.03107713094882e-05,0.00258721859495442,0.557332238758646,-0.900627237656004,-1.99452987366983,10,"ENSG00000044574;ENSG00000166598;ENSG00000175197;ENSG00000179218;ENSG00000100219;ENSG00000128272;ENSG00000118217;ENSG00000120837;ENSG00000001167"
"REACTOME","REACTOME_DEGRADATION_OF_CRY_AND_PER_PROTEINS",4.25229403026544e-05,0.0026105387698847,0.557332238758646,0.596177828324072,1.98446615119312,48,"ENSG00000072401;ENSG00000005812;ENSG00000100804;ENSG00000100764;ENSG00000197170;ENSG00000100519;ENSG00000041357;ENSG00000166167;ENSG00000126067;ENSG00000173692;ENSG00000055130;ENSG00000100567;ENSG00000101182;ENSG00000087191;ENSG00000013275;ENSG00000170315;ENSG00000103035;ENSG00000008018;ENSG00000115233;ENSG00000185627;ENSG00000108671;ENSG00000127922;ENSG00000129084;ENSG00000221983;ENSG00000049246;ENSG00000100387;ENSG00000113558;ENSG00000099341;ENSG00000121671;ENSG00000106588;ENSG00000165916;ENSG00000179094"
"REACTOME","REACTOME_PI_METABOLISM",5.00770572501681e-05,0.00283135491808505,0.557332238758646,0.507261195478251,1.86406462383561,82,"ENSG00000150712;ENSG00000171100;ENSG00000116095;ENSG00000150867;ENSG00000104643;ENSG00000159082;ENSG00000198825;ENSG00000163629;ENSG00000153982;ENSG00000052126;ENSG00000038210;ENSG00000145675;ENSG00000169499;ENSG00000040933;ENSG00000011405;ENSG00000003987;ENSG00000051382;ENSG00000144566;ENSG00000112367;ENSG00000107242;ENSG00000109452;ENSG00000078142;ENSG00000063601;ENSG00000134287;ENSG00000130653;ENSG00000158555;ENSG00000119396;ENSG00000105559;ENSG00000121879;ENSG00000103043;ENSG00000186111;ENSG00000171608;ENSG00000139144;ENSG00000032444;ENSG00000183578;ENSG00000196455;ENSG00000168118;ENSG00000078269;ENSG00000166912;ENSG00000100330;ENSG00000168918;ENSG00000122126"
"REACTOME","REACTOME_HOST_INTERACTIONS_OF_HIV_FACTORS",5.01302216374832e-05,0.00283135491808505,0.557332238758646,0.462188073002468,1.79255029990011,118,"ENSG00000010810;ENSG00000100804;ENSG00000166266;ENSG00000108559;ENSG00000100764;ENSG00000069248;ENSG00000152056;ENSG00000197170;ENSG00000137309;ENSG00000100519;ENSG00000041357;ENSG00000196262;ENSG00000085415;ENSG00000108424;ENSG00000166167;ENSG00000154582;ENSG00000113569;ENSG00000093000;ENSG00000126067;ENSG00000173692;ENSG00000163002;ENSG00000100567;ENSG00000182866;ENSG00000183020;ENSG00000239713;ENSG00000101182;ENSG00000087191;ENSG00000114030;ENSG00000047249;ENSG00000013275;ENSG00000005022;ENSG00000180198;ENSG00000124789;ENSG00000170315;ENSG00000103035;ENSG00000008018;ENSG00000164985;ENSG00000115233;ENSG00000030066;ENSG00000185627;ENSG00000132341;ENSG00000108671;ENSG00000181163;ENSG00000153201;ENSG00000136243;ENSG00000166710;ENSG00000127922;ENSG00000058804;ENSG00000166747;ENSG00000129084;ENSG00000095319;ENSG00000221983;ENSG00000072958;ENSG00000100387"
"REACTOME","REACTOME_RHO_GTPASE_CYCLE",5.38623892632908e-05,0.00292514206306794,0.557332238758646,0.328190812036675,1.48165123997449,443,"ENSG00000139641;ENSG00000120278;ENSG00000128512;ENSG00000107897;ENSG00000108830;ENSG00000137962;ENSG00000196155;ENSG00000139211;ENSG00000187239;ENSG00000100592;ENSG00000096696;ENSG00000275342;ENSG00000129219;ENSG00000076706;ENSG00000082269;ENSG00000196700;ENSG00000131941;ENSG00000111647;ENSG00000198780;ENSG00000151208;ENSG00000142634;ENSG00000073712;ENSG00000072210;ENSG00000138594;ENSG00000088538;ENSG00000103415;ENSG00000173517;ENSG00000160145;ENSG00000145819;ENSG00000096384;ENSG00000146376;ENSG00000114554;ENSG00000163629;ENSG00000151239;ENSG00000006453;ENSG00000151914;ENSG00000137942;ENSG00000051523;ENSG00000102606;ENSG00000116584;ENSG00000186716;ENSG00000173848;ENSG00000033867;ENSG00000133106;ENSG00000115107;ENSG00000145675;ENSG00000120063;ENSG00000147251;ENSG00000135905;ENSG00000137992;ENSG00000113758;ENSG00000166165;ENSG00000117528;ENSG00000198844;ENSG00000175866;ENSG00000185722;ENSG00000080824;ENSG00000164040;ENSG00000108561;ENSG00000104880;ENSG00000162738;ENSG00000100347;ENSG00000115963;ENSG00000137843;ENSG00000118407;ENSG00000167617;ENSG00000006607;ENSG00000147799;ENSG00000116641;ENSG00000100852;ENSG00000105281;ENSG00000065613;ENSG00000182866;ENSG00000124126;ENSG00000136754;ENSG00000104140;ENSG00000120008;ENSG00000144909;ENSG00000063601;ENSG00000163947;ENSG00000075391;ENSG00000116209;ENSG00000143549;ENSG00000070831;ENSG00000155366;ENSG00000109079;ENSG00000197694;ENSG00000114790;ENSG00000198399;ENSG00000150054;ENSG00000168439;ENSG00000174373;ENSG00000118804;ENSG00000076928;ENSG00000115904;ENSG00000205726;ENSG00000188158;ENSG00000101349;ENSG00000158092;ENSG00000132970;ENSG00000144283;ENSG00000104435;ENSG00000135622;ENSG00000155827;ENSG00000143337;ENSG00000110237;ENSG00000174106;ENSG00000176788;ENSG00000100485;ENSG00000154358;ENSG00000148700;ENSG00000130150;ENSG00000072110;ENSG00000107957;ENSG00000166226;ENSG00000125733;ENSG00000088387;ENSG00000121879;ENSG00000196935;ENSG00000196220;ENSG00000077549;ENSG00000107263;ENSG00000065243;ENSG00000092199;ENSG00000146731;ENSG00000127084;ENSG00000017797;ENSG00000285077;ENSG00000166200;ENSG00000176915;ENSG00000049245;ENSG00000136478;ENSG00000146426"
"REACTOME","REACTOME_HIV_LIFE_CYCLE",6.40147089820153e-05,0.00334773218824465,0.538434096309916,0.427453747807323,1.7150378684016,148,"ENSG00000197265;ENSG00000105656;ENSG00000153767;ENSG00000155975;ENSG00000100142;ENSG00000174405;ENSG00000147457;ENSG00000011007;ENSG00000101158;ENSG00000108559;ENSG00000069248;ENSG00000119541;ENSG00000141971;ENSG00000196814;ENSG00000137309;ENSG00000086065;ENSG00000060069;ENSG00000196262;ENSG00000085415;ENSG00000120656;ENSG00000154582;ENSG00000113569;ENSG00000093000;ENSG00000163002;ENSG00000112592;ENSG00000145736;ENSG00000139722;ENSG00000104884;ENSG00000177700;ENSG00000101654;ENSG00000164695;ENSG00000064313;ENSG00000114030;ENSG00000163882;ENSG00000180198;ENSG00000136937;ENSG00000124789;ENSG00000165417;ENSG00000170315;ENSG00000165006;ENSG00000213246;ENSG00000176428;ENSG00000110768;ENSG00000164985;ENSG00000165632;ENSG00000030066;ENSG00000140307;ENSG00000121966;ENSG00000132341;ENSG00000176108;ENSG00000153201;ENSG00000083937;ENSG00000136243;ENSG00000140564;ENSG00000132612;ENSG00000204356;ENSG00000020426;ENSG00000058804;ENSG00000197780;ENSG00000141384;ENSG00000095319;ENSG00000114503;ENSG00000221983"
"REACTOME","REACTOME_ANTIGEN_PROCESSING_UBIQUITINATION_PROTEASOME_DEGRADATION",7.30587180123822e-05,0.00368424677976728,0.538434096309916,0.362567685048193,1.57435958465928,290,"ENSG00000108578;ENSG00000124226;ENSG00000154359;ENSG00000198833;ENSG00000165192;ENSG00000009335;ENSG00000078967;ENSG00000007944;ENSG00000077721;ENSG00000072401;ENSG00000182247;ENSG00000171621;ENSG00000170633;ENSG00000034677;ENSG00000144744;ENSG00000104343;ENSG00000132388;ENSG00000005812;ENSG00000167196;ENSG00000135108;ENSG00000064726;ENSG00000123124;ENSG00000100804;ENSG00000109332;ENSG00000159459;ENSG00000166266;ENSG00000159202;ENSG00000092148;ENSG00000100764;ENSG00000181788;ENSG00000118420;ENSG00000127870;ENSG00000197170;ENSG00000148634;ENSG00000140367;ENSG00000078747;ENSG00000175931;ENSG00000162413;ENSG00000184182;ENSG00000100519;ENSG00000244687;ENSG00000138411;ENSG00000146373;ENSG00000156804;ENSG00000165572;ENSG00000089053;ENSG00000041357;ENSG00000206557;ENSG00000177981;ENSG00000186187;ENSG00000134086;ENSG00000152503;ENSG00000166167;ENSG00000154582;ENSG00000126067;ENSG00000112234;ENSG00000173692;ENSG00000174842;ENSG00000055130;ENSG00000165338;ENSG00000100567;ENSG00000141279;ENSG00000178502;ENSG00000115239;ENSG00000130985;ENSG00000181191;ENSG00000101182;ENSG00000180233;ENSG00000198642;ENSG00000087191;ENSG00000196510;ENSG00000014123;ENSG00000177889;ENSG00000198742;ENSG00000169139;ENSG00000197361;ENSG00000013275;ENSG00000163840;ENSG00000183475;ENSG00000130177;ENSG00000170315;ENSG00000103035;ENSG00000008018;ENSG00000118496;ENSG00000133606;ENSG00000116514;ENSG00000130560;ENSG00000115233;ENSG00000116663;ENSG00000185627;ENSG00000126107;ENSG00000148356;ENSG00000108671;ENSG00000128731;ENSG00000079999;ENSG00000186591;ENSG00000119402;ENSG00000163743;ENSG00000024048;ENSG00000157450;ENSG00000127922;ENSG00000036257;ENSG00000183580;ENSG00000164162;ENSG00000129084;ENSG00000141552;ENSG00000108854;ENSG00000198862;ENSG00000119048;ENSG00000053900;ENSG00000131263;ENSG00000221983;ENSG00000170142;ENSG00000100387;ENSG00000198961;ENSG00000153827;ENSG00000102858;ENSG00000004897;ENSG00000085382;ENSG00000099364;ENSG00000122257;ENSG00000112146;ENSG00000132109"
"REACTOME","REACTOME_SOMITOGENESIS",9.42421052078734e-05,0.00412677834803174,0.538434096309916,0.598926350171402,1.96431064899577,44,"ENSG00000100804;ENSG00000100764;ENSG00000116106;ENSG00000168214;ENSG00000197170;ENSG00000100519;ENSG00000179111;ENSG00000041357;ENSG00000198719;ENSG00000126067;ENSG00000173692;ENSG00000100567;ENSG00000188095;ENSG00000101182;ENSG00000087191;ENSG00000013275;ENSG00000103035;ENSG00000008018;ENSG00000115233;ENSG00000185627;ENSG00000108671;ENSG00000127922;ENSG00000129084;ENSG00000099341;ENSG00000203877;ENSG00000106588;ENSG00000165916;ENSG00000168036;ENSG00000142507"
"REACTOME","REACTOME_CELLULAR_RESPONSE_TO_HYPOXIA",9.28633215539826e-05,0.00412677834803174,0.538434096309916,0.538988385713551,1.88055821728247,62,"ENSG00000164442;ENSG00000072401;ENSG00000100644;ENSG00000100804;ENSG00000109332;ENSG00000100764;ENSG00000197170;ENSG00000100519;ENSG00000041357;ENSG00000134086;ENSG00000154582;ENSG00000181061;ENSG00000126067;ENSG00000166135;ENSG00000173692;ENSG00000100567;ENSG00000101182;ENSG00000087191;ENSG00000013275;ENSG00000170315;ENSG00000103035;ENSG00000008018;ENSG00000115233;ENSG00000135766;ENSG00000185627;ENSG00000108671;ENSG00000127922;ENSG00000129084;ENSG00000221983;ENSG00000100387"
"REACTOME","REACTOME_CLEC7A_DECTIN_1_SIGNALING",8.49265823349801e-05,0.00412677834803174,0.538434096309916,0.49194889497742,1.81006840477875,83,"ENSG00000163932;ENSG00000142867;ENSG00000072401;ENSG00000144744;ENSG00000109320;ENSG00000138814;ENSG00000100804;ENSG00000100764;ENSG00000197170;ENSG00000100519;ENSG00000244687;ENSG00000041357;ENSG00000166167;ENSG00000126067;ENSG00000173692;ENSG00000104856;ENSG00000055130;ENSG00000100567;ENSG00000123104;ENSG00000064012;ENSG00000101182;ENSG00000087191;ENSG00000177889;ENSG00000013275;ENSG00000170315;ENSG00000103035;ENSG00000008018;ENSG00000115233;ENSG00000185627;ENSG00000108671;ENSG00000269335;ENSG00000127922;ENSG00000129084;ENSG00000101096;ENSG00000221983;ENSG00000157625;ENSG00000165025;ENSG00000113558;ENSG00000197943;ENSG00000099341"
"REACTOME","REACTOME_POSITIVE_EPIGENETIC_REGULATION_OF_RRNA_EXPRESSION",9.6447369323688e-05,0.00412677834803174,0.538434096309916,0.468327860693841,1.77404729906565,100,"ENSG00000158373;ENSG00000165732;ENSG00000171453;ENSG00000167491;ENSG00000115750;ENSG00000100142;ENSG00000170004;ENSG00000117877;ENSG00000125630;ENSG00000132382;ENSG00000132475;ENSG00000158406;ENSG00000184678;ENSG00000278828;ENSG00000196591;ENSG00000185130;ENSG00000122565;ENSG00000112592;ENSG00000197837;ENSG00000177700;ENSG00000273983;ENSG00000108773;ENSG00000275714;ENSG00000114166;ENSG00000225830;ENSG00000166012;ENSG00000163882;ENSG00000105849;ENSG00000009954;ENSG00000273802;ENSG00000180573;ENSG00000143498;ENSG00000197903;ENSG00000124635;ENSG00000115524;ENSG00000233822;ENSG00000180596"
"REACTOME","REACTOME_PROCESSING_OF_CAPPED_INTRON_CONTAINING_PRE_MRNA",8.99734257739736e-05,0.00412677834803174,0.538434096309916,0.352884153070577,1.53356585367885,294,"ENSG00000154548;ENSG00000102241;ENSG00000161981;ENSG00000116350;ENSG00000100142;ENSG00000096401;ENSG00000168566;ENSG00000108883;ENSG00000117751;ENSG00000134453;ENSG00000105617;ENSG00000108559;ENSG00000039123;ENSG00000069248;ENSG00000122068;ENSG00000119953;ENSG00000105705;ENSG00000165934;ENSG00000143751;ENSG00000160799;ENSG00000115421;ENSG00000150459;ENSG00000085415;ENSG00000060339;ENSG00000113569;ENSG00000093000;ENSG00000163002;ENSG00000163950;ENSG00000163877;ENSG00000116752;ENSG00000176102;ENSG00000065978;ENSG00000051596;ENSG00000109606;ENSG00000125676;ENSG00000172409;ENSG00000101343;ENSG00000146007;ENSG00000160679;ENSG00000177700;ENSG00000143294;ENSG00000076053;ENSG00000164609;ENSG00000128534;ENSG00000100109;ENSG00000136819;ENSG00000105058;ENSG00000086589;ENSG00000136875;ENSG00000141543;ENSG00000125870;ENSG00000149016;ENSG00000132661;ENSG00000163882;ENSG00000104824;ENSG00000136937;ENSG00000089280;ENSG00000124789;ENSG00000165819;ENSG00000170315;ENSG00000126945;ENSG00000124562;ENSG00000162385;ENSG00000151247;ENSG00000092199;ENSG00000213639;ENSG00000030066;ENSG00000265241;ENSG00000128739;ENSG00000153187;ENSG00000100296;ENSG00000099783;ENSG00000153201;ENSG00000163510;ENSG00000136243;ENSG00000115524;ENSG00000076650;ENSG00000143977;ENSG00000161547;ENSG00000076924;ENSG00000058673;ENSG00000119203;ENSG00000100650;ENSG00000068394;ENSG00000131013;ENSG00000058804;ENSG00000109971;ENSG00000095319;ENSG00000189091;ENSG00000090060;ENSG00000130332;ENSG00000114503;ENSG00000221983;ENSG00000120688;ENSG00000079134;ENSG00000116754;ENSG00000165119;ENSG00000204392;ENSG00000184209;ENSG00000122257;ENSG00000100138;ENSG00000099817;ENSG00000100227;ENSG00000171566;ENSG00000105618;ENSG00000005436;ENSG00000138398;ENSG00000147669;ENSG00000111786;ENSG00000126698;ENSG00000088930;ENSG00000136527;ENSG00000113141;ENSG00000126653;ENSG00000145833;ENSG00000162231;ENSG00000101452;ENSG00000150316;ENSG00000167005;ENSG00000047315;ENSG00000168002;ENSG00000185946;ENSG00000163714;ENSG00000132792;ENSG00000171960;ENSG00000047410;ENSG00000170144;ENSG00000082068;ENSG00000125450;ENSG00000108349;ENSG00000125352;ENSG00000060688;ENSG00000077312;ENSG00000113593;ENSG00000113649;ENSG00000168438;ENSG00000125835;ENSG00000213024;ENSG00000100410;ENSG00000003756;ENSG00000269405;ENSG00000140259;ENSG00000145216;ENSG00000018610;ENSG00000196313;ENSG00000169564;ENSG00000111605"
"REACTOME","REACTOME_REGULATION_OF_ORNITHINE_DECARBOXYLASE_ODC",0.000110015577740009,0.00456888222849683,0.538434096309916,0.621721045084313,1.97179735722685,38,"ENSG00000181019;ENSG00000100804;ENSG00000100764;ENSG00000197170;ENSG00000100519;ENSG00000143450;ENSG00000041357;ENSG00000126067;ENSG00000173692;ENSG00000100567;ENSG00000101182;ENSG00000087191;ENSG00000013275;ENSG00000103035;ENSG00000008018;ENSG00000115233;ENSG00000185627;ENSG00000108671;ENSG00000127922;ENSG00000129084;ENSG00000180304;ENSG00000104904;ENSG00000099341;ENSG00000106588;ENSG00000165916"
"REACTOME","REACTOME_LANOSTEROL_BIOSYNTHESIS",0.000128768426549503,0.00519488623679707,0.518848077743792,0.780091469450942,1.94138242696712,14,"ENSG00000079459;ENSG00000067064;ENSG00000120437;ENSG00000113161;ENSG00000112972;ENSG00000160752;ENSG00000104549;ENSG00000167508;ENSG00000110921;ENSG00000160285"
"REACTOME","REACTOME_DOWNSTREAM_SIGNALING_EVENTS_OF_B_CELL_RECEPTOR_BCR",0.000135034093825164,0.00521619934620477,0.518848077743792,0.529126006093443,1.87350206064684,68,"ENSG00000142867;ENSG00000109320;ENSG00000138814;ENSG00000100804;ENSG00000088832;ENSG00000100764;ENSG00000197170;ENSG00000133703;ENSG00000100519;ENSG00000041357;ENSG00000196262;ENSG00000166167;ENSG00000126067;ENSG00000173692;ENSG00000055130;ENSG00000100567;ENSG00000101182;ENSG00000087191;ENSG00000013275;ENSG00000170315;ENSG00000103035;ENSG00000172575;ENSG00000008018;ENSG00000115233;ENSG00000185627;ENSG00000108671;ENSG00000269335;ENSG00000127922;ENSG00000129084;ENSG00000101096;ENSG00000221983"
"REACTOME","REACTOME_RIBOSOME_ASSOCIATED_QUALITY_CONTROL",0.000136685110346725,0.00521619934620477,0.518848077743792,0.417934757588301,1.66843776915009,143,"ENSG00000072401;ENSG00000100804;ENSG00000109332;ENSG00000100764;ENSG00000164163;ENSG00000197170;ENSG00000174748;ENSG00000100519;ENSG00000103671;ENSG00000041357;ENSG00000154582;ENSG00000126067;ENSG00000173692;ENSG00000100567;ENSG00000112339;ENSG00000101182;ENSG00000149273;ENSG00000087191;ENSG00000083845;ENSG00000165525;ENSG00000233927;ENSG00000013275;ENSG00000137818;ENSG00000037241;ENSG00000105372;ENSG00000170315;ENSG00000103035;ENSG00000108107;ENSG00000152684;ENSG00000008018;ENSG00000115233;ENSG00000185627;ENSG00000108671;ENSG00000163743;ENSG00000198242;ENSG00000213741;ENSG00000127922;ENSG00000129084;ENSG00000118181;ENSG00000198862;ENSG00000221983;ENSG00000089009;ENSG00000142541;ENSG00000100387;ENSG00000177600;ENSG00000177954;ENSG00000100325;ENSG00000229117;ENSG00000099341;ENSG00000170889;ENSG00000168028;ENSG00000197728;ENSG00000070010;ENSG00000165502;ENSG00000197756;ENSG00000106588;ENSG00000141002;ENSG00000165916;ENSG00000182446;ENSG00000124614;ENSG00000105640;ENSG00000140988;ENSG00000142507;ENSG00000130255;ENSG00000188846;ENSG00000147403;ENSG00000105193;ENSG00000142676;ENSG00000114391;ENSG00000197958;ENSG00000143947;ENSG00000137154;ENSG00000128607;ENSG00000174444;ENSG00000129824;ENSG00000142534;ENSG00000143106"
"REACTOME","REACTOME_DEGRADATION_OF_AXIN",0.000144149921240786,0.00535630759978921,0.518848077743792,0.583292563334128,1.89223146044982,42,"ENSG00000107854;ENSG00000100804;ENSG00000100764;ENSG00000197170;ENSG00000100519;ENSG00000041357;ENSG00000126067;ENSG00000173692;ENSG00000100567;ENSG00000101182;ENSG00000087191;ENSG00000013275;ENSG00000170315;ENSG00000103035;ENSG00000008018;ENSG00000115233;ENSG00000185627;ENSG00000108671;ENSG00000168646;ENSG00000127922;ENSG00000129084;ENSG00000108854;ENSG00000221983"
"REACTOME","REACTOME_NEURONAL_SYSTEM",0.000156963569925658,0.00568288617269305,0.518848077743792,0.326853367797697,1.45707007510788,387,"ENSG00000021645;ENSG00000101438;ENSG00000088367;ENSG00000103942;ENSG00000171303;ENSG00000135519;ENSG00000108576;ENSG00000125675;ENSG00000136750;ENSG00000124780;ENSG00000182963;ENSG00000167552;ENSG00000166387;ENSG00000070748;ENSG00000186868;ENSG00000198722;ENSG00000078295;ENSG00000165646;ENSG00000148943;ENSG00000116544;ENSG00000067191;ENSG00000162409;ENSG00000128011;ENSG00000157445;ENSG00000170579;ENSG00000135643;ENSG00000102606;ENSG00000163110;ENSG00000161509;ENSG00000011347;ENSG00000137267;ENSG00000284922;ENSG00000142875;ENSG00000079819;ENSG00000188191;ENSG00000127955;ENSG00000177380;ENSG00000005249;ENSG00000186469;ENSG00000137285;ENSG00000073150;ENSG00000133703;ENSG00000146938;ENSG00000121361;ENSG00000242616;ENSG00000109738;ENSG00000179841;ENSG00000175175;ENSG00000065135;ENSG00000198785;ENSG00000131626;ENSG00000100151;ENSG00000115419;ENSG00000114450;ENSG00000111886;ENSG00000115109;ENSG00000058404;ENSG00000198739;ENSG00000130037;ENSG00000163873;ENSG00000004660;ENSG00000132356;ENSG00000177807;ENSG00000164742;ENSG00000166206;ENSG00000111275;ENSG00000178568;ENSG00000115665;ENSG00000183020;ENSG00000110841;ENSG00000138622;ENSG00000104863;ENSG00000136928;ENSG00000168993;ENSG00000131409;ENSG00000073969;ENSG00000100433;ENSG00000010379;ENSG00000176204;ENSG00000135423;ENSG00000080845;ENSG00000006071;ENSG00000152413;ENSG00000117245;ENSG00000148408;ENSG00000080644;ENSG00000169282;ENSG00000082482"
"REACTOME","REACTOME_VIF_MEDIATED_DEGRADATION_OF_APOBEC3G",0.000172623328775917,0.00594497903003891,0.518848077743792,0.603091605971507,1.94634944024153,41,"ENSG00000100804;ENSG00000166266;ENSG00000100764;ENSG00000197170;ENSG00000100519;ENSG00000041357;ENSG00000154582;ENSG00000126067;ENSG00000173692;ENSG00000100567;ENSG00000239713;ENSG00000101182;ENSG00000087191;ENSG00000013275;ENSG00000170315;ENSG00000103035;ENSG00000008018;ENSG00000115233;ENSG00000185627;ENSG00000108671;ENSG00000127922;ENSG00000129084;ENSG00000221983;ENSG00000100387"
"REACTOME","REACTOME_SIGNALING_BY_ROBO_RECEPTORS",0.00016978880083558,0.00594497903003891,0.518848077743792,0.3814306957329,1.58828513164745,201,"ENSG00000145147;ENSG00000070756;ENSG00000187122;ENSG00000107562;ENSG00000103342;ENSG00000107187;ENSG00000100804;ENSG00000142875;ENSG00000100764;ENSG00000197170;ENSG00000174748;ENSG00000100519;ENSG00000179841;ENSG00000169062;ENSG00000108518;ENSG00000041357;ENSG00000143355;ENSG00000137843;ENSG00000154582;ENSG00000147799;ENSG00000126067;ENSG00000173692;ENSG00000100567;ENSG00000154380;ENSG00000070831;ENSG00000101182;ENSG00000149273;ENSG00000087191;ENSG00000115904;ENSG00000101349;ENSG00000158092;ENSG00000083845;ENSG00000141543;ENSG00000233927;ENSG00000013275;ENSG00000137818;ENSG00000136937;ENSG00000100485;ENSG00000037241;ENSG00000105372;ENSG00000170315;ENSG00000103035;ENSG00000108107;ENSG00000163539;ENSG00000074054;ENSG00000008018;ENSG00000196935;ENSG00000196220;ENSG00000162385;ENSG00000106689;ENSG00000115233;ENSG00000265241;ENSG00000016082;ENSG00000121966;ENSG00000185627;ENSG00000108671;ENSG00000120705;ENSG00000077254;ENSG00000151461;ENSG00000198242;ENSG00000149269;ENSG00000213741;ENSG00000127922;ENSG00000077264;ENSG00000129084;ENSG00000118181;ENSG00000114302;ENSG00000114503;ENSG00000221983;ENSG00000089009;ENSG00000142541;ENSG00000100387;ENSG00000065320;ENSG00000177600;ENSG00000177954;ENSG00000154229;ENSG00000097007;ENSG00000229117;ENSG00000099341;ENSG00000170889;ENSG00000168028;ENSG00000197728;ENSG00000165502;ENSG00000197756;ENSG00000099250"
"REACTOME","REACTOME_CROSS_PRESENTATION_OF_SOLUBLE_EXOGENOUS_ANTIGENS_ENDOSOMES",0.000181927351525088,0.00611622429412916,0.518848077743792,0.611570953193523,1.96239743385347,40,"ENSG00000100804;ENSG00000100764;ENSG00000197170;ENSG00000204264;ENSG00000100519;ENSG00000041357;ENSG00000126067;ENSG00000173692;ENSG00000100567;ENSG00000101182;ENSG00000087191;ENSG00000013275;ENSG00000103035;ENSG00000008018;ENSG00000115233;ENSG00000185627;ENSG00000108671;ENSG00000260314;ENSG00000127922;ENSG00000129084;ENSG00000240065;ENSG00000099341;ENSG00000205220;ENSG00000106588;ENSG00000165916"
"REACTOME","REACTOME_PROGRAMMED_CELL_DEATH",0.000187687354052446,0.00616312892841984,0.518848077743792,0.388259353085751,1.60432498468434,188,"ENSG00000163932;ENSG00000137575;ENSG00000096696;ENSG00000170027;ENSG00000035664;ENSG00000166913;ENSG00000104081;ENSG00000162600;ENSG00000197329;ENSG00000186868;ENSG00000164305;ENSG00000100804;ENSG00000147457;ENSG00000168404;ENSG00000088808;ENSG00000100764;ENSG00000104067;ENSG00000197170;ENSG00000078747;ENSG00000100519;ENSG00000080824;ENSG00000102572;ENSG00000108561;ENSG00000041357;ENSG00000157500;ENSG00000178209;ENSG00000108424;ENSG00000168310;ENSG00000120910;ENSG00000126067;ENSG00000169857;ENSG00000173692;ENSG00000100567;ENSG00000149089;ENSG00000039068;ENSG00000128245;ENSG00000064012;ENSG00000101182;ENSG00000143514;ENSG00000197694;ENSG00000184047;ENSG00000087191;ENSG00000198836;ENSG00000164695;ENSG00000164924;ENSG00000114030;ENSG00000087470;ENSG00000160049;ENSG00000013275;ENSG00000088986;ENSG00000170315;ENSG00000103035;ENSG00000147889;ENSG00000008018;ENSG00000172115;ENSG00000115233;ENSG00000108387;ENSG00000117020;ENSG00000185627;ENSG00000108671;ENSG00000176108;ENSG00000083937;ENSG00000120868;ENSG00000134982;ENSG00000134602;ENSG00000026103;ENSG00000136279;ENSG00000243414"
"REACTOME","REACTOME_SIGNALING_BY_FGFR1_IN_DISEASE",0.000196678068250868,0.00631157800841423,0.518848077743792,0.620510553742204,1.93395845542078,35,"ENSG00000124831;ENSG00000147475;ENSG00000138685;ENSG00000186716;ENSG00000156735;ENSG00000145675;ENSG00000133703;ENSG00000109458;ENSG00000124181;ENSG00000113578;ENSG00000111790;ENSG00000115904;ENSG00000078579;ENSG00000102678;ENSG00000122779;ENSG00000107831;ENSG00000121879;ENSG00000138675"
"REACTOME","REACTOME_REGULATION_OF_MRNA_STABILITY_BY_PROTEINS_THAT_BIND_AU_RICH_ELEMENTS",0.000208854441831106,0.00655338826367827,0.518848077743792,0.502053394860688,1.80653839427767,74,"ENSG00000163932;ENSG00000070756;ENSG00000106211;ENSG00000166913;ENSG00000140350;ENSG00000272886;ENSG00000100804;ENSG00000178896;ENSG00000100764;ENSG00000197170;ENSG00000100519;ENSG00000041357;ENSG00000126067;ENSG00000173692;ENSG00000100567;ENSG00000107371;ENSG00000101182;ENSG00000185386;ENSG00000087191;ENSG00000083520;ENSG00000130713;ENSG00000164924;ENSG00000013275;ENSG00000170315;ENSG00000103035;ENSG00000008018;ENSG00000115233;ENSG00000185627;ENSG00000108671;ENSG00000127922;ENSG00000129084;ENSG00000109971;ENSG00000221983;ENSG00000204389;ENSG00000154229;ENSG00000119335;ENSG00000099341;ENSG00000082898;ENSG00000223496;ENSG00000106588;ENSG00000165916;ENSG00000075914"
"REACTOME","REACTOME_CALNEXIN_CALRETICULIN_CYCLE",0.000222300297064263,0.00682365259684215,0.518848077743792,-0.685231906396349,-1.9282137724601,26,"ENSG00000127022;ENSG00000179218;ENSG00000145495;ENSG00000167004;ENSG00000130175;ENSG00000136731;ENSG00000089597;ENSG00000135506;ENSG00000072849;ENSG00000162298"
"REACTOME","REACTOME_AEROBIC_RESPIRATION_AND_RESPIRATORY_ELECTRON_TRANSPORT",0.00024060151530987,0.00722828382164972,0.518848077743792,0.359120382298507,1.53903348683862,258,"ENSG00000171503;ENSG00000100412;ENSG00000067225;ENSG00000168291;ENSG00000153561;ENSG00000133028;ENSG00000141034;ENSG00000152234;ENSG00000004961;ENSG00000189043;ENSG00000213585;ENSG00000082212;ENSG00000156170;ENSG00000140374;ENSG00000267855;ENSG00000178127;ENSG00000175567;ENSG00000166796;ENSG00000113013;ENSG00000110435;ENSG00000169021;ENSG00000147684;ENSG00000166411;ENSG00000062485;ENSG00000111716;ENSG00000204954;ENSG00000073578;ENSG00000114098;ENSG00000105341;ENSG00000101365;ENSG00000123545;ENSG00000178741;ENSG00000131828;ENSG00000224877;ENSG00000119421;ENSG00000181061;ENSG00000156467;ENSG00000133983;ENSG00000164951;ENSG00000130414;ENSG00000166136;ENSG00000134056;ENSG00000135469;ENSG00000091140;ENSG00000100577;ENSG00000131495;ENSG00000250317;ENSG00000083099;ENSG00000110955;ENSG00000144120;ENSG00000170906;ENSG00000164405;ENSG00000137806;ENSG00000241468;ENSG00000143252;ENSG00000136143;ENSG00000023228;ENSG00000184752;ENSG00000116459;ENSG00000170315;ENSG00000139180;ENSG00000010017;ENSG00000241837;ENSG00000168569;ENSG00000155463;ENSG00000151366;ENSG00000102078;ENSG00000186010;ENSG00000106603;ENSG00000101193;ENSG00000172115;ENSG00000247077;ENSG00000004799;ENSG00000111775;ENSG00000127838;ENSG00000150768;ENSG00000184983;ENSG00000136463;ENSG00000101019;ENSG00000004864;ENSG00000167985;ENSG00000172840;ENSG00000131174;ENSG00000151376;ENSG00000167283;ENSG00000136003;ENSG00000168924;ENSG00000164182;ENSG00000173660;ENSG00000198804;ENSG00000143158;ENSG00000221983;ENSG00000128585;ENSG00000160194;ENSG00000075239;ENSG00000145916"
"REACTOME","REACTOME_ACTIVATION_OF_NF_KAPPAB_IN_B_CELLS",0.000277663086750866,0.00816792246858799,0.49849310876659,0.542518184302581,1.84854984244586,54,"ENSG00000142867;ENSG00000109320;ENSG00000100804;ENSG00000100764;ENSG00000197170;ENSG00000100519;ENSG00000041357;ENSG00000166167;ENSG00000126067;ENSG00000173692;ENSG00000055130;ENSG00000100567;ENSG00000101182;ENSG00000087191;ENSG00000013275;ENSG00000170315;ENSG00000103035;ENSG00000008018;ENSG00000115233;ENSG00000185627;ENSG00000108671;ENSG00000269335;ENSG00000127922;ENSG00000129084;ENSG00000221983;ENSG00000113558;ENSG00000099341;ENSG00000106588;ENSG00000165916;ENSG00000142507;ENSG00000100906;ENSG00000135341;ENSG00000213341"
"REACTOME","REACTOME_KEAP1_NFE2L2_PATHWAY",0.000286614205244912,0.0082591685266493,0.49849310876659,0.443600258451223,1.70574294888881,111,"ENSG00000163932;ENSG00000001084;ENSG00000181019;ENSG00000117450;ENSG00000116044;ENSG00000109320;ENSG00000162409;ENSG00000023909;ENSG00000100804;ENSG00000271303;ENSG00000080546;ENSG00000124762;ENSG00000142657;ENSG00000100764;ENSG00000197170;ENSG00000130766;ENSG00000138413;ENSG00000161011;ENSG00000100519;ENSG00000163931;ENSG00000041357;ENSG00000166167;ENSG00000126067;ENSG00000173692;ENSG00000055130;ENSG00000012048;ENSG00000100567;ENSG00000124177;ENSG00000101182;ENSG00000087191;ENSG00000013275;ENSG00000108691;ENSG00000170315;ENSG00000103035;ENSG00000083093;ENSG00000147889;ENSG00000008018;ENSG00000163558;ENSG00000103222;ENSG00000115233;ENSG00000117020;ENSG00000185627;ENSG00000108671;ENSG00000079999;ENSG00000100292;ENSG00000140941;ENSG00000127922;ENSG00000036257;ENSG00000129084;ENSG00000221983;ENSG00000100387"
"REACTOME","REACTOME_B_WICH_COMPLEX_POSITIVELY_REGULATES_RRNA_EXPRESSION",0.0002997566468766,0.0084651277077952,0.49849310876659,0.479117644428654,1.76799135575497,85,"ENSG00000158373;ENSG00000165732;ENSG00000171453;ENSG00000115750;ENSG00000100142;ENSG00000117877;ENSG00000125630;ENSG00000132382;ENSG00000132475;ENSG00000158406;ENSG00000184678;ENSG00000278828;ENSG00000185130;ENSG00000112592;ENSG00000197837;ENSG00000177700;ENSG00000273983;ENSG00000108773;ENSG00000275714;ENSG00000114166;ENSG00000225830;ENSG00000166012;ENSG00000163882;ENSG00000105849;ENSG00000009954;ENSG00000273802;ENSG00000180573;ENSG00000143498;ENSG00000197903;ENSG00000124635;ENSG00000115524;ENSG00000233822;ENSG00000180596"
"REACTOME","REACTOME_FBXL7_DOWN_REGULATES_AURKA_DURING_MITOTIC_ENTRY_AND_IN_EARLY_MITOSIS",0.000312666216254854,0.00865656269317361,0.49849310876659,0.570824553624818,1.85178458746674,42,"ENSG00000100804;ENSG00000100764;ENSG00000197170;ENSG00000100519;ENSG00000041357;ENSG00000126067;ENSG00000173692;ENSG00000055130;ENSG00000100567;ENSG00000101182;ENSG00000087191;ENSG00000013275;ENSG00000170315;ENSG00000103035;ENSG00000008018;ENSG00000115233;ENSG00000185627;ENSG00000108671;ENSG00000127922;ENSG00000183580;ENSG00000129084;ENSG00000221983;ENSG00000100387;ENSG00000113558;ENSG00000099341;ENSG00000106588;ENSG00000165916"
"REACTOME","REACTOME_PROTEIN_PROTEIN_INTERACTIONS_AT_SYNAPSES",0.000397847777196865,0.0108030973346533,0.49849310876659,0.466249256884456,1.71550959307849,83,"ENSG00000021645;ENSG00000088367;ENSG00000103942;ENSG00000125675;ENSG00000166387;ENSG00000148943;ENSG00000116544;ENSG00000128011;ENSG00000170579;ENSG00000163110;ENSG00000161509;ENSG00000011347;ENSG00000079819;ENSG00000177380;ENSG00000146938;ENSG00000131626;ENSG00000115109;ENSG00000198739;ENSG00000110841;ENSG00000104863;ENSG00000131409;ENSG00000176204;ENSG00000080845;ENSG00000152413;ENSG00000146006;ENSG00000176884;ENSG00000105426;ENSG00000110076;ENSG00000136279;ENSG00000170743;ENSG00000150672;ENSG00000197555"
"REACTOME","REACTOME_FC_EPSILON_RECEPTOR_FCERI_SIGNALING",0.000410832001352402,0.0109451846398036,0.49849310876659,0.436390164690201,1.69100273054351,117,"ENSG00000065559;ENSG00000135605;ENSG00000142867;ENSG00000072401;ENSG00000010810;ENSG00000109320;ENSG00000138814;ENSG00000100804;ENSG00000100764;ENSG00000197170;ENSG00000145675;ENSG00000133703;ENSG00000100519;ENSG00000244687;ENSG00000124181;ENSG00000041357;ENSG00000051382;ENSG00000166167;ENSG00000126067;ENSG00000173692;ENSG00000095015;ENSG00000055130;ENSG00000100567;ENSG00000074966;ENSG00000123104;ENSG00000101182;ENSG00000087191;ENSG00000115904;ENSG00000050748;ENSG00000177889;ENSG00000013275;ENSG00000170315;ENSG00000103035;ENSG00000068831;ENSG00000172575;ENSG00000008018;ENSG00000121879;ENSG00000115233;ENSG00000185627;ENSG00000108671;ENSG00000269335;ENSG00000177885;ENSG00000149269;ENSG00000127922;ENSG00000129084;ENSG00000101096;ENSG00000221983;ENSG00000157625"
"REACTOME","REACTOME_REGULATION_OF_CDH1_POSTTRANSLATIONAL_PROCESSING_AND_TRAFFICKING_TO_PLASMA_MEMBRANE",0.000485138056485576,0.0124548170137751,0.49849310876659,-0.668638114338983,-1.96488480738259,32,"ENSG00000134910;ENSG00000127022;ENSG00000130175;ENSG00000089597;ENSG00000130714;ENSG00000163902;ENSG00000070770;ENSG00000198856;ENSG00000244038"
"REACTOME","REACTOME_MRNA_3_END_PROCESSING",0.000476343218792729,0.0124548170137751,0.49849310876659,0.40468794138901,1.63172795533717,152,"ENSG00000154548;ENSG00000102241;ENSG00000116350;ENSG00000100142;ENSG00000117751;ENSG00000134453;ENSG00000122068;ENSG00000119953;ENSG00000105705;ENSG00000165934;ENSG00000115421;ENSG00000060339;ENSG00000176102;ENSG00000065978;ENSG00000051596;ENSG00000109606;ENSG00000125676;ENSG00000172409;ENSG00000160679;ENSG00000177700;ENSG00000164609;ENSG00000141543;ENSG00000125870;ENSG00000149016;ENSG00000163882;ENSG00000104824;ENSG00000136937;ENSG00000089280;ENSG00000170315;ENSG00000126945;ENSG00000124562;ENSG00000162385;ENSG00000092199;ENSG00000213639;ENSG00000265241;ENSG00000128739;ENSG00000153187;ENSG00000100296;ENSG00000099783;ENSG00000115524;ENSG00000143977;ENSG00000161547;ENSG00000058673;ENSG00000119203;ENSG00000100650;ENSG00000189091;ENSG00000090060;ENSG00000114503;ENSG00000221983;ENSG00000079134;ENSG00000116754;ENSG00000165119;ENSG00000122257;ENSG00000099817;ENSG00000100227;ENSG00000147669;ENSG00000111786;ENSG00000126698;ENSG00000088930;ENSG00000136527;ENSG00000145833;ENSG00000167005;ENSG00000047315;ENSG00000168002;ENSG00000163714;ENSG00000170144;ENSG00000108349;ENSG00000077312;ENSG00000113649;ENSG00000168438;ENSG00000125835;ENSG00000100410;ENSG00000003756"
"REACTOME","REACTOME_SYNTHESIS_OF_PIPS_AT_THE_PLASMA_MEMBRANE",0.00052273412100739,0.0125905109945075,0.477270815362862,0.550759381904311,1.86392254558269,52,"ENSG00000171100;ENSG00000116095;ENSG00000150867;ENSG00000104643;ENSG00000159082;ENSG00000163629;ENSG00000052126;ENSG00000038210;ENSG00000145675;ENSG00000169499;ENSG00000040933;ENSG00000011405;ENSG00000051382;ENSG00000144566;ENSG00000107242;ENSG00000109452;ENSG00000063601;ENSG00000119396;ENSG00000105559;ENSG00000121879;ENSG00000186111;ENSG00000171608;ENSG00000139144;ENSG00000168118;ENSG00000078269;ENSG00000100330;ENSG00000168918;ENSG00000122126;ENSG00000143398;ENSG00000133056;ENSG00000163719;ENSG00000107679;ENSG00000106086"
"REACTOME","REACTOME_GSK3B_MEDIATED_PROTEASOMAL_DEGRADATION_OF_PD_L1_CD274",0.00053500754934168,0.0125905109945075,0.477270815362862,0.56571861295813,1.85539857354874,44,"ENSG00000120217;ENSG00000100804;ENSG00000100764;ENSG00000197170;ENSG00000100519;ENSG00000041357;ENSG00000166167;ENSG00000126067;ENSG00000173692;ENSG00000055130;ENSG00000100567;ENSG00000101182;ENSG00000087191;ENSG00000013275;ENSG00000170315;ENSG00000103035;ENSG00000008018;ENSG00000115233;ENSG00000185627;ENSG00000108671;ENSG00000127922;ENSG00000129084;ENSG00000221983;ENSG00000100387;ENSG00000113558;ENSG00000099341;ENSG00000106588;ENSG00000165916"
"REACTOME","REACTOME_ACTIVATION_OF_THE_MRNA_UPON_BINDING_OF_THE_CAP_BINDING_COMPLEX_AND_EIFS_AND_SUBSEQUENT_BINDING_TO_43S",0.000501934657591958,0.0125905109945075,0.477270815362862,0.516971799818387,1.78469865764122,59,"ENSG00000134001;ENSG00000070756;ENSG00000106263;ENSG00000107581;ENSG00000184110;ENSG00000161960;ENSG00000187840;ENSG00000149273;ENSG00000083845;ENSG00000233927;ENSG00000105372;ENSG00000104131;ENSG00000151247;ENSG00000104408;ENSG00000063046;ENSG00000106682;ENSG00000213741;ENSG00000118181;ENSG00000149100;ENSG00000177954;ENSG00000173674;ENSG00000084623;ENSG00000170889;ENSG00000168028;ENSG00000197728;ENSG00000124614;ENSG00000140988;ENSG00000156976;ENSG00000147677;ENSG00000130811;ENSG00000105193;ENSG00000143947;ENSG00000137154;ENSG00000130741;ENSG00000129824;ENSG00000142534"
"REACTOME","REACTOME_TRANSCRIPTIONAL_AND_POST_TRANSLATIONAL_REGULATION_OF_MITF_M_EXPRESSION_AND_ACTIVITY",0.000527510608406834,0.0125905109945075,0.477270815362862,0.515369111090477,1.77916582892151,59,"ENSG00000170027;ENSG00000166913;ENSG00000125968;ENSG00000120659;ENSG00000096717;ENSG00000156150;ENSG00000166603;ENSG00000065427;ENSG00000112561;ENSG00000124802;ENSG00000196305;ENSG00000039068;ENSG00000116030;ENSG00000128245;ENSG00000133706;ENSG00000115138;ENSG00000075413;ENSG00000115866;ENSG00000164924;ENSG00000187098;ENSG00000157404"
"REACTOME","REACTOME_RNA_POLYMERASE_I_TRANSCRIPTION",0.000533162838821234,0.0125905109945075,0.477270815362862,0.437186966164292,1.66799350920829,105,"ENSG00000158373;ENSG00000171453;ENSG00000167491;ENSG00000115750;ENSG00000100142;ENSG00000170004;ENSG00000117877;ENSG00000125630;ENSG00000134046;ENSG00000132475;ENSG00000158406;ENSG00000184678;ENSG00000278828;ENSG00000196591;ENSG00000185130;ENSG00000122565;ENSG00000112592;ENSG00000145736;ENSG00000197837;ENSG00000104884;ENSG00000177700;ENSG00000273983;ENSG00000108773;ENSG00000275714;ENSG00000114166;ENSG00000225830;ENSG00000166012;ENSG00000163882;ENSG00000105849;ENSG00000110768;ENSG00000273802;ENSG00000180573;ENSG00000143498;ENSG00000197903;ENSG00000124635;ENSG00000233822;ENSG00000180596;ENSG00000020426;ENSG00000203811;ENSG00000137054;ENSG00000125482;ENSG00000183598;ENSG00000099817;ENSG00000272047"
"REACTOME","REACTOME_COLLAGEN_FORMATION",0.000545167285322277,0.0126192820799189,0.477270815362862,-0.488566543544793,-1.72115679404613,82,"ENSG00000166794;ENSG00000196739;ENSG00000115318;ENSG00000185624;ENSG00000084636;ENSG00000171812;ENSG00000114270;ENSG00000196878;ENSG00000182871;ENSG00000090530;ENSG00000106333;ENSG00000138131;ENSG00000187955;ENSG00000129038;ENSG00000110811;ENSG00000130635;ENSG00000149380;ENSG00000083444;ENSG00000101203;ENSG00000163131"
"REACTOME","REACTOME_SLC_MEDIATED_TRANSMEMBRANE_TRANSPORT",0.000563360879084507,0.0128300896978601,0.477270815362862,-0.39177404660537,-1.58489880993792,231,"ENSG00000112759;ENSG00000155465;ENSG00000120509;ENSG00000198569;ENSG00000143036;ENSG00000117394;ENSG00000070214;ENSG00000139540;ENSG00000183023;ENSG00000074621;ENSG00000169359;ENSG00000133460;ENSG00000196517;ENSG00000003989;ENSG00000138821;ENSG00000184925;ENSG00000132874;ENSG00000141526;ENSG00000101187;ENSG00000091137;ENSG00000164638;ENSG00000112473;ENSG00000123643;ENSG00000130876;ENSG00000148942;ENSG00000167703;ENSG00000138079;ENSG00000004809;ENSG00000091664;ENSG00000168003;ENSG00000115902;ENSG00000100170;ENSG00000174358;ENSG00000168065;ENSG00000124568;ENSG00000110911;ENSG00000092068;ENSG00000102100;ENSG00000129353;ENSG00000144290;ENSG00000163393;ENSG00000157593;ENSG00000124067;ENSG00000004939;ENSG00000113504;ENSG00000163581;ENSG00000164756;ENSG00000137204;ENSG00000021488;ENSG00000175003;ENSG00000007216;ENSG00000106688;ENSG00000140675;ENSG00000101200;ENSG00000110446"
"REACTOME","REACTOME_TCF_DEPENDENT_SIGNALING_IN_RESPONSE_TO_WNT",0.000620615403948292,0.0139096658789681,0.477270815362862,0.366435260360696,1.53489607672805,212,"ENSG00000137713;ENSG00000140332;ENSG00000158373;ENSG00000131650;ENSG00000107854;ENSG00000113575;ENSG00000100804;ENSG00000157240;ENSG00000166477;ENSG00000065717;ENSG00000181274;ENSG00000163251;ENSG00000100764;ENSG00000113712;ENSG00000164930;ENSG00000197170;ENSG00000156076;ENSG00000132475;ENSG00000081059;ENSG00000158406;ENSG00000100519;ENSG00000205213;ENSG00000184678;ENSG00000143816;ENSG00000177283;ENSG00000041357;ENSG00000138592;ENSG00000278828;ENSG00000015133;ENSG00000166167;ENSG00000107242;ENSG00000185130;ENSG00000134371;ENSG00000126067;ENSG00000173692;ENSG00000183579;ENSG00000100567;ENSG00000104332;ENSG00000162961;ENSG00000165617;ENSG00000124766;ENSG00000197837;ENSG00000101182;ENSG00000087191;ENSG00000273983;ENSG00000101282;ENSG00000275714;ENSG00000164924;ENSG00000013275;ENSG00000170315;ENSG00000100888;ENSG00000103035;ENSG00000112640;ENSG00000008018;ENSG00000196628;ENSG00000114251;ENSG00000273802;ENSG00000115233;ENSG00000115464;ENSG00000185627;ENSG00000180573;ENSG00000108671;ENSG00000197903;ENSG00000124635;ENSG00000233822;ENSG00000180596;ENSG00000168646;ENSG00000134982;ENSG00000127922;ENSG00000036257;ENSG00000174804;ENSG00000139292;ENSG00000129084;ENSG00000203811;ENSG00000108854;ENSG00000221983;ENSG00000100387;ENSG00000169218"
"REACTOME","REACTOME_C_TYPE_LECTIN_RECEPTORS_CLRS",0.000726296531301552,0.0159958200515788,0.477270815362862,0.42646414084567,1.64498989228767,113,"ENSG00000163932;ENSG00000142867;ENSG00000072401;ENSG00000010810;ENSG00000144744;ENSG00000109320;ENSG00000138814;ENSG00000100804;ENSG00000142875;ENSG00000111729;ENSG00000100764;ENSG00000197170;ENSG00000133703;ENSG00000100519;ENSG00000244687;ENSG00000041357;ENSG00000166167;ENSG00000126067;ENSG00000173692;ENSG00000104856;ENSG00000055130;ENSG00000100567;ENSG00000100784;ENSG00000123104;ENSG00000064012;ENSG00000101182;ENSG00000087191;ENSG00000177889;ENSG00000013275;ENSG00000170315;ENSG00000103035;ENSG00000008018;ENSG00000115233;ENSG00000185627;ENSG00000108671;ENSG00000269335;ENSG00000149269;ENSG00000127922;ENSG00000077264;ENSG00000129084;ENSG00000101096;ENSG00000221983;ENSG00000157625"
"REACTOME","REACTOME_DISEASES_OF_SIGNAL_TRANSDUCTION_BY_GROWTH_FACTOR_RECEPTORS_AND_SECOND_MESSENGERS",0.000736351489626502,0.0159958200515788,0.477270815362862,0.301904079413663,1.36060439451301,436,"ENSG00000143507;ENSG00000124831;ENSG00000096968;ENSG00000171094;ENSG00000137713;ENSG00000127947;ENSG00000147475;ENSG00000113070;ENSG00000157077;ENSG00000163513;ENSG00000166913;ENSG00000115808;ENSG00000163517;ENSG00000010810;ENSG00000138685;ENSG00000137845;ENSG00000089220;ENSG00000164683;ENSG00000188766;ENSG00000259207;ENSG00000131650;ENSG00000107854;ENSG00000100142;ENSG00000113575;ENSG00000138363;ENSG00000100804;ENSG00000186716;ENSG00000156735;ENSG00000105939;ENSG00000124762;ENSG00000163251;ENSG00000006459;ENSG00000100311;ENSG00000114416;ENSG00000088832;ENSG00000100764;ENSG00000113712;ENSG00000168214;ENSG00000163909;ENSG00000164930;ENSG00000186298;ENSG00000197170;ENSG00000145675;ENSG00000135968;ENSG00000133703;ENSG00000161011;ENSG00000163235;ENSG00000144674;ENSG00000169032;ENSG00000109458;ENSG00000100519;ENSG00000080824;ENSG00000100345;ENSG00000124181;ENSG00000139687;ENSG00000177283;ENSG00000041357;ENSG00000051382;ENSG00000196591;ENSG00000112237;ENSG00000198719;ENSG00000011021;ENSG00000113578;ENSG00000058404;ENSG00000092847;ENSG00000126067;ENSG00000173692;ENSG00000170759;ENSG00000055130;ENSG00000204843;ENSG00000122691;ENSG00000107104;ENSG00000100567;ENSG00000138801;ENSG00000065361;ENSG00000066468;ENSG00000178568;ENSG00000182866;ENSG00000110841;ENSG00000134698;ENSG00000143384;ENSG00000114315;ENSG00000143549;ENSG00000101182;ENSG00000177700;ENSG00000130779;ENSG00000087191;ENSG00000167085;ENSG00000164327;ENSG00000108773;ENSG00000111790;ENSG00000075413;ENSG00000115904;ENSG00000050748;ENSG00000100815;ENSG00000078579;ENSG00000132964;ENSG00000114166;ENSG00000176105;ENSG00000205155;ENSG00000163882;ENSG00000013275;ENSG00000102678;ENSG00000136937;ENSG00000122779;ENSG00000160867;ENSG00000102312;ENSG00000128917;ENSG00000170315;ENSG00000149970;ENSG00000103035;ENSG00000107831;ENSG00000118689;ENSG00000184481;ENSG00000112640;ENSG00000157404;ENSG00000184545;ENSG00000171564;ENSG00000008018;ENSG00000121879;ENSG00000204673;ENSG00000091831;ENSG00000138675;ENSG00000115233;ENSG00000122025;ENSG00000213639;ENSG00000171608;ENSG00000177565;ENSG00000117020;ENSG00000185627;ENSG00000164252;ENSG00000110395;ENSG00000108840;ENSG00000108671;ENSG00000181163;ENSG00000163501;ENSG00000153201;ENSG00000132842;ENSG00000055147;ENSG00000198793;ENSG00000134982;ENSG00000177885;ENSG00000122778;ENSG00000141367;ENSG00000127914;ENSG00000179295;ENSG00000127922;ENSG00000197921;ENSG00000091732;ENSG00000132906;ENSG00000174804;ENSG00000141027;ENSG00000163026;ENSG00000129084;ENSG00000158815;ENSG00000148053;ENSG00000118260"
"REACTOME","REACTOME_FCERI_MEDIATED_NF_KB_ACTIVATION",0.000792736752211124,0.0169597620321531,0.477270815362862,0.49928781004523,1.76785251566409,68,"ENSG00000142867;ENSG00000072401;ENSG00000109320;ENSG00000100804;ENSG00000100764;ENSG00000197170;ENSG00000100519;ENSG00000244687;ENSG00000041357;ENSG00000166167;ENSG00000126067;ENSG00000173692;ENSG00000055130;ENSG00000100567;ENSG00000101182;ENSG00000087191;ENSG00000177889;ENSG00000013275;ENSG00000170315;ENSG00000103035;ENSG00000068831;ENSG00000172575;ENSG00000008018;ENSG00000115233;ENSG00000185627;ENSG00000108671;ENSG00000269335;ENSG00000127922;ENSG00000129084;ENSG00000221983;ENSG00000157625"
"REACTOME","REACTOME_CELLULAR_RESPONSE_TO_CHEMICAL_STRESS",0.00082622572934496,0.0174123989527624,0.477270815362862,0.3706531143325,1.53157431301689,188,"ENSG00000163932;ENSG00000001084;ENSG00000181019;ENSG00000117450;ENSG00000103415;ENSG00000116044;ENSG00000189043;ENSG00000109320;ENSG00000162409;ENSG00000023909;ENSG00000100804;ENSG00000051523;ENSG00000271303;ENSG00000106605;ENSG00000080546;ENSG00000124762;ENSG00000177556;ENSG00000142657;ENSG00000100764;ENSG00000197170;ENSG00000130766;ENSG00000138413;ENSG00000161011;ENSG00000127511;ENSG00000100519;ENSG00000163931;ENSG00000211445;ENSG00000041357;ENSG00000178741;ENSG00000100348;ENSG00000166167;ENSG00000126067;ENSG00000130589;ENSG00000173692;ENSG00000090013;ENSG00000055130;ENSG00000012048;ENSG00000100567;ENSG00000124177;ENSG00000233276;ENSG00000101182;ENSG00000087191;ENSG00000013275;ENSG00000117592;ENSG00000108691;ENSG00000170315;ENSG00000103035;ENSG00000142168;ENSG00000083093;ENSG00000147889;ENSG00000008018;ENSG00000163558;ENSG00000103222;ENSG00000172115;ENSG00000115233;ENSG00000177565;ENSG00000117020;ENSG00000084207;ENSG00000185627;ENSG00000111775;ENSG00000108671;ENSG00000079999;ENSG00000176153;ENSG00000177200;ENSG00000100292;ENSG00000131174;ENSG00000140941;ENSG00000127922;ENSG00000036257;ENSG00000141027;ENSG00000129084;ENSG00000198804;ENSG00000103375;ENSG00000221983;ENSG00000158517;ENSG00000100387"
"REACTOME","REACTOME_SIGNALING_BY_THE_B_CELL_RECEPTOR_BCR",0.000843066740761377,0.0175060329111039,0.477270815362862,0.433598242289569,1.63627580635046,98,"ENSG00000142867;ENSG00000010810;ENSG00000109320;ENSG00000138814;ENSG00000100804;ENSG00000088832;ENSG00000100764;ENSG00000197170;ENSG00000145675;ENSG00000133703;ENSG00000136573;ENSG00000100519;ENSG00000041357;ENSG00000196262;ENSG00000166167;ENSG00000126067;ENSG00000173692;ENSG00000055130;ENSG00000100567;ENSG00000123104;ENSG00000101182;ENSG00000276045;ENSG00000087191;ENSG00000115904;ENSG00000158092;ENSG00000013275;ENSG00000170315;ENSG00000103035;ENSG00000172575;ENSG00000008018;ENSG00000115233;ENSG00000171608;ENSG00000185627;ENSG00000108671;ENSG00000269335;ENSG00000177885;ENSG00000127922;ENSG00000129084;ENSG00000101096;ENSG00000221983"
"REACTOME","REACTOME_MITOCHONDRIAL_PROTEIN_IMPORT",0.000903039806230823,0.0184795971941728,0.477270815362862,0.489693588987519,1.7209709847339,65,"ENSG00000100412;ENSG00000170791;ENSG00000152234;ENSG00000213585;ENSG00000113013;ENSG00000144381;ENSG00000062485;ENSG00000205981;ENSG00000100347;ENSG00000173085;ENSG00000166136;ENSG00000168275;ENSG00000134375;ENSG00000265354;ENSG00000110955;ENSG00000109519;ENSG00000100216;ENSG00000126953;ENSG00000107959;ENSG00000125611;ENSG00000181924;ENSG00000134809;ENSG00000004864;ENSG00000150779;ENSG00000100575;ENSG00000104980;ENSG00000105197;ENSG00000173171;ENSG00000105819;ENSG00000154174;ENSG00000130204;ENSG00000165688"
"REACTOME","REACTOME_REGULATION_OF_INSULIN_LIKE_GROWTH_FACTOR_IGF_TRANSPORT_AND_UPTAKE_BY_INSULIN_LIKE_GROWTH_FACTOR_BINDING_PROTEINS_IGFBPS",0.000929126559584821,0.0187418100304824,0.477270815362862,-0.445272081944052,-1.65754915286695,115,"ENSG00000166598;ENSG00000102580;ENSG00000099769;ENSG00000143870;ENSG00000167244;ENSG00000130175;ENSG00000185624;ENSG00000091136;ENSG00000070404;ENSG00000116260;ENSG00000071073;ENSG00000172037;ENSG00000115461;ENSG00000102854;ENSG00000164054;ENSG00000049323;ENSG00000091513;ENSG00000140545;ENSG00000113739;ENSG00000102265;ENSG00000179403;ENSG00000140093;ENSG00000115414;ENSG00000142871;ENSG00000101439;ENSG00000125378;ENSG00000001036;ENSG00000038427;ENSG00000163975;ENSG00000180210;ENSG00000108950;ENSG00000244731;ENSG00000100097"
"REACTOME","REACTOME_NEUREXINS_AND_NEUROLIGINS",0.000966299670427123,0.0192128779951513,0.477270815362862,0.518439223658076,1.76650437338406,54,"ENSG00000021645;ENSG00000088367;ENSG00000103942;ENSG00000148943;ENSG00000116544;ENSG00000170579;ENSG00000163110;ENSG00000161509;ENSG00000011347;ENSG00000079819;ENSG00000146938;ENSG00000115109;ENSG00000198739;ENSG00000104863;ENSG00000176204;ENSG00000080845;ENSG00000152413;ENSG00000146006;ENSG00000176884;ENSG00000110076;ENSG00000136279;ENSG00000170743;ENSG00000150672;ENSG00000197555"
"REACTOME","REACTOME_CDK_MEDIATED_PHOSPHORYLATION_AND_REMOVAL_OF_CDC6",0.000979693495503466,0.0192128779951513,0.45505986738723,0.496779887713596,1.72106840569069,60,"ENSG00000072401;ENSG00000100804;ENSG00000100764;ENSG00000197170;ENSG00000100519;ENSG00000089053;ENSG00000041357;ENSG00000126067;ENSG00000173692;ENSG00000100567;ENSG00000101182;ENSG00000087191;ENSG00000196510;ENSG00000013275;ENSG00000130177;ENSG00000170315;ENSG00000103035;ENSG00000175305;ENSG00000008018;ENSG00000115233;ENSG00000123374;ENSG00000185627;ENSG00000108671;ENSG00000127922;ENSG00000164162;ENSG00000129084;ENSG00000141552;ENSG00000053900;ENSG00000221983;ENSG00000170142;ENSG00000004897"
"REACTOME","REACTOME_STAT3_NUCLEAR_EVENTS_DOWNSTREAM_OF_ALK_SIGNALING",0.00103170021173986,0.0199556260133792,0.45505986738723,0.805146289245694,1.87639243393807,11,"ENSG00000120217;ENSG00000100644;ENSG00000057657;ENSG00000196591"
"REACTOME","REACTOME_RHOD_GTPASE_CYCLE",0.00105497296420879,0.0201300246684163,0.45505986738723,0.512708790688202,1.74159495249981,53,"ENSG00000139641;ENSG00000076706;ENSG00000142634;ENSG00000145819;ENSG00000114554;ENSG00000033867;ENSG00000115107;ENSG00000145675;ENSG00000113758;ENSG00000185722;ENSG00000164040;ENSG00000137843;ENSG00000118407;ENSG00000147799;ENSG00000100852;ENSG00000118804;ENSG00000101349;ENSG00000143337;ENSG00000174106;ENSG00000148700;ENSG00000130150;ENSG00000072110;ENSG00000077549"
"REACTOME","REACTOME_MRNA_SPLICING",0.00106937594036767,0.0201327843706554,0.45505986738723,0.359037633135971,1.50390945990206,212,"ENSG00000154548;ENSG00000102241;ENSG00000161981;ENSG00000116350;ENSG00000100142;ENSG00000096401;ENSG00000168566;ENSG00000108883;ENSG00000117751;ENSG00000134453;ENSG00000105617;ENSG00000039123;ENSG00000119953;ENSG00000105705;ENSG00000143751;ENSG00000160799;ENSG00000150459;ENSG00000060339;ENSG00000163877;ENSG00000116752;ENSG00000065978;ENSG00000109606;ENSG00000101343;ENSG00000146007;ENSG00000177700;ENSG00000143294;ENSG00000076053;ENSG00000164609;ENSG00000128534;ENSG00000100109;ENSG00000136819;ENSG00000105058;ENSG00000086589;ENSG00000136875;ENSG00000141543;ENSG00000125870;ENSG00000163882;ENSG00000104824;ENSG00000136937;ENSG00000089280;ENSG00000126945;ENSG00000124562;ENSG00000162385;ENSG00000092199;ENSG00000265241;ENSG00000128739;ENSG00000153187;ENSG00000099783;ENSG00000163510;ENSG00000115524;ENSG00000076650;ENSG00000143977;ENSG00000161547;ENSG00000076924;ENSG00000100650;ENSG00000068394;ENSG00000131013;ENSG00000109971;ENSG00000189091;ENSG00000130332;ENSG00000114503;ENSG00000120688;ENSG00000116754;ENSG00000165119;ENSG00000204392;ENSG00000184209;ENSG00000100138;ENSG00000099817;ENSG00000171566;ENSG00000105618;ENSG00000005436;ENSG00000138398;ENSG00000147669;ENSG00000111786;ENSG00000126698;ENSG00000136527;ENSG00000113141;ENSG00000126653;ENSG00000145833;ENSG00000101452;ENSG00000150316;ENSG00000047315;ENSG00000168002;ENSG00000185946;ENSG00000163714;ENSG00000132792;ENSG00000171960;ENSG00000170144;ENSG00000082068;ENSG00000108349;ENSG00000125352;ENSG00000060688;ENSG00000077312;ENSG00000113593;ENSG00000113649;ENSG00000168438;ENSG00000125835;ENSG00000100410;ENSG00000003756"
"REACTOME","REACTOME_MATURATION_OF_SARS_COV_2_SPIKE_PROTEIN",0.00112347835009975,0.0208730451360638,0.45505986738723,-0.583148367941978,-1.80688988741313,41,"ENSG00000134910;ENSG00000127022;ENSG00000156599;ENSG00000130175;ENSG00000089597;ENSG00000163902;ENSG00000126091;ENSG00000198856;ENSG00000102158;ENSG00000071073;ENSG00000244038;ENSG00000161013;ENSG00000104219;ENSG00000163527"
"REACTOME","REACTOME_HSF1_DEPENDENT_TRANSACTIVATION",0.00116932661478552,0.0214427166243787,0.45505986738723,0.560739720525395,1.75829678492353,36,"ENSG00000106211;ENSG00000004478;ENSG00000105993;ENSG00000096384;ENSG00000149257;ENSG00000080824;ENSG00000058404;ENSG00000146072;ENSG00000120694;ENSG00000112110;ENSG00000170315;ENSG00000152137;ENSG00000204673;ENSG00000230989;ENSG00000107018;ENSG00000198793;ENSG00000109971;ENSG00000204389;ENSG00000110958"
"REACTOME","REACTOME_NPAS4_REGULATES_EXPRESSION_OF_TARGET_GENES",0.00122216998788067,0.0221244105498397,0.45505986738723,-0.700322989435279,-1.87216190822156,21,"ENSG00000254647;ENSG00000135679;ENSG00000120645;ENSG00000170345"
"REACTOME","REACTOME_MRNA_POLYADENYLATION",0.00124265144578037,0.022210428372682,0.45505986738723,0.394966026006879,1.54935160359379,127,"ENSG00000154548;ENSG00000102241;ENSG00000116350;ENSG00000100142;ENSG00000117751;ENSG00000134453;ENSG00000119953;ENSG00000105705;ENSG00000165934;ENSG00000115421;ENSG00000060339;ENSG00000176102;ENSG00000065978;ENSG00000109606;ENSG00000172409;ENSG00000177700;ENSG00000125870;ENSG00000149016;ENSG00000163882;ENSG00000104824;ENSG00000136937;ENSG00000089280;ENSG00000170315;ENSG00000126945;ENSG00000124562;ENSG00000092199;ENSG00000213639;ENSG00000128739;ENSG00000153187;ENSG00000099783;ENSG00000115524;ENSG00000143977;ENSG00000161547;ENSG00000119203;ENSG00000100650;ENSG00000189091;ENSG00000090060;ENSG00000114503;ENSG00000221983;ENSG00000116754;ENSG00000165119;ENSG00000122257;ENSG00000099817;ENSG00000147669;ENSG00000111786;ENSG00000126698;ENSG00000088930;ENSG00000136527;ENSG00000145833;ENSG00000167005;ENSG00000047315;ENSG00000168002;ENSG00000163714;ENSG00000170144;ENSG00000077312;ENSG00000113649;ENSG00000168438;ENSG00000125835;ENSG00000100410;ENSG00000003756;ENSG00000145216;ENSG00000169564;ENSG00000111605;ENSG00000143947"
"REACTOME","REACTOME_APOPTOSIS",0.00139098671656245,0.0245509155473273,0.45505986738723,0.376868211130695,1.52831484404578,162,"ENSG00000163932;ENSG00000096696;ENSG00000170027;ENSG00000035664;ENSG00000166913;ENSG00000104081;ENSG00000162600;ENSG00000186868;ENSG00000164305;ENSG00000100804;ENSG00000088808;ENSG00000100764;ENSG00000104067;ENSG00000197170;ENSG00000100519;ENSG00000102572;ENSG00000108561;ENSG00000041357;ENSG00000157500;ENSG00000178209;ENSG00000108424;ENSG00000120910;ENSG00000126067;ENSG00000169857;ENSG00000173692;ENSG00000100567;ENSG00000149089;ENSG00000039068;ENSG00000128245;ENSG00000064012;ENSG00000101182;ENSG00000143514;ENSG00000197694;ENSG00000184047;ENSG00000087191;ENSG00000198836;ENSG00000164924;ENSG00000114030;ENSG00000087470;ENSG00000160049;ENSG00000013275;ENSG00000088986;ENSG00000170315;ENSG00000103035;ENSG00000147889;ENSG00000008018;ENSG00000172115;ENSG00000115233;ENSG00000108387;ENSG00000117020;ENSG00000185627;ENSG00000108671;ENSG00000120868;ENSG00000134982;ENSG00000134602;ENSG00000026103;ENSG00000136279;ENSG00000243414;ENSG00000127922;ENSG00000132906"
"REACTOME","REACTOME_DEGRADATION_OF_DVL",0.00141754188077458,0.0247107300697989,0.45505986738723,0.53815295909209,1.75750580185119,43,"ENSG00000100804;ENSG00000100764;ENSG00000197170;ENSG00000100519;ENSG00000041357;ENSG00000126067;ENSG00000173692;ENSG00000100567;ENSG00000165617;ENSG00000101182;ENSG00000087191;ENSG00000013275;ENSG00000170315;ENSG00000103035;ENSG00000008018;ENSG00000115233;ENSG00000185627;ENSG00000108671;ENSG00000127922;ENSG00000036257;ENSG00000129084;ENSG00000221983;ENSG00000100387"
"REACTOME","REACTOME_COLLAGEN_BIOSYNTHESIS_AND_MODIFYING_ENZYMES",0.00144661780037679,0.0249100528552686,0.45505986738723,-0.504908136923619,-1.69581813709596,62,"ENSG00000166794;ENSG00000196739;ENSG00000185624;ENSG00000084636;ENSG00000171812;ENSG00000114270;ENSG00000182871;ENSG00000090530;ENSG00000106333;ENSG00000187955;ENSG00000110811;ENSG00000130635;ENSG00000149380;ENSG00000083444;ENSG00000101203"
"REACTOME","REACTOME_RESPIRATORY_ELECTRON_TRANSPORT",0.00146491171264815,0.0249211486537252,0.45505986738723,0.382453943231399,1.54562591496192,157,"ENSG00000171503;ENSG00000133028;ENSG00000004961;ENSG00000189043;ENSG00000156170;ENSG00000140374;ENSG00000267855;ENSG00000178127;ENSG00000113013;ENSG00000169021;ENSG00000147684;ENSG00000204954;ENSG00000073578;ENSG00000105341;ENSG00000123545;ENSG00000178741;ENSG00000224877;ENSG00000119421;ENSG00000181061;ENSG00000156467;ENSG00000133983;ENSG00000130414;ENSG00000166136;ENSG00000135469;ENSG00000131495;ENSG00000250317;ENSG00000083099;ENSG00000144120;ENSG00000170906;ENSG00000164405;ENSG00000137806;ENSG00000143252;ENSG00000023228;ENSG00000184752;ENSG00000139180;ENSG00000168569;ENSG00000155463;ENSG00000151366;ENSG00000186010;ENSG00000106603;ENSG00000172115;ENSG00000111775;ENSG00000127838;ENSG00000184983;ENSG00000136463;ENSG00000101019;ENSG00000004864;ENSG00000131174;ENSG00000136003;ENSG00000168924;ENSG00000164182;ENSG00000173660"
"REACTOME","REACTOME_SIGNALING_BY_FGFR_IN_DISEASE",0.00156836548709839,0.0263634769974158,0.45505986738723,0.494805349792116,1.70532309376643,58,"ENSG00000124831;ENSG00000147475;ENSG00000138685;ENSG00000100142;ENSG00000186716;ENSG00000156735;ENSG00000145675;ENSG00000133703;ENSG00000109458;ENSG00000124181;ENSG00000113578;ENSG00000066468;ENSG00000177700;ENSG00000111790;ENSG00000115904;ENSG00000078579;ENSG00000163882;ENSG00000102678;ENSG00000136937;ENSG00000122779;ENSG00000160867;ENSG00000107831;ENSG00000121879;ENSG00000138675"
"REACTOME","REACTOME_ATTENUATION_PHASE",0.00168522791122161,0.0274099409183278,0.45505986738723,0.616591090927184,1.81651535117074,27,"ENSG00000106211;ENSG00000004478;ENSG00000105993;ENSG00000096384;ENSG00000149257;ENSG00000080824;ENSG00000146072;ENSG00000120694;ENSG00000112110;ENSG00000170315;ENSG00000230989;ENSG00000107018;ENSG00000109971;ENSG00000204389;ENSG00000110958"
"REACTOME","REACTOME_RNA_POLYMERASE_I_TRANSCRIPTION_INITIATION",0.00165468933540782,0.0274099409183278,0.45505986738723,0.526821932377533,1.7463220443928,47,"ENSG00000171453;ENSG00000167491;ENSG00000115750;ENSG00000100142;ENSG00000170004;ENSG00000117877;ENSG00000125630;ENSG00000196591;ENSG00000112592;ENSG00000145736;ENSG00000104884;ENSG00000177700;ENSG00000108773;ENSG00000114166;ENSG00000225830;ENSG00000166012;ENSG00000163882;ENSG00000105849;ENSG00000110768;ENSG00000143498;ENSG00000020426;ENSG00000137054;ENSG00000125482;ENSG00000099817;ENSG00000272047"
"REACTOME","REACTOME_SCF_BETA_TRCP_MEDIATED_DEGRADATION_OF_EMI1",0.00168885613306977,0.0274099409183278,0.45505986738723,0.531485312249485,1.72416603917746,42,"ENSG00000100804;ENSG00000100764;ENSG00000197170;ENSG00000100519;ENSG00000041357;ENSG00000166167;ENSG00000126067;ENSG00000173692;ENSG00000055130;ENSG00000100567;ENSG00000101182;ENSG00000087191;ENSG00000013275;ENSG00000170315;ENSG00000103035;ENSG00000008018;ENSG00000115233;ENSG00000185627;ENSG00000108671;ENSG00000127922;ENSG00000129084;ENSG00000221983;ENSG00000113558;ENSG00000099341;ENSG00000106588;ENSG00000165916"
"REACTOME","REACTOME_NUCLEAR_RNA_DECAY",0.00174652165850455,0.0277465321255566,0.45505986738723,0.573501382348742,1.78744396996937,35,"ENSG00000121274;ENSG00000171824;ENSG00000178896;ENSG00000039123;ENSG00000164091;ENSG00000033030;ENSG00000115421;ENSG00000107371;ENSG00000076053;ENSG00000083520;ENSG00000130713;ENSG00000136937;ENSG00000135698;ENSG00000147905;ENSG00000197223;ENSG00000114503;ENSG00000223496;ENSG00000139746;ENSG00000133858;ENSG00000130749;ENSG00000088930;ENSG00000075914;ENSG00000014164;ENSG00000123737"
"REACTOME","REACTOME_SPOP_MEDIATED_PROTEASOMAL_DEGRADATION_OF_PD_L1_CD274",0.00174889614672417,0.0277465321255566,0.45505986738723,0.53052015812895,1.75010359289883,46,"ENSG00000120217;ENSG00000170027;ENSG00000100804;ENSG00000100764;ENSG00000197170;ENSG00000100519;ENSG00000041357;ENSG00000126067;ENSG00000173692;ENSG00000100567;ENSG00000101182;ENSG00000121067;ENSG00000087191;ENSG00000013275;ENSG00000170315;ENSG00000103035;ENSG00000008018;ENSG00000115233;ENSG00000185627;ENSG00000108671;ENSG00000127922;ENSG00000036257;ENSG00000129084;ENSG00000221983;ENSG00000100387"
"REACTOME","REACTOME_LAGGING_STRAND_SYNTHESIS",0.00185269041615667,0.0287199123151639,0.45505986738723,-0.685273135717652,-1.81056409859113,20,"ENSG00000198056;ENSG00000105486;ENSG00000077514;ENSG00000146143;ENSG00000106399;ENSG00000168496;ENSG00000014138;ENSG00000163918;ENSG00000035928;ENSG00000132646;ENSG00000062822;ENSG00000111445;ENSG00000132383;ENSG00000049541;ENSG00000106628;ENSG00000117748"
"REACTOME","REACTOME_ANTIGEN_PRESENTATION_FOLDING_ASSEMBLY_AND_PEPTIDE_LOADING_OF_CLASS_I_MHC",0.00187126907435912,0.0287199123151639,0.45505986738723,-0.616552202699234,-1.77043963723736,29,"ENSG00000044574;ENSG00000127022;ENSG00000179218;ENSG00000167004;ENSG00000126581;ENSG00000157020;ENSG00000168394;ENSG00000164307;ENSG00000176986;ENSG00000164308"
"REACTOME","REACTOME_DECTIN_1_MEDIATED_NONCANONICAL_NF_KB_SIGNALING",0.00185079726746308,0.0287199123151639,0.45505986738723,0.523434817077265,1.73509435292395,47,"ENSG00000144744;ENSG00000100804;ENSG00000100764;ENSG00000197170;ENSG00000100519;ENSG00000041357;ENSG00000166167;ENSG00000126067;ENSG00000173692;ENSG00000104856;ENSG00000055130;ENSG00000100567;ENSG00000101182;ENSG00000087191;ENSG00000013275;ENSG00000170315;ENSG00000103035;ENSG00000008018;ENSG00000115233;ENSG00000185627;ENSG00000108671;ENSG00000127922;ENSG00000129084;ENSG00000221983;ENSG00000113558;ENSG00000099341;ENSG00000106588;ENSG00000165916"
"REACTOME","REACTOME_DEGRADATION_OF_BETA_CATENIN_BY_THE_DESTRUCTION_COMPLEX",0.00197651146814549,0.0300089698174348,0.431707695803346,0.461309459542963,1.64949985557021,72,"ENSG00000137713;ENSG00000140332;ENSG00000113575;ENSG00000100804;ENSG00000065717;ENSG00000181274;ENSG00000100764;ENSG00000113712;ENSG00000197170;ENSG00000081059;ENSG00000100519;ENSG00000041357;ENSG00000166167;ENSG00000019995;ENSG00000126067;ENSG00000173692;ENSG00000055130;ENSG00000100567;ENSG00000101182;ENSG00000087191;ENSG00000104964;ENSG00000013275;ENSG00000170315;ENSG00000103035;ENSG00000112640;ENSG00000008018;ENSG00000115233;ENSG00000185627;ENSG00000108671;ENSG00000168646;ENSG00000134982;ENSG00000127922;ENSG00000129084;ENSG00000221983;ENSG00000100387;ENSG00000113558;ENSG00000099341;ENSG00000184675;ENSG00000104695;ENSG00000106588;ENSG00000165916;ENSG00000152284"
"REACTOME","REACTOME_UBIQUITIN_MEDIATED_DEGRADATION_OF_PHOSPHORYLATED_CDC25A",0.00200582051924519,0.0301299848210022,0.431707695803346,0.502714907461109,1.69205235246035,51,"ENSG00000100804;ENSG00000100764;ENSG00000113712;ENSG00000197170;ENSG00000100519;ENSG00000041357;ENSG00000166167;ENSG00000126067;ENSG00000173692;ENSG00000055130;ENSG00000100567;ENSG00000101182;ENSG00000185386;ENSG00000087191;ENSG00000013275;ENSG00000170315;ENSG00000103035;ENSG00000008018;ENSG00000115233;ENSG00000185627;ENSG00000108671;ENSG00000127922;ENSG00000129084;ENSG00000221983;ENSG00000100387;ENSG00000113558;ENSG00000099341;ENSG00000106588;ENSG00000165916;ENSG00000142507;ENSG00000114670;ENSG00000082701"
"REACTOME","REACTOME_HEDGEHOG_OFF_STATE",0.00205556340080424,0.0305521633887957,0.431707695803346,0.423429731430706,1.59949130447049,99,"ENSG00000167552;ENSG00000078295;ENSG00000100804;ENSG00000137267;ENSG00000142875;ENSG00000188191;ENSG00000005249;ENSG00000100764;ENSG00000137285;ENSG00000123607;ENSG00000113712;ENSG00000185920;ENSG00000197170;ENSG00000078747;ENSG00000100519;ENSG00000041357;ENSG00000087460;ENSG00000166167;ENSG00000126067;ENSG00000173692;ENSG00000164742;ENSG00000055130;ENSG00000143199;ENSG00000100567;ENSG00000111087;ENSG00000101182;ENSG00000087191;ENSG00000013275;ENSG00000131437;ENSG00000170315;ENSG00000103035;ENSG00000008018;ENSG00000115233;ENSG00000185627;ENSG00000108671;ENSG00000121281;ENSG00000127922;ENSG00000133961;ENSG00000129084;ENSG00000114302;ENSG00000221983;ENSG00000100387"
"REACTOME","REACTOME_PROTEASOME_ASSEMBLY",0.00207965349356294,0.030588236801155,0.431707695803346,0.50110430599467,1.68663134353517,51,"ENSG00000131467;ENSG00000100804;ENSG00000100764;ENSG00000197170;ENSG00000204264;ENSG00000100519;ENSG00000041357;ENSG00000126067;ENSG00000173692;ENSG00000100567;ENSG00000101182;ENSG00000087191;ENSG00000183527;ENSG00000013275;ENSG00000103035;ENSG00000008018;ENSG00000115233;ENSG00000185627;ENSG00000108671;ENSG00000157778;ENSG00000127922;ENSG00000159352;ENSG00000129084;ENSG00000132963;ENSG00000240065;ENSG00000068878;ENSG00000099341;ENSG00000205220;ENSG00000106588;ENSG00000165916;ENSG00000128789;ENSG00000142507"
"REACTOME","REACTOME_TRANSPORT_OF_MATURE_TRANSCRIPT_TO_CYTOPLASM",0.0021396662165083,0.0311464814196878,0.431707695803346,0.435701357333909,1.60386558016927,84,"ENSG00000116350;ENSG00000108559;ENSG00000069248;ENSG00000122068;ENSG00000165934;ENSG00000085415;ENSG00000113569;ENSG00000093000;ENSG00000163002;ENSG00000163950;ENSG00000051596;ENSG00000125676;ENSG00000160679;ENSG00000164609;ENSG00000141543;ENSG00000132661;ENSG00000136937;ENSG00000124789;ENSG00000162385;ENSG00000151247;ENSG00000030066;ENSG00000265241;ENSG00000100296;ENSG00000153201;ENSG00000136243;ENSG00000161547;ENSG00000058673;ENSG00000119203;ENSG00000100650;ENSG00000058804;ENSG00000095319;ENSG00000114503;ENSG00000079134;ENSG00000116754"
"REACTOME","REACTOME_PERK_REGULATES_GENE_EXPRESSION",0.00248276786621834,0.0357721247663296,0.431707695803346,-0.620394558707723,-1.8231145022188,32,"ENSG00000044574;ENSG00000175197;ENSG00000051108;ENSG00000172795;ENSG00000172071;ENSG00000128272;ENSG00000118217;ENSG00000169429;ENSG00000120837;ENSG00000001167;ENSG00000172216"
"REACTOME","REACTOME_RNA_POLYMERASE_I_PROMOTER_ESCAPE",0.00277352369429513,0.0395577318822699,0.431707695803346,0.436923988965879,1.61229260620287,85,"ENSG00000158373;ENSG00000171453;ENSG00000115750;ENSG00000100142;ENSG00000117877;ENSG00000125630;ENSG00000132475;ENSG00000158406;ENSG00000184678;ENSG00000278828;ENSG00000185130;ENSG00000122565;ENSG00000112592;ENSG00000145736;ENSG00000197837;ENSG00000104884;ENSG00000177700;ENSG00000273983;ENSG00000275714;ENSG00000166012;ENSG00000163882;ENSG00000105849;ENSG00000110768;ENSG00000273802;ENSG00000180573;ENSG00000143498;ENSG00000197903;ENSG00000124635;ENSG00000233822;ENSG00000180596;ENSG00000020426;ENSG00000203811;ENSG00000137054;ENSG00000183598;ENSG00000099817;ENSG00000272047;ENSG00000196890;ENSG00000147669;ENSG00000234289;ENSG00000277775;ENSG00000184260"
"REACTOME","REACTOME_BINDING_AND_UPTAKE_OF_LIGANDS_BY_SCAVENGER_RECEPTORS",0.00294548835506444,0.0415902955735099,0.431707695803346,-0.559078351450302,-1.73230874858192,41,"ENSG00000166598;ENSG00000149428;ENSG00000179954;ENSG00000179218;ENSG00000211644;ENSG00000123384;ENSG00000106927;ENSG00000168079;ENSG00000167996;ENSG00000113140;ENSG00000038945;ENSG00000087086"
"REACTOME","REACTOME_REGULATION_OF_EXPRESSION_OF_SLITS_AND_ROBOS",0.00298514886703063,0.0417329722796757,0.431707695803346,0.370044115963413,1.49499537813748,156,"ENSG00000145147;ENSG00000070756;ENSG00000187122;ENSG00000103342;ENSG00000107187;ENSG00000100804;ENSG00000100764;ENSG00000197170;ENSG00000174748;ENSG00000100519;ENSG00000169062;ENSG00000041357;ENSG00000143355;ENSG00000154582;ENSG00000126067;ENSG00000173692;ENSG00000100567;ENSG00000101182;ENSG00000149273;ENSG00000087191;ENSG00000083845;ENSG00000141543;ENSG00000233927;ENSG00000013275;ENSG00000137818;ENSG00000136937;ENSG00000037241;ENSG00000105372;ENSG00000170315;ENSG00000103035;ENSG00000108107;ENSG00000008018;ENSG00000162385;ENSG00000106689;ENSG00000115233;ENSG00000265241;ENSG00000016082;ENSG00000185627;ENSG00000108671;ENSG00000120705;ENSG00000077254;ENSG00000151461;ENSG00000198242;ENSG00000213741;ENSG00000127922;ENSG00000129084;ENSG00000118181;ENSG00000114503;ENSG00000221983;ENSG00000089009;ENSG00000142541;ENSG00000100387;ENSG00000177600;ENSG00000177954;ENSG00000229117;ENSG00000099341;ENSG00000170889;ENSG00000168028;ENSG00000197728;ENSG00000165502;ENSG00000197756;ENSG00000188153;ENSG00000106588;ENSG00000165916;ENSG00000135097;ENSG00000189369;ENSG00000124614;ENSG00000105640;ENSG00000140988;ENSG00000142507;ENSG00000130255;ENSG00000108349"
"REACTOME","REACTOME_N_GLYCAN_TRIMMING_IN_THE_ER_AND_CALNEXIN_CALRETICULIN_CYCLE",0.00308448575104629,0.0422844066065764,0.431707695803346,-0.615497330645333,-1.84544107879263,35,"ENSG00000127022;ENSG00000179218;ENSG00000145495;ENSG00000167004;ENSG00000130175;ENSG00000136731;ENSG00000089597;ENSG00000135506;ENSG00000072849;ENSG00000110917;ENSG00000162298"
"REACTOME","REACTOME_SIGNALING_BY_FGFR2_IN_DISEASE",0.00308029674442882,0.0422844066065764,0.431707695803346,0.543022417923703,1.72220351400793,38,"ENSG00000138685;ENSG00000100142;ENSG00000145675;ENSG00000133703;ENSG00000109458;ENSG00000124181;ENSG00000113578;ENSG00000066468;ENSG00000177700;ENSG00000115904;ENSG00000078579;ENSG00000163882;ENSG00000102678;ENSG00000136937;ENSG00000107831;ENSG00000121879;ENSG00000138675;ENSG00000177885;ENSG00000158815;ENSG00000114503;ENSG00000099817;ENSG00000147669;ENSG00000213281;ENSG00000047315;ENSG00000168002"
"REACTOME","REACTOME_SIGNAL_ATTENUATION",0.00314255181517236,0.0426661842598401,0.431707695803346,-0.80502456108662,-1.78280810194471,10,"ENSG00000254647;ENSG00000160691"
"REACTOME","REACTOME_DNA_STRAND_ELONGATION",0.00334453796813653,0.0437267371389702,0.431707695803346,-0.611562682433602,-1.79716082243365,32,"ENSG00000198056;ENSG00000105486;ENSG00000093009;ENSG00000077514;ENSG00000146143;ENSG00000106399;ENSG00000168496;ENSG00000112118;ENSG00000014138;ENSG00000163918;ENSG00000131153;ENSG00000035928;ENSG00000132646;ENSG00000062822;ENSG00000073111;ENSG00000111445;ENSG00000132383;ENSG00000125885;ENSG00000049541;ENSG00000106628;ENSG00000117748;ENSG00000181938;ENSG00000101003;ENSG00000175482;ENSG00000147536;ENSG00000100297"
"REACTOME","REACTOME_REGULATION_OF_APOPTOSIS",0.00326989718116554,0.0437267371389702,0.431707695803346,0.550372641401101,1.76602543582038,40,"ENSG00000162600;ENSG00000100804;ENSG00000100764;ENSG00000197170;ENSG00000100519;ENSG00000041357;ENSG00000126067;ENSG00000173692;ENSG00000100567;ENSG00000101182;ENSG00000087191;ENSG00000198836;ENSG00000013275;ENSG00000170315;ENSG00000103035;ENSG00000008018;ENSG00000115233;ENSG00000185627;ENSG00000108671;ENSG00000127922;ENSG00000129084;ENSG00000221983"
"REACTOME","REACTOME_REGULATION_OF_RUNX2_EXPRESSION_AND_ACTIVITY",0.00330402691949587,0.0437267371389702,0.431707695803346,0.474349677830621,1.63755785823184,59,"ENSG00000123124;ENSG00000100804;ENSG00000100764;ENSG00000197170;ENSG00000100519;ENSG00000041357;ENSG00000126067;ENSG00000173692;ENSG00000055130;ENSG00000122691;ENSG00000100567;ENSG00000101182;ENSG00000087191;ENSG00000006377;ENSG00000198742;ENSG00000013275;ENSG00000170315;ENSG00000103035;ENSG00000008018;ENSG00000091831;ENSG00000115233;ENSG00000185627;ENSG00000108671;ENSG00000127922;ENSG00000129084;ENSG00000125845;ENSG00000221983;ENSG00000100387;ENSG00000113558;ENSG00000099341;ENSG00000113580;ENSG00000106588;ENSG00000165916"
"REACTOME","REACTOME_METABOLISM_OF_CARBOHYDRATES_AND_CARBOHYDRATE_DERIVATIVES",0.00334248661475501,0.0437267371389702,0.431707695803346,0.323109707155316,1.3958820028076,282,"ENSG00000109956;ENSG00000165434;ENSG00000125430;ENSG00000171314;ENSG00000175040;ENSG00000011465;ENSG00000137713;ENSG00000067225;ENSG00000170340;ENSG00000112425;ENSG00000067057;ENSG00000163754;ENSG00000015532;ENSG00000156510;ENSG00000122863;ENSG00000147224;ENSG00000114770;ENSG00000109323;ENSG00000174684;ENSG00000111674;ENSG00000138604;ENSG00000113575;ENSG00000153936;ENSG00000159399;ENSG00000142875;ENSG00000198682;ENSG00000108559;ENSG00000171310;ENSG00000160408;ENSG00000074800;ENSG00000142657;ENSG00000170525;ENSG00000069248;ENSG00000197713;ENSG00000164776;ENSG00000115652;ENSG00000249853;ENSG00000136011;ENSG00000163931;ENSG00000183778;ENSG00000158470;ENSG00000085415;ENSG00000008513;ENSG00000149925;ENSG00000113569;ENSG00000093000;ENSG00000157350;ENSG00000067177;ENSG00000114646;ENSG00000163002;ENSG00000138801;ENSG00000103888;ENSG00000169299;ENSG00000169826;ENSG00000175264;ENSG00000182492;ENSG00000124145;ENSG00000121578;ENSG00000104812;ENSG00000182601;ENSG00000124789;ENSG00000111669;ENSG00000100889;ENSG00000105220;ENSG00000164100;ENSG00000170315;ENSG00000165140;ENSG00000090020;ENSG00000169764;ENSG00000162688;ENSG00000188316;ENSG00000176383;ENSG00000112640;ENSG00000023697;ENSG00000158850;ENSG00000030066;ENSG00000170950;ENSG00000182197;ENSG00000179913;ENSG00000198108;ENSG00000103044;ENSG00000153201;ENSG00000136243;ENSG00000185352"
"REACTOME","REACTOME_POLYMERASE_SWITCHING",0.0034917555771096,0.0452326502282455,0.34452128726268,-0.744596180844974,-1.79930718235722,14,"ENSG00000198056;ENSG00000077514;ENSG00000146143;ENSG00000014138;ENSG00000163918;ENSG00000035928;ENSG00000132646;ENSG00000062822;ENSG00000111445;ENSG00000049541;ENSG00000106628"
"REACTOME","REACTOME_FGFR1_MUTANT_RECEPTOR_ACTIVATION",0.00363947762791693,0.0467168399767233,0.354819512103747,0.603382561408556,1.79599901852877,28,"ENSG00000124831;ENSG00000147475;ENSG00000138685;ENSG00000186716;ENSG00000156735;ENSG00000145675;ENSG00000113578;ENSG00000111790;ENSG00000078579;ENSG00000102678;ENSG00000122779;ENSG00000107831;ENSG00000121879;ENSG00000138675;ENSG00000177885;ENSG00000158815;ENSG00000121741"
"REACTOME","REACTOME_UBIQUITIN_DEPENDENT_DEGRADATION_OF_CYCLIN_D",0.00367249945992655,0.0467168399767233,0.354819512103747,0.537908934622647,1.71872549634218,39,"ENSG00000100804;ENSG00000100764;ENSG00000197170;ENSG00000100519;ENSG00000041357;ENSG00000126067;ENSG00000173692;ENSG00000100567;ENSG00000101182;ENSG00000087191;ENSG00000013275;ENSG00000170315;ENSG00000103035;ENSG00000008018;ENSG00000115233;ENSG00000185627;ENSG00000108671;ENSG00000127922;ENSG00000129084;ENSG00000221983"
"REACTOME","REACTOME_GLUCOSE_METABOLISM",0.00383055430374042,0.0482923453292989,0.354819512103747,0.436234115101366,1.59673467628733,81,"ENSG00000165434;ENSG00000171314;ENSG00000137713;ENSG00000067225;ENSG00000067057;ENSG00000156510;ENSG00000111674;ENSG00000113575;ENSG00000159399;ENSG00000142875;ENSG00000108559;ENSG00000074800;ENSG00000170525;ENSG00000069248;ENSG00000085415;ENSG00000149925;ENSG00000113569;ENSG00000093000;ENSG00000163002;ENSG00000124789;ENSG00000111669;ENSG00000100889;ENSG00000105220;ENSG00000165140;ENSG00000188316;ENSG00000112640;ENSG00000030066;ENSG00000170950;ENSG00000153201;ENSG00000136243;ENSG00000113552;ENSG00000058804;ENSG00000095319;ENSG00000084734"
"HALLMARK","HALLMARK_MYC_TARGETS_V2",3.19951381614307e-07,1.59975690807153e-05,0.674962860011025,0.63216023668985,2.18460633922906,58,"ENSG00000120800;ENSG00000162851;ENSG00000105447;ENSG00000120158;ENSG00000163811;ENSG00000088205;ENSG00000159399;ENSG00000111641;ENSG00000132382;ENSG00000144381;ENSG00000112578;ENSG00000123545;ENSG00000052749;ENSG00000122565;ENSG00000053372;ENSG00000076248;ENSG00000132603;ENSG00000116649;ENSG00000170515;ENSG00000130810;ENSG00000001497;ENSG00000174669;ENSG00000167085;ENSG00000133316;ENSG00000196497;ENSG00000048162;ENSG00000166197;ENSG00000177192;ENSG00000100029;ENSG00000101361;ENSG00000181163;ENSG00000114767;ENSG00000136270;ENSG00000070814;ENSG00000179115;ENSG00000124383;ENSG00000156502"
"HALLMARK","HALLMARK_MYC_TARGETS_V1",7.87104996094045e-06,0.000196776249023511,0.593325476396405,0.421062479589184,1.75275998293614,200,"ENSG00000134001;ENSG00000070756;ENSG00000090621;ENSG00000171793;ENSG00000165732;ENSG00000150753;ENSG00000103342;ENSG00000096384;ENSG00000213585;ENSG00000096063;ENSG00000148229;ENSG00000171490;ENSG00000142864;ENSG00000088205;ENSG00000239672;ENSG00000143436;ENSG00000164163;ENSG00000144381;ENSG00000048828;ENSG00000111906;ENSG00000136045;ENSG00000145907;ENSG00000100519;ENSG00000108561;ENSG00000075415;ENSG00000106263;ENSG00000041357;ENSG00000196591;ENSG00000138385;ENSG00000178741;ENSG00000196262;ENSG00000108424;ENSG00000178952;ENSG00000065427;ENSG00000126067;ENSG00000122565;ENSG00000173692;ENSG00000055130;ENSG00000109606;ENSG00000196305;ENSG00000116649;ENSG00000170515;ENSG00000101182;ENSG00000161960;ENSG00000149273;ENSG00000167085;ENSG00000083845;ENSG00000125870;ENSG00000013275;ENSG00000136937;ENSG00000048162;ENSG00000166197;ENSG00000103035;ENSG00000166226;ENSG00000126261;ENSG00000104131;ENSG00000100823;ENSG00000135316;ENSG00000120438;ENSG00000151247;ENSG00000092199;ENSG00000115233;ENSG00000123374;ENSG00000166508;ENSG00000153187;ENSG00000106028;ENSG00000132341;ENSG00000101361;ENSG00000181163;ENSG00000115241;ENSG00000120705;ENSG00000114767;ENSG00000143977;ENSG00000161547;ENSG00000106682;ENSG00000143321;ENSG00000129084;ENSG00000189091;ENSG00000130332;ENSG00000114503;ENSG00000089009;ENSG00000074201;ENSG00000170142;ENSG00000120948;ENSG00000110958;ENSG00000204392;ENSG00000184575"
"HALLMARK","HALLMARK_CHOLESTEROL_HOMEOSTASIS",3.08129524339406e-05,0.000371077513482405,0.557332238758646,0.533838563346952,1.91868969691708,73,"ENSG00000178445;ENSG00000079459;ENSG00000116285;ENSG00000100600;ENSG00000067064;ENSG00000120437;ENSG00000113161;ENSG00000160200;ENSG00000170017;ENSG00000147383;ENSG00000146278;ENSG00000164938;ENSG00000110721;ENSG00000112972;ENSG00000135842;ENSG00000127955;ENSG00000160752;ENSG00000130164;ENSG00000104549;ENSG00000169710;ENSG00000188313;ENSG00000172893;ENSG00000109929;ENSG00000169136;ENSG00000147676;ENSG00000162772;ENSG00000166148;ENSG00000131069;ENSG00000167508;ENSG00000137449;ENSG00000110921;ENSG00000131981;ENSG00000132196;ENSG00000116663;ENSG00000160285"
"HALLMARK","HALLMARK_ADIPOGENESIS",3.54670684423388e-05,0.000371077513482405,0.557332238758646,0.410038189443744,1.69910376261062,194,"ENSG00000139641;ENSG00000100412;ENSG00000170027;ENSG00000137824;ENSG00000197885;ENSG00000138796;ENSG00000137547;ENSG00000170522;ENSG00000119927;ENSG00000084234;ENSG00000132305;ENSG00000129625;ENSG00000115255;ENSG00000138074;ENSG00000115159;ENSG00000120675;ENSG00000175567;ENSG00000135424;ENSG00000137767;ENSG00000128311;ENSG00000170525;ENSG00000019144;ENSG00000138413;ENSG00000117054;ENSG00000166411;ENSG00000136560;ENSG00000062485;ENSG00000099977;ENSG00000137992;ENSG00000131473;ENSG00000006831;ENSG00000163931;ENSG00000211445;ENSG00000172893;ENSG00000100075;ENSG00000100347;ENSG00000161533;ENSG00000151552;ENSG00000147872;ENSG00000149925;ENSG00000105281;ENSG00000165029;ENSG00000111275;ENSG00000091140;ENSG00000116171;ENSG00000173559;ENSG00000123096;ENSG00000122644;ENSG00000205726;ENSG00000074416;ENSG00000141232;ENSG00000164405;ENSG00000132423;ENSG00000109519;ENSG00000198130;ENSG00000135018;ENSG00000143252;ENSG00000156709;ENSG00000119787;ENSG00000152137;ENSG00000241837;ENSG00000142168;ENSG00000011566"
"HALLMARK","HALLMARK_OXIDATIVE_PHOSPHORYLATION",3.71077513482405e-05,0.000371077513482405,0.557332238758646,0.401352527875626,1.67071321718576,200,"ENSG00000171503;ENSG00000100412;ENSG00000168291;ENSG00000143153;ENSG00000152234;ENSG00000065154;ENSG00000137547;ENSG00000004961;ENSG00000132305;ENSG00000189043;ENSG00000213585;ENSG00000100142;ENSG00000140374;ENSG00000267855;ENSG00000178127;ENSG00000006695;ENSG00000113013;ENSG00000110435;ENSG00000169021;ENSG00000138413;ENSG00000117054;ENSG00000166411;ENSG00000062485;ENSG00000111716;ENSG00000073578;ENSG00000075415;ENSG00000101365;ENSG00000178741;ENSG00000132313;ENSG00000137714;ENSG00000131828;ENSG00000119421;ENSG00000156467;ENSG00000148672;ENSG00000164951;ENSG00000166136;ENSG00000091140;ENSG00000131495;ENSG00000138095;ENSG00000134375;ENSG00000198836;ENSG00000110955;ENSG00000181991;ENSG00000170906;ENSG00000164405;ENSG00000131269;ENSG00000241468;ENSG00000109519;ENSG00000115317;ENSG00000047249;ENSG00000143252;ENSG00000136143;ENSG00000100216;ENSG00000005022;ENSG00000167969;ENSG00000023228;ENSG00000156709;ENSG00000116459;ENSG00000105220;ENSG00000139180;ENSG00000241837;ENSG00000155463;ENSG00000151366;ENSG00000136888;ENSG00000128626;ENSG00000172115;ENSG00000128524;ENSG00000004799;ENSG00000167315;ENSG00000134809;ENSG00000111775;ENSG00000150768;ENSG00000184983;ENSG00000155097;ENSG00000131174;ENSG00000150779;ENSG00000167283;ENSG00000136003;ENSG00000173660;ENSG00000126858;ENSG00000165637;ENSG00000100575;ENSG00000072506;ENSG00000075239;ENSG00000185883"
"HALLMARK","HALLMARK_UV_RESPONSE_UP",0.000188048546824868,0.00156707122354056,0.518848077743792,0.404674395655385,1.6387328150726,156,"ENSG00000108179;ENSG00000165272;ENSG00000154640;ENSG00000178980;ENSG00000163932;ENSG00000163132;ENSG00000171428;ENSG00000128059;ENSG00000004478;ENSG00000103018;ENSG00000131979;ENSG00000147883;ENSG00000165732;ENSG00000113407;ENSG00000106236;ENSG00000115457;ENSG00000164305;ENSG00000111674;ENSG00000096401;ENSG00000148229;ENSG00000086061;ENSG00000169836;ENSG00000110721;ENSG00000173786;ENSG00000128311;ENSG00000092445;ENSG00000106244;ENSG00000116096;ENSG00000123505;ENSG00000130821;ENSG00000161011;ENSG00000133740;ENSG00000211445;ENSG00000139219;ENSG00000134352;ENSG00000115419;ENSG00000149925"
"HALLMARK","HALLMARK_ALLOGRAFT_REJECTION",0.000248375845021216,0.00177411317872297,0.49849310876659,0.400759147684707,1.63338448243963,167,"ENSG00000164326;ENSG00000096968;ENSG00000134954;ENSG00000104432;ENSG00000142867;ENSG00000042493;ENSG00000072401;ENSG00000081237;ENSG00000104998;ENSG00000204267;ENSG00000114686;ENSG00000100644;ENSG00000159110;ENSG00000239672;ENSG00000121989;ENSG00000186810;ENSG00000171150;ENSG00000007171;ENSG00000113532;ENSG00000164163;ENSG00000172349;ENSG00000107581;ENSG00000187210;ENSG00000174842;ENSG00000012048;ENSG00000182866;ENSG00000066336;ENSG00000136754;ENSG00000076554;ENSG00000160223;ENSG00000177889;ENSG00000104312;ENSG00000132507;ENSG00000158092;ENSG00000115866;ENSG00000143479;ENSG00000108691;ENSG00000105372;ENSG00000104131;ENSG00000147889;ENSG00000166278;ENSG00000000938;ENSG00000085760;ENSG00000181163;ENSG00000153563;ENSG00000166710;ENSG00000026103;ENSG00000060982;ENSG00000154096"
"HALLMARK","HALLMARK_ESTROGEN_RESPONSE_EARLY",0.00063433029112923,0.00396456431955769,0.477270815362862,0.377953132494803,1.56615068070506,194,"ENSG00000108179;ENSG00000165272;ENSG00000164626;ENSG00000096968;ENSG00000079459;ENSG00000204516;ENSG00000100321;ENSG00000196208;ENSG00000004478;ENSG00000163659;ENSG00000004948;ENSG00000068615;ENSG00000115641;ENSG00000107562;ENSG00000186868;ENSG00000198825;ENSG00000109062;ENSG00000121057;ENSG00000165169;ENSG00000116774;ENSG00000118242;ENSG00000171346;ENSG00000158747;ENSG00000198682;ENSG00000166821;ENSG00000137285;ENSG00000181788;ENSG00000132382;ENSG00000157600;ENSG00000169583;ENSG00000064652;ENSG00000167972;ENSG00000169710;ENSG00000155380;ENSG00000172137;ENSG00000168453;ENSG00000172893;ENSG00000134352;ENSG00000144749;ENSG00000148344;ENSG00000181885;ENSG00000052749;ENSG00000118707;ENSG00000117479;ENSG00000090013;ENSG00000109501;ENSG00000162496;ENSG00000164742;ENSG00000103067;ENSG00000182704;ENSG00000103257;ENSG00000114315;ENSG00000147642;ENSG00000082175;ENSG00000111666;ENSG00000100867;ENSG00000141232;ENSG00000132661;ENSG00000128567;ENSG00000125850;ENSG00000140443;ENSG00000148700;ENSG00000124249;ENSG00000152137;ENSG00000172575;ENSG00000107262"
"HALLMARK","HALLMARK_FATTY_ACID_METABOLISM",0.000911788955651195,0.00506549419806219,0.477270815362862,0.397557090689902,1.60283664708366,150,"ENSG00000171503;ENSG00000100412;ENSG00000168291;ENSG00000167588;ENSG00000136750;ENSG00000188690;ENSG00000067064;ENSG00000197747;ENSG00000138796;ENSG00000072210;ENSG00000120437;ENSG00000068366;ENSG00000004961;ENSG00000115255;ENSG00000111674;ENSG00000138698;ENSG00000115159;ENSG00000183955;ENSG00000147383;ENSG00000106605;ENSG00000112972;ENSG00000144724;ENSG00000164024;ENSG00000169710;ENSG00000138413;ENSG00000117054;ENSG00000151726;ENSG00000006831;ENSG00000073578;ENSG00000080824;ENSG00000101365;ENSG00000161533;ENSG00000131828;ENSG00000149925;ENSG00000104320;ENSG00000080819;ENSG00000091140;ENSG00000100577;ENSG00000134240;ENSG00000128245;ENSG00000120694;ENSG00000151790;ENSG00000074416;ENSG00000160124;ENSG00000116133;ENSG00000198130;ENSG00000143252;ENSG00000136143;ENSG00000167969;ENSG00000117592;ENSG00000164120;ENSG00000116791"
"HALLMARK","HALLMARK_INTERFERON_GAMMA_RESPONSE",0.00117285685414247,0.00586428427071236,0.45505986738723,0.364026490298455,1.49645129217596,179,"ENSG00000120217;ENSG00000101347;ENSG00000096968;ENSG00000104432;ENSG00000131979;ENSG00000067057;ENSG00000197329;ENSG00000157601;ENSG00000134321;ENSG00000140280;ENSG00000109320;ENSG00000164305;ENSG00000100644;ENSG00000159110;ENSG00000115525;ENSG00000124201;ENSG00000133106;ENSG00000124762;ENSG00000113532;ENSG00000234745;ENSG00000105835;ENSG00000204264;ENSG00000124151;ENSG00000002549;ENSG00000188313;ENSG00000175354;ENSG00000059378;ENSG00000060491;ENSG00000013364;ENSG00000136514;ENSG00000158987;ENSG00000111335;ENSG00000163412;ENSG00000168310;ENSG00000126067;ENSG00000130589;ENSG00000123609;ENSG00000118503;ENSG00000100567;ENSG00000177409;ENSG00000064012;ENSG00000123096;ENSG00000122644;ENSG00000221963;ENSG00000075142;ENSG00000104312"
"HALLMARK","HALLMARK_UV_RESPONSE_DN",0.00183551505286232,0.00834325024028328,0.45505986738723,0.381542594086387,1.53033328063957,142,"ENSG00000117152;ENSG00000048740;ENSG00000164442;ENSG00000101333;ENSG00000163513;ENSG00000163697;ENSG00000010810;ENSG00000125968;ENSG00000157110;ENSG00000115641;ENSG00000160145;ENSG00000109320;ENSG00000259207;ENSG00000174738;ENSG00000163110;ENSG00000047056;ENSG00000121989;ENSG00000070961;ENSG00000005249;ENSG00000130164;ENSG00000104067;ENSG00000105516;ENSG00000164654;ENSG00000147852;ENSG00000198718;ENSG00000115963;ENSG00000069702;ENSG00000187210;ENSG00000170430;ENSG00000109452;ENSG00000140092;ENSG00000017260;ENSG00000121067;ENSG00000151414;ENSG00000101665;ENSG00000078053;ENSG00000085224;ENSG00000075142;ENSG00000135862;ENSG00000074416;ENSG00000116731;ENSG00000164190;ENSG00000003147;ENSG00000140443;ENSG00000148700;ENSG00000157404;ENSG00000156103;ENSG00000163935;ENSG00000103222;ENSG00000171608;ENSG00000117020;ENSG00000164252"
"HALLMARK","HALLMARK_XENOBIOTIC_METABOLISM",0.00232506335276453,0.00968776396985221,0.431707695803346,0.349852321884675,1.44715809492322,188,"ENSG00000088826;ENSG00000151632;ENSG00000171503;ENSG00000001084;ENSG00000115738;ENSG00000181019;ENSG00000100412;ENSG00000111846;ENSG00000131979;ENSG00000100417;ENSG00000165795;ENSG00000144485;ENSG00000106853;ENSG00000081181;ENSG00000163110;ENSG00000111885;ENSG00000131844;ENSG00000198682;ENSG00000142657;ENSG00000101444;ENSG00000196365;ENSG00000138413;ENSG00000099977;ENSG00000128989;ENSG00000197894;ENSG00000005469;ENSG00000108852;ENSG00000161533;ENSG00000138207;ENSG00000148344;ENSG00000159131;ENSG00000158828;ENSG00000197019;ENSG00000065427;ENSG00000090013;ENSG00000105281;ENSG00000111275;ENSG00000134575;ENSG00000132437;ENSG00000100714;ENSG00000151790;ENSG00000163686;ENSG00000157557;ENSG00000167642;ENSG00000138356;ENSG00000165140;ENSG00000148834;ENSG00000023839;ENSG00000150787;ENSG00000088926;ENSG00000091831;ENSG00000196139;ENSG00000004799;ENSG00000135929;ENSG00000100024;ENSG00000026103;ENSG00000099984;ENSG00000060982;ENSG00000100292;ENSG00000135218;ENSG00000012660;ENSG00000139644;ENSG00000143149;ENSG00000084734;ENSG00000125148;ENSG00000110958;ENSG00000131389;ENSG00000159228;ENSG00000115594;ENSG00000187097;ENSG00000108602;ENSG00000138794"
"HALLMARK","HALLMARK_UNFOLDED_PROTEIN_RESPONSE",0.00315101380831687,0.0121192838781418,0.431707695803346,-0.43567663243007,-1.61652281955991,113,"ENSG00000044574;ENSG00000166598;ENSG00000149428;ENSG00000102580;ENSG00000143870;ENSG00000051108;ENSG00000172795;ENSG00000179218;ENSG00000172071;ENSG00000100219;ENSG00000124783;ENSG00000128272;ENSG00000160691;ENSG00000128590;ENSG00000118217;ENSG00000184205;ENSG00000100196;ENSG00000185745;ENSG00000059573;ENSG00000115902;ENSG00000197930;ENSG00000112715;ENSG00000106080;ENSG00000113739;ENSG00000120837;ENSG00000001167;ENSG00000178607;ENSG00000144867"
"HALLMARK","HALLMARK_ESTROGEN_RESPONSE_LATE",0.00505800843753949,0.0180643158483553,0.407017918923954,0.348377745605638,1.44192418229208,192,"ENSG00000108179;ENSG00000154640;ENSG00000164626;ENSG00000103942;ENSG00000096968;ENSG00000079459;ENSG00000204516;ENSG00000105825;ENSG00000115738;ENSG00000004478;ENSG00000139352;ENSG00000106484;ENSG00000004948;ENSG00000151208;ENSG00000164070;ENSG00000072210;ENSG00000107562;ENSG00000186868;ENSG00000118515;ENSG00000198722;ENSG00000109062;ENSG00000175356;ENSG00000124302;ENSG00000165169;ENSG00000164172;ENSG00000158747;ENSG00000198682;ENSG00000005249;ENSG00000108176;ENSG00000181788;ENSG00000128311;ENSG00000169583;ENSG00000167972;ENSG00000136856;ENSG00000155380;ENSG00000166165;ENSG00000168453;ENSG00000172893;ENSG00000134352;ENSG00000148344;ENSG00000090013;ENSG00000109501;ENSG00000039068;ENSG00000103257;ENSG00000134240;ENSG00000082175;ENSG00000111666;ENSG00000100867;ENSG00000141232;ENSG00000132661;ENSG00000125850;ENSG00000148700;ENSG00000165819;ENSG00000152137;ENSG00000107262;ENSG00000069482;ENSG00000145824;ENSG00000111319;ENSG00000109255"
"HALLMARK","HALLMARK_REACTIVE_OXYGEN_SPECIES_PATHWAY",0.00796555435952637,0.0221265398875733,0.238352921646911,0.489665735996854,1.63134006097082,48,"ENSG00000001084;ENSG00000181019;ENSG00000067057;ENSG00000117450;ENSG00000103415;ENSG00000023909;ENSG00000271303;ENSG00000177556;ENSG00000211445;ENSG00000119383;ENSG00000104884;ENSG00000117592;ENSG00000134248;ENSG00000142168;ENSG00000152804;ENSG00000172939;ENSG00000103222;ENSG00000156304;ENSG00000184983"
"HALLMARK","HALLMARK_ANDROGEN_RESPONSE",0.00717327953373683,0.0221265398875733,0.256635016972443,0.392841009787806,1.48731035759942,98,"ENSG00000103942;ENSG00000158711;ENSG00000183726;ENSG00000198833;ENSG00000123983;ENSG00000167034;ENSG00000067064;ENSG00000118515;ENSG00000113161;ENSG00000111837;ENSG00000153208;ENSG00000163110;ENSG00000102804;ENSG00000112972;ENSG00000112658;ENSG00000105810;ENSG00000138448;ENSG00000065135;ENSG00000104419;ENSG00000052749;ENSG00000164116;ENSG00000109452;ENSG00000170515;ENSG00000135525;ENSG00000076554;ENSG00000266412;ENSG00000116133;ENSG00000164120;ENSG00000151092;ENSG00000072110;ENSG00000155368;ENSG00000177189;ENSG00000160862;ENSG00000101608;ENSG00000124664;ENSG00000166710;ENSG00000102172;ENSG00000168118;ENSG00000012660"
"HALLMARK","HALLMARK_PEROXISOME",0.0078581050740907,0.0221265398875733,0.245188063659135,0.388201247269257,1.47815971124708,102,"ENSG00000070756;ENSG00000089057;ENSG00000176387;ENSG00000142867;ENSG00000171793;ENSG00000067064;ENSG00000144852;ENSG00000117450;ENSG00000068366;ENSG00000114770;ENSG00000131779;ENSG00000166821;ENSG00000160752;ENSG00000119541;ENSG00000138413;ENSG00000117528;ENSG00000151726;ENSG00000013364;ENSG00000161533;ENSG00000162496;ENSG00000182372;ENSG00000116171;ENSG00000128245;ENSG00000075223;ENSG00000116906;ENSG00000116133;ENSG00000006071;ENSG00000148408;ENSG00000085563;ENSG00000142168"
"HALLMARK","HALLMARK_MITOTIC_SPINDLE",0.00786047654139032,0.0221265398875733,0.256635016972443,0.334195396650798,1.39043913681468,199,"ENSG00000128512;ENSG00000137962;ENSG00000145715;ENSG00000165175;ENSG00000124214;ENSG00000133026;ENSG00000143862;ENSG00000157483;ENSG00000165527;ENSG00000211455;ENSG00000011454;ENSG00000171992;ENSG00000101367;ENSG00000151914;ENSG00000102606;ENSG00000116584;ENSG00000186716;ENSG00000163110;ENSG00000173848;ENSG00000079819;ENSG00000180628;ENSG00000277443;ENSG00000100345;ENSG00000085733;ENSG00000158987;ENSG00000165699;ENSG00000198087;ENSG00000100852;ENSG00000170759;ENSG00000124126;ENSG00000136754;ENSG00000092820;ENSG00000163947;ENSG00000075391;ENSG00000070831;ENSG00000197694;ENSG00000066777;ENSG00000130779;ENSG00000118162;ENSG00000132254;ENSG00000180263;ENSG00000138095;ENSG00000164327;ENSG00000115904;ENSG00000205726;ENSG00000158092;ENSG00000078674;ENSG00000163605;ENSG00000007047"
"HALLMARK","HALLMARK_HEDGEHOG_SIGNALING",0.00934380972605649,0.0245889729633065,0.218259775284787,0.522891308709289,1.62749921464353,35,"ENSG00000171951;ENSG00000140332;ENSG00000145715;ENSG00000187122;ENSG00000164683;ENSG00000092964;ENSG00000176749;ENSG00000105810;ENSG00000185920;ENSG00000147852;ENSG00000100345;ENSG00000111087;ENSG00000122756;ENSG00000157557"
"HALLMARK","HALLMARK_HYPOXIA",0.0158102766798419,0.0395256916996047,0.180467893079923,0.320017720609879,1.32607968523117,194,"ENSG00000118523;ENSG00000128294;ENSG00000134954;ENSG00000175040;ENSG00000011465;ENSG00000164442;ENSG00000116285;ENSG00000111846;ENSG00000163659;ENSG00000143590;ENSG00000069667;ENSG00000134769;ENSG00000115548;ENSG00000067057;ENSG00000122863;ENSG00000113083;ENSG00000111674;ENSG00000114023;ENSG00000146278;ENSG00000159399;ENSG00000124762;ENSG00000100311;ENSG00000166796;ENSG00000074800;ENSG00000181788;ENSG00000170525;ENSG00000168214;ENSG00000119950;ENSG00000164776;ENSG00000169242;ENSG00000147852;ENSG00000151640;ENSG00000100345;ENSG00000100075;ENSG00000104419;ENSG00000134086;ENSG00000147872;ENSG00000164105;ENSG00000149925;ENSG00000162433;ENSG00000118503;ENSG00000095015;ENSG00000162772;ENSG00000143416;ENSG00000169299;ENSG00000120708;ENSG00000076554;ENSG00000118804;ENSG00000129757;ENSG00000182492;ENSG00000124145;ENSG00000175183;ENSG00000108039;ENSG00000104812;ENSG00000111669;ENSG00000105220;ENSG00000165140;ENSG00000118689;ENSG00000169764"
"HALLMARK","HALLMARK_E2F_TARGETS",0.0209176788124157,0.0498039971724182,0.129015392724128,-0.334594072745827,-1.33729332249743,200,"ENSG00000106462;ENSG00000171848;ENSG00000163029;ENSG00000164754;ENSG00000105486;ENSG00000076382;ENSG00000161996;ENSG00000089685;ENSG00000071539;ENSG00000137310;ENSG00000165304;ENSG00000102974;ENSG00000122966;ENSG00000161888;ENSG00000120802;ENSG00000176974;ENSG00000101945;ENSG00000161800;ENSG00000135473;ENSG00000152253;ENSG00000136982;ENSG00000079616;ENSG00000101224;ENSG00000013810;ENSG00000077514;ENSG00000128951;ENSG00000164045;ENSG00000146143;ENSG00000100162;ENSG00000090889;ENSG00000010292;ENSG00000167900;ENSG00000138376;ENSG00000123080;ENSG00000178999;ENSG00000106399;ENSG00000213347;ENSG00000129173;ENSG00000142945;ENSG00000111665;ENSG00000186185;ENSG00000136997;ENSG00000012963;ENSG00000135446;ENSG00000105011;ENSG00000112118;ENSG00000014138;ENSG00000131470;ENSG00000196230;ENSG00000141510;ENSG00000183765;ENSG00000135476;ENSG00000156802;ENSG00000035928;ENSG00000123131;ENSG00000173207;ENSG00000134690;ENSG00000177084;ENSG00000132646;ENSG00000062822;ENSG00000073111;ENSG00000113368;ENSG00000132383;ENSG00000129351;ENSG00000123136;ENSG00000072571;ENSG00000072501"
