"collection","pathway","pval","padj","log2err","ES","NES","size","leadingEdge"
"REACTOME","REACTOME_TRANSLATION",2.28169913719951e-16,3.2217591817257e-13,1.03769615548758,0.539168563126543,2.10488878306973,368,"ENSG00000070756;ENSG00000173674;ENSG00000239789;ENSG00000067704;ENSG00000166902;ENSG00000140105;ENSG00000130741;ENSG00000090263;ENSG00000100353;ENSG00000011376;ENSG00000118705;ENSG00000117593;ENSG00000116221;ENSG00000143314;ENSG00000163902;ENSG00000061794;ENSG00000125901;ENSG00000143374;ENSG00000161057;ENSG00000112249;ENSG00000182154;ENSG00000171858;ENSG00000127922;ENSG00000187840;ENSG00000164062;ENSG00000130255;ENSG00000130349;ENSG00000168028;ENSG00000198755;ENSG00000112306;ENSG00000145982;ENSG00000196305;ENSG00000123297;ENSG00000162244;ENSG00000137547;ENSG00000165280;ENSG00000106263;ENSG00000161016;ENSG00000100316;ENSG00000147403;ENSG00000113048;ENSG00000161960;ENSG00000031698;ENSG00000175581;ENSG00000182180;ENSG00000185608;ENSG00000174547;ENSG00000074071;ENSG00000119718;ENSG00000136942;ENSG00000158042;ENSG00000184110;ENSG00000112110;ENSG00000262814;ENSG00000204394;ENSG00000204568;ENSG00000085760;ENSG00000084623;ENSG00000114867;ENSG00000114902;ENSG00000110700;ENSG00000172053;ENSG00000149792;ENSG00000163923;ENSG00000100325;ENSG00000137154;ENSG00000100664;ENSG00000180992;ENSG00000149806;ENSG00000106682;ENSG00000142937;ENSG00000242485;ENSG00000170315;ENSG00000144713;ENSG00000244038;ENSG00000145191;ENSG00000070785;ENSG00000108826;ENSG00000105364;ENSG00000231500;ENSG00000130312;ENSG00000134001;ENSG00000101210;ENSG00000178952;ENSG00000154719;ENSG00000254772;ENSG00000126067;ENSG00000125977;ENSG00000118181;ENSG00000243927;ENSG00000130706;ENSG00000167526;ENSG00000101182;ENSG00000188846;ENSG00000134684;ENSG00000198034;ENSG00000062582;ENSG00000174748;ENSG00000229117;ENSG00000131368;ENSG00000140988;ENSG00000204822;ENSG00000180817;ENSG00000105640;ENSG00000165916;ENSG00000182899;ENSG00000159111;ENSG00000108298;ENSG00000166441;ENSG00000148187;ENSG00000197728;ENSG00000149273;ENSG00000128607;ENSG00000186468;ENSG00000197958;ENSG00000122140;ENSG00000106305;ENSG00000109475;ENSG00000173141;ENSG00000131469;ENSG00000164587;ENSG00000148303;ENSG00000037241;ENSG00000171863;ENSG00000243147;ENSG00000132676;ENSG00000265681;ENSG00000144867;ENSG00000156482;ENSG00000004779;ENSG00000179115;ENSG00000214026;ENSG00000100129;ENSG00000172809;ENSG00000116120;ENSG00000130921;ENSG00000147604;ENSG00000106105;ENSG00000172590;ENSG00000175756;ENSG00000138326;ENSG00000163682;ENSG00000147586;ENSG00000198918;ENSG00000090861;ENSG00000065427;ENSG00000100764;ENSG00000145425;ENSG00000115233;ENSG00000213741;ENSG00000124614;ENSG00000198727;ENSG00000134419;ENSG00000138777;ENSG00000145592;ENSG00000165502;ENSG00000131508;ENSG00000130811;ENSG00000116898;ENSG00000111639;ENSG00000116251;ENSG00000132591;ENSG00000114686;ENSG00000137411;ENSG00000177600;ENSG00000100567;ENSG00000161970;ENSG00000164163;ENSG00000172172;ENSG00000221983;ENSG00000071082;ENSG00000137513;ENSG00000198840;ENSG00000100902;ENSG00000266472;ENSG00000115866;ENSG00000179271;ENSG00000125691;ENSG00000198712;ENSG00000115364;ENSG00000089157;ENSG00000103342;ENSG00000164022;ENSG00000233927;ENSG00000143947;ENSG00000156508;ENSG00000122033;ENSG00000167881;ENSG00000111361;ENSG00000173113;ENSG00000103035;ENSG00000128626;ENSG00000122406;ENSG00000140319;ENSG00000142676;ENSG00000120662;ENSG00000167862;ENSG00000163479;ENSG00000277791;ENSG00000135972;ENSG00000129084;ENSG00000156928;ENSG00000175166;ENSG00000114391;ENSG00000122026;ENSG00000167658"
"REACTOME","REACTOME_NEURONAL_SYSTEM",2.30450485195765e-14,1.6269804254821e-11,0.97599468306432,-0.573033740455603,-1.9609363534566,387,"ENSG00000101438;ENSG00000198785;ENSG00000105426;ENSG00000184156;ENSG00000183454;ENSG00000165646;ENSG00000113327;ENSG00000146006;ENSG00000077522;ENSG00000103942;ENSG00000157168;ENSG00000153707;ENSG00000131409;ENSG00000058335;ENSG00000165246;ENSG00000164588;ENSG00000124780;ENSG00000158445;ENSG00000152578;ENSG00000088367;ENSG00000080644;ENSG00000177380;ENSG00000111371;ENSG00000075043;ENSG00000113319;ENSG00000131398;ENSG00000140538;ENSG00000104490;ENSG00000112294;ENSG00000121281;ENSG00000150672;ENSG00000176533;ENSG00000021645;ENSG00000111275;ENSG00000198739;ENSG00000129159;ENSG00000143473;ENSG00000197584;ENSG00000071242;ENSG00000163873;ENSG00000099822;ENSG00000155897;ENSG00000184564;ENSG00000141837;ENSG00000128011;ENSG00000277586;ENSG00000115109;ENSG00000162951;ENSG00000168135;ENSG00000161681;ENSG00000006071;ENSG00000115419;ENSG00000171303;ENSG00000178568;ENSG00000138622;ENSG00000169760;ENSG00000138435;ENSG00000196586;ENSG00000157445;ENSG00000152822;ENSG00000135750;ENSG00000132535;ENSG00000117971;ENSG00000154229;ENSG00000108576;ENSG00000104863;ENSG00000136854;ENSG00000173175;ENSG00000172380;ENSG00000186868;ENSG00000108946;ENSG00000179915;ENSG00000126583;ENSG00000145349;ENSG00000120251;ENSG00000176884;ENSG00000171385;ENSG00000169992;ENSG00000182256;ENSG00000165995;ENSG00000173826;ENSG00000268089;ENSG00000121361;ENSG00000146938;ENSG00000116544;ENSG00000126243;ENSG00000141404;ENSG00000121871;ENSG00000156642;ENSG00000102606;ENSG00000175344;ENSG00000152495;ENSG00000118260;ENSG00000110218;ENSG00000128683;ENSG00000105649;ENSG00000105737;ENSG00000157542;ENSG00000168993;ENSG00000164794;ENSG00000137285;ENSG00000143858;ENSG00000005379;ENSG00000183785;ENSG00000080845;ENSG00000167552;ENSG00000069424;ENSG00000156113;ENSG00000164418;ENSG00000171121;ENSG00000132639;ENSG00000220205;ENSG00000101204;ENSG00000042753;ENSG00000171126;ENSG00000114200;ENSG00000183020;ENSG00000148408;ENSG00000034053;ENSG00000137267;ENSG00000111181;ENSG00000183092;ENSG00000073969;ENSG00000189221;ENSG00000087085;ENSG00000196961;ENSG00000183185;ENSG00000162975;ENSG00000142319;ENSG00000104888;ENSG00000139220;ENSG00000183960;ENSG00000149403;ENSG00000196338;ENSG00000159023;ENSG00000111664;ENSG00000151834;ENSG00000082397;ENSG00000171189;ENSG00000127824;ENSG00000078295;ENSG00000131626;ENSG00000177301;ENSG00000078369;ENSG00000004660;ENSG00000165300;ENSG00000135643;ENSG00000136928;ENSG00000107282;ENSG00000005249;ENSG00000127955"
"REACTOME","REACTOME_METABOLISM_OF_WATER_SOLUBLE_VITAMINS_AND_COFACTORS",2.17547566764317e-10,8.70000926739611e-08,0.826657301178302,0.637914065490495,2.2097047134228,120,"ENSG00000135318;ENSG00000100714;ENSG00000196511;ENSG00000244005;ENSG00000259431;ENSG00000125454;ENSG00000117394;ENSG00000152782;ENSG00000170482;ENSG00000065621;ENSG00000178685;ENSG00000228716;ENSG00000169710;ENSG00000108439;ENSG00000102699;ENSG00000152620;ENSG00000076351;ENSG00000166126;ENSG00000166347;ENSG00000100243;ENSG00000139428;ENSG00000168216;ENSG00000112874;ENSG00000163864;ENSG00000182199;ENSG00000163738;ENSG00000148834;ENSG00000068120;ENSG00000169814;ENSG00000171723;ENSG00000075643;ENSG00000103485;ENSG00000106733;ENSG00000136010;ENSG00000173614;ENSG00000138074;ENSG00000008130;ENSG00000167775;ENSG00000178700;ENSG00000138496;ENSG00000172890;ENSG00000136960;ENSG00000078070;ENSG00000116984;ENSG00000185803;ENSG00000120509;ENSG00000173193;ENSG00000138617;ENSG00000160688;ENSG00000117479;ENSG00000164172;ENSG00000157064;ENSG00000127125;ENSG00000114054;ENSG00000176974;ENSG00000181035"
"REACTOME","REACTOME_BIOLOGICAL_OXIDATIONS",2.46459186045216e-10,8.70000926739611e-08,0.814035837847908,0.567040274262934,2.06437038240548,177,"ENSG00000171234;ENSG00000197888;ENSG00000197448;ENSG00000001630;ENSG00000134716;ENSG00000138109;ENSG00000130958;ENSG00000165841;ENSG00000100577;ENSG00000143819;ENSG00000137124;ENSG00000172955;ENSG00000171428;ENSG00000059377;ENSG00000243989;ENSG00000085871;ENSG00000135220;ENSG00000065621;ENSG00000101444;ENSG00000170899;ENSG00000197894;ENSG00000132744;ENSG00000134202;ENSG00000186205;ENSG00000114779;ENSG00000160868;ENSG00000160870;ENSG00000186529;ENSG00000110711;ENSG00000166840;ENSG00000100243;ENSG00000124588;ENSG00000103018;ENSG00000139684;ENSG00000186204;ENSG00000110958;ENSG00000148834;ENSG00000145476;ENSG00000162813;ENSG00000169764;ENSG00000168765;ENSG00000109814;ENSG00000145626;ENSG00000161513;ENSG00000196620;ENSG00000036530;ENSG00000084207;ENSG00000006625;ENSG00000131069;ENSG00000023909;ENSG00000143198;ENSG00000137274;ENSG00000108242;ENSG00000267673;ENSG00000117448;ENSG00000156096;ENSG00000213648;ENSG00000100983;ENSG00000114631;ENSG00000116984;ENSG00000115652;ENSG00000116704;ENSG00000166743;ENSG00000096384;ENSG00000213759;ENSG00000178814"
"REACTOME","REACTOME_METABOLISM_OF_NUCLEOTIDES",4.65960337152587e-09,1.2758463811479e-06,0.761460801445585,0.651968630944454,2.18595817577037,96,"ENSG00000130021;ENSG00000135318;ENSG00000198805;ENSG00000140057;ENSG00000104687;ENSG00000178035;ENSG00000171793;ENSG00000159131;ENSG00000106348;ENSG00000176890;ENSG00000100938;ENSG00000128050;ENSG00000047230;ENSG00000137198;ENSG00000188641;ENSG00000112667;ENSG00000205309;ENSG00000187097;ENSG00000198931;ENSG00000171848;ENSG00000101347;ENSG00000179958;ENSG00000243678;ENSG00000163655;ENSG00000125877;ENSG00000239900;ENSG00000165704;ENSG00000168803;ENSG00000130717;ENSG00000167900;ENSG00000275074;ENSG00000239672;ENSG00000136810;ENSG00000167325;ENSG00000143774;ENSG00000188833;ENSG00000102967;ENSG00000114491;ENSG00000166548;ENSG00000128951;ENSG00000156136;ENSG00000084774;ENSG00000125458;ENSG00000168393;ENSG00000178921;ENSG00000129187;ENSG00000143179;ENSG00000103024;ENSG00000165609;ENSG00000162368;ENSG00000156110;ENSG00000166321;ENSG00000025708"
"REACTOME","REACTOME_AEROBIC_RESPIRATION_AND_RESPIRATORY_ELECTRON_TRANSPORT",5.42144354595426e-09,1.2758463811479e-06,0.761460801445585,0.488633963539752,1.85572546863257,258,"ENSG00000004864;ENSG00000181061;ENSG00000105379;ENSG00000100577;ENSG00000131828;ENSG00000244005;ENSG00000134333;ENSG00000180185;ENSG00000213585;ENSG00000091483;ENSG00000090266;ENSG00000232838;ENSG00000171503;ENSG00000184983;ENSG00000004961;ENSG00000124767;ENSG00000073578;ENSG00000183978;ENSG00000241468;ENSG00000087299;ENSG00000196636;ENSG00000163626;ENSG00000005882;ENSG00000159199;ENSG00000167701;ENSG00000143627;ENSG00000177542;ENSG00000156411;ENSG00000164182;ENSG00000143158;ENSG00000151413;ENSG00000175567;ENSG00000113845;ENSG00000158864;ENSG00000062485;ENSG00000101084;ENSG00000166260;ENSG00000110074;ENSG00000182054;ENSG00000187118;ENSG00000183605;ENSG00000100412;ENSG00000133983;ENSG00000137806;ENSG00000164405;ENSG00000183648;ENSG00000067829;ENSG00000082212;ENSG00000109390;ENSG00000267855;ENSG00000165264;ENSG00000091140;ENSG00000204370;ENSG00000108528;ENSG00000178127;ENSG00000170315;ENSG00000168653;ENSG00000168569;ENSG00000148290;ENSG00000151729;ENSG00000168924;ENSG00000240230;ENSG00000165898;ENSG00000160194;ENSG00000014919;ENSG00000147684;ENSG00000176340;ENSG00000145916;ENSG00000189043;ENSG00000137038;ENSG00000128609;ENSG00000115944;ENSG00000075239;ENSG00000011295;ENSG00000250317;ENSG00000178057;ENSG00000111716;ENSG00000142082;ENSG00000162877;ENSG00000156170;ENSG00000004779;ENSG00000119421;ENSG00000151366;ENSG00000063854;ENSG00000065518;ENSG00000138495;ENSG00000106603;ENSG00000127184;ENSG00000167863;ENSG00000067992;ENSG00000247077;ENSG00000010256;ENSG00000164919;ENSG00000203667;ENSG00000144120;ENSG00000140990;ENSG00000140740;ENSG00000198727;ENSG00000167792;ENSG00000135390;ENSG00000163541;ENSG00000214756;ENSG00000131495;ENSG00000145337;ENSG00000112992;ENSG00000184076;ENSG00000221983;ENSG00000198840;ENSG00000179091;ENSG00000204922;ENSG00000198712;ENSG00000119689;ENSG00000136463;ENSG00000147123;ENSG00000143947;ENSG00000125166;ENSG00000224877;ENSG00000154079;ENSG00000150768;ENSG00000178449;ENSG00000125356;ENSG00000136521;ENSG00000130159;ENSG00000184752;ENSG00000173915;ENSG00000167985;ENSG00000169020;ENSG00000075336;ENSG00000120053;ENSG00000213619;ENSG00000184857;ENSG00000112695;ENSG00000105953;ENSG00000101365;ENSG00000164951;ENSG00000146066;ENSG00000146701"
"REACTOME","REACTOME_EUKARYOTIC_TRANSLATION_INITIATION",8.57169826604714e-09,1.72903399309408e-06,0.747739663149885,0.598098214668348,2.06636921227188,118,"ENSG00000070756;ENSG00000173674;ENSG00000130741;ENSG00000100353;ENSG00000171858;ENSG00000187840;ENSG00000130255;ENSG00000168028;ENSG00000198755;ENSG00000112306;ENSG00000162244;ENSG00000106263;ENSG00000161016;ENSG00000100316;ENSG00000147403;ENSG00000161960;ENSG00000119718;ENSG00000136942;ENSG00000184110;ENSG00000084623;ENSG00000114867;ENSG00000110700;ENSG00000163923;ENSG00000137154;ENSG00000100664;ENSG00000149806;ENSG00000106682;ENSG00000142937;ENSG00000144713;ENSG00000145191;ENSG00000070785;ENSG00000231500;ENSG00000134001;ENSG00000125977;ENSG00000118181;ENSG00000167526;ENSG00000188846;ENSG00000198034;ENSG00000174748;ENSG00000229117;ENSG00000140988;ENSG00000105640;ENSG00000182899;ENSG00000108298;ENSG00000166441;ENSG00000197728;ENSG00000149273;ENSG00000186468;ENSG00000197958;ENSG00000109475;ENSG00000131469;ENSG00000164587;ENSG00000148303;ENSG00000037241;ENSG00000171863;ENSG00000265681;ENSG00000156482;ENSG00000100129;ENSG00000172809;ENSG00000147604;ENSG00000138326;ENSG00000163682;ENSG00000198918;ENSG00000145425;ENSG00000213741;ENSG00000124614;ENSG00000134419;ENSG00000145592;ENSG00000165502;ENSG00000130811;ENSG00000116251;ENSG00000177600;ENSG00000161970;ENSG00000221983;ENSG00000071082;ENSG00000125691;ENSG00000089157;ENSG00000233927;ENSG00000143947"
"REACTOME","REACTOME_SYNTHESIS_OF_DNA",1.47851601175313e-08,2.11446126309098e-06,0.747739663149885,0.614065493210948,2.09887490886552,108,"ENSG00000101868;ENSG00000198056;ENSG00000166508;ENSG00000164815;ENSG00000094804;ENSG00000131153;ENSG00000145604;ENSG00000104738;ENSG00000133101;ENSG00000101003;ENSG00000148229;ENSG00000132646;ENSG00000112118;ENSG00000076003;ENSG00000123374;ENSG00000106628;ENSG00000175305;ENSG00000014138;ENSG00000049541;ENSG00000167513;ENSG00000175482;ENSG00000106399;ENSG00000112312;ENSG00000161057;ENSG00000127922;ENSG00000093009;ENSG00000100479;ENSG00000168496;ENSG00000115350;ENSG00000100297;ENSG00000166295;ENSG00000146143;ENSG00000073111;ENSG00000085840;ENSG00000177084;ENSG00000141552;ENSG00000117748;ENSG00000170315;ENSG00000181938;ENSG00000145386;ENSG00000163918;ENSG00000126067;ENSG00000175063;ENSG00000130706;ENSG00000101182;ENSG00000077514;ENSG00000165916;ENSG00000138346;ENSG00000125885;ENSG00000035928;ENSG00000133119;ENSG00000132383;ENSG00000100764;ENSG00000115233;ENSG00000100567;ENSG00000221983;ENSG00000053900;ENSG00000176386;ENSG00000100902;ENSG00000105173;ENSG00000143947"
"REACTOME","REACTOME_DNA_REPLICATION",1.23188507946894e-08,2.11446126309098e-06,0.747739663149885,0.537156980739047,1.95867344315036,179,"ENSG00000101868;ENSG00000106028;ENSG00000198056;ENSG00000166508;ENSG00000164815;ENSG00000094804;ENSG00000131153;ENSG00000145604;ENSG00000104738;ENSG00000133101;ENSG00000101003;ENSG00000148229;ENSG00000132646;ENSG00000112118;ENSG00000076003;ENSG00000123374;ENSG00000106628;ENSG00000175305;ENSG00000014138;ENSG00000006634;ENSG00000049541;ENSG00000125871;ENSG00000167513;ENSG00000175482;ENSG00000106399;ENSG00000112312;ENSG00000161057;ENSG00000108424;ENSG00000127922;ENSG00000093009;ENSG00000100479;ENSG00000168496;ENSG00000115350;ENSG00000100297;ENSG00000166295;ENSG00000146143;ENSG00000073111;ENSG00000085840;ENSG00000177084;ENSG00000141552;ENSG00000117748;ENSG00000170315;ENSG00000181938;ENSG00000145386;ENSG00000246705;ENSG00000163918;ENSG00000126067;ENSG00000184260;ENSG00000175063;ENSG00000130706;ENSG00000101182;ENSG00000077514;ENSG00000165916;ENSG00000138346;ENSG00000273983;ENSG00000125885;ENSG00000185130;ENSG00000035928;ENSG00000133119;ENSG00000132383;ENSG00000100764;ENSG00000115233;ENSG00000105968;ENSG00000100567;ENSG00000221983;ENSG00000053900;ENSG00000124635;ENSG00000176386;ENSG00000100902;ENSG00000097046;ENSG00000105173;ENSG00000143947"
"REACTOME","REACTOME_METABOLISM_OF_VITAMINS_AND_COFACTORS",1.49749381238738e-08,2.11446126309098e-06,0.73376198835648,0.525188035078266,1.92676780140637,187,"ENSG00000135318;ENSG00000100714;ENSG00000196511;ENSG00000198610;ENSG00000137880;ENSG00000244005;ENSG00000259431;ENSG00000125454;ENSG00000117394;ENSG00000152782;ENSG00000196139;ENSG00000170482;ENSG00000065621;ENSG00000178685;ENSG00000228716;ENSG00000169710;ENSG00000186603;ENSG00000142208;ENSG00000163050;ENSG00000197324;ENSG00000042445;ENSG00000108439;ENSG00000102699;ENSG00000152620;ENSG00000110245;ENSG00000076351;ENSG00000072042;ENSG00000166126;ENSG00000166347;ENSG00000138669;ENSG00000100243;ENSG00000139428;ENSG00000168216;ENSG00000112874;ENSG00000173085;ENSG00000163864;ENSG00000198668;ENSG00000116096;ENSG00000182199;ENSG00000163738;ENSG00000148834;ENSG00000068120;ENSG00000084674;ENSG00000132423;ENSG00000110244;ENSG00000169814;ENSG00000171723;ENSG00000075643;ENSG00000103485;ENSG00000106733;ENSG00000136010;ENSG00000173614;ENSG00000138074;ENSG00000008130;ENSG00000118271;ENSG00000167775;ENSG00000164494;ENSG00000178700;ENSG00000138496;ENSG00000080824;ENSG00000135697;ENSG00000204444;ENSG00000213420;ENSG00000172890;ENSG00000136960;ENSG00000167397;ENSG00000078070;ENSG00000116984;ENSG00000185803;ENSG00000120509;ENSG00000173193;ENSG00000138617;ENSG00000160688;ENSG00000117479;ENSG00000130164;ENSG00000084090;ENSG00000164172;ENSG00000157064;ENSG00000118137;ENSG00000127125;ENSG00000114054;ENSG00000176974;ENSG00000181035;ENSG00000167113;ENSG00000167186;ENSG00000088682"
"REACTOME","REACTOME_DNA_STRAND_ELONGATION",1.99428248552534e-08,2.55993351778344e-06,0.73376198835648,0.821503693362664,2.27657839371953,32,"ENSG00000101868;ENSG00000198056;ENSG00000166508;ENSG00000131153;ENSG00000104738;ENSG00000101003;ENSG00000132646;ENSG00000112118;ENSG00000076003;ENSG00000106628;ENSG00000014138;ENSG00000049541;ENSG00000175482;ENSG00000106399;ENSG00000093009;ENSG00000168496;ENSG00000100297;ENSG00000146143;ENSG00000073111;ENSG00000117748;ENSG00000181938;ENSG00000163918;ENSG00000077514;ENSG00000138346;ENSG00000125885;ENSG00000035928;ENSG00000133119;ENSG00000132383"
"REACTOME","REACTOME_PROTEIN_PROTEIN_INTERACTIONS_AT_SYNAPSES",1.03600059734385e-07,1.13996520333432e-05,0.704975715167238,-0.691049729359814,-2.03532546439403,83,"ENSG00000105426;ENSG00000183454;ENSG00000146006;ENSG00000103942;ENSG00000153707;ENSG00000131409;ENSG00000165246;ENSG00000152578;ENSG00000088367;ENSG00000177380;ENSG00000140538;ENSG00000150672;ENSG00000021645;ENSG00000198739;ENSG00000184564;ENSG00000128011;ENSG00000115109;ENSG00000162951;ENSG00000161681;ENSG00000169760;ENSG00000152822;ENSG00000132535;ENSG00000104863;ENSG00000136854;ENSG00000179915;ENSG00000176884;ENSG00000169992;ENSG00000146938;ENSG00000116544;ENSG00000126243;ENSG00000121871;ENSG00000143858;ENSG00000080845;ENSG00000034053;ENSG00000183092;ENSG00000139220;ENSG00000196338;ENSG00000159023;ENSG00000082397;ENSG00000131626;ENSG00000165300;ENSG00000107282"
"REACTOME","REACTOME_PROTEIN_LOCALIZATION",1.04954303423131e-07,1.13996520333432e-05,0.704975715167238,0.531936233519784,1.92436142031204,164,"ENSG00000140284;ENSG00000197448;ENSG00000004864;ENSG00000101417;ENSG00000106554;ENSG00000120915;ENSG00000213585;ENSG00000214253;ENSG00000105819;ENSG00000168306;ENSG00000005469;ENSG00000159199;ENSG00000133835;ENSG00000095321;ENSG00000166347;ENSG00000182712;ENSG00000156521;ENSG00000134809;ENSG00000173085;ENSG00000157326;ENSG00000100575;ENSG00000127980;ENSG00000181924;ENSG00000175768;ENSG00000170791;ENSG00000124587;ENSG00000102178;ENSG00000169100;ENSG00000062485;ENSG00000072210;ENSG00000119673;ENSG00000126768;ENSG00000102125;ENSG00000168275;ENSG00000196683;ENSG00000106153;ENSG00000163528;ENSG00000007171;ENSG00000100412;ENSG00000067829;ENSG00000121691;ENSG00000177465;ENSG00000265354;ENSG00000115204;ENSG00000172482;ENSG00000170315;ENSG00000113790;ENSG00000151729;ENSG00000240230;ENSG00000176894;ENSG00000242612;ENSG00000131779;ENSG00000140876;ENSG00000116906;ENSG00000215193;ENSG00000198356;ENSG00000106089;ENSG00000242110;ENSG00000117305;ENSG00000205981;ENSG00000101473;ENSG00000121680;ENSG00000112357;ENSG00000138495;ENSG00000087008;ENSG00000036473;ENSG00000173171;ENSG00000100216;ENSG00000131508;ENSG00000131373;ENSG00000221983;ENSG00000116171;ENSG00000179091;ENSG00000100372;ENSG00000214736;ENSG00000150779;ENSG00000143947;ENSG00000157911;ENSG00000109519;ENSG00000125611;ENSG00000198721;ENSG00000099800;ENSG00000103150"
"REACTOME","REACTOME_RRNA_PROCESSING",1.2609287345843e-07,1.27173669516645e-05,0.690132458796796,0.488561408962998,1.81410261908426,210,"ENSG00000156990;ENSG00000101361;ENSG00000087269;ENSG00000126749;ENSG00000120158;ENSG00000143319;ENSG00000171858;ENSG00000108592;ENSG00000189306;ENSG00000130255;ENSG00000100890;ENSG00000168028;ENSG00000198755;ENSG00000112306;ENSG00000162244;ENSG00000135372;ENSG00000117395;ENSG00000161016;ENSG00000100316;ENSG00000147403;ENSG00000161956;ENSG00000278619;ENSG00000141101;ENSG00000136942;ENSG00000119616;ENSG00000110700;ENSG00000163923;ENSG00000137154;ENSG00000149806;ENSG00000141456;ENSG00000142937;ENSG00000144713;ENSG00000105671;ENSG00000231500;ENSG00000261236;ENSG00000148688;ENSG00000136891;ENSG00000145912;ENSG00000118181;ENSG00000122687;ENSG00000274523;ENSG00000167526;ENSG00000188846;ENSG00000141076;ENSG00000198034;ENSG00000174748;ENSG00000171861;ENSG00000229117;ENSG00000140988;ENSG00000105640;ENSG00000130826;ENSG00000182899;ENSG00000108298;ENSG00000166441;ENSG00000197728;ENSG00000149273;ENSG00000186468;ENSG00000197958;ENSG00000109475;ENSG00000131469;ENSG00000164587;ENSG00000148303;ENSG00000171824;ENSG00000037241;ENSG00000171863;ENSG00000265681;ENSG00000156482;ENSG00000241945;ENSG00000086189;ENSG00000172809;ENSG00000152464;ENSG00000006744;ENSG00000147604;ENSG00000138326;ENSG00000163682;ENSG00000178896;ENSG00000198918;ENSG00000145425;ENSG00000213741;ENSG00000124614;ENSG00000134419;ENSG00000107371;ENSG00000145592;ENSG00000165502;ENSG00000150990;ENSG00000065183;ENSG00000116251;ENSG00000177600;ENSG00000161970;ENSG00000160214;ENSG00000100029;ENSG00000221983;ENSG00000071082;ENSG00000241370;ENSG00000007520;ENSG00000106344;ENSG00000125691;ENSG00000123737;ENSG00000089157;ENSG00000233927;ENSG00000143947;ENSG00000115946;ENSG00000112578;ENSG00000111641;ENSG00000117481;ENSG00000001497;ENSG00000071462;ENSG00000183751;ENSG00000173113;ENSG00000136718;ENSG00000122406;ENSG00000142676;ENSG00000124541;ENSG00000165526;ENSG00000114391;ENSG00000122026;ENSG00000058729"
"REACTOME","REACTOME_ACTIVATION_OF_THE_PRE_REPLICATIVE_COMPLEX",1.8910686591977e-07,1.5936595235551e-05,0.690132458796796,0.799482645102004,2.22731045914257,33,"ENSG00000101868;ENSG00000198056;ENSG00000166508;ENSG00000164815;ENSG00000094804;ENSG00000104738;ENSG00000148229;ENSG00000112118;ENSG00000076003;ENSG00000123374;ENSG00000014138;ENSG00000006634;ENSG00000167513;ENSG00000106399;ENSG00000112312;ENSG00000093009;ENSG00000100479;ENSG00000115350;ENSG00000100297;ENSG00000146143;ENSG00000073111;ENSG00000085840;ENSG00000177084;ENSG00000117748"
"REACTOME","REACTOME_TRANSMISSION_ACROSS_CHEMICAL_SYNAPSES",1.75713425751793e-07,1.5936595235551e-05,0.690132458796796,-0.529554971277342,-1.75614821264987,255,"ENSG00000101438;ENSG00000198785;ENSG00000183454;ENSG00000165646;ENSG00000113327;ENSG00000077522;ENSG00000157168;ENSG00000058335;ENSG00000152578;ENSG00000088367;ENSG00000080644;ENSG00000177380;ENSG00000111371;ENSG00000113319;ENSG00000104490;ENSG00000112294;ENSG00000121281;ENSG00000150672;ENSG00000176533;ENSG00000111275;ENSG00000071242;ENSG00000163873;ENSG00000155897;ENSG00000141837;ENSG00000277586;ENSG00000168135;ENSG00000115419;ENSG00000178568;ENSG00000138435;ENSG00000196586;ENSG00000157445;ENSG00000132535;ENSG00000117971;ENSG00000154229;ENSG00000108576;ENSG00000104863;ENSG00000136854;ENSG00000173175;ENSG00000172380;ENSG00000186868;ENSG00000108946;ENSG00000126583;ENSG00000145349;ENSG00000120251;ENSG00000176884;ENSG00000182256;ENSG00000165995;ENSG00000268089;ENSG00000141404;ENSG00000156642;ENSG00000102606;ENSG00000175344;ENSG00000152495;ENSG00000118260;ENSG00000128683;ENSG00000105649;ENSG00000105737;ENSG00000157542;ENSG00000168993;ENSG00000137285;ENSG00000005379;ENSG00000183785;ENSG00000167552;ENSG00000164418;ENSG00000132639;ENSG00000220205;ENSG00000101204;ENSG00000042753;ENSG00000114200;ENSG00000183020;ENSG00000148408;ENSG00000137267;ENSG00000111181;ENSG00000073969;ENSG00000189221;ENSG00000087085;ENSG00000196961;ENSG00000183185;ENSG00000142319;ENSG00000104888;ENSG00000139220;ENSG00000149403;ENSG00000111664;ENSG00000151834;ENSG00000171189;ENSG00000127824;ENSG00000078295;ENSG00000131626;ENSG00000078369;ENSG00000004660;ENSG00000136928;ENSG00000107282;ENSG00000005249;ENSG00000127955;ENSG00000093010;ENSG00000134294;ENSG00000148943;ENSG00000204681;ENSG00000100034;ENSG00000075711;ENSG00000242616;ENSG00000175175"
"REACTOME","REACTOME_CELL_CYCLE_CHECKPOINTS",1.91871189096578e-07,1.5936595235551e-05,0.690132458796796,0.45013317900635,1.72099920050624,288,"ENSG00000166508;ENSG00000164815;ENSG00000094804;ENSG00000104738;ENSG00000133101;ENSG00000164045;ENSG00000112118;ENSG00000076003;ENSG00000158019;ENSG00000123374;ENSG00000125450;ENSG00000075188;ENSG00000161888;ENSG00000171792;ENSG00000175305;ENSG00000006634;ENSG00000049541;ENSG00000172613;ENSG00000175643;ENSG00000100401;ENSG00000188312;ENSG00000153044;ENSG00000066027;ENSG00000106399;ENSG00000128245;ENSG00000142856;ENSG00000161057;ENSG00000112640;ENSG00000127922;ENSG00000117399;ENSG00000164053;ENSG00000093009;ENSG00000149636;ENSG00000100162;ENSG00000154839;ENSG00000115163;ENSG00000100297;ENSG00000127564;ENSG00000183765;ENSG00000086827;ENSG00000123219;ENSG00000166295;ENSG00000178966;ENSG00000154473;ENSG00000012048;ENSG00000166851;ENSG00000073111;ENSG00000085840;ENSG00000141552;ENSG00000117748;ENSG00000138778;ENSG00000134690;ENSG00000102384;ENSG00000170315;ENSG00000154001;ENSG00000122952;ENSG00000145386;ENSG00000163961;ENSG00000178999;ENSG00000157456;ENSG00000149554;ENSG00000163918;ENSG00000126067;ENSG00000040275;ENSG00000179051;ENSG00000164924;ENSG00000101773;ENSG00000175279;ENSG00000075218;ENSG00000112130;ENSG00000175063;ENSG00000130706;ENSG00000101182;ENSG00000149503;ENSG00000144635;ENSG00000165916;ENSG00000092853;ENSG00000134057;ENSG00000138346;ENSG00000163322;ENSG00000125885;ENSG00000185130;ENSG00000085415;ENSG00000147889;ENSG00000137812;ENSG00000105393;ENSG00000135679;ENSG00000133119;ENSG00000132383;ENSG00000113522;ENSG00000112062;ENSG00000100764;ENSG00000142945;ENSG00000115233;ENSG00000169679;ENSG00000089685;ENSG00000143207;ENSG00000100567;ENSG00000151725;ENSG00000221983;ENSG00000185515;ENSG00000053900;ENSG00000124635;ENSG00000176386;ENSG00000100902;ENSG00000097046;ENSG00000088986;ENSG00000111581;ENSG00000105173;ENSG00000143947;ENSG00000110713;ENSG00000158406;ENSG00000072864;ENSG00000166483;ENSG00000174371;ENSG00000080986;ENSG00000166451;ENSG00000103035;ENSG00000170312;ENSG00000090273;ENSG00000182628;ENSG00000175054;ENSG00000277791;ENSG00000120253;ENSG00000129084;ENSG00000175166;ENSG00000274641;ENSG00000091651;ENSG00000120334;ENSG00000111445;ENSG00000275713;ENSG00000166913;ENSG00000109685;ENSG00000143228;ENSG00000188486;ENSG00000137337;ENSG00000108953;ENSG00000270276;ENSG00000164109"
"REACTOME","REACTOME_MITOCHONDRIAL_TRANSLATION",2.89596744331842e-07,2.27172557220312e-05,0.674962860011025,0.582611486766098,2.00371906378823,114,"ENSG00000239789;ENSG00000166902;ENSG00000090263;ENSG00000116221;ENSG00000143314;ENSG00000061794;ENSG00000125901;ENSG00000182154;ENSG00000130349;ENSG00000123297;ENSG00000137547;ENSG00000113048;ENSG00000175581;ENSG00000182180;ENSG00000185608;ENSG00000174547;ENSG00000074071;ENSG00000158042;ENSG00000112110;ENSG00000262814;ENSG00000204568;ENSG00000085760;ENSG00000149792;ENSG00000180992;ENSG00000242485;ENSG00000108826;ENSG00000105364;ENSG00000130312;ENSG00000178952;ENSG00000154719;ENSG00000243927;ENSG00000062582;ENSG00000131368;ENSG00000204822;ENSG00000159111;ENSG00000148187;ENSG00000122140;ENSG00000173141;ENSG00000243147;ENSG00000132676;ENSG00000004779;ENSG00000214026;ENSG00000130921;ENSG00000172590;ENSG00000175756;ENSG00000147586;ENSG00000198727;ENSG00000116898;ENSG00000111639;ENSG00000132591;ENSG00000114686;ENSG00000172172;ENSG00000198840;ENSG00000266472;ENSG00000179271;ENSG00000198712;ENSG00000115364;ENSG00000122033;ENSG00000128626;ENSG00000120662;ENSG00000167862;ENSG00000135972;ENSG00000156928;ENSG00000082515;ENSG00000102738;ENSG00000055950"
"REACTOME","REACTOME_G2_M_CHECKPOINTS",3.31907948292545e-07,2.46660012099512e-05,0.674962860011025,0.52904491560027,1.90007343861908,154,"ENSG00000166508;ENSG00000164815;ENSG00000094804;ENSG00000104738;ENSG00000133101;ENSG00000164045;ENSG00000112118;ENSG00000076003;ENSG00000158019;ENSG00000123374;ENSG00000171792;ENSG00000006634;ENSG00000049541;ENSG00000172613;ENSG00000175643;ENSG00000106399;ENSG00000128245;ENSG00000161057;ENSG00000127922;ENSG00000164053;ENSG00000093009;ENSG00000100297;ENSG00000127564;ENSG00000183765;ENSG00000178966;ENSG00000012048;ENSG00000073111;ENSG00000085840;ENSG00000117748;ENSG00000170315;ENSG00000145386;ENSG00000163961;ENSG00000157456;ENSG00000149554;ENSG00000163918;ENSG00000126067;ENSG00000164924;ENSG00000101773;ENSG00000075218;ENSG00000112130;ENSG00000130706;ENSG00000101182;ENSG00000165916;ENSG00000092853;ENSG00000134057;ENSG00000138346;ENSG00000163322;ENSG00000125885;ENSG00000185130;ENSG00000105393;ENSG00000133119;ENSG00000132383;ENSG00000113522;ENSG00000100764;ENSG00000115233;ENSG00000100567;ENSG00000221983;ENSG00000185515;ENSG00000124635;ENSG00000100902;ENSG00000097046;ENSG00000143947;ENSG00000158406;ENSG00000166483;ENSG00000174371;ENSG00000103035;ENSG00000170312;ENSG00000175054;ENSG00000277791;ENSG00000129084;ENSG00000175166;ENSG00000274641;ENSG00000091651;ENSG00000111445;ENSG00000275713;ENSG00000166913;ENSG00000109685;ENSG00000188486;ENSG00000137337;ENSG00000108953;ENSG00000270276;ENSG00000151164;ENSG00000159377;ENSG00000087191"
"REACTOME","REACTOME_EXTRACELLULAR_MATRIX_ORGANIZATION",3.53806561472729e-07,2.49787432399746e-05,0.674962860011025,-0.520018386029563,-1.74335146402842,289,"ENSG00000142173;ENSG00000110811;ENSG00000130508;ENSG00000105426;ENSG00000101680;ENSG00000134569;ENSG00000170624;ENSG00000196104;ENSG00000115414;ENSG00000077942;ENSG00000049089;ENSG00000168056;ENSG00000125845;ENSG00000138448;ENSG00000138131;ENSG00000092969;ENSG00000105329;ENSG00000172270;ENSG00000087245;ENSG00000139219;ENSG00000166147;ENSG00000135424;ENSG00000154721;ENSG00000135074;ENSG00000107957;ENSG00000135862;ENSG00000188153;ENSG00000149257;ENSG00000142156;ENSG00000050767;ENSG00000126247;ENSG00000142798;ENSG00000154229;ENSG00000204248;ENSG00000172037;ENSG00000164692;ENSG00000171502;ENSG00000077274;ENSG00000140873;ENSG00000119681;ENSG00000115884;ENSG00000187955;ENSG00000179915;ENSG00000172638;ENSG00000116147;ENSG00000148848;ENSG00000166086;ENSG00000108821;ENSG00000152952;ENSG00000138685;ENSG00000160963;ENSG00000130635;ENSG00000172554;ENSG00000169436;ENSG00000164733;ENSG00000182871;ENSG00000142192;ENSG00000102385;ENSG00000162909;ENSG00000090530;ENSG00000146197;ENSG00000115232;ENSG00000185053;ENSG00000150093;ENSG00000038427;ENSG00000162512;ENSG00000144668;ENSG00000074527;ENSG00000182492;ENSG00000168487;ENSG00000113083;ENSG00000140564;ENSG00000137809;ENSG00000137845;ENSG00000053747;ENSG00000163638;ENSG00000049323;ENSG00000159307;ENSG00000118785;ENSG00000169439;ENSG00000163131;ENSG00000117984;ENSG00000151694;ENSG00000183798;ENSG00000090006;ENSG00000125966;ENSG00000166033;ENSG00000058085;ENSG00000041982;ENSG00000196739;ENSG00000197461;ENSG00000113140;ENSG00000163710;ENSG00000143387;ENSG00000092758;ENSG00000154736;ENSG00000101400;ENSG00000129038;ENSG00000188157;ENSG00000137801;ENSG00000105855"
"REACTOME","REACTOME_MITOCHONDRIAL_TRANSLATION_ELONGATION",3.83998847184678e-07,2.58193510583222e-05,0.674962860011025,0.612527472640144,2.02369000994146,89,"ENSG00000239789;ENSG00000166902;ENSG00000090263;ENSG00000116221;ENSG00000143314;ENSG00000061794;ENSG00000125901;ENSG00000182154;ENSG00000123297;ENSG00000137547;ENSG00000113048;ENSG00000175581;ENSG00000182180;ENSG00000185608;ENSG00000174547;ENSG00000074071;ENSG00000158042;ENSG00000112110;ENSG00000262814;ENSG00000204568;ENSG00000149792;ENSG00000180992;ENSG00000242485;ENSG00000108826;ENSG00000105364;ENSG00000130312;ENSG00000178952;ENSG00000154719;ENSG00000243927;ENSG00000062582;ENSG00000131368;ENSG00000204822;ENSG00000159111;ENSG00000122140;ENSG00000173141;ENSG00000243147;ENSG00000132676;ENSG00000214026;ENSG00000172590;ENSG00000175756;ENSG00000147586;ENSG00000116898;ENSG00000111639;ENSG00000132591;ENSG00000114686;ENSG00000172172;ENSG00000266472;ENSG00000179271;ENSG00000115364;ENSG00000128626;ENSG00000167862;ENSG00000135972;ENSG00000082515;ENSG00000102738;ENSG00000055950"
"REACTOME","REACTOME_HDR_THROUGH_HOMOLOGOUS_RECOMBINATION_HRR",4.66212010068156e-07,2.99223344643744e-05,0.674962860011025,0.64405374158058,2.05292355409148,70,"ENSG00000148229;ENSG00000132646;ENSG00000106628;ENSG00000171792;ENSG00000049541;ENSG00000172613;ENSG00000175643;ENSG00000175482;ENSG00000106399;ENSG00000126215;ENSG00000127922;ENSG00000164053;ENSG00000100479;ENSG00000115350;ENSG00000182185;ENSG00000178966;ENSG00000012048;ENSG00000196584;ENSG00000177084;ENSG00000117748;ENSG00000170315;ENSG00000051180;ENSG00000170734;ENSG00000000460;ENSG00000149554;ENSG00000163918;ENSG00000101773;ENSG00000077514;ENSG00000138346;ENSG00000154920;ENSG00000035928;ENSG00000133119;ENSG00000258366;ENSG00000188827;ENSG00000132383;ENSG00000113522;ENSG00000139618;ENSG00000221983;ENSG00000172732;ENSG00000143947;ENSG00000197774;ENSG00000174371;ENSG00000132207;ENSG00000083093;ENSG00000175054"
"REACTOME","REACTOME_SELENOAMINO_ACID_METABOLISM",7.57813245467179e-07,4.65231435912894e-05,0.659444398037935,0.560380447821857,1.92839626696158,115,"ENSG00000104687;ENSG00000101444;ENSG00000171858;ENSG00000130255;ENSG00000168028;ENSG00000198755;ENSG00000112306;ENSG00000196305;ENSG00000162244;ENSG00000150540;ENSG00000161016;ENSG00000100316;ENSG00000147403;ENSG00000031698;ENSG00000136942;ENSG00000110700;ENSG00000172053;ENSG00000163923;ENSG00000137154;ENSG00000149806;ENSG00000142937;ENSG00000144713;ENSG00000231500;ENSG00000118181;ENSG00000167526;ENSG00000188846;ENSG00000132394;ENSG00000198034;ENSG00000174748;ENSG00000229117;ENSG00000140988;ENSG00000105640;ENSG00000182899;ENSG00000108298;ENSG00000166441;ENSG00000197728;ENSG00000149273;ENSG00000186468;ENSG00000197958;ENSG00000106305;ENSG00000109475;ENSG00000131469;ENSG00000164587;ENSG00000148303;ENSG00000037241;ENSG00000171863;ENSG00000265681;ENSG00000156482;ENSG00000187742;ENSG00000172809;ENSG00000147604;ENSG00000138326;ENSG00000163682;ENSG00000198918;ENSG00000179918;ENSG00000065427;ENSG00000145425;ENSG00000213741;ENSG00000124614;ENSG00000134419;ENSG00000145592;ENSG00000165502;ENSG00000116251;ENSG00000177600;ENSG00000161970;ENSG00000221983;ENSG00000071082;ENSG00000115866;ENSG00000125691;ENSG00000089157;ENSG00000164022;ENSG00000233927;ENSG00000143947"
"REACTOME","REACTOME_METABOLISM_OF_AMINO_ACIDS_AND_DERIVATIVES",1.01010879606452e-06,5.9428067501796e-05,0.643551836150722,0.408107226912187,1.58917091171996,345,"ENSG00000160282;ENSG00000130707;ENSG00000004864;ENSG00000113924;ENSG00000100033;ENSG00000104687;ENSG00000250799;ENSG00000162882;ENSG00000100577;ENSG00000116771;ENSG00000102172;ENSG00000108381;ENSG00000101444;ENSG00000132541;ENSG00000135423;ENSG00000070214;ENSG00000070669;ENSG00000183010;ENSG00000153406;ENSG00000166165;ENSG00000183048;ENSG00000132437;ENSG00000167701;ENSG00000129151;ENSG00000104904;ENSG00000100348;ENSG00000161057;ENSG00000016391;ENSG00000171858;ENSG00000127922;ENSG00000130255;ENSG00000168028;ENSG00000198755;ENSG00000112306;ENSG00000196305;ENSG00000162244;ENSG00000183077;ENSG00000104524;ENSG00000146733;ENSG00000099810;ENSG00000150540;ENSG00000161016;ENSG00000100316;ENSG00000147403;ENSG00000171097;ENSG00000128311;ENSG00000031698;ENSG00000181019;ENSG00000103507;ENSG00000136942;ENSG00000167720;ENSG00000135821;ENSG00000110700;ENSG00000172053;ENSG00000163923;ENSG00000139344;ENSG00000091140;ENSG00000137154;ENSG00000149806;ENSG00000172482;ENSG00000142937;ENSG00000143450;ENSG00000144713;ENSG00000104044;ENSG00000141744;ENSG00000149089;ENSG00000231500;ENSG00000176894;ENSG00000126067;ENSG00000118181;ENSG00000078070;ENSG00000116984;ENSG00000223572;ENSG00000130706;ENSG00000167526;ENSG00000101182;ENSG00000188846;ENSG00000132394;ENSG00000237289;ENSG00000198034;ENSG00000174748;ENSG00000075239;ENSG00000229117;ENSG00000084110;ENSG00000140988;ENSG00000105640;ENSG00000165916;ENSG00000182899;ENSG00000108298;ENSG00000166441;ENSG00000137767;ENSG00000197728;ENSG00000149273;ENSG00000186468;ENSG00000197958;ENSG00000143811;ENSG00000106305;ENSG00000109475;ENSG00000153066;ENSG00000131469;ENSG00000164587;ENSG00000148303;ENSG00000171759;ENSG00000037241;ENSG00000171863;ENSG00000265681;ENSG00000156482;ENSG00000187742;ENSG00000145293;ENSG00000172809;ENSG00000185973;ENSG00000102743;ENSG00000147604;ENSG00000138326;ENSG00000176974;ENSG00000163682;ENSG00000198918;ENSG00000036473;ENSG00000179918;ENSG00000065427;ENSG00000100764;ENSG00000145425;ENSG00000115233;ENSG00000213741;ENSG00000124614;ENSG00000134419;ENSG00000145592;ENSG00000165502;ENSG00000116251;ENSG00000177600;ENSG00000100567;ENSG00000161970;ENSG00000221983;ENSG00000071082;ENSG00000184716;ENSG00000100902;ENSG00000135069;ENSG00000115866;ENSG00000115705;ENSG00000125691;ENSG00000119689;ENSG00000089157;ENSG00000164022;ENSG00000233927;ENSG00000143947;ENSG00000125166;ENSG00000211448;ENSG00000166228"
"REACTOME","REACTOME_S_PHASE",1.21272360493896e-06,6.84946292069522e-05,0.643551836150722,0.522125780062732,1.86885121193494,150,"ENSG00000101868;ENSG00000198056;ENSG00000166508;ENSG00000164815;ENSG00000094804;ENSG00000131153;ENSG00000145604;ENSG00000104738;ENSG00000133101;ENSG00000101003;ENSG00000148229;ENSG00000132646;ENSG00000164045;ENSG00000112118;ENSG00000076003;ENSG00000142208;ENSG00000123374;ENSG00000106628;ENSG00000101412;ENSG00000175305;ENSG00000014138;ENSG00000049541;ENSG00000101224;ENSG00000167513;ENSG00000175482;ENSG00000106399;ENSG00000112312;ENSG00000161057;ENSG00000127922;ENSG00000093009;ENSG00000100479;ENSG00000168496;ENSG00000115350;ENSG00000100297;ENSG00000020426;ENSG00000166295;ENSG00000146143;ENSG00000073111;ENSG00000085840;ENSG00000177084;ENSG00000141552;ENSG00000117748;ENSG00000170315;ENSG00000181938;ENSG00000145386;ENSG00000163918;ENSG00000126067;ENSG00000175063;ENSG00000146670;ENSG00000130706;ENSG00000101182;ENSG00000077514;ENSG00000165916;ENSG00000138346;ENSG00000125885;ENSG00000135446;ENSG00000035928;ENSG00000133119;ENSG00000173207;ENSG00000132383;ENSG00000100764;ENSG00000118007;ENSG00000115233;ENSG00000100567;ENSG00000221983;ENSG00000053900;ENSG00000176386;ENSG00000100902;ENSG00000105173;ENSG00000143947;ENSG00000205250;ENSG00000166483;ENSG00000103035;ENSG00000171320;ENSG00000277791;ENSG00000129084;ENSG00000175166;ENSG00000147536"
"REACTOME","REACTOME_TRANSPORT_OF_VITAMINS_NUCLEOSIDES_AND_RELATED_MOLECULES",1.45042450019637e-06,7.87692074722027e-05,0.643551836150722,0.786870686764303,2.13759820297597,29,"ENSG00000112759;ENSG00000130958;ENSG00000005022;ENSG00000167114;ENSG00000213465;ENSG00000174669;ENSG00000102931;ENSG00000169100;ENSG00000205060;ENSG00000138074;ENSG00000157593;ENSG00000137860;ENSG00000151729;ENSG00000120509;ENSG00000116704;ENSG00000198246;ENSG00000184925"
"REACTOME","REACTOME_HOMOLOGY_DIRECTED_REPAIR",2.19182832814633e-06,0.000111137948713089,0.627256739718528,0.523596583823153,1.84919386417133,138,"ENSG00000133101;ENSG00000148229;ENSG00000132646;ENSG00000158019;ENSG00000123374;ENSG00000106628;ENSG00000171792;ENSG00000049541;ENSG00000172613;ENSG00000175643;ENSG00000175482;ENSG00000106399;ENSG00000126215;ENSG00000127922;ENSG00000164053;ENSG00000129484;ENSG00000100479;ENSG00000168496;ENSG00000115350;ENSG00000182185;ENSG00000143799;ENSG00000111602;ENSG00000178966;ENSG00000012048;ENSG00000196584;ENSG00000177084;ENSG00000117748;ENSG00000075131;ENSG00000170315;ENSG00000051180;ENSG00000170734;ENSG00000145386;ENSG00000163961;ENSG00000000460;ENSG00000149554;ENSG00000163918;ENSG00000101773;ENSG00000112130;ENSG00000077514;ENSG00000092853;ENSG00000138346;ENSG00000163322;ENSG00000185130;ENSG00000154920;ENSG00000105393;ENSG00000035928;ENSG00000133119;ENSG00000258366;ENSG00000188827;ENSG00000132383;ENSG00000113522;ENSG00000139618;ENSG00000221983;ENSG00000185515;ENSG00000124635;ENSG00000172732;ENSG00000143947;ENSG00000197774;ENSG00000158406;ENSG00000103275;ENSG00000174371;ENSG00000149923;ENSG00000132207;ENSG00000083093;ENSG00000175054"
"REACTOME","REACTOME_INFLUENZA_INFECTION",2.20386867136437e-06,0.000111137948713089,0.627256739718528,0.50962037040221,1.83566565882849,157,"ENSG00000179218;ENSG00000127022;ENSG00000160917;ENSG00000155561;ENSG00000125450;ENSG00000075188;ENSG00000005075;ENSG00000108424;ENSG00000171858;ENSG00000168002;ENSG00000130255;ENSG00000169100;ENSG00000168028;ENSG00000198755;ENSG00000112306;ENSG00000143799;ENSG00000162244;ENSG00000113569;ENSG00000161016;ENSG00000100316;ENSG00000147403;ENSG00000136942;ENSG00000163882;ENSG00000110700;ENSG00000080824;ENSG00000163923;ENSG00000137154;ENSG00000149806;ENSG00000142937;ENSG00000144713;ENSG00000132341;ENSG00000231500;ENSG00000118181;ENSG00000167526;ENSG00000188846;ENSG00000198034;ENSG00000174748;ENSG00000229117;ENSG00000140988;ENSG00000095319;ENSG00000105640;ENSG00000182899;ENSG00000108298;ENSG00000166441;ENSG00000058804;ENSG00000197728;ENSG00000149273;ENSG00000186468;ENSG00000197958;ENSG00000109475;ENSG00000131469;ENSG00000164587;ENSG00000085415;ENSG00000148303;ENSG00000108559;ENSG00000037241;ENSG00000171863;ENSG00000265681;ENSG00000156482;ENSG00000100142;ENSG00000172809;ENSG00000168404;ENSG00000147604;ENSG00000138326;ENSG00000163682;ENSG00000198918;ENSG00000145425;ENSG00000213741;ENSG00000124614;ENSG00000134419;ENSG00000145592;ENSG00000165502;ENSG00000117228;ENSG00000116251;ENSG00000138750;ENSG00000182481;ENSG00000177600;ENSG00000161970;ENSG00000221983;ENSG00000071082;ENSG00000125691;ENSG00000089157;ENSG00000111581;ENSG00000233927;ENSG00000143947;ENSG00000110713;ENSG00000102900;ENSG00000055332;ENSG00000122406;ENSG00000125651;ENSG00000142676;ENSG00000120253;ENSG00000114391;ENSG00000122026;ENSG00000093000"
"REACTOME","REACTOME_MITOTIC_G1_PHASE_AND_G1_S_TRANSITION",2.55754400500965e-06,0.000124525935692194,0.627256739718528,0.524293844268495,1.85226509489093,139,"ENSG00000129757;ENSG00000101868;ENSG00000101057;ENSG00000198056;ENSG00000166508;ENSG00000164815;ENSG00000094804;ENSG00000145604;ENSG00000104738;ENSG00000133101;ENSG00000148229;ENSG00000176890;ENSG00000132646;ENSG00000228716;ENSG00000164045;ENSG00000112118;ENSG00000076003;ENSG00000112576;ENSG00000142208;ENSG00000123374;ENSG00000101412;ENSG00000175305;ENSG00000129355;ENSG00000014138;ENSG00000006634;ENSG00000167513;ENSG00000171848;ENSG00000106399;ENSG00000007968;ENSG00000112312;ENSG00000161057;ENSG00000127922;ENSG00000093009;ENSG00000100479;ENSG00000115350;ENSG00000167900;ENSG00000100297;ENSG00000020426;ENSG00000167393;ENSG00000146143;ENSG00000073111;ENSG00000085840;ENSG00000177084;ENSG00000117748;ENSG00000170315;ENSG00000145386;ENSG00000116478;ENSG00000126067;ENSG00000130706;ENSG00000101182;ENSG00000165916;ENSG00000134057;ENSG00000125885;ENSG00000135446;ENSG00000147889;ENSG00000173207;ENSG00000132383;ENSG00000100764;ENSG00000115233;ENSG00000112029;ENSG00000100567;ENSG00000221983;ENSG00000096968;ENSG00000100902;ENSG00000097046;ENSG00000105173;ENSG00000143947"
"REACTOME","REACTOME_PHASE_II_CONJUGATION_OF_COMPOUNDS",2.86175094213747e-06,0.000130348139687036,0.627256739718528,0.609439707659719,1.98836283116391,80,"ENSG00000171234;ENSG00000197888;ENSG00000197448;ENSG00000130958;ENSG00000100577;ENSG00000171428;ENSG00000085871;ENSG00000135220;ENSG00000065621;ENSG00000101444;ENSG00000170899;ENSG00000134202;ENSG00000114779;ENSG00000166840;ENSG00000139684;ENSG00000148834;ENSG00000162813;ENSG00000169764;ENSG00000168765;ENSG00000109814;ENSG00000145626;ENSG00000196620;ENSG00000084207;ENSG00000006625;ENSG00000023909;ENSG00000143198;ENSG00000117448;ENSG00000156096;ENSG00000213648;ENSG00000100983;ENSG00000114631;ENSG00000116984;ENSG00000115652;ENSG00000116704;ENSG00000166743;ENSG00000213759;ENSG00000178814;ENSG00000143942"
"REACTOME","REACTOME_DNA_REPAIR",2.78846486544838e-06,0.000130348139687036,0.627256739718528,0.416778232258656,1.61555033508125,328,"ENSG00000168090;ENSG00000042088;ENSG00000169689;ENSG00000133101;ENSG00000157212;ENSG00000148229;ENSG00000132646;ENSG00000158019;ENSG00000123374;ENSG00000221829;ENSG00000106628;ENSG00000112039;ENSG00000076248;ENSG00000171792;ENSG00000118655;ENSG00000049541;ENSG00000172613;ENSG00000005075;ENSG00000187741;ENSG00000175643;ENSG00000175482;ENSG00000106399;ENSG00000132781;ENSG00000112249;ENSG00000126215;ENSG00000127922;ENSG00000116062;ENSG00000121060;ENSG00000164053;ENSG00000129484;ENSG00000168002;ENSG00000100479;ENSG00000168496;ENSG00000115350;ENSG00000182185;ENSG00000181544;ENSG00000143799;ENSG00000165280;ENSG00000111602;ENSG00000020426;ENSG00000075624;ENSG00000183765;ENSG00000169592;ENSG00000145736;ENSG00000178966;ENSG00000154914;ENSG00000012048;ENSG00000163882;ENSG00000196584;ENSG00000177084;ENSG00000196419;ENSG00000100325;ENSG00000117748;ENSG00000075131;ENSG00000170315;ENSG00000051180;ENSG00000170734;ENSG00000095002;ENSG00000152457;ENSG00000145386;ENSG00000163961;ENSG00000077152;ENSG00000000460;ENSG00000116863;ENSG00000149554;ENSG00000246705;ENSG00000065057;ENSG00000163930;ENSG00000100823;ENSG00000163918;ENSG00000101773;ENSG00000175279;ENSG00000112130;ENSG00000102977;ENSG00000184260;ENSG00000128513;ENSG00000114026;ENSG00000110107;ENSG00000077514;ENSG00000166199;ENSG00000092853;ENSG00000138346;ENSG00000163322;ENSG00000185130;ENSG00000179262;ENSG00000091542;ENSG00000158169;ENSG00000154920;ENSG00000100142;ENSG00000105393;ENSG00000138303;ENSG00000035928;ENSG00000189046;ENSG00000133119;ENSG00000258366;ENSG00000272047;ENSG00000131778;ENSG00000188827;ENSG00000198924;ENSG00000132383;ENSG00000113522;ENSG00000139618;ENSG00000092330;ENSG00000123415;ENSG00000109674;ENSG00000076242;ENSG00000134574;ENSG00000105968;ENSG00000166803;ENSG00000182481;ENSG00000154767;ENSG00000221983;ENSG00000185515;ENSG00000169727;ENSG00000124635;ENSG00000115392;ENSG00000166169;ENSG00000172732;ENSG00000143947;ENSG00000111652;ENSG00000197774;ENSG00000158406;ENSG00000122512;ENSG00000143476;ENSG00000103275;ENSG00000174371;ENSG00000149923;ENSG00000084072;ENSG00000132207;ENSG00000083093;ENSG00000175054;ENSG00000136518;ENSG00000076924;ENSG00000185504;ENSG00000253729;ENSG00000274641;ENSG00000101442;ENSG00000070950;ENSG00000144231;ENSG00000132604;ENSG00000278463;ENSG00000111445;ENSG00000275713;ENSG00000187778;ENSG00000109685;ENSG00000115274;ENSG00000162607;ENSG00000188486;ENSG00000137337;ENSG00000116670;ENSG00000270276;ENSG00000240682;ENSG00000113318;ENSG00000151164;ENSG00000141030;ENSG00000063978;ENSG00000183161;ENSG00000100811"
"REACTOME","REACTOME_DRUG_ADME",3.00981888789774e-06,0.000130788381081982,0.627256739718528,0.598501828289607,1.96689388651599,84,"ENSG00000171234;ENSG00000198805;ENSG00000112759;ENSG00000197888;ENSG00000138109;ENSG00000085563;ENSG00000165841;ENSG00000178035;ENSG00000171428;ENSG00000243989;ENSG00000106348;ENSG00000135220;ENSG00000160868;ENSG00000166840;ENSG00000243678;ENSG00000163655;ENSG00000125877;ENSG00000174669;ENSG00000165704;ENSG00000168803;ENSG00000239672;ENSG00000137491;ENSG00000145626;ENSG00000196620;ENSG00000084207;ENSG00000143774;ENSG00000156096;ENSG00000137860;ENSG00000213648"
"REACTOME","REACTOME_EUKARYOTIC_TRANSLATION_ELONGATION",3.05666896296417e-06,0.000130788381081982,0.627256739718528,0.578359326226696,1.92002236714981,92,"ENSG00000171858;ENSG00000130255;ENSG00000168028;ENSG00000198755;ENSG00000112306;ENSG00000162244;ENSG00000161016;ENSG00000100316;ENSG00000147403;ENSG00000136942;ENSG00000110700;ENSG00000163923;ENSG00000137154;ENSG00000149806;ENSG00000142937;ENSG00000144713;ENSG00000231500;ENSG00000101210;ENSG00000254772;ENSG00000118181;ENSG00000167526;ENSG00000188846;ENSG00000198034;ENSG00000174748;ENSG00000229117;ENSG00000140988;ENSG00000105640;ENSG00000182899;ENSG00000108298;ENSG00000166441;ENSG00000197728;ENSG00000149273;ENSG00000186468;ENSG00000197958;ENSG00000109475;ENSG00000131469;ENSG00000164587;ENSG00000148303;ENSG00000037241;ENSG00000171863;ENSG00000265681;ENSG00000156482;ENSG00000172809;ENSG00000147604;ENSG00000138326;ENSG00000163682;ENSG00000198918;ENSG00000145425;ENSG00000213741;ENSG00000124614;ENSG00000134419;ENSG00000145592;ENSG00000165502;ENSG00000116251;ENSG00000177600;ENSG00000161970;ENSG00000221983;ENSG00000071082;ENSG00000125691;ENSG00000089157;ENSG00000233927;ENSG00000143947;ENSG00000156508;ENSG00000122406;ENSG00000142676;ENSG00000114391;ENSG00000122026;ENSG00000167658"
"REACTOME","REACTOME_MITOCHONDRIAL_PROTEIN_DEGRADATION",4.45124722799811e-06,0.000182886846518588,0.610526878385931,0.565409108069002,1.90154936439406,98,"ENSG00000106028;ENSG00000131828;ENSG00000137124;ENSG00000005022;ENSG00000067704;ENSG00000091483;ENSG00000023330;ENSG00000152620;ENSG00000162600;ENSG00000161267;ENSG00000115317;ENSG00000134809;ENSG00000183172;ENSG00000100575;ENSG00000182199;ENSG00000169100;ENSG00000062485;ENSG00000141385;ENSG00000182054;ENSG00000119673;ENSG00000106153;ENSG00000169230;ENSG00000100412;ENSG00000164405;ENSG00000082212;ENSG00000262814;ENSG00000125656;ENSG00000165264;ENSG00000091140;ENSG00000160194;ENSG00000072062;ENSG00000075239;ENSG00000122140;ENSG00000084090;ENSG00000083720;ENSG00000167863;ENSG00000114054;ENSG00000140740;ENSG00000167792;ENSG00000066926;ENSG00000131495"
"REACTOME","REACTOME_M_PHASE",4.53331418424263e-06,0.000182886846518588,0.610526878385931,0.389789143926762,1.5341418423962,398,"ENSG00000092036;ENSG00000146918;ENSG00000155561;ENSG00000126001;ENSG00000106477;ENSG00000131462;ENSG00000125450;ENSG00000075188;ENSG00000161888;ENSG00000143815;ENSG00000046651;ENSG00000100401;ENSG00000180198;ENSG00000188312;ENSG00000153044;ENSG00000137100;ENSG00000188229;ENSG00000066027;ENSG00000142856;ENSG00000161057;ENSG00000113368;ENSG00000112640;ENSG00000010292;ENSG00000108424;ENSG00000127922;ENSG00000117399;ENSG00000149636;ENSG00000100162;ENSG00000135476;ENSG00000154839;ENSG00000115163;ENSG00000102882;ENSG00000275835;ENSG00000198089;ENSG00000100749;ENSG00000113569;ENSG00000086827;ENSG00000123219;ENSG00000152240;ENSG00000138107;ENSG00000166295;ENSG00000154473;ENSG00000134324;ENSG00000173272;ENSG00000166851;ENSG00000080824;ENSG00000109805;ENSG00000151503;ENSG00000213397;ENSG00000141552;ENSG00000101162;ENSG00000138778;ENSG00000134690;ENSG00000102384;ENSG00000170315;ENSG00000154001;ENSG00000122952;ENSG00000132341;ENSG00000000460;ENSG00000178999;ENSG00000157456;ENSG00000246705;ENSG00000175334;ENSG00000072062;ENSG00000126067;ENSG00000176014;ENSG00000040275;ENSG00000179051;ENSG00000175279;ENSG00000112877;ENSG00000254505;ENSG00000184260;ENSG00000175063;ENSG00000146670;ENSG00000130706;ENSG00000167553;ENSG00000101182;ENSG00000112984;ENSG00000152082;ENSG00000137822;ENSG00000149503;ENSG00000095319;ENSG00000144635;ENSG00000165916;ENSG00000132793;ENSG00000058804;ENSG00000176101;ENSG00000134057;ENSG00000273983;ENSG00000185130;ENSG00000085415;ENSG00000108559;ENSG00000164611;ENSG00000137812;ENSG00000123416;ENSG00000132612;ENSG00000121152;ENSG00000141577;ENSG00000161904;ENSG00000196230;ENSG00000175203;ENSG00000100764;ENSG00000118007;ENSG00000142945;ENSG00000115233;ENSG00000112029;ENSG00000169679;ENSG00000089685;ENSG00000105968;ENSG00000138750;ENSG00000100567;ENSG00000258947;ENSG00000151725;ENSG00000221983;ENSG00000053900;ENSG00000124635;ENSG00000176386;ENSG00000120802;ENSG00000100902;ENSG00000130640;ENSG00000088986;ENSG00000174799;ENSG00000111581;ENSG00000143947;ENSG00000110713;ENSG00000102900;ENSG00000158406;ENSG00000120539;ENSG00000103275;ENSG00000072864;ENSG00000131351;ENSG00000127914;ENSG00000278828;ENSG00000080986;ENSG00000166451;ENSG00000103035;ENSG00000170312;ENSG00000090273;ENSG00000139350;ENSG00000164695;ENSG00000182628;ENSG00000110274;ENSG00000277791;ENSG00000137814;ENSG00000120253;ENSG00000129084;ENSG00000175470;ENSG00000175166;ENSG00000148019;ENSG00000025770;ENSG00000093000;ENSG00000102119;ENSG00000274641;ENSG00000120334;ENSG00000204435;ENSG00000278463;ENSG00000275713;ENSG00000119397;ENSG00000103540;ENSG00000143228;ENSG00000188486;ENSG00000108953;ENSG00000270276;ENSG00000164109;ENSG00000261456;ENSG00000136861;ENSG00000072501;ENSG00000101146;ENSG00000094914"
"REACTOME","REACTOME_INFLUENZA_VIRAL_RNA_TRANSCRIPTION_AND_REPLICATION",4.82857980736127e-06,0.000189387630222059,0.610526878385931,0.513124117244892,1.80391192572961,135,"ENSG00000155561;ENSG00000125450;ENSG00000075188;ENSG00000005075;ENSG00000171858;ENSG00000168002;ENSG00000130255;ENSG00000168028;ENSG00000198755;ENSG00000112306;ENSG00000143799;ENSG00000162244;ENSG00000113569;ENSG00000161016;ENSG00000100316;ENSG00000147403;ENSG00000136942;ENSG00000163882;ENSG00000110700;ENSG00000080824;ENSG00000163923;ENSG00000137154;ENSG00000149806;ENSG00000142937;ENSG00000144713;ENSG00000231500;ENSG00000118181;ENSG00000167526;ENSG00000188846;ENSG00000198034;ENSG00000174748;ENSG00000229117;ENSG00000140988;ENSG00000095319;ENSG00000105640;ENSG00000182899;ENSG00000108298;ENSG00000166441;ENSG00000058804;ENSG00000197728;ENSG00000149273;ENSG00000186468;ENSG00000197958;ENSG00000109475;ENSG00000131469;ENSG00000164587;ENSG00000085415;ENSG00000148303;ENSG00000108559;ENSG00000037241;ENSG00000171863;ENSG00000265681;ENSG00000156482;ENSG00000100142;ENSG00000172809;ENSG00000147604;ENSG00000138326;ENSG00000163682;ENSG00000198918;ENSG00000145425;ENSG00000213741;ENSG00000124614;ENSG00000134419;ENSG00000145592;ENSG00000165502;ENSG00000116251;ENSG00000138750;ENSG00000177600;ENSG00000161970;ENSG00000221983;ENSG00000071082;ENSG00000125691;ENSG00000089157;ENSG00000111581;ENSG00000233927;ENSG00000143947;ENSG00000110713;ENSG00000102900;ENSG00000122406;ENSG00000125651;ENSG00000142676;ENSG00000120253;ENSG00000114391;ENSG00000122026;ENSG00000093000"
"REACTOME","REACTOME_NEUREXINS_AND_NEUROLIGINS",5.17331454522326e-06,0.000194591366049096,0.610526878385931,-0.706422120670663,-1.94402247368104,54,"ENSG00000183454;ENSG00000146006;ENSG00000103942;ENSG00000165246;ENSG00000088367;ENSG00000150672;ENSG00000021645;ENSG00000198739;ENSG00000115109;ENSG00000162951;ENSG00000161681;ENSG00000169760;ENSG00000152822;ENSG00000132535;ENSG00000104863;ENSG00000136854;ENSG00000179915;ENSG00000176884;ENSG00000169992;ENSG00000146938;ENSG00000116544;ENSG00000143858;ENSG00000080845;ENSG00000034053;ENSG00000183092;ENSG00000196338;ENSG00000159023;ENSG00000082397"
"REACTOME","REACTOME_SIGNALING_BY_NTRKS",5.23687812313431e-06,0.000194591366049096,0.610526878385931,-0.585944014803564,-1.8270374663398,132,"ENSG00000129167;ENSG00000105426;ENSG00000120875;ENSG00000129946;ENSG00000141433;ENSG00000172201;ENSG00000117525;ENSG00000139318;ENSG00000115738;ENSG00000140538;ENSG00000188130;ENSG00000140479;ENSG00000071242;ENSG00000125740;ENSG00000118515;ENSG00000125968;ENSG00000145675;ENSG00000105568;ENSG00000170345;ENSG00000138386;ENSG00000143622;ENSG00000068305;ENSG00000117318;ENSG00000107295;ENSG00000179388;ENSG00000179295;ENSG00000151490;ENSG00000122877;ENSG00000148082;ENSG00000185950;ENSG00000010810;ENSG00000169047;ENSG00000115966;ENSG00000104695;ENSG00000124181;ENSG00000185386;ENSG00000137764;ENSG00000118260;ENSG00000099139;ENSG00000140564;ENSG00000137713;ENSG00000166225;ENSG00000109458;ENSG00000042753;ENSG00000134313;ENSG00000173334;ENSG00000183020;ENSG00000169032;ENSG00000141367;ENSG00000120738;ENSG00000196961;ENSG00000160271;ENSG00000171450;ENSG00000116604;ENSG00000176749"
"REACTOME","REACTOME_METABOLISM_OF_STEROIDS",7.75010439237678e-06,0.000280593523129128,0.593325476396405,0.502926283262189,1.79440623042702,148,"ENSG00000186480;ENSG00000140284;ENSG00000001630;ENSG00000198610;ENSG00000083807;ENSG00000085662;ENSG00000147155;ENSG00000196139;ENSG00000116133;ENSG00000132196;ENSG00000101846;ENSG00000145321;ENSG00000169710;ENSG00000112972;ENSG00000168306;ENSG00000128039;ENSG00000143815;ENSG00000160752;ENSG00000133835;ENSG00000012174;ENSG00000163344;ENSG00000108424;ENSG00000173409;ENSG00000072310;ENSG00000161513;ENSG00000036530;ENSG00000147383;ENSG00000267673;ENSG00000142453;ENSG00000149809;ENSG00000070882;ENSG00000132341;ENSG00000125629;ENSG00000131748;ENSG00000198189;ENSG00000172893;ENSG00000242110;ENSG00000101849;ENSG00000120437;ENSG00000170231;ENSG00000101473;ENSG00000167508;ENSG00000198911;ENSG00000067064;ENSG00000186104;ENSG00000174448;ENSG00000137714;ENSG00000116171;ENSG00000114650;ENSG00000103275;ENSG00000145545;ENSG00000135929;ENSG00000185591;ENSG00000170522;ENSG00000205808;ENSG00000164211;ENSG00000278540"
"REACTOME","REACTOME_RESPIRATORY_ELECTRON_TRANSPORT",9.0669090045205e-06,0.000312255500350804,0.593325476396405,0.494428472795743,1.78094405359394,157,"ENSG00000004864;ENSG00000181061;ENSG00000105379;ENSG00000244005;ENSG00000090266;ENSG00000232838;ENSG00000171503;ENSG00000184983;ENSG00000004961;ENSG00000073578;ENSG00000183978;ENSG00000163626;ENSG00000177542;ENSG00000164182;ENSG00000151413;ENSG00000113845;ENSG00000158864;ENSG00000101084;ENSG00000166260;ENSG00000110074;ENSG00000187118;ENSG00000183605;ENSG00000133983;ENSG00000137806;ENSG00000164405;ENSG00000183648;ENSG00000109390;ENSG00000267855;ENSG00000165264;ENSG00000204370;ENSG00000108528;ENSG00000178127;ENSG00000168653;ENSG00000168569;ENSG00000148290;ENSG00000168924;ENSG00000240230;ENSG00000160194;ENSG00000014919;ENSG00000147684;ENSG00000176340;ENSG00000189043;ENSG00000137038;ENSG00000128609;ENSG00000115944;ENSG00000011295;ENSG00000250317;ENSG00000178057;ENSG00000156170;ENSG00000004779;ENSG00000119421;ENSG00000151366;ENSG00000065518;ENSG00000138495;ENSG00000106603;ENSG00000127184;ENSG00000010256;ENSG00000164919;ENSG00000203667;ENSG00000144120;ENSG00000140990;ENSG00000140740;ENSG00000198727;ENSG00000167792;ENSG00000131495;ENSG00000145337;ENSG00000184076;ENSG00000198840;ENSG00000179091;ENSG00000204922;ENSG00000198712;ENSG00000136463;ENSG00000147123;ENSG00000125166;ENSG00000224877;ENSG00000178449;ENSG00000125356;ENSG00000136521;ENSG00000130159;ENSG00000184752;ENSG00000075336;ENSG00000120053;ENSG00000213619;ENSG00000184857;ENSG00000112695;ENSG00000146066;ENSG00000146701"
"REACTOME","REACTOME_DNA_DOUBLE_STRAND_BREAK_REPAIR",8.98162584835216e-06,0.000312255500350804,0.593325476396405,0.469144086417911,1.69917717672059,168,"ENSG00000042088;ENSG00000133101;ENSG00000157212;ENSG00000148229;ENSG00000132646;ENSG00000158019;ENSG00000123374;ENSG00000106628;ENSG00000171792;ENSG00000049541;ENSG00000172613;ENSG00000175643;ENSG00000175482;ENSG00000106399;ENSG00000126215;ENSG00000127922;ENSG00000164053;ENSG00000129484;ENSG00000100479;ENSG00000168496;ENSG00000115350;ENSG00000182185;ENSG00000143799;ENSG00000111602;ENSG00000183765;ENSG00000178966;ENSG00000012048;ENSG00000196584;ENSG00000177084;ENSG00000196419;ENSG00000117748;ENSG00000075131;ENSG00000170315;ENSG00000051180;ENSG00000170734;ENSG00000152457;ENSG00000145386;ENSG00000163961;ENSG00000000460;ENSG00000149554;ENSG00000163930;ENSG00000163918;ENSG00000101773;ENSG00000112130;ENSG00000077514;ENSG00000092853;ENSG00000138346;ENSG00000163322;ENSG00000185130;ENSG00000154920;ENSG00000105393;ENSG00000035928;ENSG00000133119;ENSG00000258366;ENSG00000188827;ENSG00000132383;ENSG00000113522;ENSG00000139618;ENSG00000182481;ENSG00000221983;ENSG00000185515;ENSG00000124635;ENSG00000166169;ENSG00000172732;ENSG00000143947;ENSG00000197774;ENSG00000158406;ENSG00000103275;ENSG00000174371;ENSG00000149923;ENSG00000132207;ENSG00000083093;ENSG00000175054"
"REACTOME","REACTOME_SRP_DEPENDENT_COTRANSLATIONAL_PROTEIN_TARGETING_TO_MEMBRANE",1.39040951314083e-05,0.000467442436322583,0.593325476396405,0.540454707141239,1.85360992936282,111,"ENSG00000118705;ENSG00000163902;ENSG00000171858;ENSG00000130255;ENSG00000168028;ENSG00000198755;ENSG00000112306;ENSG00000162244;ENSG00000161016;ENSG00000100316;ENSG00000147403;ENSG00000136942;ENSG00000114902;ENSG00000110700;ENSG00000163923;ENSG00000137154;ENSG00000149806;ENSG00000142937;ENSG00000144713;ENSG00000244038;ENSG00000231500;ENSG00000118181;ENSG00000167526;ENSG00000188846;ENSG00000198034;ENSG00000174748;ENSG00000229117;ENSG00000140988;ENSG00000105640;ENSG00000182899;ENSG00000108298;ENSG00000166441;ENSG00000197728;ENSG00000149273;ENSG00000186468;ENSG00000197958;ENSG00000109475;ENSG00000131469;ENSG00000164587;ENSG00000148303;ENSG00000037241;ENSG00000171863;ENSG00000265681;ENSG00000144867;ENSG00000156482;ENSG00000172809;ENSG00000147604;ENSG00000138326;ENSG00000163682;ENSG00000198918;ENSG00000145425;ENSG00000213741;ENSG00000124614;ENSG00000134419;ENSG00000145592;ENSG00000165502;ENSG00000116251;ENSG00000177600;ENSG00000161970;ENSG00000221983;ENSG00000071082;ENSG00000125691;ENSG00000089157;ENSG00000233927;ENSG00000143947;ENSG00000167881;ENSG00000122406;ENSG00000140319;ENSG00000142676;ENSG00000163479;ENSG00000114391;ENSG00000122026"
"REACTOME","REACTOME_SYNTHESIS_OF_GLYCOSYLPHOSPHATIDYLINOSITOL_GPI",1.446487476406e-05,0.000472244530604841,0.593325476396405,0.839617510870497,1.9972038467339,17,"ENSG00000277161;ENSG00000165282;ENSG00000100564;ENSG00000185808;ENSG00000163964;ENSG00000060642;ENSG00000136908;ENSG00000174227;ENSG00000151665;ENSG00000165195;ENSG00000135845;ENSG00000119227"
"REACTOME","REACTOME_CHROMOSOME_MAINTENANCE",1.47158352313123e-05,0.000472244530604841,0.593325476396405,0.501221856064695,1.7620689677307,135,"ENSG00000101868;ENSG00000102054;ENSG00000198056;ENSG00000169689;ENSG00000133101;ENSG00000132646;ENSG00000123374;ENSG00000106628;ENSG00000014138;ENSG00000049541;ENSG00000005075;ENSG00000175482;ENSG00000188312;ENSG00000153044;ENSG00000106399;ENSG00000142856;ENSG00000144736;ENSG00000168002;ENSG00000168496;ENSG00000100162;ENSG00000164362;ENSG00000115163;ENSG00000123219;ENSG00000163882;ENSG00000146143;ENSG00000168802;ENSG00000117748;ENSG00000102384;ENSG00000145386;ENSG00000246705;ENSG00000203760;ENSG00000145912;ENSG00000163918;ENSG00000175279;ENSG00000102977;ENSG00000184260;ENSG00000128513;ENSG00000130826;ENSG00000077514;ENSG00000138346;ENSG00000185130;ENSG00000137812;ENSG00000100142;ENSG00000035928;ENSG00000133119;ENSG00000258366;ENSG00000136982;ENSG00000206560;ENSG00000132383;ENSG00000141499;ENSG00000092330;ENSG00000105968;ENSG00000151725;ENSG00000124635;ENSG00000107960;ENSG00000158406;ENSG00000159055;ENSG00000166451;ENSG00000274641;ENSG00000120334;ENSG00000144231;ENSG00000132604;ENSG00000278463;ENSG00000111445;ENSG00000275713;ENSG00000188486;ENSG00000270276;ENSG00000127586;ENSG00000257949;ENSG00000104147"
"REACTOME","REACTOME_RESPONSE_OF_EIF2AK4_GCN2_TO_AMINO_ACID_DEFICIENCY",1.61007088646756e-05,0.000505204464820489,0.575610261071129,0.543742766990388,1.83350048429007,100,"ENSG00000070669;ENSG00000130741;ENSG00000101255;ENSG00000162772;ENSG00000171858;ENSG00000130255;ENSG00000168028;ENSG00000128829;ENSG00000198755;ENSG00000112306;ENSG00000162244;ENSG00000161016;ENSG00000100316;ENSG00000147403;ENSG00000136942;ENSG00000110700;ENSG00000163923;ENSG00000137154;ENSG00000149806;ENSG00000175197;ENSG00000142937;ENSG00000144713;ENSG00000231500;ENSG00000134001;ENSG00000125977;ENSG00000118181;ENSG00000167526;ENSG00000188846;ENSG00000198034;ENSG00000174748;ENSG00000229117;ENSG00000140988;ENSG00000105640;ENSG00000182899;ENSG00000108298;ENSG00000166441;ENSG00000197728;ENSG00000149273;ENSG00000186468;ENSG00000197958;ENSG00000109475;ENSG00000131469;ENSG00000164587;ENSG00000148303;ENSG00000037241;ENSG00000171863;ENSG00000265681;ENSG00000156482;ENSG00000172809;ENSG00000147604;ENSG00000138326;ENSG00000163682;ENSG00000198918;ENSG00000145425;ENSG00000213741;ENSG00000124614;ENSG00000134419;ENSG00000145592;ENSG00000165502;ENSG00000116251;ENSG00000177600;ENSG00000161970;ENSG00000221983;ENSG00000071082;ENSG00000125691;ENSG00000089157;ENSG00000233927;ENSG00000143947"
"REACTOME","REACTOME_NUCLEOTIDE_SALVAGE",1.75973619102199e-05,0.000532076068063492,0.575610261071129,0.786070462637474,2.02140947112796,23,"ENSG00000130021;ENSG00000198805;ENSG00000100938;ENSG00000137198;ENSG00000198931;ENSG00000165704;ENSG00000168803;ENSG00000130717;ENSG00000167900;ENSG00000166548;ENSG00000156136;ENSG00000143179;ENSG00000156110;ENSG00000025708"
"REACTOME","REACTOME_ECM_PROTEOGLYCANS",1.77107473080624e-05,0.000532076068063492,0.575610261071129,-0.649902558016472,-1.86926594710817,71,"ENSG00000142173;ENSG00000105426;ENSG00000101680;ENSG00000134569;ENSG00000115414;ENSG00000049089;ENSG00000138448;ENSG00000092969;ENSG00000105329;ENSG00000139219;ENSG00000135424;ENSG00000135862;ENSG00000188153;ENSG00000142156;ENSG00000142798;ENSG00000172037;ENSG00000164692;ENSG00000116147;ENSG00000108821;ENSG00000130635;ENSG00000142192;ENSG00000150093;ENSG00000038427;ENSG00000144668;ENSG00000182492"
"REACTOME","REACTOME_DNA_REPLICATION_PRE_INITIATION",1.84358973998979e-05,0.000542322648513663,0.575610261071129,0.498378035254822,1.77476919669388,144,"ENSG00000101868;ENSG00000198056;ENSG00000166508;ENSG00000164815;ENSG00000094804;ENSG00000104738;ENSG00000148229;ENSG00000112118;ENSG00000076003;ENSG00000123374;ENSG00000014138;ENSG00000006634;ENSG00000167513;ENSG00000106399;ENSG00000112312;ENSG00000161057;ENSG00000108424;ENSG00000127922;ENSG00000093009;ENSG00000100479;ENSG00000115350;ENSG00000100297;ENSG00000166295;ENSG00000146143;ENSG00000073111;ENSG00000085840;ENSG00000177084;ENSG00000141552;ENSG00000117748;ENSG00000170315;ENSG00000246705;ENSG00000126067;ENSG00000184260;ENSG00000175063;ENSG00000130706;ENSG00000101182;ENSG00000165916;ENSG00000273983;ENSG00000125885;ENSG00000185130;ENSG00000132383;ENSG00000100764;ENSG00000115233;ENSG00000105968;ENSG00000100567;ENSG00000221983;ENSG00000053900;ENSG00000124635;ENSG00000176386;ENSG00000100902;ENSG00000097046;ENSG00000143947;ENSG00000158406;ENSG00000278828;ENSG00000103035;ENSG00000277791;ENSG00000129084;ENSG00000175166;ENSG00000274641;ENSG00000091651;ENSG00000278463;ENSG00000275713;ENSG00000188486"
"REACTOME","REACTOME_ACTIVATION_OF_ATR_IN_RESPONSE_TO_REPLICATION_STRESS",2.06436650958201e-05,0.000582977102305959,0.575610261071129,0.70622001233185,2.00562085682904,37,"ENSG00000166508;ENSG00000164815;ENSG00000094804;ENSG00000104738;ENSG00000164045;ENSG00000112118;ENSG00000076003;ENSG00000123374;ENSG00000006634;ENSG00000049541;ENSG00000172613;ENSG00000106399;ENSG00000164053;ENSG00000093009;ENSG00000100297;ENSG00000073111;ENSG00000085840;ENSG00000117748;ENSG00000149554;ENSG00000163918;ENSG00000092853;ENSG00000125885;ENSG00000133119;ENSG00000132383"
"REACTOME","REACTOME_CELLULAR_RESPONSE_TO_STARVATION",2.03068240285945e-05,0.000582977102305959,0.575610261071129,0.476065395422636,1.71024201046071,155,"ENSG00000106615;ENSG00000128524;ENSG00000070669;ENSG00000130741;ENSG00000101255;ENSG00000162772;ENSG00000171858;ENSG00000130255;ENSG00000168028;ENSG00000128829;ENSG00000198755;ENSG00000112306;ENSG00000162244;ENSG00000161016;ENSG00000100316;ENSG00000147403;ENSG00000136942;ENSG00000114388;ENSG00000110700;ENSG00000163923;ENSG00000100150;ENSG00000137154;ENSG00000171130;ENSG00000149806;ENSG00000175197;ENSG00000177058;ENSG00000142937;ENSG00000144713;ENSG00000188186;ENSG00000116039;ENSG00000231500;ENSG00000134001;ENSG00000125977;ENSG00000118181;ENSG00000167526;ENSG00000188846;ENSG00000198034;ENSG00000174748;ENSG00000229117;ENSG00000140988;ENSG00000105640;ENSG00000182899;ENSG00000108298;ENSG00000166441;ENSG00000197728;ENSG00000149273;ENSG00000186468;ENSG00000116586;ENSG00000197958;ENSG00000155097;ENSG00000109475;ENSG00000131469;ENSG00000164587;ENSG00000085415;ENSG00000148303;ENSG00000037241;ENSG00000171863;ENSG00000265681;ENSG00000156482;ENSG00000172809;ENSG00000117410;ENSG00000155876;ENSG00000147604;ENSG00000138326;ENSG00000163682;ENSG00000198918;ENSG00000103148;ENSG00000145425;ENSG00000213741;ENSG00000124614;ENSG00000134419;ENSG00000159720;ENSG00000145592;ENSG00000165502;ENSG00000116251;ENSG00000177600;ENSG00000250565;ENSG00000161970;ENSG00000221983;ENSG00000071082;ENSG00000125691;ENSG00000089157;ENSG00000233927;ENSG00000143947"
"REACTOME","REACTOME_RESOLUTION_OF_AP_SITES_VIA_THE_MULTIPLE_NUCLEOTIDE_PATCH_REPLACEMENT_PATHWAY",3.7829550685199e-05,0.00104735932485296,0.557332238758646,0.766812767384995,2.01061802364043,25,"ENSG00000148229;ENSG00000132646;ENSG00000106628;ENSG00000049541;ENSG00000175482;ENSG00000106399;ENSG00000129484;ENSG00000100479;ENSG00000168496;ENSG00000115350;ENSG00000143799;ENSG00000177084;ENSG00000117748;ENSG00000116863;ENSG00000100823;ENSG00000163918;ENSG00000077514;ENSG00000035928;ENSG00000133119;ENSG00000132383"
"REACTOME","REACTOME_RIBOSOME_ASSOCIATED_QUALITY_CONTROL",3.95541620525743e-05,0.0010740476311199,0.557332238758646,0.490073378176575,1.74170241527646,143,"ENSG00000161057;ENSG00000112249;ENSG00000171858;ENSG00000127922;ENSG00000130255;ENSG00000168028;ENSG00000198755;ENSG00000112306;ENSG00000162244;ENSG00000165280;ENSG00000161016;ENSG00000100316;ENSG00000147403;ENSG00000136942;ENSG00000110700;ENSG00000163923;ENSG00000100325;ENSG00000137154;ENSG00000149806;ENSG00000142937;ENSG00000170315;ENSG00000144713;ENSG00000231500;ENSG00000126067;ENSG00000118181;ENSG00000130706;ENSG00000167526;ENSG00000101182;ENSG00000188846;ENSG00000198034;ENSG00000174748;ENSG00000229117;ENSG00000140988;ENSG00000105640;ENSG00000165916;ENSG00000182899;ENSG00000108298;ENSG00000166441;ENSG00000197728;ENSG00000149273;ENSG00000128607;ENSG00000186468;ENSG00000197958;ENSG00000109475;ENSG00000131469;ENSG00000164587;ENSG00000148303;ENSG00000037241;ENSG00000171863;ENSG00000265681;ENSG00000156482;ENSG00000172809;ENSG00000147604;ENSG00000138326;ENSG00000163682;ENSG00000198918;ENSG00000100764;ENSG00000145425;ENSG00000115233;ENSG00000213741;ENSG00000124614;ENSG00000134419;ENSG00000145592;ENSG00000165502;ENSG00000131508;ENSG00000116251;ENSG00000177600;ENSG00000100567;ENSG00000161970;ENSG00000164163;ENSG00000221983;ENSG00000071082;ENSG00000100902;ENSG00000125691;ENSG00000089157;ENSG00000233927;ENSG00000143947;ENSG00000103035;ENSG00000122406;ENSG00000142676;ENSG00000277791;ENSG00000129084;ENSG00000175166;ENSG00000114391;ENSG00000122026;ENSG00000167962"
"REACTOME","REACTOME_ASPARAGINE_N_LINKED_GLYCOSYLATION",4.12157228740453e-05,0.00109804906977645,0.557332238758646,0.398460789671171,1.53289812823938,305,"ENSG00000128268;ENSG00000161013;ENSG00000033170;ENSG00000131446;ENSG00000114270;ENSG00000100522;ENSG00000196459;ENSG00000120697;ENSG00000179218;ENSG00000158623;ENSG00000088035;ENSG00000127022;ENSG00000136840;ENSG00000101638;ENSG00000088298;ENSG00000128039;ENSG00000112699;ENSG00000173540;ENSG00000130175;ENSG00000179085;ENSG00000093183;ENSG00000118705;ENSG00000159063;ENSG00000033011;ENSG00000111726;ENSG00000138073;ENSG00000137100;ENSG00000188229;ENSG00000163902;ENSG00000174871;ENSG00000169223;ENSG00000159921;ENSG00000172269;ENSG00000135775;ENSG00000151150;ENSG00000185010;ENSG00000103051;ENSG00000110080;ENSG00000100417;ENSG00000136908;ENSG00000165280;ENSG00000152127;ENSG00000136240;ENSG00000138107;ENSG00000064601;ENSG00000168282;ENSG00000054116;ENSG00000170043;ENSG00000136731;ENSG00000204308;ENSG00000214160;ENSG00000162298;ENSG00000167130;ENSG00000101162;ENSG00000175283;ENSG00000170315;ENSG00000135838;ENSG00000244038;ENSG00000179163;ENSG00000198898;ENSG00000254685;ENSG00000089597;ENSG00000176014;ENSG00000167632;ENSG00000115275;ENSG00000167553;ENSG00000104522;ENSG00000182858;ENSG00000197249;ENSG00000167004;ENSG00000144635;ENSG00000177239;ENSG00000213380;ENSG00000198734;ENSG00000134825;ENSG00000131966;ENSG00000173898;ENSG00000126062;ENSG00000095380;ENSG00000163933;ENSG00000167508;ENSG00000121542;ENSG00000086062;ENSG00000123416;ENSG00000111481;ENSG00000134109;ENSG00000206560;ENSG00000134287;ENSG00000228474;ENSG00000145362;ENSG00000175203;ENSG00000100764;ENSG00000116489;ENSG00000242247;ENSG00000184840;ENSG00000136874;ENSG00000071537;ENSG00000135506;ENSG00000105829;ENSG00000258947;ENSG00000221983;ENSG00000157353"
"REACTOME","REACTOME_MITOTIC_PROMETAPHASE",4.34846843938752e-05,0.00113704396970651,0.557332238758646,0.444621015545945,1.64435960729325,204,"ENSG00000092036;ENSG00000126001;ENSG00000106477;ENSG00000131462;ENSG00000125450;ENSG00000075188;ENSG00000161888;ENSG00000046651;ENSG00000100401;ENSG00000188312;ENSG00000153044;ENSG00000137100;ENSG00000188229;ENSG00000066027;ENSG00000142856;ENSG00000112640;ENSG00000010292;ENSG00000117399;ENSG00000149636;ENSG00000100162;ENSG00000154839;ENSG00000115163;ENSG00000275835;ENSG00000198089;ENSG00000086827;ENSG00000123219;ENSG00000152240;ENSG00000138107;ENSG00000154473;ENSG00000173272;ENSG00000166851;ENSG00000080824;ENSG00000109805;ENSG00000213397;ENSG00000101162;ENSG00000138778;ENSG00000134690;ENSG00000102384;ENSG00000154001;ENSG00000122952;ENSG00000000460;ENSG00000178999;ENSG00000157456;ENSG00000072062;ENSG00000176014;ENSG00000040275;ENSG00000179051;ENSG00000175279;ENSG00000112877;ENSG00000146670;ENSG00000167553;ENSG00000152082;ENSG00000137822;ENSG00000149503;ENSG00000144635;ENSG00000176101;ENSG00000134057;ENSG00000085415;ENSG00000137812;ENSG00000123416;ENSG00000121152;ENSG00000141577;ENSG00000196230;ENSG00000175203;ENSG00000118007;ENSG00000142945;ENSG00000169679;ENSG00000089685;ENSG00000258947;ENSG00000151725;ENSG00000130640;ENSG00000088986;ENSG00000174799;ENSG00000111581;ENSG00000110713;ENSG00000072864;ENSG00000131351;ENSG00000127914;ENSG00000080986;ENSG00000166451;ENSG00000170312;ENSG00000090273;ENSG00000139350;ENSG00000182628;ENSG00000110274;ENSG00000137814;ENSG00000120253;ENSG00000148019;ENSG00000120334;ENSG00000204435;ENSG00000119397;ENSG00000103540;ENSG00000143228;ENSG00000108953;ENSG00000164109;ENSG00000261456;ENSG00000136861;ENSG00000072501"
"REACTOME","REACTOME_MITOCHONDRIAL_PROTEIN_IMPORT",4.44869308934366e-05,0.00114210084402786,0.557332238758646,0.601933699812515,1.89675098706406,65,"ENSG00000004864;ENSG00000106554;ENSG00000213585;ENSG00000105819;ENSG00000159199;ENSG00000182712;ENSG00000134809;ENSG00000173085;ENSG00000100575;ENSG00000181924;ENSG00000175768;ENSG00000170791;ENSG00000169100;ENSG00000062485;ENSG00000126768;ENSG00000102125;ENSG00000168275;ENSG00000196683;ENSG00000106153;ENSG00000163528;ENSG00000100412;ENSG00000067829;ENSG00000265354;ENSG00000151729;ENSG00000240230;ENSG00000205981;ENSG00000138495;ENSG00000036473;ENSG00000173171;ENSG00000100216;ENSG00000179091;ENSG00000214736;ENSG00000150779;ENSG00000109519;ENSG00000125611;ENSG00000099800"
"REACTOME","REACTOME_FATTY_ACID_METABOLISM",5.05026663096485e-05,0.00127338865766471,0.557332238758646,0.464581467096848,1.68287265987441,165,"ENSG00000140284;ENSG00000164120;ENSG00000134716;ENSG00000112304;ENSG00000138109;ENSG00000165841;ENSG00000149485;ENSG00000204228;ENSG00000106853;ENSG00000059377;ENSG00000196139;ENSG00000161905;ENSG00000106617;ENSG00000120915;ENSG00000143554;ENSG00000157184;ENSG00000184227;ENSG00000169710;ENSG00000168306;ENSG00000005469;ENSG00000134824;ENSG00000066322;ENSG00000162889;ENSG00000117480;ENSG00000167315;ENSG00000133835;ENSG00000095321;ENSG00000186529;ENSG00000104325;ENSG00000111271;ENSG00000181513;ENSG00000110958;ENSG00000157870;ENSG00000072210;ENSG00000140043;ENSG00000221988;ENSG00000119673;ENSG00000099797;ENSG00000164181;ENSG00000177465;ENSG00000165591;ENSG00000068366;ENSG00000162409;ENSG00000113790;ENSG00000242612;ENSG00000140876;ENSG00000012660;ENSG00000176715;ENSG00000242110;ENSG00000097021;ENSG00000101473;ENSG00000004779;ENSG00000100294;ENSG00000165175;ENSG00000087008;ENSG00000114054;ENSG00000148334;ENSG00000159228;ENSG00000131373;ENSG00000112033;ENSG00000117054;ENSG00000116171;ENSG00000100372;ENSG00000132965;ENSG00000233276;ENSG00000167969;ENSG00000198721;ENSG00000197375;ENSG00000103150;ENSG00000127884;ENSG00000170522;ENSG00000230124;ENSG00000142973;ENSG00000278540;ENSG00000197977;ENSG00000111144;ENSG00000131791;ENSG00000161533;ENSG00000186115;ENSG00000151611;ENSG00000149084;ENSG00000076555;ENSG00000130948"
"REACTOME","REACTOME_PHASE_I_FUNCTIONALIZATION_OF_COMPOUNDS",5.77903954105296e-05,0.00143157961964329,0.557332238758646,0.544385334719736,1.80334819654539,90,"ENSG00000001630;ENSG00000134716;ENSG00000138109;ENSG00000165841;ENSG00000143819;ENSG00000137124;ENSG00000172955;ENSG00000059377;ENSG00000197894;ENSG00000186205;ENSG00000160868;ENSG00000160870;ENSG00000186529;ENSG00000110711;ENSG00000100243;ENSG00000124588;ENSG00000103018;ENSG00000186204;ENSG00000110958;ENSG00000145476;ENSG00000161513;ENSG00000036530;ENSG00000131069;ENSG00000137274;ENSG00000108242;ENSG00000267673"
"REACTOME","REACTOME_NEUROTRANSMITTER_RECEPTORS_AND_POSTSYNAPTIC_SIGNAL_TRANSMISSION",6.66667502362329e-05,0.00162299054023381,0.538434096309916,-0.502334351056807,-1.62652963002911,192,"ENSG00000198785;ENSG00000183454;ENSG00000113327;ENSG00000077522;ENSG00000157168;ENSG00000058335;ENSG00000152578;ENSG00000088367;ENSG00000080644;ENSG00000113319;ENSG00000104490;ENSG00000121281;ENSG00000150672;ENSG00000176533;ENSG00000071242;ENSG00000163873;ENSG00000155897;ENSG00000277586;ENSG00000168135;ENSG00000178568;ENSG00000138435;ENSG00000196586;ENSG00000132535;ENSG00000117971;ENSG00000154229;ENSG00000104863;ENSG00000173175;ENSG00000172380;ENSG00000186868;ENSG00000108946;ENSG00000126583;ENSG00000145349;ENSG00000120251;ENSG00000176884;ENSG00000182256;ENSG00000268089;ENSG00000141404;ENSG00000156642;ENSG00000102606;ENSG00000175344;ENSG00000152495;ENSG00000118260;ENSG00000105737;ENSG00000157542;ENSG00000137285;ENSG00000183785;ENSG00000167552;ENSG00000164418;ENSG00000101204;ENSG00000042753;ENSG00000183020;ENSG00000137267;ENSG00000073969;ENSG00000196961;ENSG00000183185;ENSG00000149403;ENSG00000111664;ENSG00000151834;ENSG00000171189;ENSG00000127824;ENSG00000078295;ENSG00000078369;ENSG00000004660;ENSG00000136928;ENSG00000107282;ENSG00000005249;ENSG00000127955;ENSG00000148943;ENSG00000204681;ENSG00000100034;ENSG00000075711;ENSG00000242616;ENSG00000175175"
"REACTOME","REACTOME_SARS_COV_1_INFECTION",6.91692645795647e-05,0.00165537290824314,0.538434096309916,0.470139898283895,1.66830111887122,141,"ENSG00000131446;ENSG00000127022;ENSG00000136840;ENSG00000178685;ENSG00000166949;ENSG00000149476;ENSG00000135047;ENSG00000102699;ENSG00000123609;ENSG00000130175;ENSG00000139168;ENSG00000128245;ENSG00000143627;ENSG00000108424;ENSG00000171858;ENSG00000121060;ENSG00000110080;ENSG00000168028;ENSG00000112306;ENSG00000196262;ENSG00000165280;ENSG00000135486;ENSG00000110700;ENSG00000138496;ENSG00000115267;ENSG00000137154;ENSG00000149806;ENSG00000142937;ENSG00000170315;ENSG00000231500;ENSG00000089597;ENSG00000164924;ENSG00000118181;ENSG00000254505;ENSG00000088888;ENSG00000115275;ENSG00000198034;ENSG00000173039;ENSG00000140988;ENSG00000173193;ENSG00000138617;ENSG00000197728;ENSG00000149273;ENSG00000186468;ENSG00000164587;ENSG00000171863;ENSG00000109320;ENSG00000138326;ENSG00000145425;ENSG00000213741;ENSG00000124614;ENSG00000134419;ENSG00000198382;ENSG00000072415;ENSG00000182481;ENSG00000221983;ENSG00000197111;ENSG00000233927;ENSG00000143947;ENSG00000156508;ENSG00000103275;ENSG00000073849;ENSG00000164695;ENSG00000133661;ENSG00000185591;ENSG00000171552"
"REACTOME","REACTOME_CHOLESTEROL_BIOSYNTHESIS",7.47816274129434e-05,0.00175986096511794,0.538434096309916,0.753245603403997,2.00550422435876,27,"ENSG00000001630;ENSG00000147155;ENSG00000116133;ENSG00000132196;ENSG00000112972;ENSG00000143815;ENSG00000160752;ENSG00000163344;ENSG00000173409;ENSG00000072310;ENSG00000147383;ENSG00000149809;ENSG00000172893;ENSG00000120437;ENSG00000167508;ENSG00000198911;ENSG00000067064"
"REACTOME","REACTOME_LAGGING_STRAND_SYNTHESIS",7.87229937970419e-05,0.00182224372526923,0.538434096309916,0.799355707541816,1.99122509136488,20,"ENSG00000101868;ENSG00000198056;ENSG00000132646;ENSG00000106628;ENSG00000014138;ENSG00000049541;ENSG00000175482;ENSG00000106399;ENSG00000168496;ENSG00000146143;ENSG00000117748;ENSG00000163918;ENSG00000077514;ENSG00000138346;ENSG00000035928;ENSG00000133119;ENSG00000132383"
"REACTOME","REACTOME_RIBOSOME_QUALITY_CONTROL_RQC_COMPLEX_EXTRACTS_AND_DEGRADES_NASCENT_PEPTIDE",8.77869100178979e-05,0.00199927607976245,0.538434096309916,0.507867008159229,1.71935845529239,102,"ENSG00000161057;ENSG00000127922;ENSG00000130255;ENSG00000198755;ENSG00000162244;ENSG00000165280;ENSG00000161016;ENSG00000100316;ENSG00000147403;ENSG00000136942;ENSG00000163923;ENSG00000170315;ENSG00000144713;ENSG00000126067;ENSG00000130706;ENSG00000167526;ENSG00000101182;ENSG00000188846;ENSG00000174748;ENSG00000229117;ENSG00000105640;ENSG00000165916;ENSG00000182899;ENSG00000108298;ENSG00000166441;ENSG00000128607;ENSG00000197958;ENSG00000109475;ENSG00000131469;ENSG00000148303;ENSG00000037241;ENSG00000265681;ENSG00000156482;ENSG00000172809;ENSG00000147604;ENSG00000163682;ENSG00000198918;ENSG00000100764;ENSG00000115233;ENSG00000145592;ENSG00000165502;ENSG00000131508;ENSG00000116251;ENSG00000177600;ENSG00000100567;ENSG00000161970;ENSG00000221983;ENSG00000071082;ENSG00000100902;ENSG00000125691;ENSG00000089157;ENSG00000143947;ENSG00000103035;ENSG00000122406;ENSG00000142676;ENSG00000277791;ENSG00000129084;ENSG00000175166;ENSG00000114391;ENSG00000122026"
"REACTOME","REACTOME_UNWINDING_OF_DNA",0.000107452649936467,0.0024083038366713,0.538434096309916,0.870558205454334,1.89140704129222,12,"ENSG00000166508;ENSG00000131153;ENSG00000104738;ENSG00000101003;ENSG00000112118;ENSG00000076003;ENSG00000093009;ENSG00000100297;ENSG00000073111;ENSG00000181938;ENSG00000125885"
"REACTOME","REACTOME_MITOTIC_METAPHASE_AND_ANAPHASE",0.000117291241693574,0.00258773801986448,0.538434096309916,0.408756402582871,1.52589660415781,223,"ENSG00000155561;ENSG00000125450;ENSG00000075188;ENSG00000161888;ENSG00000143815;ENSG00000100401;ENSG00000180198;ENSG00000188312;ENSG00000153044;ENSG00000188229;ENSG00000066027;ENSG00000142856;ENSG00000161057;ENSG00000113368;ENSG00000112640;ENSG00000108424;ENSG00000127922;ENSG00000117399;ENSG00000149636;ENSG00000100162;ENSG00000135476;ENSG00000154839;ENSG00000115163;ENSG00000100749;ENSG00000113569;ENSG00000086827;ENSG00000123219;ENSG00000166295;ENSG00000154473;ENSG00000166851;ENSG00000141552;ENSG00000101162;ENSG00000138778;ENSG00000134690;ENSG00000102384;ENSG00000170315;ENSG00000154001;ENSG00000122952;ENSG00000132341;ENSG00000178999;ENSG00000157456;ENSG00000175334;ENSG00000126067;ENSG00000176014;ENSG00000040275;ENSG00000179051;ENSG00000175279;ENSG00000254505;ENSG00000175063;ENSG00000146670;ENSG00000130706;ENSG00000167553;ENSG00000101182;ENSG00000149503;ENSG00000095319;ENSG00000144635;ENSG00000165916;ENSG00000058804;ENSG00000134057;ENSG00000085415;ENSG00000164611;ENSG00000137812;ENSG00000123416;ENSG00000132612;ENSG00000161904;ENSG00000100764;ENSG00000118007;ENSG00000142945;ENSG00000115233;ENSG00000112029;ENSG00000169679;ENSG00000089685;ENSG00000138750;ENSG00000100567;ENSG00000258947;ENSG00000151725;ENSG00000221983;ENSG00000053900;ENSG00000176386;ENSG00000120802;ENSG00000100902;ENSG00000088986;ENSG00000111581;ENSG00000143947;ENSG00000110713;ENSG00000102900;ENSG00000103275;ENSG00000072864;ENSG00000080986;ENSG00000166451;ENSG00000103035;ENSG00000170312;ENSG00000090273;ENSG00000164695;ENSG00000182628;ENSG00000277791;ENSG00000120253;ENSG00000129084;ENSG00000175166"
"REACTOME","REACTOME_MITOTIC_G2_G2_M_PHASES",0.000126126827727262,0.00273986278078299,0.518848077743792,0.430122459262619,1.58337018408499,193,"ENSG00000101057;ENSG00000092036;ENSG00000072571;ENSG00000133101;ENSG00000164045;ENSG00000126001;ENSG00000106477;ENSG00000123374;ENSG00000131462;ENSG00000101412;ENSG00000046651;ENSG00000101224;ENSG00000137100;ENSG00000188229;ENSG00000161057;ENSG00000127922;ENSG00000275835;ENSG00000198089;ENSG00000020426;ENSG00000167393;ENSG00000127564;ENSG00000152240;ENSG00000138107;ENSG00000167461;ENSG00000173272;ENSG00000166851;ENSG00000248333;ENSG00000080824;ENSG00000213397;ENSG00000101162;ENSG00000170315;ENSG00000145386;ENSG00000157456;ENSG00000072062;ENSG00000126067;ENSG00000176014;ENSG00000075218;ENSG00000112877;ENSG00000204315;ENSG00000130706;ENSG00000167553;ENSG00000101182;ENSG00000152082;ENSG00000137822;ENSG00000165916;ENSG00000087586;ENSG00000176101;ENSG00000134057;ENSG00000096384;ENSG00000088325;ENSG00000123416;ENSG00000111206;ENSG00000141577;ENSG00000136122;ENSG00000196230;ENSG00000175203;ENSG00000100764;ENSG00000115233;ENSG00000100567;ENSG00000258947;ENSG00000221983;ENSG00000100902;ENSG00000130640;ENSG00000088986;ENSG00000174799;ENSG00000143947;ENSG00000072864;ENSG00000131351;ENSG00000166483;ENSG00000127914;ENSG00000103035;ENSG00000170312;ENSG00000139350;ENSG00000110274;ENSG00000155034;ENSG00000277791;ENSG00000137814;ENSG00000205629;ENSG00000129084;ENSG00000175166;ENSG00000148019"
"REACTOME","REACTOME_TERMINATION_OF_TRANSLESION_DNA_SYNTHESIS",0.000129158376445552,0.00276320647789574,0.518848077743792,0.705116592458755,1.95404258363581,32,"ENSG00000148229;ENSG00000132646;ENSG00000106628;ENSG00000049541;ENSG00000175482;ENSG00000106399;ENSG00000121060;ENSG00000100479;ENSG00000115350;ENSG00000154914;ENSG00000177084;ENSG00000117748;ENSG00000170315;ENSG00000170734;ENSG00000163918;ENSG00000077514;ENSG00000035928;ENSG00000133119;ENSG00000132383;ENSG00000166803;ENSG00000221983;ENSG00000143947"
"REACTOME","REACTOME_NGF_STIMULATED_TRANSCRIPTION",0.000164404681715205,0.00346476732211746,0.518848077743792,-0.703316188823895,-1.82608549991312,39,"ENSG00000129167;ENSG00000172201;ENSG00000117525;ENSG00000115738;ENSG00000125740;ENSG00000118515;ENSG00000125968;ENSG00000170345;ENSG00000138386;ENSG00000117318;ENSG00000179388;ENSG00000122877;ENSG00000115966;ENSG00000118260;ENSG00000173334;ENSG00000120738;ENSG00000171450;ENSG00000116604;ENSG00000176749;ENSG00000198576"
"REACTOME","REACTOME_NONSENSE_MEDIATED_DECAY_NMD",0.000169348737620245,0.0034655132973882,0.518848077743792,0.496420349659533,1.70729026265245,114,"ENSG00000070756;ENSG00000171858;ENSG00000130255;ENSG00000168028;ENSG00000198755;ENSG00000112306;ENSG00000162244;ENSG00000205937;ENSG00000161016;ENSG00000100316;ENSG00000147403;ENSG00000136942;ENSG00000114867;ENSG00000110700;ENSG00000163923;ENSG00000137154;ENSG00000149806;ENSG00000142937;ENSG00000144713;ENSG00000231500;ENSG00000118181;ENSG00000167526;ENSG00000188846;ENSG00000198034;ENSG00000174748;ENSG00000229117;ENSG00000140988;ENSG00000105640;ENSG00000182899;ENSG00000108298;ENSG00000166441;ENSG00000197728;ENSG00000149273;ENSG00000186468;ENSG00000197958;ENSG00000109475;ENSG00000131469;ENSG00000164587;ENSG00000148303;ENSG00000037241;ENSG00000171863;ENSG00000265681;ENSG00000156482;ENSG00000005007;ENSG00000172809;ENSG00000147604;ENSG00000138326;ENSG00000163682;ENSG00000198918;ENSG00000145425;ENSG00000213741;ENSG00000124614;ENSG00000134419;ENSG00000145592;ENSG00000165502;ENSG00000141543;ENSG00000116251;ENSG00000177600;ENSG00000161970;ENSG00000221983;ENSG00000071082;ENSG00000125691;ENSG00000089157;ENSG00000103342;ENSG00000233927;ENSG00000143947"
"REACTOME","REACTOME_DISORDERS_OF_TRANSMEMBRANE_TRANSPORTERS",0.000167591796591594,0.0034655132973882,0.518848077743792,0.431025571291836,1.55481193870641,161,"ENSG00000174358;ENSG00000099958;ENSG00000155465;ENSG00000091262;ENSG00000005471;ENSG00000117394;ENSG00000198569;ENSG00000147804;ENSG00000155561;ENSG00000106633;ENSG00000125450;ENSG00000075188;ENSG00000100170;ENSG00000163581;ENSG00000167114;ENSG00000161057;ENSG00000168216;ENSG00000167972;ENSG00000127922;ENSG00000115657;ENSG00000165280;ENSG00000113569;ENSG00000204308;ENSG00000110911;ENSG00000170315;ENSG00000107566;ENSG00000126067;ENSG00000130706;ENSG00000101182;ENSG00000095319;ENSG00000179520;ENSG00000165916;ENSG00000058804;ENSG00000021488;ENSG00000138079;ENSG00000155380;ENSG00000085415;ENSG00000108559;ENSG00000118137;ENSG00000106688;ENSG00000101200;ENSG00000198246;ENSG00000100764;ENSG00000115233;ENSG00000138750;ENSG00000071537;ENSG00000135506;ENSG00000100567;ENSG00000221983;ENSG00000074803;ENSG00000100902;ENSG00000111581;ENSG00000143947;ENSG00000110713;ENSG00000102900;ENSG00000103035;ENSG00000197375;ENSG00000147475;ENSG00000277791;ENSG00000120253;ENSG00000129084;ENSG00000175166;ENSG00000093000;ENSG00000102100;ENSG00000131183"
"REACTOME","REACTOME_CLASS_B_2_SECRETIN_FAMILY_RECEPTORS",0.000178351156606273,0.0035975976161151,0.518848077743792,-0.590835265031618,-1.73108441549448,81,"ENSG00000155760;ENSG00000087460;ENSG00000141433;ENSG00000174804;ENSG00000215644;ENSG00000164930;ENSG00000176533;ENSG00000114251;ENSG00000010310;ENSG00000162552;ENSG00000178473;ENSG00000112164;ENSG00000108379;ENSG00000122679;ENSG00000143816;ENSG00000080293;ENSG00000128602;ENSG00000172380;ENSG00000004948;ENSG00000196352;ENSG00000147571;ENSG00000131477;ENSG00000145708;ENSG00000111432;ENSG00000144407;ENSG00000188064;ENSG00000139549;ENSG00000104290;ENSG00000111664;ENSG00000078369;ENSG00000177283;ENSG00000163251"
"REACTOME","REACTOME_SIGNALING_BY_TGFB_FAMILY_MEMBERS",0.000182641908372871,0.00363225879749992,0.518848077743792,-0.527599788886568,-1.66786123182897,152,"ENSG00000163083;ENSG00000163430;ENSG00000101938;ENSG00000168056;ENSG00000125845;ENSG00000138448;ENSG00000071564;ENSG00000170365;ENSG00000204217;ENSG00000177426;ENSG00000092969;ENSG00000105329;ENSG00000136603;ENSG00000095739;ENSG00000118707;ENSG00000157077;ENSG00000166147;ENSG00000137834;ENSG00000078687;ENSG00000148498;ENSG00000196628;ENSG00000164692;ENSG00000087074;ENSG00000106799;ENSG00000101665;ENSG00000119681;ENSG00000138613;ENSG00000143801;ENSG00000072401;ENSG00000124486;ENSG00000138685;ENSG00000205155;ENSG00000070404;ENSG00000115415;ENSG00000186298;ENSG00000150093;ENSG00000132964;ENSG00000140564;ENSG00000090905;ENSG00000157933;ENSG00000126070;ENSG00000049323;ENSG00000136997;ENSG00000039319;ENSG00000114126;ENSG00000134698;ENSG00000108854;ENSG00000130725;ENSG00000196498;ENSG00000129911;ENSG00000147883;ENSG00000092847;ENSG00000090006;ENSG00000213639;ENSG00000082258;ENSG00000183691;ENSG00000107779;ENSG00000100354;ENSG00000197323;ENSG00000157450;ENSG00000105855"
"REACTOME","REACTOME_NCAM1_INTERACTIONS",0.000196657451697563,0.00385667113606887,0.518848077743792,-0.69789228543298,-1.80386531258642,38,"ENSG00000142173;ENSG00000049089;ENSG00000139219;ENSG00000113532;ENSG00000188153;ENSG00000006283;ENSG00000142156;ENSG00000130635;ENSG00000196557;ENSG00000165995;ENSG00000100346;ENSG00000151892;ENSG00000092758;ENSG00000188157;ENSG00000171867;ENSG00000081052;ENSG00000125650;ENSG00000184144;ENSG00000151067"
"REACTOME","REACTOME_G1_S_SPECIFIC_TRANSCRIPTION",0.000232056955127398,0.00442789757621467,0.518848077743792,0.700562045060035,1.90313375981951,29,"ENSG00000101868;ENSG00000094804;ENSG00000133101;ENSG00000176890;ENSG00000132646;ENSG00000228716;ENSG00000164045;ENSG00000101412;ENSG00000167513;ENSG00000171848;ENSG00000093009;ENSG00000167900;ENSG00000085840;ENSG00000116478"
"REACTOME","REACTOME_INTERFERON_SIGNALING",0.000229932654029531,0.00442789757621467,0.518848077743792,0.384632081163474,1.46030071480459,264,"ENSG00000044574;ENSG00000096060;ENSG00000163932;ENSG00000169689;ENSG00000117226;ENSG00000106785;ENSG00000234127;ENSG00000204264;ENSG00000155561;ENSG00000221829;ENSG00000112039;ENSG00000125450;ENSG00000075188;ENSG00000130741;ENSG00000187741;ENSG00000167264;ENSG00000101347;ENSG00000126803;ENSG00000138646;ENSG00000188229;ENSG00000066027;ENSG00000167333;ENSG00000185507;ENSG00000108424;ENSG00000104365;ENSG00000121060;ENSG00000181544;ENSG00000102882;ENSG00000184009;ENSG00000026508;ENSG00000113569;ENSG00000075624;ENSG00000068079;ENSG00000161960;ENSG00000111679;ENSG00000065978;ENSG00000114867;ENSG00000115267;ENSG00000101162;ENSG00000132256;ENSG00000170315;ENSG00000216490;ENSG00000134001;ENSG00000176014;ENSG00000126709;ENSG00000125977;ENSG00000175279;ENSG00000088888;ENSG00000167553;ENSG00000257365;ENSG00000070808;ENSG00000135828;ENSG00000108984;ENSG00000095319;ENSG00000168310;ENSG00000132109;ENSG00000058804;ENSG00000104228;ENSG00000159110;ENSG00000206341;ENSG00000204388;ENSG00000183486;ENSG00000206503;ENSG00000134321;ENSG00000085415;ENSG00000108559;ENSG00000158169;ENSG00000143621;ENSG00000176170;ENSG00000269335;ENSG00000123416;ENSG00000141543;ENSG00000117228;ENSG00000138750;ENSG00000182481;ENSG00000258947;ENSG00000164163;ENSG00000221983;ENSG00000096968;ENSG00000204390;ENSG00000101871;ENSG00000127445;ENSG00000139546;ENSG00000105397;ENSG00000204592;ENSG00000115392;ENSG00000111581;ENSG00000143947;ENSG00000110713;ENSG00000159128;ENSG00000111331;ENSG00000089127;ENSG00000102900;ENSG00000103275;ENSG00000137193"
"REACTOME","REACTOME_CYTOSOLIC_TRNA_AMINOACYLATION",0.000257344280749164,0.00484318769739682,0.49849310876659,0.737489915766213,1.91377345090654,24,"ENSG00000140105;ENSG00000196305;ENSG00000031698;ENSG00000204394;ENSG00000172053;ENSG00000134684;ENSG00000180817;ENSG00000106305;ENSG00000179115;ENSG00000116120;ENSG00000106105;ENSG00000090861;ENSG00000065427;ENSG00000115866;ENSG00000164022"
"REACTOME","REACTOME_PROCESSIVE_SYNTHESIS_ON_THE_LAGGING_STRAND",0.00026068149079473,0.00484318769739682,0.49849310876659,0.8023691832171,1.84694357007698,15,"ENSG00000101868;ENSG00000198056;ENSG00000132646;ENSG00000106628;ENSG00000014138;ENSG00000175482;ENSG00000106399;ENSG00000168496;ENSG00000146143;ENSG00000117748;ENSG00000077514;ENSG00000138346;ENSG00000132383"
"REACTOME","REACTOME_MATURATION_OF_SARS_COV_2_SPIKE_PROTEIN",0.000266683425499919,0.00489035060786865,0.49849310876659,0.658285780337521,1.91330691909406,41,"ENSG00000161013;ENSG00000033170;ENSG00000131446;ENSG00000127022;ENSG00000136840;ENSG00000088298;ENSG00000130175;ENSG00000118705;ENSG00000163902;ENSG00000188706;ENSG00000110080;ENSG00000152127;ENSG00000168282;ENSG00000244038;ENSG00000089597;ENSG00000115275;ENSG00000177239;ENSG00000134825"
"REACTOME","REACTOME_PCNA_DEPENDENT_LONG_PATCH_BASE_EXCISION_REPAIR",0.000286798729624878,0.00512607349658643,0.49849310876659,0.756456053989437,1.90744934450831,21,"ENSG00000148229;ENSG00000132646;ENSG00000106628;ENSG00000049541;ENSG00000175482;ENSG00000106399;ENSG00000100479;ENSG00000168496;ENSG00000115350;ENSG00000177084;ENSG00000117748;ENSG00000100823;ENSG00000163918;ENSG00000077514;ENSG00000035928;ENSG00000133119;ENSG00000132383"
"REACTOME","REACTOME_RESOLUTION_OF_ABASIC_SITES_AP_SITES",0.00028337763134739,0.00512607349658643,0.49849310876659,0.65247473584296,1.86431774460118,38,"ENSG00000148229;ENSG00000132646;ENSG00000106628;ENSG00000076248;ENSG00000049541;ENSG00000175482;ENSG00000106399;ENSG00000132781;ENSG00000129484;ENSG00000100479;ENSG00000168496;ENSG00000115350;ENSG00000143799;ENSG00000177084;ENSG00000117748;ENSG00000116863;ENSG00000065057;ENSG00000100823;ENSG00000163918;ENSG00000114026;ENSG00000077514;ENSG00000035928;ENSG00000133119;ENSG00000132383;ENSG00000123415"
"REACTOME","REACTOME_EXTENSION_OF_TELOMERES",0.000295334961619472,0.00521266207258368,0.49849310876659,0.617973130212618,1.87143192207595,51,"ENSG00000101868;ENSG00000198056;ENSG00000133101;ENSG00000132646;ENSG00000123374;ENSG00000106628;ENSG00000014138;ENSG00000049541;ENSG00000175482;ENSG00000106399;ENSG00000144736;ENSG00000168496;ENSG00000164362;ENSG00000146143;ENSG00000168802;ENSG00000117748;ENSG00000145386;ENSG00000145912;ENSG00000163918;ENSG00000102977;ENSG00000128513;ENSG00000130826;ENSG00000077514;ENSG00000138346;ENSG00000035928;ENSG00000133119;ENSG00000258366;ENSG00000136982;ENSG00000206560;ENSG00000132383;ENSG00000141499;ENSG00000092330"
"REACTOME","REACTOME_POLYMERASE_SWITCHING",0.000310848905112726,0.00541874881505146,0.49849310876659,0.824088534292425,1.86075604571076,14,"ENSG00000101868;ENSG00000198056;ENSG00000132646;ENSG00000106628;ENSG00000014138;ENSG00000049541;ENSG00000175482;ENSG00000146143;ENSG00000163918;ENSG00000077514;ENSG00000035928;ENSG00000133119"
"REACTOME","REACTOME_REGULATION_OF_ENDOGENOUS_RETROELEMENTS",0.000359732932373521,0.00619442561599282,0.49849310876659,-0.523419122899359,-1.6362033221276,135,"ENSG00000198093;ENSG00000196724;ENSG00000083844;ENSG00000130844;ENSG00000110987;ENSG00000170100;ENSG00000152433;ENSG00000057935;ENSG00000071655;ENSG00000082014;ENSG00000076053;ENSG00000011332;ENSG00000196417;ENSG00000267680;ENSG00000198538;ENSG00000161298;ENSG00000130726;ENSG00000168661;ENSG00000184635;ENSG00000197134;ENSG00000175322;ENSG00000119772;ENSG00000033030;ENSG00000170004;ENSG00000171681;ENSG00000132475;ENSG00000143614;ENSG00000184678;ENSG00000274750;ENSG00000073584;ENSG00000205683;ENSG00000141380;ENSG00000049618;ENSG00000173041;ENSG00000133422;ENSG00000133884;ENSG00000270882;ENSG00000083812;ENSG00000167554;ENSG00000196890;ENSG00000273802;ENSG00000189180;ENSG00000184402;ENSG00000196646"
"REACTOME","REACTOME_PI_3K_CASCADE_FGFR4",0.00036801602224713,0.00626070630618009,0.49849310876659,-0.837867391560921,-1.80159887707741,15,"ENSG00000156427;ENSG00000145675;ENSG00000179295;ENSG00000138685;ENSG00000134962;ENSG00000160867;ENSG00000158815;ENSG00000166225;ENSG00000109458"
"REACTOME","REACTOME_NCAM_SIGNALING_FOR_NEURITE_OUT_GROWTH",0.000387997736248281,0.00652205718550682,0.49849310876659,-0.620718320977719,-1.72875261795564,58,"ENSG00000142173;ENSG00000049089;ENSG00000160460;ENSG00000139219;ENSG00000113532;ENSG00000188153;ENSG00000077782;ENSG00000006283;ENSG00000142156;ENSG00000130635;ENSG00000196557;ENSG00000165995;ENSG00000010810;ENSG00000100346;ENSG00000118260;ENSG00000169398;ENSG00000151892;ENSG00000092758;ENSG00000188157;ENSG00000171867;ENSG00000081052;ENSG00000125650;ENSG00000184144;ENSG00000151067;ENSG00000137877"
"REACTOME","REACTOME_TRANSLESION_SYNTHESIS_BY_Y_FAMILY_DNA_POLYMERASES_BYPASSES_LESIONS_ON_DNA_TEMPLATE",0.000402494849260577,0.00668614973124629,0.49849310876659,0.631189670853178,1.81708887652267,39,"ENSG00000148229;ENSG00000132646;ENSG00000106628;ENSG00000049541;ENSG00000175482;ENSG00000106399;ENSG00000121060;ENSG00000100479;ENSG00000115350;ENSG00000165280;ENSG00000154914;ENSG00000177084;ENSG00000117748;ENSG00000170315;ENSG00000170734;ENSG00000163918;ENSG00000077514;ENSG00000035928;ENSG00000133119;ENSG00000132383;ENSG00000166803;ENSG00000221983;ENSG00000143947"
"REACTOME","REACTOME_TRNA_AMINOACYLATION",0.00043301781675908,0.00710954834027698,0.49849310876659,0.629281126520011,1.83842137840967,42,"ENSG00000067704;ENSG00000140105;ENSG00000011376;ENSG00000117593;ENSG00000143374;ENSG00000145982;ENSG00000196305;ENSG00000031698;ENSG00000204394;ENSG00000172053;ENSG00000134684;ENSG00000180817;ENSG00000106305;ENSG00000179115;ENSG00000116120;ENSG00000106105;ENSG00000090861;ENSG00000065427;ENSG00000138777;ENSG00000137411;ENSG00000137513;ENSG00000115866;ENSG00000164022"
"REACTOME","REACTOME_ELASTIC_FIBRE_FORMATION",0.00044976646449807,0.0072996580215089,0.49849310876659,-0.689359823122167,-1.79976786480496,40,"ENSG00000115414;ENSG00000077942;ENSG00000168056;ENSG00000125845;ENSG00000138448;ENSG00000138131;ENSG00000092969;ENSG00000105329;ENSG00000166147;ENSG00000119681;ENSG00000172638;ENSG00000150093;ENSG00000113083;ENSG00000140564;ENSG00000049323;ENSG00000183798;ENSG00000090006;ENSG00000129038;ENSG00000105855;ENSG00000037749;ENSG00000082781;ENSG00000117122"
"REACTOME","REACTOME_NUCLEAR_EVENTS_KINASE_AND_TRANSCRIPTION_FACTOR_ACTIVATION",0.000472765761898234,0.00750050849213827,0.49849310876659,-0.612226017311001,-1.71133810632748,60,"ENSG00000129167;ENSG00000120875;ENSG00000172201;ENSG00000117525;ENSG00000139318;ENSG00000115738;ENSG00000071242;ENSG00000125740;ENSG00000118515;ENSG00000125968;ENSG00000105568;ENSG00000170345;ENSG00000138386;ENSG00000068305;ENSG00000117318;ENSG00000179388;ENSG00000122877;ENSG00000115966;ENSG00000104695;ENSG00000185386;ENSG00000118260;ENSG00000137713;ENSG00000173334;ENSG00000120738;ENSG00000171450;ENSG00000116604;ENSG00000176749;ENSG00000198576"
"REACTOME","REACTOME_BASE_EXCISION_REPAIR",0.00047106875614666,0.00750050849213827,0.49849310876659,0.508467445109493,1.6780701907697,86,"ENSG00000148229;ENSG00000132646;ENSG00000106628;ENSG00000076248;ENSG00000049541;ENSG00000175482;ENSG00000106399;ENSG00000132781;ENSG00000129484;ENSG00000100479;ENSG00000168496;ENSG00000115350;ENSG00000143799;ENSG00000177084;ENSG00000117748;ENSG00000116863;ENSG00000246705;ENSG00000065057;ENSG00000100823;ENSG00000163918;ENSG00000102977;ENSG00000184260;ENSG00000128513;ENSG00000114026;ENSG00000077514;ENSG00000185130;ENSG00000035928;ENSG00000133119;ENSG00000132383;ENSG00000092330;ENSG00000123415;ENSG00000109674;ENSG00000105968;ENSG00000124635;ENSG00000158406;ENSG00000274641;ENSG00000132604;ENSG00000278463;ENSG00000111445;ENSG00000275713;ENSG00000188486;ENSG00000270276"
"REACTOME","REACTOME_L1CAM_INTERACTIONS",0.000536055478478954,0.00841011484013647,0.477270815362862,-0.526101846514,-1.62341488645738,120,"ENSG00000153253;ENSG00000101680;ENSG00000184156;ENSG00000160460;ENSG00000138448;ENSG00000075043;ENSG00000071242;ENSG00000170017;ENSG00000163531;ENSG00000133216;ENSG00000135862;ENSG00000077782;ENSG00000132535;ENSG00000018236;ENSG00000091129;ENSG00000134121;ENSG00000107295;ENSG00000172020;ENSG00000168356;ENSG00000150093;ENSG00000105711;ENSG00000144668;ENSG00000118257;ENSG00000137575;ENSG00000146648;ENSG00000137710;ENSG00000137285;ENSG00000183785;ENSG00000167552;ENSG00000183873;ENSG00000196876;ENSG00000042753;ENSG00000136531;ENSG00000183020;ENSG00000169032;ENSG00000137267;ENSG00000141367;ENSG00000198910;ENSG00000177098"
"REACTOME","REACTOME_NETRIN_1_SIGNALING",0.000545743460494521,0.00846801940899191,0.477270815362862,-0.681123943690972,-1.78624225272209,41,"ENSG00000187122;ENSG00000107731;ENSG00000145147;ENSG00000065675;ENSG00000133107;ENSG00000182175;ENSG00000156687;ENSG00000177103;ENSG00000179295;ENSG00000150760;ENSG00000010810;ENSG00000124181;ENSG00000187323;ENSG00000074527;ENSG00000065320;ENSG00000171587;ENSG00000144935;ENSG00000038382;ENSG00000169398;ENSG00000099204"
"REACTOME","REACTOME_PHOSPHOLIPASE_C_MEDIATED_CASCADE_FGFR4",0.000566363314831343,0.00869244565806366,0.477270815362862,-0.896267566026923,-1.75833214125271,10,"ENSG00000156427;ENSG00000138685;ENSG00000124181;ENSG00000134962;ENSG00000160867;ENSG00000158815"
"REACTOME","REACTOME_TRANSPORT_OF_NUCLEOSIDES_AND_FREE_PURINE_AND_PYRIMIDINE_BASES_ACROSS_THE_PLASMA_MEMBRANE",0.000578065965441495,0.00877665745379991,0.477270815362862,0.851297147250938,1.80961549643932,11,"ENSG00000112759;ENSG00000005022;ENSG00000213465;ENSG00000174669;ENSG00000102931;ENSG00000169100;ENSG00000137860;ENSG00000151729"
"REACTOME","REACTOME_ORC1_REMOVAL_FROM_CHROMATIN",0.00060619156252415,0.00910577113068192,0.477270815362862,0.56718327035382,1.76003847625135,58,"ENSG00000166508;ENSG00000164815;ENSG00000094804;ENSG00000145604;ENSG00000104738;ENSG00000133101;ENSG00000112118;ENSG00000076003;ENSG00000123374;ENSG00000167513;ENSG00000161057;ENSG00000127922;ENSG00000100297;ENSG00000073111;ENSG00000085840;ENSG00000170315;ENSG00000145386;ENSG00000126067;ENSG00000130706;ENSG00000101182;ENSG00000165916;ENSG00000125885;ENSG00000100764;ENSG00000115233;ENSG00000100567;ENSG00000221983;ENSG00000100902;ENSG00000143947;ENSG00000103035;ENSG00000277791;ENSG00000129084;ENSG00000175166;ENSG00000091651"
"REACTOME","REACTOME_SWITCHING_OF_ORIGINS_TO_A_POST_REPLICATIVE_STATE",0.000624909070234493,0.00915881305859054,0.477270815362862,0.519236066611963,1.68871566570773,79,"ENSG00000166508;ENSG00000164815;ENSG00000094804;ENSG00000145604;ENSG00000104738;ENSG00000133101;ENSG00000112118;ENSG00000076003;ENSG00000123374;ENSG00000175305;ENSG00000167513;ENSG00000112312;ENSG00000161057;ENSG00000127922;ENSG00000100297;ENSG00000166295;ENSG00000073111;ENSG00000085840;ENSG00000141552;ENSG00000170315;ENSG00000145386;ENSG00000126067;ENSG00000175063;ENSG00000130706;ENSG00000101182;ENSG00000165916;ENSG00000125885;ENSG00000100764;ENSG00000115233;ENSG00000100567;ENSG00000221983;ENSG00000053900;ENSG00000176386;ENSG00000100902;ENSG00000105173;ENSG00000143947;ENSG00000103035;ENSG00000277791;ENSG00000129084;ENSG00000175166"
"REACTOME","REACTOME_INTEGRIN_CELL_SURFACE_INTERACTIONS",0.000629181916914506,0.00915881305859054,0.477270815362862,-0.563428463891932,-1.63556931055884,76,"ENSG00000142173;ENSG00000115414;ENSG00000049089;ENSG00000138448;ENSG00000172270;ENSG00000139219;ENSG00000166147;ENSG00000135424;ENSG00000154721;ENSG00000188153;ENSG00000142156;ENSG00000050767;ENSG00000142798;ENSG00000164692;ENSG00000166086;ENSG00000108821;ENSG00000130635;ENSG00000182871;ENSG00000115232;ENSG00000150093;ENSG00000144668;ENSG00000137809"
"REACTOME","REACTOME_DEGRADATION_OF_THE_EXTRACELLULAR_MATRIX",0.000627412172809927,0.00915881305859054,0.477270815362862,-0.515533955994455,-1.59324121986079,121,"ENSG00000142173;ENSG00000196104;ENSG00000115414;ENSG00000049089;ENSG00000172270;ENSG00000087245;ENSG00000139219;ENSG00000166147;ENSG00000135862;ENSG00000188153;ENSG00000142156;ENSG00000050767;ENSG00000126247;ENSG00000142798;ENSG00000204248;ENSG00000164692;ENSG00000077274;ENSG00000140873;ENSG00000187955;ENSG00000108821;ENSG00000160963;ENSG00000130635;ENSG00000164733;ENSG00000182871;ENSG00000162909;ENSG00000146197;ENSG00000168487;ENSG00000140564;ENSG00000137845;ENSG00000053747;ENSG00000163638;ENSG00000159307;ENSG00000118785;ENSG00000163131;ENSG00000117984;ENSG00000151694;ENSG00000125966;ENSG00000166033;ENSG00000058085;ENSG00000143387;ENSG00000092758;ENSG00000154736"
"REACTOME","REACTOME_PROCESSING_OF_DNA_DOUBLE_STRAND_BREAK_ENDS",0.000638772526782919,0.00920353885528042,0.477270815362862,0.506409534891972,1.69381757017777,95,"ENSG00000133101;ENSG00000158019;ENSG00000123374;ENSG00000171792;ENSG00000049541;ENSG00000172613;ENSG00000175643;ENSG00000106399;ENSG00000164053;ENSG00000111602;ENSG00000178966;ENSG00000012048;ENSG00000117748;ENSG00000075131;ENSG00000170315;ENSG00000145386;ENSG00000163961;ENSG00000149554;ENSG00000163918;ENSG00000101773;ENSG00000112130;ENSG00000092853;ENSG00000138346;ENSG00000163322;ENSG00000185130;ENSG00000105393;ENSG00000133119;ENSG00000132383;ENSG00000113522;ENSG00000221983;ENSG00000185515;ENSG00000124635;ENSG00000143947;ENSG00000158406;ENSG00000103275;ENSG00000174371;ENSG00000149923;ENSG00000175054;ENSG00000274641;ENSG00000111445;ENSG00000275713;ENSG00000109685;ENSG00000188486;ENSG00000137337;ENSG00000270276;ENSG00000151164;ENSG00000063978;ENSG00000020922"
"REACTOME","REACTOME_GLUTATHIONE_CONJUGATION",0.000695315831184382,0.00961544792711486,0.477270815362862,0.672294152835979,1.82634173206138,29,"ENSG00000197448;ENSG00000100577;ENSG00000085871;ENSG00000065621;ENSG00000170899;ENSG00000134202;ENSG00000139684;ENSG00000148834;ENSG00000168765;ENSG00000084207;ENSG00000006625;ENSG00000023909;ENSG00000143198;ENSG00000117448;ENSG00000100983;ENSG00000178814;ENSG00000143942"
"REACTOME","REACTOME_ABC_FAMILY_PROTEINS_MEDIATED_TRANSPORT",0.000708219960637355,0.00961544792711486,0.477270815362862,0.486317564699243,1.60671323540635,89,"ENSG00000099958;ENSG00000085563;ENSG00000091262;ENSG00000005471;ENSG00000135776;ENSG00000130741;ENSG00000161057;ENSG00000167972;ENSG00000107331;ENSG00000127922;ENSG00000115657;ENSG00000165280;ENSG00000204308;ENSG00000170315;ENSG00000107566;ENSG00000197150;ENSG00000134001;ENSG00000126067;ENSG00000125977;ENSG00000130706;ENSG00000101182;ENSG00000165916;ENSG00000150967;ENSG00000118137;ENSG00000100764;ENSG00000115233;ENSG00000071537;ENSG00000135506;ENSG00000100567;ENSG00000221983;ENSG00000100902;ENSG00000143947;ENSG00000204574;ENSG00000103035;ENSG00000147475;ENSG00000277791;ENSG00000121270;ENSG00000129084;ENSG00000175166"
"REACTOME","REACTOME_TRNA_PROCESSING",0.000701693073756938,0.00961544792711486,0.477270815362862,0.458202790265407,1.57677976398649,115,"ENSG00000160917;ENSG00000155561;ENSG00000130299;ENSG00000172336;ENSG00000125450;ENSG00000075188;ENSG00000165118;ENSG00000167264;ENSG00000100890;ENSG00000126814;ENSG00000113569;ENSG00000145996;ENSG00000068438;ENSG00000213339;ENSG00000101811;ENSG00000132341;ENSG00000148688;ENSG00000172409;ENSG00000166166;ENSG00000182173;ENSG00000100416;ENSG00000095319;ENSG00000058804;ENSG00000196976;ENSG00000145331;ENSG00000065457;ENSG00000085415;ENSG00000108559;ENSG00000091127;ENSG00000152464;ENSG00000006744;ENSG00000196449;ENSG00000104907;ENSG00000171103;ENSG00000072756;ENSG00000104356;ENSG00000160193;ENSG00000189007;ENSG00000110060;ENSG00000138750;ENSG00000089195;ENSG00000092094;ENSG00000241370;ENSG00000037897;ENSG00000111581;ENSG00000110713;ENSG00000170270;ENSG00000102900;ENSG00000167272;ENSG00000173113;ENSG00000043514;ENSG00000115970;ENSG00000120253;ENSG00000144034;ENSG00000093000;ENSG00000100220;ENSG00000154743;ENSG00000113272;ENSG00000137760;ENSG00000101146;ENSG00000094914"
"REACTOME","REACTOME_GPCR_LIGAND_BINDING",0.000707622505026127,0.00961544792711486,0.477270815362862,-0.429309491065195,-1.46482642746435,366,"ENSG00000155760;ENSG00000087460;ENSG00000213694;ENSG00000141433;ENSG00000126266;ENSG00000107562;ENSG00000139679;ENSG00000122585;ENSG00000174804;ENSG00000215644;ENSG00000148123;ENSG00000164930;ENSG00000124493;ENSG00000176533;ENSG00000114251;ENSG00000181104;ENSG00000133019;ENSG00000116014;ENSG00000116329;ENSG00000010310;ENSG00000149295;ENSG00000162552;ENSG00000178473;ENSG00000112164;ENSG00000117600;ENSG00000152822;ENSG00000108379;ENSG00000122679;ENSG00000143816;ENSG00000117598;ENSG00000133636;ENSG00000080293;ENSG00000128602;ENSG00000171517;ENSG00000172380;ENSG00000168398;ENSG00000113749;ENSG00000169836;ENSG00000004948;ENSG00000164251;ENSG00000197746;ENSG00000179603;ENSG00000036828;ENSG00000142192;ENSG00000177464;ENSG00000196352;ENSG00000082556;ENSG00000178623;ENSG00000164082;ENSG00000147571;ENSG00000131477;ENSG00000196277;ENSG00000171509;ENSG00000125510;ENSG00000145708;ENSG00000129951;ENSG00000111432;ENSG00000187094;ENSG00000168830;ENSG00000183971;ENSG00000180720;ENSG00000144407;ENSG00000056291;ENSG00000121966;ENSG00000188064;ENSG00000157005;ENSG00000180616;ENSG00000006638;ENSG00000185897;ENSG00000119714;ENSG00000043591;ENSG00000101180;ENSG00000213088;ENSG00000180210;ENSG00000169252;ENSG00000139549;ENSG00000104290;ENSG00000111664;ENSG00000102539;ENSG00000078369;ENSG00000177283;ENSG00000136928;ENSG00000158748;ENSG00000151882;ENSG00000169618;ENSG00000163251"
"REACTOME","REACTOME_MAPK_FAMILY_SIGNALING_CASCADES",0.000702358789784257,0.00961544792711486,0.477270815362862,-0.435981319580519,-1.46368078019554,294,"ENSG00000120875;ENSG00000129946;ENSG00000115414;ENSG00000077522;ENSG00000188766;ENSG00000146013;ENSG00000160460;ENSG00000157168;ENSG00000058335;ENSG00000143507;ENSG00000185737;ENSG00000160712;ENSG00000139318;ENSG00000113319;ENSG00000136848;ENSG00000150672;ENSG00000188130;ENSG00000099341;ENSG00000156973;ENSG00000141639;ENSG00000087245;ENSG00000156427;ENSG00000134352;ENSG00000145675;ENSG00000277586;ENSG00000036257;ENSG00000105568;ENSG00000078687;ENSG00000065675;ENSG00000013275;ENSG00000178568;ENSG00000077782;ENSG00000129968;ENSG00000132535;ENSG00000089234;ENSG00000163171;ENSG00000134853;ENSG00000111266;ENSG00000011485;ENSG00000172575;ENSG00000179295;ENSG00000145349;ENSG00000176884;ENSG00000138685;ENSG00000124151;ENSG00000148082;ENSG00000185950;ENSG00000010810;ENSG00000169047;ENSG00000075391;ENSG00000104695;ENSG00000134962;ENSG00000186298;ENSG00000113070;ENSG00000198915;ENSG00000113721;ENSG00000160867;ENSG00000158815;ENSG00000146648;ENSG00000090905;ENSG00000158186;ENSG00000127314;ENSG00000137713;ENSG00000126070;ENSG00000166225;ENSG00000111344;ENSG00000169398;ENSG00000197283;ENSG00000136997;ENSG00000134698;ENSG00000041357;ENSG00000173692;ENSG00000120129;ENSG00000169032;ENSG00000151892;ENSG00000107362;ENSG00000167617;ENSG00000066468;ENSG00000092847;ENSG00000106211;ENSG00000160271;ENSG00000108061;ENSG00000213639;ENSG00000162434;ENSG00000197461;ENSG00000109756;ENSG00000070193;ENSG00000089220;ENSG00000150907"
"REACTOME","REACTOME_SARS_COV_2_INFECTION",0.000703687239283494,0.00961544792711486,0.477270815362862,0.362704475579337,1.38584137569103,287,"ENSG00000161013;ENSG00000033170;ENSG00000131446;ENSG00000046647;ENSG00000127022;ENSG00000136840;ENSG00000178685;ENSG00000155561;ENSG00000088298;ENSG00000142208;ENSG00000149476;ENSG00000135047;ENSG00000184216;ENSG00000125450;ENSG00000075188;ENSG00000102699;ENSG00000215305;ENSG00000130175;ENSG00000118705;ENSG00000139168;ENSG00000244687;ENSG00000163902;ENSG00000134343;ENSG00000185507;ENSG00000188706;ENSG00000128245;ENSG00000171858;ENSG00000104365;ENSG00000121060;ENSG00000110080;ENSG00000168028;ENSG00000112306;ENSG00000165280;ENSG00000152127;ENSG00000113569;ENSG00000111679;ENSG00000168282;ENSG00000110700;ENSG00000100324;ENSG00000138496;ENSG00000080824;ENSG00000115267;ENSG00000137154;ENSG00000149806;ENSG00000142937;ENSG00000106100;ENSG00000170315;ENSG00000092208;ENSG00000244038;ENSG00000213420;ENSG00000231500;ENSG00000152147;ENSG00000089597;ENSG00000178952;ENSG00000164924;ENSG00000125835;ENSG00000118181;ENSG00000254505;ENSG00000088888;ENSG00000115275;ENSG00000198034;ENSG00000143977;ENSG00000140988;ENSG00000095319;ENSG00000173193;ENSG00000138617;ENSG00000177239;ENSG00000058804;ENSG00000197728;ENSG00000149273;ENSG00000186468;ENSG00000159110;ENSG00000134825;ENSG00000096384;ENSG00000163702;ENSG00000206503;ENSG00000164587;ENSG00000085415;ENSG00000108559;ENSG00000171863;ENSG00000096063;ENSG00000146833;ENSG00000269335;ENSG00000181481;ENSG00000138326;ENSG00000228474;ENSG00000139719;ENSG00000145425;ENSG00000213741;ENSG00000124614;ENSG00000134419;ENSG00000139343;ENSG00000198382;ENSG00000163812;ENSG00000072415;ENSG00000138750;ENSG00000182481;ENSG00000221983;ENSG00000100028;ENSG00000205571;ENSG00000105397;ENSG00000204592;ENSG00000111581;ENSG00000233927;ENSG00000143947;ENSG00000110713;ENSG00000102900;ENSG00000145907;ENSG00000103275;ENSG00000182004;ENSG00000157625"
"REACTOME","REACTOME_GLUCURONIDATION",0.000728245851288713,0.00979317278113965,0.477270815362862,0.77342295487084,1.8697453894649,18,"ENSG00000171234;ENSG00000197888;ENSG00000130958;ENSG00000135220;ENSG00000169764;ENSG00000109814;ENSG00000145626;ENSG00000196620;ENSG00000156096;ENSG00000115652;ENSG00000116704;ENSG00000213759;ENSG00000109181"
"REACTOME","REACTOME_ACTIVATION_OF_THE_MRNA_UPON_BINDING_OF_THE_CAP_BINDING_COMPLEX_AND_EIFS_AND_SUBSEQUENT_BINDING_TO_43S",0.000749433046637062,0.00988971459674329,0.477270815362862,0.567131285696522,1.76499992507598,59,"ENSG00000070756;ENSG00000173674;ENSG00000130741;ENSG00000100353;ENSG00000171858;ENSG00000187840;ENSG00000168028;ENSG00000112306;ENSG00000106263;ENSG00000161960;ENSG00000184110;ENSG00000084623;ENSG00000114867;ENSG00000110700;ENSG00000137154;ENSG00000149806;ENSG00000106682;ENSG00000142937;ENSG00000231500;ENSG00000134001;ENSG00000125977;ENSG00000118181;ENSG00000198034;ENSG00000140988;ENSG00000197728;ENSG00000149273;ENSG00000186468;ENSG00000164587;ENSG00000171863;ENSG00000100129;ENSG00000138326;ENSG00000145425;ENSG00000213741;ENSG00000124614;ENSG00000134419;ENSG00000130811"
"REACTOME","REACTOME_TELOMERE_MAINTENANCE",0.00074553477576771,0.00988971459674329,0.477270815362862,0.470642852112967,1.6086565427598,108,"ENSG00000101868;ENSG00000198056;ENSG00000133101;ENSG00000132646;ENSG00000123374;ENSG00000106628;ENSG00000014138;ENSG00000049541;ENSG00000005075;ENSG00000175482;ENSG00000106399;ENSG00000144736;ENSG00000168002;ENSG00000168496;ENSG00000164362;ENSG00000163882;ENSG00000146143;ENSG00000168802;ENSG00000117748;ENSG00000145386;ENSG00000246705;ENSG00000145912;ENSG00000163918;ENSG00000102977;ENSG00000184260;ENSG00000128513;ENSG00000130826;ENSG00000077514;ENSG00000138346;ENSG00000185130;ENSG00000100142;ENSG00000035928;ENSG00000133119;ENSG00000258366;ENSG00000136982;ENSG00000206560;ENSG00000132383;ENSG00000141499;ENSG00000092330;ENSG00000105968;ENSG00000124635;ENSG00000107960"
"REACTOME","REACTOME_SARS_COV_1_HOST_INTERACTIONS",0.000798879434485535,0.0104446089027183,0.477270815362862,0.488669953121913,1.63844091353404,96,"ENSG00000166949;ENSG00000149476;ENSG00000123609;ENSG00000128245;ENSG00000143627;ENSG00000108424;ENSG00000171858;ENSG00000121060;ENSG00000168028;ENSG00000112306;ENSG00000196262;ENSG00000135486;ENSG00000110700;ENSG00000115267;ENSG00000137154;ENSG00000149806;ENSG00000142937;ENSG00000170315;ENSG00000231500;ENSG00000164924;ENSG00000118181;ENSG00000088888;ENSG00000198034;ENSG00000173039;ENSG00000140988;ENSG00000197728;ENSG00000149273;ENSG00000186468;ENSG00000164587;ENSG00000171863;ENSG00000109320;ENSG00000138326;ENSG00000145425;ENSG00000213741;ENSG00000124614;ENSG00000134419;ENSG00000072415;ENSG00000182481;ENSG00000221983;ENSG00000197111;ENSG00000233927;ENSG00000143947;ENSG00000156508;ENSG00000103275;ENSG00000133661;ENSG00000185591;ENSG00000171552"
"REACTOME","REACTOME_HOST_INTERACTIONS_OF_HIV_FACTORS",0.000854127383542042,0.0110644758308382,0.477270815362862,0.446600074045773,1.54295836465296,118,"ENSG00000106367;ENSG00000182287;ENSG00000005022;ENSG00000155561;ENSG00000125450;ENSG00000075188;ENSG00000100401;ENSG00000180198;ENSG00000137309;ENSG00000161057;ENSG00000108424;ENSG00000127922;ENSG00000169100;ENSG00000196262;ENSG00000113569;ENSG00000099901;ENSG00000175115;ENSG00000129354;ENSG00000155849;ENSG00000170315;ENSG00000132341;ENSG00000151729;ENSG00000072958;ENSG00000175334;ENSG00000126067;ENSG00000130706;ENSG00000101182;ENSG00000095319;ENSG00000165916;ENSG00000058804;ENSG00000206503;ENSG00000085415;ENSG00000108559;ENSG00000164985;ENSG00000100280;ENSG00000100764;ENSG00000115233;ENSG00000138750;ENSG00000100567;ENSG00000221983;ENSG00000100902;ENSG00000111581;ENSG00000143947;ENSG00000110713;ENSG00000102900;ENSG00000103035;ENSG00000161203;ENSG00000277791;ENSG00000120253;ENSG00000129084;ENSG00000175166;ENSG00000239713;ENSG00000093000"
"REACTOME","REACTOME_LYSOSPHINGOLIPID_AND_LPA_RECEPTORS",0.000875309811196029,0.011235795030989,0.477270815362862,-0.82042437910649,-1.73528091528447,14,"ENSG00000213694;ENSG00000148123;ENSG00000117600;ENSG00000117598;ENSG00000171517;ENSG00000129951"
"REACTOME","REACTOME_G2_M_DNA_DAMAGE_CHECKPOINT",0.000893789631088055,0.0113696482801472,0.477270815362862,0.490344651363978,1.63661332935242,94,"ENSG00000133101;ENSG00000158019;ENSG00000171792;ENSG00000049541;ENSG00000172613;ENSG00000175643;ENSG00000106399;ENSG00000128245;ENSG00000164053;ENSG00000183765;ENSG00000178966;ENSG00000012048;ENSG00000117748;ENSG00000145386;ENSG00000163961;ENSG00000149554;ENSG00000163918;ENSG00000164924;ENSG00000101773;ENSG00000112130;ENSG00000134057;ENSG00000138346;ENSG00000163322;ENSG00000185130;ENSG00000105393;ENSG00000133119;ENSG00000132383;ENSG00000113522;ENSG00000185515;ENSG00000124635;ENSG00000158406;ENSG00000166483;ENSG00000174371;ENSG00000170312;ENSG00000175054;ENSG00000274641;ENSG00000111445;ENSG00000275713;ENSG00000166913;ENSG00000109685;ENSG00000188486;ENSG00000137337;ENSG00000108953;ENSG00000270276"
"REACTOME","REACTOME_INTERCONVERSION_OF_NUCLEOTIDE_DI_AND_TRIPHOSPHATES",0.000930680034148243,0.0117332161447975,0.477270815362862,0.665427772501457,1.80768865156046,29,"ENSG00000140057;ENSG00000104687;ENSG00000171793;ENSG00000176890;ENSG00000047230;ENSG00000171848;ENSG00000179958;ENSG00000243678;ENSG00000239672;ENSG00000136810;ENSG00000167325;ENSG00000143774;ENSG00000128951;ENSG00000168393;ENSG00000129187;ENSG00000103024;ENSG00000162368;ENSG00000166321;ENSG00000106992;ENSG00000085231;ENSG00000155085"
"REACTOME","REACTOME_MATURATION_OF_DENV_PROTEINS",0.000971244564056778,0.0118359892189202,0.477270815362862,0.558482996765387,1.70059551600214,52,"ENSG00000044574;ENSG00000179218;ENSG00000127022;ENSG00000090520;ENSG00000149428;ENSG00000179085;ENSG00000118705;ENSG00000163902;ENSG00000138669;ENSG00000149380;ENSG00000108424;ENSG00000136908;ENSG00000119673;ENSG00000114902;ENSG00000072682;ENSG00000170315;ENSG00000244038;ENSG00000185624;ENSG00000167004;ENSG00000134825;ENSG00000118137;ENSG00000228474;ENSG00000182481;ENSG00000221983;ENSG00000143947;ENSG00000114650;ENSG00000103275"
"REACTOME","REACTOME_DENGUE_VIRUS_GENOME_TRANSLATION_AND_REPLICATION",0.000967913394511239,0.0118359892189202,0.477270815362862,0.500245452900902,1.63936253385839,82,"ENSG00000044574;ENSG00000070756;ENSG00000179218;ENSG00000127022;ENSG00000169710;ENSG00000090520;ENSG00000149428;ENSG00000125844;ENSG00000179085;ENSG00000118705;ENSG00000163902;ENSG00000138669;ENSG00000149380;ENSG00000108424;ENSG00000136908;ENSG00000165280;ENSG00000119673;ENSG00000161960;ENSG00000065978;ENSG00000114867;ENSG00000114902;ENSG00000072682;ENSG00000170315;ENSG00000244038;ENSG00000185624;ENSG00000167004;ENSG00000204388;ENSG00000134825;ENSG00000118137;ENSG00000228474;ENSG00000141543;ENSG00000182481;ENSG00000221983;ENSG00000145741;ENSG00000143947;ENSG00000114650;ENSG00000103275;ENSG00000100242;ENSG00000133318;ENSG00000122884;ENSG00000198856"
"REACTOME","REACTOME_REGULATION_OF_ENDOGENOUS_RETROELEMENTS_BY_KRAB_ZFP_PROTEINS",0.000972361720534519,0.0118359892189202,0.477270815362862,-0.529524581640015,-1.60161721942254,102,"ENSG00000198093;ENSG00000196724;ENSG00000083844;ENSG00000130844;ENSG00000170100;ENSG00000152433;ENSG00000057935;ENSG00000071655;ENSG00000196417;ENSG00000267680;ENSG00000198538;ENSG00000161298;ENSG00000130726;ENSG00000168661;ENSG00000184635;ENSG00000197134;ENSG00000175322;ENSG00000170004;ENSG00000171681;ENSG00000132475;ENSG00000143614;ENSG00000184678;ENSG00000274750;ENSG00000173041;ENSG00000270882;ENSG00000083812;ENSG00000167554;ENSG00000196890;ENSG00000273802;ENSG00000189180;ENSG00000196646"
"REACTOME","REACTOME_NEUTROPHIL_DEGRANULATION",0.000959377146364382,0.0118359892189202,0.477270815362862,0.335985620289904,1.3252074960444,414,"ENSG00000198805;ENSG00000163191;ENSG00000140284;ENSG00000123131;ENSG00000196549;ENSG00000257335;ENSG00000105514;ENSG00000118640;ENSG00000178035;ENSG00000169692;ENSG00000163932;ENSG00000142185;ENSG00000106348;ENSG00000141959;ENSG00000170515;ENSG00000023697;ENSG00000164687;ENSG00000169299;ENSG00000172794;ENSG00000162704;ENSG00000075651;ENSG00000116260;ENSG00000110442;ENSG00000106244;ENSG00000185475;ENSG00000198931;ENSG00000129226;ENSG00000021355;ENSG00000188229;ENSG00000153395;ENSG00000109107;ENSG00000243678;ENSG00000038002;ENSG00000143753;ENSG00000161057;ENSG00000100243;ENSG00000081237;ENSG00000130150;ENSG00000108424;ENSG00000149636;ENSG00000069974;ENSG00000164062;ENSG00000198053;ENSG00000131504;ENSG00000196262;ENSG00000167996;ENSG00000165280;ENSG00000013364;ENSG00000148218;ENSG00000026508;ENSG00000103187;ENSG00000099940;ENSG00000111679;ENSG00000064601;ENSG00000084207;ENSG00000001036;ENSG00000121691;ENSG00000135926;ENSG00000143162;ENSG00000170043;ENSG00000118271;ENSG00000067560;ENSG00000171314;ENSG00000080824;ENSG00000103415;ENSG00000196419;ENSG00000114021;ENSG00000166226;ENSG00000173930;ENSG00000244038;ENSG00000111816;ENSG00000179163;ENSG00000155093;ENSG00000023318;ENSG00000072958;ENSG00000185000;ENSG00000101856;ENSG00000197249;ENSG00000144635;ENSG00000165916;ENSG00000116815;ENSG00000196776;ENSG00000120868;ENSG00000167925;ENSG00000116586;ENSG00000204388;ENSG00000096384;ENSG00000115073;ENSG00000131966;ENSG00000123570;ENSG00000057608;ENSG00000143621;ENSG00000143793;ENSG00000151366;ENSG00000086062;ENSG00000163739;ENSG00000109320;ENSG00000182718;ENSG00000196230;ENSG00000112062;ENSG00000115233;ENSG00000139278;ENSG00000148334;ENSG00000072786;ENSG00000198168;ENSG00000100299;ENSG00000013563;ENSG00000148175;ENSG00000160213;ENSG00000148248;ENSG00000160072"
"REACTOME","REACTOME_HIV_INFECTION",0.00103356943741854,0.0124735046635469,0.45505986738723,0.394056881683424,1.46748812232661,217,"ENSG00000106367;ENSG00000182287;ENSG00000005022;ENSG00000106290;ENSG00000101158;ENSG00000155561;ENSG00000125450;ENSG00000075188;ENSG00000005075;ENSG00000100401;ENSG00000141971;ENSG00000180198;ENSG00000120656;ENSG00000167987;ENSG00000137309;ENSG00000161057;ENSG00000149136;ENSG00000108424;ENSG00000127922;ENSG00000168002;ENSG00000168496;ENSG00000169100;ENSG00000196262;ENSG00000020426;ENSG00000113569;ENSG00000099901;ENSG00000145736;ENSG00000196814;ENSG00000163882;ENSG00000175115;ENSG00000129354;ENSG00000196419;ENSG00000197265;ENSG00000155849;ENSG00000170315;ENSG00000132341;ENSG00000151729;ENSG00000072958;ENSG00000175334;ENSG00000126067;ENSG00000254505;ENSG00000170248;ENSG00000130706;ENSG00000101182;ENSG00000204356;ENSG00000095319;ENSG00000153767;ENSG00000165916;ENSG00000058804;ENSG00000148835;ENSG00000206503;ENSG00000085415;ENSG00000108559;ENSG00000164985;ENSG00000100142;ENSG00000188986;ENSG00000272047;ENSG00000100280;ENSG00000132612;ENSG00000100764;ENSG00000165417;ENSG00000115233;ENSG00000090061;ENSG00000160948;ENSG00000137947;ENSG00000138750;ENSG00000100567;ENSG00000060069;ENSG00000221983;ENSG00000100902;ENSG00000111581;ENSG00000143947;ENSG00000110713;ENSG00000102900;ENSG00000103035;ENSG00000164695;ENSG00000125651;ENSG00000161203;ENSG00000277791;ENSG00000120253;ENSG00000129084;ENSG00000175166;ENSG00000239713;ENSG00000093000;ENSG00000185049"
"REACTOME","REACTOME_DISEASES_OF_DNA_REPAIR",0.00114715567075929,0.0135524748939841,0.45505986738723,0.585062033836291,1.77176597652264,51,"ENSG00000171792;ENSG00000049541;ENSG00000172613;ENSG00000175643;ENSG00000106399;ENSG00000132781;ENSG00000127922;ENSG00000116062;ENSG00000164053;ENSG00000182185;ENSG00000178966;ENSG00000012048;ENSG00000196584;ENSG00000117748;ENSG00000051180;ENSG00000095002;ENSG00000065057;ENSG00000163918;ENSG00000101773;ENSG00000114026;ENSG00000138346;ENSG00000133119;ENSG00000132383;ENSG00000113522;ENSG00000139618;ENSG00000109674;ENSG00000076242;ENSG00000122512;ENSG00000174371;ENSG00000083093;ENSG00000175054"
"REACTOME","REACTOME_SIGNALING_BY_BMP",0.00115176840458788,0.0135524748939841,0.45505986738723,-0.704656616857377,-1.72748431140967,29,"ENSG00000163430;ENSG00000101938;ENSG00000125845;ENSG00000170365;ENSG00000204217;ENSG00000137834;ENSG00000101665;ENSG00000072401;ENSG00000157933;ENSG00000039319;ENSG00000108854;ENSG00000183691;ENSG00000107779"
"REACTOME","REACTOME_UNFOLDED_PROTEIN_RESPONSE_UPR",0.00113789065108793,0.0135524748939841,0.45505986738723,0.479403658888403,1.59151189618476,92,"ENSG00000143870;ENSG00000044574;ENSG00000166598;ENSG00000179218;ENSG00000090520;ENSG00000070669;ENSG00000013573;ENSG00000130741;ENSG00000074842;ENSG00000149428;ENSG00000143578;ENSG00000012174;ENSG00000138073;ENSG00000162772;ENSG00000107175;ENSG00000157014;ENSG00000162298;ENSG00000154832;ENSG00000175197;ENSG00000160691;ENSG00000143321;ENSG00000174851;ENSG00000134001;ENSG00000125977;ENSG00000166340;ENSG00000169429;ENSG00000144867;ENSG00000140694;ENSG00000134109;ENSG00000178896;ENSG00000107371;ENSG00000159720;ENSG00000065485"
"REACTOME","REACTOME_GAP_FILLING_DNA_REPAIR_SYNTHESIS_AND_LIGATION_IN_GG_NER",0.00118218088770083,0.01379536705317,0.45505986738723,0.686585362488753,1.80025811163169,25,"ENSG00000148229;ENSG00000132646;ENSG00000106628;ENSG00000049541;ENSG00000175482;ENSG00000106399;ENSG00000100479;ENSG00000115350;ENSG00000177084;ENSG00000117748;ENSG00000170315;ENSG00000163918;ENSG00000077514;ENSG00000035928;ENSG00000133119;ENSG00000132383;ENSG00000221983;ENSG00000143947"
"REACTOME","REACTOME_MOLECULES_ASSOCIATED_WITH_ELASTIC_FIBRES",0.00127999531638158,0.0146939299734211,0.45505986738723,-0.702091146771626,-1.76910817606415,33,"ENSG00000115414;ENSG00000077942;ENSG00000168056;ENSG00000125845;ENSG00000138448;ENSG00000092969;ENSG00000105329;ENSG00000166147;ENSG00000119681;ENSG00000172638;ENSG00000150093;ENSG00000049323;ENSG00000183798;ENSG00000090006;ENSG00000105855;ENSG00000037749;ENSG00000082781;ENSG00000117122"
"REACTOME","REACTOME_REGULATION_OF_TP53_ACTIVITY_THROUGH_PHOSPHORYLATION",0.00127404536872508,0.0146939299734211,0.45505986738723,0.476131662764097,1.58064960788229,92,"ENSG00000133101;ENSG00000106617;ENSG00000106290;ENSG00000123374;ENSG00000171792;ENSG00000049541;ENSG00000172613;ENSG00000175643;ENSG00000120656;ENSG00000106399;ENSG00000164885;ENSG00000149136;ENSG00000164053;ENSG00000183765;ENSG00000178966;ENSG00000012048;ENSG00000117748;ENSG00000162409;ENSG00000181929;ENSG00000170315;ENSG00000145386;ENSG00000178999;ENSG00000149554;ENSG00000163918;ENSG00000101773;ENSG00000127334;ENSG00000087586;ENSG00000138346;ENSG00000148835;ENSG00000135679;ENSG00000133119;ENSG00000088325;ENSG00000132383;ENSG00000113522;ENSG00000112062"
"REACTOME","REACTOME_MET_PROMOTES_CELL_MOTILITY",0.00131137039328751,0.0149327015751771,0.45505986738723,-0.652117128894773,-1.69315259941769,39,"ENSG00000101680;ENSG00000115414;ENSG00000139219;ENSG00000135862;ENSG00000204248;ENSG00000172037;ENSG00000164692;ENSG00000171502;ENSG00000108821;ENSG00000130635;ENSG00000150093;ENSG00000116641;ENSG00000053747;ENSG00000127314;ENSG00000109458;ENSG00000169398;ENSG00000058085;ENSG00000196739"
"REACTOME","REACTOME_RESPIRATORY_SYNCYTIAL_VIRUS_RSV_ATTACHMENT_AND_ENTRY",0.00132666878117446,0.0149860505521466,0.45505986738723,-0.760440421899282,-1.76861024847098,22,"ENSG00000140443;ENSG00000076716;ENSG00000183098;ENSG00000142798;ENSG00000147257;ENSG00000115884;ENSG00000063660;ENSG00000162512;ENSG00000140564;ENSG00000146648;ENSG00000170458;ENSG00000115053;ENSG00000169439;ENSG00000144566;ENSG00000188157;ENSG00000179399"
"REACTOME","REACTOME_CYTOCHROME_P450_ARRANGED_BY_SUBSTRATE_TYPE",0.00138093862674398,0.0154752804838294,0.45505986738723,0.56973477240718,1.74819080931554,55,"ENSG00000001630;ENSG00000134716;ENSG00000138109;ENSG00000165841;ENSG00000059377;ENSG00000160868;ENSG00000160870;ENSG00000186529;ENSG00000186204;ENSG00000145476;ENSG00000161513;ENSG00000036530;ENSG00000108242;ENSG00000267673"
"REACTOME","REACTOME_UNBLOCKING_OF_NMDA_RECEPTORS_GLUTAMATE_BINDING_AND_ACTIVATION",0.00145987175080383,0.0162310150561812,0.45505986738723,-0.757318125815515,-1.74368939914713,21,"ENSG00000183454;ENSG00000077522;ENSG00000152578;ENSG00000150672;ENSG00000277586;ENSG00000132535;ENSG00000145349;ENSG00000120251;ENSG00000176884"
"REACTOME","REACTOME_SARS_COV_INFECTIONS",0.00152095554070661,0.0167780408084198,0.45505986738723,0.344725436221418,1.35710786415352,399,"ENSG00000161013;ENSG00000033170;ENSG00000102054;ENSG00000131446;ENSG00000147955;ENSG00000105639;ENSG00000178035;ENSG00000046647;ENSG00000127022;ENSG00000106348;ENSG00000136840;ENSG00000178685;ENSG00000155561;ENSG00000088298;ENSG00000166949;ENSG00000142208;ENSG00000149476;ENSG00000135047;ENSG00000184216;ENSG00000163399;ENSG00000125450;ENSG00000075188;ENSG00000102699;ENSG00000089356;ENSG00000123609;ENSG00000215305;ENSG00000130175;ENSG00000118705;ENSG00000139168;ENSG00000244687;ENSG00000163902;ENSG00000134343;ENSG00000185507;ENSG00000188706;ENSG00000128245;ENSG00000143627;ENSG00000164105;ENSG00000108424;ENSG00000171858;ENSG00000104365;ENSG00000121060;ENSG00000110958;ENSG00000110080;ENSG00000168028;ENSG00000112306;ENSG00000196262;ENSG00000165280;ENSG00000135486;ENSG00000152127;ENSG00000069849;ENSG00000113569;ENSG00000111679;ENSG00000168282;ENSG00000110700;ENSG00000004478;ENSG00000100324;ENSG00000138496;ENSG00000080824;ENSG00000115267;ENSG00000137154;ENSG00000149806;ENSG00000142937;ENSG00000106100;ENSG00000170315;ENSG00000092208;ENSG00000244038;ENSG00000213420;ENSG00000231500;ENSG00000116478;ENSG00000152147;ENSG00000089597;ENSG00000178952;ENSG00000164924;ENSG00000125835;ENSG00000118181;ENSG00000150459;ENSG00000254505;ENSG00000239732;ENSG00000088888;ENSG00000115275;ENSG00000257365;ENSG00000198034;ENSG00000173039;ENSG00000174744;ENSG00000143977;ENSG00000140988;ENSG00000095319;ENSG00000173193;ENSG00000138617;ENSG00000177239;ENSG00000058804;ENSG00000197728;ENSG00000149273;ENSG00000186468;ENSG00000159110;ENSG00000134825;ENSG00000096384;ENSG00000163702;ENSG00000206503;ENSG00000164587;ENSG00000085415;ENSG00000108559;ENSG00000149480;ENSG00000171863;ENSG00000096063;ENSG00000146833;ENSG00000269335;ENSG00000181481;ENSG00000109320;ENSG00000138326;ENSG00000228474;ENSG00000196230;ENSG00000139719;ENSG00000145425;ENSG00000213741;ENSG00000124614;ENSG00000134419;ENSG00000165025;ENSG00000139343;ENSG00000198382;ENSG00000163812;ENSG00000072415;ENSG00000138750;ENSG00000182481;ENSG00000221983;ENSG00000096968;ENSG00000100028;ENSG00000205571;ENSG00000105397;ENSG00000204592;ENSG00000197111;ENSG00000111581;ENSG00000233927;ENSG00000143947;ENSG00000110713;ENSG00000159128;ENSG00000156508;ENSG00000004487;ENSG00000102900;ENSG00000145907;ENSG00000103275;ENSG00000182004;ENSG00000157625;ENSG00000079999;ENSG00000073849;ENSG00000164695;ENSG00000133661;ENSG00000185591;ENSG00000161203;ENSG00000171552;ENSG00000120253;ENSG00000167491"
"REACTOME","REACTOME_METABOLISM_OF_COFACTORS",0.00156740032164215,0.0171563508074319,0.45505986738723,0.676794328043134,1.77458557308805,25,"ENSG00000137880;ENSG00000228716;ENSG00000186603;ENSG00000142208;ENSG00000163050;ENSG00000138669;ENSG00000173085;ENSG00000198668;ENSG00000116096;ENSG00000132423;ENSG00000164494;ENSG00000080824;ENSG00000084090;ENSG00000167113;ENSG00000167186;ENSG00000088682;ENSG00000148459;ENSG00000119723;ENSG00000122729"
"REACTOME","REACTOME_POTASSIUM_CHANNELS",0.00159065236311921,0.0172769318209563,0.45505986738723,-0.541760633752716,-1.62645840952216,96,"ENSG00000184156;ENSG00000164588;ENSG00000124780;ENSG00000158445;ENSG00000075043;ENSG00000131398;ENSG00000176533;ENSG00000129159;ENSG00000143473;ENSG00000197584;ENSG00000099822;ENSG00000168135;ENSG00000006071;ENSG00000171303;ENSG00000138622;ENSG00000135750;ENSG00000172380;ENSG00000171385;ENSG00000173826;ENSG00000121361;ENSG00000157542;ENSG00000164794;ENSG00000069424;ENSG00000156113;ENSG00000171121;ENSG00000171126;ENSG00000162975;ENSG00000183960;ENSG00000111664;ENSG00000177301;ENSG00000078369;ENSG00000135643;ENSG00000136928;ENSG00000182324;ENSG00000184611;ENSG00000204681;ENSG00000242616;ENSG00000178342;ENSG00000182674;ENSG00000162989;ENSG00000170745;ENSG00000053918"
"REACTOME","REACTOME_REGULATION_OF_EXPRESSION_OF_SLITS_AND_ROBOS",0.00162841746564074,0.0175521027594254,0.45505986738723,0.405334266099433,1.45829905800457,156,"ENSG00000070756;ENSG00000161057;ENSG00000171858;ENSG00000127922;ENSG00000130255;ENSG00000168028;ENSG00000198755;ENSG00000112306;ENSG00000162244;ENSG00000205937;ENSG00000161016;ENSG00000100316;ENSG00000147403;ENSG00000136942;ENSG00000114867;ENSG00000110700;ENSG00000163923;ENSG00000137154;ENSG00000149806;ENSG00000142937;ENSG00000170315;ENSG00000144713;ENSG00000121454;ENSG00000231500;ENSG00000126067;ENSG00000118181;ENSG00000130706;ENSG00000167526;ENSG00000101182;ENSG00000188846;ENSG00000107187;ENSG00000198034;ENSG00000174748;ENSG00000229117;ENSG00000140988;ENSG00000105640;ENSG00000165916;ENSG00000182899;ENSG00000108298;ENSG00000166441;ENSG00000197728;ENSG00000149273;ENSG00000186468;ENSG00000197958;ENSG00000109475;ENSG00000131469;ENSG00000164587;ENSG00000148303;ENSG00000037241;ENSG00000171863;ENSG00000265681;ENSG00000156482;ENSG00000172809;ENSG00000147604;ENSG00000138326;ENSG00000163682;ENSG00000198918;ENSG00000100764;ENSG00000145425;ENSG00000115233;ENSG00000213741;ENSG00000124614;ENSG00000134419;ENSG00000145592;ENSG00000165502;ENSG00000141543;ENSG00000116251;ENSG00000177600;ENSG00000100567;ENSG00000161970;ENSG00000221983;ENSG00000071082;ENSG00000100902;ENSG00000125691;ENSG00000089157;ENSG00000103342;ENSG00000233927;ENSG00000143947;ENSG00000103035;ENSG00000122406;ENSG00000142676;ENSG00000277791;ENSG00000129084;ENSG00000175166;ENSG00000114391;ENSG00000122026"
"REACTOME","REACTOME_NICOTINATE_METABOLISM",0.00174757671669059,0.0185532204809557,0.45505986738723,0.649667008389294,1.76487325430348,29,"ENSG00000135318;ENSG00000178685;ENSG00000102699;ENSG00000152620;ENSG00000112874;ENSG00000163864;ENSG00000103485;ENSG00000106733;ENSG00000173614;ENSG00000008130;ENSG00000138496;ENSG00000172890;ENSG00000173193;ENSG00000138617;ENSG00000157064"
"REACTOME","REACTOME_COLLAGEN_CHAIN_TRIMERIZATION",0.00174700667823779,0.0185532204809557,0.45505986738723,-0.663998296128604,-1.73355445962177,40,"ENSG00000142173;ENSG00000049089;ENSG00000139219;ENSG00000188153;ENSG00000142156;ENSG00000050767;ENSG00000204248;ENSG00000164692;ENSG00000171502;ENSG00000187955;ENSG00000108821;ENSG00000160963;ENSG00000130635;ENSG00000169436;ENSG00000182871"
"REACTOME","REACTOME_TELOMERE_C_STRAND_LAGGING_STRAND_SYNTHESIS",0.00177197034187428,0.0186718068860186,0.45505986738723,0.638683095516367,1.78371959385854,34,"ENSG00000101868;ENSG00000198056;ENSG00000132646;ENSG00000106628;ENSG00000014138;ENSG00000049541;ENSG00000175482;ENSG00000106399;ENSG00000168496;ENSG00000146143;ENSG00000168802;ENSG00000117748;ENSG00000163918;ENSG00000102977;ENSG00000128513;ENSG00000077514;ENSG00000138346;ENSG00000035928;ENSG00000133119;ENSG00000136982;ENSG00000132383;ENSG00000092330"
"REACTOME","REACTOME_PEROXISOMAL_PROTEIN_IMPORT",0.00181218428858593,0.0189541052998766,0.45505986738723,0.527735115334848,1.65610494587517,63,"ENSG00000140284;ENSG00000197448;ENSG00000120915;ENSG00000168306;ENSG00000005469;ENSG00000133835;ENSG00000095321;ENSG00000156521;ENSG00000157326;ENSG00000127980;ENSG00000124587;ENSG00000119673;ENSG00000007171;ENSG00000121691;ENSG00000177465;ENSG00000115204;ENSG00000172482;ENSG00000170315;ENSG00000113790;ENSG00000242612;ENSG00000140876;ENSG00000116906;ENSG00000215193;ENSG00000242110;ENSG00000117305;ENSG00000101473;ENSG00000112357;ENSG00000087008;ENSG00000131508;ENSG00000131373;ENSG00000221983;ENSG00000116171;ENSG00000143947;ENSG00000157911;ENSG00000198721;ENSG00000103150"
"REACTOME","REACTOME_TRANSLATION_OF_SARS_COV_2_STRUCTURAL_PROTEINS",0.00208971707296392,0.0216257317738974,0.431707695803346,0.525662636940213,1.64297411437511,61,"ENSG00000161013;ENSG00000033170;ENSG00000131446;ENSG00000127022;ENSG00000136840;ENSG00000178685;ENSG00000088298;ENSG00000102699;ENSG00000130175;ENSG00000118705;ENSG00000163902;ENSG00000188706;ENSG00000110080;ENSG00000152127;ENSG00000168282;ENSG00000138496;ENSG00000170315;ENSG00000244038;ENSG00000089597;ENSG00000115275;ENSG00000173193;ENSG00000138617;ENSG00000177239;ENSG00000134825;ENSG00000096063"
"REACTOME","REACTOME_MAPK1_MAPK3_SIGNALING",0.00209824734633424,0.0216257317738974,0.354819512103747,-0.440138056861903,-1.45900808290155,254,"ENSG00000120875;ENSG00000129946;ENSG00000115414;ENSG00000077522;ENSG00000188766;ENSG00000146013;ENSG00000160460;ENSG00000157168;ENSG00000058335;ENSG00000143507;ENSG00000185737;ENSG00000160712;ENSG00000139318;ENSG00000113319;ENSG00000136848;ENSG00000150672;ENSG00000188130;ENSG00000099341;ENSG00000156973;ENSG00000156427;ENSG00000134352;ENSG00000145675;ENSG00000277586;ENSG00000036257;ENSG00000105568;ENSG00000065675;ENSG00000013275;ENSG00000178568;ENSG00000077782;ENSG00000129968;ENSG00000132535;ENSG00000089234;ENSG00000134853;ENSG00000111266;ENSG00000011485;ENSG00000172575;ENSG00000179295;ENSG00000145349;ENSG00000176884;ENSG00000138685;ENSG00000148082;ENSG00000185950;ENSG00000010810;ENSG00000169047;ENSG00000075391;ENSG00000104695;ENSG00000134962;ENSG00000186298;ENSG00000113070;ENSG00000198915;ENSG00000113721;ENSG00000160867;ENSG00000158815;ENSG00000146648;ENSG00000158186;ENSG00000127314;ENSG00000137713;ENSG00000166225;ENSG00000111344;ENSG00000169398;ENSG00000197283;ENSG00000041357;ENSG00000173692;ENSG00000120129;ENSG00000169032;ENSG00000151892;ENSG00000107362;ENSG00000066468;ENSG00000160271;ENSG00000108061;ENSG00000213639;ENSG00000162434;ENSG00000197461;ENSG00000109756;ENSG00000070193;ENSG00000089220"
"REACTOME","REACTOME_SEPARATION_OF_SISTER_CHROMATIDS",0.00215086163508701,0.0220073668749483,0.431707695803346,0.399360082735767,1.45396554278712,178,"ENSG00000125450;ENSG00000075188;ENSG00000161888;ENSG00000100401;ENSG00000188312;ENSG00000153044;ENSG00000188229;ENSG00000066027;ENSG00000142856;ENSG00000161057;ENSG00000112640;ENSG00000127922;ENSG00000117399;ENSG00000149636;ENSG00000100162;ENSG00000135476;ENSG00000154839;ENSG00000115163;ENSG00000086827;ENSG00000123219;ENSG00000166295;ENSG00000154473;ENSG00000166851;ENSG00000141552;ENSG00000101162;ENSG00000138778;ENSG00000134690;ENSG00000102384;ENSG00000170315;ENSG00000154001;ENSG00000122952;ENSG00000178999;ENSG00000126067;ENSG00000176014;ENSG00000040275;ENSG00000179051;ENSG00000175279;ENSG00000175063;ENSG00000146670;ENSG00000130706;ENSG00000167553;ENSG00000101182;ENSG00000149503;ENSG00000144635;ENSG00000165916;ENSG00000085415;ENSG00000164611;ENSG00000137812;ENSG00000123416;ENSG00000100764;ENSG00000118007;ENSG00000142945;ENSG00000115233;ENSG00000169679;ENSG00000089685;ENSG00000100567;ENSG00000258947;ENSG00000151725;ENSG00000221983;ENSG00000053900;ENSG00000176386;ENSG00000100902;ENSG00000088986;ENSG00000111581;ENSG00000143947;ENSG00000110713;ENSG00000072864;ENSG00000080986;ENSG00000166451;ENSG00000103035;ENSG00000090273;ENSG00000182628;ENSG00000277791;ENSG00000120253;ENSG00000129084;ENSG00000175166"
"REACTOME","REACTOME_POLYMERASE_SWITCHING_ON_THE_C_STRAND_OF_THE_TELOMERE",0.00234236786344871,0.0237944131164718,0.431707695803346,0.677067835524319,1.79145454836912,26,"ENSG00000101868;ENSG00000198056;ENSG00000132646;ENSG00000106628;ENSG00000014138;ENSG00000049541;ENSG00000175482;ENSG00000146143;ENSG00000168802;ENSG00000163918;ENSG00000102977;ENSG00000128513;ENSG00000077514;ENSG00000035928;ENSG00000133119;ENSG00000136982;ENSG00000092330"
"REACTOME","REACTOME_GLYCOSAMINOGLYCAN_METABOLISM",0.00244731475186948,0.0246829173545693,0.34452128726268,-0.497277054307479,-1.54368887293796,128,"ENSG00000185352;ENSG00000103489;ENSG00000125430;ENSG00000175040;ENSG00000076716;ENSG00000156966;ENSG00000171451;ENSG00000131873;ENSG00000183098;ENSG00000064225;ENSG00000147408;ENSG00000175264;ENSG00000103888;ENSG00000122254;ENSG00000142798;ENSG00000171310;ENSG00000164100;ENSG00000010404;ENSG00000147257;ENSG00000115884;ENSG00000109956;ENSG00000138653;ENSG00000135677;ENSG00000063660;ENSG00000138604;ENSG00000038427;ENSG00000162512;ENSG00000122863;ENSG00000182492;ENSG00000171004;ENSG00000155893;ENSG00000119899;ENSG00000127415;ENSG00000002587;ENSG00000121578;ENSG00000166105;ENSG00000170340;ENSG00000141012"
"REACTOME","REACTOME_EPH_EPHRIN_MEDIATED_REPULSION_OF_CELLS",0.00247325546990081,0.024767636336879,0.431707695803346,-0.609883866718397,-1.65949499876472,51,"ENSG00000116106;ENSG00000254087;ENSG00000108947;ENSG00000125266;ENSG00000135333;ENSG00000087245;ENSG00000145242;ENSG00000134215;ENSG00000133216;ENSG00000044524;ENSG00000070371;ENSG00000182580;ENSG00000138613;ENSG00000143801;ENSG00000205155;ENSG00000010810;ENSG00000080224;ENSG00000137845;ENSG00000142627;ENSG00000042753;ENSG00000183020;ENSG00000070886;ENSG00000141367;ENSG00000196961"
"REACTOME","REACTOME_COMPLEX_I_BIOGENESIS",0.00261458184521043,0.0258167102478121,0.431707695803346,0.500050027724957,1.5861877576117,68,"ENSG00000090266;ENSG00000184983;ENSG00000164182;ENSG00000151413;ENSG00000113845;ENSG00000158864;ENSG00000110074;ENSG00000183605;ENSG00000137806;ENSG00000183648;ENSG00000109390;ENSG00000267855;ENSG00000165264;ENSG00000178127;ENSG00000168653;ENSG00000160194;ENSG00000147684;ENSG00000137038;ENSG00000128609;ENSG00000178057;ENSG00000156170;ENSG00000004779;ENSG00000119421;ENSG00000151366;ENSG00000065518;ENSG00000106603;ENSG00000140990;ENSG00000167792;ENSG00000131495;ENSG00000145337;ENSG00000198840;ENSG00000147123;ENSG00000224877;ENSG00000125356;ENSG00000136521;ENSG00000130159;ENSG00000184752;ENSG00000213619;ENSG00000184857"
"REACTOME","REACTOME_SARS_COV_2_HOST_INTERACTIONS",0.00260045817514123,0.0258167102478121,0.431707695803346,0.377336823125063,1.38763350122796,190,"ENSG00000046647;ENSG00000155561;ENSG00000142208;ENSG00000149476;ENSG00000184216;ENSG00000125450;ENSG00000075188;ENSG00000215305;ENSG00000244687;ENSG00000185507;ENSG00000128245;ENSG00000171858;ENSG00000104365;ENSG00000121060;ENSG00000168028;ENSG00000112306;ENSG00000113569;ENSG00000111679;ENSG00000110700;ENSG00000100324;ENSG00000080824;ENSG00000115267;ENSG00000137154;ENSG00000149806;ENSG00000142937;ENSG00000106100;ENSG00000170315;ENSG00000092208;ENSG00000231500;ENSG00000152147;ENSG00000178952;ENSG00000164924;ENSG00000125835;ENSG00000118181;ENSG00000088888;ENSG00000198034;ENSG00000143977;ENSG00000140988;ENSG00000095319;ENSG00000058804;ENSG00000197728;ENSG00000149273;ENSG00000186468;ENSG00000159110;ENSG00000096384;ENSG00000163702;ENSG00000206503;ENSG00000164587;ENSG00000085415;ENSG00000108559;ENSG00000171863;ENSG00000146833;ENSG00000269335;ENSG00000181481;ENSG00000138326;ENSG00000139719;ENSG00000145425;ENSG00000213741;ENSG00000124614;ENSG00000134419;ENSG00000139343;ENSG00000198382;ENSG00000072415;ENSG00000138750;ENSG00000182481;ENSG00000221983;ENSG00000100028;ENSG00000205571;ENSG00000105397;ENSG00000204592;ENSG00000111581;ENSG00000233927;ENSG00000143947;ENSG00000110713;ENSG00000102900;ENSG00000145907;ENSG00000182004;ENSG00000157625;ENSG00000133661;ENSG00000120253;ENSG00000204642;ENSG00000196455;ENSG00000174125;ENSG00000093000"
"REACTOME","REACTOME_PURINE_SALVAGE",0.00277019429291172,0.0271632940388288,0.431707695803346,0.79579603726095,1.76434845216583,13,"ENSG00000198805;ENSG00000100938;ENSG00000137198;ENSG00000198931;ENSG00000165704;ENSG00000168803;ENSG00000156136;ENSG00000156110"
"REACTOME","REACTOME_HS_GAG_BIOSYNTHESIS",0.00294606020235871,0.0286885310740035,0.431707695803346,-0.678572879744686,-1.70984755345762,33,"ENSG00000185352;ENSG00000125430;ENSG00000076716;ENSG00000183098;ENSG00000122254;ENSG00000142798;ENSG00000164100;ENSG00000147257;ENSG00000115884;ENSG00000138653;ENSG00000063660;ENSG00000138604;ENSG00000162512;ENSG00000171004;ENSG00000002587"
"REACTOME","REACTOME_N_GLYCAN_TRIMMING_IN_THE_ER_AND_CALNEXIN_CALRETICULIN_CYCLE",0.00297112845304803,0.0287344751760535,0.431707695803346,0.61235110261082,1.72186085617107,35,"ENSG00000179218;ENSG00000127022;ENSG00000088298;ENSG00000130175;ENSG00000165280;ENSG00000136731;ENSG00000204308;ENSG00000162298;ENSG00000170315;ENSG00000089597;ENSG00000115275;ENSG00000167004;ENSG00000177239;ENSG00000134109;ENSG00000100764;ENSG00000071537;ENSG00000135506;ENSG00000221983;ENSG00000143947"
"REACTOME","REACTOME_CHOLESTEROL_BIOSYNTHESIS_VIA_DESMOSTEROL_BLOCH_PATHWAY",0.00302788641168766,0.028887673062858,0.431707695803346,0.833537696835787,1.72735550816182,10,"ENSG00000001630;ENSG00000147155;ENSG00000116133;ENSG00000132196;ENSG00000143815;ENSG00000147383;ENSG00000149809;ENSG00000172893"
"REACTOME","REACTOME_RESOLUTION_OF_SISTER_CHROMATID_COHESION",0.00302045900093834,0.028887673062858,0.431707695803346,0.431555340945909,1.50780712672772,127,"ENSG00000125450;ENSG00000075188;ENSG00000161888;ENSG00000100401;ENSG00000188312;ENSG00000153044;ENSG00000188229;ENSG00000066027;ENSG00000142856;ENSG00000112640;ENSG00000117399;ENSG00000149636;ENSG00000100162;ENSG00000154839;ENSG00000115163;ENSG00000086827;ENSG00000123219;ENSG00000154473;ENSG00000166851;ENSG00000101162;ENSG00000138778;ENSG00000134690;ENSG00000102384;ENSG00000154001;ENSG00000122952;ENSG00000000460;ENSG00000178999;ENSG00000157456;ENSG00000176014;ENSG00000040275;ENSG00000179051;ENSG00000175279;ENSG00000146670;ENSG00000167553;ENSG00000149503;ENSG00000144635;ENSG00000134057;ENSG00000085415;ENSG00000137812;ENSG00000123416;ENSG00000118007;ENSG00000142945;ENSG00000169679;ENSG00000089685;ENSG00000258947;ENSG00000151725;ENSG00000088986;ENSG00000111581;ENSG00000110713;ENSG00000072864;ENSG00000080986;ENSG00000166451;ENSG00000170312;ENSG00000090273;ENSG00000182628"
"REACTOME","REACTOME_SUMOYLATION_OF_TRANSCRIPTION_COFACTORS",0.00312304809494066,0.0295955967117867,0.326351610990907,-0.628795786358019,-1.66347034905397,43,"ENSG00000256683;ENSG00000033800;ENSG00000116030;ENSG00000111752;ENSG00000130726;ENSG00000141570;ENSG00000180530;ENSG00000196498;ENSG00000131788;ENSG00000169375;ENSG00000100201;ENSG00000108654;ENSG00000078043;ENSG00000173889;ENSG00000121481;ENSG00000168283;ENSG00000005339;ENSG00000084676"
"REACTOME","REACTOME_LONG_TERM_POTENTIATION",0.00318151373074347,0.0296607795907589,0.335068558717014,-0.725597848275371,-1.70085051766398,23,"ENSG00000183454;ENSG00000077522;ENSG00000157168;ENSG00000150672;ENSG00000277586;ENSG00000178568;ENSG00000132535;ENSG00000145349;ENSG00000120251;ENSG00000176884"
"REACTOME","REACTOME_ASSEMBLY_OF_COLLAGEN_FIBRILS_AND_OTHER_MULTIMERIC_STRUCTURES",0.00319294511175308,0.0296607795907589,0.318279675040437,-0.593045557762181,-1.63201839023933,54,"ENSG00000142173;ENSG00000130508;ENSG00000049089;ENSG00000138131;ENSG00000139219;ENSG00000188153;ENSG00000142156;ENSG00000204248;ENSG00000164692;ENSG00000171502;ENSG00000187955;ENSG00000108821;ENSG00000130635;ENSG00000164733;ENSG00000182871;ENSG00000168487;ENSG00000113083;ENSG00000053747;ENSG00000163131;ENSG00000058085;ENSG00000196739;ENSG00000092758;ENSG00000129038"
"REACTOME","REACTOME_NON_INTEGRIN_MEMBRANE_ECM_INTERACTIONS",0.003184252424374,0.0296607795907589,0.310776919977249,-0.543207151121459,-1.5837039593664,78,"ENSG00000101680;ENSG00000170624;ENSG00000115414;ENSG00000138448;ENSG00000105329;ENSG00000139219;ENSG00000135862;ENSG00000188153;ENSG00000142798;ENSG00000154229;ENSG00000204248;ENSG00000172037;ENSG00000164692;ENSG00000115884;ENSG00000179915;ENSG00000108821;ENSG00000138685;ENSG00000130635;ENSG00000172554;ENSG00000102385;ENSG00000185053;ENSG00000150093;ENSG00000162512;ENSG00000074527;ENSG00000053747;ENSG00000169439;ENSG00000058085;ENSG00000041982;ENSG00000197461;ENSG00000101400;ENSG00000188157;ENSG00000137801"
"REACTOME","REACTOME_HEPARAN_SULFATE_HEPARIN_HS_GAG_METABOLISM",0.00330864975579014,0.0303364510076342,0.318279675040437,-0.636769729804283,-1.6624666227164,40,"ENSG00000185352;ENSG00000125430;ENSG00000076716;ENSG00000183098;ENSG00000122254;ENSG00000142798;ENSG00000164100;ENSG00000010404;ENSG00000147257;ENSG00000115884;ENSG00000138653;ENSG00000063660;ENSG00000138604;ENSG00000162512;ENSG00000171004;ENSG00000127415;ENSG00000002587"
"REACTOME","REACTOME_VOLTAGE_GATED_POTASSIUM_CHANNELS",0.00329566854990584,0.0303364510076342,0.318279675040437,-0.629737875891766,-1.65148268898279,41,"ENSG00000184156;ENSG00000158445;ENSG00000075043;ENSG00000131398;ENSG00000129159;ENSG00000143473;ENSG00000171385;ENSG00000173826;ENSG00000164794;ENSG00000069424;ENSG00000171126;ENSG00000162975;ENSG00000183960;ENSG00000177301;ENSG00000184611;ENSG00000178342;ENSG00000182674;ENSG00000170745;ENSG00000053918"
"REACTOME","REACTOME_SIGNALING_BY_MET",0.00348685166351881,0.0317640938637972,0.29723292199973,-0.543170071670777,-1.57893915751447,77,"ENSG00000101680;ENSG00000115414;ENSG00000167642;ENSG00000139219;ENSG00000145675;ENSG00000135862;ENSG00000204248;ENSG00000172037;ENSG00000164692;ENSG00000171502;ENSG00000107295;ENSG00000179295;ENSG00000108821;ENSG00000130635;ENSG00000167578;ENSG00000150093;ENSG00000116641;ENSG00000053747;ENSG00000127314;ENSG00000136738;ENSG00000109758;ENSG00000109458;ENSG00000169398;ENSG00000149177;ENSG00000058085;ENSG00000196739;ENSG00000141084;ENSG00000176945;ENSG00000138592"
"REACTOME","REACTOME_HOMOLOGOUS_DNA_PAIRING_AND_STRAND_EXCHANGE",0.00369309994997237,0.0332452459141378,0.431707695803346,0.583674812505035,1.71430939882145,43,"ENSG00000171792;ENSG00000049541;ENSG00000172613;ENSG00000175643;ENSG00000106399;ENSG00000126215;ENSG00000127922;ENSG00000164053;ENSG00000182185;ENSG00000178966;ENSG00000012048;ENSG00000196584;ENSG00000117748;ENSG00000051180;ENSG00000149554;ENSG00000163918;ENSG00000101773;ENSG00000138346;ENSG00000133119;ENSG00000132383;ENSG00000113522;ENSG00000139618"
"REACTOME","REACTOME_PEPTIDE_HORMONE_BIOSYNTHESIS",0.00369653230065129,0.0332452459141378,0.318279675040437,-0.818793467278531,-1.70413447722181,13,"ENSG00000163083;ENSG00000175426"
"REACTOME","REACTOME_ASPIRIN_ADME",0.00378278009032629,0.0338056043515236,0.431707695803346,0.62938539440855,1.74417376551051,32,"ENSG00000171234;ENSG00000197888;ENSG00000138109;ENSG00000165841;ENSG00000135220;ENSG00000160868;ENSG00000166840;ENSG00000137491;ENSG00000145626;ENSG00000196620;ENSG00000156096;ENSG00000155380;ENSG00000213759"
"REACTOME","REACTOME_RHO_GTPASE_CYCLE",0.00384745954509449,0.034167376589141,0.248832632022043,-0.388639979406844,-1.34102559851573,443,"ENSG00000131016;ENSG00000131941;ENSG00000124126;ENSG00000157827;ENSG00000090924;ENSG00000147459;ENSG00000154358;ENSG00000108830;ENSG00000166398;ENSG00000135090;ENSG00000187239;ENSG00000116584;ENSG00000113319;ENSG00000047648;ENSG00000147251;ENSG00000110237;ENSG00000136026;ENSG00000092531;ENSG00000173517;ENSG00000132970;ENSG00000160007;ENSG00000134215;ENSG00000145675;ENSG00000076706;ENSG00000036257;ENSG00000115963;ENSG00000128656;ENSG00000176788;ENSG00000107957;ENSG00000135905;ENSG00000162738;ENSG00000196586;ENSG00000088387;ENSG00000061676;ENSG00000139211;ENSG00000136002;ENSG00000113758;ENSG00000171680;ENSG00000120278;ENSG00000165895;ENSG00000139436;ENSG00000241484;ENSG00000138443;ENSG00000151208;ENSG00000122126;ENSG00000090615;ENSG00000139132;ENSG00000163171;ENSG00000155366;ENSG00000152767;ENSG00000006607;ENSG00000115107;ENSG00000101384;ENSG00000102401;ENSG00000168143;ENSG00000275832;ENSG00000124486;ENSG00000073712;ENSG00000146426;ENSG00000066933;ENSG00000139641;ENSG00000128512;ENSG00000076928;ENSG00000143337;ENSG00000150760;ENSG00000205726;ENSG00000158985;ENSG00000075391;ENSG00000100485;ENSG00000153404;ENSG00000067900;ENSG00000121871;ENSG00000150093;ENSG00000116641;ENSG00000130762;ENSG00000102606;ENSG00000144283;ENSG00000152661;ENSG00000130669;ENSG00000031081;ENSG00000134909;ENSG00000082269;ENSG00000046604;ENSG00000143322;ENSG00000146247;ENSG00000156232;ENSG00000165801;ENSG00000273749;ENSG00000172602;ENSG00000170776;ENSG00000163947;ENSG00000136738;ENSG00000097096;ENSG00000166225;ENSG00000038382;ENSG00000196155;ENSG00000142627;ENSG00000116209;ENSG00000161791;ENSG00000003393;ENSG00000146729;ENSG00000108561;ENSG00000177469;ENSG00000129219;ENSG00000154447;ENSG00000062598;ENSG00000119729;ENSG00000134313;ENSG00000196220;ENSG00000141367;ENSG00000167617;ENSG00000137269;ENSG00000128805;ENSG00000065526;ENSG00000145990;ENSG00000182504;ENSG00000074695;ENSG00000133818"
"REACTOME","REACTOME_DEPOSITION_OF_NEW_CENPA_CONTAINING_NUCLEOSOMES_AT_THE_CENTROMERE",0.00391108428167991,0.0345153187858252,0.407017918923954,0.489185624698918,1.55690798376544,69,"ENSG00000102054;ENSG00000169689;ENSG00000188312;ENSG00000153044;ENSG00000142856;ENSG00000100162;ENSG00000115163;ENSG00000123219;ENSG00000102384;ENSG00000246705;ENSG00000203760;ENSG00000175279;ENSG00000184260;ENSG00000185130;ENSG00000137812;ENSG00000105968;ENSG00000151725;ENSG00000124635;ENSG00000158406;ENSG00000159055;ENSG00000166451;ENSG00000274641;ENSG00000120334;ENSG00000278463;ENSG00000275713;ENSG00000188486;ENSG00000270276;ENSG00000104147"
"REACTOME","REACTOME_COLLAGEN_FORMATION",0.00418168709444845,0.0366741750146659,0.269842314478839,-0.531782769904327,-1.56257417988568,82,"ENSG00000142173;ENSG00000110811;ENSG00000130508;ENSG00000049089;ENSG00000138131;ENSG00000139219;ENSG00000188153;ENSG00000149257;ENSG00000142156;ENSG00000050767;ENSG00000204248;ENSG00000164692;ENSG00000171502;ENSG00000187955;ENSG00000108821;ENSG00000152952;ENSG00000160963;ENSG00000130635;ENSG00000169436;ENSG00000164733;ENSG00000182871;ENSG00000090530;ENSG00000168487;ENSG00000113083;ENSG00000053747"
"REACTOME","REACTOME_SYNDECAN_INTERACTIONS",0.0042497548218372,0.0370410728915687,0.285313392143872,-0.694780218399102,-1.68664431113679,27,"ENSG00000115414;ENSG00000138448;ENSG00000105329;ENSG00000154229;ENSG00000164692;ENSG00000115884;ENSG00000108821;ENSG00000138685;ENSG00000130635;ENSG00000150093;ENSG00000162512;ENSG00000169439;ENSG00000041982;ENSG00000137801"
"REACTOME","REACTOME_NEUROTRANSMITTER_RELEASE_CYCLE",0.0042997542997543,0.0372469513573808,0.274717458595242,-0.598508911737309,-1.61850510530031,49,"ENSG00000101438;ENSG00000165646;ENSG00000177380;ENSG00000112294;ENSG00000115419;ENSG00000104863;ENSG00000136854;ENSG00000128683;ENSG00000105649;ENSG00000168993;ENSG00000005379;ENSG00000132639;ENSG00000220205;ENSG00000111181;ENSG00000189221;ENSG00000104888;ENSG00000139220;ENSG00000131626;ENSG00000107282;ENSG00000134294;ENSG00000148943"
"REACTOME","REACTOME_HIV_LIFE_CYCLE",0.00450873195083881,0.0388190824060024,0.407017918923954,0.397587128429658,1.41856340409204,148,"ENSG00000106290;ENSG00000101158;ENSG00000155561;ENSG00000125450;ENSG00000075188;ENSG00000005075;ENSG00000100401;ENSG00000141971;ENSG00000180198;ENSG00000120656;ENSG00000167987;ENSG00000137309;ENSG00000149136;ENSG00000168002;ENSG00000168496;ENSG00000196262;ENSG00000020426;ENSG00000113569;ENSG00000099901;ENSG00000145736;ENSG00000196814;ENSG00000163882;ENSG00000196419;ENSG00000197265;ENSG00000170315;ENSG00000132341;ENSG00000175334;ENSG00000254505;ENSG00000170248;ENSG00000204356;ENSG00000095319;ENSG00000153767;ENSG00000058804;ENSG00000148835;ENSG00000085415;ENSG00000108559;ENSG00000164985;ENSG00000100142;ENSG00000188986;ENSG00000272047;ENSG00000132612;ENSG00000165417;ENSG00000090061;ENSG00000160948;ENSG00000137947;ENSG00000138750;ENSG00000060069;ENSG00000221983;ENSG00000111581;ENSG00000143947;ENSG00000110713;ENSG00000102900"
"REACTOME","REACTOME_LATE_SARS_COV_2_INFECTION_EVENTS",0.00480013368875817,0.0410775076880396,0.407017918923954,0.48519413842384,1.55562183384967,72,"ENSG00000161013;ENSG00000033170;ENSG00000131446;ENSG00000127022;ENSG00000136840;ENSG00000178685;ENSG00000088298;ENSG00000102699;ENSG00000130175;ENSG00000118705;ENSG00000163902;ENSG00000134343;ENSG00000188706;ENSG00000110080;ENSG00000152127;ENSG00000168282;ENSG00000138496;ENSG00000170315;ENSG00000244038;ENSG00000089597;ENSG00000115275;ENSG00000173193;ENSG00000138617;ENSG00000177239;ENSG00000134825;ENSG00000096063"
"REACTOME","REACTOME_MET_ACTIVATES_PTK2_SIGNALING",0.0048828125,0.0415333207831325,0.265216893779997,-0.680195893825381,-1.66751820270844,29,"ENSG00000101680;ENSG00000115414;ENSG00000139219;ENSG00000135862;ENSG00000204248;ENSG00000172037;ENSG00000164692;ENSG00000171502;ENSG00000108821;ENSG00000130635;ENSG00000150093;ENSG00000053747;ENSG00000169398;ENSG00000058085;ENSG00000196739"
"REACTOME","REACTOME_XENOBIOTICS",0.0052871905791877,0.0447036712443894,0.310776919977249,0.714795111936523,1.75839664277967,19,"ENSG00000134716;ENSG00000138109;ENSG00000165841;ENSG00000160868;ENSG00000160870;ENSG00000108242"
"REACTOME","REACTOME_CALNEXIN_CALRETICULIN_CYCLE",0.00535031847133758,0.044968152866242,0.318279675040437,0.652381430364913,1.7261367611618,26,"ENSG00000179218;ENSG00000127022;ENSG00000088298;ENSG00000130175;ENSG00000136731;ENSG00000204308;ENSG00000162298;ENSG00000170315;ENSG00000089597;ENSG00000167004;ENSG00000177239;ENSG00000134109;ENSG00000071537;ENSG00000135506;ENSG00000221983;ENSG00000143947"
"REACTOME","REACTOME_SYNTHESIS_OF_BILE_ACIDS_AND_BILE_SALTS_VIA_7ALPHA_HYDROXYCHOLESTEROL",0.0053921568627451,0.0450516301195034,0.310776919977249,0.669611736966519,1.70605212567972,22,"ENSG00000140284;ENSG00000198610;ENSG00000083807;ENSG00000196139;ENSG00000168306;ENSG00000133835"
"REACTOME","REACTOME_DETOXIFICATION_OF_REACTIVE_OXYGEN_SPECIES",0.0055219563502498,0.0458647198032513,0.318279675040437,0.607295750330703,1.68295820818692,32,"ENSG00000104687;ENSG00000164978;ENSG00000117450;ENSG00000100348;ENSG00000084207;ENSG00000136810;ENSG00000121691;ENSG00000167815;ENSG00000197930;ENSG00000185624;ENSG00000142168;ENSG00000165672;ENSG00000184470;ENSG00000126432;ENSG00000173992;ENSG00000117592;ENSG00000233276"
"REACTOME","REACTOME_AZATHIOPRINE_ADME",0.00562897699461576,0.0459428642566327,0.303779434551183,0.678324719212258,1.7104364942306,21,"ENSG00000112759;ENSG00000178035;ENSG00000106348;ENSG00000243678;ENSG00000163655;ENSG00000174669;ENSG00000165704;ENSG00000239672;ENSG00000143774;ENSG00000137860"
"REACTOME","REACTOME_TRIGLYCERIDE_METABOLISM",0.00561197220737574,0.0459428642566327,0.318279675040437,0.595861355899704,1.66412667440669,34,"ENSG00000105355;ENSG00000172531;ENSG00000062282;ENSG00000198814;ENSG00000164687;ENSG00000006757;ENSG00000074416;ENSG00000134324;ENSG00000164434;ENSG00000185000;ENSG00000072062;ENSG00000132793;ENSG00000170231"
"REACTOME","REACTOME_ANTIMICROBIAL_MECHANISM_OF_IFN_STIMULATED_GENES",0.0056210575457922,0.0459428642566327,0.407017918923954,0.380541987027386,1.37666936842939,164,"ENSG00000169689;ENSG00000117226;ENSG00000155561;ENSG00000221829;ENSG00000112039;ENSG00000125450;ENSG00000075188;ENSG00000130741;ENSG00000187741;ENSG00000167264;ENSG00000126803;ENSG00000138646;ENSG00000188229;ENSG00000066027;ENSG00000108424;ENSG00000104365;ENSG00000121060;ENSG00000181544;ENSG00000102882;ENSG00000184009;ENSG00000113569;ENSG00000075624;ENSG00000161960;ENSG00000114867;ENSG00000101162;ENSG00000170315;ENSG00000134001;ENSG00000176014;ENSG00000125977;ENSG00000175279;ENSG00000088888;ENSG00000167553;ENSG00000257365;ENSG00000135828;ENSG00000108984;ENSG00000095319;ENSG00000058804;ENSG00000204388;ENSG00000183486;ENSG00000085415;ENSG00000108559;ENSG00000158169;ENSG00000143621;ENSG00000176170;ENSG00000269335;ENSG00000123416;ENSG00000141543;ENSG00000117228;ENSG00000138750;ENSG00000182481;ENSG00000258947;ENSG00000164163;ENSG00000221983;ENSG00000204390;ENSG00000127445;ENSG00000139546;ENSG00000115392;ENSG00000111581;ENSG00000143947;ENSG00000110713;ENSG00000111331;ENSG00000089127;ENSG00000102900;ENSG00000103275;ENSG00000137193;ENSG00000055332;ENSG00000170312"
"REACTOME","REACTOME_FANCONI_ANEMIA_PATHWAY",0.00572051212203759,0.0464216271052706,0.318279675040437,0.571677587434629,1.64576360015627,39,"ENSG00000169689;ENSG00000221829;ENSG00000112039;ENSG00000118655;ENSG00000187741;ENSG00000106399;ENSG00000164053;ENSG00000181544;ENSG00000117748;ENSG00000170315;ENSG00000077152;ENSG00000175279;ENSG00000158169;ENSG00000154920;ENSG00000188827;ENSG00000198924;ENSG00000132383;ENSG00000221983;ENSG00000115392;ENSG00000172732;ENSG00000143947;ENSG00000197774;ENSG00000132207;ENSG00000175054;ENSG00000185504"
"REACTOME","REACTOME_ACTIVATION_OF_NMDA_RECEPTORS_AND_POSTSYNAPTIC_EVENTS",0.00591966173361522,0.0477632135306554,0.223479119117479,-0.509115536278544,-1.52101947484898,92,"ENSG00000198785;ENSG00000183454;ENSG00000077522;ENSG00000157168;ENSG00000058335;ENSG00000152578;ENSG00000113319;ENSG00000150672;ENSG00000071242;ENSG00000155897;ENSG00000277586;ENSG00000178568;ENSG00000132535;ENSG00000104863;ENSG00000186868;ENSG00000108946;ENSG00000145349;ENSG00000120251;ENSG00000176884;ENSG00000102606;ENSG00000152495;ENSG00000118260;ENSG00000137285;ENSG00000183785;ENSG00000167552"
"REACTOME","REACTOME_RECOGNITION_OF_DNA_DAMAGE_BY_PCNA_CONTAINING_REPLICATION_COMPLEX",0.00600522193211488,0.048178257773558,0.303779434551183,0.61793922333023,1.6898501912529,30,"ENSG00000148229;ENSG00000132646;ENSG00000106628;ENSG00000049541;ENSG00000175482;ENSG00000106399;ENSG00000100479;ENSG00000115350;ENSG00000177084;ENSG00000117748;ENSG00000170315;ENSG00000163918;ENSG00000077514;ENSG00000035928;ENSG00000133119;ENSG00000132383;ENSG00000221983;ENSG00000143947;ENSG00000143476;ENSG00000070950;ENSG00000111445;ENSG00000162607"
"REACTOME","REACTOME_SYNAPTIC_ADHESION_LIKE_MOLECULES",0.00625422582826234,0.0498924681893018,0.238352921646911,-0.72733127362582,-1.67464608102946,21,"ENSG00000105426;ENSG00000183454;ENSG00000153707;ENSG00000152578;ENSG00000128011;ENSG00000132535;ENSG00000176884;ENSG00000126243"
"REACTOME","REACTOME_DISEASES_ASSOCIATED_WITH_GLYCOSYLATION_PRECURSOR_BIOSYNTHESIS",0.00641025641025641,0.0508498991645059,0.279865652661932,0.73267014082298,1.7147577438607,16,"ENSG00000128039;ENSG00000179085;ENSG00000159921;ENSG00000136908;ENSG00000175283;ENSG00000117308;ENSG00000143891"
"REACTOME","REACTOME_NR1H3_NR1H2_REGULATE_GENE_EXPRESSION_LINKED_TO_CHOLESTEROL_TRANSPORT_AND_EFFLUX",0.00653907496012759,0.0515819767804478,0.22623238004642,-0.641887857990261,-1.63591638952421,35,"ENSG00000165029;ENSG00000130203;ENSG00000100979;ENSG00000131408;ENSG00000078687;ENSG00000160179;ENSG00000188042;ENSG00000115548;ENSG00000090905;ENSG00000126070;ENSG00000122547;ENSG00000134698;ENSG00000196498;ENSG00000092847;ENSG00000130208;ENSG00000177565;ENSG00000100354"
"REACTOME","REACTOME_RAC3_GTPASE_CYCLE",0.00679405520169851,0.0530011378165652,0.208826601974224,-0.509003853094097,-1.51721903791231,91,"ENSG00000124126;ENSG00000166398;ENSG00000135090;ENSG00000047648;ENSG00000092531;ENSG00000160007;ENSG00000145675;ENSG00000076706;ENSG00000135905;ENSG00000061676;ENSG00000139211;ENSG00000165895;ENSG00000139436;ENSG00000138443;ENSG00000122126;ENSG00000101384;ENSG00000073712;ENSG00000139641;ENSG00000121871;ENSG00000150093;ENSG00000130669;ENSG00000134909;ENSG00000046604;ENSG00000143322;ENSG00000273749;ENSG00000038382;ENSG00000142627"
"REACTOME","REACTOME_BIOSYNTHESIS_OF_THE_N_GLYCAN_PRECURSOR_DOLICHOL_LIPID_LINKED_OLIGOSACCHARIDE_LLO_AND_TRANSFER_TO_A_NASCENT_PROTEIN",0.00678952473326867,0.0530011378165652,0.318279675040437,0.467105061700743,1.51488476726309,78,"ENSG00000100522;ENSG00000120697;ENSG00000088035;ENSG00000136840;ENSG00000101638;ENSG00000128039;ENSG00000112699;ENSG00000173540;ENSG00000179085;ENSG00000159063;ENSG00000033011;ENSG00000111726;ENSG00000159921;ENSG00000172269;ENSG00000110080;ENSG00000100417;ENSG00000136908;ENSG00000064601;ENSG00000214160;ENSG00000167130;ENSG00000175283;ENSG00000135838;ENSG00000254685;ENSG00000104522;ENSG00000182858;ENSG00000095380;ENSG00000163933;ENSG00000167508"
"REACTOME","REACTOME_DOWNSTREAM_SIGNALING_OF_ACTIVATED_FGFR4",0.00692333671057075,0.0537129199743181,0.22623238004642,-0.717352197009582,-1.6683969063948,22,"ENSG00000156427;ENSG00000145675;ENSG00000179295;ENSG00000138685;ENSG00000124181;ENSG00000134962;ENSG00000160867;ENSG00000158815;ENSG00000166225;ENSG00000109458"
"REACTOME","REACTOME_TRANSLESION_SYNTHESIS_BY_POLH",0.00720980533525595,0.0556297548272208,0.265216893779997,0.69278327399214,1.70424750088367,19,"ENSG00000132646;ENSG00000049541;ENSG00000106399;ENSG00000165280;ENSG00000117748;ENSG00000170315;ENSG00000170734;ENSG00000163918;ENSG00000035928;ENSG00000133119;ENSG00000132383;ENSG00000221983;ENSG00000143947"
"REACTOME","REACTOME_INTERLEUKIN_4_AND_INTERLEUKIN_13_SIGNALING",0.00775193798449612,0.0594876980114594,0.194887297433682,-0.505420344735528,-1.50997982294342,92,"ENSG00000073756;ENSG00000115414;ENSG00000069667;ENSG00000160712;ENSG00000123496;ENSG00000012779;ENSG00000105329;ENSG00000087245;ENSG00000116329;ENSG00000145675;ENSG00000170345;ENSG00000164692;ENSG00000166888;ENSG00000171150;ENSG00000181449;ENSG00000138685;ENSG00000148516;ENSG00000131724;ENSG00000115415;ENSG00000150093;ENSG00000113916;ENSG00000100292;ENSG00000028137;ENSG00000136997;ENSG00000075618;ENSG00000189221;ENSG00000162434;ENSG00000100644;ENSG00000150907;ENSG00000122691"
"REACTOME","REACTOME_DISEASES_OF_SIGNAL_TRANSDUCTION_BY_GROWTH_FACTOR_RECEPTORS_AND_SECOND_MESSENGERS",0.00782046922815369,0.0596892029738,0.173713219262156,-0.380437384223899,-1.31156601448437,436,"ENSG00000112531;ENSG00000115414;ENSG00000254087;ENSG00000124831;ENSG00000188766;ENSG00000157168;ENSG00000143507;ENSG00000174804;ENSG00000185737;ENSG00000164930;ENSG00000139318;ENSG00000140538;ENSG00000196782;ENSG00000204673;ENSG00000099341;ENSG00000109670;ENSG00000105329;ENSG00000105221;ENSG00000157077;ENSG00000156427;ENSG00000061273;ENSG00000145675;ENSG00000105568;ENSG00000114315;ENSG00000143924;ENSG00000105723;ENSG00000078687;ENSG00000013275;ENSG00000178568;ENSG00000107854;ENSG00000077782;ENSG00000089234;ENSG00000105258;ENSG00000106799;ENSG00000134853;ENSG00000111266;ENSG00000117020;ENSG00000108946;ENSG00000101384;ENSG00000068024;ENSG00000119866;ENSG00000179295;ENSG00000138613;ENSG00000143801;ENSG00000145349;ENSG00000123358;ENSG00000006459;ENSG00000099817;ENSG00000163909;ENSG00000138685;ENSG00000205155;ENSG00000185950;ENSG00000010810;ENSG00000169047;ENSG00000127946;ENSG00000104695;ENSG00000124181;ENSG00000115415;ENSG00000197921;ENSG00000134962;ENSG00000121741;ENSG00000114742;ENSG00000186298;ENSG00000100453;ENSG00000113070;ENSG00000113721;ENSG00000118260;ENSG00000160867;ENSG00000132964;ENSG00000158815;ENSG00000173273;ENSG00000146648;ENSG00000130779;ENSG00000137845;ENSG00000144674;ENSG00000158186;ENSG00000173230;ENSG00000127314;ENSG00000070018;ENSG00000197530;ENSG00000159784;ENSG00000137713;ENSG00000126070;ENSG00000166225;ENSG00000111790;ENSG00000102978;ENSG00000109458;ENSG00000136997;ENSG00000126214;ENSG00000134698;ENSG00000164327;ENSG00000041357;ENSG00000068912;ENSG00000054392;ENSG00000173692;ENSG00000171862;ENSG00000196498;ENSG00000113712;ENSG00000153201;ENSG00000104371;ENSG00000171094;ENSG00000169032;ENSG00000151694;ENSG00000175029;ENSG00000141367;ENSG00000134982;ENSG00000164683;ENSG00000114416;ENSG00000066468;ENSG00000092847;ENSG00000133030;ENSG00000108061;ENSG00000177565;ENSG00000111605;ENSG00000139549;ENSG00000213639;ENSG00000141506;ENSG00000145216;ENSG00000197461;ENSG00000070193;ENSG00000089220;ENSG00000150907;ENSG00000122691;ENSG00000101752;ENSG00000182866;ENSG00000167460;ENSG00000005339;ENSG00000168214;ENSG00000177283;ENSG00000198369;ENSG00000169057;ENSG00000082701;ENSG00000163251;ENSG00000077420;ENSG00000078304;ENSG00000156735;ENSG00000110324;ENSG00000140575"
"REACTOME","REACTOME_RIBAVIRIN_ADME",0.00787933363349842,0.0598013679774686,0.245188063659135,0.785262814381523,1.66924529498451,11,"ENSG00000198805;ENSG00000112759;ENSG00000243678;ENSG00000125877;ENSG00000239672;ENSG00000137860;ENSG00000198246;ENSG00000156110"
"REACTOME","REACTOME_DNA_DAMAGE_BYPASS",0.00800457404230989,0.0598013679774686,0.274717458595242,0.532234413741724,1.59074543380094,48,"ENSG00000148229;ENSG00000132646;ENSG00000106628;ENSG00000049541;ENSG00000175482;ENSG00000106399;ENSG00000121060;ENSG00000100479;ENSG00000115350;ENSG00000165280;ENSG00000154914;ENSG00000177084;ENSG00000117748;ENSG00000170315;ENSG00000170734;ENSG00000163918;ENSG00000077514;ENSG00000035928;ENSG00000133119;ENSG00000132383;ENSG00000166803;ENSG00000221983;ENSG00000143947;ENSG00000143476;ENSG00000070950;ENSG00000111445;ENSG00000162607;ENSG00000116670"
"REACTOME","REACTOME_COMPLEX_IV_ASSEMBLY",0.00796812749003984,0.0598013679774686,0.274717458595242,0.529895328977236,1.57857665758868,47,"ENSG00000181061;ENSG00000232838;ENSG00000183978;ENSG00000163626;ENSG00000101084;ENSG00000166260;ENSG00000187118;ENSG00000133983;ENSG00000168569;ENSG00000148290;ENSG00000240230;ENSG00000014919;ENSG00000176340;ENSG00000189043;ENSG00000115944;ENSG00000250317;ENSG00000138495;ENSG00000106603;ENSG00000127184;ENSG00000164919;ENSG00000203667;ENSG00000144120;ENSG00000198712;ENSG00000136463;ENSG00000178449;ENSG00000075336;ENSG00000112695;ENSG00000146066;ENSG00000131143;ENSG00000135940;ENSG00000131174"
"REACTOME","REACTOME_RECRUITMENT_OF_NUMA_TO_MITOTIC_CENTROSOMES",0.00793924749741112,0.0598013679774686,0.303779434551183,0.432740057719005,1.44741096401463,95,"ENSG00000092036;ENSG00000126001;ENSG00000106477;ENSG00000131462;ENSG00000046651;ENSG00000137100;ENSG00000188229;ENSG00000275835;ENSG00000198089;ENSG00000152240;ENSG00000138107;ENSG00000173272;ENSG00000166851;ENSG00000080824;ENSG00000213397;ENSG00000101162;ENSG00000072062;ENSG00000176014;ENSG00000112877;ENSG00000167553;ENSG00000152082;ENSG00000137822;ENSG00000176101;ENSG00000123416;ENSG00000141577;ENSG00000196230;ENSG00000175203;ENSG00000258947;ENSG00000130640;ENSG00000088986;ENSG00000174799;ENSG00000072864;ENSG00000131351;ENSG00000127914;ENSG00000170312;ENSG00000139350;ENSG00000110274;ENSG00000137814;ENSG00000148019;ENSG00000119397;ENSG00000103540;ENSG00000108953;ENSG00000261456;ENSG00000136861"
"REACTOME","REACTOME_PYRIMIDINE_SALVAGE",0.00810445745159838,0.0602289153771416,0.241698386096655,0.784382504072365,1.66737400576162,11,"ENSG00000130021;ENSG00000130717;ENSG00000167900;ENSG00000166548;ENSG00000156136;ENSG00000143179;ENSG00000025708"
"REACTOME","REACTOME_COLLAGEN_BIOSYNTHESIS_AND_MODIFYING_ENZYMES",0.00820038765468913,0.0606227610912097,0.194887297433682,-0.550836709238549,-1.55018948787463,62,"ENSG00000142173;ENSG00000110811;ENSG00000049089;ENSG00000139219;ENSG00000188153;ENSG00000149257;ENSG00000142156;ENSG00000050767;ENSG00000204248;ENSG00000164692;ENSG00000171502;ENSG00000187955;ENSG00000108821;ENSG00000152952;ENSG00000160963;ENSG00000130635;ENSG00000169436;ENSG00000182871;ENSG00000090530;ENSG00000168487"
"REACTOME","REACTOME_RESOLUTION_OF_D_LOOP_STRUCTURES",0.00844916871082039,0.0620005269166594,0.260820567718869,0.561579205480885,1.59484997253901,37,"ENSG00000175643;ENSG00000126215;ENSG00000127922;ENSG00000182185;ENSG00000178966;ENSG00000012048;ENSG00000196584;ENSG00000051180;ENSG00000000460;ENSG00000101773;ENSG00000138346;ENSG00000154920;ENSG00000258366;ENSG00000188827;ENSG00000113522;ENSG00000139618;ENSG00000172732;ENSG00000197774;ENSG00000174371;ENSG00000132207;ENSG00000083093"
"REACTOME","REACTOME_SIGNALING_BY_ERBB4",0.00847457627118644,0.0620005269166594,0.193113963346815,-0.559529336460245,-1.55476707412849,57,"ENSG00000082175;ENSG00000113327;ENSG00000107562;ENSG00000157168;ENSG00000185737;ENSG00000130203;ENSG00000145675;ENSG00000178568;ENSG00000132535;ENSG00000138613;ENSG00000143801;ENSG00000205155;ENSG00000182256;ENSG00000268089;ENSG00000055208;ENSG00000113070;ENSG00000146648"
"REACTOME","REACTOME_PHOSPHORYLATED_BMAL1_CLOCK_ARNTL_CLOCK_ACTIVATES_EXPRESSION_OF_CORE_CLOCK_GENES",0.00861195542046606,0.0622974890405834,0.202498775969141,-0.70811549498451,-1.64691445307806,22,"ENSG00000069667;ENSG00000105516;ENSG00000142178;ENSG00000118260;ENSG00000121671;ENSG00000134107;ENSG00000132326;ENSG00000134852;ENSG00000179094;ENSG00000170485;ENSG00000005339"
"REACTOME","REACTOME_SCF_SKP2_MEDIATED_DEGRADATION_OF_P27_P21",0.00862564692351926,0.0622974890405834,0.265216893779997,0.51902245607352,1.56467419506995,50,"ENSG00000145604;ENSG00000133101;ENSG00000123374;ENSG00000175305;ENSG00000161057;ENSG00000127922;ENSG00000170315;ENSG00000145386;ENSG00000126067;ENSG00000130706;ENSG00000101182;ENSG00000165916;ENSG00000135446;ENSG00000173207;ENSG00000100764;ENSG00000115233;ENSG00000100567;ENSG00000221983;ENSG00000100902;ENSG00000105173;ENSG00000143947;ENSG00000103035;ENSG00000277791;ENSG00000129084;ENSG00000175166"
"REACTOME","REACTOME_SLC_TRANSPORTER_DISORDERS",0.0086475268073331,0.0622974890405834,0.291090917251384,0.428221720851755,1.43576658033736,96,"ENSG00000174358;ENSG00000155465;ENSG00000117394;ENSG00000198569;ENSG00000147804;ENSG00000155561;ENSG00000106633;ENSG00000125450;ENSG00000075188;ENSG00000100170;ENSG00000163581;ENSG00000167114;ENSG00000113569;ENSG00000110911;ENSG00000095319;ENSG00000179520;ENSG00000058804;ENSG00000021488;ENSG00000138079;ENSG00000155380;ENSG00000085415;ENSG00000108559;ENSG00000106688;ENSG00000101200;ENSG00000198246;ENSG00000138750;ENSG00000074803;ENSG00000111581;ENSG00000110713;ENSG00000102900;ENSG00000197375;ENSG00000120253;ENSG00000093000;ENSG00000102100;ENSG00000131183"
"REACTOME","REACTOME_UBIQUINOL_BIOSYNTHESIS",0.00902568849803286,0.0639370243299256,0.232056818075608,0.763382489794673,1.69248482175851,13,"ENSG00000186603;ENSG00000163050;ENSG00000173085;ENSG00000132423;ENSG00000164494;ENSG00000084090;ENSG00000167113;ENSG00000167186;ENSG00000088682;ENSG00000148459;ENSG00000119723"
"REACTOME","REACTOME_PENTOSE_PHOSPHATE_PATHWAY",0.00910151691948658,0.0639370243299256,0.232056818075608,0.741271470170959,1.67375871916216,14,"ENSG00000101911;ENSG00000023697;ENSG00000169299;ENSG00000163931;ENSG00000177156;ENSG00000160211;ENSG00000130313;ENSG00000142657;ENSG00000147224;ENSG00000171174"
"REACTOME","REACTOME_SUMOYLATION_OF_INTRACELLULAR_RECEPTORS",0.00907323395981854,0.0639370243299256,0.193113963346815,-0.648326222646891,-1.60233493316696,30,"ENSG00000082175;ENSG00000069667;ENSG00000033800;ENSG00000131408;ENSG00000151623;ENSG00000116030;ENSG00000068024;ENSG00000151090;ENSG00000131788;ENSG00000078043;ENSG00000120798;ENSG00000012504;ENSG00000111424;ENSG00000153234;ENSG00000091831"
"REACTOME","REACTOME_NRAGE_SIGNALS_DEATH_THROUGH_JNK",0.00892857142857143,0.0639370243299256,0.18806904097585,-0.558827926143695,-1.55281806163788,57,"ENSG00000124126;ENSG00000090924;ENSG00000154358;ENSG00000116584;ENSG00000113319;ENSG00000110237;ENSG00000134215;ENSG00000136002;ENSG00000171680;ENSG00000139132;ENSG00000146426;ENSG00000076928;ENSG00000205726;ENSG00000100485;ENSG00000130762;ENSG00000102606;ENSG00000165801;ENSG00000236699;ENSG00000170776;ENSG00000163947;ENSG00000038382"
"REACTOME","REACTOME_IMMUNOREGULATORY_INTERACTIONS_BETWEEN_A_LYMPHOID_AND_A_NON_LYMPHOID_CELL",0.00901818181818182,0.0639370243299256,0.183397180948084,-0.519017875003111,-1.50665037780088,76,"ENSG00000139200;ENSG00000130202;ENSG00000073008;ENSG00000139219;ENSG00000002586;ENSG00000164692;ENSG00000091972;ENSG00000154639;ENSG00000108821;ENSG00000115232;ENSG00000150093;ENSG00000150637;ENSG00000234745"
"REACTOME","REACTOME_COLLAGEN_DEGRADATION",0.00915052615525393,0.0639630838179136,0.186472629239996,-0.568878107012202,-1.55914833147118,53,"ENSG00000142173;ENSG00000049089;ENSG00000087245;ENSG00000139219;ENSG00000188153;ENSG00000142156;ENSG00000050767;ENSG00000204248;ENSG00000164692;ENSG00000187955;ENSG00000108821;ENSG00000160963;ENSG00000130635;ENSG00000164733;ENSG00000182871;ENSG00000140564;ENSG00000137845;ENSG00000117984;ENSG00000151694"
"REACTOME","REACTOME_DUAL_INCISION_IN_GG_NER",0.009366391184573,0.0651494795695423,0.248832632022043,0.547732810389207,1.59198482974245,41,"ENSG00000148229;ENSG00000132646;ENSG00000106628;ENSG00000049541;ENSG00000175482;ENSG00000106399;ENSG00000129484;ENSG00000100479;ENSG00000115350;ENSG00000143799;ENSG00000145736;ENSG00000177084;ENSG00000117748;ENSG00000170315;ENSG00000163918;ENSG00000077514;ENSG00000035928;ENSG00000133119;ENSG00000272047;ENSG00000131778;ENSG00000132383;ENSG00000134574;ENSG00000221983;ENSG00000143947"
"REACTOME","REACTOME_MEIOSIS",0.00951335528723015,0.0658473414978871,0.285313392143872,0.414564656200584,1.423736393266,113,"ENSG00000066923;ENSG00000123374;ENSG00000100206;ENSG00000126803;ENSG00000106399;ENSG00000113368;ENSG00000100918;ENSG00000012048;ENSG00000117748;ENSG00000133863;ENSG00000051180;ENSG00000000460;ENSG00000246705;ENSG00000131470;ENSG00000101773;ENSG00000102977;ENSG00000184260;ENSG00000161860;ENSG00000128513;ENSG00000121211;ENSG00000273983;ENSG00000185130;ENSG00000135446;ENSG00000132383;ENSG00000113522;ENSG00000139618;ENSG00000092330;ENSG00000118007;ENSG00000204410;ENSG00000057468;ENSG00000076242;ENSG00000105968;ENSG00000124635;ENSG00000158406;ENSG00000103275;ENSG00000278828;ENSG00000100242;ENSG00000175054;ENSG00000274641;ENSG00000132604;ENSG00000278463;ENSG00000275713;ENSG00000188486;ENSG00000270276;ENSG00000072501"
"REACTOME","REACTOME_PEROXISOMAL_LIPID_METABOLISM",0.00975359342915811,0.066777557227772,0.235141995561108,0.616136358369789,1.66134562443394,28,"ENSG00000140284;ENSG00000168306;ENSG00000005469;ENSG00000133835;ENSG00000095321;ENSG00000181513;ENSG00000072210;ENSG00000177465;ENSG00000113790;ENSG00000242612;ENSG00000140876;ENSG00000242110;ENSG00000101473;ENSG00000087008;ENSG00000131373;ENSG00000116171;ENSG00000100372;ENSG00000198721;ENSG00000103150"
"REACTOME","REACTOME_FOLDING_OF_ACTIN_BY_CCT_TRIC",0.00986325935888814,0.066777557227772,0.218259775284787,0.794636771508311,1.64674040473927,10,"ENSG00000115484;ENSG00000075624;ENSG00000163468;ENSG00000166226;ENSG00000120438;ENSG00000135624;ENSG00000146731;ENSG00000156261"
"REACTOME","REACTOME_RRNA_MODIFICATION_IN_THE_NUCLEUS_AND_CYTOSOL",0.00980975029726516,0.066777557227772,0.252643909566276,0.490192408484699,1.52871329833703,60,"ENSG00000101361;ENSG00000087269;ENSG00000126749;ENSG00000120158;ENSG00000189306;ENSG00000135372;ENSG00000119616;ENSG00000137154;ENSG00000105671;ENSG00000145912;ENSG00000141076;ENSG00000140988;ENSG00000130826;ENSG00000164587;ENSG00000171863;ENSG00000241945;ENSG00000086189;ENSG00000150990;ENSG00000065183;ENSG00000007520;ENSG00000115946;ENSG00000111641;ENSG00000071462;ENSG00000183751;ENSG00000173113;ENSG00000136718;ENSG00000124541"
"REACTOME","REACTOME_SIGNALING_BY_TGF_BETA_RECEPTOR_COMPLEX",0.00988421349901158,0.066777557227772,0.172450317477257,-0.496797732068162,-1.48444603764648,93,"ENSG00000168056;ENSG00000138448;ENSG00000177426;ENSG00000092969;ENSG00000105329;ENSG00000136603;ENSG00000095739;ENSG00000118707;ENSG00000157077;ENSG00000166147;ENSG00000148498;ENSG00000164692;ENSG00000087074;ENSG00000106799;ENSG00000101665;ENSG00000119681;ENSG00000072401;ENSG00000124486;ENSG00000115415;ENSG00000186298;ENSG00000150093;ENSG00000132964;ENSG00000140564;ENSG00000157933;ENSG00000049323;ENSG00000136997;ENSG00000114126;ENSG00000108854;ENSG00000130725;ENSG00000196498;ENSG00000147883;ENSG00000090006;ENSG00000213639;ENSG00000082258;ENSG00000197323;ENSG00000157450;ENSG00000105855;ENSG00000129315"
"REACTOME","REACTOME_RHO_GTPASES_ACTIVATE_FORMINS",0.00982704402515723,0.066777557227772,0.291090917251384,0.38939783562541,1.37902165193271,140,"ENSG00000125450;ENSG00000075188;ENSG00000161888;ENSG00000100401;ENSG00000188312;ENSG00000153044;ENSG00000188229;ENSG00000066027;ENSG00000142856;ENSG00000143878;ENSG00000112640;ENSG00000117399;ENSG00000149636;ENSG00000100162;ENSG00000131504;ENSG00000154839;ENSG00000115163;ENSG00000184009;ENSG00000108518;ENSG00000075624;ENSG00000086827;ENSG00000123219;ENSG00000154473;ENSG00000166851;ENSG00000067560;ENSG00000101162;ENSG00000138778;ENSG00000134690;ENSG00000102384;ENSG00000154001;ENSG00000122952;ENSG00000178999;ENSG00000176014;ENSG00000040275;ENSG00000179051;ENSG00000175279;ENSG00000167553;ENSG00000149503;ENSG00000144635;ENSG00000266028;ENSG00000085415;ENSG00000137812;ENSG00000123416;ENSG00000142945;ENSG00000169679;ENSG00000089685;ENSG00000258947;ENSG00000151725;ENSG00000088986;ENSG00000111581;ENSG00000110713;ENSG00000072864;ENSG00000080986;ENSG00000166451;ENSG00000090273;ENSG00000182628;ENSG00000070087;ENSG00000120253;ENSG00000147202"
"REACTOME","REACTOME_INTERACTION_BETWEEN_L1_AND_ANKYRINS",0.0100453661697991,0.0675431287226491,0.183397180948084,-0.645606788220321,-1.5956138649332,30,"ENSG00000153253;ENSG00000184156;ENSG00000160460;ENSG00000075043;ENSG00000163531;ENSG00000091129;ENSG00000168356;ENSG00000105711;ENSG00000183873;ENSG00000196876;ENSG00000136531;ENSG00000198910;ENSG00000177098"
"REACTOME","REACTOME_FRS_MEDIATED_FGFR4_SIGNALING",0.0102863020744043,0.0683319266893278,0.186472629239996,-0.738621698702968,-1.63457486251738,17,"ENSG00000156427;ENSG00000179295;ENSG00000138685;ENSG00000134962;ENSG00000160867;ENSG00000158815;ENSG00000166225"
"REACTOME","REACTOME_ARACHIDONATE_METABOLISM",0.0102189781021898,0.0683319266893278,0.245188063659135,0.503427075134989,1.54131321977915,54,"ENSG00000164120;ENSG00000134716;ENSG00000138109;ENSG00000165841;ENSG00000106853;ENSG00000059377;ENSG00000196139;ENSG00000161905;ENSG00000120915;ENSG00000162889;ENSG00000117480;ENSG00000186529;ENSG00000110958;ENSG00000157870;ENSG00000140043;ENSG00000165591"
"REACTOME","REACTOME_CELL_SURFACE_INTERACTIONS_AT_THE_VASCULAR_WALL",0.0103078614623419,0.0683319266893278,0.166521148019972,-0.475520453891072,-1.45755674133111,114,"ENSG00000115414;ENSG00000254087;ENSG00000103257;ENSG00000138448;ENSG00000103064;ENSG00000105329;ENSG00000172270;ENSG00000002586;ENSG00000145675;ENSG00000154721;ENSG00000153208;ENSG00000143153;ENSG00000129244;ENSG00000164692;ENSG00000178726;ENSG00000115884;ENSG00000179295;ENSG00000154639;ENSG00000166086;ENSG00000108821;ENSG00000184500;ENSG00000091879;ENSG00000010810;ENSG00000063660;ENSG00000124181;ENSG00000115232;ENSG00000150093;ENSG00000162512;ENSG00000090863;ENSG00000102181;ENSG00000115290;ENSG00000169439;ENSG00000101280;ENSG00000092068;ENSG00000198910"
"REACTOME","REACTOME_BUTYROPHILIN_BTN_FAMILY_INTERACTIONS",0.0107599193006052,0.0709953553853019,0.208826601974224,0.789089734104225,1.63524517704855,10,"ENSG00000113303;ENSG00000165810;ENSG00000186470;ENSG00000124557;ENSG00000111801"
"REACTOME","REACTOME_TNFS_BIND_THEIR_PHYSIOLOGICAL_RECEPTORS",0.0110294117647059,0.0724350205198358,0.215782858966574,0.649252251121422,1.65417976116423,22,"ENSG00000158813;ENSG00000215788;ENSG00000067182;ENSG00000157873;ENSG00000120659;ENSG00000161955"
"REACTOME","REACTOME_ENOS_ACTIVATION",0.0111085396898866,0.0726169353801846,0.208826601974224,0.750369599602165,1.66363412183749,13,"ENSG00000142208;ENSG00000153904;ENSG00000103018;ENSG00000198668;ENSG00000116096;ENSG00000080824;ENSG00000120992"
"REACTOME","REACTOME_CITRIC_ACID_CYCLE_TCA_CYCLE",0.0112239444147515,0.0730103857347575,0.223479119117479,0.564556003424332,1.57669681913891,34,"ENSG00000244005;ENSG00000091483;ENSG00000073578;ENSG00000196636;ENSG00000062485;ENSG00000182054;ENSG00000100412;ENSG00000067829;ENSG00000091140;ENSG00000204370;ENSG00000165898;ENSG00000075239;ENSG00000142082;ENSG00000163541;ENSG00000214756;ENSG00000112992;ENSG00000119689;ENSG00000154079;ENSG00000167985;ENSG00000105953;ENSG00000101365;ENSG00000146701;ENSG00000126602;ENSG00000165060;ENSG00000134056;ENSG00000172340;ENSG00000117118"
"REACTOME","REACTOME_RECRUITMENT_OF_MITOTIC_CENTROSOME_PROTEINS_AND_COMPLEXES",0.0112721417069243,0.0730103857347575,0.245188063659135,0.447249953051261,1.46364584708107,81,"ENSG00000092036;ENSG00000126001;ENSG00000106477;ENSG00000131462;ENSG00000046651;ENSG00000137100;ENSG00000188229;ENSG00000275835;ENSG00000198089;ENSG00000152240;ENSG00000138107;ENSG00000173272;ENSG00000166851;ENSG00000248333;ENSG00000080824;ENSG00000213397;ENSG00000072062;ENSG00000112877;ENSG00000152082;ENSG00000137822;ENSG00000176101;ENSG00000141577;ENSG00000196230;ENSG00000175203;ENSG00000130640;ENSG00000088986;ENSG00000174799;ENSG00000072864;ENSG00000131351;ENSG00000127914;ENSG00000170312;ENSG00000139350;ENSG00000110274;ENSG00000137814;ENSG00000148019;ENSG00000119397;ENSG00000103540;ENSG00000108953;ENSG00000136861"
"REACTOME","REACTOME_G0_AND_EARLY_G1",0.0113285272914521,0.0730405503905497,0.218259775284787,0.620687922697374,1.65257154552606,27,"ENSG00000101057;ENSG00000094804;ENSG00000133101;ENSG00000132646;ENSG00000164045;ENSG00000123374;ENSG00000101412;ENSG00000175305;ENSG00000145386;ENSG00000116478"
"REACTOME","REACTOME_FATTY_ACIDS",0.0114813147230977,0.0733557302670315,0.202498775969141,0.767396694051886,1.63126700701048,11,"ENSG00000134716;ENSG00000186529;ENSG00000186204"
"REACTOME","REACTOME_PYRIMIDINE_CATABOLISM",0.0114813147230977,0.0733557302670315,0.202498775969141,0.766457322012019,1.62927016935426,11,"ENSG00000135318;ENSG00000188641;ENSG00000205309;ENSG00000125458;ENSG00000025708;ENSG00000122643"
"REACTOME","REACTOME_DISEASES_OF_METABOLISM",0.0115850447604002,0.07368505946705,0.310776919977249,0.342065663452646,1.29487721675011,251,"ENSG00000159674;ENSG00000198805;ENSG00000130707;ENSG00000138030;ENSG00000106003;ENSG00000056998;ENSG00000059377;ENSG00000243989;ENSG00000088035;ENSG00000119514;ENSG00000101444;ENSG00000166106;ENSG00000149541;ENSG00000128039;ENSG00000011465;ENSG00000153406;ENSG00000179085;ENSG00000198931;ENSG00000159063;ENSG00000033011;ENSG00000166126;ENSG00000159921;ENSG00000172269;ENSG00000139428;ENSG00000168216;ENSG00000177156;ENSG00000167972;ENSG00000165704;ENSG00000136908;ENSG00000169814;ENSG00000161513;ENSG00000009830;ENSG00000064601;ENSG00000168282;ENSG00000103507;ENSG00000023909;ENSG00000167775;ENSG00000214160;ENSG00000091140;ENSG00000267673;ENSG00000175283;ENSG00000170315;ENSG00000213420;ENSG00000141349;ENSG00000100983;ENSG00000078070;ENSG00000116984;ENSG00000115275;ENSG00000115339;ENSG00000182858;ENSG00000108784;ENSG00000075239;ENSG00000116704;ENSG00000204301;ENSG00000085998;ENSG00000177239;ENSG00000117308;ENSG00000114646;ENSG00000178814;ENSG00000171759;ENSG00000176022;ENSG00000163933;ENSG00000143891;ENSG00000027847;ENSG00000086062;ENSG00000102743;ENSG00000173702;ENSG00000114054;ENSG00000036473;ENSG00000174684;ENSG00000186104;ENSG00000171155;ENSG00000137714;ENSG00000221983;ENSG00000197859;ENSG00000130714;ENSG00000133424;ENSG00000143947;ENSG00000169738;ENSG00000114378;ENSG00000086848;ENSG00000182197;ENSG00000205277;ENSG00000171195;ENSG00000135929;ENSG00000127884;ENSG00000133661;ENSG00000187566;ENSG00000122852"
"REACTOME","REACTOME_RAS_ACTIVATION_UPON_CA2_INFLUX_THROUGH_NMDA_RECEPTOR",0.0117267165193746,0.0742516758984614,0.173713219262156,-0.703549084931202,-1.60599563028665,20,"ENSG00000077522;ENSG00000058335;ENSG00000113319;ENSG00000150672;ENSG00000277586;ENSG00000132535;ENSG00000145349;ENSG00000176884"
"REACTOME","REACTOME_PLATELET_ADHESION_TO_EXPOSED_COLLAGEN",0.0118943501836628,0.074265071863631,0.175004015942342,-0.757756019140706,-1.60273096697694,14,"ENSG00000254087;ENSG00000164692;ENSG00000203618;ENSG00000108821;ENSG00000010810;ENSG00000150093;ENSG00000213949;ENSG00000178732;ENSG00000164171"
"REACTOME","REACTOME_ASSEMBLY_AND_CELL_SURFACE_PRESENTATION_OF_NMDA_RECEPTORS",0.0118195956454121,0.074265071863631,0.165406383146814,-0.585228766592545,-1.5562377747002,44,"ENSG00000198785;ENSG00000183454;ENSG00000077522;ENSG00000150672;ENSG00000277586;ENSG00000132535;ENSG00000104863;ENSG00000145349;ENSG00000176884;ENSG00000137285;ENSG00000183785;ENSG00000167552;ENSG00000137267;ENSG00000127824;ENSG00000107282;ENSG00000148943;ENSG00000075711"
"REACTOME","REACTOME_REGULATION_OF_CHOLESTEROL_BIOSYNTHESIS_BY_SREBP_SREBF",0.0119918104708979,0.074265071863631,0.22623238004642,0.496637321549486,1.52389645699104,55,"ENSG00000186480;ENSG00000001630;ENSG00000169710;ENSG00000112972;ENSG00000160752;ENSG00000012174;ENSG00000163344;ENSG00000108424;ENSG00000072310;ENSG00000142453;ENSG00000149809;ENSG00000132341;ENSG00000125629;ENSG00000172893;ENSG00000101849;ENSG00000167508;ENSG00000198911;ENSG00000067064"
"REACTOME","REACTOME_MITOTIC_SPINDLE_CHECKPOINT",0.0119392185238784,0.074265071863631,0.252643909566276,0.409603344594224,1.40482600411815,111,"ENSG00000125450;ENSG00000075188;ENSG00000161888;ENSG00000100401;ENSG00000188312;ENSG00000153044;ENSG00000066027;ENSG00000142856;ENSG00000112640;ENSG00000117399;ENSG00000149636;ENSG00000100162;ENSG00000154839;ENSG00000115163;ENSG00000086827;ENSG00000123219;ENSG00000166295;ENSG00000154473;ENSG00000166851;ENSG00000141552;ENSG00000138778;ENSG00000134690;ENSG00000102384;ENSG00000154001;ENSG00000122952;ENSG00000178999;ENSG00000040275;ENSG00000179051;ENSG00000175279;ENSG00000175063;ENSG00000149503;ENSG00000144635;ENSG00000085415;ENSG00000137812;ENSG00000142945;ENSG00000169679;ENSG00000089685;ENSG00000151725;ENSG00000053900;ENSG00000176386;ENSG00000088986;ENSG00000111581;ENSG00000110713;ENSG00000072864;ENSG00000080986;ENSG00000166451;ENSG00000090273;ENSG00000182628;ENSG00000120253"
"REACTOME","REACTOME_GLYCEROPHOSPHOLIPID_BIOSYNTHESIS",0.0119670905011219,0.074265071863631,0.256635016972443,0.401193902233822,1.39383119926615,122,"ENSG00000167588;ENSG00000143036;ENSG00000169692;ENSG00000143845;ENSG00000006530;ENSG00000062282;ENSG00000156471;ENSG00000178773;ENSG00000214530;ENSG00000110697;ENSG00000075651;ENSG00000070214;ENSG00000074416;ENSG00000163624;ENSG00000127252;ENSG00000188089;ENSG00000185813;ENSG00000153395;ENSG00000138678;ENSG00000102125;ENSG00000184207;ENSG00000134324;ENSG00000111666;ENSG00000176454;ENSG00000152642;ENSG00000185000;ENSG00000241878;ENSG00000088766;ENSG00000116906;ENSG00000070748;ENSG00000138018;ENSG00000110536;ENSG00000168389;ENSG00000132793;ENSG00000084090"
"REACTOME","REACTOME_REGULATION_OF_INSULIN_SECRETION",0.0120534417659018,0.0743207850369143,0.158177999589196,-0.515815593108038,-1.49606698605127,75,"ENSG00000087460;ENSG00000254647;ENSG00000126266;ENSG00000158445;ENSG00000129990;ENSG00000176533;ENSG00000133019;ENSG00000155897;ENSG00000141837;ENSG00000123104;ENSG00000006071;ENSG00000112164;ENSG00000154229;ENSG00000136854;ENSG00000173175;ENSG00000172380;ENSG00000108946;ENSG00000156052;ENSG00000165995;ENSG00000123983"
"REACTOME","REACTOME_SYNTHESIS_OF_BILE_ACIDS_AND_BILE_SALTS_VIA_24_HYDROXYCHOLESTEROL",0.0122656792409165,0.0753006047311915,0.198584486969905,0.745138803821713,1.6520369964351,13,"ENSG00000140284;ENSG00000198610;ENSG00000083807;ENSG00000196139;ENSG00000036530;ENSG00000242110"
"REACTOME","REACTOME_AURKA_ACTIVATION_BY_TPX2",0.0132075471698113,0.0807318467695826,0.223479119117479,0.45538563909576,1.46005029100356,72,"ENSG00000092036;ENSG00000072571;ENSG00000126001;ENSG00000106477;ENSG00000131462;ENSG00000046651;ENSG00000137100;ENSG00000188229;ENSG00000198089;ENSG00000152240;ENSG00000138107;ENSG00000166851;ENSG00000080824;ENSG00000213397;ENSG00000072062;ENSG00000112877;ENSG00000087586;ENSG00000176101;ENSG00000088325;ENSG00000141577;ENSG00000196230;ENSG00000175203;ENSG00000088986;ENSG00000174799;ENSG00000072864;ENSG00000131351;ENSG00000127914;ENSG00000170312;ENSG00000139350;ENSG00000110274;ENSG00000137814;ENSG00000148019;ENSG00000119397;ENSG00000103540;ENSG00000108953;ENSG00000136861"
"REACTOME","REACTOME_INTERLEUKIN_12_SIGNALING",0.013846579894766,0.0838081671415005,0.204544131818546,0.532086306374031,1.55447033062409,42,"ENSG00000136167;ENSG00000110711;ENSG00000113368;ENSG00000169813;ENSG00000177156;ENSG00000148834;ENSG00000196262;ENSG00000081985;ENSG00000099810;ENSG00000100911;ENSG00000120438;ENSG00000185624;ENSG00000142168;ENSG00000006451;ENSG00000182718;ENSG00000116489;ENSG00000172757;ENSG00000096968;ENSG00000105397;ENSG00000089157"
"REACTOME","REACTOME_GAMMA_CARBOXYLATION_HYPUSINYLATION_HYDROXYLATION_AND_ARYLSULFATASE_ACTIVATION",0.0138888888888889,0.0838081671415005,0.211070537868325,0.485717216634572,1.50723943130634,58,"ENSG00000167363;ENSG00000115718;ENSG00000129103;ENSG00000057593;ENSG00000141560;ENSG00000101846;ENSG00000157399;ENSG00000132507;ENSG00000185010;ENSG00000185721;ENSG00000161016;ENSG00000117543;ENSG00000087263;ENSG00000126218;ENSG00000137154;ENSG00000108963;ENSG00000170468;ENSG00000164291;ENSG00000166441;ENSG00000186468;ENSG00000132768;ENSG00000006756;ENSG00000095059;ENSG00000116237;ENSG00000144455;ENSG00000100299;ENSG00000070495"
"REACTOME","REACTOME_PEPTIDE_HORMONE_METABOLISM",0.0138428262436914,0.0838081671415005,0.146922135732098,-0.498638511585006,-1.46518410786332,82,"ENSG00000163083;ENSG00000164756;ENSG00000254647;ENSG00000126266;ENSG00000175426;ENSG00000016082;ENSG00000109472;ENSG00000182473;ENSG00000086619;ENSG00000170011;ENSG00000007372;ENSG00000165556;ENSG00000220205;ENSG00000125851;ENSG00000114200;ENSG00000117984;ENSG00000087085;ENSG00000166825;ENSG00000182220;ENSG00000111664;ENSG00000197535;ENSG00000078369;ENSG00000159640;ENSG00000166562;ENSG00000168036;ENSG00000104826;ENSG00000145740;ENSG00000116903;ENSG00000140612;ENSG00000170759"
"REACTOME","REACTOME_SLC_MEDIATED_TRANSMEMBRANE_TRANSPORT",0.0144782825761358,0.0869929148829947,0.269842314478839,0.346072731396635,1.29632773810153,231,"ENSG00000174358;ENSG00000139540;ENSG00000112759;ENSG00000155465;ENSG00000113504;ENSG00000130958;ENSG00000143036;ENSG00000169241;ENSG00000117394;ENSG00000141526;ENSG00000145217;ENSG00000198569;ENSG00000005022;ENSG00000147804;ENSG00000115902;ENSG00000104635;ENSG00000183023;ENSG00000075142;ENSG00000070214;ENSG00000197208;ENSG00000188338;ENSG00000100170;ENSG00000183048;ENSG00000164889;ENSG00000163581;ENSG00000167114;ENSG00000177542;ENSG00000138821;ENSG00000213465;ENSG00000144136;ENSG00000174669;ENSG00000100075;ENSG00000102931;ENSG00000147606;ENSG00000198668;ENSG00000004809;ENSG00000169100;ENSG00000118596;ENSG00000167703;ENSG00000137491;ENSG00000205060;ENSG00000138074;ENSG00000123643;ENSG00000143570;ENSG00000108528;ENSG00000110911;ENSG00000157593;ENSG00000160326;ENSG00000173930;ENSG00000137860;ENSG00000066230;ENSG00000151729;ENSG00000196517;ENSG00000105281;ENSG00000158715;ENSG00000040531;ENSG00000120509;ENSG00000033867;ENSG00000116704;ENSG00000179520;ENSG00000021488;ENSG00000138079;ENSG00000155380"
"REACTOME","REACTOME_GABA_SYNTHESIS_RELEASE_REUPTAKE_AND_DEGRADATION",0.0147058823529412,0.0879860418743769,0.155354732375283,-0.716852544948483,-1.60355060653395,18,"ENSG00000101438;ENSG00000112294;ENSG00000136854;ENSG00000128683;ENSG00000105649;ENSG00000168993;ENSG00000132639;ENSG00000220205;ENSG00000111181"
"REACTOME","REACTOME_ABERRANT_REGULATION_OF_MITOTIC_G1_S_TRANSITION_IN_CANCER_DUE_TO_RB1_DEFECTS",0.0151115375389782,0.0885373070748431,0.181914998907505,0.683086346018998,1.6248621071589,17,"ENSG00000129757;ENSG00000112576;ENSG00000123374;ENSG00000101412;ENSG00000175305;ENSG00000007968"
"REACTOME","REACTOME_BETA_OXIDATION_OF_VERY_LONG_CHAIN_FATTY_ACIDS",0.015083295812697,0.0885373070748431,0.17632375173773,0.757408887129796,1.6100357715482,11,"ENSG00000140284;ENSG00000133835;ENSG00000177465;ENSG00000113790;ENSG00000242612;ENSG00000101473;ENSG00000198721;ENSG00000103150;ENSG00000161533"
"REACTOME","REACTOME_NR1H2_AND_NR1H3_MEDIATED_SIGNALING",0.0149906308557152,0.0885373070748431,0.146922135732098,-0.58465557926982,-1.54669805622802,43,"ENSG00000165029;ENSG00000130203;ENSG00000100979;ENSG00000131408;ENSG00000078687;ENSG00000160179;ENSG00000188042;ENSG00000007944;ENSG00000115548;ENSG00000180530;ENSG00000090905;ENSG00000132855;ENSG00000126070;ENSG00000122547;ENSG00000134698;ENSG00000196498;ENSG00000092847;ENSG00000130208;ENSG00000177565;ENSG00000100354"
"REACTOME","REACTOME_APC_C_MEDIATED_DEGRADATION_OF_CELL_CYCLE_PROTEINS",0.0150834403080873,0.0885373070748431,0.211070537868325,0.448189765354474,1.4459974627999,75,"ENSG00000145604;ENSG00000133101;ENSG00000123374;ENSG00000161057;ENSG00000127922;ENSG00000117399;ENSG00000166295;ENSG00000154473;ENSG00000166851;ENSG00000141552;ENSG00000170315;ENSG00000145386;ENSG00000178999;ENSG00000126067;ENSG00000175063;ENSG00000130706;ENSG00000101182;ENSG00000165916;ENSG00000087586;ENSG00000134057;ENSG00000164611;ENSG00000100764;ENSG00000115233;ENSG00000112029;ENSG00000100567;ENSG00000221983;ENSG00000053900;ENSG00000176386;ENSG00000100902;ENSG00000143947;ENSG00000103035;ENSG00000170312;ENSG00000277791;ENSG00000129084;ENSG00000175166"
"REACTOME","REACTOME_G_ALPHA_I_SIGNALLING_EVENTS",0.0150975819319995,0.0885373070748431,0.129547467550097,-0.399744571887419,-1.32885698757659,261,"ENSG00000087460;ENSG00000213694;ENSG00000117152;ENSG00000184588;ENSG00000107562;ENSG00000182732;ENSG00000122585;ENSG00000121281;ENSG00000124493;ENSG00000176533;ENSG00000116329;ENSG00000155897;ENSG00000123104;ENSG00000105568;ENSG00000116711;ENSG00000113448;ENSG00000091844;ENSG00000154678;ENSG00000171700;ENSG00000154229;ENSG00000173175;ENSG00000160360;ENSG00000171517;ENSG00000172380;ENSG00000168398;ENSG00000108370;ENSG00000108946;ENSG00000126583;ENSG00000145349;ENSG00000156052;ENSG00000138814;ENSG00000076344;ENSG00000197746;ENSG00000179603;ENSG00000036828;ENSG00000142192;ENSG00000082556;ENSG00000164082;ENSG00000104695;ENSG00000141404;ENSG00000196277;ENSG00000147509;ENSG00000152495;ENSG00000118260;ENSG00000125510;ENSG00000101333;ENSG00000137713;ENSG00000168830;ENSG00000183971;ENSG00000180720;ENSG00000121966;ENSG00000156049;ENSG00000123360;ENSG00000157005;ENSG00000180616"
"REACTOME","REACTOME_TRAF6_MEDIATED_IRF7_ACTIVATION_IN_TLR7_8_OR_9_SIGNALING",0.0155056699838,0.0904710992443209,0.17632375173773,0.730653276970414,1.61992133402635,13,"ENSG00000184216;ENSG00000244687;ENSG00000185507;ENSG00000170315;ENSG00000239732;ENSG00000198001;ENSG00000221983;ENSG00000143947"
"REACTOME","REACTOME_G_ALPHA_12_13_SIGNALLING_EVENTS",0.0156839965146674,0.0911349920934586,0.138395468894856,-0.507885537032844,-1.47306672151846,75,"ENSG00000124126;ENSG00000090924;ENSG00000154358;ENSG00000116584;ENSG00000113319;ENSG00000110237;ENSG00000176533;ENSG00000134215;ENSG00000136002;ENSG00000171680;ENSG00000139132;ENSG00000172380;ENSG00000155366;ENSG00000146426;ENSG00000076928;ENSG00000205726;ENSG00000100485;ENSG00000067900;ENSG00000130762;ENSG00000102606;ENSG00000165801;ENSG00000236699;ENSG00000170776;ENSG00000163947;ENSG00000038382"
"REACTOME","REACTOME_WNT5A_DEPENDENT_INTERNALIZATION_OF_FZD4",0.0158813263525305,0.0919034131548079,0.150964206987421,-0.743461725484046,-1.59860596470617,15,"ENSG00000174804;ENSG00000114251;ENSG00000154229;ENSG00000126583;ENSG00000042753;ENSG00000183020;ENSG00000141367;ENSG00000196961"
"REACTOME","REACTOME_REGULATION_OF_PLK1_ACTIVITY_AT_G2_M_TRANSITION",0.016016016016016,0.0923045494474066,0.208826601974224,0.431322662105679,1.42528875776058,87,"ENSG00000092036;ENSG00000126001;ENSG00000106477;ENSG00000131462;ENSG00000046651;ENSG00000137100;ENSG00000188229;ENSG00000198089;ENSG00000152240;ENSG00000138107;ENSG00000167461;ENSG00000166851;ENSG00000080824;ENSG00000213397;ENSG00000170315;ENSG00000157456;ENSG00000072062;ENSG00000112877;ENSG00000087586;ENSG00000176101;ENSG00000134057;ENSG00000141577;ENSG00000136122;ENSG00000196230;ENSG00000175203;ENSG00000221983;ENSG00000088986;ENSG00000174799;ENSG00000143947;ENSG00000072864;ENSG00000131351;ENSG00000127914;ENSG00000170312;ENSG00000139350;ENSG00000110274;ENSG00000137814;ENSG00000148019;ENSG00000123240;ENSG00000119397;ENSG00000103540;ENSG00000108953;ENSG00000136861"
"REACTOME","REACTOME_DISEASES_ASSOCIATED_WITH_N_GLYCOSYLATION_OF_PROTEINS",0.016270033997086,0.0933873496092902,0.17632375173773,0.6493925871993,1.61766132596227,20,"ENSG00000088035;ENSG00000159063;ENSG00000033011;ENSG00000172269;ENSG00000064601;ENSG00000168282;ENSG00000214160;ENSG00000115275;ENSG00000182858;ENSG00000177239;ENSG00000163933;ENSG00000086062"
"REACTOME","REACTOME_MISMATCH_REPAIR",0.0163857677902622,0.0936708668819846,0.172450317477257,0.702144387160912,1.61623986595907,15,"ENSG00000132646;ENSG00000106628;ENSG00000175482;ENSG00000106399;ENSG00000116062;ENSG00000117748;ENSG00000095002;ENSG00000077514;ENSG00000132383;ENSG00000076242;ENSG00000122512;ENSG00000174371"
"REACTOME","REACTOME_DENGUE_VIRUS_ATTACHMENT_AND_ENTRY",0.0167422938507276,0.0953230601501103,0.139050712469267,-0.581347717698015,-1.53193132119773,42,"ENSG00000076716;ENSG00000183098;ENSG00000160932;ENSG00000145675;ENSG00000153208;ENSG00000142798;ENSG00000147257;ENSG00000115884;ENSG00000184500;ENSG00000063660;ENSG00000113249;ENSG00000162512;ENSG00000140564;ENSG00000170458;ENSG00000042753;ENSG00000169439;ENSG00000183020;ENSG00000196961;ENSG00000033178;ENSG00000084764;ENSG00000188157;ENSG00000081307;ENSG00000179399;ENSG00000144744;ENSG00000260314"
"REACTOME","REACTOME_G_ALPHA_S_SIGNALLING_EVENTS",0.0169971671388102,0.0963855421686747,0.12797030576243,-0.449704339997632,-1.40091335240184,131,"ENSG00000087460;ENSG00000112541;ENSG00000115414;ENSG00000141433;ENSG00000215644;ENSG00000172572;ENSG00000121281;ENSG00000176533;ENSG00000010310;ENSG00000155897;ENSG00000100077;ENSG00000112164;ENSG00000113448;ENSG00000122679;ENSG00000123901;ENSG00000173175;ENSG00000080293;ENSG00000172380;ENSG00000073417;ENSG00000108946;ENSG00000113749;ENSG00000004948;ENSG00000150093;ENSG00000147571;ENSG00000131477;ENSG00000171509;ENSG00000128655;ENSG00000186642"
"REACTOME","REACTOME_NUCLEOTIDE_CATABOLISM",0.0173703901656868,0.098107963655799,0.179054499269993,0.55270037405716,1.54358631637439,34,"ENSG00000135318;ENSG00000198805;ENSG00000188641;ENSG00000112667;ENSG00000205309;ENSG00000187097;ENSG00000101347;ENSG00000125877;ENSG00000275074;ENSG00000188833;ENSG00000125458;ENSG00000165609;ENSG00000025708"
"REACTOME","REACTOME_RNA_POLYMERASE_III_TRANSCRIPTION_TERMINATION",0.0176178660049628,0.0987599463493709,0.171214318379654,0.620064555173452,1.5945190973502,23,"ENSG00000008441;ENSG00000141905;ENSG00000161980;ENSG00000121851;ENSG00000100413;ENSG00000163882;ENSG00000168495;ENSG00000241258;ENSG00000113356;ENSG00000171453;ENSG00000100142;ENSG00000013503;ENSG00000186184;ENSG00000148606;ENSG00000186141;ENSG00000177700;ENSG00000138385"
"REACTOME","REACTOME_ANTIGEN_PRESENTATION_FOLDING_ASSEMBLY_AND_PEPTIDE_LOADING_OF_CLASS_I_MHC",0.017625712804562,0.0987599463493709,0.175004015942342,0.577669704840567,1.56928672493646,29,"ENSG00000044574;ENSG00000179218;ENSG00000127022;ENSG00000204267;ENSG00000164308;ENSG00000168394;ENSG00000185825;ENSG00000167004;ENSG00000206503;ENSG00000231925;ENSG00000164307;ENSG00000204592;ENSG00000204642;ENSG00000196455"
"REACTOME","REACTOME_SARS_COV_2_MODULATES_HOST_TRANSLATION_MACHINERY",0.0181138585393905,0.10109394568229,0.181914998907505,0.493941932263625,1.48906504185323,50,"ENSG00000046647;ENSG00000171858;ENSG00000168028;ENSG00000112306;ENSG00000110700;ENSG00000137154;ENSG00000149806;ENSG00000142937;ENSG00000092208;ENSG00000231500;ENSG00000152147;ENSG00000125835;ENSG00000118181;ENSG00000198034;ENSG00000143977;ENSG00000140988;ENSG00000197728;ENSG00000149273;ENSG00000186468;ENSG00000164587;ENSG00000171863;ENSG00000138326;ENSG00000145425;ENSG00000213741;ENSG00000124614;ENSG00000134419;ENSG00000139343;ENSG00000100028;ENSG00000205571;ENSG00000233927;ENSG00000143947;ENSG00000182004"
"REACTOME","REACTOME_SIGNALING_BY_PDGF",0.01847365233192,0.102696051545949,0.130086070372915,-0.536449001372445,-1.48693230159508,56,"ENSG00000142173;ENSG00000170962;ENSG00000049089;ENSG00000139219;ENSG00000145675;ENSG00000188153;ENSG00000142156;ENSG00000166888;ENSG00000134853;ENSG00000179295;ENSG00000130635;ENSG00000124181;ENSG00000115415;ENSG00000113721;ENSG00000140564;ENSG00000145431;ENSG00000118785;ENSG00000197461;ENSG00000092758;ENSG00000137801;ENSG00000081052;ENSG00000145715;ENSG00000186340"
"REACTOME","REACTOME_REGULATION_OF_COMMISSURAL_AXON_PATHFINDING_BY_SLIT_AND_ROBO",0.0193105937556398,0.106509993683451,0.139050712469267,-0.799762742004642,-1.56900527024194,10,"ENSG00000187122;ENSG00000145147;ENSG00000184613;ENSG00000185008;ENSG00000187323;ENSG00000065320"
"REACTOME","REACTOME_IRE1ALPHA_ACTIVATES_CHAPERONES",0.0192639447958597,0.106509993683451,0.17632375173773,0.493158184737444,1.48670231262001,50,"ENSG00000143870;ENSG00000044574;ENSG00000090520;ENSG00000013573;ENSG00000074842;ENSG00000149428;ENSG00000138073;ENSG00000157014;ENSG00000162298;ENSG00000154832;ENSG00000160691;ENSG00000143321;ENSG00000174851;ENSG00000166340;ENSG00000144867;ENSG00000134109;ENSG00000159720;ENSG00000065485"
"REACTOME","REACTOME_HIGHLY_CALCIUM_PERMEABLE_POSTSYNAPTIC_NICOTINIC_ACETYLCHOLINE_RECEPTORS",0.0194910665944775,0.106522720695949,0.138395468894856,-0.799584313296547,-1.56865522194804,10,"ENSG00000080644;ENSG00000138435;ENSG00000117971;ENSG00000175344;ENSG00000101204"
"REACTOME","REACTOME_MYOGENESIS",0.0194848084544254,0.106522720695949,0.132308522605383,-0.653516298360618,-1.56000831998486,25,"ENSG00000179242;ENSG00000071564;ENSG00000188130;ENSG00000066032;ENSG00000068305;ENSG00000196628;ENSG00000140299;ENSG00000064309;ENSG00000044115;ENSG00000185386;ENSG00000008294;ENSG00000116604;ENSG00000097007"
"REACTOME","REACTOME_CELL_DEATH_SIGNALLING_VIA_NRAGE_NRIF_AND_NADE",0.0195392242636337,0.106522720695949,0.124026527381656,-0.501453354660552,-1.45094033365695,74,"ENSG00000124126;ENSG00000090924;ENSG00000154358;ENSG00000116584;ENSG00000113319;ENSG00000110237;ENSG00000134215;ENSG00000136002;ENSG00000171680;ENSG00000139132;ENSG00000138613;ENSG00000143801;ENSG00000146426;ENSG00000076928;ENSG00000205155;ENSG00000205726;ENSG00000100485;ENSG00000130762;ENSG00000102606;ENSG00000165801;ENSG00000236699;ENSG00000170776;ENSG00000163947;ENSG00000038382;ENSG00000166681"
"REACTOME","REACTOME_ALPHA_LINOLENIC_OMEGA3_AND_LINOLEIC_OMEGA6_ACID_METABOLISM",0.0196713723675075,0.106830683780464,0.15627914647544,0.71979933282523,1.59585720370175,13,"ENSG00000149485;ENSG00000134824;ENSG00000066322;ENSG00000133835;ENSG00000012660;ENSG00000101473;ENSG00000116171;ENSG00000197977;ENSG00000161533;ENSG00000119915"
"REACTOME","REACTOME_MITOCHONDRIAL_UNFOLDED_PROTEIN_RESPONSE_UPRMT",0.0201804368471035,0.109175390146016,0.15627914647544,0.683236225547153,1.59906149215681,16,"ENSG00000142208;ENSG00000115317;ENSG00000121691;ENSG00000204388;ENSG00000142082;ENSG00000169136;ENSG00000185122"
"REACTOME","REACTOME_RECEPTOR_TYPE_TYROSINE_PROTEIN_PHOSPHATASES",0.0203488372093023,0.109666252440973,0.131742417142485,-0.703129886001449,-1.57285394760062,18,"ENSG00000105426;ENSG00000153707;ENSG00000131409;ENSG00000177380;ENSG00000140538;ENSG00000184564"
"REACTOME","REACTOME_RUNX2_REGULATES_BONE_DEVELOPMENT",0.0213869086195723,0.114822490383407,0.124978791119589,-0.620452970298712,-1.53344633298645,30,"ENSG00000119042;ENSG00000170365;ENSG00000114315;ENSG00000137834;ENSG00000178573;ENSG00000068024;ENSG00000108821;ENSG00000074047;ENSG00000164683;ENSG00000097007;ENSG00000176105;ENSG00000242252;ENSG00000139687"
"REACTOME","REACTOME_NEGATIVE_REGULATION_OF_NMDA_RECEPTOR_MEDIATED_NEURONAL_TRANSMISSION",0.0216362407031778,0.115721105579118,0.126949802769892,-0.674889219277062,-1.55390071508571,21,"ENSG00000183454;ENSG00000077522;ENSG00000150672;ENSG00000277586;ENSG00000132535;ENSG00000145349;ENSG00000176884;ENSG00000152495"
"REACTOME","REACTOME_AFLATOXIN_ACTIVATION_AND_DETOXIFICATION",0.0222378277153558,0.117181565033981,0.147704896905467,0.687630012621061,1.58282977084227,15,"ENSG00000243989;ENSG00000085871;ENSG00000132744;ENSG00000160868;ENSG00000143198;ENSG00000131067;ENSG00000053371"
"REACTOME","REACTOME_NUCLEOTIDE_BIOSYNTHESIS",0.0226371061843641,0.117181565033981,0.146151534304949,0.700143438930091,1.58089341453159,14,"ENSG00000178035;ENSG00000159131;ENSG00000106348;ENSG00000128050;ENSG00000163655;ENSG00000239900;ENSG00000102967;ENSG00000114491;ENSG00000084774;ENSG00000178921"
"REACTOME","REACTOME_CHK1_CHK2_CDS1_MEDIATED_INACTIVATION_OF_CYCLIN_B_CDK1_COMPLEX",0.0227059925093633,0.117181565033981,0.146151534304949,0.686547885016054,1.58033886183944,15,"ENSG00000133101;ENSG00000128245;ENSG00000183765;ENSG00000145386;ENSG00000149554;ENSG00000164924;ENSG00000134057;ENSG00000166483;ENSG00000170312;ENSG00000166913;ENSG00000108953"
"REACTOME","REACTOME_DEFECTIVE_EXT2_CAUSES_EXOSTOSES_2",0.0227391988805317,0.117181565033981,0.125952931638622,-0.737541213565349,-1.55997459940129,14,"ENSG00000076716;ENSG00000183098;ENSG00000142798;ENSG00000147257;ENSG00000115884;ENSG00000063660;ENSG00000162512;ENSG00000169439;ENSG00000188157;ENSG00000179399"
"REACTOME","REACTOME_DEVELOPMENTAL_LINEAGE_OF_PANCREATIC_ACINAR_CELLS",0.0226570545829042,0.117181565033981,0.1535535368591,0.584364657908636,1.55586144108321,27,"ENSG00000163623;ENSG00000164266;ENSG00000091704"
"REACTOME","REACTOME_GLUCONEOGENESIS",0.022567703109328,0.117181565033981,0.151812881287453,0.597719782305029,1.55107239570666,24,"ENSG00000160190;ENSG00000111669;ENSG00000109107;ENSG00000100889;ENSG00000102144;ENSG00000171314;ENSG00000141349;ENSG00000074800;ENSG00000165140;ENSG00000111640;ENSG00000170950"
"REACTOME","REACTOME_TRANSCRIPTIONAL_REGULATION_OF_PLURIPOTENT_STEM_CELLS",0.0224476222148321,0.117181565033981,0.123558344666082,-0.651177173931466,-1.54002360104063,24,"ENSG00000103449;ENSG00000124440;ENSG00000181449;ENSG00000138685;ENSG00000152804;ENSG00000101115;ENSG00000165556;ENSG00000185630;ENSG00000148200;ENSG00000116016;ENSG00000130182"
"REACTOME","REACTOME_TGF_BETA_RECEPTOR_SIGNALING_ACTIVATES_SMADS",0.0220406905055487,0.117181565033981,0.119991298354729,-0.552590511944105,-1.48475167985416,47,"ENSG00000168056;ENSG00000138448;ENSG00000092969;ENSG00000105329;ENSG00000095739;ENSG00000157077;ENSG00000166147;ENSG00000087074;ENSG00000106799;ENSG00000101665;ENSG00000119681;ENSG00000186298;ENSG00000150093;ENSG00000140564;ENSG00000049323;ENSG00000108854;ENSG00000130725;ENSG00000090006;ENSG00000213639"
"REACTOME","REACTOME_PROTEASOME_ASSEMBLY",0.0224460431654676,0.117181565033981,0.16324176812788,0.485920000580705,1.47153032422141,51,"ENSG00000204264;ENSG00000161057;ENSG00000128789;ENSG00000127922;ENSG00000092010;ENSG00000157778;ENSG00000183527;ENSG00000131467;ENSG00000100911;ENSG00000126067;ENSG00000130706;ENSG00000101182;ENSG00000165916;ENSG00000100764;ENSG00000180822;ENSG00000115233;ENSG00000100567;ENSG00000175575;ENSG00000100902;ENSG00000240065;ENSG00000103035;ENSG00000205220;ENSG00000277791;ENSG00000129084;ENSG00000175166;ENSG00000101843;ENSG00000159352;ENSG00000159377;ENSG00000087191"
"REACTOME","REACTOME_DISEASES_OF_PROGRAMMED_CELL_DEATH",0.0225459590704128,0.117181565033981,0.179054499269993,0.405952109485419,1.36225419904376,97,"ENSG00000101868;ENSG00000102054;ENSG00000106462;ENSG00000198056;ENSG00000164045;ENSG00000117450;ENSG00000014138;ENSG00000101224;ENSG00000164885;ENSG00000113368;ENSG00000177606;ENSG00000130816;ENSG00000074266;ENSG00000146143;ENSG00000246705;ENSG00000167815;ENSG00000184260;ENSG00000127191;ENSG00000273983;ENSG00000185130;ENSG00000147889;ENSG00000168404"
"REACTOME","REACTOME_BILE_ACID_AND_BILE_SALT_METABOLISM",0.0229853226253115,0.118019183807054,0.158177999589196,0.507303882433961,1.48206940191327,42,"ENSG00000140284;ENSG00000198610;ENSG00000083807;ENSG00000196139;ENSG00000168306;ENSG00000133835;ENSG00000036530;ENSG00000070882;ENSG00000242110;ENSG00000170231;ENSG00000101473"
"REACTOME","REACTOME_TRNA_MODIFICATION_IN_THE_MITOCHONDRION",0.0236380009004953,0.11930640934584,0.140389202001749,0.737413426837672,1.56753111272265,11,"ENSG00000130299;ENSG00000100890;ENSG00000100416;ENSG00000196449;ENSG00000171103;ENSG00000043514"
"REACTOME","REACTOME_NOREPINEPHRINE_NEUROTRANSMITTER_RELEASE_CYCLE",0.0236584947711298,0.11930640934584,0.122184433304052,-0.704852376693806,-1.55984312233515,17,"ENSG00000165646;ENSG00000177380;ENSG00000136854;ENSG00000105649;ENSG00000168993;ENSG00000005379;ENSG00000132639;ENSG00000220205;ENSG00000189221;ENSG00000139220;ENSG00000131626"
"REACTOME","REACTOME_ALK_MUTANTS_BIND_TKIS",0.0234167110164981,0.11930640934584,0.124978791119589,-0.760874068382837,-1.55699924671695,12,"ENSG00000115414;ENSG00000143924;ENSG00000108946;ENSG00000119866;ENSG00000127946;ENSG00000171094;ENSG00000141367"
"REACTOME","REACTOME_MITOCHONDRIAL_CALCIUM_ION_TRANSPORT",0.0235732009925558,0.11930640934584,0.147704896905467,0.603489191726807,1.55189493291332,23,"ENSG00000121057;ENSG00000213585;ENSG00000105819;ENSG00000183172;ENSG00000078668;ENSG00000141385;ENSG00000215021;ENSG00000167085;ENSG00000165283;ENSG00000168924"
"REACTOME","REACTOME_RHO_GTPASE_EFFECTORS",0.0235732009925558,0.11930640934584,0.235141995561108,0.31501565323498,1.21491922690506,312,"ENSG00000241685;ENSG00000130429;ENSG00000163932;ENSG00000065534;ENSG00000106299;ENSG00000162704;ENSG00000125450;ENSG00000075188;ENSG00000161888;ENSG00000100401;ENSG00000188312;ENSG00000153044;ENSG00000188229;ENSG00000066027;ENSG00000128245;ENSG00000142856;ENSG00000107077;ENSG00000143878;ENSG00000112640;ENSG00000117399;ENSG00000198668;ENSG00000149636;ENSG00000100162;ENSG00000131504;ENSG00000154839;ENSG00000115163;ENSG00000102882;ENSG00000184009;ENSG00000108518;ENSG00000075624;ENSG00000086827;ENSG00000123219;ENSG00000154473;ENSG00000241553;ENSG00000123143;ENSG00000114993;ENSG00000166851;ENSG00000067560;ENSG00000101162;ENSG00000138778;ENSG00000134690;ENSG00000102384;ENSG00000100345;ENSG00000154001;ENSG00000122952;ENSG00000015285;ENSG00000178999;ENSG00000246705;ENSG00000176014;ENSG00000040275;ENSG00000179051;ENSG00000164924;ENSG00000175279;ENSG00000184260;ENSG00000183856;ENSG00000167553;ENSG00000149503;ENSG00000133895;ENSG00000144635;ENSG00000266028;ENSG00000273983;ENSG00000185130;ENSG00000085415;ENSG00000182541;ENSG00000137812;ENSG00000123416;ENSG00000067606;ENSG00000112062;ENSG00000142945;ENSG00000172757;ENSG00000169679;ENSG00000089685;ENSG00000105968;ENSG00000149269;ENSG00000258947;ENSG00000151725;ENSG00000124635;ENSG00000127445;ENSG00000115091;ENSG00000088986;ENSG00000111581;ENSG00000177105;ENSG00000110713;ENSG00000004487;ENSG00000158406;ENSG00000072864;ENSG00000278828;ENSG00000080986;ENSG00000166451;ENSG00000090273;ENSG00000182628;ENSG00000174996;ENSG00000070087;ENSG00000120253;ENSG00000147202;ENSG00000196455;ENSG00000274641;ENSG00000120334;ENSG00000051523;ENSG00000177885;ENSG00000004975;ENSG00000278463;ENSG00000275713;ENSG00000166913;ENSG00000158195;ENSG00000143228;ENSG00000188486;ENSG00000108953;ENSG00000270276;ENSG00000164109;ENSG00000261456"
"REACTOME","REACTOME_TRIGLYCERIDE_BIOSYNTHESIS",0.0245040840140023,0.123130842091713,0.140389202001749,0.696429909963726,1.57250842774007,14,"ENSG00000062282;ENSG00000198814;ENSG00000134324;ENSG00000185000;ENSG00000132793"
"REACTOME","REACTOME_METABOLISM_OF_FOLATE_AND_PTERINES",0.0247061645478532,0.123706043764428,0.141766537975907,0.660019003983705,1.56999166478443,17,"ENSG00000100714;ENSG00000228716;ENSG00000076351;ENSG00000182199;ENSG00000163738;ENSG00000136010;ENSG00000178700;ENSG00000176974;ENSG00000136877;ENSG00000173638"
"REACTOME","REACTOME_G_ALPHA_Q_SIGNALLING_EVENTS",0.0250160359204618,0.124814991942375,0.102435227350191,-0.410252801734752,-1.32661017037621,190,"ENSG00000117152;ENSG00000126266;ENSG00000139679;ENSG00000215644;ENSG00000176533;ENSG00000181104;ENSG00000071242;ENSG00000133019;ENSG00000116014;ENSG00000145675;ENSG00000123104;ENSG00000077044;ENSG00000065675;ENSG00000152822;ENSG00000091844;ENSG00000171700;ENSG00000154229;ENSG00000116741;ENSG00000133636;ENSG00000171517;ENSG00000172380;ENSG00000168398;ENSG00000172575;ENSG00000169836;ENSG00000164251;ENSG00000156052;ENSG00000036828;ENSG00000142192;ENSG00000177464;ENSG00000274588;ENSG00000113070;ENSG00000157680;ENSG00000118260;ENSG00000146648;ENSG00000101333;ENSG00000187094;ENSG00000038382;ENSG00000056291;ENSG00000156049;ENSG00000006638;ENSG00000185897;ENSG00000119714;ENSG00000180210;ENSG00000150995"
"REACTOME","REACTOME_INTEGRATION_OF_ENERGY_METABOLISM",0.0252018936229463,0.12529955561831,0.10640946434982,-0.455727097513912,-1.38274022055593,105,"ENSG00000087460;ENSG00000254647;ENSG00000126266;ENSG00000158445;ENSG00000215644;ENSG00000129990;ENSG00000118046;ENSG00000121281;ENSG00000176533;ENSG00000133019;ENSG00000155897;ENSG00000141837;ENSG00000123104;ENSG00000105568;ENSG00000006071;ENSG00000112164;ENSG00000154229;ENSG00000136854;ENSG00000173175;ENSG00000172380;ENSG00000108946;ENSG00000156052;ENSG00000165995;ENSG00000123983;ENSG00000104695"
"REACTOME","REACTOME_PYRUVATE_METABOLISM",0.0254431103487707,0.125614237106518,0.152675855527469,0.490403199045059,1.46572004639456,48,"ENSG00000100577;ENSG00000131828;ENSG00000134333;ENSG00000180185;ENSG00000213585;ENSG00000124767;ENSG00000005882;ENSG00000167701;ENSG00000143627;ENSG00000143158;ENSG00000082212;ENSG00000091140;ENSG00000170315;ENSG00000145916;ENSG00000111716;ENSG00000063854;ENSG00000067992;ENSG00000247077"
"REACTOME","REACTOME_EPIGENETIC_REGULATION_OF_GENE_EXPRESSION",0.0254146283259754,0.125614237106518,0.0979108420486795,-0.379333693817605,-1.27801594064961,310,"ENSG00000198093;ENSG00000196724;ENSG00000083844;ENSG00000004799;ENSG00000130844;ENSG00000175445;ENSG00000110987;ENSG00000273604;ENSG00000170100;ENSG00000104884;ENSG00000272333;ENSG00000115524;ENSG00000152433;ENSG00000057935;ENSG00000071655;ENSG00000082014;ENSG00000076053;ENSG00000011332;ENSG00000196417;ENSG00000267680;ENSG00000198538;ENSG00000175221;ENSG00000161298;ENSG00000130726;ENSG00000099817;ENSG00000168661;ENSG00000184635;ENSG00000124151;ENSG00000197134;ENSG00000096717;ENSG00000168769;ENSG00000145284;ENSG00000117877;ENSG00000088305;ENSG00000164576;ENSG00000175322;ENSG00000008083;ENSG00000187605;ENSG00000076108;ENSG00000119772;ENSG00000033030;ENSG00000170004;ENSG00000132964;ENSG00000171681;ENSG00000132475;ENSG00000143614;ENSG00000127511;ENSG00000054267;ENSG00000079435;ENSG00000184678;ENSG00000129292;ENSG00000274750;ENSG00000108510;ENSG00000038219;ENSG00000111707;ENSG00000120071;ENSG00000163872;ENSG00000196498;ENSG00000073584;ENSG00000205683;ENSG00000141380;ENSG00000169375;ENSG00000049618;ENSG00000173041;ENSG00000042429;ENSG00000112282;ENSG00000011243;ENSG00000133422;ENSG00000133884;ENSG00000139372;ENSG00000270882;ENSG00000177565;ENSG00000103168;ENSG00000139289;ENSG00000083812;ENSG00000036549;ENSG00000097007;ENSG00000112511;ENSG00000167554;ENSG00000155846;ENSG00000196890;ENSG00000147872;ENSG00000005339;ENSG00000082701;ENSG00000164091;ENSG00000125686;ENSG00000273802;ENSG00000111727;ENSG00000189180;ENSG00000139718;ENSG00000184402;ENSG00000225830;ENSG00000196646;ENSG00000187690;ENSG00000084676;ENSG00000147050;ENSG00000025293"
"REACTOME","REACTOME_DIGESTION_AND_ABSORPTION",0.0257352941176471,0.12661406025825,0.140389202001749,0.60891723887235,1.55141329279469,22,"ENSG00000257335;ENSG00000087842;ENSG00000070019;ENSG00000100170;ENSG00000163581"
"REACTOME","REACTOME_ANTIGEN_PROCESSING_UB_ATP_INDEPENDENT_PROTEASOMAL_DEGRADATION",0.0259552992069214,0.127253064167267,0.138395468894856,0.635129497473925,1.5624191568166,19,"ENSG00000204264;ENSG00000092010;ENSG00000100911;ENSG00000126067;ENSG00000101182;ENSG00000100567;ENSG00000100902;ENSG00000240065;ENSG00000205220;ENSG00000277791;ENSG00000129084"
"REACTOME","REACTOME_KETONE_BODY_METABOLISM",0.0266756332660838,0.129882738523139,0.131742417142485,0.754306922600153,1.563164116685,10,"ENSG00000146151;ENSG00000161267;ENSG00000198754;ENSG00000075239;ENSG00000117305;ENSG00000083720"
"REACTOME","REACTOME_MUSCLE_CONTRACTION",0.0266461696131181,0.129882738523139,0.0991087684263433,-0.407548595384471,-1.31875209722612,191,"ENSG00000153253;ENSG00000118160;ENSG00000077522;ENSG00000124780;ENSG00000152402;ENSG00000104936;ENSG00000061918;ENSG00000140416;ENSG00000164116;ENSG00000186439;ENSG00000111275;ENSG00000137731;ENSG00000105409;ENSG00000123104;ENSG00000136842;ENSG00000168135;ENSG00000161958;ENSG00000171303;ENSG00000006283;ENSG00000135750;ENSG00000143153;ENSG00000198363;ENSG00000129244;ENSG00000102466;ENSG00000105048;ENSG00000145349;ENSG00000137726;ENSG00000198467;ENSG00000171385;ENSG00000196557;ENSG00000165995;ENSG00000105605;ENSG00000168356;ENSG00000100346;ENSG00000070961;ENSG00000120896;ENSG00000105711"
"REACTOME","REACTOME_TRNA_PROCESSING_IN_THE_NUCLEUS",0.0268595041322314,0.130328590497288,0.150964206987421,0.456722579589489,1.42139102371319,59,"ENSG00000160917;ENSG00000155561;ENSG00000172336;ENSG00000125450;ENSG00000075188;ENSG00000113569;ENSG00000101811;ENSG00000132341;ENSG00000148688;ENSG00000172409;ENSG00000182173;ENSG00000095319;ENSG00000058804;ENSG00000085415;ENSG00000108559;ENSG00000152464;ENSG00000006744;ENSG00000072756;ENSG00000104356;ENSG00000138750;ENSG00000241370;ENSG00000111581;ENSG00000110713;ENSG00000102900;ENSG00000167272;ENSG00000120253;ENSG00000093000;ENSG00000100220;ENSG00000154743;ENSG00000101146;ENSG00000094914;ENSG00000163684;ENSG00000087302;ENSG00000071894;ENSG00000126883;ENSG00000157020;ENSG00000277209;ENSG00000124789;ENSG00000136243"
"REACTOME","REACTOME_RAC1_GTPASE_CYCLE",0.0273033126293996,0.132028347372302,0.0983849253696529,-0.412146659274714,-1.32415595789632,178,"ENSG00000124126;ENSG00000090924;ENSG00000147459;ENSG00000166398;ENSG00000135090;ENSG00000113319;ENSG00000147251;ENSG00000092531;ENSG00000132970;ENSG00000160007;ENSG00000134215;ENSG00000145675;ENSG00000076706;ENSG00000128656;ENSG00000135905;ENSG00000088387;ENSG00000061676;ENSG00000139211;ENSG00000136002;ENSG00000120278;ENSG00000165895;ENSG00000139436;ENSG00000138443;ENSG00000152767;ENSG00000006607;ENSG00000101384;ENSG00000275832;ENSG00000073712;ENSG00000146426;ENSG00000139641;ENSG00000128512;ENSG00000150760;ENSG00000100485;ENSG00000150093;ENSG00000116641;ENSG00000102606;ENSG00000130669;ENSG00000031081;ENSG00000134909;ENSG00000143322;ENSG00000273749;ENSG00000097096;ENSG00000038382;ENSG00000196155;ENSG00000142627;ENSG00000003393;ENSG00000129219"
"REACTOME","REACTOME_DOPAMINE_NEUROTRANSMITTER_RELEASE_CYCLE",0.0274614869390489,0.132339998491253,0.111901382188671,-0.650864010345721,-1.52566933812798,23,"ENSG00000165646;ENSG00000177380;ENSG00000104863;ENSG00000136854;ENSG00000105649;ENSG00000168993;ENSG00000005379;ENSG00000132639;ENSG00000220205;ENSG00000139220;ENSG00000131626;ENSG00000107282;ENSG00000148943"
"REACTOME","REACTOME_INTERACTIONS_OF_VPR_WITH_HOST_CELLULAR_PROTEINS",0.0278004905968929,0.133518002458547,0.142470368773132,0.519899839560623,1.47648316881013,37,"ENSG00000005022;ENSG00000155561;ENSG00000125450;ENSG00000075188;ENSG00000137309;ENSG00000169100;ENSG00000113569;ENSG00000151729;ENSG00000175334;ENSG00000095319;ENSG00000058804;ENSG00000085415;ENSG00000108559;ENSG00000164985;ENSG00000138750;ENSG00000111581;ENSG00000110713;ENSG00000102900;ENSG00000120253;ENSG00000093000;ENSG00000101146;ENSG00000094914"
"REACTOME","REACTOME_CELLULAR_RESPONSES_TO_MECHANICAL_STIMULI",0.0282343025705858,0.135141814337855,0.100860025098152,-0.457135082537077,-1.37442898478779,97,"ENSG00000087460;ENSG00000115414;ENSG00000138448;ENSG00000121281;ENSG00000176533;ENSG00000155897;ENSG00000105568;ENSG00000113448;ENSG00000126247;ENSG00000142798;ENSG00000173175;ENSG00000172380;ENSG00000108946;ENSG00000156052;ENSG00000196557;ENSG00000165995;ENSG00000162909;ENSG00000010810;ENSG00000105605;ENSG00000115415;ENSG00000150093;ENSG00000131477;ENSG00000152661;ENSG00000110218;ENSG00000137713;ENSG00000169398;ENSG00000164327;ENSG00000118785"
"REACTOME","REACTOME_LANOSTEROL_BIOSYNTHESIS",0.0284714119019837,0.135556722178474,0.130086070372915,0.689023886681212,1.55578594948178,14,"ENSG00000112972;ENSG00000160752;ENSG00000163344;ENSG00000120437;ENSG00000167508;ENSG00000067064;ENSG00000205808;ENSG00000152904;ENSG00000110921;ENSG00000104549"
"REACTOME","REACTOME_INTRACELLULAR_SIGNALING_BY_SECOND_MESSENGERS",0.0285129932627526,0.135556722178474,0.0926961428741135,-0.38073503815027,-1.27663894285012,288,"ENSG00000254647;ENSG00000157168;ENSG00000185737;ENSG00000140538;ENSG00000121281;ENSG00000204673;ENSG00000099341;ENSG00000105221;ENSG00000118515;ENSG00000156427;ENSG00000155897;ENSG00000169914;ENSG00000061273;ENSG00000057935;ENSG00000145675;ENSG00000123104;ENSG00000105568;ENSG00000071655;ENSG00000105723;ENSG00000078687;ENSG00000013275;ENSG00000178568;ENSG00000107854;ENSG00000077782;ENSG00000154678;ENSG00000154229;ENSG00000173175;ENSG00000134853;ENSG00000117020;ENSG00000108946;ENSG00000111752;ENSG00000126583;ENSG00000179295;ENSG00000145349;ENSG00000123358;ENSG00000138685;ENSG00000185950;ENSG00000010810;ENSG00000169047;ENSG00000115966;ENSG00000141570;ENSG00000104695;ENSG00000124181;ENSG00000134962;ENSG00000140464;ENSG00000113070;ENSG00000113721;ENSG00000152495;ENSG00000118260;ENSG00000160867;ENSG00000170004;ENSG00000118518;ENSG00000158815;ENSG00000173273;ENSG00000146648;ENSG00000090905;ENSG00000143614;ENSG00000137713;ENSG00000126070;ENSG00000166225;ENSG00000276293;ENSG00000109458;ENSG00000101115;ENSG00000134698;ENSG00000164327;ENSG00000041357;ENSG00000187555;ENSG00000173692;ENSG00000101966;ENSG00000171862;ENSG00000123360;ENSG00000120738;ENSG00000066468;ENSG00000092847;ENSG00000173889;ENSG00000150995;ENSG00000121481;ENSG00000141506;ENSG00000197461;ENSG00000070193;ENSG00000025039;ENSG00000150907;ENSG00000168283;ENSG00000182866;ENSG00000100354;ENSG00000078295;ENSG00000004660;ENSG00000083750;ENSG00000082701;ENSG00000005249;ENSG00000143398;ENSG00000078304"
"REACTOME","REACTOME_NUCLEAR_ENVELOPE_NE_REASSEMBLY",0.0287815797889351,0.136374465308645,0.151812881287453,0.428452865211625,1.38619393382806,76,"ENSG00000155561;ENSG00000125450;ENSG00000075188;ENSG00000143815;ENSG00000100401;ENSG00000180198;ENSG00000188229;ENSG00000113368;ENSG00000108424;ENSG00000100749;ENSG00000113569;ENSG00000101162;ENSG00000132341;ENSG00000157456;ENSG00000175334;ENSG00000176014;ENSG00000254505;ENSG00000167553;ENSG00000095319;ENSG00000058804;ENSG00000134057;ENSG00000085415;ENSG00000123416;ENSG00000132612;ENSG00000161904;ENSG00000138750;ENSG00000258947;ENSG00000120802;ENSG00000111581;ENSG00000110713;ENSG00000102900;ENSG00000103275;ENSG00000170312;ENSG00000164695;ENSG00000120253;ENSG00000102119"
"REACTOME","REACTOME_DEFECTIVE_PYROPTOSIS",0.0293935643564356,0.138475642255623,0.147704896905467,0.4421304777506,1.39837862466288,67,"ENSG00000101868;ENSG00000102054;ENSG00000106462;ENSG00000198056;ENSG00000014138;ENSG00000130816;ENSG00000074266;ENSG00000146143;ENSG00000246705;ENSG00000184260;ENSG00000273983;ENSG00000185130;ENSG00000105968;ENSG00000124635;ENSG00000158406;ENSG00000278828;ENSG00000274641;ENSG00000278463;ENSG00000275713;ENSG00000188486;ENSG00000270276"
"REACTOME","REACTOME_PKR_MEDIATED_SIGNALING",0.0294211704509114,0.138475642255623,0.150129441088022,0.425230498087087,1.37576845620079,76,"ENSG00000169689;ENSG00000221829;ENSG00000112039;ENSG00000130741;ENSG00000187741;ENSG00000167264;ENSG00000126803;ENSG00000138646;ENSG00000188229;ENSG00000066027;ENSG00000104365;ENSG00000121060;ENSG00000181544;ENSG00000101162;ENSG00000134001;ENSG00000176014;ENSG00000125977;ENSG00000175279;ENSG00000088888;ENSG00000167553;ENSG00000108984;ENSG00000204388;ENSG00000158169;ENSG00000143621;ENSG00000176170;ENSG00000269335;ENSG00000123416;ENSG00000258947;ENSG00000204390;ENSG00000139546;ENSG00000115392;ENSG00000103275;ENSG00000055332;ENSG00000170312"
"REACTOME","REACTOME_TETRAHYDROBIOPTERIN_BH4_SYNTHESIS_RECYCLING_SALVAGE_AND_REGULATION",0.0295897780766644,0.138806533701828,0.124978791119589,0.749288341550348,1.55276401882207,10,"ENSG00000137880;ENSG00000228716;ENSG00000142208;ENSG00000138669;ENSG00000198668;ENSG00000116096;ENSG00000080824"
"REACTOME","REACTOME_PI3K_AKT_SIGNALING_IN_CANCER",0.0302481182046278,0.141424976506406,0.0969823177419894,-0.451763046996821,-1.36575909228289,101,"ENSG00000157168;ENSG00000185737;ENSG00000140538;ENSG00000204673;ENSG00000105221;ENSG00000156427;ENSG00000145675;ENSG00000105723;ENSG00000178568;ENSG00000077782;ENSG00000134853;ENSG00000117020;ENSG00000179295;ENSG00000123358;ENSG00000138685;ENSG00000185950;ENSG00000010810;ENSG00000169047;ENSG00000134962;ENSG00000113070;ENSG00000113721;ENSG00000118260;ENSG00000160867;ENSG00000158815;ENSG00000146648;ENSG00000166225;ENSG00000109458;ENSG00000164327;ENSG00000171862;ENSG00000066468;ENSG00000141506;ENSG00000197461;ENSG00000070193;ENSG00000150907;ENSG00000182866"
"REACTOME","REACTOME_TRAFFICKING_OF_GLUR2_CONTAINING_AMPA_RECEPTORS",0.0305160294873993,0.142206711670653,0.10732131625112,-0.691735131634553,-1.53081456945485,17,"ENSG00000152578;ENSG00000154229;ENSG00000126583;ENSG00000120251;ENSG00000042753;ENSG00000183020;ENSG00000073969;ENSG00000196961"
"REACTOME","REACTOME_AMPK_INDUCED_ERAD_AND_LYSOSOME_MEDIATED_DEGRADATION_OF_PD_L1_CD274",0.0306569343065693,0.142393392239723,0.140389202001749,0.463087137700334,1.41780679367677,54,"ENSG00000099958;ENSG00000106617;ENSG00000161057;ENSG00000127922;ENSG00000165280;ENSG00000204308;ENSG00000162409;ENSG00000181929;ENSG00000170315;ENSG00000107566;ENSG00000126067;ENSG00000130706;ENSG00000101182;ENSG00000165916;ENSG00000100764;ENSG00000115233;ENSG00000071537;ENSG00000135506;ENSG00000100567;ENSG00000221983;ENSG00000100902;ENSG00000143947;ENSG00000103035;ENSG00000147475;ENSG00000277791;ENSG00000129084;ENSG00000175166;ENSG00000131791"
"REACTOME","REACTOME_VITAMIN_B5_PANTOTHENATE_METABOLISM",0.0308402136959689,0.142775022094125,0.12745704201113,0.619384439933862,1.54290990401513,20,"ENSG00000152782;ENSG00000169710;ENSG00000068120;ENSG00000138074;ENSG00000136960;ENSG00000120509;ENSG00000127125;ENSG00000181035;ENSG00000138621;ENSG00000197594;ENSG00000125779"
"REACTOME","REACTOME_ABC_TRANSPORTER_DISORDERS",0.0321100917431193,0.148168135755831,0.140389202001749,0.442568095665178,1.39457463929574,65,"ENSG00000099958;ENSG00000091262;ENSG00000005471;ENSG00000161057;ENSG00000168216;ENSG00000167972;ENSG00000127922;ENSG00000115657;ENSG00000165280;ENSG00000204308;ENSG00000170315;ENSG00000107566;ENSG00000126067;ENSG00000130706;ENSG00000101182;ENSG00000165916;ENSG00000118137;ENSG00000100764;ENSG00000115233;ENSG00000071537;ENSG00000135506;ENSG00000100567;ENSG00000221983;ENSG00000100902;ENSG00000143947;ENSG00000103035;ENSG00000147475;ENSG00000277791;ENSG00000129084;ENSG00000175166"
"REACTOME","REACTOME_UREA_CYCLE",0.0329896907216495,0.150749007440029,0.119566417816168,0.703154064992737,1.52769859764451,12,"ENSG00000130707;ENSG00000153406;ENSG00000102743;ENSG00000036473"
"REACTOME","REACTOME_ANTI_INFLAMMATORY_RESPONSE_FAVOURING_LEISHMANIA_PARASITE_INFECTION",0.0328349457637057,0.150749007440029,0.0954173509538673,-0.486833916301295,-1.40204437823395,72,"ENSG00000087460;ENSG00000145632;ENSG00000254087;ENSG00000121281;ENSG00000176533;ENSG00000155897;ENSG00000123104;ENSG00000173175;ENSG00000172380;ENSG00000108946;ENSG00000010810;ENSG00000124181;ENSG00000118260;ENSG00000129667;ENSG00000140564;ENSG00000015413;ENSG00000151694;ENSG00000150995;ENSG00000111664;ENSG00000078295;ENSG00000078369;ENSG00000005249;ENSG00000127955;ENSG00000176105;ENSG00000101336;ENSG00000242616"
"REACTOME","REACTOME_SARS_COV_2_ACTIVATES_MODULATES_INNATE_AND_ADAPTIVE_IMMUNE_RESPONSES",0.0329308452250274,0.150749007440029,0.151812881287453,0.381964330516892,1.31177733111735,113,"ENSG00000155561;ENSG00000149476;ENSG00000184216;ENSG00000125450;ENSG00000075188;ENSG00000244687;ENSG00000185507;ENSG00000104365;ENSG00000121060;ENSG00000113569;ENSG00000111679;ENSG00000100324;ENSG00000080824;ENSG00000115267;ENSG00000106100;ENSG00000170315;ENSG00000088888;ENSG00000095319;ENSG00000058804;ENSG00000159110;ENSG00000096384;ENSG00000163702;ENSG00000206503;ENSG00000085415;ENSG00000108559;ENSG00000146833;ENSG00000269335;ENSG00000181481;ENSG00000138750;ENSG00000182481;ENSG00000221983;ENSG00000105397;ENSG00000204592;ENSG00000111581;ENSG00000143947;ENSG00000110713;ENSG00000102900;ENSG00000145907;ENSG00000157625;ENSG00000133661;ENSG00000120253;ENSG00000204642;ENSG00000196455;ENSG00000174125;ENSG00000093000"
"REACTOME","REACTOME_MEIOTIC_RECOMBINATION",0.0331723027375201,0.151094488597995,0.141766537975907,0.413090263056142,1.35185670533195,81,"ENSG00000123374;ENSG00000100206;ENSG00000106399;ENSG00000012048;ENSG00000117748;ENSG00000133863;ENSG00000051180;ENSG00000000460;ENSG00000246705;ENSG00000131470;ENSG00000101773;ENSG00000184260;ENSG00000121211;ENSG00000273983;ENSG00000185130;ENSG00000135446;ENSG00000132383;ENSG00000113522;ENSG00000139618;ENSG00000204410;ENSG00000057468;ENSG00000076242;ENSG00000105968;ENSG00000124635;ENSG00000158406;ENSG00000278828;ENSG00000274641;ENSG00000278463;ENSG00000275713;ENSG00000188486;ENSG00000270276;ENSG00000020922;ENSG00000273703;ENSG00000119684;ENSG00000277075"
"REACTOME","REACTOME_TIGHT_JUNCTION_INTERACTIONS",0.033470648815654,0.151963202982969,0.125952931638622,0.562359173913988,1.49727219620626,27,"ENSG00000181885;ENSG00000253958;ENSG00000163347;ENSG00000157224;ENSG00000213937;ENSG00000189143;ENSG00000165376;ENSG00000158769;ENSG00000102981;ENSG00000165215;ENSG00000072415;ENSG00000184697;ENSG00000013297"
"REACTOME","REACTOME_ENTEROBACTERIAL_FACTORS_ANTAGONIZE_HOST_DEFENSE",0.0340723453908985,0.154199204140861,0.118729771541953,0.677296543108488,1.52930611807409,14,"ENSG00000117226;ENSG00000198668;ENSG00000170315;ENSG00000196954;ENSG00000131508;ENSG00000117228;ENSG00000221983;ENSG00000143947"
"REACTOME","REACTOME_GENE_AND_PROTEIN_EXPRESSION_BY_JAK_STAT_SIGNALING_AFTER_INTERLEUKIN_12_STIMULATION",0.0344735435595938,0.155516432926985,0.126448470699906,0.523293762821749,1.46145928182813,34,"ENSG00000136167;ENSG00000110711;ENSG00000113368;ENSG00000169813;ENSG00000177156;ENSG00000148834;ENSG00000196262;ENSG00000099810;ENSG00000100911;ENSG00000120438;ENSG00000142168;ENSG00000006451;ENSG00000182718;ENSG00000116489;ENSG00000172757;ENSG00000089157"
"REACTOME","REACTOME_TRANSLATION_OF_SARS_COV_1_STRUCTURAL_PROTEINS",0.0347330222913427,0.156187985590369,0.124026527381656,0.540648618750925,1.46871593429886,29,"ENSG00000131446;ENSG00000127022;ENSG00000136840;ENSG00000178685;ENSG00000102699;ENSG00000130175;ENSG00000110080;ENSG00000138496;ENSG00000170315;ENSG00000089597;ENSG00000115275;ENSG00000173193;ENSG00000138617"
"REACTOME","REACTOME_SIGNALING_BY_WNT",0.0348448687350835,0.156193506837898,0.0832590466084807,-0.374808391516825,-1.26186182039261,306,"ENSG00000155760;ENSG00000139174;ENSG00000174804;ENSG00000164930;ENSG00000176533;ENSG00000099341;ENSG00000114251;ENSG00000133275;ENSG00000105221;ENSG00000065717;ENSG00000272333;ENSG00000171016;ENSG00000123104;ENSG00000036257;ENSG00000105568;ENSG00000162552;ENSG00000078687;ENSG00000013275;ENSG00000162738;ENSG00000107854;ENSG00000196628;ENSG00000108379;ENSG00000154229;ENSG00000143816;ENSG00000101282;ENSG00000172380;ENSG00000110693;ENSG00000126583;ENSG00000163785;ENSG00000181449;ENSG00000168772;ENSG00000138814;ENSG00000104695;ENSG00000139292;ENSG00000118518;ENSG00000173273;ENSG00000132475;ENSG00000166167;ENSG00000090905;ENSG00000135341;ENSG00000070018;ENSG00000115464;ENSG00000137713;ENSG00000126070;ENSG00000184678;ENSG00000274750;ENSG00000136997;ENSG00000134698;ENSG00000041357;ENSG00000108854;ENSG00000196781;ENSG00000173692;ENSG00000101966;ENSG00000188064;ENSG00000042753;ENSG00000134371;ENSG00000113712;ENSG00000168646;ENSG00000104371;ENSG00000183020;ENSG00000175029;ENSG00000141367;ENSG00000134982;ENSG00000171056;ENSG00000092847;ENSG00000196961;ENSG00000150995;ENSG00000087258;ENSG00000270882;ENSG00000213923;ENSG00000104290;ENSG00000111664;ENSG00000196890;ENSG00000100354;ENSG00000132915;ENSG00000116729;ENSG00000005339;ENSG00000078369;ENSG00000177283;ENSG00000138592;ENSG00000082701;ENSG00000205213;ENSG00000163251;ENSG00000078304;ENSG00000273802"
"REACTOME","REACTOME_SARS_COV_1_MODULATES_HOST_TRANSLATION_MACHINERY",0.0350121195798546,0.156446559641629,0.125952931638622,0.515068429039597,1.45628203262853,36,"ENSG00000171858;ENSG00000168028;ENSG00000112306;ENSG00000135486;ENSG00000110700;ENSG00000137154;ENSG00000149806;ENSG00000142937;ENSG00000231500;ENSG00000118181;ENSG00000198034;ENSG00000140988;ENSG00000197728;ENSG00000149273;ENSG00000186468;ENSG00000164587;ENSG00000171863;ENSG00000138326;ENSG00000145425;ENSG00000213741;ENSG00000124614;ENSG00000134419;ENSG00000233927;ENSG00000143947;ENSG00000156508"
"REACTOME","REACTOME_SYNTHESIS_OF_BILE_ACIDS_AND_BILE_SALTS",0.0354982908230344,0.158118569848974,0.123558344666082,0.533333084257965,1.47799040477529,32,"ENSG00000140284;ENSG00000198610;ENSG00000083807;ENSG00000196139;ENSG00000168306;ENSG00000133835;ENSG00000036530;ENSG00000070882;ENSG00000242110;ENSG00000101473"
"REACTOME","REACTOME_PHASE_0_RAPID_DEPOLARISATION",0.0356448476992871,0.158272091042118,0.0963025229566543,-0.596242676995912,-1.47361071729453,30,"ENSG00000153253;ENSG00000161958;ENSG00000102466;ENSG00000145349;ENSG00000165995;ENSG00000105605;ENSG00000168356;ENSG00000105711;ENSG00000183873;ENSG00000196876;ENSG00000136531;ENSG00000177098;ENSG00000114279"
"REACTOME","REACTOME_SIGNALING_BY_NTRK3_TRKC",0.0362694300518135,0.159540296676513,0.0986244904449457,-0.692844975060869,-1.51487356411314,16,"ENSG00000105426;ENSG00000140538;ENSG00000145675;ENSG00000151490;ENSG00000169047;ENSG00000124181"
"REACTOME","REACTOME_INTERACTIONS_OF_REV_WITH_HOST_CELLULAR_PROTEINS",0.0362496593077133,0.159540296676513,0.124499976253388,0.506568704098523,1.43862357426293,37,"ENSG00000155561;ENSG00000125450;ENSG00000075188;ENSG00000100401;ENSG00000180198;ENSG00000108424;ENSG00000113569;ENSG00000099901;ENSG00000132341;ENSG00000095319;ENSG00000058804;ENSG00000085415;ENSG00000108559;ENSG00000138750;ENSG00000111581;ENSG00000110713;ENSG00000102900;ENSG00000120253;ENSG00000093000;ENSG00000101146;ENSG00000094914;ENSG00000082898"
"REACTOME","REACTOME_CDK_MEDIATED_PHOSPHORYLATION_AND_REMOVAL_OF_CDC6",0.0362663495838288,0.159540296676513,0.130086070372915,0.443444821316006,1.38292634420842,60,"ENSG00000094804;ENSG00000133101;ENSG00000123374;ENSG00000175305;ENSG00000161057;ENSG00000127922;ENSG00000166295;ENSG00000141552;ENSG00000170315;ENSG00000145386;ENSG00000126067;ENSG00000175063;ENSG00000130706;ENSG00000101182;ENSG00000165916;ENSG00000100764;ENSG00000115233;ENSG00000100567;ENSG00000221983;ENSG00000053900;ENSG00000176386;ENSG00000100902;ENSG00000105173;ENSG00000143947;ENSG00000103035;ENSG00000277791;ENSG00000129084;ENSG00000175166"
"REACTOME","REACTOME_GLYCOSPHINGOLIPID_CATABOLISM",0.0364415862808146,0.159799751020218,0.123095330850962,0.515524637479012,1.44959597505787,35,"ENSG00000149328;ENSG00000129103;ENSG00000177628;ENSG00000101846;ENSG00000157399;ENSG00000064601;ENSG00000135587;ENSG00000164291;ENSG00000054983;ENSG00000006756;ENSG00000136699;ENSG00000144455;ENSG00000100299;ENSG00000070610"
"REACTOME","REACTOME_NON_CANONICAL_INFLAMMASOME_ACTIVATION",0.0371454299864926,0.160161379444077,0.111555069436528,0.714273097236466,1.51834135662599,11,"ENSG00000117226;ENSG00000021355;ENSG00000164305;ENSG00000198668;ENSG00000196954;ENSG00000117228"
"REACTOME","REACTOME_ATF6_ATF6_ALPHA_ACTIVATES_CHAPERONES",0.0371134020618557,0.160161379444077,0.11260357881031,0.695967312401637,1.51208439244874,12,"ENSG00000044574;ENSG00000166598;ENSG00000179218;ENSG00000012174;ENSG00000175197"
"REACTOME","REACTOME_INTERLEUKIN_6_FAMILY_SIGNALING",0.0372464250083139,0.160161379444077,0.0954173509538673,-0.627642895753133,-1.48436540956984,24,"ENSG00000160712;ENSG00000134352;ENSG00000006016;ENSG00000179295;ENSG00000095752;ENSG00000115415;ENSG00000137070;ENSG00000162434;ENSG00000164509"
"REACTOME","REACTOME_TRAFFICKING_OF_AMPA_RECEPTORS",0.037109375,0.160161379444077,0.0945554515592395,-0.59898426135008,-1.46842574029643,29,"ENSG00000152578;ENSG00000088367;ENSG00000196586;ENSG00000132535;ENSG00000154229;ENSG00000126583;ENSG00000145349;ENSG00000120251;ENSG00000042753;ENSG00000183020;ENSG00000073969;ENSG00000196961"
"REACTOME","REACTOME_NUCLEAR_SIGNALING_BY_ERBB4",0.0370190753313935,0.160161379444077,0.0943434935405217,-0.590301006076056,-1.46708425191883,31,"ENSG00000082175;ENSG00000107562;ENSG00000157168;ENSG00000185737;ENSG00000130203;ENSG00000178568;ENSG00000138613;ENSG00000143801;ENSG00000205155;ENSG00000055208;ENSG00000113070"
"REACTOME","REACTOME_SIGNALING_BY_FGFR4",0.0368898076005724,0.160161379444077,0.0937158165018434,-0.568862012510374,-1.45675463945128,36,"ENSG00000156427;ENSG00000145675;ENSG00000105568;ENSG00000179295;ENSG00000138685;ENSG00000104695;ENSG00000124181;ENSG00000134962;ENSG00000160867;ENSG00000158815;ENSG00000166225;ENSG00000109458"
"REACTOME","REACTOME_DEVELOPMENTAL_LINEAGE_OF_PANCREATIC_DUCTAL_CELLS",0.0373180551254258,0.160161379444077,0.0919032203847858,-0.533655327091726,-1.42800026510678,46,"ENSG00000101680;ENSG00000115414;ENSG00000105825;ENSG00000139219;ENSG00000135862;ENSG00000204248;ENSG00000172037;ENSG00000164692;ENSG00000171502;ENSG00000108821;ENSG00000130635;ENSG00000053747;ENSG00000134873;ENSG00000058085;ENSG00000196739;ENSG00000138772;ENSG00000001626"
"REACTOME","REACTOME_SIGNALING_BY_FGFR1",0.0384378843788438,0.164467553766447,0.0901888162992841,-0.528792017008343,-1.4257269491639,48,"ENSG00000011201;ENSG00000125848;ENSG00000126500;ENSG00000156427;ENSG00000145675;ENSG00000105568;ENSG00000077782;ENSG00000185070;ENSG00000179295;ENSG00000138685;ENSG00000104695;ENSG00000124181;ENSG00000158815;ENSG00000166225;ENSG00000109458"
"REACTOME","REACTOME_BUDDING_AND_MATURATION_OF_HIV_VIRION",0.0387577002053388,0.165300117219127,0.116711254186642,0.549572254314925,1.48186265526051,28,"ENSG00000141971;ENSG00000167987;ENSG00000196262;ENSG00000196814;ENSG00000170315;ENSG00000254505;ENSG00000170248;ENSG00000132612;ENSG00000160948;ENSG00000221983;ENSG00000143947;ENSG00000164695;ENSG00000074319;ENSG00000147457;ENSG00000176428;ENSG00000176108"
"REACTOME","REACTOME_N_GLYCAN_ANTENNAE_ELONGATION_IN_THE_MEDIAL_TRANS_GOLGI",0.0388665997993982,0.165300117219127,0.115167141009445,0.569618998545501,1.47815135264022,24,"ENSG00000128268;ENSG00000161013;ENSG00000033170;ENSG00000110080;ENSG00000152127;ENSG00000168282;ENSG00000179163"
"REACTOME","REACTOME_DUAL_INCISION_IN_TC_NER",0.0398176291793313,0.167828335526017,0.12546307449004,0.435470021412311,1.36656446631129,63,"ENSG00000148229;ENSG00000132646;ENSG00000106628;ENSG00000049541;ENSG00000005075;ENSG00000175482;ENSG00000106399;ENSG00000168002;ENSG00000100479;ENSG00000115350;ENSG00000020426;ENSG00000145736;ENSG00000163882;ENSG00000177084;ENSG00000117748;ENSG00000170315;ENSG00000163918;ENSG00000110107;ENSG00000077514;ENSG00000100142;ENSG00000035928;ENSG00000133119;ENSG00000272047;ENSG00000132383"
"REACTOME","REACTOME_PHOSPHOLIPID_METABOLISM",0.0396413402548372,0.167828335526017,0.157220069393743,0.332803240400127,1.23003299479105,203,"ENSG00000167588;ENSG00000143036;ENSG00000105647;ENSG00000169692;ENSG00000143845;ENSG00000006530;ENSG00000062282;ENSG00000156471;ENSG00000178773;ENSG00000214530;ENSG00000185361;ENSG00000110697;ENSG00000038210;ENSG00000075651;ENSG00000070214;ENSG00000176783;ENSG00000074416;ENSG00000163624;ENSG00000127252;ENSG00000188089;ENSG00000185813;ENSG00000153395;ENSG00000138678;ENSG00000165458;ENSG00000105559;ENSG00000102125;ENSG00000184207;ENSG00000143850;ENSG00000134324;ENSG00000109452;ENSG00000111666;ENSG00000176454;ENSG00000152642;ENSG00000185000;ENSG00000241878;ENSG00000088766;ENSG00000116906;ENSG00000107679;ENSG00000070748;ENSG00000138018;ENSG00000110536;ENSG00000168389;ENSG00000132793;ENSG00000084090;ENSG00000241973;ENSG00000184381;ENSG00000100241;ENSG00000165782;ENSG00000134287;ENSG00000163295;ENSG00000145779;ENSG00000180957;ENSG00000163629;ENSG00000143393;ENSG00000161217;ENSG00000051382;ENSG00000204385"
"REACTOME","REACTOME_ORGANELLE_BIOGENESIS_AND_MAINTENANCE",0.039715471250741,0.167828335526017,0.17632375173773,0.311294070415225,1.19213558624751,292,"ENSG00000278195;ENSG00000205795;ENSG00000105948;ENSG00000106028;ENSG00000092036;ENSG00000165533;ENSG00000106554;ENSG00000173153;ENSG00000106617;ENSG00000184831;ENSG00000126001;ENSG00000188878;ENSG00000106477;ENSG00000131462;ENSG00000023330;ENSG00000046651;ENSG00000132305;ENSG00000241468;ENSG00000159199;ENSG00000119333;ENSG00000125863;ENSG00000137100;ENSG00000188229;ENSG00000131558;ENSG00000156411;ENSG00000096872;ENSG00000198668;ENSG00000115484;ENSG00000182054;ENSG00000198089;ENSG00000152240;ENSG00000138107;ENSG00000167461;ENSG00000166851;ENSG00000131069;ENSG00000126870;ENSG00000080824;ENSG00000213397;ENSG00000101162;ENSG00000162409;ENSG00000128581;ENSG00000142453;ENSG00000181929;ENSG00000163468;ENSG00000166226;ENSG00000174917;ENSG00000120438;ENSG00000072062;ENSG00000178307;ENSG00000176014;ENSG00000112877;ENSG00000007923;ENSG00000167553;ENSG00000108641;ENSG00000173436;ENSG00000176101;ENSG00000125124;ENSG00000101849;ENSG00000102218;ENSG00000081870;ENSG00000142082;ENSG00000125971;ENSG00000011143;ENSG00000123416;ENSG00000168778;ENSG00000167863;ENSG00000213123;ENSG00000141577;ENSG00000196230;ENSG00000112062;ENSG00000175203;ENSG00000173171;ENSG00000135390;ENSG00000258947;ENSG00000094631;ENSG00000187642;ENSG00000112685;ENSG00000088986;ENSG00000174799;ENSG00000127328;ENSG00000168014;ENSG00000138190;ENSG00000072864;ENSG00000131351;ENSG00000180104;ENSG00000131697;ENSG00000127914;ENSG00000170312;ENSG00000139350;ENSG00000140463;ENSG00000181004;ENSG00000110274;ENSG00000156261;ENSG00000119977;ENSG00000163913;ENSG00000137814;ENSG00000184786;ENSG00000148019;ENSG00000204852;ENSG00000173915;ENSG00000169020;ENSG00000148840;ENSG00000131791"
"REACTOME","REACTOME_THE_CRY_PER_KINASE_COMPLEX_REPRESSES_TRANSACTIVATION_BY_THE_BMAL_CLOCK_ARNTL_CLOCK_COMPLEX",0.0404058072415603,0.169800594717509,0.093923690818302,-0.71052813212781,-1.50283918768591,14,"ENSG00000069667;ENSG00000121671;ENSG00000132326;ENSG00000134852;ENSG00000179094;ENSG00000213923;ENSG00000170485;ENSG00000005339;ENSG00000118058"
"REACTOME","REACTOME_GLYCOSAMINOGLYCAN_PROTEIN_LINKAGE_REGION_BIOSYNTHESIS",0.0416666666666667,0.17457962413452,0.0890961354495908,-0.592919721618767,-1.45355836093585,29,"ENSG00000103489;ENSG00000076716;ENSG00000183098;ENSG00000142798;ENSG00000147257;ENSG00000115884;ENSG00000109956;ENSG00000063660;ENSG00000038427;ENSG00000162512;ENSG00000182492;ENSG00000155893"
"REACTOME","REACTOME_EPH_EPHRIN_SIGNALING",0.0420014094432699,0.175461509271885,0.0823897152356557,-0.452644086076822,-1.35230693435642,92,"ENSG00000116106;ENSG00000254087;ENSG00000108947;ENSG00000125266;ENSG00000135333;ENSG00000087245;ENSG00000145242;ENSG00000134215;ENSG00000133216;ENSG00000044524;ENSG00000070371;ENSG00000182580;ENSG00000138613;ENSG00000143801;ENSG00000176884;ENSG00000205155;ENSG00000205726;ENSG00000010810;ENSG00000067900;ENSG00000080224;ENSG00000163466;ENSG00000102606;ENSG00000137575;ENSG00000137845;ENSG00000105357;ENSG00000142627;ENSG00000169398;ENSG00000042753;ENSG00000169439;ENSG00000183020;ENSG00000070886;ENSG00000141367"
"REACTOME","REACTOME_RA_BIOSYNTHESIS_PATHWAY",0.0423396965247185,0.175600049745057,0.108893281951179,0.592459443341756,1.49392204727569,21,"ENSG00000196139;ENSG00000135437;ENSG00000240857;ENSG00000072042;ENSG00000157326"
"REACTOME","REACTOME_SEROTONIN_NEUROTRANSMITTER_RELEASE_CYCLE",0.0424076607387141,0.175600049745057,0.0905617673660515,-0.66740347437743,-1.49293638375477,18,"ENSG00000165646;ENSG00000177380;ENSG00000136854;ENSG00000105649;ENSG00000168993;ENSG00000005379;ENSG00000132639;ENSG00000220205;ENSG00000139220;ENSG00000131626"
"REACTOME","REACTOME_TRANSPORT_TO_THE_GOLGI_AND_SUBSEQUENT_MODIFICATION",0.0422409959982214,0.175600049745057,0.147704896905467,0.3363532121725,1.22923257799573,183,"ENSG00000128268;ENSG00000161013;ENSG00000033170;ENSG00000131446;ENSG00000114270;ENSG00000196459;ENSG00000158623;ENSG00000093183;ENSG00000138073;ENSG00000137100;ENSG00000188229;ENSG00000174871;ENSG00000169223;ENSG00000135775;ENSG00000151150;ENSG00000185010;ENSG00000103051;ENSG00000110080;ENSG00000152127;ENSG00000136240;ENSG00000138107;ENSG00000168282;ENSG00000054116;ENSG00000170043;ENSG00000101162;ENSG00000179163;ENSG00000198898;ENSG00000176014;ENSG00000167632;ENSG00000167553;ENSG00000197249;ENSG00000144635;ENSG00000213380;ENSG00000198734;ENSG00000131966;ENSG00000173898;ENSG00000126062;ENSG00000121542;ENSG00000086062;ENSG00000123416;ENSG00000111481;ENSG00000206560;ENSG00000134287;ENSG00000145362;ENSG00000175203;ENSG00000116489;ENSG00000242247;ENSG00000184840;ENSG00000136874;ENSG00000105829;ENSG00000258947"
"REACTOME","REACTOME_WNT5A_DEPENDENT_INTERNALIZATION_OF_FZD2_FZD5_AND_ROR2",0.0425981341313149,0.175642371234208,0.0917080492176841,-0.716165392720215,-1.4905372183587,13,"ENSG00000114251;ENSG00000042753;ENSG00000183020;ENSG00000141367;ENSG00000196961;ENSG00000163251"
"REACTOME","REACTOME_REGULATION_OF_PD_L1_CD274_EXPRESSION",0.0426666666666667,0.175642371234208,0.146922135732098,0.335252558236477,1.22964099460616,186,"ENSG00000099958;ENSG00000102054;ENSG00000106462;ENSG00000134323;ENSG00000106617;ENSG00000118705;ENSG00000081059;ENSG00000163902;ENSG00000197905;ENSG00000162772;ENSG00000161057;ENSG00000127922;ENSG00000129691;ENSG00000177606;ENSG00000165280;ENSG00000074266;ENSG00000155363;ENSG00000204308;ENSG00000162409;ENSG00000181929;ENSG00000196363;ENSG00000170315;ENSG00000107566;ENSG00000244038;ENSG00000246705;ENSG00000126067;ENSG00000184260;ENSG00000130706;ENSG00000101182;ENSG00000173039;ENSG00000165916;ENSG00000273983;ENSG00000134825;ENSG00000162961;ENSG00000185130;ENSG00000135446;ENSG00000109320;ENSG00000228474;ENSG00000121067;ENSG00000100764;ENSG00000115233;ENSG00000007866;ENSG00000105968;ENSG00000071537;ENSG00000135506;ENSG00000100567;ENSG00000221983;ENSG00000124635;ENSG00000100902;ENSG00000143947;ENSG00000158406;ENSG00000077150;ENSG00000278828;ENSG00000103035;ENSG00000147475;ENSG00000277791;ENSG00000129084;ENSG00000175166;ENSG00000198856;ENSG00000274641;ENSG00000131791;ENSG00000148737;ENSG00000204435;ENSG00000278463;ENSG00000275713"
"REACTOME","REACTOME_DIGESTION",0.0429359558647158,0.176237121165636,0.107014828121207,0.63440852099626,1.50907183584207,17,"ENSG00000257335;ENSG00000087842;ENSG00000070019"
"REACTOME","REACTOME_GLUCOSE_METABOLISM",0.0434782608695652,0.177945809703844,0.123558344666082,0.404160932334987,1.32263506374637,81,"ENSG00000160190;ENSG00000114268;ENSG00000141959;ENSG00000155561;ENSG00000106633;ENSG00000125450;ENSG00000075188;ENSG00000067057;ENSG00000111669;ENSG00000109107;ENSG00000143627;ENSG00000156510;ENSG00000112640;ENSG00000113569;ENSG00000100889;ENSG00000102144;ENSG00000171314;ENSG00000141349;ENSG00000172331;ENSG00000072062;ENSG00000095319;ENSG00000058804;ENSG00000085415;ENSG00000108559;ENSG00000158571;ENSG00000074800;ENSG00000138750;ENSG00000165140;ENSG00000111581;ENSG00000111640;ENSG00000110713;ENSG00000102900"
"REACTOME","REACTOME_COOPERATION_OF_PREFOLDIN_AND_TRIC_CCT_IN_ACTIN_AND_TUBULIN_FOLDING",0.0436854646544877,0.178277098532187,0.111555069436528,0.514822588873673,1.43426470083649,33,"ENSG00000188229;ENSG00000115484;ENSG00000075624;ENSG00000101162;ENSG00000163468;ENSG00000166226;ENSG00000120438;ENSG00000176014;ENSG00000167553;ENSG00000135624;ENSG00000146731;ENSG00000123416;ENSG00000258947;ENSG00000156261;ENSG00000204220"
"REACTOME","REACTOME_DEFECTS_IN_COBALAMIN_B12_METABOLISM",0.0444341587595464,0.180332056194125,0.103250260704189,0.678571202689214,1.5044508832562,13,"ENSG00000166126;ENSG00000139428;ENSG00000168216;ENSG00000167775;ENSG00000116984"
"REACTOME","REACTOME_TNFR2_NON_CANONICAL_NF_KB_PATHWAY",0.0444444444444444,0.180332056194125,0.122184433304052,0.407035310054231,1.32799663578042,80,"ENSG00000158813;ENSG00000215788;ENSG00000006327;ENSG00000067182;ENSG00000157873;ENSG00000120659;ENSG00000161057;ENSG00000127922;ENSG00000161955;ENSG00000170315;ENSG00000006062;ENSG00000126067;ENSG00000130706;ENSG00000101182;ENSG00000127191;ENSG00000165916;ENSG00000100764;ENSG00000115233;ENSG00000100567;ENSG00000221983;ENSG00000100902;ENSG00000120949;ENSG00000143947;ENSG00000077150;ENSG00000103035;ENSG00000277791;ENSG00000129084;ENSG00000175166"
"REACTOME","REACTOME_ATF6_ATF6_ALPHA_ACTIVATES_CHAPERONE_GENES",0.0448329970858552,0.180353823034836,0.101117648743061,0.724002190205125,1.50036306206608,10,"ENSG00000044574;ENSG00000166598;ENSG00000179218;ENSG00000175197"
"REACTOME","REACTOME_DEVELOPMENTAL_CELL_LINEAGES_OF_THE_EXOCRINE_PANCREAS",0.0447652376786235,0.180353823034836,0.0811334140842608,-0.472979708304865,-1.36855268671077,74,"ENSG00000101680;ENSG00000115414;ENSG00000105825;ENSG00000139219;ENSG00000135862;ENSG00000204248;ENSG00000172037;ENSG00000164692;ENSG00000171502;ENSG00000108821;ENSG00000138685;ENSG00000130635;ENSG00000170835;ENSG00000053747;ENSG00000152804;ENSG00000121966;ENSG00000134873;ENSG00000058085;ENSG00000196739;ENSG00000070193;ENSG00000138772;ENSG00000001626"
"REACTOME","REACTOME_ANTIGEN_PROCESSING_CROSS_PRESENTATION",0.0447196422428621,0.180353823034836,0.125952931638622,0.391017281488234,1.298089081225,92,"ENSG00000118640;ENSG00000179218;ENSG00000204264;ENSG00000135047;ENSG00000204267;ENSG00000161057;ENSG00000127922;ENSG00000104365;ENSG00000092010;ENSG00000168394;ENSG00000100911;ENSG00000170315;ENSG00000126067;ENSG00000130706;ENSG00000101182;ENSG00000150455;ENSG00000167004;ENSG00000165916;ENSG00000206503;ENSG00000269335;ENSG00000231925;ENSG00000100764;ENSG00000115233;ENSG00000100567;ENSG00000221983;ENSG00000100902;ENSG00000204592;ENSG00000171560;ENSG00000240065;ENSG00000143947;ENSG00000103035;ENSG00000205220;ENSG00000135218;ENSG00000277791;ENSG00000129084;ENSG00000175166;ENSG00000204642;ENSG00000174125;ENSG00000051523"
"REACTOME","REACTOME_TRNA_MODIFICATION_IN_THE_NUCLEUS_AND_CYTOSOL",0.0452247191011236,0.181412793667007,0.112959561756547,0.47275334800338,1.39817405938545,45,"ENSG00000165118;ENSG00000167264;ENSG00000126814;ENSG00000145996;ENSG00000068438;ENSG00000213339;ENSG00000166166;ENSG00000196976;ENSG00000145331;ENSG00000065457;ENSG00000091127;ENSG00000104907;ENSG00000160193;ENSG00000189007;ENSG00000110060;ENSG00000089195;ENSG00000092094;ENSG00000037897;ENSG00000170270;ENSG00000173113;ENSG00000043514;ENSG00000115970;ENSG00000144034;ENSG00000113272;ENSG00000137760"
"REACTOME","REACTOME_PROTEIN_LIPOYLATION",0.045505492042143,0.181891482484285,0.100350475629529,0.722827945713583,1.49792965359746,10,"ENSG00000175536;ENSG00000121897;ENSG00000004779;ENSG00000169599;ENSG00000137714;ENSG00000119689;ENSG00000150768;ENSG00000140905"
"REACTOME","REACTOME_P75_NTR_RECEPTOR_MEDIATED_SIGNALLING",0.0456016889514426,0.181891482484285,0.0789035841438956,-0.446819474982676,-1.33959744167322,95,"ENSG00000124126;ENSG00000090924;ENSG00000154358;ENSG00000116584;ENSG00000113319;ENSG00000110237;ENSG00000134215;ENSG00000126861;ENSG00000136002;ENSG00000171680;ENSG00000139132;ENSG00000138613;ENSG00000143801;ENSG00000146426;ENSG00000076928;ENSG00000205155;ENSG00000110851;ENSG00000205726;ENSG00000100485;ENSG00000130762;ENSG00000104312;ENSG00000102606;ENSG00000165801;ENSG00000236699;ENSG00000170776;ENSG00000163947;ENSG00000038382;ENSG00000166681;ENSG00000151694;ENSG00000169783;ENSG00000179222;ENSG00000040608;ENSG00000114790;ENSG00000163558"
"REACTOME","REACTOME_KIDNEY_DEVELOPMENT",0.0459643026378139,0.182821395280544,0.0834065212039972,-0.54586643610617,-1.41728400355693,39,"ENSG00000273706;ENSG00000101443;ENSG00000103449;ENSG00000172201;ENSG00000166923;ENSG00000168743;ENSG00000145147;ENSG00000162552;ENSG00000185008;ENSG00000101384;ENSG00000138685;ENSG00000150093"
"REACTOME","REACTOME_NEF_MEDIATED_DOWNREGULATION_OF_MHC_CLASS_I_COMPLEX_CELL_SURFACE_EXPRESSION",0.0466263169692894,0.184415572998982,0.0991087684263433,0.721777797654454,1.49575341244939,10,"ENSG00000106367;ENSG00000182287;ENSG00000175115;ENSG00000129354;ENSG00000072958;ENSG00000206503;ENSG00000100280"
"REACTOME","REACTOME_TP53_REGULATES_TRANSCRIPTION_OF_GENES_INVOLVED_IN_CYTOCHROME_C_RELEASE",0.0465669612508498,0.184415572998982,0.086034814321778,-0.641468965625527,-1.46428497715953,20,"ENSG00000197050;ENSG00000104765;ENSG00000115107;ENSG00000164938;ENSG00000141391;ENSG00000149311;ENSG00000005339;ENSG00000120471;ENSG00000105327;ENSG00000078900;ENSG00000087088"
"REACTOME","REACTOME_ACTIVATION_OF_APC_C_AND_APC_C_CDC20_MEDIATED_DEGRADATION_OF_MITOTIC_PROTEINS",0.0474877450980392,0.187298033738635,0.115167141009445,0.427031699778075,1.34093895587264,64,"ENSG00000133101;ENSG00000161057;ENSG00000127922;ENSG00000117399;ENSG00000166295;ENSG00000154473;ENSG00000166851;ENSG00000141552;ENSG00000170315;ENSG00000145386;ENSG00000126067;ENSG00000175063;ENSG00000130706;ENSG00000101182;ENSG00000165916;ENSG00000134057;ENSG00000164611;ENSG00000100764;ENSG00000115233;ENSG00000100567;ENSG00000221983;ENSG00000053900;ENSG00000176386;ENSG00000100902;ENSG00000143947;ENSG00000103035;ENSG00000170312;ENSG00000277791;ENSG00000129084;ENSG00000175166;ENSG00000164109;ENSG00000159377;ENSG00000087191;ENSG00000153107"
"REACTOME","REACTOME_SYNTHESIS_OF_SUBSTRATES_IN_N_GLYCAN_BIOSYTHESIS",0.0483282674772036,0.19000987654321,0.113681552791533,0.427826110652595,1.34257682924272,63,"ENSG00000100522;ENSG00000120697;ENSG00000136840;ENSG00000101638;ENSG00000128039;ENSG00000112699;ENSG00000173540;ENSG00000179085;ENSG00000111726;ENSG00000159921;ENSG00000110080;ENSG00000100417;ENSG00000136908;ENSG00000064601;ENSG00000167130;ENSG00000175283;ENSG00000135838;ENSG00000254685;ENSG00000104522;ENSG00000095380;ENSG00000167508"
"REACTOME","REACTOME_CELLULAR_SENESCENCE",0.0484444444444444,0.19000987654321,0.137749272114041,0.331547828006591,1.2160527667084,186,"ENSG00000102054;ENSG00000106462;ENSG00000133101;ENSG00000117676;ENSG00000114738;ENSG00000177189;ENSG00000050748;ENSG00000123374;ENSG00000162889;ENSG00000101412;ENSG00000175305;ENSG00000129355;ENSG00000154310;ENSG00000137309;ENSG00000007968;ENSG00000113368;ENSG00000141503;ENSG00000177606;ENSG00000157557;ENSG00000102882;ENSG00000183741;ENSG00000074266;ENSG00000166295;ENSG00000155363;ENSG00000136810;ENSG00000141552;ENSG00000170315;ENSG00000145386;ENSG00000246705;ENSG00000100084;ENSG00000102977;ENSG00000184260;ENSG00000175063;ENSG00000173039;ENSG00000128513;ENSG00000099991;ENSG00000108984;ENSG00000273983;ENSG00000185130;ENSG00000135446;ENSG00000134954;ENSG00000169429;ENSG00000147889;ENSG00000135679;ENSG00000109320;ENSG00000113522;ENSG00000112062;ENSG00000092330;ENSG00000105968;ENSG00000221983;ENSG00000053900;ENSG00000124635;ENSG00000176386;ENSG00000076984;ENSG00000105173;ENSG00000143947"
"REACTOME","REACTOME_POST_TRANSLATIONAL_MODIFICATION_SYNTHESIS_OF_GPI_ANCHORED_PROTEINS",0.0486021505376344,0.190100378280166,0.0770757391871296,-0.457206647397278,-1.34659532071588,83,"ENSG00000185565;ENSG00000183715;ENSG00000182667;ENSG00000113805;ENSG00000197121;ENSG00000112139;ENSG00000160932;ENSG00000144619;ENSG00000186907;ENSG00000122707;ENSG00000149972;ENSG00000162551;ENSG00000172260;ENSG00000150551;ENSG00000124785;ENSG00000135678;ENSG00000196358"
"REACTOME","REACTOME_PERK_REGULATES_GENE_EXPRESSION",0.0491717065474625,0.191796822223804,0.104651813957764,0.515743197550053,1.42924472493143,32,"ENSG00000044574;ENSG00000070669;ENSG00000130741;ENSG00000162772;ENSG00000175197;ENSG00000134001;ENSG00000125977;ENSG00000169429;ENSG00000140694;ENSG00000178896;ENSG00000107371;ENSG00000123737;ENSG00000088247"
"REACTOME","REACTOME_HCMV_LATE_EVENTS",0.0494406351497654,0.192314536725809,0.122637391177921,0.372990565879619,1.27840305603609,110,"ENSG00000155561;ENSG00000125450;ENSG00000075188;ENSG00000131475;ENSG00000141971;ENSG00000167987;ENSG00000113569;ENSG00000131165;ENSG00000196814;ENSG00000254505;ENSG00000184260;ENSG00000095319;ENSG00000058804;ENSG00000273983;ENSG00000185130;ENSG00000085415;ENSG00000108559;ENSG00000132612;ENSG00000160948;ENSG00000138750;ENSG00000124635;ENSG00000111581;ENSG00000110713;ENSG00000102900;ENSG00000158406;ENSG00000278828;ENSG00000164695;ENSG00000196787;ENSG00000120253;ENSG00000093000;ENSG00000274641;ENSG00000278463;ENSG00000275713;ENSG00000270276;ENSG00000101146;ENSG00000094914;ENSG00000074319;ENSG00000147457;ENSG00000273703;ENSG00000277075;ENSG00000126883;ENSG00000176428;ENSG00000157020;ENSG00000176108;ENSG00000124789;ENSG00000159210;ENSG00000136243"
"REACTOME","REACTOME_TURBULENT_OSCILLATORY_DISTURBED_FLOW_SHEAR_STRESS_ACTIVATES_SIGNALING_BY_PIEZO1_AND_INTEGRINS_IN_ENDOTHELIAL_CELLS",0.0496281926931781,0.192513758469142,0.0811334140842608,-0.574399726976773,-1.42756455618428,31,"ENSG00000115414;ENSG00000138448;ENSG00000105568;ENSG00000113448;ENSG00000126247;ENSG00000156052;ENSG00000162909;ENSG00000115415;ENSG00000150093;ENSG00000137713;ENSG00000169398"
"REACTOME","REACTOME_O_GLYCOSYLATION_OF_TSR_DOMAIN_CONTAINING_PROTEINS",0.0500552660666351,0.19363845393449,0.0798002089527527,-0.548794580970724,-1.41406976334038,37,"ENSG00000112902;ENSG00000262655;ENSG00000005108;ENSG00000173157;ENSG00000197558;ENSG00000187720;ENSG00000136378;ENSG00000140873;ENSG00000186866;ENSG00000156218;ENSG00000163638;ENSG00000136114;ENSG00000154736;ENSG00000137801;ENSG00000156140;ENSG00000145808;ENSG00000186340;ENSG00000187676;ENSG00000087116;ENSG00000140470;ENSG00000126759;ENSG00000154734;ENSG00000151388;ENSG00000138316"
"REACTOME","REACTOME_MODULATION_OF_HOST_RESPONSES_BY_IFN_STIMULATED_GENES",0.0507089641913002,0.195098249150179,0.0983849253696529,0.596426615040245,1.46721002989223,19,"ENSG00000044574;ENSG00000096060;ENSG00000138646;ENSG00000104365;ENSG00000121060;ENSG00000115267;ENSG00000126709;ENSG00000269335"
"REACTOME","REACTOME_BINDING_AND_UPTAKE_OF_LIGANDS_BY_SCAVENGER_RECEPTORS",0.0506887052341598,0.195098249150179,0.105519930289441,0.48140171389668,1.39919356846809,41,"ENSG00000166598;ENSG00000179954;ENSG00000179218;ENSG00000187498;ENSG00000117450;ENSG00000149428;ENSG00000010327;ENSG00000084674;ENSG00000167996;ENSG00000100342;ENSG00000080824;ENSG00000073060;ENSG00000118137;ENSG00000134871"
"REACTOME","REACTOME_CRISTAE_FORMATION",0.0510987556261583,0.196063703652542,0.102976480753546,0.508014006594621,1.41529640100538,33,"ENSG00000106554;ENSG00000184831;ENSG00000132305;ENSG00000241468;ENSG00000159199;ENSG00000156411;ENSG00000174917;ENSG00000178307;ENSG00000007923;ENSG00000173436;ENSG00000167863;ENSG00000173171;ENSG00000135390"
"REACTOME","REACTOME_CARDIAC_CONDUCTION",0.0513100436681223,0.19634087170566,0.073039694318774,-0.422746676470888,-1.30670107714113,122,"ENSG00000153253;ENSG00000118160;ENSG00000124780;ENSG00000104936;ENSG00000186439;ENSG00000137731;ENSG00000105409;ENSG00000123104;ENSG00000168135;ENSG00000161958;ENSG00000171303;ENSG00000135750;ENSG00000143153;ENSG00000198363;ENSG00000129244;ENSG00000102466;ENSG00000145349;ENSG00000137726;ENSG00000171385;ENSG00000165995;ENSG00000105605;ENSG00000168356;ENSG00000070961;ENSG00000105711;ENSG00000144935;ENSG00000120049;ENSG00000183873;ENSG00000196876;ENSG00000136531;ENSG00000177098;ENSG00000114279;ENSG00000150995;ENSG00000058668"
"REACTOME","REACTOME_LGI_ADAM_INTERACTIONS",0.0519761775852734,0.197082660373015,0.0838535061362348,-0.750993653967066,-1.47332819985973,10,"ENSG00000153012;ENSG00000114948;ENSG00000132535;ENSG00000168481;ENSG00000099365"
"REACTOME","REACTOME_NITRIC_OXIDE_STIMULATES_GUANYLATE_CYCLASE",0.0520622041920216,0.197082660373015,0.0809972046193163,-0.628226728095136,-1.4464625217583,21,"ENSG00000112541;ENSG00000152402;ENSG00000061918;ENSG00000164116;ENSG00000197584;ENSG00000160191;ENSG00000128655;ENSG00000186642;ENSG00000156113;ENSG00000171121;ENSG00000123360;ENSG00000150995"
"REACTOME","REACTOME_RND2_GTPASE_CYCLE",0.051686445971268,0.197082660373015,0.0780352840716953,-0.52794193733238,-1.3966629195484,43,"ENSG00000108830;ENSG00000187239;ENSG00000136026;ENSG00000160007;ENSG00000145675;ENSG00000162738;ENSG00000151208;ENSG00000090615;ENSG00000168143;ENSG00000144283;ENSG00000166225;ENSG00000142627;ENSG00000134313;ENSG00000137269"
"REACTOME","REACTOME_NS1_MEDIATED_EFFECTS_ON_HOST_PATHWAYS",0.0519733185102835,0.197082660373015,0.104651813957764,0.471895476384272,1.38600267322638,43,"ENSG00000160917;ENSG00000155561;ENSG00000125450;ENSG00000075188;ENSG00000108424;ENSG00000113569;ENSG00000095319;ENSG00000058804;ENSG00000085415;ENSG00000108559;ENSG00000168404;ENSG00000117228;ENSG00000138750;ENSG00000182481;ENSG00000111581;ENSG00000110713;ENSG00000102900;ENSG00000055332;ENSG00000120253;ENSG00000093000;ENSG00000185467;ENSG00000101146;ENSG00000094914"
"REACTOME","REACTOME_AMINE_LIGAND_BINDING_RECEPTORS",0.0522088353413655,0.197109292786118,0.078777842678775,-0.563204362581161,-1.41914543036023,33,"ENSG00000133019;ENSG00000149295;ENSG00000113749;ENSG00000168830;ENSG00000180720;ENSG00000043591;ENSG00000101180;ENSG00000169252;ENSG00000158748;ENSG00000148680"
"REACTOME","REACTOME_PECAM1_INTERACTIONS",0.0532197977647685,0.199351683476964,0.0821057009024537,-0.716833586455298,-1.4668778980791,12,"ENSG00000254087;ENSG00000138448;ENSG00000179295;ENSG00000010810;ENSG00000124181"
"REACTOME","REACTOME_CREB1_PHOSPHORYLATION_THROUGH_NMDA_RECEPTOR_MEDIATED_ACTIVATION_OF_RAS_SIGNALING",0.0532263347527023,0.199351683476964,0.078777842678775,-0.585122265031143,-1.42462298456386,28,"ENSG00000077522;ENSG00000058335;ENSG00000113319;ENSG00000150672;ENSG00000071242;ENSG00000277586;ENSG00000132535;ENSG00000145349;ENSG00000176884;ENSG00000118260"
"REACTOME","REACTOME_REGULATION_OF_HSF1_MEDIATED_HEAT_SHOCK_RESPONSE",0.0531400966183575,0.199351683476964,0.111555069436528,0.398569105582797,1.30433555594854,81,"ENSG00000044574;ENSG00000155561;ENSG00000125450;ENSG00000075188;ENSG00000162889;ENSG00000126803;ENSG00000106399;ENSG00000102882;ENSG00000113569;ENSG00000132002;ENSG00000107262;ENSG00000112110;ENSG00000004478;ENSG00000117748;ENSG00000170315;ENSG00000164070;ENSG00000187051;ENSG00000095319;ENSG00000058804;ENSG00000204388;ENSG00000158941;ENSG00000085415;ENSG00000108559;ENSG00000105821;ENSG00000107018;ENSG00000132383;ENSG00000187522;ENSG00000185122;ENSG00000166170;ENSG00000138750;ENSG00000204390;ENSG00000111581;ENSG00000110713;ENSG00000102900"
"REACTOME","REACTOME_MATURATION_OF_TCA_ENZYMES_AND_REGULATION_OF_TCA_CYCLE",0.0536668285575522,0.200469740537735,0.0960789906091538,0.582568440445224,1.45119986647641,20,"ENSG00000244005;ENSG00000073578;ENSG00000196636;ENSG00000062485;ENSG00000182054;ENSG00000100412;ENSG00000204370;ENSG00000165898;ENSG00000075239;ENSG00000142082;ENSG00000214756"
"REACTOME","REACTOME_MECHANICAL_LOAD_ACTIVATES_SIGNALING_BY_PIEZO1_AND_INTEGRINS_IN_OSTEOCYTES",0.0541745242585291,0.201832264519902,0.0799307015710976,-0.66034493869782,-1.46134785815453,17,"ENSG00000138448;ENSG00000142798;ENSG00000196557;ENSG00000165995;ENSG00000105605;ENSG00000150093;ENSG00000152661;ENSG00000110218;ENSG00000118785"
"REACTOME","REACTOME_DEFECTS_IN_VITAMIN_AND_COFACTOR_METABOLISM",0.0555555555555556,0.206432748538012,0.0947688008055759,0.573343857468131,1.44572095013033,21,"ENSG00000166126;ENSG00000139428;ENSG00000168216;ENSG00000169814;ENSG00000167775;ENSG00000078070;ENSG00000116984;ENSG00000114054"
"REACTOME","REACTOME_POSTMITOTIC_NUCLEAR_PORE_COMPLEX_NPC_REFORMATION",0.0563851699279094,0.208418481513634,0.0965275765869161,0.530455501424969,1.41232918471022,27,"ENSG00000155561;ENSG00000125450;ENSG00000075188;ENSG00000100401;ENSG00000180198;ENSG00000108424;ENSG00000113569;ENSG00000132341;ENSG00000095319;ENSG00000058804;ENSG00000085415;ENSG00000138750;ENSG00000111581;ENSG00000110713;ENSG00000102900;ENSG00000103275;ENSG00000120253"
"REACTOME","REACTOME_DISEASES_OF_MITOTIC_CELL_CYCLE",0.0563572011979308,0.208418481513634,0.0993535227577061,0.48922130484896,1.39785329540542,38,"ENSG00000129757;ENSG00000145604;ENSG00000112576;ENSG00000123374;ENSG00000101412;ENSG00000175305;ENSG00000007968;ENSG00000166295;ENSG00000141552;ENSG00000175063;ENSG00000135446;ENSG00000053900;ENSG00000176386;ENSG00000105173"
"REACTOME","REACTOME_THE_ROLE_OF_GTSE1_IN_G2_M_PROGRESSION_AFTER_G2_CHECKPOINT",0.0567833026396562,0.209342097460038,0.105228221404324,0.416052754613923,1.31297428679097,66,"ENSG00000188229;ENSG00000161057;ENSG00000127922;ENSG00000166851;ENSG00000080824;ENSG00000101162;ENSG00000170315;ENSG00000157456;ENSG00000126067;ENSG00000176014;ENSG00000075218;ENSG00000204315;ENSG00000130706;ENSG00000167553;ENSG00000101182;ENSG00000165916;ENSG00000134057;ENSG00000096384;ENSG00000123416;ENSG00000100764;ENSG00000115233;ENSG00000100567;ENSG00000258947;ENSG00000221983;ENSG00000100902;ENSG00000143947;ENSG00000103035;ENSG00000170312;ENSG00000277791;ENSG00000129084;ENSG00000175166"
"REACTOME","REACTOME_CONSTITUTIVE_SIGNALING_BY_ABERRANT_PI3K_IN_CANCER",0.0570137066200058,0.20964415038398,0.0715673164948964,-0.465020421677985,-1.34552272811793,74,"ENSG00000157168;ENSG00000185737;ENSG00000140538;ENSG00000156427;ENSG00000145675;ENSG00000178568;ENSG00000077782;ENSG00000134853;ENSG00000179295;ENSG00000138685;ENSG00000185950;ENSG00000010810;ENSG00000169047;ENSG00000134962;ENSG00000113070;ENSG00000113721;ENSG00000160867;ENSG00000158815;ENSG00000146648;ENSG00000166225;ENSG00000109458;ENSG00000066468;ENSG00000141506;ENSG00000197461;ENSG00000070193;ENSG00000182866"
"REACTOME","REACTOME_METABOLISM_OF_NITRIC_OXIDE_NOS3_ACTIVATION_AND_REGULATION",0.0573278963780283,0.209707227165223,0.0922972084621158,0.613226007376088,1.45868484755518,17,"ENSG00000106299;ENSG00000142208;ENSG00000153904;ENSG00000103018;ENSG00000198668;ENSG00000116096;ENSG00000080824;ENSG00000120992;ENSG00000079805;ENSG00000161544"
"REACTOME","REACTOME_MITOCHONDRIAL_TRNA_AMINOACYLATION",0.0572687224669604,0.209707227165223,0.0933040495921608,0.570976586321031,1.43975173384342,21,"ENSG00000067704;ENSG00000011376;ENSG00000117593;ENSG00000143374;ENSG00000145982;ENSG00000172053;ENSG00000106105;ENSG00000065427;ENSG00000138777;ENSG00000137411;ENSG00000137513"
"REACTOME","REACTOME_REGULATION_OF_PD_L1_CD274_POST_TRANSLATIONAL_MODIFICATION",0.0574826560951437,0.209730001049982,0.108573492628993,0.395117935382816,1.29573380465666,83,"ENSG00000099958;ENSG00000106617;ENSG00000118705;ENSG00000163902;ENSG00000161057;ENSG00000127922;ENSG00000165280;ENSG00000204308;ENSG00000162409;ENSG00000181929;ENSG00000170315;ENSG00000107566;ENSG00000244038;ENSG00000126067;ENSG00000130706;ENSG00000101182;ENSG00000165916;ENSG00000134825;ENSG00000135446;ENSG00000228474;ENSG00000121067;ENSG00000100764;ENSG00000115233;ENSG00000071537;ENSG00000135506;ENSG00000100567;ENSG00000221983;ENSG00000100902;ENSG00000143947;ENSG00000103035;ENSG00000147475;ENSG00000277791;ENSG00000129084;ENSG00000175166;ENSG00000198856;ENSG00000131791;ENSG00000204435"
"REACTOME","REACTOME_RNA_POLYMERASE_III_TRANSCRIPTION",0.0578512396694215,0.21053080003408,0.0986244904449457,0.47548491874371,1.38199640966081,41,"ENSG00000008441;ENSG00000185024;ENSG00000141905;ENSG00000161980;ENSG00000121851;ENSG00000100413;ENSG00000163882;ENSG00000122034;ENSG00000168495;ENSG00000241258;ENSG00000148308;ENSG00000115207;ENSG00000113356;ENSG00000171453;ENSG00000100142;ENSG00000013503"
"REACTOME","REACTOME_P53_DEPENDENT_G1_DNA_DAMAGE_RESPONSE",0.058055152394775,0.210729756250443,0.101117648743061,0.438753346785903,1.3396923118205,53,"ENSG00000133101;ENSG00000123374;ENSG00000175305;ENSG00000161057;ENSG00000127922;ENSG00000183765;ENSG00000170315;ENSG00000145386;ENSG00000126067;ENSG00000130706;ENSG00000101182;ENSG00000165916;ENSG00000147889;ENSG00000135679;ENSG00000100764;ENSG00000115233;ENSG00000143207;ENSG00000100567;ENSG00000221983;ENSG00000100902;ENSG00000105173;ENSG00000143947;ENSG00000103035;ENSG00000277791;ENSG00000129084;ENSG00000175166"
"REACTOME","REACTOME_TRANSLESION_SYNTHESIS_BY_POLK",0.0582873590789158,0.211030130819049,0.0915140765993025,0.612008725466607,1.45578929085145,17,"ENSG00000132646;ENSG00000049541;ENSG00000106399;ENSG00000117748;ENSG00000170315;ENSG00000163918;ENSG00000035928;ENSG00000133119;ENSG00000132383;ENSG00000221983;ENSG00000143947;ENSG00000111445;ENSG00000116670"
"REACTOME","REACTOME_RESOLUTION_OF_D_LOOP_STRUCTURES_THROUGH_SYNTHESIS_DEPENDENT_STRAND_ANNEALING_SDSA",0.05870236869207,0.211989116606657,0.0945554515592395,0.527005417923992,1.40314339324415,27,"ENSG00000175643;ENSG00000126215;ENSG00000127922;ENSG00000182185;ENSG00000178966;ENSG00000012048;ENSG00000196584;ENSG00000051180;ENSG00000101773;ENSG00000138346;ENSG00000258366;ENSG00000113522;ENSG00000139618;ENSG00000174371;ENSG00000083093"
"REACTOME","REACTOME_CYCLIN_A_B1_B2_ASSOCIATED_EVENTS_DURING_G2_M_TRANSITION",0.0591638180383907,0.213010222208133,0.0951997347571879,0.505662401983738,1.40130848853566,32,"ENSG00000133101;ENSG00000164045;ENSG00000123374;ENSG00000101224;ENSG00000020426;ENSG00000167393;ENSG00000127564;ENSG00000166851;ENSG00000145386;ENSG00000157456;ENSG00000134057;ENSG00000111206;ENSG00000136122;ENSG00000166483;ENSG00000170312;ENSG00000205629;ENSG00000221914;ENSG00000214517;ENSG00000082898"
"REACTOME","REACTOME_RAC2_GTPASE_CYCLE",0.0592868394672777,0.213010222208133,0.0694651820488471,-0.44952210782733,-1.3269034682963,85,"ENSG00000124126;ENSG00000166398;ENSG00000135090;ENSG00000160007;ENSG00000134215;ENSG00000145675;ENSG00000076706;ENSG00000135905;ENSG00000061676;ENSG00000165895;ENSG00000139436;ENSG00000138443;ENSG00000102401;ENSG00000139641;ENSG00000128512;ENSG00000150760;ENSG00000150093;ENSG00000130669;ENSG00000134909;ENSG00000046604;ENSG00000273749;ENSG00000038382;ENSG00000142627;ENSG00000129219"
"REACTOME","REACTOME_DEFECTIVE_B4GALT7_CAUSES_EDS_PROGEROID_TYPE",0.0605030591434398,0.216279289900094,0.0751440930078969,-0.626725559882918,-1.43063011823737,20,"ENSG00000076716;ENSG00000183098;ENSG00000142798;ENSG00000147257;ENSG00000115884;ENSG00000063660;ENSG00000038427;ENSG00000162512;ENSG00000182492;ENSG00000169439;ENSG00000188157;ENSG00000179399"
"REACTOME","REACTOME_TRANSCRIPTIONAL_REGULATION_BY_TP53",0.0604432505036938,0.216279289900094,0.151812881287453,0.292194375686569,1.14153904174301,356,"ENSG00000102054;ENSG00000104687;ENSG00000133101;ENSG00000106617;ENSG00000132646;ENSG00000106290;ENSG00000101158;ENSG00000169372;ENSG00000142208;ENSG00000123374;ENSG00000135423;ENSG00000106615;ENSG00000117450;ENSG00000101412;ENSG00000171792;ENSG00000175305;ENSG00000049541;ENSG00000113300;ENSG00000172613;ENSG00000005075;ENSG00000182973;ENSG00000175643;ENSG00000129173;ENSG00000120656;ENSG00000106399;ENSG00000164885;ENSG00000128245;ENSG00000149136;ENSG00000115129;ENSG00000036672;ENSG00000164053;ENSG00000168002;ENSG00000177606;ENSG00000106144;ENSG00000118495;ENSG00000158435;ENSG00000160211;ENSG00000020426;ENSG00000183765;ENSG00000169230;ENSG00000163875;ENSG00000145736;ENSG00000100462;ENSG00000178966;ENSG00000155363;ENSG00000136810;ENSG00000012048;ENSG00000163882;ENSG00000117748;ENSG00000162409;ENSG00000142453;ENSG00000181929;ENSG00000177058;ENSG00000170315;ENSG00000188186;ENSG00000095002;ENSG00000145386;ENSG00000177595;ENSG00000178999;ENSG00000149554;ENSG00000116478;ENSG00000167815;ENSG00000176340;ENSG00000163918;ENSG00000164924;ENSG00000101773;ENSG00000189043;ENSG00000057657;ENSG00000204356;ENSG00000115944;ENSG00000108984;ENSG00000127334;ENSG00000087586;ENSG00000134057;ENSG00000119487;ENSG00000120868;ENSG00000138346;ENSG00000116586;ENSG00000148835;ENSG00000092871;ENSG00000149480;ENSG00000158169;ENSG00000147889;ENSG00000100142;ENSG00000135679;ENSG00000133119;ENSG00000188986;ENSG00000088325;ENSG00000272047;ENSG00000155876;ENSG00000127184;ENSG00000165782;ENSG00000164919;ENSG00000132383;ENSG00000149932;ENSG00000113522;ENSG00000112062;ENSG00000090061;ENSG00000076242;ENSG00000126432;ENSG00000089685;ENSG00000134574"
"REACTOME","REACTOME_CARNITINE_SHUTTLE",0.0610969682943763,0.217302063555817,0.0876971923285634,0.655525942322736,1.45335755336566,13,"ENSG00000106617;ENSG00000157184;ENSG00000162409;ENSG00000165175;ENSG00000112033;ENSG00000197375;ENSG00000278540;ENSG00000131791;ENSG00000076555;ENSG00000178537"
"REACTOME","REACTOME_ACETYLCHOLINE_BINDING_AND_DOWNSTREAM_EVENTS",0.0610807956345714,0.217302063555817,0.076149236537059,-0.696460668003925,-1.44952626493133,13,"ENSG00000080644;ENSG00000138435;ENSG00000117971;ENSG00000175344;ENSG00000101204"
"REACTOME","REACTOME_PURINE_CATABOLISM",0.0616454785320221,0.218702049465365,0.0889177270391536,0.608023432097143,1.44630944658331,17,"ENSG00000135318;ENSG00000198805;ENSG00000112667;ENSG00000125877;ENSG00000275074;ENSG00000125458;ENSG00000165609"
"REACTOME","REACTOME_HEME_BIOSYNTHESIS",0.0620226799352002,0.218786666831346,0.0870211644808265,0.654200234922962,1.45041834571785,13,"ENSG00000023330;ENSG00000148218;ENSG00000143224;ENSG00000014919;ENSG00000188690;ENSG00000256269;ENSG00000126088;ENSG00000080819;ENSG00000066926"
"REACTOME","REACTOME_INTERLEUKIN_2_SIGNALING",0.0621341737955876,0.218786666831346,0.0857131468775338,0.681966139501186,1.44966595750199,11,"ENSG00000105639;ENSG00000120899;ENSG00000173757;ENSG00000126561;ENSG00000160691;ENSG00000165025;ENSG00000109471"
"REACTOME","REACTOME_NUCLEAR_ENVELOPE_BREAKDOWN",0.0618287373004354,0.218786666831346,0.0979108420486795,0.436317384407345,1.33225432851087,53,"ENSG00000155561;ENSG00000125450;ENSG00000075188;ENSG00000113368;ENSG00000100749;ENSG00000113569;ENSG00000134324;ENSG00000166851;ENSG00000157456;ENSG00000175334;ENSG00000095319;ENSG00000132793;ENSG00000058804;ENSG00000134057;ENSG00000085415;ENSG00000108559;ENSG00000161904;ENSG00000138750;ENSG00000120802;ENSG00000111581;ENSG00000110713;ENSG00000102900;ENSG00000170312;ENSG00000120253;ENSG00000093000;ENSG00000102119"
"REACTOME","REACTOME_PLATELET_HOMEOSTASIS",0.0623459475134116,0.218986263405316,0.0681021234212085,-0.4507453993915,-1.32063602567918,81,"ENSG00000118160;ENSG00000087460;ENSG00000112541;ENSG00000152402;ENSG00000061918;ENSG00000164116;ENSG00000176533;ENSG00000197584;ENSG00000123104;ENSG00000105568;ENSG00000116711;ENSG00000172380;ENSG00000083454;ENSG00000179295;ENSG00000157193;ENSG00000104695;ENSG00000070961;ENSG00000160191;ENSG00000128655;ENSG00000186642;ENSG00000137713;ENSG00000135124;ENSG00000156113;ENSG00000171121;ENSG00000123360"
"REACTOME","REACTOME_LATE_ENDOSOMAL_MICROAUTOPHAGY",0.0628451222718906,0.219104475673851,0.0922972084621158,0.503091063694832,1.39418271023574,32,"ENSG00000105355;ENSG00000141971;ENSG00000167987;ENSG00000196814;ENSG00000170315;ENSG00000254505;ENSG00000116288;ENSG00000160948;ENSG00000094631;ENSG00000221983;ENSG00000143947;ENSG00000164695;ENSG00000074319;ENSG00000147457;ENSG00000109971;ENSG00000176428;ENSG00000176108"
"REACTOME","REACTOME_CELLULAR_RESPONSE_TO_CHEMICAL_STRESS",0.0627256317689531,0.219104475673851,0.121736367223309,0.326711884374018,1.19931194956841,188,"ENSG00000104687;ENSG00000163932;ENSG00000145604;ENSG00000164978;ENSG00000142208;ENSG00000117450;ENSG00000163931;ENSG00000100348;ENSG00000161057;ENSG00000177156;ENSG00000033050;ENSG00000127922;ENSG00000101294;ENSG00000165280;ENSG00000178078;ENSG00000160211;ENSG00000254986;ENSG00000084207;ENSG00000136810;ENSG00000181019;ENSG00000121691;ENSG00000012048;ENSG00000023909;ENSG00000142657;ENSG00000103415;ENSG00000162409;ENSG00000142453;ENSG00000170315;ENSG00000167815;ENSG00000197930;ENSG00000176340;ENSG00000126067;ENSG00000185624;ENSG00000189043;ENSG00000130706;ENSG00000101182;ENSG00000115944;ENSG00000173039;ENSG00000142168;ENSG00000171791;ENSG00000165916;ENSG00000132109;ENSG00000101849;ENSG00000147889;ENSG00000165672;ENSG00000127184;ENSG00000109320;ENSG00000184470;ENSG00000164919;ENSG00000161011;ENSG00000100764;ENSG00000115233;ENSG00000126432;ENSG00000100567;ENSG00000221983;ENSG00000173992;ENSG00000100902;ENSG00000198712;ENSG00000143947;ENSG00000117592;ENSG00000233276;ENSG00000079999;ENSG00000103035;ENSG00000083093;ENSG00000185591;ENSG00000171552;ENSG00000277791;ENSG00000129084;ENSG00000175166"
"REACTOME","REACTOME_CO_INHIBITION_BY_PD_1",0.0627017058552328,0.219104475673851,0.123095330850962,0.323624495985542,1.19522671698465,196,"ENSG00000099958;ENSG00000102054;ENSG00000106462;ENSG00000134323;ENSG00000106617;ENSG00000118705;ENSG00000081059;ENSG00000163902;ENSG00000197905;ENSG00000162772;ENSG00000161057;ENSG00000127922;ENSG00000129691;ENSG00000177606;ENSG00000165280;ENSG00000074266;ENSG00000111679;ENSG00000155363;ENSG00000204308;ENSG00000162409;ENSG00000181929;ENSG00000196363;ENSG00000170315;ENSG00000107566;ENSG00000244038;ENSG00000246705;ENSG00000126067;ENSG00000184260;ENSG00000130706;ENSG00000101182;ENSG00000173039;ENSG00000165916;ENSG00000273983;ENSG00000134825;ENSG00000162961;ENSG00000185130;ENSG00000135446;ENSG00000109320;ENSG00000228474;ENSG00000121067;ENSG00000100764;ENSG00000115233;ENSG00000007866;ENSG00000105968;ENSG00000071537;ENSG00000135506;ENSG00000100567;ENSG00000221983;ENSG00000124635;ENSG00000100902;ENSG00000143947;ENSG00000158406;ENSG00000077150;ENSG00000278828;ENSG00000103035;ENSG00000147475;ENSG00000277791;ENSG00000129084;ENSG00000175166;ENSG00000198856;ENSG00000274641;ENSG00000131791;ENSG00000148737;ENSG00000204435;ENSG00000278463;ENSG00000275713"
"REACTOME","REACTOME_NEGATIVE_REGULATION_OF_FGFR4_SIGNALING",0.0631890735560309,0.219221061083822,0.0722438159950612,-0.584795867502867,-1.40711136119252,26,"ENSG00000156427;ENSG00000105568;ENSG00000179295;ENSG00000138685;ENSG00000104695;ENSG00000134962;ENSG00000160867;ENSG00000158815;ENSG00000166225"
"REACTOME","REACTOME_GLYCOSPHINGOLIPID_METABOLISM",0.0630656934306569,0.219221061083822,0.0972120409994456,0.432984382381117,1.32564294906662,54,"ENSG00000149328;ENSG00000129103;ENSG00000177628;ENSG00000235863;ENSG00000101638;ENSG00000101846;ENSG00000157399;ENSG00000174607;ENSG00000176597;ENSG00000064601;ENSG00000128242;ENSG00000135587;ENSG00000164291;ENSG00000054983;ENSG00000006756;ENSG00000128274;ENSG00000136699;ENSG00000144455;ENSG00000135454;ENSG00000100299;ENSG00000148154;ENSG00000176920;ENSG00000070610"
"REACTOME","REACTOME_FERTILIZATION",0.0633453175826057,0.219224481437841,0.0736532668184816,-0.635882013834109,-1.43630737498685,19,"ENSG00000010278;ENSG00000099338;ENSG00000099840"
"REACTOME","REACTOME_EICOSANOID_LIGAND_BINDING_RECEPTORS",0.0646441073512252,0.222866552741961,0.0855536111942314,0.640627752277394,1.44650958422054,14,"ENSG00000183134;ENSG00000125384;ENSG00000213903;ENSG00000213906;ENSG00000162881"
"REACTOME","REACTOME_FORMATION_OF_TUBULIN_FOLDING_INTERMEDIATES_BY_CCT_TRIC",0.0647133757961783,0.222866552741961,0.0894560863550852,0.526940246856105,1.39423179247334,26,"ENSG00000188229;ENSG00000115484;ENSG00000101162;ENSG00000163468;ENSG00000166226;ENSG00000120438;ENSG00000176014;ENSG00000167553;ENSG00000135624;ENSG00000146731;ENSG00000123416;ENSG00000258947"
"REACTOME","REACTOME_EARLY_SARS_COV_2_INFECTION_EVENTS",0.0653718616769304,0.224586541819527,0.0694651820488471,-0.535338694098139,-1.37939820603055,37,"ENSG00000076716;ENSG00000183098;ENSG00000142798;ENSG00000147257;ENSG00000115884;ENSG00000136003;ENSG00000140941;ENSG00000078142;ENSG00000063660;ENSG00000113249;ENSG00000162512;ENSG00000140564;ENSG00000169439;ENSG00000108654;ENSG00000188157;ENSG00000179399;ENSG00000130724;ENSG00000126581;ENSG00000099250"
"REACTOME","REACTOME_HS_GAG_DEGRADATION",0.0662557781201849,0.226520965389107,0.0719516678892624,-0.633580584265131,-1.43110898882241,19,"ENSG00000076716;ENSG00000183098;ENSG00000142798;ENSG00000010404;ENSG00000147257;ENSG00000115884;ENSG00000063660;ENSG00000162512;ENSG00000127415;ENSG00000169439;ENSG00000188157;ENSG00000179399"
"REACTOME","REACTOME_DNA_DAMAGE_TELOMERE_STRESS_INDUCED_SENESCENCE",0.0661577608142494,0.226520965389107,0.0991087684263433,0.400929649159691,1.29156362684862,74,"ENSG00000133101;ENSG00000123374;ENSG00000175305;ENSG00000137309;ENSG00000113368;ENSG00000145386;ENSG00000246705;ENSG00000100084;ENSG00000102977;ENSG00000184260;ENSG00000128513;ENSG00000099991;ENSG00000185130;ENSG00000113522;ENSG00000092330;ENSG00000105968;ENSG00000124635;ENSG00000105173;ENSG00000158406;ENSG00000274641;ENSG00000132604;ENSG00000278463;ENSG00000275713;ENSG00000188486;ENSG00000270276"
"REACTOME","REACTOME_SENSORY_PERCEPTION_OF_TASTE",0.0668352030336546,0.227950016143769,0.0686890698977699,-0.53215980757294,-1.37549108604622,38,"ENSG00000153253;ENSG00000124493;ENSG00000152822;ENSG00000130529;ENSG00000105711;ENSG00000136531;ENSG00000177098;ENSG00000111664;ENSG00000078369;ENSG00000255837"
"REACTOME","REACTOME_AMYLOID_FIBER_FORMATION",0.0688597713967103,0.233725954836911,0.0633201262592919,-0.426852425696048,-1.29044990583634,101,"ENSG00000101439;ENSG00000254647;ENSG00000140545;ENSG00000130203;ENSG00000142798;ENSG00000138613;ENSG00000124486;ENSG00000205155;ENSG00000142192;ENSG00000103365;ENSG00000140564;ENSG00000132475;ENSG00000137845;ENSG00000136156;ENSG00000120708;ENSG00000184678;ENSG00000274750;ENSG00000270882;ENSG00000196470;ENSG00000104327;ENSG00000196890"
"REACTOME","REACTOME_CELLULAR_RESPONSE_TO_HEAT_STRESS",0.0686996144409394,0.233725954836911,0.10216770010847,0.373875077814296,1.25837739494763,99,"ENSG00000044574;ENSG00000155561;ENSG00000125450;ENSG00000075188;ENSG00000162889;ENSG00000126803;ENSG00000106399;ENSG00000110958;ENSG00000102882;ENSG00000165280;ENSG00000113569;ENSG00000132002;ENSG00000107262;ENSG00000112110;ENSG00000004478;ENSG00000080824;ENSG00000117748;ENSG00000170315;ENSG00000164070;ENSG00000070808;ENSG00000187051;ENSG00000095319;ENSG00000058804;ENSG00000204388;ENSG00000096384;ENSG00000158941;ENSG00000085415;ENSG00000108559;ENSG00000105821;ENSG00000107018;ENSG00000132383;ENSG00000187522;ENSG00000185122;ENSG00000166170;ENSG00000138750;ENSG00000094631;ENSG00000204390;ENSG00000111581;ENSG00000110713;ENSG00000156508;ENSG00000102900;ENSG00000198793"
"REACTOME","REACTOME_SIGNALING_BY_NUCLEAR_RECEPTORS",0.069065794256634,0.233863073118386,0.0587077763275074,-0.365289210143801,-1.22064191063506,276,"ENSG00000213694;ENSG00000140443;ENSG00000082175;ENSG00000107562;ENSG00000004799;ENSG00000129514;ENSG00000196208;ENSG00000165029;ENSG00000176533;ENSG00000130203;ENSG00000105221;ENSG00000125740;ENSG00000087245;ENSG00000100979;ENSG00000145675;ENSG00000126457;ENSG00000131408;ENSG00000105698;ENSG00000078687;ENSG00000178568;ENSG00000170345;ENSG00000171940;ENSG00000160179;ENSG00000143171;ENSG00000188042;ENSG00000007944;ENSG00000166426;ENSG00000105258;ENSG00000172380;ENSG00000011485;ENSG00000117020;ENSG00000105971;ENSG00000115548;ENSG00000099817;ENSG00000124151;ENSG00000115966;ENSG00000180530;ENSG00000113070;ENSG00000118260;ENSG00000110435;ENSG00000146648;ENSG00000132475;ENSG00000090905;ENSG00000132855;ENSG00000126070;ENSG00000102978;ENSG00000184678;ENSG00000274750;ENSG00000169398;ENSG00000122547;ENSG00000136997;ENSG00000134698;ENSG00000127663;ENSG00000196498;ENSG00000117984;ENSG00000143320;ENSG00000172819;ENSG00000108654;ENSG00000171604;ENSG00000092847;ENSG00000130208;ENSG00000125931;ENSG00000106211;ENSG00000270882;ENSG00000177565;ENSG00000111664;ENSG00000003137;ENSG00000196890;ENSG00000100354;ENSG00000164754;ENSG00000005339;ENSG00000078369;ENSG00000127955;ENSG00000125686;ENSG00000273802;ENSG00000129315;ENSG00000091831;ENSG00000153922;ENSG00000175893"
"REACTOME","REACTOME_CROSSLINKING_OF_COLLAGEN_FIBRILS",0.0697754157380422,0.234039911923297,0.0700863026681222,-0.645267689164267,-1.42798180198975,17,"ENSG00000130508;ENSG00000138131;ENSG00000188153;ENSG00000164692;ENSG00000108821;ENSG00000168487;ENSG00000113083"
"REACTOME","REACTOME_RNA_POLYMERASE_III_TRANSCRIPTION_INITIATION_FROM_TYPE_1_PROMOTER",0.0693018480492813,0.234039911923297,0.0866887573078026,0.511597252129293,1.37946713377904,28,"ENSG00000185024;ENSG00000161980;ENSG00000121851;ENSG00000100413;ENSG00000163882;ENSG00000122034;ENSG00000168495;ENSG00000241258;ENSG00000148308;ENSG00000115207;ENSG00000113356;ENSG00000171453;ENSG00000100142;ENSG00000013503"
"REACTOME","REACTOME_FOXO_MEDIATED_TRANSCRIPTION",0.0694796481288206,0.234039911923297,0.0652926206630866,-0.475571032695864,-1.33837342947226,62,"ENSG00000254647;ENSG00000164442;ENSG00000122585;ENSG00000221866;ENSG00000118046;ENSG00000105221;ENSG00000156804;ENSG00000117020;ENSG00000133639;ENSG00000096717;ENSG00000066427;ENSG00000113916;ENSG00000001167;ENSG00000138764;ENSG00000116717"
"REACTOME","REACTOME_SNRNP_ASSEMBLY",0.0697810218978102,0.234039911923297,0.0922972084621158,0.429663130153306,1.31547446545144,54,"ENSG00000046647;ENSG00000155561;ENSG00000125450;ENSG00000075188;ENSG00000113569;ENSG00000100462;ENSG00000092208;ENSG00000152147;ENSG00000125835;ENSG00000143977;ENSG00000095319;ENSG00000058804;ENSG00000085415;ENSG00000108559;ENSG00000139343;ENSG00000138750;ENSG00000100028;ENSG00000205571;ENSG00000111581;ENSG00000110713;ENSG00000102900;ENSG00000182004;ENSG00000120253;ENSG00000093000;ENSG00000167088;ENSG00000101146;ENSG00000094914;ENSG00000116455;ENSG00000082516;ENSG00000126883;ENSG00000114503;ENSG00000157020;ENSG00000136937;ENSG00000124789;ENSG00000136243"
"REACTOME","REACTOME_PI3K_EVENTS_IN_ERBB2_SIGNALING",0.0706806282722513,0.236495372323267,0.0702666782298212,-0.668281013400796,-1.43695092498117,15,"ENSG00000157168;ENSG00000185737;ENSG00000145675;ENSG00000178568;ENSG00000113070;ENSG00000146648;ENSG00000109458"
"REACTOME","REACTOME_RHOG_GTPASE_CYCLE",0.0710935209615948,0.237314542784331,0.0639357739676871,-0.458757642153115,-1.32118685986243,72,"ENSG00000124126;ENSG00000147459;ENSG00000166398;ENSG00000160007;ENSG00000134215;ENSG00000145675;ENSG00000076706;ENSG00000139641;ENSG00000128512;ENSG00000150760;ENSG00000205726;ENSG00000150093;ENSG00000130762;ENSG00000130669;ENSG00000134909;ENSG00000046604;ENSG00000273749;ENSG00000038382;ENSG00000142627;ENSG00000062598;ENSG00000074695;ENSG00000114790;ENSG00000147799;ENSG00000242173;ENSG00000075785"
"REACTOME","REACTOME_PURINE_RIBONUCLEOSIDE_MONOPHOSPHATE_BIOSYNTHESIS",0.0713642503376857,0.237656418577387,0.0798002089527527,0.674463567934267,1.43371762522521,11,"ENSG00000178035;ENSG00000159131;ENSG00000106348;ENSG00000128050;ENSG00000163655;ENSG00000239900"
"REACTOME","REACTOME_EICOSANOIDS",0.0717327953373683,0.238321663567915,0.0794123736887832,0.694256699774306,1.43872093486091,10,"ENSG00000059377;ENSG00000186529;ENSG00000186204"
"REACTOME","REACTOME_PROCESSIVE_SYNTHESIS_ON_THE_C_STRAND_OF_THE_TELOMERE",0.0747416486421533,0.244861271189607,0.0805924900764779,0.571079996085015,1.40485732359582,19,"ENSG00000132646;ENSG00000106628;ENSG00000175482;ENSG00000106399;ENSG00000168496;ENSG00000117748;ENSG00000102977;ENSG00000128513;ENSG00000077514;ENSG00000138346;ENSG00000132383;ENSG00000092330"
"REACTOME","REACTOME_GLUCAGON_TYPE_LIGAND_RECEPTORS",0.0745168686537832,0.244861271189607,0.0661161203199431,-0.565913822124887,-1.37785534146199,28,"ENSG00000087460;ENSG00000141433;ENSG00000215644;ENSG00000176533;ENSG00000010310;ENSG00000112164;ENSG00000080293;ENSG00000172380"
"REACTOME","REACTOME_METALLOPROTEASE_DUBS",0.0740245857830037,0.244861271189607,0.0855536111942314,0.484429906942406,1.35291997381837,34,"ENSG00000158019;ENSG00000012048;ENSG00000170315;ENSG00000184260;ENSG00000138134;ENSG00000163322;ENSG00000105393;ENSG00000115233;ENSG00000221983;ENSG00000185515;ENSG00000143947;ENSG00000196787;ENSG00000278463;ENSG00000124356;ENSG00000277075;ENSG00000087206;ENSG00000165660"
"REACTOME","REACTOME_ACTIVATION_OF_GENE_EXPRESSION_BY_SREBF_SREBP",0.074494599833841,0.244861271189607,0.0868545009090863,0.456137807166911,1.33258961830614,42,"ENSG00000001630;ENSG00000169710;ENSG00000112972;ENSG00000160752;ENSG00000163344;ENSG00000072310;ENSG00000142453;ENSG00000149809;ENSG00000172893;ENSG00000101849;ENSG00000167508;ENSG00000198911;ENSG00000067064;ENSG00000185591;ENSG00000170522;ENSG00000278540;ENSG00000152904;ENSG00000076555;ENSG00000110921;ENSG00000130589;ENSG00000104549"
"REACTOME","REACTOME_CYCLIN_D_ASSOCIATED_EVENTS_IN_G1",0.0742743312464428,0.244861271189607,0.0882143061853503,0.440306635989605,1.31168881804664,47,"ENSG00000129757;ENSG00000145604;ENSG00000112576;ENSG00000123374;ENSG00000101412;ENSG00000175305;ENSG00000129355;ENSG00000007968;ENSG00000020426;ENSG00000167393;ENSG00000170315;ENSG00000135446;ENSG00000147889;ENSG00000173207;ENSG00000221983;ENSG00000096968;ENSG00000105173;ENSG00000143947;ENSG00000205250"
"REACTOME","REACTOME_APC_C_CDH1_MEDIATED_DEGRADATION_OF_CDC20_AND_OTHER_APC_C_CDH1_TARGETED_PROTEINS_IN_LATE_MITOSIS_EARLY_G1",0.0747074707470747,0.244861271189607,0.0903747338112327,0.412217101170206,1.28839673800599,61,"ENSG00000145604;ENSG00000161057;ENSG00000127922;ENSG00000117399;ENSG00000166295;ENSG00000166851;ENSG00000141552;ENSG00000170315;ENSG00000178999;ENSG00000126067;ENSG00000175063;ENSG00000130706;ENSG00000101182;ENSG00000165916;ENSG00000087586;ENSG00000164611;ENSG00000100764;ENSG00000115233;ENSG00000100567;ENSG00000221983;ENSG00000053900;ENSG00000176386;ENSG00000100902;ENSG00000143947;ENSG00000103035;ENSG00000277791;ENSG00000129084;ENSG00000175166"
"REACTOME","REACTOME_INCRETIN_SYNTHESIS_SECRETION_AND_INACTIVATION",0.0749746707193516,0.245056099666029,0.0669695786521622,-0.598870769641671,-1.39283624357129,22,"ENSG00000126266;ENSG00000175426;ENSG00000016082;ENSG00000007372;ENSG00000165556;ENSG00000111664;ENSG00000078369;ENSG00000166562;ENSG00000168036;ENSG00000140612"
"REACTOME","REACTOME_FCGR3A_MEDIATED_IL10_SYNTHESIS",0.0755253594564702,0.246285929682531,0.0644263908163349,-0.52519106568028,-1.3574787479893,38,"ENSG00000254087;ENSG00000121281;ENSG00000155897;ENSG00000123104;ENSG00000173175;ENSG00000108946;ENSG00000010810;ENSG00000124181;ENSG00000118260;ENSG00000150995;ENSG00000078295;ENSG00000005249;ENSG00000176105;ENSG00000101336;ENSG00000129467"
"REACTOME","REACTOME_HCMV_INFECTION",0.0759803921568627,0.247198879551821,0.104938859783548,0.334034537376068,1.20177910415552,156,"ENSG00000102054;ENSG00000106462;ENSG00000155561;ENSG00000125450;ENSG00000075188;ENSG00000131475;ENSG00000141971;ENSG00000167987;ENSG00000188229;ENSG00000113569;ENSG00000074266;ENSG00000131165;ENSG00000196814;ENSG00000101162;ENSG00000176014;ENSG00000254505;ENSG00000184260;ENSG00000167553;ENSG00000095319;ENSG00000144635;ENSG00000058804;ENSG00000273983;ENSG00000101849;ENSG00000185130;ENSG00000126767;ENSG00000085415;ENSG00000108559;ENSG00000123416;ENSG00000109320;ENSG00000132612;ENSG00000132522;ENSG00000160948;ENSG00000138750;ENSG00000258947;ENSG00000124635;ENSG00000088986;ENSG00000111581;ENSG00000110713;ENSG00000102900;ENSG00000158406;ENSG00000278828;ENSG00000164695;ENSG00000196787;ENSG00000120253;ENSG00000093000;ENSG00000274641;ENSG00000278463;ENSG00000275713;ENSG00000270276;ENSG00000261456;ENSG00000171720;ENSG00000101146;ENSG00000094914"
"REACTOME","REACTOME_NUCLEAR_IMPORT_OF_REV_PROTEIN",0.0766969535008017,0.248956547915246,0.0840040435343081,0.483044408172704,1.34905054104313,34,"ENSG00000155561;ENSG00000125450;ENSG00000075188;ENSG00000180198;ENSG00000108424;ENSG00000113569;ENSG00000132341;ENSG00000095319;ENSG00000058804;ENSG00000085415;ENSG00000108559;ENSG00000138750;ENSG00000111581;ENSG00000110713;ENSG00000102900;ENSG00000120253;ENSG00000093000;ENSG00000101146;ENSG00000094914"
"REACTOME","REACTOME_KILLING_MECHANISMS",0.0773461060847969,0.250487848146177,0.0676101640365674,-0.694865538360789,-1.42192402758159,12,"ENSG00000155760;ENSG00000114251"
"REACTOME","REACTOME_MITOCHONDRIAL_IRON_SULFUR_CLUSTER_BIOGENESIS",0.0777597778292062,0.250677639942555,0.0774315909249512,0.638834804234897,1.41635186061112,13,"ENSG00000244005;ENSG00000182512;ENSG00000161513;ENSG00000147454;ENSG00000267673;ENSG00000165898;ENSG00000155287"
"REACTOME","REACTOME_TRIGLYCERIDE_CATABOLISM",0.0777076250607091,0.250677639942555,0.0794123736887832,0.557620479118565,1.38905355776384,20,"ENSG00000105355;ENSG00000172531;ENSG00000164687;ENSG00000006757;ENSG00000074416;ENSG00000164434;ENSG00000072062;ENSG00000170231"
"REACTOME","REACTOME_CONSTITUTIVE_SIGNALING_BY_OVEREXPRESSED_ERBB2",0.0781179648806844,0.25082341473425,0.076149236537059,0.670063027880243,1.42436332925443,11,"ENSG00000141736;ENSG00000080824;ENSG00000127947;ENSG00000160691;ENSG00000174775;ENSG00000177885;ENSG00000105401;ENSG00000213281"
"REACTOME","REACTOME_SUMOYLATION_OF_DNA_REPLICATION_PROTEINS",0.0781602708803612,0.25082341473425,0.0855536111942314,0.439965741695015,1.30629498377871,46,"ENSG00000132646;ENSG00000155561;ENSG00000125450;ENSG00000075188;ENSG00000100401;ENSG00000113569;ENSG00000134690;ENSG00000178999;ENSG00000149503;ENSG00000095319;ENSG00000087586;ENSG00000058804;ENSG00000085415;ENSG00000108559;ENSG00000089685;ENSG00000138750;ENSG00000111581;ENSG00000110713;ENSG00000102900;ENSG00000103275;ENSG00000120253;ENSG00000093000"
"REACTOME","REACTOME_PROCESSING_AND_ACTIVATION_OF_SUMO",0.0788666305720989,0.25119468999405,0.06752914363158,-0.725922877962405,-1.42414338839706,10,"ENSG00000126261;ENSG00000142230;ENSG00000116030"
"REACTOME","REACTOME_TELOMERE_EXTENSION_BY_TELOMERASE",0.0789081885856079,0.25119468999405,0.079670326613859,0.534945757683637,1.37563293943552,23,"ENSG00000133101;ENSG00000123374;ENSG00000144736;ENSG00000164362;ENSG00000145386;ENSG00000145912;ENSG00000102977;ENSG00000128513;ENSG00000130826;ENSG00000258366;ENSG00000206560;ENSG00000141499;ENSG00000092330"
"REACTOME","REACTOME_EXPRESSION_OF_BMAL_ARNTL_CLOCK_AND_NPAS2",0.0789137380191693,0.25119468999405,0.0633201262592919,-0.53640613973625,-1.36055823332918,34,"ENSG00000069667;ENSG00000082014;ENSG00000096717;ENSG00000115966;ENSG00000180530;ENSG00000118260;ENSG00000134852;ENSG00000177565;ENSG00000116604;ENSG00000170485;ENSG00000005339;ENSG00000108557;ENSG00000125686;ENSG00000084676;ENSG00000177200;ENSG00000141027;ENSG00000186951;ENSG00000126368;ENSG00000100393;ENSG00000140577"
"REACTOME","REACTOME_ENDOSOMAL_SORTING_COMPLEX_REQUIRED_FOR_TRANSPORT_ESCRT",0.0791404612159329,0.25119468999405,0.081824488294614,0.490420122911476,1.35039931989107,31,"ENSG00000131475;ENSG00000141971;ENSG00000167987;ENSG00000196814;ENSG00000170315;ENSG00000254505;ENSG00000132612;ENSG00000160948;ENSG00000185359;ENSG00000221983;ENSG00000143947;ENSG00000164695;ENSG00000074319;ENSG00000147457;ENSG00000176428;ENSG00000176108;ENSG00000159210"
"REACTOME","REACTOME_SARS_COV_1_ACTIVATES_MODULATES_INNATE_IMMUNE_RESPONSES",0.079343365253078,0.25119468999405,0.0835547516226498,0.460763463752811,1.33224038344587,40,"ENSG00000149476;ENSG00000123609;ENSG00000108424;ENSG00000121060;ENSG00000196262;ENSG00000115267;ENSG00000170315;ENSG00000088888;ENSG00000173039;ENSG00000109320;ENSG00000182481;ENSG00000221983;ENSG00000197111;ENSG00000143947;ENSG00000133661"
"REACTOME","REACTOME_SUMOYLATION",0.0793303283966516,0.25119468999405,0.0563335007829073,-0.381021626048393,-1.22973640951298,187,"ENSG00000119042;ENSG00000256683;ENSG00000082175;ENSG00000126261;ENSG00000069667;ENSG00000033800;ENSG00000061273;ENSG00000213024;ENSG00000131408;ENSG00000197299;ENSG00000142230;ENSG00000151623;ENSG00000116030;ENSG00000067369;ENSG00000068024;ENSG00000111752;ENSG00000130726;ENSG00000172845;ENSG00000151090;ENSG00000088305;ENSG00000141570;ENSG00000180530;ENSG00000140464;ENSG00000077097;ENSG00000119772;ENSG00000170004;ENSG00000163002;ENSG00000196498;ENSG00000131788;ENSG00000153201;ENSG00000169375;ENSG00000100201;ENSG00000108654;ENSG00000078043;ENSG00000173889;ENSG00000139372;ENSG00000270882;ENSG00000121481;ENSG00000182568;ENSG00000120798;ENSG00000012504;ENSG00000168283;ENSG00000111424;ENSG00000164754;ENSG00000005339;ENSG00000153234;ENSG00000091831;ENSG00000132182;ENSG00000055044;ENSG00000084676;ENSG00000139496;ENSG00000008196"
"REACTOME","REACTOME_FOXO_MEDIATED_TRANSCRIPTION_OF_CELL_DEATH_GENES",0.0795811518324607,0.251383862164283,0.0660400458643361,-0.657891396504224,-1.41461096722335,15,"ENSG00000164442;ENSG00000118046;ENSG00000113916;ENSG00000001167;ENSG00000150907;ENSG00000005339;ENSG00000105327;ENSG00000153094;ENSG00000100393;ENSG00000066136"
"REACTOME","REACTOME_PI_3K_CASCADE_FGFR2",0.0807113543091655,0.254327510720728,0.0648554401962692,-0.627561766303638,-1.4038131803885,18,"ENSG00000156427;ENSG00000145675;ENSG00000179295;ENSG00000138685;ENSG00000158815;ENSG00000166225;ENSG00000109458;ENSG00000066468;ENSG00000070193"
"REACTOME","REACTOME_REGULATION_OF_INSULIN_LIKE_GROWTH_FACTOR_IGF_TRANSPORT_AND_UPTAKE_BY_INSULIN_LIKE_GROWTH_FACTOR_BINDING_PROTEINS_IGFBPS",0.0808732665110531,0.254327510720728,0.0576940932334375,-0.410733866682426,-1.26046681001712,115,"ENSG00000101439;ENSG00000115414;ENSG00000171951;ENSG00000163430;ENSG00000140545;ENSG00000177706;ENSG00000101938;ENSG00000163453;ENSG00000136026;ENSG00000130203;ENSG00000104805;ENSG00000087245;ENSG00000166147;ENSG00000135862;ENSG00000172037;ENSG00000147257;ENSG00000104112;ENSG00000113739;ENSG00000115461;ENSG00000154305;ENSG00000142192;ENSG00000070404;ENSG00000038427;ENSG00000116183;ENSG00000049449;ENSG00000150687;ENSG00000137845;ENSG00000146674;ENSG00000049323;ENSG00000118785;ENSG00000169439;ENSG00000140943;ENSG00000182752;ENSG00000180210;ENSG00000041982;ENSG00000006118;ENSG00000151655;ENSG00000158874"
"REACTOME","REACTOME_ER_QUALITY_CONTROL_COMPARTMENT_ERQC",0.0812530592266275,0.254954043617773,0.0779134661483548,0.544824277882289,1.37380711838853,21,"ENSG00000088298;ENSG00000136731;ENSG00000204308;ENSG00000162298;ENSG00000170315;ENSG00000177239;ENSG00000134109;ENSG00000071537;ENSG00000135506;ENSG00000221983;ENSG00000143947"
"REACTOME","REACTOME_TBC_RABGAPS",0.0816677076826983,0.255686925161796,0.0614439060918817,-0.505151526778618,-1.33637121114092,43,"ENSG00000166128;ENSG00000104946;ENSG00000103769;ENSG00000154917;ENSG00000165699;ENSG00000011454;ENSG00000029725;ENSG00000140941;ENSG00000103365;ENSG00000177169"
"REACTOME","REACTOME_GP1B_IX_V_ACTIVATION_SIGNALLING",0.0821942446043165,0.256058064091932,0.0659642175442741,-0.706161192495386,-1.41370523806859,11,"ENSG00000145675;ENSG00000164692;ENSG00000203618;ENSG00000108821"
"REACTOME","REACTOME_RNA_POLYMERASE_III_CHAIN_ELONGATION",0.0823302840635532,0.256058064091932,0.0767245323920217,0.576384052596157,1.39340501612437,18,"ENSG00000161980;ENSG00000121851;ENSG00000100413;ENSG00000163882;ENSG00000168495;ENSG00000241258;ENSG00000113356;ENSG00000171453;ENSG00000100142;ENSG00000013503;ENSG00000186184;ENSG00000148606;ENSG00000186141;ENSG00000177700"
"REACTOME","REACTOME_HDMS_DEMETHYLATE_HISTONES",0.0821516646115906,0.256058064091932,0.0608321173593861,-0.495497258625974,-1.33134820668521,47,"ENSG00000117139;ENSG00000183878;ENSG00000115548;ENSG00000006459;ENSG00000132510;ENSG00000170854;ENSG00000012817;ENSG00000274750;ENSG00000173120;ENSG00000127663;ENSG00000172943;ENSG00000270882;ENSG00000089094;ENSG00000126012;ENSG00000147050;ENSG00000073614;ENSG00000197061"
"REACTOME","REACTOME_RESPIRATORY_SYNCYTIAL_VIRUS_INFECTION_PATHWAY",0.0829058644114793,0.257281495712107,0.0572305462580584,-0.414709316917197,-1.26107524573699,107,"ENSG00000140443;ENSG00000076716;ENSG00000183098;ENSG00000166233;ENSG00000063322;ENSG00000142798;ENSG00000147257;ENSG00000115884;ENSG00000175221;ENSG00000155111;ENSG00000104973;ENSG00000118579;ENSG00000126456;ENSG00000063660;ENSG00000186298;ENSG00000162512;ENSG00000132964;ENSG00000140564;ENSG00000146648;ENSG00000123066;ENSG00000170458;ENSG00000131711;ENSG00000108510;ENSG00000115053;ENSG00000169439;ENSG00000042429;ENSG00000112282;ENSG00000213639;ENSG00000162434;ENSG00000144566;ENSG00000137462;ENSG00000005339;ENSG00000188157;ENSG00000125686;ENSG00000179399;ENSG00000166562;ENSG00000126581"
"REACTOME","REACTOME_REGULATION_OF_CDH11_FUNCTION",0.0839928057553957,0.258316608515762,0.0652191815441775,-0.704205157942736,-1.40978933852283,11,"ENSG00000135074;ENSG00000044115;ENSG00000149451;ENSG00000126016;ENSG00000140937;ENSG00000168036"
"REACTOME","REACTOME_ERYTHROPOIETIN_ACTIVATES_PHOSPHOINOSITIDE_3_KINASE_PI3K",0.0852517985611511,0.258316608515762,0.0647115329729563,-0.703282796115929,-1.40794280863729,11,"ENSG00000254087;ENSG00000145675;ENSG00000185950;ENSG00000109458;ENSG00000141506"
"REACTOME","REACTOME_CELLULAR_HEXOSE_TRANSPORT",0.0843547224224946,0.258316608515762,0.0756977855210356,0.561311098659785,1.38082582680837,19,"ENSG00000169241;ENSG00000117394;ENSG00000100170;ENSG00000163581;ENSG00000160326;ENSG00000158715"
"REACTOME","REACTOME_G_ALPHA_Z_SIGNALLING_EVENTS",0.0847562868674325,0.258316608515762,0.0600616151238803,-0.500149424577848,-1.33449609807862,45,"ENSG00000087460;ENSG00000117152;ENSG00000121281;ENSG00000176533;ENSG00000155897;ENSG00000065675;ENSG00000091844;ENSG00000171700;ENSG00000154229;ENSG00000173175;ENSG00000172380;ENSG00000126583"
"REACTOME","REACTOME_HDR_THROUGH_SINGLE_STRAND_ANNEALING_SSA",0.0847642409375852,0.258316608515762,0.0805924900764779,0.468693234402896,1.33105959893331,37,"ENSG00000171792;ENSG00000049541;ENSG00000172613;ENSG00000175643;ENSG00000106399;ENSG00000164053;ENSG00000178966;ENSG00000012048;ENSG00000117748;ENSG00000051180;ENSG00000163918;ENSG00000101773;ENSG00000138346;ENSG00000133119;ENSG00000132383;ENSG00000113522"
"REACTOME","REACTOME_RSV_HOST_INTERACTIONS",0.0851277634223371,0.258316608515762,0.0574867959986614,-0.433273413623483,-1.27717694563599,84,"ENSG00000076716;ENSG00000183098;ENSG00000166233;ENSG00000063322;ENSG00000142798;ENSG00000147257;ENSG00000115884;ENSG00000175221;ENSG00000155111;ENSG00000104973;ENSG00000118579;ENSG00000126456;ENSG00000063660;ENSG00000162512;ENSG00000132964;ENSG00000123066;ENSG00000170458;ENSG00000131711;ENSG00000108510;ENSG00000169439;ENSG00000042429;ENSG00000112282;ENSG00000162434;ENSG00000137462;ENSG00000005339;ENSG00000188157;ENSG00000125686;ENSG00000179399"
"REACTOME","REACTOME_CYTOSOLIC_SENSORS_OF_PATHOGEN_ASSOCIATED_DNA",0.083763277693475,0.258316608515762,0.0857131468775338,0.406626527863164,1.2730456509824,62,"ENSG00000169871;ENSG00000213689;ENSG00000185507;ENSG00000104365;ENSG00000161980;ENSG00000121851;ENSG00000100413;ENSG00000163882;ENSG00000196419;ENSG00000127666;ENSG00000170315;ENSG00000168495;ENSG00000183258;ENSG00000241258;ENSG00000164430;ENSG00000173039;ENSG00000132109;ENSG00000113356;ENSG00000171453;ENSG00000100142;ENSG00000269335;ENSG00000109320;ENSG00000013503;ENSG00000221983;ENSG00000143947;ENSG00000186184;ENSG00000077150"
"REACTOME","REACTOME_CYCLIN_A_CDK2_ASSOCIATED_EVENTS_AT_S_PHASE_ENTRY",0.0840821566110398,0.258316608515762,0.0880409553363699,0.390225940350237,1.25898840911476,75,"ENSG00000145604;ENSG00000133101;ENSG00000164045;ENSG00000142208;ENSG00000123374;ENSG00000101412;ENSG00000175305;ENSG00000101224;ENSG00000161057;ENSG00000127922;ENSG00000020426;ENSG00000170315;ENSG00000145386;ENSG00000126067;ENSG00000130706;ENSG00000101182;ENSG00000165916;ENSG00000135446;ENSG00000173207;ENSG00000100764;ENSG00000115233;ENSG00000100567;ENSG00000221983;ENSG00000100902;ENSG00000105173;ENSG00000143947;ENSG00000205250;ENSG00000166483;ENSG00000103035;ENSG00000277791;ENSG00000129084;ENSG00000175166"
"REACTOME","REACTOME_NEGATIVE_REGULATION_OF_THE_PI3K_AKT_NETWORK",0.0837493067110372,0.258316608515762,0.0569271714142935,-0.413400185971422,-1.25766880181138,108,"ENSG00000254647;ENSG00000157168;ENSG00000185737;ENSG00000140538;ENSG00000105221;ENSG00000156427;ENSG00000145675;ENSG00000105568;ENSG00000178568;ENSG00000077782;ENSG00000134853;ENSG00000117020;ENSG00000179295;ENSG00000138685;ENSG00000185950;ENSG00000010810;ENSG00000169047;ENSG00000104695;ENSG00000134962;ENSG00000113070;ENSG00000113721;ENSG00000160867;ENSG00000158815;ENSG00000146648;ENSG00000137713;ENSG00000166225;ENSG00000276293;ENSG00000109458;ENSG00000171862;ENSG00000066468;ENSG00000141506;ENSG00000197461;ENSG00000070193;ENSG00000182866;ENSG00000143398;ENSG00000078304;ENSG00000091831"
"REACTOME","REACTOME_SELECTIVE_AUTOPHAGY",0.0849563465413029,0.258316608515762,0.0896376494762061,0.378630439996194,1.25131386869635,88,"ENSG00000105355;ENSG00000106617;ENSG00000213585;ENSG00000188229;ENSG00000244687;ENSG00000175768;ENSG00000078668;ENSG00000165280;ENSG00000196683;ENSG00000080824;ENSG00000101162;ENSG00000162409;ENSG00000181929;ENSG00000170315;ENSG00000176014;ENSG00000167553;ENSG00000144635;ENSG00000116288;ENSG00000123416;ENSG00000247077;ENSG00000161011;ENSG00000185122;ENSG00000100216;ENSG00000131508;ENSG00000258947;ENSG00000094631;ENSG00000221983;ENSG00000214736;ENSG00000088986;ENSG00000143947"
"REACTOME","REACTOME_DEATH_RECEPTOR_SIGNALING",0.0846245530393325,0.258316608515762,0.055241759405866,-0.391784530103844,-1.23830059768798,151,"ENSG00000105270;ENSG00000124126;ENSG00000090924;ENSG00000154358;ENSG00000116584;ENSG00000113319;ENSG00000110237;ENSG00000134215;ENSG00000126861;ENSG00000136002;ENSG00000171680;ENSG00000064012;ENSG00000139132;ENSG00000138613;ENSG00000143801;ENSG00000072401;ENSG00000083799;ENSG00000146426;ENSG00000076928;ENSG00000106052;ENSG00000205155;ENSG00000110851;ENSG00000205726;ENSG00000100485;ENSG00000055208;ENSG00000177169;ENSG00000130762;ENSG00000104312;ENSG00000102606;ENSG00000118503;ENSG00000135341;ENSG00000165801;ENSG00000236699;ENSG00000170776;ENSG00000197530;ENSG00000163947;ENSG00000038382;ENSG00000166681;ENSG00000101966;ENSG00000151694;ENSG00000169783;ENSG00000179222"
"REACTOME","REACTOME_MITOCHONDRIAL_BIOGENESIS",0.085999312005504,0.260023615742552,0.0901888162992841,0.372503633863687,1.23662795156955,92,"ENSG00000106028;ENSG00000106554;ENSG00000173153;ENSG00000106617;ENSG00000184831;ENSG00000023330;ENSG00000132305;ENSG00000241468;ENSG00000159199;ENSG00000156411;ENSG00000198668;ENSG00000182054;ENSG00000131069;ENSG00000162409;ENSG00000142453;ENSG00000181929;ENSG00000174917;ENSG00000178307;ENSG00000007923;ENSG00000173436;ENSG00000101849;ENSG00000142082;ENSG00000167863;ENSG00000112062;ENSG00000173171;ENSG00000135390"
"REACTOME","REACTOME_CARBOXYTERMINAL_POST_TRANSLATIONAL_MODIFICATIONS_OF_TUBULIN",0.0862359550561798,0.260181984058389,0.0811334140842608,0.439130527079674,1.29873413745273,45,"ENSG00000119685;ENSG00000134779;ENSG00000100304;ENSG00000145029;ENSG00000188229;ENSG00000114999;ENSG00000084693;ENSG00000101162;ENSG00000176014;ENSG00000167553;ENSG00000123416;ENSG00000186094;ENSG00000258947"
"REACTOME","REACTOME_INTERLEUKIN_6_SIGNALING",0.0868705035971223,0.261537635563191,0.0640748785378994,-0.701886724728131,-1.40514793197935,11,"ENSG00000160712;ENSG00000134352;ENSG00000179295;ENSG00000115415;ENSG00000162434"
"REACTOME","REACTOME_ATTACHMENT_AND_ENTRY",0.0873138161273754,0.26231299653586,0.0622655030196783,-0.614752248545042,-1.38858022269104,19,"ENSG00000076716;ENSG00000183098;ENSG00000142798;ENSG00000147257;ENSG00000115884;ENSG00000063660;ENSG00000113249;ENSG00000162512;ENSG00000140564;ENSG00000169439;ENSG00000188157;ENSG00000179399;ENSG00000099250"
"REACTOME","REACTOME_INSULIN_RECEPTOR_SIGNALLING_CASCADE",0.0879458794587946,0.262630974488576,0.0585987461758163,-0.491230689547775,-1.32445424631586,48,"ENSG00000106070;ENSG00000254647;ENSG00000105221;ENSG00000156427;ENSG00000145675;ENSG00000077782;ENSG00000179295;ENSG00000138685;ENSG00000078142;ENSG00000185950;ENSG00000169047;ENSG00000134962;ENSG00000160867;ENSG00000158815;ENSG00000166225;ENSG00000109458"
"REACTOME","REACTOME_TCF_DEPENDENT_SIGNALING_IN_RESPONSE_TO_WNT",0.0879776564681986,0.262630974488576,0.052891019675301,-0.370919193542391,-1.21064998843443,212,"ENSG00000174804;ENSG00000164930;ENSG00000099341;ENSG00000114251;ENSG00000133275;ENSG00000105221;ENSG00000065717;ENSG00000272333;ENSG00000171016;ENSG00000036257;ENSG00000105568;ENSG00000162552;ENSG00000013275;ENSG00000107854;ENSG00000196628;ENSG00000108379;ENSG00000143816;ENSG00000101282;ENSG00000110693;ENSG00000163785;ENSG00000181449;ENSG00000168772;ENSG00000104695;ENSG00000139292;ENSG00000118518;ENSG00000173273;ENSG00000132475;ENSG00000166167;ENSG00000070018;ENSG00000115464;ENSG00000137713;ENSG00000184678;ENSG00000274750;ENSG00000136997;ENSG00000041357;ENSG00000108854;ENSG00000196781;ENSG00000173692;ENSG00000101966;ENSG00000134371;ENSG00000113712;ENSG00000168646;ENSG00000104371;ENSG00000134982;ENSG00000171056;ENSG00000270882;ENSG00000213923;ENSG00000196890;ENSG00000005339;ENSG00000177283;ENSG00000138592;ENSG00000082701;ENSG00000205213;ENSG00000163251;ENSG00000078304;ENSG00000273802"
"REACTOME","REACTOME_REGULATION_OF_TP53_ACTIVITY",0.0876395204630012,0.262630974488576,0.0981470491928706,0.327263535004088,1.18092997201728,160,"ENSG00000102054;ENSG00000133101;ENSG00000106617;ENSG00000106290;ENSG00000142208;ENSG00000123374;ENSG00000171792;ENSG00000049541;ENSG00000172613;ENSG00000175643;ENSG00000120656;ENSG00000106399;ENSG00000164885;ENSG00000149136;ENSG00000036672;ENSG00000164053;ENSG00000183765;ENSG00000163875;ENSG00000100462;ENSG00000178966;ENSG00000012048;ENSG00000117748;ENSG00000162409;ENSG00000181929;ENSG00000170315;ENSG00000145386;ENSG00000178999;ENSG00000149554;ENSG00000116478;ENSG00000163918;ENSG00000101773;ENSG00000057657;ENSG00000108984;ENSG00000127334;ENSG00000087586;ENSG00000119487;ENSG00000138346;ENSG00000148835;ENSG00000092871;ENSG00000149480;ENSG00000147889;ENSG00000135679;ENSG00000133119;ENSG00000088325;ENSG00000165782;ENSG00000132383;ENSG00000113522;ENSG00000112062"
"REACTOME","REACTOME_TRANSCRIPTIONAL_ACTIVITY_OF_SMAD2_SMAD3_SMAD4_HETEROTRIMER",0.0885959534028204,0.263918747267473,0.0582749924019855,-0.483209887347681,-1.31138974411184,50,"ENSG00000177426;ENSG00000136603;ENSG00000118707;ENSG00000164692;ENSG00000101665;ENSG00000072401;ENSG00000124486;ENSG00000115415;ENSG00000132964;ENSG00000140564;ENSG00000157933;ENSG00000136997;ENSG00000114126;ENSG00000108854;ENSG00000196498;ENSG00000147883;ENSG00000082258;ENSG00000197323;ENSG00000157450;ENSG00000129315"
"REACTOME","REACTOME_DISEASES_ASSOCIATED_WITH_GLYCOSAMINOGLYCAN_METABOLISM",0.0890854525351445,0.264818229430788,0.059038272169415,-0.512924546586918,-1.33175389953439,39,"ENSG00000076716;ENSG00000131873;ENSG00000183098;ENSG00000142798;ENSG00000147257;ENSG00000115884;ENSG00000063660;ENSG00000038427;ENSG00000162512;ENSG00000122863;ENSG00000182492;ENSG00000169439;ENSG00000188157;ENSG00000122176;ENSG00000179399"
"REACTOME","REACTOME_PHOSPHORYLATION_OF_CLOCK_ACETYLATION_OF_BMAL1_ARNTL_AT_TARGET_GENE_PROMOTERS",0.0893884892086331,0.264924362396875,0.0631185759587299,-0.699529668497295,-1.40042920376918,11,"ENSG00000069667;ENSG00000121671;ENSG00000132326;ENSG00000134852;ENSG00000179094;ENSG00000005339;ENSG00000118058"
"REACTOME","REACTOME_INTERLEUKIN_12_FAMILY_SIGNALING",0.0894964028776978,0.264924362396875,0.0805924900764779,0.423567038790171,1.28270443936354,51,"ENSG00000127022;ENSG00000136167;ENSG00000110711;ENSG00000113368;ENSG00000169813;ENSG00000177156;ENSG00000148834;ENSG00000196262;ENSG00000081985;ENSG00000099810;ENSG00000100911;ENSG00000120438;ENSG00000185624;ENSG00000142168;ENSG00000162594;ENSG00000006451;ENSG00000182718;ENSG00000116489;ENSG00000172757;ENSG00000096968;ENSG00000105397;ENSG00000089157"
"REACTOME","REACTOME_SYNTHESIS_OF_PE",0.0898052691867125,0.265093429700868,0.071472137805893,0.643095090381612,1.3972122421538,12,"ENSG00000143845;ENSG00000185813;ENSG00000134324;ENSG00000241878;ENSG00000138018;ENSG00000132793"
"REACTOME","REACTOME_METABOLISM_OF_STEROID_HORMONES",0.0899290034183539,0.265093429700868,0.0767245323920217,0.480544238627973,1.33170019772983,32,"ENSG00000085662;ENSG00000101846;ENSG00000128039;ENSG00000161513;ENSG00000267673;ENSG00000131748;ENSG00000198189;ENSG00000174448;ENSG00000137714;ENSG00000145545;ENSG00000164211;ENSG00000149084;ENSG00000130948;ENSG00000010270"
"REACTOME","REACTOME_REGULATION_OF_MITF_M_DEPENDENT_GENES_INVOLVED_IN_CELL_CYCLE_AND_PROLIFERATION",0.091478093403948,0.269098058096614,0.0726386507219513,0.568229934817639,1.37369248493361,18,"ENSG00000123374;ENSG00000101224;ENSG00000081059;ENSG00000105976;ENSG00000166851;ENSG00000116478;ENSG00000134057;ENSG00000147889;ENSG00000169567"
"REACTOME","REACTOME_PHENYLALANINE_AND_TYROSINE_METABOLISM",0.0918505177847816,0.269205132978244,0.0699966062484901,0.658830726568929,1.40048665284447,11,"ENSG00000113924;ENSG00000100577;ENSG00000171097;ENSG00000171759;ENSG00000166228"
"REACTOME","REACTOME_KEAP1_NFE2L2_PATHWAY",0.0918958031837916,0.269205132978244,0.0894560863550852,0.353359887989008,1.21192652845891,111,"ENSG00000104687;ENSG00000163932;ENSG00000145604;ENSG00000142208;ENSG00000117450;ENSG00000163931;ENSG00000161057;ENSG00000177156;ENSG00000033050;ENSG00000127922;ENSG00000165280;ENSG00000160211;ENSG00000254986;ENSG00000136810;ENSG00000181019;ENSG00000012048;ENSG00000023909;ENSG00000142657;ENSG00000162409;ENSG00000170315;ENSG00000126067;ENSG00000130706;ENSG00000101182;ENSG00000173039;ENSG00000171791;ENSG00000165916;ENSG00000132109;ENSG00000147889;ENSG00000109320;ENSG00000161011;ENSG00000100764;ENSG00000115233;ENSG00000100567;ENSG00000221983;ENSG00000100902;ENSG00000143947;ENSG00000079999;ENSG00000103035;ENSG00000083093;ENSG00000185591;ENSG00000171552;ENSG00000277791;ENSG00000129084;ENSG00000175166"
"REACTOME","REACTOME_SIGNALING_BY_ROBO_RECEPTORS",0.0925317050258337,0.270506765003058,0.101902204113224,0.313819472564273,1.15849450120356,201,"ENSG00000070756;ENSG00000161057;ENSG00000071051;ENSG00000171858;ENSG00000127922;ENSG00000130255;ENSG00000168028;ENSG00000198755;ENSG00000112306;ENSG00000162244;ENSG00000108518;ENSG00000205937;ENSG00000161016;ENSG00000100316;ENSG00000147403;ENSG00000136942;ENSG00000067560;ENSG00000114867;ENSG00000110700;ENSG00000163923;ENSG00000137154;ENSG00000149806;ENSG00000142937;ENSG00000170315;ENSG00000144713;ENSG00000121454;ENSG00000231500;ENSG00000114302;ENSG00000072062;ENSG00000126067;ENSG00000118181;ENSG00000130706;ENSG00000167526;ENSG00000101182;ENSG00000188846;ENSG00000107187;ENSG00000198034;ENSG00000174748;ENSG00000229117;ENSG00000140988;ENSG00000105640;ENSG00000165916;ENSG00000182899;ENSG00000108298;ENSG00000166441;ENSG00000266028;ENSG00000197728;ENSG00000149273;ENSG00000186468;ENSG00000197958;ENSG00000109475;ENSG00000099331;ENSG00000131469;ENSG00000164587;ENSG00000148303;ENSG00000037241;ENSG00000171863;ENSG00000265681;ENSG00000156482;ENSG00000172809;ENSG00000147604;ENSG00000138326;ENSG00000163682;ENSG00000179841;ENSG00000198918;ENSG00000100764;ENSG00000145425;ENSG00000115233;ENSG00000213741;ENSG00000124614;ENSG00000134419;ENSG00000145592;ENSG00000165502;ENSG00000141543;ENSG00000116251;ENSG00000149269;ENSG00000177600;ENSG00000100567;ENSG00000161970;ENSG00000221983;ENSG00000071082;ENSG00000100902;ENSG00000125691;ENSG00000089157;ENSG00000103342;ENSG00000233927;ENSG00000143947"
"REACTOME","REACTOME_O_LINKED_GLYCOSYLATION",0.0941919538651654,0.274791402598375,0.0531803682854594,-0.405040222084886,-1.24299406032351,115,"ENSG00000112902;ENSG00000262655;ENSG00000181027;ENSG00000138722;ENSG00000005108;ENSG00000156966;ENSG00000118600;ENSG00000173157;ENSG00000158089;ENSG00000140297;ENSG00000197558;ENSG00000187720;ENSG00000167889;ENSG00000136378;ENSG00000140873;ENSG00000186866;ENSG00000156218;ENSG00000176928;ENSG00000139629;ENSG00000163638;ENSG00000170340;ENSG00000174473;ENSG00000177191;ENSG00000196968;ENSG00000136114;ENSG00000008513;ENSG00000100626;ENSG00000154736;ENSG00000176945;ENSG00000184005;ENSG00000137801;ENSG00000106392;ENSG00000156140;ENSG00000143641;ENSG00000145808;ENSG00000176383;ENSG00000117983;ENSG00000186340;ENSG00000173269;ENSG00000237172;ENSG00000187676;ENSG00000087116;ENSG00000172728;ENSG00000140470;ENSG00000164574;ENSG00000126759;ENSG00000157350;ENSG00000154734;ENSG00000151388"
"REACTOME","REACTOME_GABA_RECEPTOR_ACTIVATION",0.0946377031748443,0.27552255027398,0.0559949767165323,-0.471696085561191,-1.3023257105536,55,"ENSG00000113327;ENSG00000121281;ENSG00000176533;ENSG00000155897;ENSG00000168135;ENSG00000173175;ENSG00000172380;ENSG00000182256;ENSG00000268089;ENSG00000141404;ENSG00000156642;ENSG00000157542;ENSG00000183185;ENSG00000111664;ENSG00000151834;ENSG00000078295;ENSG00000078369;ENSG00000136928;ENSG00000127955;ENSG00000204681;ENSG00000242616;ENSG00000129467;ENSG00000162989"
"REACTOME","REACTOME_IRAK1_RECRUITS_IKK_COMPLEX",0.0954492415402567,0.277313434269223,0.0699072347347811,0.613572642193765,1.38542032310286,14,"ENSG00000184216;ENSG00000174516;ENSG00000244687;ENSG00000104365;ENSG00000170315;ENSG00000269335;ENSG00000221983;ENSG00000143947"
"REACTOME","REACTOME_DOWNSTREAM_SIGNALING_OF_ACTIVATED_FGFR1",0.0959463877084014,0.277615367713653,0.0577985195763119,-0.553214191999048,-1.34297947043643,27,"ENSG00000125848;ENSG00000126500;ENSG00000145675;ENSG00000077782;ENSG00000185070;ENSG00000179295;ENSG00000138685;ENSG00000124181;ENSG00000158815;ENSG00000166225;ENSG00000109458"
"REACTOME","REACTOME_FCERI_MEDIATED_CA_2_MOBILIZATION",0.095861623019722,0.277615367713653,0.0574867959986614,-0.536774413359574,-1.33405378030363,31,"ENSG00000254087;ENSG00000134215;ENSG00000123104;ENSG00000074966;ENSG00000138814;ENSG00000124181"
"REACTOME","REACTOME_REGULATION_OF_TBK1_IKK_MEDIATED_ACTIVATION_OF_IRF3_IRF7_UPON_TLR3_LIGATION",0.0968032417829806,0.277817433734896,0.0681021234212085,0.655129740605275,1.39261940981005,11,"ENSG00000127666;ENSG00000170315;ENSG00000221983;ENSG00000143947;ENSG00000123240"
"REACTOME","REACTOME_PRESYNAPTIC_NICOTINIC_ACETYLCHOLINE_RECEPTORS",0.0962230215827338,0.277817433734896,0.060711786175293,-0.69281323864675,-1.38698319149643,11,"ENSG00000080644;ENSG00000138435;ENSG00000117971;ENSG00000101204"
"REACTOME","REACTOME_PREGNENOLONE_BIOSYNTHESIS",0.0966781214203895,0.277817433734896,0.0687740931754234,0.637309292748635,1.38464180365361,12,"ENSG00000085662;ENSG00000161513;ENSG00000267673;ENSG00000131748;ENSG00000174448;ENSG00000137714;ENSG00000164211;ENSG00000010270"
"REACTOME","REACTOME_FATTY_ACYL_COA_BIOSYNTHESIS",0.0967309753483387,0.277817433734896,0.0746018195047473,0.465806317516299,1.30979377887763,35,"ENSG00000140284;ENSG00000204228;ENSG00000143554;ENSG00000169710;ENSG00000066322;ENSG00000221988;ENSG00000099797;ENSG00000164181;ENSG00000068366;ENSG00000012660;ENSG00000176715"
"REACTOME","REACTOME_TELOMERE_C_STRAND_SYNTHESIS_INITIATION",0.0971997222865078,0.278389468293203,0.068945037482762,0.622920530517543,1.38106854317063,13,"ENSG00000101868;ENSG00000198056;ENSG00000014138;ENSG00000146143;ENSG00000102977;ENSG00000128513;ENSG00000092330;ENSG00000107960"
"REACTOME","REACTOME_EPHA_MEDIATED_GROWTH_CONE_COLLAPSE",0.0984700520833333,0.280888310185185,0.0568770392020171,-0.542626251849314,-1.33026259117418,29,"ENSG00000116106;ENSG00000254087;ENSG00000135333;ENSG00000145242;ENSG00000044524;ENSG00000010810;ENSG00000067900;ENSG00000080224;ENSG00000105357;ENSG00000142627;ENSG00000070886"
"REACTOME","REACTOME_RMTS_METHYLATE_HISTONE_ARGININES",0.0984276729559748,0.280888310185185,0.0803258897498862,0.386554129777491,1.23936378580347,72,"ENSG00000102054;ENSG00000077080;ENSG00000185238;ENSG00000100462;ENSG00000142453;ENSG00000196363;ENSG00000108604;ENSG00000246705;ENSG00000184260;ENSG00000140988;ENSG00000127616;ENSG00000273983;ENSG00000135446;ENSG00000105968;ENSG00000096968;ENSG00000132600;ENSG00000158406;ENSG00000278828;ENSG00000066117;ENSG00000198890;ENSG00000196787;ENSG00000136518;ENSG00000278463;ENSG00000188486;ENSG00000270276;ENSG00000172301;ENSG00000116455;ENSG00000173473;ENSG00000277075;ENSG00000099956"
"REACTOME","REACTOME_POLO_LIKE_KINASE_MEDIATED_EVENTS",0.0987654320987654,0.281162883313421,0.0692905673045036,0.587059301708941,1.37396684759135,16,"ENSG00000101057;ENSG00000164045;ENSG00000127564;ENSG00000166851;ENSG00000157456;ENSG00000134057;ENSG00000111206"
"REACTOME","REACTOME_TRANSPORT_OF_THE_SLBP_DEPENDANT_MATURE_MRNA",0.0996498788042015,0.283109917246544,0.0736532668184816,0.459020526423709,1.29781463500871,36,"ENSG00000155561;ENSG00000125450;ENSG00000163950;ENSG00000075188;ENSG00000183684;ENSG00000113569;ENSG00000095319;ENSG00000058804;ENSG00000085415;ENSG00000108559;ENSG00000138750;ENSG00000111581;ENSG00000110713;ENSG00000102900;ENSG00000120253;ENSG00000093000;ENSG00000101146;ENSG00000094914;ENSG00000126883;ENSG00000114503;ENSG00000157020;ENSG00000136937;ENSG00000124789;ENSG00000136243"
"REACTOME","REACTOME_GLUCAGON_LIKE_PEPTIDE_1_GLP1_REGULATES_INSULIN_SECRETION",0.0999842047069973,0.283489351498555,0.0555209399162646,-0.506693865261192,-1.315576599759,39,"ENSG00000087460;ENSG00000158445;ENSG00000176533;ENSG00000155897;ENSG00000123104;ENSG00000112164;ENSG00000173175;ENSG00000172380;ENSG00000108946"
"REACTOME","REACTOME_TRANSCRIPTIONAL_REGULATION_BY_E2F6",0.100213789417424,0.283570883080967,0.0731409447045026,0.466638752423325,1.30323268580992,34,"ENSG00000102054;ENSG00000106462;ENSG00000101412;ENSG00000171848;ENSG00000074266;ENSG00000126756;ENSG00000012048;ENSG00000051180;ENSG00000149554;ENSG00000101773;ENSG00000120868"
"REACTOME","REACTOME_DEVELOPMENTAL_CELL_LINEAGES",0.10048886474742,0.283780554046714,0.0510532623450575,-0.396290285230123,-1.23142533517275,129,"ENSG00000101680;ENSG00000161249;ENSG00000082175;ENSG00000115414;ENSG00000140545;ENSG00000105825;ENSG00000139219;ENSG00000135862;ENSG00000204248;ENSG00000172037;ENSG00000164692;ENSG00000171502;ENSG00000108821;ENSG00000138685;ENSG00000130635;ENSG00000118777;ENSG00000165272;ENSG00000150093;ENSG00000146648;ENSG00000170835;ENSG00000010438;ENSG00000053747;ENSG00000152804;ENSG00000121966;ENSG00000134873;ENSG00000058085;ENSG00000196739;ENSG00000070193;ENSG00000138772;ENSG00000001626"
"REACTOME","REACTOME_NUCLEAR_EVENTS_MEDIATED_BY_NFE2L2",0.101026830076184,0.284730307520104,0.081407821962867,0.372069226650592,1.22581221578412,85,"ENSG00000104687;ENSG00000117450;ENSG00000163931;ENSG00000161057;ENSG00000177156;ENSG00000033050;ENSG00000127922;ENSG00000160211;ENSG00000136810;ENSG00000181019;ENSG00000023909;ENSG00000142657;ENSG00000162409;ENSG00000170315;ENSG00000126067;ENSG00000130706;ENSG00000101182;ENSG00000173039;ENSG00000171791;ENSG00000165916;ENSG00000147889;ENSG00000109320;ENSG00000161011;ENSG00000100764;ENSG00000115233;ENSG00000100567;ENSG00000221983;ENSG00000100902;ENSG00000143947;ENSG00000079999;ENSG00000103035;ENSG00000185591;ENSG00000171552;ENSG00000277791;ENSG00000129084;ENSG00000175166"
"REACTOME","REACTOME_RND3_GTPASE_CYCLE",0.10170552339227,0.285531906599618,0.0547397849350589,-0.497680350312959,-1.31145628232279,42,"ENSG00000136026;ENSG00000160007;ENSG00000145675;ENSG00000115963;ENSG00000162738;ENSG00000171680;ENSG00000151208;ENSG00000168143;ENSG00000075391;ENSG00000067900;ENSG00000144283;ENSG00000142627"
"REACTOME","REACTOME_AUTOPHAGY",0.10171568627451,0.285531906599618,0.0903747338112327,0.325450218871867,1.17089470913816,156,"ENSG00000105355;ENSG00000106617;ENSG00000213585;ENSG00000106615;ENSG00000141971;ENSG00000167987;ENSG00000188229;ENSG00000244687;ENSG00000175768;ENSG00000078668;ENSG00000165280;ENSG00000196683;ENSG00000196814;ENSG00000080824;ENSG00000101162;ENSG00000162409;ENSG00000181929;ENSG00000177058;ENSG00000170315;ENSG00000188186;ENSG00000176014;ENSG00000254505;ENSG00000167553;ENSG00000144635;ENSG00000152348;ENSG00000116586;ENSG00000096384;ENSG00000116288;ENSG00000168010;ENSG00000123416;ENSG00000155876;ENSG00000247077;ENSG00000123395;ENSG00000161011;ENSG00000185122;ENSG00000100216;ENSG00000131508;ENSG00000160948;ENSG00000198382;ENSG00000144848;ENSG00000258947;ENSG00000094631;ENSG00000221983;ENSG00000214736;ENSG00000088986;ENSG00000143947;ENSG00000156508;ENSG00000070540;ENSG00000198793;ENSG00000164695;ENSG00000131095;ENSG00000141580;ENSG00000196455;ENSG00000123240;ENSG00000125703;ENSG00000131791;ENSG00000204435;ENSG00000149357;ENSG00000261456;ENSG00000156469;ENSG00000074319;ENSG00000170296;ENSG00000147457;ENSG00000185651;ENSG00000197548;ENSG00000057663;ENSG00000154174;ENSG00000109971"
"REACTOME","REACTOME_ION_HOMEOSTASIS",0.102190899341198,0.286296725932087,0.053988027400777,-0.475021943149828,-1.29253548417705,51,"ENSG00000118160;ENSG00000104936;ENSG00000186439;ENSG00000137731;ENSG00000105409;ENSG00000123104;ENSG00000143153;ENSG00000198363;ENSG00000129244;ENSG00000145349;ENSG00000137726;ENSG00000070961;ENSG00000144935"
"REACTOME","REACTOME_MEIOTIC_SYNAPSIS",0.102735368956743,0.287252160330537,0.0790299034720993,0.38412119563796,1.23741650343746,74,"ENSG00000066923;ENSG00000126803;ENSG00000113368;ENSG00000100918;ENSG00000012048;ENSG00000246705;ENSG00000102977;ENSG00000184260;ENSG00000161860;ENSG00000128513;ENSG00000185130;ENSG00000092330;ENSG00000118007;ENSG00000105968;ENSG00000124635;ENSG00000158406;ENSG00000103275;ENSG00000100242;ENSG00000175054;ENSG00000274641;ENSG00000132604;ENSG00000278463;ENSG00000275713;ENSG00000188486;ENSG00000270276;ENSG00000072501"
"REACTOME","REACTOME_CLASS_I_PEROXISOMAL_MEMBRANE_PROTEIN_IMPORT",0.104662457503643,0.29205347010803,0.0680194272735311,0.535829746247992,1.3347720237212,20,"ENSG00000101417;ENSG00000214253;ENSG00000072210;ENSG00000176894;ENSG00000131779;ENSG00000215193;ENSG00000121680;ENSG00000100372"
"REACTOME","REACTOME_REGULATION_OF_MRNA_STABILITY_BY_PROTEINS_THAT_BIND_AU_RICH_ELEMENTS",0.10527989821883,0.29205347010803,0.0780352840716953,0.38336726144537,1.23498776317784,74,"ENSG00000070756;ENSG00000163932;ENSG00000142208;ENSG00000162889;ENSG00000161057;ENSG00000127922;ENSG00000114867;ENSG00000161955;ENSG00000170315;ENSG00000126067;ENSG00000164924;ENSG00000130706;ENSG00000101182;ENSG00000165916;ENSG00000140694;ENSG00000112062;ENSG00000178896;ENSG00000100764;ENSG00000115233;ENSG00000107371;ENSG00000100567;ENSG00000221983;ENSG00000100902;ENSG00000123737;ENSG00000088247;ENSG00000143947;ENSG00000103035;ENSG00000277791;ENSG00000129084;ENSG00000175166;ENSG00000166913;ENSG00000120699;ENSG00000159377;ENSG00000087191;ENSG00000082898;ENSG00000130713;ENSG00000109971"
"REACTOME","REACTOME_ANTIGEN_PROCESSING_UBIQUITINATION_PROTEASOME_DEGRADATION",0.104965051819716,0.29205347010803,0.0467212718610304,-0.35107397180834,-1.17708665115621,290,"ENSG00000138411;ENSG00000065802;ENSG00000099341;ENSG00000171621;ENSG00000109670;ENSG00000183580;ENSG00000034677;ENSG00000183475;ENSG00000156804;ENSG00000036257;ENSG00000140367;ENSG00000116661;ENSG00000109790;ENSG00000269190;ENSG00000013275;ENSG00000261609;ENSG00000184182;ENSG00000161243;ENSG00000153827;ENSG00000007944;ENSG00000059145;ENSG00000239474;ENSG00000132879;ENSG00000146373;ENSG00000070423;ENSG00000170142;ENSG00000072401;ENSG00000163481;ENSG00000265491;ENSG00000109466;ENSG00000170633;ENSG00000064726;ENSG00000167196;ENSG00000124226;ENSG00000072201;ENSG00000118564;ENSG00000135108;ENSG00000108106;ENSG00000183655;ENSG00000104343;ENSG00000114423;ENSG00000103657;ENSG00000166167;ENSG00000115239;ENSG00000198961;ENSG00000197530;ENSG00000138081;ENSG00000131263;ENSG00000186187;ENSG00000041357;ENSG00000108854;ENSG00000163743;ENSG00000173692;ENSG00000154447;ENSG00000130725;ENSG00000198919;ENSG00000174989;ENSG00000112234;ENSG00000147912;ENSG00000099804;ENSG00000108306;ENSG00000033178;ENSG00000165338;ENSG00000109906;ENSG00000196470;ENSG00000103264;ENSG00000118496;ENSG00000161664;ENSG00000116663;ENSG00000196510;ENSG00000157450;ENSG00000119402;ENSG00000003096;ENSG00000146021;ENSG00000081307;ENSG00000113441;ENSG00000175931;ENSG00000163833;ENSG00000108395;ENSG00000144744;ENSG00000159459;ENSG00000152503;ENSG00000198881;ENSG00000122257;ENSG00000130177;ENSG00000198642;ENSG00000127481"
"REACTOME","REACTOME_REGULATION_OF_T_CELL_ACTIVATION_BY_CD28_FAMILY",0.10523613963039,0.29205347010803,0.0998483683168439,0.300803479353387,1.13304777383491,242,"ENSG00000099958;ENSG00000102054;ENSG00000106462;ENSG00000105647;ENSG00000134323;ENSG00000106617;ENSG00000142208;ENSG00000157873;ENSG00000118705;ENSG00000081059;ENSG00000066027;ENSG00000101255;ENSG00000163902;ENSG00000197905;ENSG00000162772;ENSG00000161057;ENSG00000112640;ENSG00000127922;ENSG00000129691;ENSG00000177606;ENSG00000165280;ENSG00000074266;ENSG00000111679;ENSG00000155363;ENSG00000204308;ENSG00000162409;ENSG00000181929;ENSG00000196363;ENSG00000170315;ENSG00000107566;ENSG00000154001;ENSG00000244038;ENSG00000006062;ENSG00000246705;ENSG00000100351;ENSG00000126067;ENSG00000184260;ENSG00000130706;ENSG00000101182;ENSG00000173039;ENSG00000165916;ENSG00000119487;ENSG00000273983;ENSG00000134825;ENSG00000162961;ENSG00000185130;ENSG00000135446;ENSG00000109320;ENSG00000228474;ENSG00000121067;ENSG00000100764;ENSG00000115233;ENSG00000007866;ENSG00000105968;ENSG00000051382;ENSG00000071537;ENSG00000149269;ENSG00000135506;ENSG00000100567;ENSG00000221983;ENSG00000124635;ENSG00000100902;ENSG00000143947;ENSG00000158406;ENSG00000077150;ENSG00000198793;ENSG00000278828;ENSG00000103035;ENSG00000147475;ENSG00000186654;ENSG00000277791;ENSG00000129084;ENSG00000175166;ENSG00000198856;ENSG00000274641;ENSG00000131791;ENSG00000177885;ENSG00000148737;ENSG00000204435;ENSG00000278463;ENSG00000275713"
"REACTOME","REACTOME_SYNTHESIS_SECRETION_AND_INACTIVATION_OF_GLUCOSE_DEPENDENT_INSULINOTROPIC_POLYPEPTIDE_GIP",0.105615208590037,0.292409165743396,0.0571289261785879,-0.657265760283385,-1.36795087840547,13,"ENSG00000126266;ENSG00000175426;ENSG00000016082"
"REACTOME","REACTOME_SIGNAL_ATTENUATION",0.106478974914275,0.293649048005775,0.057642075315137,-0.702209257192558,-1.37762109620932,10,"ENSG00000106070;ENSG00000254647;ENSG00000185950;ENSG00000169047"
"REACTOME","REACTOME_CA2_PATHWAY",0.106357336547153,0.293649048005775,0.0523648460142054,-0.458210904913971,-1.28082400966593,60,"ENSG00000174804;ENSG00000164930;ENSG00000176533;ENSG00000114251;ENSG00000123104;ENSG00000078687;ENSG00000154229;ENSG00000172380;ENSG00000138814;ENSG00000090905;ENSG00000135341;ENSG00000126070;ENSG00000136997;ENSG00000134698;ENSG00000168646;ENSG00000092847;ENSG00000150995;ENSG00000087258;ENSG00000104290;ENSG00000111664;ENSG00000100354;ENSG00000132915;ENSG00000078369;ENSG00000163251;ENSG00000242616;ENSG00000168036;ENSG00000182621;ENSG00000133703"
"REACTOME","REACTOME_G1_S_DNA_DAMAGE_CHECKPOINTS",0.107054455445545,0.294660606411518,0.0762633077782967,0.390314446980801,1.23449390399852,67,"ENSG00000133101;ENSG00000164045;ENSG00000123374;ENSG00000175305;ENSG00000161057;ENSG00000127922;ENSG00000183765;ENSG00000170315;ENSG00000145386;ENSG00000149554;ENSG00000126067;ENSG00000130706;ENSG00000101182;ENSG00000165916;ENSG00000147889;ENSG00000135679;ENSG00000112062;ENSG00000100764;ENSG00000115233;ENSG00000143207;ENSG00000100567;ENSG00000221983;ENSG00000100902;ENSG00000105173;ENSG00000143947;ENSG00000103035;ENSG00000277791;ENSG00000129084;ENSG00000175166"
"REACTOME","REACTOME_ZINC_INFLUX_INTO_CELLS_BY_THE_SLC39_GENE_FAMILY",0.107599193006052,0.295009826261254,0.0642851373333349,0.666572576893062,1.38135061756263,10,"ENSG00000139540;ENSG00000147804;ENSG00000104635;ENSG00000138821;ENSG00000143570"
"REACTOME","REACTOME_ESR_MEDIATED_SIGNALING",0.107509180701532,0.295009826261254,0.0473800742322709,-0.366237302185441,-1.19375210365707,208,"ENSG00000213694;ENSG00000140443;ENSG00000082175;ENSG00000107562;ENSG00000129514;ENSG00000196208;ENSG00000176533;ENSG00000105221;ENSG00000125740;ENSG00000087245;ENSG00000145675;ENSG00000126457;ENSG00000105698;ENSG00000078687;ENSG00000178568;ENSG00000170345;ENSG00000171940;ENSG00000105258;ENSG00000172380;ENSG00000011485;ENSG00000117020;ENSG00000105971;ENSG00000099817;ENSG00000124151;ENSG00000115966;ENSG00000180530;ENSG00000113070;ENSG00000118260;ENSG00000146648;ENSG00000132475;ENSG00000090905;ENSG00000126070;ENSG00000102978;ENSG00000184678;ENSG00000274750;ENSG00000169398;ENSG00000136997;ENSG00000134698;ENSG00000127663;ENSG00000117984;ENSG00000108654;ENSG00000171604;ENSG00000092847;ENSG00000125931;ENSG00000106211;ENSG00000270882;ENSG00000111664;ENSG00000196890;ENSG00000100354;ENSG00000164754;ENSG00000005339;ENSG00000078369;ENSG00000127955;ENSG00000125686;ENSG00000273802;ENSG00000129315;ENSG00000091831;ENSG00000153922;ENSG00000175893"
"REACTOME","REACTOME_BETA_CATENIN_INDEPENDENT_WNT_SIGNALING",0.10886932972241,0.29791374722489,0.0488083137912282,-0.391711950901799,-1.21857262917633,130,"ENSG00000155760;ENSG00000139174;ENSG00000174804;ENSG00000164930;ENSG00000176533;ENSG00000099341;ENSG00000114251;ENSG00000123104;ENSG00000162552;ENSG00000078687;ENSG00000013275;ENSG00000162738;ENSG00000154229;ENSG00000172380;ENSG00000126583;ENSG00000163785;ENSG00000138814;ENSG00000090905;ENSG00000135341;ENSG00000126070;ENSG00000136997;ENSG00000134698;ENSG00000041357;ENSG00000108854;ENSG00000173692;ENSG00000042753;ENSG00000168646;ENSG00000183020;ENSG00000141367;ENSG00000092847;ENSG00000196961;ENSG00000150995;ENSG00000087258;ENSG00000104290;ENSG00000111664;ENSG00000100354;ENSG00000132915;ENSG00000078369;ENSG00000177283;ENSG00000163251"
"REACTOME","REACTOME_GRB2_EVENTS_IN_ERBB2_SIGNALING",0.111343804537522,0.302341253859578,0.0552880218325674,-0.632798817805898,-1.36065641300485,15,"ENSG00000157168;ENSG00000185737;ENSG00000178568;ENSG00000113070;ENSG00000146648"
"REACTOME","REACTOME_ATTACHMENT_OF_BACTERIA_TO_EPITHELIAL_CELLS",0.111279972982101,0.302341253859578,0.054338253937587,-0.572705829477568,-1.33198258562227,22,"ENSG00000101680;ENSG00000115414;ENSG00000135862;ENSG00000188153;ENSG00000172037;ENSG00000130635;ENSG00000053747"
"REACTOME","REACTOME_RUNX2_REGULATES_OSTEOBLAST_DIFFERENTIATION",0.11118553248493,0.302341253859578,0.0541186374330882,-0.566961696535536,-1.32899662993783,23,"ENSG00000119042;ENSG00000114315;ENSG00000178573;ENSG00000108821;ENSG00000164683;ENSG00000097007;ENSG00000176105;ENSG00000242252;ENSG00000139687"
"REACTOME","REACTOME_HSF1_ACTIVATION",0.111197511664075,0.302341253859578,0.0681851045494384,0.477289296900489,1.29659518459067,29,"ENSG00000106399;ENSG00000110958;ENSG00000165280;ENSG00000132002;ENSG00000112110;ENSG00000004478;ENSG00000080824;ENSG00000117748;ENSG00000170315;ENSG00000204388;ENSG00000096384;ENSG00000107018;ENSG00000132383;ENSG00000185122;ENSG00000094631;ENSG00000156508"
"REACTOME","REACTOME_ACYL_CHAIN_REMODELLING_OF_PI",0.111584175980131,0.30240583640155,0.0557092269421475,-0.66533683658863,-1.36149856648854,12,"ENSG00000105499;ENSG00000176485;ENSG00000116711;ENSG00000125505;ENSG00000168907"
"REACTOME","REACTOME_EPHRIN_SIGNALING",0.111795925355247,0.30240583640155,0.0546050400863614,-0.597800337350071,-1.35028985664868,19,"ENSG00000108947;ENSG00000125266;ENSG00000133216;ENSG00000182580;ENSG00000010810;ENSG00000102606;ENSG00000137575"
"REACTOME","REACTOME_INSULIN_PROCESSING",0.113110964332893,0.305377976363375,0.0532220567988579,-0.553528263398506,-1.32132694840909,25,"ENSG00000164756;ENSG00000254647;ENSG00000175426;ENSG00000109472;ENSG00000182473;ENSG00000086619;ENSG00000170011;ENSG00000220205;ENSG00000125851"
"REACTOME","REACTOME_PKA_ACTIVATION_IN_GLUCAGON_SIGNALLING",0.113816925734024,0.306113331688461,0.054338253937587,-0.620658071200042,-1.35704023014931,16,"ENSG00000087460;ENSG00000121281;ENSG00000155897;ENSG00000173175;ENSG00000108946"
"REACTOME","REACTOME_HEDGEHOG_LIGAND_BIOGENESIS",0.113669064748201,0.306113331688461,0.0711887468782548,0.412321209335674,1.2486482592443,51,"ENSG00000185269;ENSG00000140323;ENSG00000161057;ENSG00000127922;ENSG00000165280;ENSG00000162298;ENSG00000170315;ENSG00000126067;ENSG00000185624;ENSG00000130706;ENSG00000101182;ENSG00000165916;ENSG00000100764;ENSG00000115233;ENSG00000071537;ENSG00000135506;ENSG00000100567;ENSG00000221983;ENSG00000100902;ENSG00000143947;ENSG00000103035;ENSG00000277791;ENSG00000129084;ENSG00000175166"
"REACTOME","REACTOME_INTERLEUKIN_15_SIGNALING",0.115285880980163,0.309474646281351,0.0633201262592919,0.599487904662646,1.35361759873201,14,"ENSG00000105639;ENSG00000173757;ENSG00000164136;ENSG00000126561;ENSG00000160691"
"REACTOME","REACTOME_SHC_MEDIATED_CASCADE_FGFR4",0.115881326352531,0.310482794705452,0.0541186374330882,-0.629330775581415,-1.35319936068343,15,"ENSG00000156427;ENSG00000138685;ENSG00000134962;ENSG00000160867;ENSG00000158815"
"REACTOME","REACTOME_DOWNSTREAM_SIGNALING_OF_ACTIVATED_FGFR2",0.117899603698811,0.313623414003759,0.0520480397540998,-0.551182234461878,-1.31572674429904,25,"ENSG00000156427;ENSG00000145675;ENSG00000179295;ENSG00000138685;ENSG00000124181;ENSG00000158815;ENSG00000166225;ENSG00000109458;ENSG00000066468;ENSG00000070193"
"REACTOME","REACTOME_INTERLEUKIN_RECEPTOR_SHC_SIGNALING",0.117892156862745,0.313623414003759,0.0642148359994021,0.513888562839502,1.30929705468807,22,"ENSG00000105639;ENSG00000105647;ENSG00000165458;ENSG00000111679;ENSG00000160691;ENSG00000051382;ENSG00000096968;ENSG00000033327;ENSG00000109471;ENSG00000177885"
"REACTOME","REACTOME_REGULATION_OF_EXPRESSION_AND_FUNCTION_OF_TYPE_II_CLASSICAL_CADHERINS",0.1181640625,0.313623414003759,0.0515824416487845,-0.532020821582827,-1.30426309870817,29,"ENSG00000135074;ENSG00000078687;ENSG00000163909;ENSG00000044115;ENSG00000152784;ENSG00000149451;ENSG00000090905;ENSG00000180828;ENSG00000126070;ENSG00000134698;ENSG00000092847;ENSG00000100354;ENSG00000126016;ENSG00000140937;ENSG00000168036;ENSG00000037965"
"REACTOME","REACTOME_SYNTHESIS_OF_PC",0.118069815195072,0.313623414003759,0.0657381960282851,0.479018483796839,1.29162197826545,28,"ENSG00000143036;ENSG00000214530;ENSG00000070214;ENSG00000153395;ENSG00000134324;ENSG00000111666;ENSG00000070748;ENSG00000168389;ENSG00000132793;ENSG00000084090;ENSG00000161217;ENSG00000204385;ENSG00000100288;ENSG00000158201;ENSG00000204435"
"REACTOME","REACTOME_HEME_SIGNALING",0.117884914463453,0.313623414003759,0.0503939969883735,-0.482951494718045,-1.28426250097754,44,"ENSG00000069667;ENSG00000082014;ENSG00000096717;ENSG00000115966;ENSG00000180530;ENSG00000118260;ENSG00000100292;ENSG00000116044;ENSG00000134852;ENSG00000177565;ENSG00000116604;ENSG00000170485;ENSG00000005339;ENSG00000108557;ENSG00000125686;ENSG00000084676;ENSG00000177200;ENSG00000141027;ENSG00000186951;ENSG00000126368;ENSG00000100393;ENSG00000164040;ENSG00000140577"
"REACTOME","REACTOME_SIGNALING_BY_WNT_IN_CANCER",0.119169329073482,0.315425208679613,0.0508309275119538,-0.511406859896963,-1.29714923501055,34,"ENSG00000174804;ENSG00000164930;ENSG00000105568;ENSG00000107854;ENSG00000104695;ENSG00000173273;ENSG00000070018;ENSG00000137713;ENSG00000113712;ENSG00000104371;ENSG00000175029;ENSG00000134982;ENSG00000177283;ENSG00000082701;ENSG00000163251;ENSG00000078304"
"REACTOME","REACTOME_OPIOID_SIGNALLING",0.119289703565803,0.315425208679613,0.0478750052522856,-0.418660096695815,-1.23580470163734,85,"ENSG00000184588;ENSG00000121281;ENSG00000176533;ENSG00000155897;ENSG00000123104;ENSG00000105568;ENSG00000116711;ENSG00000113448;ENSG00000154678;ENSG00000154229;ENSG00000173175;ENSG00000172380;ENSG00000108946;ENSG00000126583;ENSG00000145349;ENSG00000156052;ENSG00000138814;ENSG00000104695;ENSG00000141404;ENSG00000152495;ENSG00000118260;ENSG00000101333;ENSG00000137713;ENSG00000156049;ENSG00000123360;ENSG00000150995;ENSG00000111664;ENSG00000078295;ENSG00000078369;ENSG00000004660;ENSG00000005249;ENSG00000127955"
"REACTOME","REACTOME_CDC42_GTPASE_CYCLE",0.120552310143388,0.318167966210213,0.0456661013731298,-0.379106331539788,-1.19844011774625,152,"ENSG00000124126;ENSG00000157827;ENSG00000090924;ENSG00000187239;ENSG00000113319;ENSG00000147251;ENSG00000092531;ENSG00000160007;ENSG00000134215;ENSG00000145675;ENSG00000128656;ENSG00000107957;ENSG00000135905;ENSG00000088387;ENSG00000136002;ENSG00000120278;ENSG00000165895;ENSG00000139436;ENSG00000139132;ENSG00000163171;ENSG00000152767;ENSG00000115107;ENSG00000205726;ENSG00000158985;ENSG00000153404;ENSG00000116641;ENSG00000130762;ENSG00000102606;ENSG00000130669;ENSG00000031081;ENSG00000134909;ENSG00000038382;ENSG00000196155;ENSG00000161791;ENSG00000196220;ENSG00000167617;ENSG00000128805;ENSG00000180448;ENSG00000160410;ENSG00000114790;ENSG00000138639;ENSG00000186635;ENSG00000196935;ENSG00000137942;ENSG00000147799;ENSG00000242173;ENSG00000140575;ENSG00000075785;ENSG00000120063;ENSG00000120318;ENSG00000124143;ENSG00000127084;ENSG00000182957"
"REACTOME","REACTOME_ERBB2_ACTIVATES_PTK6_SIGNALING",0.120808940926024,0.318250419006617,0.0533897062472259,-0.65868304814081,-1.34788272119749,12,"ENSG00000157168;ENSG00000185737;ENSG00000178568;ENSG00000113070;ENSG00000146648"
"REACTOME","REACTOME_SCAVENGING_OF_HEME_FROM_PLASMA",0.121731080768341,0.318637464962706,0.0612585710281592,0.604629786414521,1.34051638591411,13,"ENSG00000100342;ENSG00000118137;ENSG00000106927;ENSG00000123384"
"REACTOME","REACTOME_SUMOYLATION_OF_DNA_METHYLATION_PROTEINS",0.121934369602763,0.318637464962706,0.0523648460142054,-0.61294625163332,-1.34017869255671,16,"ENSG00000116030;ENSG00000111752;ENSG00000088305;ENSG00000141570;ENSG00000119772;ENSG00000173889;ENSG00000121481;ENSG00000168283"
"REACTOME","REACTOME_REGULATION_OF_INNATE_IMMUNE_RESPONSES_TO_CYTOSOLIC_DNA",0.122888220319371,0.318637464962706,0.0609531156006142,0.603757165456547,1.33858170998656,13,"ENSG00000169871;ENSG00000213689;ENSG00000170315;ENSG00000183258;ENSG00000132109;ENSG00000221983;ENSG00000143947"
"REACTOME","REACTOME_SYNTHESIS_SECRETION_AND_INACTIVATION_OF_GLUCAGON_LIKE_PEPTIDE_1_GLP_1",0.12241054613936,0.318637464962706,0.0520088039998597,-0.591003810761306,-1.334938107344,19,"ENSG00000126266;ENSG00000175426;ENSG00000007372;ENSG00000165556;ENSG00000111664;ENSG00000078369;ENSG00000166562;ENSG00000168036;ENSG00000140612"
"REACTOME","REACTOME_GLUTAMATE_NEUROTRANSMITTER_RELEASE_CYCLE",0.123212504156967,0.318637464962706,0.0510160239838462,-0.554460824484191,-1.31129098153549,24,"ENSG00000177380;ENSG00000115419;ENSG00000136854;ENSG00000105649;ENSG00000168993;ENSG00000005379;ENSG00000132639;ENSG00000220205;ENSG00000104888;ENSG00000139220;ENSG00000131626;ENSG00000134294"
"REACTOME","REACTOME_E2F_MEDIATED_REGULATION_OF_DNA_REPLICATION",0.122794117647059,0.318637464962706,0.0628526173488668,0.510778668389262,1.30137359435342,22,"ENSG00000101868;ENSG00000198056;ENSG00000164815;ENSG00000101412;ENSG00000014138;ENSG00000167393;ENSG00000146143;ENSG00000085840;ENSG00000134057;ENSG00000125885"
"REACTOME","REACTOME_GLUCAGON_SIGNALING_IN_METABOLIC_REGULATION",0.122858066602005,0.318637464962706,0.0503221564896615,-0.521088185268767,-1.29506855417806,31,"ENSG00000087460;ENSG00000215644;ENSG00000121281;ENSG00000176533;ENSG00000155897;ENSG00000173175;ENSG00000172380;ENSG00000108946"
"REACTOME","REACTOME_REGULATION_OF_GLUCOKINASE_BY_GLUCOKINASE_REGULATORY_PROTEIN",0.12279779121746,0.318637464962706,0.0652191815441775,0.460518457085356,1.27620408499702,32,"ENSG00000155561;ENSG00000106633;ENSG00000125450;ENSG00000075188;ENSG00000113569;ENSG00000095319;ENSG00000058804;ENSG00000085415;ENSG00000108559;ENSG00000138750;ENSG00000111581;ENSG00000110713;ENSG00000102900;ENSG00000120253;ENSG00000093000;ENSG00000101146;ENSG00000094914"
"REACTOME","REACTOME_EXPORT_OF_VIRAL_RIBONUCLEOPROTEINS_FROM_NUCLEUS",0.123113582208102,0.318637464962706,0.0653662929462658,0.456775571118651,1.27254920824903,33,"ENSG00000155561;ENSG00000125450;ENSG00000075188;ENSG00000113569;ENSG00000132341;ENSG00000095319;ENSG00000058804;ENSG00000085415;ENSG00000108559;ENSG00000138750;ENSG00000111581;ENSG00000110713;ENSG00000102900;ENSG00000120253;ENSG00000093000;ENSG00000101146;ENSG00000094914;ENSG00000082898;ENSG00000126883;ENSG00000204389;ENSG00000157020;ENSG00000124789;ENSG00000136243"
"REACTOME","REACTOME_RAB_REGULATION_OF_TRAFFICKING",0.12212389380531,0.318637464962706,0.0459731894695299,-0.392449097689164,-1.21285139778897,121,"ENSG00000166128;ENSG00000168461;ENSG00000104946;ENSG00000123892;ENSG00000105221;ENSG00000167994;ENSG00000103769;ENSG00000154917;ENSG00000165699;ENSG00000174485;ENSG00000170456;ENSG00000011454;ENSG00000117020;ENSG00000206418;ENSG00000105186;ENSG00000029725;ENSG00000140941;ENSG00000105339;ENSG00000118508;ENSG00000103365;ENSG00000177169;ENSG00000107036;ENSG00000213047;ENSG00000105649;ENSG00000146966;ENSG00000175984;ENSG00000003393;ENSG00000125875;ENSG00000184014;ENSG00000155961;ENSG00000203879"
"REACTOME","REACTOME_ERKS_ARE_INACTIVATED",0.124097870093293,0.320340388613767,0.0524048161202553,-0.64560287164691,-1.34367719838274,13,"ENSG00000120875;ENSG00000139318;ENSG00000105568;ENSG00000104695;ENSG00000137713"
"REACTOME","REACTOME_G_PROTEIN_MEDIATED_EVENTS",0.12511471397981,0.322375868867686,0.0483517351609411,-0.462803767708614,-1.26358328866053,52,"ENSG00000121281;ENSG00000155897;ENSG00000123104;ENSG00000116711;ENSG00000154678;ENSG00000154229;ENSG00000173175;ENSG00000108946;ENSG00000126583;ENSG00000145349;ENSG00000156052;ENSG00000141404;ENSG00000152495;ENSG00000118260;ENSG00000101333;ENSG00000156049;ENSG00000123360;ENSG00000150995;ENSG00000078295;ENSG00000004660;ENSG00000005249;ENSG00000127955;ENSG00000182621;ENSG00000058404;ENSG00000129467"
"REACTOME","REACTOME_PCP_CE_PATHWAY",0.125488493269648,0.322750004547802,0.0468392438701435,-0.424093998349792,-1.2364331782884,78,"ENSG00000155760;ENSG00000139174;ENSG00000174804;ENSG00000164930;ENSG00000099341;ENSG00000114251;ENSG00000162552;ENSG00000013275;ENSG00000162738;ENSG00000154229;ENSG00000126583;ENSG00000163785;ENSG00000041357;ENSG00000108854;ENSG00000173692;ENSG00000042753;ENSG00000183020;ENSG00000141367;ENSG00000196961;ENSG00000104290"
"REACTOME","REACTOME_NEGATIVE_REGULATION_OF_TCF_DEPENDENT_SIGNALING_BY_WNT_LIGAND_ANTAGONISTS",0.126290012244184,0.323672921374071,0.0517363831268346,-0.633765120639336,-1.34047761941951,14,"ENSG00000114251;ENSG00000162552;ENSG00000143816;ENSG00000070018;ENSG00000104371"
"REACTOME","REACTOME_SARS_COV_1_TARGETS_HOST_INTRACELLULAR_SIGNALLING_AND_REGULATORY_PATHWAYS",0.12630579297246,0.323672921374071,0.0608925327069951,0.565357057249348,1.32317442454482,16,"ENSG00000166949;ENSG00000128245;ENSG00000164924;ENSG00000103275;ENSG00000185591;ENSG00000166913;ENSG00000108953"
"REACTOME","REACTOME_TRANSCRIPTION_COUPLED_NUCLEOTIDE_EXCISION_REPAIR_TC_NER",0.126638951071314,0.323938766146188,0.0710949907592617,0.372922214991471,1.20653297990099,76,"ENSG00000168090;ENSG00000148229;ENSG00000132646;ENSG00000106628;ENSG00000049541;ENSG00000005075;ENSG00000175482;ENSG00000106399;ENSG00000168002;ENSG00000100479;ENSG00000115350;ENSG00000020426;ENSG00000145736;ENSG00000163882;ENSG00000177084;ENSG00000117748;ENSG00000170315;ENSG00000163918;ENSG00000110107;ENSG00000077514;ENSG00000100142;ENSG00000035928;ENSG00000133119;ENSG00000272047;ENSG00000132383;ENSG00000221983;ENSG00000169727;ENSG00000143947;ENSG00000111652"
"REACTOME","REACTOME_FIBRONECTIN_MATRIX_FORMATION",0.127204245848314,0.324796374571101,0.0509417670628642,-0.587678023267915,-1.32742593841884,19,"ENSG00000115414;ENSG00000139219;ENSG00000188153;ENSG00000164692;ENSG00000108821;ENSG00000130635;ENSG00000150093"
"REACTOME","REACTOME_HEDGEHOG_OFF_STATE",0.132186319765002,0.33690809297506,0.0446715359620162,-0.401112742629784,-1.20956883922468,99,"ENSG00000087460;ENSG00000166813;ENSG00000121281;ENSG00000099341;ENSG00000155897;ENSG00000143147;ENSG00000013275;ENSG00000107882;ENSG00000173175;ENSG00000128602;ENSG00000108946;ENSG00000187240;ENSG00000123607;ENSG00000074047;ENSG00000166167;ENSG00000137285;ENSG00000167552;ENSG00000041357;ENSG00000103494;ENSG00000173692;ENSG00000113712;ENSG00000137267;ENSG00000010361;ENSG00000127824;ENSG00000078295;ENSG00000157796;ENSG00000082701;ENSG00000005249"
"REACTOME","REACTOME_RHO_GTPASES_ACTIVATE_WASPS_AND_WAVES",0.132507406409911,0.337117942073504,0.0634554993001747,0.442320533382446,1.25059780237084,36,"ENSG00000241685;ENSG00000130429;ENSG00000106299;ENSG00000162704;ENSG00000102882;ENSG00000184009;ENSG00000075624;ENSG00000241553;ENSG00000015285"
"REACTOME","REACTOME_NF_KB_IS_ACTIVATED_AND_SIGNALS_SURVIVAL",0.133071048368433,0.337857013272926,0.058436248184976,0.598880359423661,1.32776941038621,13,"ENSG00000184216;ENSG00000104365;ENSG00000170315;ENSG00000173039;ENSG00000109320;ENSG00000161011;ENSG00000221983;ENSG00000143947"
"REACTOME","REACTOME_RND1_GTPASE_CYCLE",0.133468940697856,0.337857013272926,0.047258457118424,-0.483248358024225,-1.27342599452543,42,"ENSG00000160007;ENSG00000145675;ENSG00000162738;ENSG00000171680;ENSG00000151208;ENSG00000168143;ENSG00000075391;ENSG00000144283;ENSG00000082269;ENSG00000172602;ENSG00000166225;ENSG00000142627;ENSG00000116209;ENSG00000134313;ENSG00000133818"
"REACTOME","REACTOME_REGULATION_OF_APOPTOSIS",0.133515731874145,0.337857013272926,0.063728697179177,0.427909001289969,1.23724578184941,40,"ENSG00000162600;ENSG00000161057;ENSG00000127922;ENSG00000170315;ENSG00000126067;ENSG00000130706;ENSG00000101182;ENSG00000165916;ENSG00000100764;ENSG00000115233;ENSG00000100567;ENSG00000221983;ENSG00000100902;ENSG00000143947;ENSG00000103035;ENSG00000277791;ENSG00000129084;ENSG00000175166;ENSG00000071205;ENSG00000159377;ENSG00000087191"
"REACTOME","REACTOME_LAMININ_INTERACTIONS",0.133951822916667,0.338354157349434,0.0481914203071104,-0.52468407966569,-1.28627688208079,29,"ENSG00000101680;ENSG00000138448;ENSG00000135424;ENSG00000135862;ENSG00000188153;ENSG00000142798;ENSG00000172037;ENSG00000182871;ENSG00000150093;ENSG00000053747"
"REACTOME","REACTOME_TNFR1_INDUCED_NF_KAPPA_B_SIGNALING_PATHWAY",0.134498279057453,0.339127803623435,0.0623946459917812,0.450159982293532,1.25411857654758,33,"ENSG00000204628;ENSG00000067182;ENSG00000165312;ENSG00000036672;ENSG00000104365;ENSG00000100324;ENSG00000170315;ENSG00000056558;ENSG00000127191;ENSG00000269335;ENSG00000221983;ENSG00000114316;ENSG00000143947;ENSG00000157625;ENSG00000123240;ENSG00000102871;ENSG00000179526"
"REACTOME","REACTOME_SIGNALING_BY_FGFR4_IN_DISEASE",0.135251798561151,0.33952975600897,0.0506111894965511,-0.665043063179492,-1.33138845910761,11,"ENSG00000145675;ENSG00000124181;ENSG00000160867;ENSG00000166225;ENSG00000109458"
"REACTOME","REACTOME_SEMA3A_PLEXIN_REPULSION_SIGNALING_BY_INHIBITING_INTEGRIN_ADHESION",0.136085359454259,0.33952975600897,0.0496877756011859,-0.62645137109906,-1.32500829607952,14,"ENSG00000221866;ENSG00000075213;ENSG00000006607;ENSG00000010810;ENSG00000172602"
"REACTOME","REACTOME_ACTIVATED_TAK1_MEDIATES_P38_MAPK_ACTIVATION",0.134987593052109,0.33952975600897,0.0601783862400583,0.495287102064796,1.27364922946231,23,"ENSG00000114738;ENSG00000184216;ENSG00000162889;ENSG00000244687;ENSG00000100324;ENSG00000106100;ENSG00000170315;ENSG00000108984;ENSG00000269335;ENSG00000112062;ENSG00000221983;ENSG00000143947;ENSG00000157625"
"REACTOME","REACTOME_METABOLIC_DISORDERS_OF_BIOLOGICAL_OXIDATION_ENZYMES",0.135821669258683,0.33952975600897,0.061381954012731,0.465107333767669,1.26350189119514,29,"ENSG00000059377;ENSG00000243989;ENSG00000101444;ENSG00000161513;ENSG00000023909;ENSG00000267673;ENSG00000100983;ENSG00000116704;ENSG00000178814;ENSG00000186104;ENSG00000137714"
"REACTOME","REACTOME_REGULATION_OF_CDH1_POSTTRANSLATIONAL_PROCESSING_AND_TRAFFICKING_TO_PLASMA_MEMBRANE",0.136208256639495,0.33952975600897,0.0617563057695609,0.454538144122611,1.25963124255132,32,"ENSG00000127022;ENSG00000130175;ENSG00000118705;ENSG00000163902;ENSG00000151150;ENSG00000009830;ENSG00000114902;ENSG00000244038;ENSG00000089597;ENSG00000115275;ENSG00000134825;ENSG00000228474;ENSG00000130714;ENSG00000160613"
"REACTOME","REACTOME_CROSS_PRESENTATION_OF_SOLUBLE_EXOGENOUS_ANTIGENS_ENDOSOMES",0.135978112175103,0.33952975600897,0.0631185759587299,0.427011518641086,1.23465082213071,40,"ENSG00000204264;ENSG00000161057;ENSG00000127922;ENSG00000092010;ENSG00000100911;ENSG00000126067;ENSG00000130706;ENSG00000101182;ENSG00000165916;ENSG00000100764;ENSG00000115233;ENSG00000100567;ENSG00000100902;ENSG00000240065;ENSG00000103035;ENSG00000205220;ENSG00000277791;ENSG00000129084;ENSG00000175166"
"REACTOME","REACTOME_NEDDYLATION",0.136340914771307,0.33952975600897,0.0412372486904686,-0.354236060958584,-1.16531591009343,229,"ENSG00000198612;ENSG00000065802;ENSG00000099341;ENSG00000171621;ENSG00000109670;ENSG00000183580;ENSG00000183475;ENSG00000169018;ENSG00000156804;ENSG00000036257;ENSG00000116661;ENSG00000109790;ENSG00000269190;ENSG00000013275;ENSG00000176871;ENSG00000261609;ENSG00000184182;ENSG00000124440;ENSG00000161243;ENSG00000124006;ENSG00000188215;ENSG00000239474;ENSG00000132879;ENSG00000072401;ENSG00000149600;ENSG00000150401;ENSG00000171150;ENSG00000144524;ENSG00000109466;ENSG00000064726;ENSG00000167196;ENSG00000118564;ENSG00000130338;ENSG00000135108;ENSG00000158290;ENSG00000183655;ENSG00000166167;ENSG00000115239;ENSG00000138081;ENSG00000041357;ENSG00000116044;ENSG00000173692;ENSG00000130725;ENSG00000170677;ENSG00000163257;ENSG00000174989;ENSG00000112234;ENSG00000147912;ENSG00000145781;ENSG00000108306;ENSG00000116016;ENSG00000100644;ENSG00000109906;ENSG00000103264;ENSG00000118496;ENSG00000148444;ENSG00000163960;ENSG00000161664;ENSG00000116663;ENSG00000119402;ENSG00000109184;ENSG00000003096;ENSG00000146021"
"REACTOME","REACTOME_NEPHRIN_FAMILY_INTERACTIONS",0.137622424856467,0.34132639479266,0.0484486107620495,-0.555952274853954,-1.29301765483698,22,"ENSG00000161270;ENSG00000126259;ENSG00000077522;ENSG00000145675"
"REACTOME","REACTOME_PURINERGIC_SIGNALING_IN_LEISHMANIASIS_INFECTION",0.137787567302986,0.34132639479266,0.0590938580196366,0.508674584754992,1.28265349737355,21,"ENSG00000135318;ENSG00000187097;ENSG00000136810;ENSG00000140368;ENSG00000173039;ENSG00000096384;ENSG00000109320"
"REACTOME","REACTOME_MRNA_SPLICING_MINOR_PATHWAY",0.137722829212191,0.34132639479266,0.0643556552289972,0.405431724325705,1.22223720667933,50,"ENSG00000108883;ENSG00000005075;ENSG00000161981;ENSG00000139168;ENSG00000168002;ENSG00000169249;ENSG00000065978;ENSG00000163882;ENSG00000169976;ENSG00000060688;ENSG00000189091;ENSG00000125835;ENSG00000141759;ENSG00000143977;ENSG00000087365;ENSG00000100142;ENSG00000174243;ENSG00000139343;ENSG00000100028;ENSG00000161547;ENSG00000182004;ENSG00000143368;ENSG00000125651;ENSG00000100319;ENSG00000144231;ENSG00000101161;ENSG00000167088"
"REACTOME","REACTOME_ACYL_CHAIN_REMODELLING_OF_PS",0.138522201268644,0.342076277653453,0.0486766874868098,-0.59168688016009,-1.30940710581528,17,"ENSG00000091039;ENSG00000176485;ENSG00000116711;ENSG00000168907;ENSG00000144837;ENSG00000153246;ENSG00000111684"
"REACTOME","REACTOME_PINK1_PRKN_MEDIATED_MITOPHAGY",0.138574809361031,0.342076277653453,0.0611971384770468,0.453840500031544,1.2576979080124,32,"ENSG00000213585;ENSG00000244687;ENSG00000175768;ENSG00000078668;ENSG00000196683;ENSG00000170315;ENSG00000161011;ENSG00000100216;ENSG00000131508;ENSG00000221983;ENSG00000214736;ENSG00000143947;ENSG00000123240;ENSG00000156469;ENSG00000185651;ENSG00000057663;ENSG00000154174;ENSG00000165637;ENSG00000116688"
"REACTOME","REACTOME_PROTEIN_METHYLATION",0.139601822979132,0.343410756178631,0.0580618893746958,0.54809213409783,1.30375046305295,17,"ENSG00000105379;ENSG00000198668;ENSG00000165280;ENSG00000185238;ENSG00000140988;ENSG00000118894;ENSG00000156508;ENSG00000167658;ENSG00000143919;ENSG00000109971;ENSG00000139160"
"REACTOME","REACTOME_TRANSCRIPTIONAL_REGULATION_BY_MECP2",0.139468117255969,0.343410756178631,0.0452559369048511,-0.447395523056795,-1.24603407956091,58,"ENSG00000183454;ENSG00000130005;ENSG00000118515;ENSG00000078687;ENSG00000145349;ENSG00000120251;ENSG00000181449;ENSG00000082556;ENSG00000088179;ENSG00000147571;ENSG00000152495;ENSG00000118260;ENSG00000128683;ENSG00000090905;ENSG00000126070;ENSG00000134698;ENSG00000078328;ENSG00000171862;ENSG00000157005;ENSG00000196498;ENSG00000169375;ENSG00000092847;ENSG00000177565"
"REACTOME","REACTOME_TRANSCRIPTIONAL_REGULATION_BY_NPAS4",0.140401606425703,0.343589081503801,0.0466333082853392,-0.504358392544119,-1.2708671231922,33,"ENSG00000145632;ENSG00000167281;ENSG00000254647;ENSG00000078687;ENSG00000170345;ENSG00000164949;ENSG00000090905;ENSG00000172379;ENSG00000126070;ENSG00000134698;ENSG00000174576;ENSG00000179222;ENSG00000092847;ENSG00000176749;ENSG00000100354;ENSG00000005339"
"REACTOME","REACTOME_AUF1_HNRNP_D0_BINDS_AND_DESTABILIZES_MRNA",0.140404320132927,0.343589081503801,0.0624594990102385,0.421649177315039,1.23183237045672,42,"ENSG00000070756;ENSG00000161057;ENSG00000127922;ENSG00000114867;ENSG00000170315;ENSG00000126067;ENSG00000130706;ENSG00000101182;ENSG00000165916;ENSG00000100764;ENSG00000115233;ENSG00000100567;ENSG00000221983;ENSG00000100902;ENSG00000143947;ENSG00000103035;ENSG00000277791;ENSG00000129084;ENSG00000175166"
"REACTOME","REACTOME_SIGNALING_BY_FGFR",0.14020588661737,0.343589081503801,0.0441065180734917,-0.41546050201277,-1.21725503343022,81,"ENSG00000011201;ENSG00000125848;ENSG00000126500;ENSG00000156427;ENSG00000145675;ENSG00000105568;ENSG00000077782;ENSG00000185070;ENSG00000105258;ENSG00000179295;ENSG00000100320;ENSG00000099817;ENSG00000138685;ENSG00000104695;ENSG00000124181;ENSG00000134962;ENSG00000160867;ENSG00000158815;ENSG00000166225;ENSG00000102978;ENSG00000109458;ENSG00000011304"
"REACTOME","REACTOME_BIOSYNTHESIS_OF_SPECIALIZED_PRORESOLVING_MEDIATORS_SPMS",0.141068849301878,0.344618019401819,0.0578509291080086,0.536018320744498,1.29582109965706,18,"ENSG00000164120;ENSG00000138109;ENSG00000106853;ENSG00000161905;ENSG00000120915;ENSG00000160868;ENSG00000168765"
"REACTOME","REACTOME_CLASS_A_1_RHODOPSIN_LIKE_RECEPTORS",0.142221673050785,0.346834200945955,0.0400121594010984,-0.349234329826073,-1.15759251479859,253,"ENSG00000213694;ENSG00000126266;ENSG00000107562;ENSG00000139679;ENSG00000122585;ENSG00000148123;ENSG00000181104;ENSG00000133019;ENSG00000116014;ENSG00000116329;ENSG00000149295;ENSG00000117600;ENSG00000117598;ENSG00000133636;ENSG00000171517;ENSG00000168398;ENSG00000113749;ENSG00000169836;ENSG00000164251;ENSG00000197746;ENSG00000142192;ENSG00000177464;ENSG00000082556;ENSG00000178623;ENSG00000171509;ENSG00000125510;ENSG00000129951;ENSG00000187094;ENSG00000168830;ENSG00000183971;ENSG00000180720;ENSG00000056291;ENSG00000121966;ENSG00000157005;ENSG00000180616;ENSG00000006638;ENSG00000185897;ENSG00000119714;ENSG00000043591;ENSG00000101180;ENSG00000213088;ENSG00000180210;ENSG00000169252"
"REACTOME","REACTOME_ION_CHANNEL_TRANSPORT",0.142671686355965,0.347331760576936,0.0410683665294573,-0.366580333223682,-1.17368017126899,172,"ENSG00000132932;ENSG00000186439;ENSG00000127325;ENSG00000137731;ENSG00000118515;ENSG00000081087;ENSG00000105409;ENSG00000110881;ENSG00000133107;ENSG00000130529;ENSG00000151572;ENSG00000143153;ENSG00000198363;ENSG00000129244;ENSG00000102452;ENSG00000147416;ENSG00000145349;ENSG00000171365;ENSG00000137726;ENSG00000196689;ENSG00000072182;ENSG00000124406;ENSG00000070961;ENSG00000196632;ENSG00000167723;ENSG00000153898;ENSG00000055732;ENSG00000143515;ENSG00000144935;ENSG00000213199;ENSG00000141540;ENSG00000144481;ENSG00000165240;ENSG00000123191;ENSG00000119121;ENSG00000058668;ENSG00000144406;ENSG00000071553;ENSG00000113732;ENSG00000166377;ENSG00000060237;ENSG00000083067;ENSG00000100554;ENSG00000109572;ENSG00000011021;ENSG00000131100;ENSG00000058404;ENSG00000164038;ENSG00000068650;ENSG00000054793;ENSG00000167614;ENSG00000165238;ENSG00000162572;ENSG00000101974;ENSG00000108684;ENSG00000198626;ENSG00000123124;ENSG00000136888;ENSG00000137672"
"REACTOME","REACTOME_THE_ACTIVATION_OF_ARYLSULFATASES",0.143854119765871,0.349607602597952,0.055241759405866,0.623904969930867,1.32624443243858,11,"ENSG00000129103;ENSG00000101846;ENSG00000157399;ENSG00000164291;ENSG00000006756;ENSG00000144455;ENSG00000100299"
"REACTOME","REACTOME_SIGNALING_BY_RETINOIC_ACID",0.145464451103242,0.352843975686208,0.0607718687747803,0.426739650518579,1.2285116628736,39,"ENSG00000131828;ENSG00000196139;ENSG00000135437;ENSG00000164687;ENSG00000240857;ENSG00000005882;ENSG00000072042;ENSG00000157326;ENSG00000091140"
"REACTOME","REACTOME_BASE_EXCISION_REPAIR_AP_SITE_FORMATION",0.145685579196217,0.352843975686208,0.0633877114836093,0.385042163465247,1.19483253138821,58,"ENSG00000076248;ENSG00000132781;ENSG00000246705;ENSG00000065057;ENSG00000102977;ENSG00000184260;ENSG00000128513;ENSG00000114026;ENSG00000185130;ENSG00000092330;ENSG00000123415;ENSG00000109674;ENSG00000105968;ENSG00000124635;ENSG00000158406;ENSG00000274641;ENSG00000132604;ENSG00000278463;ENSG00000275713;ENSG00000188486;ENSG00000270276"
"REACTOME","REACTOME_INTERLEUKIN_20_FAMILY_SIGNALING",0.147794117647059,0.357337832393231,0.0569774257112045,0.497920014352881,1.26861202098028,22,"ENSG00000105639;ENSG00000243646;ENSG00000142677;ENSG00000173757;ENSG00000126561"
"REACTOME","REACTOME_CHAPERONE_MEDIATED_AUTOPHAGY",0.14983001457018,0.361640992432639,0.0562847952048854,0.511360898082209,1.27381920388791,20,"ENSG00000105355;ENSG00000080824;ENSG00000170315;ENSG00000096384;ENSG00000116288;ENSG00000094631;ENSG00000221983;ENSG00000143947;ENSG00000156508;ENSG00000131095"
"REACTOME","REACTOME_RET_SIGNALING",0.150421370647162,0.362448763402376,0.0446454413139534,-0.488920540761626,-1.25203872013608,36,"ENSG00000106070;ENSG00000146013;ENSG00000206052;ENSG00000145675;ENSG00000154229;ENSG00000179295;ENSG00000148082;ENSG00000185950;ENSG00000124181;ENSG00000166225;ENSG00000109458;ENSG00000151892"
"REACTOME","REACTOME_FGFR1C_LIGAND_BINDING_AND_ACTIVATION",0.15089928057554,0.36298089296876,0.0476877974326015,-0.654626239730299,-1.31053441327408,11,"ENSG00000011201;ENSG00000077782;ENSG00000138685;ENSG00000158815"
"REACTOME","REACTOME_METABOLISM_OF_AMINE_DERIVED_HORMONES",0.153989181879648,0.369099702214361,0.0455832854852302,-0.555020372224725,-1.27790832725256,21,"ENSG00000129167;ENSG00000139287"
"REACTOME","REACTOME_SIGNALING_BY_ERBB2_IN_CANCER",0.154227212681638,0.369099702214361,0.0449612426330254,-0.533384888956041,-1.27324271271116,25,"ENSG00000157168;ENSG00000185737;ENSG00000145675;ENSG00000178568;ENSG00000124181;ENSG00000113070;ENSG00000146648;ENSG00000109458"
"REACTOME","REACTOME_CARDIOGENESIS",0.154219691895512,0.369099702214361,0.0453100651044091,-0.543072628418027,-1.27299903571846,23,"ENSG00000016082;ENSG00000170365;ENSG00000184058;ENSG00000164532;ENSG00000164683;ENSG00000172977;ENSG00000168036;ENSG00000141052"
"REACTOME","REACTOME_INTERLEUKIN_2_FAMILY_SIGNALING",0.155669270131969,0.371521861445086,0.0582749924019855,0.431513326788213,1.2200419773605,36,"ENSG00000105639;ENSG00000105647;ENSG00000120899;ENSG00000173757;ENSG00000164136;ENSG00000165458;ENSG00000126561;ENSG00000111679;ENSG00000160691;ENSG00000165025;ENSG00000051382;ENSG00000096968;ENSG00000033327;ENSG00000109471"
"REACTOME","REACTOME_RHOB_GTPASE_CYCLE",0.155765539642699,0.371521861445086,0.0420198810407943,-0.423124308631691,-1.21036697474765,69,"ENSG00000131941;ENSG00000124126;ENSG00000116584;ENSG00000110237;ENSG00000092531;ENSG00000160007;ENSG00000145675;ENSG00000076706;ENSG00000066933;ENSG00000076928;ENSG00000067900;ENSG00000134909;ENSG00000170776;ENSG00000163947;ENSG00000177469"
"REACTOME","REACTOME_SHC1_EVENTS_IN_ERBB4_SIGNALING",0.156662559408555,0.37240325569845,0.0461714702250228,-0.62579303398615,-1.30244747599857,13,"ENSG00000157168;ENSG00000185737;ENSG00000178568;ENSG00000113070"
"REACTOME","REACTOME_CLASS_C_3_METABOTROPIC_GLUTAMATE_PHEROMONE_RECEPTORS",0.156638167446362,0.37240325569845,0.0440057843225365,-0.499855907378323,-1.24992468872861,32,"ENSG00000124493;ENSG00000152822;ENSG00000179603;ENSG00000036828;ENSG00000164082;ENSG00000196277;ENSG00000136928;ENSG00000255837;ENSG00000204681;ENSG00000121314;ENSG00000212128;ENSG00000121318;ENSG00000212127;ENSG00000168959"
"REACTOME","REACTOME_REGULATION_OF_TP53_ACTIVITY_THROUGH_ASSOCIATION_WITH_CO_FACTORS",0.157775056847997,0.373163116029099,0.0458329302910375,-0.612799812742327,-1.29613386318404,14,"ENSG00000105221;ENSG00000151615;ENSG00000117020;ENSG00000104881;ENSG00000161642"
"REACTOME","REACTOME_DOWNREGULATION_OF_SMAD2_3_SMAD4_TRANSCRIPTIONAL_ACTIVITY",0.15748541801685,0.373163116029099,0.043980694668116,-0.5082426540413,-1.25611911202829,30,"ENSG00000177426;ENSG00000136603;ENSG00000118707;ENSG00000101665;ENSG00000072401;ENSG00000124486;ENSG00000115415;ENSG00000157933;ENSG00000108854;ENSG00000196498;ENSG00000197323;ENSG00000157450"
"REACTOME","REACTOME_AQUAPORIN_MEDIATED_TRANSPORT",0.157521578298397,0.373163116029099,0.0427718921296353,-0.458848072639635,-1.23287575867472,47,"ENSG00000087460;ENSG00000121281;ENSG00000176533;ENSG00000165269;ENSG00000155897;ENSG00000103769;ENSG00000173175;ENSG00000172380;ENSG00000108946;ENSG00000165272;ENSG00000161798;ENSG00000167306;ENSG00000111664;ENSG00000078295;ENSG00000078369;ENSG00000005249;ENSG00000171885;ENSG00000242616"
"REACTOME","REACTOME_CILIUM_ASSEMBLY",0.160112359550562,0.378057945962196,0.0767245323920217,0.300610967830803,1.10975351475982,200,"ENSG00000278195;ENSG00000205795;ENSG00000105948;ENSG00000092036;ENSG00000165533;ENSG00000126001;ENSG00000188878;ENSG00000106477;ENSG00000131462;ENSG00000046651;ENSG00000119333;ENSG00000125863;ENSG00000137100;ENSG00000188229;ENSG00000131558;ENSG00000096872;ENSG00000115484;ENSG00000198089;ENSG00000152240;ENSG00000138107;ENSG00000167461;ENSG00000166851;ENSG00000126870;ENSG00000080824;ENSG00000213397;ENSG00000101162;ENSG00000128581;ENSG00000163468;ENSG00000166226;ENSG00000120438;ENSG00000072062;ENSG00000176014;ENSG00000112877;ENSG00000167553;ENSG00000108641;ENSG00000176101;ENSG00000125124;ENSG00000102218;ENSG00000081870;ENSG00000125971;ENSG00000011143;ENSG00000123416;ENSG00000168778;ENSG00000213123;ENSG00000141577;ENSG00000196230;ENSG00000175203;ENSG00000258947;ENSG00000094631;ENSG00000112685;ENSG00000088986;ENSG00000174799;ENSG00000127328;ENSG00000168014;ENSG00000138190;ENSG00000072864;ENSG00000131351;ENSG00000180104;ENSG00000131697;ENSG00000127914;ENSG00000170312;ENSG00000139350;ENSG00000140463;ENSG00000181004;ENSG00000110274;ENSG00000156261;ENSG00000119977;ENSG00000163913;ENSG00000137814;ENSG00000184786;ENSG00000148019;ENSG00000204852"
"REACTOME","REACTOME_CS_GAG_BIOSYNTHESIS",0.162134602311353,0.382193753695543,0.0444381127313095,-0.558339906991988,-1.27452578654334,20,"ENSG00000131873;ENSG00000147408;ENSG00000171310;ENSG00000038427;ENSG00000122863;ENSG00000182492"
"REACTOME","REACTOME_REGULATION_OF_BACH1_ACTIVITY",0.163890139576767,0.385497750188853,0.0515059350751614,0.613252905599234,1.30360117473963,11,"ENSG00000145604;ENSG00000170315;ENSG00000221983;ENSG00000143947"
"REACTOME","REACTOME_APOPTOSIS_INDUCED_DNA_FRAGMENTATION",0.166093928980527,0.385497750188853,0.0516208105781906,0.596638755203914,1.29627948554177,12,"ENSG00000164305;ENSG00000108424;ENSG00000160049"
"REACTOME","REACTOME_POU5F1_OCT4_SOX2_NANOG_ACTIVATE_GENES_RELATED_TO_PROLIFERATION",0.166756903086086,0.385497750188853,0.0452289365362808,-0.659612037919879,-1.29405223506312,10,"ENSG00000103449;ENSG00000181449;ENSG00000138685;ENSG00000101115;ENSG00000148200"
"REACTOME","REACTOME_TP53_REGULATES_TRANSCRIPTION_OF_GENES_INVOLVED_IN_G1_CELL_CYCLE_ARREST",0.166394399066511,0.385497750188853,0.052087355964136,0.565402704730498,1.27665470068919,14,"ENSG00000133101;ENSG00000123374;ENSG00000101412;ENSG00000175305;ENSG00000129173;ENSG00000145386"
"REACTOME","REACTOME_INHIBITION_OF_REPLICATION_INITIATION_OF_DAMAGED_DNA_BY_RB1_E2F1",0.166165239527887,0.385497750188853,0.0518915766779433,0.575772669030007,1.27653766774082,13,"ENSG00000101868;ENSG00000198056;ENSG00000101412;ENSG00000014138;ENSG00000167393;ENSG00000146143"
"REACTOME","REACTOME_ACETYLCHOLINE_NEUROTRANSMITTER_RELEASE_CYCLE",0.166980970341162,0.385497750188853,0.0439306272279452,-0.576023097274982,-1.27474304733868,17,"ENSG00000177380;ENSG00000136854;ENSG00000105649;ENSG00000168993;ENSG00000005379;ENSG00000132639;ENSG00000220205;ENSG00000139220;ENSG00000131626"
"REACTOME","REACTOME_ASSEMBLY_OF_THE_HIV_VIRION",0.165954415954416,0.385497750188853,0.0526463909337269,0.544082059705107,1.27338193982772,16,"ENSG00000141971;ENSG00000167987;ENSG00000196262;ENSG00000196814;ENSG00000170315;ENSG00000160948;ENSG00000221983;ENSG00000143947"
"REACTOME","REACTOME_CO_INHIBITION_BY_CTLA4",0.165040232836843,0.385497750188853,0.0441824649861948,-0.563713739547605,-1.27329627804958,19,"ENSG00000254087;ENSG00000105221;ENSG00000105568;ENSG00000117020;ENSG00000179295;ENSG00000010810;ENSG00000104695;ENSG00000137713;ENSG00000182866;ENSG00000078304;ENSG00000176105"
"REACTOME","REACTOME_TRANSPORT_OF_MATURE_MRNAS_DERIVED_FROM_INTRONLESS_TRANSCRIPTS",0.1650917176209,0.385497750188853,0.0574352925653288,0.408896649899107,1.20096902427599,43,"ENSG00000160917;ENSG00000155561;ENSG00000125450;ENSG00000163950;ENSG00000075188;ENSG00000183684;ENSG00000113569;ENSG00000119203;ENSG00000095319;ENSG00000058804;ENSG00000085415;ENSG00000108559;ENSG00000138750;ENSG00000111581;ENSG00000110713;ENSG00000102900;ENSG00000120253;ENSG00000093000;ENSG00000101146;ENSG00000094914;ENSG00000071894;ENSG00000126883;ENSG00000114503;ENSG00000157020;ENSG00000136937;ENSG00000124789;ENSG00000136243"
"REACTOME","REACTOME_AGGREPHAGY",0.165925514174541,0.385497750188853,0.0572815437800962,0.408510481531399,1.19983481041563,43,"ENSG00000188229;ENSG00000244687;ENSG00000165280;ENSG00000080824;ENSG00000101162;ENSG00000170315;ENSG00000176014;ENSG00000167553;ENSG00000144635;ENSG00000116288;ENSG00000123416;ENSG00000185122;ENSG00000258947;ENSG00000094631;ENSG00000221983;ENSG00000088986;ENSG00000143947"
"REACTOME","REACTOME_NONHOMOLOGOUS_END_JOINING_NHEJ",0.166052793124616,0.385497750188853,0.0603547333389437,0.372187684264053,1.17454542453984,66,"ENSG00000042088;ENSG00000157212;ENSG00000158019;ENSG00000012048;ENSG00000196419;ENSG00000152457;ENSG00000163961;ENSG00000112130;ENSG00000163322;ENSG00000185130;ENSG00000105393;ENSG00000113522;ENSG00000185515;ENSG00000124635;ENSG00000166169;ENSG00000158406;ENSG00000253729;ENSG00000274641;ENSG00000275713;ENSG00000109685;ENSG00000188486;ENSG00000137337;ENSG00000270276;ENSG00000020922;ENSG00000273703;ENSG00000122678;ENSG00000111802;ENSG00000087206"
"REACTOME","REACTOME_TRANSLOCATION_OF_SLC2A4_GLUT4_TO_THE_PLASMA_MEMBRANE",0.167085427135678,0.385497750188853,0.0608925327069951,0.364162926157312,1.16358144872982,71,"ENSG00000136111;ENSG00000106617;ENSG00000142208;ENSG00000197879;ENSG00000188229;ENSG00000131558;ENSG00000128245;ENSG00000198668;ENSG00000184009;ENSG00000075624;ENSG00000167461;ENSG00000101162;ENSG00000162409;ENSG00000181929;ENSG00000100345;ENSG00000065882;ENSG00000176014;ENSG00000164924;ENSG00000167553"
"REACTOME","REACTOME_GLOBAL_GENOME_NUCLEOTIDE_EXCISION_REPAIR_GG_NER",0.166666666666667,0.385497750188853,0.0625245409501155,0.351541955846747,1.15529425496468,84,"ENSG00000168090;ENSG00000148229;ENSG00000132646;ENSG00000106628;ENSG00000049541;ENSG00000175482;ENSG00000106399;ENSG00000129484;ENSG00000100479;ENSG00000115350;ENSG00000143799;ENSG00000020426;ENSG00000075624;ENSG00000169592;ENSG00000145736;ENSG00000177084;ENSG00000117748;ENSG00000170315;ENSG00000163918;ENSG00000077514;ENSG00000179262;ENSG00000035928;ENSG00000133119;ENSG00000272047;ENSG00000131778;ENSG00000132383;ENSG00000134574;ENSG00000154767;ENSG00000221983;ENSG00000169727;ENSG00000143947;ENSG00000111652;ENSG00000103275"
"REACTOME","REACTOME_SYNTHESIS_OF_BILE_ACIDS_AND_BILE_SALTS_VIA_27_HYDROXYCHOLESTEROL",0.170099514001389,0.390537420764164,0.0512405630810422,0.573227980201804,1.2708958731288,13,"ENSG00000198610;ENSG00000196139"
"REACTOME","REACTOME_SIGNAL_TRANSDUCTION_BY_L1",0.170047329276538,0.390537420764164,0.0431492457223638,-0.548062233966674,-1.26188754086864,21,"ENSG00000138448;ENSG00000077782;ENSG00000150093;ENSG00000144668;ENSG00000146648;ENSG00000169032;ENSG00000198910"
"REACTOME","REACTOME_RAF_INDEPENDENT_MAPK1_3_ACTIVATION",0.169792364367046,0.390537420764164,0.0429594939252289,-0.535949890837654,-1.25630285624445,23,"ENSG00000120875;ENSG00000143507;ENSG00000160712;ENSG00000139318;ENSG00000134352;ENSG00000111266;ENSG00000179295"
"REACTOME","REACTOME_SYNTHESIS_OF_PA",0.17049706039551,0.390814690387112,0.0552880218325674,0.432742689524408,1.20856747238576,34,"ENSG00000167588;ENSG00000169692;ENSG00000075651;ENSG00000153395;ENSG00000138678;ENSG00000176454;ENSG00000152642;ENSG00000116906"
"REACTOME","REACTOME_SIGNALING_BY_SCF_KIT",0.171845574387947,0.393267343656048,0.0411525856398984,-0.469017910490925,-1.22999582787009,41,"ENSG00000106070;ENSG00000254087;ENSG00000060656;ENSG00000145675;ENSG00000154229;ENSG00000179295;ENSG00000010810;ENSG00000115415"
"REACTOME","REACTOME_PHYSIOLOGICAL_FACTORS",0.173108076834066,0.395515541245472,0.0507573955349651,0.572131788523428,1.26846552163111,13,"ENSG00000196549;ENSG00000169418;ENSG00000136574;ENSG00000145244;ENSG00000159899;ENSG00000198848;ENSG00000064393"
"REACTOME","REACTOME_INTERLEUKIN_7_SIGNALING",0.173947577442415,0.396791565991421,0.054426785675636,0.434054741810634,1.20925034733169,33,"ENSG00000105639;ENSG00000105647;ENSG00000104432;ENSG00000173757;ENSG00000114737;ENSG00000126561;ENSG00000127616;ENSG00000273983;ENSG00000166349;ENSG00000120833;ENSG00000278828"
"REACTOME","REACTOME_SPHINGOLIPID_METABOLISM",0.174681753889675,0.397823607245517,0.0633201262592919,0.336810036629267,1.13746680661028,101,"ENSG00000149328;ENSG00000129103;ENSG00000177628;ENSG00000235863;ENSG00000101638;ENSG00000101846;ENSG00000103089;ENSG00000100596;ENSG00000157399;ENSG00000174607;ENSG00000143753;ENSG00000103018;ENSG00000143418;ENSG00000123353;ENSG00000164023;ENSG00000176597;ENSG00000072210;ENSG00000064601;ENSG00000163082;ENSG00000162407;ENSG00000128242;ENSG00000135587;ENSG00000183018;ENSG00000164291;ENSG00000054983;ENSG00000006756;ENSG00000128274;ENSG00000176170;ENSG00000124164;ENSG00000136699;ENSG00000144455;ENSG00000135454;ENSG00000100299;ENSG00000148154;ENSG00000126821;ENSG00000176920;ENSG00000070610;ENSG00000119537;ENSG00000198964"
"REACTOME","REACTOME_SENSORY_PROCESSING_OF_SOUND_BY_OUTER_HAIR_CELLS_OF_THE_COCHLEA",0.175182481751825,0.398321520504954,0.0571289261785879,0.383605724689062,1.17446320201923,54,"ENSG00000187017;ENSG00000177106;ENSG00000247596;ENSG00000151491;ENSG00000006611;ENSG00000197879;ENSG00000184009;ENSG00000137474;ENSG00000075624;ENSG00000130830;ENSG00000100345"
"REACTOME","REACTOME_NEGATIVE_REGULATION_OF_NOTCH4_SIGNALING",0.175811870100784,0.399109904473162,0.0557565734717297,0.403596473763926,1.1895654705,44,"ENSG00000142208;ENSG00000161057;ENSG00000127922;ENSG00000013810;ENSG00000170315;ENSG00000126067;ENSG00000164924;ENSG00000130706;ENSG00000101182;ENSG00000204301;ENSG00000165916;ENSG00000100764;ENSG00000115233;ENSG00000100567;ENSG00000221983;ENSG00000100902;ENSG00000143947;ENSG00000103035;ENSG00000277791;ENSG00000129084;ENSG00000175166"
"REACTOME","REACTOME_REGULATION_OF_MITF_M_DEPENDENT_GENES_INVOLVED_IN_PIGMENTATION",0.176749328700047,0.399952006609723,0.0406537915299785,-0.470749228562045,-1.22225018282308,39,"ENSG00000110987;ENSG00000105221;ENSG00000082014;ENSG00000011332;ENSG00000118260;ENSG00000107165;ENSG00000170011;ENSG00000073584;ENSG00000205683;ENSG00000141380;ENSG00000049618;ENSG00000133884;ENSG00000197535;ENSG00000184402;ENSG00000137501;ENSG00000168036"
"REACTOME","REACTOME_FLT3_SIGNALING",0.176489176805183,0.399952006609723,0.0406947679868852,-0.470942911431045,-1.21726174636229,38,"ENSG00000106070;ENSG00000105221;ENSG00000145675;ENSG00000117020;ENSG00000179295;ENSG00000010810;ENSG00000143322;ENSG00000149177;ENSG00000170677"
"REACTOME","REACTOME_LEISHMANIA_INFECTION",0.177361498605022,0.400695097648466,0.0367632352615047,-0.365216127946921,-1.15299433389569,150,"ENSG00000155760;ENSG00000087460;ENSG00000145632;ENSG00000254087;ENSG00000121281;ENSG00000176533;ENSG00000132970;ENSG00000114251;ENSG00000155897;ENSG00000134215;ENSG00000123104;ENSG00000061676;ENSG00000138443;ENSG00000173175;ENSG00000172380;ENSG00000108946;ENSG00000150760;ENSG00000142192;ENSG00000010810;ENSG00000124181;ENSG00000163466;ENSG00000118260;ENSG00000129667;ENSG00000140564;ENSG00000273749;ENSG00000100292;ENSG00000169398;ENSG00000015413;ENSG00000135124;ENSG00000062598;ENSG00000151694;ENSG00000150995;ENSG00000111664;ENSG00000097007;ENSG00000078295;ENSG00000197535;ENSG00000078369;ENSG00000104518;ENSG00000005249;ENSG00000127955;ENSG00000176105;ENSG00000103313;ENSG00000101336;ENSG00000242616"
"REACTOME","REACTOME_SYNTHESIS_OF_PROSTAGLANDINS_PG_AND_THROMBOXANES_TX",0.17806301050175,0.401637333591807,0.0502149116750946,0.558201903473841,1.26039560483392,14,"ENSG00000164120;ENSG00000059377;ENSG00000196139;ENSG00000110958;ENSG00000157870;ENSG00000140043"
"REACTOME","REACTOME_RHOF_GTPASE_CYCLE",0.17868878109842,0.402405995073315,0.0401900048998496,-0.463926107449212,-1.2225092024735,42,"ENSG00000131016;ENSG00000092531;ENSG00000145675;ENSG00000076706;ENSG00000176788;ENSG00000152767;ENSG00000115107;ENSG00000139641;ENSG00000143337;ENSG00000134909"
"REACTOME","REACTOME_NEUROTRANSMITTER_CLEARANCE",0.179029056127053,0.402530298171017,0.0434866142149823,-0.652961868292145,-1.28100567682041,10,"ENSG00000111275;ENSG00000108576;ENSG00000114200;ENSG00000189221;ENSG00000087085;ENSG00000142319;ENSG00000093010"
"REACTOME","REACTOME_COBALAMIN_CBL_VITAMIN_B12_TRANSPORT_AND_METABOLISM",0.179585941261435,0.403140459556671,0.0508309275119538,0.516346893185909,1.24826554063178,18,"ENSG00000166126;ENSG00000139428;ENSG00000168216;ENSG00000167775;ENSG00000116984"
"REACTOME","REACTOME_NUCLEOTIDE_LIKE_PURINERGIC_RECEPTORS",0.18021582733813,0.403912298732443,0.0432449411992719,-0.636685082954133,-1.27461696612317,11,"ENSG00000139679;ENSG00000170425;ENSG00000282608;ENSG00000163485"
"REACTOME","REACTOME_IONOTROPIC_ACTIVITY_OF_KAINATE_RECEPTORS",0.181375203031944,0.405866539906663,0.0431731179875694,-0.651668739445659,-1.27846876697368,10,"ENSG00000104490;ENSG00000163873;ENSG00000132535;ENSG00000105737;ENSG00000164418;ENSG00000149403;ENSG00000171189;ENSG00000075711"
"REACTOME","REACTOME_FCGR_ACTIVATION",0.182538285513114,0.407822878393223,0.0424257895952613,-0.61176825370325,-1.27325804964055,13,"ENSG00000254087;ENSG00000010810;ENSG00000176105;ENSG00000101336;ENSG00000198821;ENSG00000197122;ENSG00000143226;ENSG00000000938"
"REACTOME","REACTOME_OTHER_SEMAPHORIN_INTERACTIONS",0.183439053660209,0.409187904847102,0.0416891763033315,-0.568941035655433,-1.2590703966185,17,"ENSG00000112902;ENSG00000221866;ENSG00000187764;ENSG00000150093;ENSG00000092421;ENSG00000198753;ENSG00000137872;ENSG00000213949"
"REACTOME","REACTOME_FORMATION_OF_THE_URETERIC_BUD",0.184728642355761,0.411157948690757,0.0414939423465147,-0.552953378472275,-1.24899116226744,19,"ENSG00000103449;ENSG00000166923;ENSG00000168743;ENSG00000145147;ENSG00000185008;ENSG00000150093"
"REACTOME","REACTOME_STIMULI_SENSING_CHANNELS",0.184904601571268,0.411157948690757,0.0370359303299504,-0.387008530516959,-1.16517467083874,98,"ENSG00000186439;ENSG00000127325;ENSG00000118515;ENSG00000081087;ENSG00000110881;ENSG00000133107;ENSG00000130529;ENSG00000151572;ENSG00000198363;ENSG00000102452;ENSG00000171365;ENSG00000196689;ENSG00000072182;ENSG00000196632;ENSG00000167723;ENSG00000153898;ENSG00000055732;ENSG00000144935;ENSG00000213199;ENSG00000141540;ENSG00000144481;ENSG00000119121;ENSG00000144406;ENSG00000060237;ENSG00000083067;ENSG00000109572;ENSG00000011021;ENSG00000164038;ENSG00000167614;ENSG00000165238;ENSG00000162572;ENSG00000108684;ENSG00000198626;ENSG00000123124;ENSG00000137672"
"REACTOME","REACTOME_PARACETAMOL_ADME",0.186000978952521,0.41294556962415,0.0503221564896615,0.486315781073098,1.22627443185864,21,"ENSG00000171428;ENSG00000243989;ENSG00000196620;ENSG00000084207;ENSG00000213648"
"REACTOME","REACTOME_ETHANOL_OXIDATION",0.188203511931562,0.415083359960904,0.0477811569268953,0.598463737901254,1.27216361250636,11,"ENSG00000137124;ENSG00000172955;ENSG00000197894;ENSG00000131069"
"REACTOME","REACTOME_TRANSCRIPTION_OF_E2F_TARGETS_UNDER_NEGATIVE_CONTROL_BY_DREAM_COMPLEX",0.18817591925018,0.415083359960904,0.0495153471939912,0.500165156743201,1.23040675260062,19,"ENSG00000094804;ENSG00000132646;ENSG00000164045;ENSG00000101412;ENSG00000116478"
"REACTOME","REACTOME_SIGNALING_BY_NOTCH2",0.188433734939759,0.415083359960904,0.039585706789632,-0.482028661123015,-1.2146013368936,33,"ENSG00000110492;ENSG00000196782;ENSG00000114315;ENSG00000134250;ENSG00000018236;ENSG00000101384;ENSG00000138613;ENSG00000143801;ENSG00000205155;ENSG00000197921;ENSG00000100453;ENSG00000118260;ENSG00000137845;ENSG00000197530"
"REACTOME","REACTOME_VIRAL_MESSENGER_RNA_SYNTHESIS",0.187849944008959,0.415083359960904,0.0538152137392164,0.399282223857814,1.17684959448761,44,"ENSG00000155561;ENSG00000125450;ENSG00000075188;ENSG00000005075;ENSG00000168002;ENSG00000113569;ENSG00000163882;ENSG00000095319;ENSG00000058804;ENSG00000085415;ENSG00000108559;ENSG00000100142;ENSG00000138750;ENSG00000111581;ENSG00000110713;ENSG00000102900;ENSG00000125651;ENSG00000120253;ENSG00000093000;ENSG00000144231;ENSG00000101146;ENSG00000094914;ENSG00000177700;ENSG00000126883;ENSG00000181222;ENSG00000157020;ENSG00000124789;ENSG00000136243"
"REACTOME","REACTOME_RECOGNITION_AND_ASSOCIATION_OF_DNA_GLYCOSYLASE_WITH_SITE_CONTAINING_AN_AFFECTED_PURINE",0.188201438848921,0.415083359960904,0.0545603266717044,0.385487714885581,1.16738735057425,51,"ENSG00000132781;ENSG00000246705;ENSG00000102977;ENSG00000184260;ENSG00000128513;ENSG00000114026;ENSG00000185130;ENSG00000092330;ENSG00000109674;ENSG00000105968;ENSG00000124635;ENSG00000158406;ENSG00000274641;ENSG00000132604;ENSG00000278463;ENSG00000275713;ENSG00000188486;ENSG00000270276;ENSG00000273703;ENSG00000277075"
"REACTOME","REACTOME_ACTIVATION_OF_AMPK_DOWNSTREAM_OF_NMDARS",0.189168377823409,0.416052569293852,0.0511654200013341,0.444052147938751,1.19733900292859,28,"ENSG00000106617;ENSG00000188229;ENSG00000198668;ENSG00000101162;ENSG00000162409;ENSG00000181929;ENSG00000176014;ENSG00000167553;ENSG00000123416;ENSG00000258947;ENSG00000110931"
"REACTOME","REACTOME_ESTROGEN_DEPENDENT_GENE_EXPRESSION",0.19055897298743,0.418459206622474,0.0353976826103326,-0.36485714028222,-1.14627300616737,143,"ENSG00000082175;ENSG00000107562;ENSG00000129514;ENSG00000196208;ENSG00000125740;ENSG00000126457;ENSG00000105698;ENSG00000078687;ENSG00000178568;ENSG00000170345;ENSG00000171940;ENSG00000105258;ENSG00000099817;ENSG00000124151;ENSG00000115966;ENSG00000180530;ENSG00000132475;ENSG00000090905;ENSG00000126070;ENSG00000102978;ENSG00000184678;ENSG00000274750;ENSG00000136997;ENSG00000134698;ENSG00000127663;ENSG00000117984;ENSG00000108654;ENSG00000171604;ENSG00000092847;ENSG00000125931;ENSG00000270882;ENSG00000196890;ENSG00000100354;ENSG00000164754;ENSG00000005339;ENSG00000125686;ENSG00000273802;ENSG00000129315;ENSG00000091831;ENSG00000153922;ENSG00000084676"
"REACTOME","REACTOME_TICAM1_RIP1_MEDIATED_IKK_COMPLEX_RECRUITMENT",0.191300168228791,0.418784244246594,0.0490744516137842,0.499033849294523,1.22762373522055,19,"ENSG00000244687;ENSG00000104365;ENSG00000127666;ENSG00000170315;ENSG00000269335;ENSG00000131508;ENSG00000221983;ENSG00000143947"
"REACTOME","REACTOME_REGULATION_OF_CDH1_FUNCTION",0.191141498216409,0.418784244246594,0.0550577664801399,0.369158080599769,1.15125582777983,60,"ENSG00000204628;ENSG00000135047;ENSG00000161057;ENSG00000127922;ENSG00000184009;ENSG00000075624;ENSG00000170315;ENSG00000126067;ENSG00000130706;ENSG00000101182;ENSG00000165916;ENSG00000135679;ENSG00000100764;ENSG00000115233;ENSG00000079805;ENSG00000100567;ENSG00000221983;ENSG00000100902;ENSG00000143947;ENSG00000105879;ENSG00000103035;ENSG00000277791;ENSG00000129084;ENSG00000175166"
"REACTOME","REACTOME_NF_KB_ACTIVATION_THROUGH_FADD_RIP_1_PATHWAY_MEDIATED_BY_CASPASE_8_AND_10",0.192085165470956,0.419851785828157,0.0479693468044241,0.561166546262359,1.2441546337841,13,"ENSG00000104365;ENSG00000121060;ENSG00000115267;ENSG00000088888;ENSG00000146833;ENSG00000269335;ENSG00000181481"
"REACTOME","REACTOME_REGULATION_OF_NPAS4_GENE_EXPRESSION",0.193275831719768,0.42180135145025,0.041089379907776,-0.60655042465893,-1.26239831183606,13,"ENSG00000078687;ENSG00000090905;ENSG00000126070;ENSG00000134698;ENSG00000174576;ENSG00000092847;ENSG00000100354;ENSG00000123908;ENSG00000113580;ENSG00000115041;ENSG00000084093"
"REACTOME","REACTOME_NEGATIVE_REGULATION_OF_ACTIVITY_OF_TFAP2_AP_2_FAMILY_TRANSCRIPTION_FACTORS",0.195632557300126,0.424669655168564,0.0413864895014492,-0.644020470967986,-1.26346410006507,10,"ENSG00000153885;ENSG00000116030;ENSG00000134504"
"REACTOME","REACTOME_CGMP_EFFECTS",0.195462478184991,0.424669655168564,0.0406333427646156,-0.584050581598819,-1.25583700065541,15,"ENSG00000112541;ENSG00000197584;ENSG00000160191;ENSG00000128655;ENSG00000186642;ENSG00000156113;ENSG00000171121;ENSG00000123360;ENSG00000150995;ENSG00000135643"
"REACTOME","REACTOME_ERK_MAPK_TARGETS",0.196923597025017,0.424669655168564,0.0397394428476769,-0.533970069454169,-1.22944099425386,21,"ENSG00000120875;ENSG00000139318;ENSG00000071242;ENSG00000105568;ENSG00000068305;ENSG00000104695;ENSG00000185386;ENSG00000137713"
"REACTOME","REACTOME_SYNTHESIS_OF_LEUKOTRIENES_LT_AND_EOXINS_EX",0.197640828117477,0.424669655168564,0.0482553756182689,0.50848448705665,1.22925822061665,18,"ENSG00000106853;ENSG00000161905;ENSG00000162889;ENSG00000186529"
"REACTOME","REACTOME_ACTIVATION_OF_MATRIX_METALLOPROTEINASES",0.196707682075158,0.424669655168564,0.0393956381466885,-0.519571042058329,-1.22877720414585,24,"ENSG00000196104;ENSG00000087245;ENSG00000182871;ENSG00000140564;ENSG00000125966;ENSG00000143387;ENSG00000100985"
"REACTOME","REACTOME_TRAF6_MEDIATED_IRF7_ACTIVATION",0.198269646719539,0.424669655168564,0.0481276908996666,0.495452495255765,1.21881360094124,19,"ENSG00000185507;ENSG00000121060;ENSG00000115267;ENSG00000088888;ENSG00000127191;ENSG00000146833;ENSG00000181481"
"REACTOME","REACTOME_OTHER_INTERLEUKIN_SIGNALING",0.198154443904808,0.424669655168564,0.0484162612636226,0.489080435776027,1.21831773542688,20,"ENSG00000076944;ENSG00000166900;ENSG00000243646;ENSG00000164305;ENSG00000106278;ENSG00000106089;ENSG00000105397;ENSG00000172349;ENSG00000182578;ENSG00000084652"
"REACTOME","REACTOME_SMOOTH_MUSCLE_CONTRACTION",0.19581511555278,0.424669655168564,0.038109308003654,-0.454710506750965,-1.20293020690323,43,"ENSG00000152402;ENSG00000061918;ENSG00000140416;ENSG00000164116;ENSG00000111275;ENSG00000006283;ENSG00000198467;ENSG00000196557;ENSG00000100346;ENSG00000120896"
"REACTOME","REACTOME_TRANSCRIPTIONAL_REGULATION_BY_THE_AP_2_TFAP2_FAMILY_OF_TRANSCRIPTION_FACTORS",0.198799936838781,0.424669655168564,0.0380226568364937,-0.465165678849011,-1.1985845782963,37,"ENSG00000153885;ENSG00000164442;ENSG00000130203;ENSG00000117139;ENSG00000116030;ENSG00000134504;ENSG00000146648;ENSG00000136997;ENSG00000125931;ENSG00000005339;ENSG00000091831;ENSG00000008196;ENSG00000179862"
"REACTOME","REACTOME_SIGNALING_BY_TYPE_1_INSULIN_LIKE_GROWTH_FACTOR_1_RECEPTOR_IGF1R",0.19880073800738,0.424669655168564,0.0374461871714783,-0.442665867735214,-1.19351396542577,48,"ENSG00000140443;ENSG00000105221;ENSG00000156427;ENSG00000145675;ENSG00000077782;ENSG00000179295;ENSG00000138685;ENSG00000078142;ENSG00000185950;ENSG00000169047;ENSG00000134962;ENSG00000160867;ENSG00000158815;ENSG00000166225;ENSG00000109458;ENSG00000066468;ENSG00000070193;ENSG00000152270;ENSG00000138615"
"REACTOME","REACTOME_EXTRA_NUCLEAR_ESTROGEN_SIGNALING",0.196220286431419,0.424669655168564,0.0368589131634495,-0.410111238150498,-1.17314247492764,69,"ENSG00000213694;ENSG00000140443;ENSG00000176533;ENSG00000105221;ENSG00000087245;ENSG00000145675;ENSG00000126457;ENSG00000170345;ENSG00000172380;ENSG00000117020;ENSG00000105971;ENSG00000113070;ENSG00000118260;ENSG00000146648;ENSG00000169398;ENSG00000106211;ENSG00000111664;ENSG00000078369;ENSG00000127955;ENSG00000091831;ENSG00000175893;ENSG00000100985;ENSG00000242616;ENSG00000152332;ENSG00000133703;ENSG00000163235"
"REACTOME","REACTOME_NUCLEAR_PORE_COMPLEX_NPC_DISASSEMBLY",0.198761109614867,0.424669655168564,0.0511279601048567,0.414186864371883,1.1710538925094,36,"ENSG00000155561;ENSG00000125450;ENSG00000075188;ENSG00000113569;ENSG00000157456;ENSG00000095319;ENSG00000058804;ENSG00000134057;ENSG00000085415;ENSG00000108559;ENSG00000138750;ENSG00000111581;ENSG00000110713;ENSG00000102900;ENSG00000170312;ENSG00000120253;ENSG00000093000;ENSG00000101146;ENSG00000094914"
"REACTOME","REACTOME_BACTERIAL_INFECTION_PATHWAYS",0.198356317035799,0.424669655168564,0.0354121781823754,-0.3806794823737,-1.15354409901441,104,"ENSG00000010278;ENSG00000101680;ENSG00000115414;ENSG00000122012;ENSG00000169604;ENSG00000105723;ENSG00000135862;ENSG00000188153;ENSG00000065559;ENSG00000099365;ENSG00000172037;ENSG00000111266;ENSG00000107295;ENSG00000130635;ENSG00000113070;ENSG00000140564;ENSG00000159164;ENSG00000053747;ENSG00000136738;ENSG00000143858;ENSG00000184056;ENSG00000132639;ENSG00000220205;ENSG00000169032"
"REACTOME","REACTOME_NUCLEOTIDE_EXCISION_REPAIR",0.196415770609319,0.424669655168564,0.0599454721514683,0.328090166586241,1.12141168345509,108,"ENSG00000168090;ENSG00000148229;ENSG00000132646;ENSG00000106628;ENSG00000049541;ENSG00000005075;ENSG00000175482;ENSG00000106399;ENSG00000129484;ENSG00000168002;ENSG00000100479;ENSG00000115350;ENSG00000143799;ENSG00000020426;ENSG00000075624;ENSG00000169592;ENSG00000145736;ENSG00000163882;ENSG00000177084;ENSG00000117748;ENSG00000170315;ENSG00000163918;ENSG00000110107;ENSG00000077514;ENSG00000179262;ENSG00000100142;ENSG00000035928;ENSG00000133119;ENSG00000272047;ENSG00000131778;ENSG00000132383;ENSG00000134574;ENSG00000154767;ENSG00000221983;ENSG00000169727;ENSG00000143947;ENSG00000111652;ENSG00000103275;ENSG00000084072;ENSG00000136518;ENSG00000076924;ENSG00000101442;ENSG00000144231;ENSG00000111445;ENSG00000187778;ENSG00000115274"
"REACTOME","REACTOME_REGULATION_OF_KIT_SIGNALING",0.199654576856649,0.425472919712903,0.0399142166484103,-0.570313262553603,-1.24696362938862,16,"ENSG00000254087;ENSG00000154229;ENSG00000010810;ENSG00000170677;ENSG00000182866;ENSG00000176105"
"REACTOME","REACTOME_VASOPRESSIN_REGULATES_RENAL_WATER_HOMEOSTASIS_VIA_AQUAPORINS",0.199779423349614,0.425472919712903,0.0378679168710869,-0.458337751717758,-1.19661971745398,40,"ENSG00000087460;ENSG00000121281;ENSG00000176533;ENSG00000155897;ENSG00000103769;ENSG00000173175;ENSG00000172380;ENSG00000108946;ENSG00000165272;ENSG00000167306;ENSG00000111664;ENSG00000078295;ENSG00000078369;ENSG00000005249;ENSG00000171885;ENSG00000242616"
"REACTOME","REACTOME_ASSOCIATION_OF_TRIC_CCT_WITH_TARGET_PROTEINS_DURING_BIOSYNTHESIS",0.202397166984473,0.430398794852524,0.0509417670628642,0.406170118538945,1.1692954407435,39,"ENSG00000177628;ENSG00000175305;ENSG00000101361;ENSG00000115484;ENSG00000163468;ENSG00000166226;ENSG00000120438;ENSG00000135624;ENSG00000159069;ENSG00000176170;ENSG00000146731;ENSG00000141499;ENSG00000132004;ENSG00000105173"
"REACTOME","REACTOME_REGULATION_OF_MITF_M_DEPENDENT_GENES_INVOLVED_IN_EXTRACELLULAR_MATRIX_FOCAL_ADHESION_AND_EPITHELIAL_TO_MESENCHYMAL_TRANSITION",0.202767429483768,0.430537760046737,0.040170145042181,-0.610206392999069,-1.24868349930855,12,"ENSG00000130508;ENSG00000181449;ENSG00000148516;ENSG00000163527;ENSG00000164176"
"REACTOME","REACTOME_KERATAN_SULFATE_BIOSYNTHESIS",0.205622752533508,0.433342278473601,0.0380399476968455,-0.49904308015603,-1.21147400266633,27,"ENSG00000175040;ENSG00000156966;ENSG00000064225;ENSG00000175264;ENSG00000122863;ENSG00000121578;ENSG00000170340;ENSG00000008513;ENSG00000122176;ENSG00000176383"
"REACTOME","REACTOME_SIGNALING_BY_TGFBR3",0.205028107432854,0.433342278473601,0.0371170899936045,-0.451340945850753,-1.19401608125475,43,"ENSG00000071564;ENSG00000092969;ENSG00000105329;ENSG00000078687;ENSG00000196628;ENSG00000106799;ENSG00000138613;ENSG00000143801;ENSG00000138685;ENSG00000205155;ENSG00000090905;ENSG00000126070;ENSG00000134698;ENSG00000129911;ENSG00000092847"
"REACTOME","REACTOME_SCF_BETA_TRCP_MEDIATED_DEGRADATION_OF_EMI1",0.205206314040432,0.433342278473601,0.0510160239838462,0.396615482421128,1.15869736301091,42,"ENSG00000161057;ENSG00000127922;ENSG00000117399;ENSG00000170315;ENSG00000126067;ENSG00000130706;ENSG00000101182;ENSG00000165916;ENSG00000100764;ENSG00000115233;ENSG00000112029;ENSG00000100567;ENSG00000221983;ENSG00000100902;ENSG00000143947;ENSG00000103035;ENSG00000277791;ENSG00000129084;ENSG00000175166"
"REACTOME","REACTOME_METABOLISM_OF_POLYAMINES",0.204571106094808,0.433342278473601,0.0516208105781906,0.389483747889459,1.15640973356517,46,"ENSG00000116771;ENSG00000102172;ENSG00000104904;ENSG00000161057;ENSG00000127922;ENSG00000181019;ENSG00000143450;ENSG00000126067;ENSG00000130706;ENSG00000101182;ENSG00000165916;ENSG00000100764;ENSG00000115233;ENSG00000100567;ENSG00000100902;ENSG00000103035;ENSG00000277791;ENSG00000129084;ENSG00000175166;ENSG00000116649;ENSG00000148832;ENSG00000159377;ENSG00000087191"
"REACTOME","REACTOME_SENESCENCE_ASSOCIATED_SECRETORY_PHENOTYPE_SASP",0.20531914893617,0.433342278473601,0.0582215137439884,0.328091291670898,1.11605608305076,105,"ENSG00000133101;ENSG00000117676;ENSG00000177189;ENSG00000123374;ENSG00000129355;ENSG00000177606;ENSG00000102882;ENSG00000166295;ENSG00000141552;ENSG00000170315;ENSG00000145386;ENSG00000246705;ENSG00000184260;ENSG00000175063;ENSG00000173039;ENSG00000273983;ENSG00000185130;ENSG00000135446;ENSG00000169429;ENSG00000147889;ENSG00000109320;ENSG00000105968;ENSG00000221983;ENSG00000053900;ENSG00000124635;ENSG00000176386;ENSG00000143947;ENSG00000158406;ENSG00000278828;ENSG00000274641;ENSG00000172216;ENSG00000278463;ENSG00000275713;ENSG00000188486;ENSG00000270276"
"REACTOME","REACTOME_SYNTHESIS_SECRETION_AND_DEACYLATION_OF_GHRELIN",0.206411794959712,0.433902011167663,0.0390038894080939,-0.557220506862265,-1.23313278637179,17,"ENSG00000254647;ENSG00000175426;ENSG00000114200;ENSG00000087085;ENSG00000166562;ENSG00000140612"
"REACTOME","REACTOME_INTERLEUKIN_1_SIGNALING",0.206502940159114,0.433902011167663,0.0572815437800962,0.335782892382745,1.12583232390274,96,"ENSG00000184216;ENSG00000160959;ENSG00000115590;ENSG00000174516;ENSG00000244687;ENSG00000145365;ENSG00000161057;ENSG00000127922;ENSG00000104365;ENSG00000168884;ENSG00000196083;ENSG00000100324;ENSG00000106100;ENSG00000170315;ENSG00000126067;ENSG00000130706;ENSG00000101182;ENSG00000173039;ENSG00000108984;ENSG00000127191;ENSG00000165916;ENSG00000101557;ENSG00000269335;ENSG00000109320;ENSG00000161011;ENSG00000100764;ENSG00000115233;ENSG00000198001;ENSG00000160703;ENSG00000100567;ENSG00000221983;ENSG00000100902;ENSG00000143947;ENSG00000077150;ENSG00000157625;ENSG00000078902;ENSG00000103035;ENSG00000277791;ENSG00000129084;ENSG00000175166"
"REACTOME","REACTOME_SIGNALING_BY_EGFR",0.207096971550933,0.434503601530338,0.0364642487003225,-0.431232798722187,-1.17738574317472,52,"ENSG00000145675;ENSG00000107295;ENSG00000168143;ENSG00000179295;ENSG00000148848;ENSG00000063245;ENSG00000124181;ENSG00000113070;ENSG00000102606;ENSG00000127837;ENSG00000146648;ENSG00000137845;ENSG00000136738;ENSG00000109458;ENSG00000151694"
"REACTOME","REACTOME_DCC_MEDIATED_ATTRACTIVE_SIGNALING",0.209200629700892,0.437867032841286,0.0391519644289041,-0.587092482336519,-1.24176024756245,14,"ENSG00000150760;ENSG00000010810;ENSG00000187323;ENSG00000065320;ENSG00000038382;ENSG00000169398;ENSG00000099204"
"REACTOME","REACTOME_SULFUR_AMINO_ACID_METABOLISM",0.209320288362513,0.437867032841286,0.0485134835352845,0.441851553872846,1.17642260881038,27,"ENSG00000101444;ENSG00000183048;ENSG00000100348;ENSG00000099810;ENSG00000128311;ENSG00000149089;ENSG00000116984;ENSG00000137767;ENSG00000145293;ENSG00000125166;ENSG00000128309;ENSG00000120053"
"REACTOME","REACTOME_SYNTHESIS_OF_PIPS_AT_THE_LATE_ENDOSOME_MEMBRANE",0.210971223021583,0.439299094282981,0.039585706789632,-0.618163811960149,-1.23753815451735,11,"ENSG00000115020;ENSG00000078142;ENSG00000104643;ENSG00000112367"
"REACTOME","REACTOME_SIGNALING_BY_FGFR1_IN_DISEASE",0.211004784688995,0.439299094282981,0.0369552081269571,-0.466878170700853,-1.18988642930864,35,"ENSG00000124831;ENSG00000145675;ENSG00000077782;ENSG00000138685;ENSG00000124181;ENSG00000115415;ENSG00000121741;ENSG00000158815;ENSG00000166225;ENSG00000111790;ENSG00000109458"
"REACTOME","REACTOME_GPER1_SIGNALING",0.210608913998745,0.439299094282981,0.0366523817770395,-0.45283543439833,-1.18755740999034,41,"ENSG00000087460;ENSG00000115414;ENSG00000121281;ENSG00000176533;ENSG00000155897;ENSG00000173175;ENSG00000172380;ENSG00000108946;ENSG00000150093"
"REACTOME","REACTOME_DISEASES_OF_IMMUNE_SYSTEM",0.211249351995853,0.439299094282981,0.0484486107620495,0.433567889024161,1.17782242499998,29,"ENSG00000104365;ENSG00000127666;ENSG00000173039;ENSG00000150455;ENSG00000269335;ENSG00000109320;ENSG00000198001;ENSG00000171560;ENSG00000077150;ENSG00000135218;ENSG00000174125"
"REACTOME","REACTOME_SUMOYLATION_OF_TRANSCRIPTION_FACTORS",0.212270564242012,0.440090802174976,0.0381964542715156,-0.533048929556918,-1.21679392374038,20,"ENSG00000033800;ENSG00000116030;ENSG00000067369;ENSG00000172845;ENSG00000131788;ENSG00000078043"
"REACTOME","REACTOME_UPTAKE_AND_ACTIONS_OF_BACTERIAL_TOXINS",0.212565104166667,0.440090802174976,0.0372314563761761,-0.490480393014663,-1.2024256406839,29,"ENSG00000010278;ENSG00000122012;ENSG00000169604;ENSG00000065559;ENSG00000099365;ENSG00000113070;ENSG00000140564;ENSG00000159164;ENSG00000143858;ENSG00000132639;ENSG00000220205;ENSG00000169032"
"REACTOME","REACTOME_SIGNALING_BY_VEGF",0.212320156446431,0.440090802174976,0.0340829244633745,-0.379035956151144,-1.14452126106733,100,"ENSG00000129946;ENSG00000138448;ENSG00000188130;ENSG00000132970;ENSG00000105221;ENSG00000134215;ENSG00000145675;ENSG00000123104;ENSG00000061676;ENSG00000154229;ENSG00000138443;ENSG00000117020;ENSG00000150760;ENSG00000102755;ENSG00000010810;ENSG00000044115;ENSG00000124181;ENSG00000067900;ENSG00000185386;ENSG00000127837;ENSG00000118257;ENSG00000273749;ENSG00000169398;ENSG00000150630;ENSG00000164327;ENSG00000062598;ENSG00000106211;ENSG00000150995"
"REACTOME","REACTOME_OXIDATIVE_STRESS_INDUCED_SENESCENCE",0.214525139664804,0.443498531781411,0.0583823590311228,0.320115990564691,1.10272451101789,117,"ENSG00000102054;ENSG00000106462;ENSG00000114738;ENSG00000050748;ENSG00000162889;ENSG00000101412;ENSG00000129355;ENSG00000154310;ENSG00000007968;ENSG00000141503;ENSG00000177606;ENSG00000102882;ENSG00000183741;ENSG00000074266;ENSG00000155363;ENSG00000136810;ENSG00000170315;ENSG00000246705;ENSG00000184260;ENSG00000108984;ENSG00000273983;ENSG00000185130;ENSG00000135446;ENSG00000147889;ENSG00000135679;ENSG00000112062;ENSG00000105968;ENSG00000221983;ENSG00000124635;ENSG00000076984;ENSG00000143947;ENSG00000158406"
"REACTOME","REACTOME_IL_6_TYPE_CYTOKINE_RECEPTOR_LIGAND_INTERACTIONS",0.215326590090862,0.444504598257745,0.038074588399225,-0.552515259204553,-1.22272004117798,17,"ENSG00000134352;ENSG00000006016;ENSG00000095752;ENSG00000137070;ENSG00000162434;ENSG00000164509"
"REACTOME","REACTOME_KINESINS",0.218421842184218,0.45023597250236,0.0515059350751614,0.362545463622624,1.13314656617652,61,"ENSG00000196169;ENSG00000164627;ENSG00000188229;ENSG00000129250;ENSG00000101162;ENSG00000138778;ENSG00000167702;ENSG00000136883;ENSG00000176014;ENSG00000167553;ENSG00000112984;ENSG00000186185;ENSG00000079616;ENSG00000123416;ENSG00000142945;ENSG00000237649;ENSG00000138160;ENSG00000258947;ENSG00000138182;ENSG00000197892;ENSG00000090889;ENSG00000174996"
"REACTOME","REACTOME_ENDOGENOUS_STEROLS",0.219362745098039,0.45151632081404,0.0460296113102909,0.465327303343945,1.18557156510302,22,"ENSG00000001630;ENSG00000145476;ENSG00000161513;ENSG00000036530;ENSG00000267673"
"REACTOME","REACTOME_ADIPOGENESIS",0.220487804878049,0.453171441758086,0.0332858253362328,-0.375775243578666,-1.13795346228482,103,"ENSG00000170365;ENSG00000175445;ENSG00000105329;ENSG00000161281;ENSG00000057935;ENSG00000071655;ENSG00000063322;ENSG00000082014;ENSG00000181444;ENSG00000175221;ENSG00000155111;ENSG00000124151;ENSG00000122877;ENSG00000104973;ENSG00000118579;ENSG00000170004;ENSG00000132964;ENSG00000143614;ENSG00000123066;ENSG00000221818;ENSG00000075292;ENSG00000108510;ENSG00000181856;ENSG00000196498;ENSG00000042429;ENSG00000112282;ENSG00000177565;ENSG00000155846;ENSG00000005339;ENSG00000125686;ENSG00000109424;ENSG00000084676;ENSG00000102935;ENSG00000162521;ENSG00000177200"
"REACTOME","REACTOME_TRANSCRIPTIONAL_REGULATION_OF_BROWN_AND_BEIGE_ADIPOCYTE_DIFFERENTIATION",0.222240419259745,0.453614697581398,0.0364175856719683,-0.489659854904611,-1.19219644441011,28,"ENSG00000170365;ENSG00000161281;ENSG00000057935;ENSG00000071655;ENSG00000170004;ENSG00000143614;ENSG00000221818;ENSG00000155846;ENSG00000109424;ENSG00000084676;ENSG00000102935;ENSG00000162521"
"REACTOME","REACTOME_DAG_AND_IP3_SIGNALING",0.222309752639042,0.453614697581398,0.0356019436100328,-0.450052414686181,-1.17498851290978,40,"ENSG00000121281;ENSG00000155897;ENSG00000123104;ENSG00000154678;ENSG00000154229;ENSG00000173175;ENSG00000108946;ENSG00000126583;ENSG00000145349;ENSG00000124181;ENSG00000152495;ENSG00000118260;ENSG00000123360;ENSG00000150995;ENSG00000078295;ENSG00000004660;ENSG00000005249"
"REACTOME","REACTOME_SIGNALING_BY_FGFR_IN_DISEASE",0.22166817769719,0.453614697581398,0.0348015796932357,-0.415909207781293,-1.15834204901707,58,"ENSG00000124831;ENSG00000156427;ENSG00000145675;ENSG00000077782;ENSG00000105258;ENSG00000099817;ENSG00000138685;ENSG00000124181;ENSG00000115415;ENSG00000121741;ENSG00000160867;ENSG00000158815;ENSG00000166225;ENSG00000111790;ENSG00000102978;ENSG00000109458;ENSG00000066468;ENSG00000111605;ENSG00000070193"
"REACTOME","REACTOME_HIV_TRANSCRIPTION_INITIATION",0.2221269296741,0.453614697581398,0.0497224553511444,0.381018620049327,1.13879075532821,48,"ENSG00000106290;ENSG00000005075;ENSG00000120656;ENSG00000168002;ENSG00000020426;ENSG00000145736;ENSG00000163882;ENSG00000197265;ENSG00000153767;ENSG00000148835;ENSG00000100142;ENSG00000272047;ENSG00000165417;ENSG00000137947"
"REACTOME","REACTOME_INTERLEUKIN_1_FAMILY_SIGNALING",0.221758908263836,0.453614697581398,0.0579034702901396,0.313761464431335,1.09624821494537,127,"ENSG00000166949;ENSG00000184216;ENSG00000160959;ENSG00000072135;ENSG00000115590;ENSG00000174516;ENSG00000244687;ENSG00000145365;ENSG00000161057;ENSG00000127922;ENSG00000104365;ENSG00000111679;ENSG00000168884;ENSG00000196083;ENSG00000100324;ENSG00000127947;ENSG00000106100;ENSG00000170315;ENSG00000126067;ENSG00000130706;ENSG00000101182;ENSG00000173039;ENSG00000108984;ENSG00000127191;ENSG00000165916;ENSG00000185187;ENSG00000101557;ENSG00000269335;ENSG00000109320;ENSG00000161011;ENSG00000100764;ENSG00000115233;ENSG00000163629;ENSG00000198001;ENSG00000160703;ENSG00000100567;ENSG00000115604;ENSG00000221983;ENSG00000100902;ENSG00000143947;ENSG00000077150;ENSG00000157625;ENSG00000078902;ENSG00000103035;ENSG00000277791;ENSG00000129084;ENSG00000175166"
"REACTOME","REACTOME_FORMATION_OF_THE_ANTERIOR_NEURAL_PLATE",0.222661870503597,0.453677577418585,0.0383899432789291,-0.612712501406666,-1.22662485828173,11,"ENSG00000182968;ENSG00000181449;ENSG00000007372;ENSG00000185668"
"REACTOME","REACTOME_FORMATION_OF_THE_DYSTROPHIN_GLYCOPROTEIN_COMPLEX_DGC",0.223801916932907,0.455343381425454,0.0357496126221224,-0.464336132075739,-1.17775748770979,34,"ENSG00000101680;ENSG00000170624;ENSG00000135862;ENSG00000142798;ENSG00000172037;ENSG00000172554;ENSG00000102385;ENSG00000185053;ENSG00000053747"
"REACTOME","REACTOME_BIOTIN_TRANSPORT_AND_METABOLISM",0.224673570463755,0.455493624578547,0.0433411903189086,0.57801896156472,1.22870383562434,11,"ENSG00000169814;ENSG00000138074;ENSG00000078070;ENSG00000120509;ENSG00000114054;ENSG00000278540;ENSG00000076555"
"REACTOME","REACTOME_REGULATION_OF_RUNX1_EXPRESSION_AND_ACTIVITY",0.224241385222013,0.455493624578547,0.0371986912718012,-0.547375244246014,-1.21134515297886,17,"ENSG00000078687;ENSG00000179295;ENSG00000140464;ENSG00000090905;ENSG00000126070;ENSG00000134698;ENSG00000105810;ENSG00000092847;ENSG00000100354"
"REACTOME","REACTOME_GLYOXYLATE_METABOLISM_AND_GLYCINE_DEGRADATION",0.224843524313914,0.455493624578547,0.0449612426330254,0.495710959151908,1.19837829294359,18,"ENSG00000250799;ENSG00000091140;ENSG00000172482;ENSG00000176894;ENSG00000119689;ENSG00000125166;ENSG00000137106;ENSG00000105953;ENSG00000140905;ENSG00000134056;ENSG00000241935;ENSG00000178445;ENSG00000101323"
"REACTOME","REACTOME_CELL_CELL_COMMUNICATION",0.225465764803607,0.456099799287527,0.0297929386876958,-0.325349947046644,-1.09895052633051,318,"ENSG00000161270;ENSG00000179242;ENSG00000126259;ENSG00000125753;ENSG00000077522;ENSG00000130202;ENSG00000162458;ENSG00000071564;ENSG00000145526;ENSG00000073008;ENSG00000140945;ENSG00000154162;ENSG00000099341;ENSG00000140479;ENSG00000118707;ENSG00000182985;ENSG00000145675;ENSG00000135074;ENSG00000078687;ENSG00000013275;ENSG00000148498;ENSG00000171940;ENSG00000162706;ENSG00000179295;ENSG00000069188;ENSG00000073712;ENSG00000163909;ENSG00000177707;ENSG00000040731;ENSG00000148516;ENSG00000164733;ENSG00000096717;ENSG00000010810;ENSG00000044115;ENSG00000121741;ENSG00000150093;ENSG00000152784;ENSG00000149451;ENSG00000134909;ENSG00000140564;ENSG00000132475;ENSG00000090905;ENSG00000053747;ENSG00000180828;ENSG00000126070;ENSG00000067225;ENSG00000184678;ENSG00000274750;ENSG00000169398;ENSG00000136997;ENSG00000134698;ENSG00000041357;ENSG00000196781;ENSG00000081138;ENSG00000173692;ENSG00000113361;ENSG00000134873;ENSG00000163131;ENSG00000177485;ENSG00000175029"
"REACTOME","REACTOME_HH_MUTANTS_ABROGATE_LIGAND_SECRETION",0.226685393258427,0.457655167132519,0.0487095049209452,0.384912352568417,1.13838319447362,45,"ENSG00000161057;ENSG00000127922;ENSG00000165280;ENSG00000162298;ENSG00000170315;ENSG00000126067;ENSG00000130706;ENSG00000101182;ENSG00000165916;ENSG00000100764;ENSG00000115233;ENSG00000071537;ENSG00000135506;ENSG00000100567;ENSG00000221983;ENSG00000100902;ENSG00000143947;ENSG00000103035;ENSG00000277791;ENSG00000129084;ENSG00000175166"
"REACTOME","REACTOME_RHOA_GTPASE_CYCLE",0.226882873224337,0.457655167132519,0.0319630032939332,-0.356587865236465,-1.12050470167343,145,"ENSG00000131941;ENSG00000124126;ENSG00000154358;ENSG00000116584;ENSG00000113319;ENSG00000047648;ENSG00000110237;ENSG00000092531;ENSG00000160007;ENSG00000134215;ENSG00000145675;ENSG00000076706;ENSG00000136002;ENSG00000171680;ENSG00000165895;ENSG00000241484;ENSG00000152767;ENSG00000275832;ENSG00000066933;ENSG00000076928;ENSG00000067900;ENSG00000102606;ENSG00000031081;ENSG00000134909;ENSG00000165801;ENSG00000170776;ENSG00000163947;ENSG00000038382;ENSG00000196155;ENSG00000161791;ENSG00000108561;ENSG00000177469"
"REACTOME","REACTOME_CONDENSATION_OF_PROMETAPHASE_CHROMOSOMES",0.227600180099054,0.457933332163312,0.0430303966229415,0.574032470856398,1.2202296907438,11,"ENSG00000010292;ENSG00000109805;ENSG00000157456;ENSG00000134057;ENSG00000121152;ENSG00000170312;ENSG00000204435"
"REACTOME","REACTOME_RNA_POLYMERASE_III_TRANSCRIPTION_INITIATION_FROM_TYPE_3_PROMOTER",0.227669404517454,0.457933332163312,0.0462571422572702,0.431172136129379,1.16260943215829,28,"ENSG00000161980;ENSG00000121851;ENSG00000100413;ENSG00000163882;ENSG00000168495;ENSG00000241258;ENSG00000113356;ENSG00000171453;ENSG00000100142;ENSG00000013503;ENSG00000186184;ENSG00000148606;ENSG00000165684;ENSG00000186141;ENSG00000104976;ENSG00000177700;ENSG00000112592"
"REACTOME","REACTOME_STABILIZATION_OF_P53",0.230123180291153,0.46221042755492,0.0482233696391913,0.385773785352846,1.13703464799905,44,"ENSG00000161057;ENSG00000127922;ENSG00000183765;ENSG00000170315;ENSG00000126067;ENSG00000130706;ENSG00000101182;ENSG00000165916;ENSG00000147889;ENSG00000135679;ENSG00000100764;ENSG00000115233;ENSG00000143207;ENSG00000100567;ENSG00000221983;ENSG00000100902;ENSG00000143947;ENSG00000103035;ENSG00000277791;ENSG00000129084;ENSG00000175166"
"REACTOME","REACTOME_MAPK3_ERK1_ACTIVATION",0.231366179390002,0.46338871673572,0.0376303019205309,-0.625673664720544,-1.22747063077418,10,"ENSG00000160712;ENSG00000134352;ENSG00000179295;ENSG00000169032;ENSG00000162434"
"REACTOME","REACTOME_REPRODUCTION",0.231222965001966,0.46338871673572,0.057746241136524,0.305526259503255,1.08416622889136,141,"ENSG00000066923;ENSG00000123374;ENSG00000100206;ENSG00000126803;ENSG00000106399;ENSG00000113368;ENSG00000100918;ENSG00000149506;ENSG00000012048;ENSG00000117748;ENSG00000133863;ENSG00000051180;ENSG00000000460;ENSG00000246705;ENSG00000131470;ENSG00000101773;ENSG00000102977;ENSG00000184260;ENSG00000057657;ENSG00000161860;ENSG00000128513;ENSG00000121211;ENSG00000273983;ENSG00000185130;ENSG00000135446;ENSG00000086062;ENSG00000132383;ENSG00000113522;ENSG00000139618;ENSG00000092330;ENSG00000118007;ENSG00000204410;ENSG00000166762;ENSG00000057468;ENSG00000076242;ENSG00000105968;ENSG00000124635;ENSG00000158406;ENSG00000103275;ENSG00000278828;ENSG00000100242;ENSG00000175054;ENSG00000274641;ENSG00000132604;ENSG00000278463;ENSG00000275713;ENSG00000188372;ENSG00000188486;ENSG00000270276;ENSG00000072501"
"REACTOME","REACTOME_KSRP_KHSRP_BINDS_AND_DESTABILIZES_MRNA",0.231710242264332,0.463420484528664,0.0441317957775226,0.500511567467636,1.19057024768908,17,"ENSG00000142208;ENSG00000164924;ENSG00000140694;ENSG00000112062;ENSG00000178896;ENSG00000107371;ENSG00000123737;ENSG00000088247"
"REACTOME","REACTOME_PI_3K_CASCADE_FGFR3",0.232286212914485,0.463915321973484,0.0368269523086822,-0.565067509057936,-1.21501922624672,15,"ENSG00000156427;ENSG00000145675;ENSG00000179295;ENSG00000138685;ENSG00000158815;ENSG00000166225;ENSG00000109458"
"REACTOME","REACTOME_REGULATION_OF_SIGNALING_BY_NODAL",0.232809962100704,0.464304613681065,0.0374961780735526,-0.624837198375454,-1.22582961896543,10,"ENSG00000136698"
"REACTOME","REACTOME_N_GLYCAN_ANTENNAE_ELONGATION",0.234539089848308,0.467093363703542,0.0431731179875694,0.532128403867377,1.20152277745352,14,"ENSG00000161013;ENSG00000110080;ENSG00000152127;ENSG00000086062;ENSG00000073849;ENSG00000118276;ENSG00000117411"
"REACTOME","REACTOME_UBIQUITIN_DEPENDENT_DEGRADATION_OF_CYCLIN_D",0.23563061836012,0.468606243837309,0.0468985269479182,0.39523342140515,1.13781052959016,39,"ENSG00000161057;ENSG00000127922;ENSG00000170315;ENSG00000126067;ENSG00000130706;ENSG00000101182;ENSG00000165916;ENSG00000135446;ENSG00000100764;ENSG00000115233;ENSG00000100567;ENSG00000221983;ENSG00000100902;ENSG00000143947;ENSG00000103035;ENSG00000277791;ENSG00000129084;ENSG00000175166"
"REACTOME","REACTOME_SLBP_DEPENDENT_PROCESSING_OF_REPLICATION_DEPENDENT_HISTONE_PRE_MRNAS",0.237955875731652,0.469854468300725,0.0419753966117665,0.568656222546222,1.20880131666054,11,"ENSG00000163950;ENSG00000125835;ENSG00000143977;ENSG00000181817;ENSG00000139343;ENSG00000155858;ENSG00000100028;ENSG00000182004"
"REACTOME","REACTOME_PHOSPHOLIPASE_C_MEDIATED_CASCADE_FGFR2",0.238690371413484,0.469854468300725,0.0364331237004735,-0.58047662459583,-1.20813156031031,13,"ENSG00000156427;ENSG00000138685;ENSG00000124181;ENSG00000158815;ENSG00000066468;ENSG00000070193"
"REACTOME","REACTOME_POSITIVE_REGULATION_OF_CDH1_GENE_TRANSCRIPTION",0.239175257731959,0.469854468300725,0.0422667372169805,0.553956688082542,1.20354684367535,12,"ENSG00000169554;ENSG00000136826;ENSG00000137203;ENSG00000185591"
"REACTOME","REACTOME_GLUTAMATE_AND_GLUTAMINE_METABOLISM",0.237806301050175,0.469854468300725,0.0428419935174205,0.53062142298745,1.19812008021116,14,"ENSG00000135423;ENSG00000183010;ENSG00000104524;ENSG00000171097;ENSG00000135821;ENSG00000143811"
"REACTOME","REACTOME_ACYL_CHAIN_REMODELLING_OF_PC",0.237757514353259,0.469854468300725,0.0356460880400026,-0.512898177608348,-1.1928836858443,22,"ENSG00000105499;ENSG00000176485;ENSG00000116711;ENSG00000143797;ENSG00000168907;ENSG00000153246;ENSG00000163803;ENSG00000111684"
"REACTOME","REACTOME_INITIATION_OF_NUCLEAR_ENVELOPE_NE_REFORMATION",0.237442922374429,0.469854468300725,0.0435842718429815,0.48064966430499,1.18239862298068,19,"ENSG00000143815;ENSG00000113368;ENSG00000108424;ENSG00000100749;ENSG00000157456;ENSG00000175334;ENSG00000134057;ENSG00000161904;ENSG00000120802;ENSG00000170312;ENSG00000102119"
"REACTOME","REACTOME_LDL_CLEARANCE",0.238404229752463,0.469854468300725,0.0434866142149823,0.480218560268993,1.1813381066496,19,"ENSG00000169174;ENSG00000167780;ENSG00000084674;ENSG00000107798;ENSG00000130164;ENSG00000057252;ENSG00000141458"
"REACTOME","REACTOME_MAPK_TARGETS_NUCLEAR_EVENTS_MEDIATED_BY_MAP_KINASES",0.237362281270253,0.469854468300725,0.0348294155746012,-0.475828334114174,-1.17600728662342,30,"ENSG00000120875;ENSG00000139318;ENSG00000071242;ENSG00000105568;ENSG00000170345;ENSG00000068305;ENSG00000115966;ENSG00000104695;ENSG00000185386;ENSG00000118260;ENSG00000137713"
"REACTOME","REACTOME_SIGNALING_BY_HEDGEHOG",0.239253089736701,0.469854468300725,0.0309976374709639,-0.35664092157757,-1.11372127240588,134,"ENSG00000087460;ENSG00000166813;ENSG00000121281;ENSG00000099341;ENSG00000155897;ENSG00000036257;ENSG00000143147;ENSG00000134874;ENSG00000013275;ENSG00000107882;ENSG00000173175;ENSG00000128602;ENSG00000108946;ENSG00000064309;ENSG00000187240;ENSG00000123607;ENSG00000074047;ENSG00000166167;ENSG00000137285;ENSG00000167552;ENSG00000041357;ENSG00000068912;ENSG00000108854;ENSG00000103494;ENSG00000054392;ENSG00000173692;ENSG00000134371;ENSG00000113712;ENSG00000151694;ENSG00000137267;ENSG00000010361;ENSG00000139549;ENSG00000127824;ENSG00000078295;ENSG00000157796;ENSG00000082701;ENSG00000005249"
"REACTOME","REACTOME_THE_CANONICAL_RETINOID_CYCLE_IN_RODS_TWILIGHT_VISION",0.239843367596672,0.470359493120139,0.0437813130319179,0.464603284953052,1.17152506965392,21,"ENSG00000135437;ENSG00000072042;ENSG00000145476;ENSG00000137474;ENSG00000118271;ENSG00000265203"
"REACTOME","REACTOME_SIGNALING_BY_INSULIN_RECEPTOR",0.241309090909091,0.472544367718591,0.0323549720388035,-0.389704477468297,-1.13126816336487,76,"ENSG00000106070;ENSG00000254647;ENSG00000105221;ENSG00000156427;ENSG00000145675;ENSG00000077782;ENSG00000147416;ENSG00000179295;ENSG00000138685;ENSG00000078142;ENSG00000185950;ENSG00000169047;ENSG00000134962;ENSG00000160867;ENSG00000158815;ENSG00000166225;ENSG00000109458;ENSG00000117984;ENSG00000066468;ENSG00000070193;ENSG00000071553;ENSG00000113732;ENSG00000152270;ENSG00000100554"
"REACTOME","REACTOME_PROCESSING_OF_CAPPED_INTRON_CONTAINING_PRE_MRNA",0.241626794258373,0.472544367718591,0.070357361417532,0.275393439007678,1.05534670479521,294,"ENSG00000172531;ENSG00000160917;ENSG00000155561;ENSG00000130520;ENSG00000108883;ENSG00000125450;ENSG00000163950;ENSG00000075188;ENSG00000137168;ENSG00000005075;ENSG00000119392;ENSG00000183684;ENSG00000161981;ENSG00000085872;ENSG00000139168;ENSG00000106245;ENSG00000169813;ENSG00000100410;ENSG00000168002;ENSG00000169249;ENSG00000135486;ENSG00000149016;ENSG00000205937;ENSG00000113569;ENSG00000204392;ENSG00000119203;ENSG00000132661;ENSG00000065978;ENSG00000163882;ENSG00000169976;ENSG00000104897;ENSG00000169564;ENSG00000060688;ENSG00000165819;ENSG00000189091;ENSG00000089280;ENSG00000101811;ENSG00000128534;ENSG00000170315;ENSG00000183258;ENSG00000164167;ENSG00000087087;ENSG00000172409;ENSG00000125835;ENSG00000150459;ENSG00000051596;ENSG00000175467;ENSG00000141759;ENSG00000143977;ENSG00000095319;ENSG00000110107;ENSG00000124562;ENSG00000058804;ENSG00000087365;ENSG00000085415;ENSG00000108559;ENSG00000125352;ENSG00000100142;ENSG00000100109;ENSG00000179950;ENSG00000100603;ENSG00000174243;ENSG00000163634;ENSG00000131652;ENSG00000263465;ENSG00000141543;ENSG00000137656;ENSG00000139343;ENSG00000100296;ENSG00000138750;ENSG00000140829;ENSG00000221983;ENSG00000168066;ENSG00000100028;ENSG00000170860;ENSG00000101452;ENSG00000128563;ENSG00000197111;ENSG00000111581;ENSG00000099783;ENSG00000168883;ENSG00000143947;ENSG00000110713;ENSG00000116350;ENSG00000198258;ENSG00000102900"
"REACTOME","REACTOME_GBP_MEDIATED_HOST_DEFENSE",0.242536449895857,0.473667312936308,0.0421765391127642,0.537386458098526,1.1914321272878,13,"ENSG00000117226;ENSG00000184009;ENSG00000075624;ENSG00000257365;ENSG00000117228;ENSG00000137193"
"REACTOME","REACTOME_NEF_MEDIATES_DOWN_MODULATION_OF_CELL_SURFACE_RECEPTORS_BY_RECRUITING_THEM_TO_CLATHRIN_ADAPTERS",0.24302496328928,0.473965812381856,0.0434622887233228,0.463311253248922,1.168267134161,21,"ENSG00000106367;ENSG00000182287;ENSG00000175115;ENSG00000129354;ENSG00000072958;ENSG00000206503;ENSG00000100280"
"REACTOME","REACTOME_CIRCADIAN_CLOCK",0.244641128474623,0.476459687456783,0.0311253198967732,-0.366315897571643,-1.11724046583357,110,"ENSG00000069667;ENSG00000099341;ENSG00000013275;ENSG00000082014;ENSG00000105516;ENSG00000142178;ENSG00000163884;ENSG00000072401;ENSG00000096717;ENSG00000115966;ENSG00000180530;ENSG00000186298;ENSG00000118260;ENSG00000166167;ENSG00000121671;ENSG00000134107;ENSG00000123095;ENSG00000029153;ENSG00000132326;ENSG00000041357;ENSG00000173692;ENSG00000134852;ENSG00000179094;ENSG00000177565;ENSG00000213639;ENSG00000213923;ENSG00000116604;ENSG00000110090;ENSG00000170485;ENSG00000005339;ENSG00000108557;ENSG00000151014;ENSG00000125686"
"REACTOME","REACTOME_FORMATION_OF_THE_NEPHRIC_DUCT",0.245058597166346,0.476615343249147,0.0357496126221224,-0.568422670253618,-1.20227169819159,14,"ENSG00000273706;ENSG00000101443;ENSG00000172201;ENSG00000168743;ENSG00000138685"
"REACTOME","REACTOME_MTORC1_MEDIATED_SIGNALLING",0.246238716148445,0.477476708209764,0.043731835171746,0.444335780074293,1.15304358882054,24,"ENSG00000106615;ENSG00000103319;ENSG00000187840;ENSG00000114867;ENSG00000137154;ENSG00000177058;ENSG00000188186;ENSG00000116586;ENSG00000155876"
"REACTOME","REACTOME_ASYMMETRIC_LOCALIZATION_OF_PCP_PROTEINS",0.245901639344262,0.477476708209764,0.0330012224657746,-0.420477252172081,-1.14411929082244,51,"ENSG00000155760;ENSG00000139174;ENSG00000174804;ENSG00000099341;ENSG00000114251;ENSG00000013275;ENSG00000162738"
"REACTOME","REACTOME_DDX58_IFIH1_MEDIATED_INDUCTION_OF_INTERFERON_ALPHA_BETA",0.246515949210282,0.477476708209764,0.0490744516137842,0.347287164691643,1.10529445688529,69,"ENSG00000101695;ENSG00000149476;ENSG00000138646;ENSG00000185507;ENSG00000104365;ENSG00000121060;ENSG00000080824;ENSG00000115267;ENSG00000170315;ENSG00000088888;ENSG00000173039;ENSG00000127191;ENSG00000096384;ENSG00000146833;ENSG00000269335;ENSG00000181481;ENSG00000109320;ENSG00000131508;ENSG00000160703;ENSG00000221983;ENSG00000127445;ENSG00000197111;ENSG00000143947;ENSG00000077150"
"REACTOME","REACTOME_INTRA_GOLGI_TRAFFIC",0.24696734059098,0.477695732759539,0.0332110228050252,-0.43413387189964,-1.15444689204326,44,"ENSG00000105443;ENSG00000105402;ENSG00000196547;ENSG00000133103;ENSG00000107036;ENSG00000173905;ENSG00000137502;ENSG00000008256;ENSG00000111885;ENSG00000073969;ENSG00000108669;ENSG00000108433;ENSG00000136152;ENSG00000108587;ENSG00000112893;ENSG00000136631;ENSG00000134265"
"REACTOME","REACTOME_GPVI_MEDIATED_ACTIVATION_CASCADE",0.247893713545042,0.477897679961007,0.0339512894340968,-0.471358913446156,-1.16496113637186,30,"ENSG00000254087;ENSG00000134215;ENSG00000145675;ENSG00000164692;ENSG00000179295;ENSG00000108821;ENSG00000010810"
"REACTOME","REACTOME_CA_DEPENDENT_EVENTS",0.247416123390046,0.477897679961007,0.0336146421505993,-0.450790329870613,-1.15439401826258,36,"ENSG00000121281;ENSG00000155897;ENSG00000116711;ENSG00000154678;ENSG00000154229;ENSG00000173175;ENSG00000108946;ENSG00000126583;ENSG00000145349;ENSG00000152495;ENSG00000118260;ENSG00000123360;ENSG00000078295;ENSG00000004660;ENSG00000005249"
"REACTOME","REACTOME_HSP90_CHAPERONE_CYCLE_FOR_STEROID_HORMONE_RECEPTORS_SHR_IN_THE_PRESENCE_OF_LIGAND",0.248087110064744,0.477897679961007,0.0475640710158259,0.361535837526317,1.11311787415462,56,"ENSG00000096060;ENSG00000126803;ENSG00000137100;ENSG00000188229;ENSG00000110958;ENSG00000132002;ENSG00000138107;ENSG00000004478;ENSG00000080824;ENSG00000101162;ENSG00000198898;ENSG00000176014;ENSG00000167553;ENSG00000144635;ENSG00000204388;ENSG00000096384;ENSG00000131966;ENSG00000123416;ENSG00000175203;ENSG00000116489;ENSG00000258947;ENSG00000204390;ENSG00000088986"
"REACTOME","REACTOME_DOWNSTREAM_SIGNALING_OF_ACTIVATED_FGFR3",0.248564674096589,0.478165285864283,0.0347322242247581,-0.507816463639433,-1.18106478307902,22,"ENSG00000156427;ENSG00000145675;ENSG00000179295;ENSG00000138685;ENSG00000124181;ENSG00000158815;ENSG00000166225;ENSG00000109458"
"REACTOME","REACTOME_NEUROTOXICITY_OF_CLOSTRIDIUM_TOXINS",0.250496300306804,0.481225545623411,0.0359438339015201,-0.616812543209014,-1.21008654219186,10,"ENSG00000122012;ENSG00000099365;ENSG00000159164;ENSG00000143858;ENSG00000132639;ENSG00000220205"
"REACTOME","REACTOME_RAB_GERANYLGERANYLATION",0.251787842669845,0.483049502513344,0.0319971441152958,-0.400822151963119,-1.13060691525085,63,"ENSG00000166128;ENSG00000117280;ENSG00000168461;ENSG00000123892;ENSG00000103769;ENSG00000154917;ENSG00000109113;ENSG00000124839;ENSG00000206418;ENSG00000167578;ENSG00000118508;ENSG00000124209;ENSG00000105649;ENSG00000137502;ENSG00000155961;ENSG00000172780;ENSG00000144566;ENSG00000129472;ENSG00000080371;ENSG00000104388;ENSG00000075785"
"REACTOME","REACTOME_CHEMOKINE_RECEPTORS_BIND_CHEMOKINES",0.252143622722401,0.48307570594848,0.0447763159319511,0.400651638888986,1.12658631791863,35,"ENSG00000144648;ENSG00000161921;ENSG00000006210;ENSG00000143184;ENSG00000169429;ENSG00000163739;ENSG00000186810;ENSG00000169248;ENSG00000143185"
"REACTOME","REACTOME_PROCESSING_OF_SMDT1",0.25332383665717,0.484679210514802,0.0417547808135487,0.501385449625553,1.17345382935732,16,"ENSG00000105819;ENSG00000183172;ENSG00000141385;ENSG00000215021;ENSG00000167085;ENSG00000165283"
"REACTOME","REACTOME_HCMV_EARLY_EVENTS",0.25408560311284,0.485478851955793,0.0546050400863614,0.306845560632082,1.07502842562025,132,"ENSG00000102054;ENSG00000106462;ENSG00000155561;ENSG00000125450;ENSG00000075188;ENSG00000188229;ENSG00000113569;ENSG00000074266;ENSG00000101162;ENSG00000176014;ENSG00000184260;ENSG00000167553;ENSG00000095319;ENSG00000144635;ENSG00000058804;ENSG00000273983;ENSG00000101849;ENSG00000185130;ENSG00000126767;ENSG00000085415;ENSG00000108559;ENSG00000123416;ENSG00000109320;ENSG00000132522;ENSG00000138750;ENSG00000258947;ENSG00000124635;ENSG00000088986;ENSG00000111581;ENSG00000110713;ENSG00000102900;ENSG00000158406;ENSG00000278828;ENSG00000196787;ENSG00000120253;ENSG00000093000;ENSG00000274641;ENSG00000278463;ENSG00000275713;ENSG00000270276;ENSG00000261456;ENSG00000171720;ENSG00000101146;ENSG00000094914"
"REACTOME","REACTOME_FRS_MEDIATED_FGFR2_SIGNALING",0.255268524813052,0.487079941940581,0.0343229745899501,-0.514429102670145,-1.17429033549425,20,"ENSG00000156427;ENSG00000179295;ENSG00000138685;ENSG00000158815;ENSG00000166225;ENSG00000066468;ENSG00000070193"
"REACTOME","REACTOME_MISCELLANEOUS_TRANSPORT_AND_BINDING_EVENTS",0.257324840764331,0.490340992117727,0.0430540984264808,0.430185850214495,1.13822922545715,26,"ENSG00000163293;ENSG00000158856;ENSG00000104361;ENSG00000171488;ENSG00000148700;ENSG00000040531;ENSG00000160862;ENSG00000136802;ENSG00000124532;ENSG00000040487"
"REACTOME","REACTOME_TICAM1_DEPENDENT_ACTIVATION_OF_IRF3_IRF7",0.257810691969451,0.490604713020034,0.0407564308684108,0.53002081409955,1.17510185925388,13,"ENSG00000185507;ENSG00000127666;ENSG00000170315;ENSG00000221983;ENSG00000143947;ENSG00000123240"
"REACTOME","REACTOME_SIGNALING_BY_NOTCH1",0.258675998833479,0.491588843005212,0.0310719727360789,-0.38742896661315,-1.12101416584715,74,"ENSG00000196782;ENSG00000109670;ENSG00000065717;ENSG00000061273;ENSG00000114315;ENSG00000018236;ENSG00000101384;ENSG00000068024;ENSG00000138613;ENSG00000143801;ENSG00000163909;ENSG00000205155;ENSG00000197921;ENSG00000132964;ENSG00000137845;ENSG00000187957;ENSG00000197530;ENSG00000136997;ENSG00000196781;ENSG00000196498;ENSG00000151694;ENSG00000164683;ENSG00000177565;ENSG00000100644;ENSG00000101752;ENSG00000005339;ENSG00000168214"
"REACTOME","REACTOME_HEME_DEGRADATION",0.25971261309207,0.492462838604749,0.0348433536834516,-0.582749228442855,-1.19249708646119,12,"ENSG00000106605;ENSG00000090013;ENSG00000118777;ENSG00000100292"
"REACTOME","REACTOME_NOTCH1_INTRACELLULAR_DOMAIN_REGULATES_TRANSCRIPTION",0.260147601476015,0.492462838604749,0.031974374159939,-0.421897116683186,-1.13751734081166,48,"ENSG00000196782;ENSG00000109670;ENSG00000065717;ENSG00000061273;ENSG00000114315;ENSG00000068024;ENSG00000163909;ENSG00000197921;ENSG00000132964;ENSG00000136997;ENSG00000196781;ENSG00000196498;ENSG00000164683;ENSG00000177565;ENSG00000100644;ENSG00000005339;ENSG00000168214"
"REACTOME","REACTOME_NEGATIVE_REGULATORS_OF_DDX58_IFIH1_SIGNALING",0.260182207931404,0.492462838604749,0.0440057843225365,0.397511530226387,1.11775669359493,35,"ENSG00000101695;ENSG00000138646;ENSG00000121060;ENSG00000115267;ENSG00000170315;ENSG00000088888;ENSG00000146833;ENSG00000181481;ENSG00000131508;ENSG00000160703;ENSG00000221983;ENSG00000127445;ENSG00000197111;ENSG00000143947"
"REACTOME","REACTOME_FOXO_MEDIATED_TRANSCRIPTION_OF_OXIDATIVE_STRESS_METABOLIC_AND_NEURONAL_GENES",0.261850277868585,0.494405396359517,0.0330380185456275,-0.474815387051738,-1.15265899949817,27,"ENSG00000254647;ENSG00000122585;ENSG00000221866;ENSG00000156804;ENSG00000066427"
"REACTOME","REACTOME_VIF_MEDIATED_DEGRADATION_OF_APOBEC3G",0.262258953168044,0.494405396359517,0.0444897082298492,0.383844340636844,1.11564316704368,41,"ENSG00000161057;ENSG00000127922;ENSG00000170315;ENSG00000126067;ENSG00000130706;ENSG00000101182;ENSG00000165916;ENSG00000100764;ENSG00000115233;ENSG00000100567;ENSG00000221983;ENSG00000100902;ENSG00000143947;ENSG00000103035;ENSG00000277791;ENSG00000129084;ENSG00000175166;ENSG00000239713;ENSG00000159377;ENSG00000087191;ENSG00000100387"
"REACTOME","REACTOME_MITOTIC_PROPHASE",0.261960784313725,0.494405396359517,0.0539446818693931,0.304726723648652,1.07272735673568,136,"ENSG00000146918;ENSG00000155561;ENSG00000125450;ENSG00000075188;ENSG00000113368;ENSG00000102882;ENSG00000100749;ENSG00000113569;ENSG00000134324;ENSG00000166851;ENSG00000151503;ENSG00000157456;ENSG00000246705;ENSG00000175334;ENSG00000184260;ENSG00000095319;ENSG00000132793;ENSG00000058804;ENSG00000134057;ENSG00000273983;ENSG00000185130;ENSG00000085415;ENSG00000108559;ENSG00000161904;ENSG00000105968;ENSG00000138750;ENSG00000124635;ENSG00000120802;ENSG00000111581;ENSG00000110713;ENSG00000102900;ENSG00000158406;ENSG00000120539;ENSG00000278828;ENSG00000170312;ENSG00000120253;ENSG00000175470;ENSG00000025770;ENSG00000093000;ENSG00000102119;ENSG00000274641;ENSG00000278463;ENSG00000275713;ENSG00000188486;ENSG00000270276;ENSG00000101146;ENSG00000094914"
"REACTOME","REACTOME_TP53_REGULATES_TRANSCRIPTION_OF_CASPASE_ACTIVATORS_AND_CASPASES",0.263169743358847,0.495460903496923,0.0396623861712408,0.556994638790963,1.18401210792809,11,"ENSG00000169372;ENSG00000106144;ENSG00000177595;ENSG00000120868"
"REACTOME","REACTOME_PRESYNAPTIC_DEPOLARIZATION_AND_CALCIUM_CHANNEL_OPENING",0.264388489208633,0.49709260554273,0.0347599263707937,-0.59332413184076,-1.18781015152041,11,"ENSG00000141837;ENSG00000157445;ENSG00000165995;ENSG00000148408;ENSG00000007402;ENSG00000198216;ENSG00000167535;ENSG00000182389"
"REACTOME","REACTOME_REGULATION_OF_IFNG_SIGNALING",0.265094173560993,0.497573347215186,0.0342692803320296,-0.569188969624853,-1.18463884478222,13,"ENSG00000033800;ENSG00000116030;ENSG00000179295;ENSG00000115415;ENSG00000162434;ENSG00000175354;ENSG00000027697;ENSG00000184557"
"REACTOME","REACTOME_SYNTHESIS_OF_IP2_IP_AND_INS_IN_THE_CYTOSOL",0.265348959244359,0.497573347215186,0.0341226534304147,-0.558170759918188,-1.18058786625859,14,"ENSG00000122126;ENSG00000040933;ENSG00000104643;ENSG00000151689;ENSG00000133731;ENSG00000159082;ENSG00000204084"
"REACTOME","REACTOME_DISEASES_OF_HEMOSTASIS",0.266493955094991,0.499057645350302,0.0337819665031078,-0.537956928912986,-1.1762179990844,16,"ENSG00000169902;ENSG00000164692;ENSG00000203618;ENSG00000108821;ENSG00000115486"
"REACTOME","REACTOME_IRS_MEDIATED_SIGNALLING",0.266937881395713,0.499226872226154,0.0318160314817552,-0.43109732866244,-1.13600084795674,42,"ENSG00000105221;ENSG00000156427;ENSG00000145675;ENSG00000077782;ENSG00000179295;ENSG00000138685;ENSG00000078142;ENSG00000185950;ENSG00000169047;ENSG00000134962;ENSG00000160867;ENSG00000158815;ENSG00000166225;ENSG00000109458;ENSG00000066468;ENSG00000070193;ENSG00000152270"
"REACTOME","REACTOME_SIGNALING_BY_NOTCH1_PEST_DOMAIN_MUTANTS_IN_CANCER",0.267452402538531,0.499527503153976,0.0311146336757596,-0.40283486138285,-1.12192889702767,58,"ENSG00000196782;ENSG00000109670;ENSG00000061273;ENSG00000114315;ENSG00000101384;ENSG00000068024;ENSG00000138613;ENSG00000143801;ENSG00000163909;ENSG00000205155;ENSG00000197921;ENSG00000132964;ENSG00000137845;ENSG00000197530;ENSG00000136997;ENSG00000196498;ENSG00000151694;ENSG00000164683;ENSG00000177565;ENSG00000101752;ENSG00000005339;ENSG00000168214"
"REACTOME","REACTOME_INTERFERON_ALPHA_BETA_SIGNALING",0.267945544554455,0.499787462233674,0.0468688605343353,0.345027884045298,1.09126070750945,67,"ENSG00000204264;ENSG00000101347;ENSG00000185507;ENSG00000108424;ENSG00000068079;ENSG00000111679;ENSG00000170315;ENSG00000126709;ENSG00000135828;ENSG00000168310;ENSG00000159110;ENSG00000206341;ENSG00000183486;ENSG00000206503;ENSG00000134321;ENSG00000164163;ENSG00000221983;ENSG00000105397;ENSG00000204592;ENSG00000143947;ENSG00000111331;ENSG00000089127;ENSG00000055332"
"REACTOME","REACTOME_RORA_B_C_AND_NR1D1_REV_ERBA_REGULATE_GENE_EXPRESSION",0.269484808454425,0.50199544793885,0.0326743471295092,-0.48408527349428,-1.15555963352043,25,"ENSG00000069667;ENSG00000082014;ENSG00000180530;ENSG00000177565;ENSG00000110090;ENSG00000005339;ENSG00000125686;ENSG00000084676;ENSG00000177200;ENSG00000141027;ENSG00000186951;ENSG00000126368;ENSG00000100393"
"REACTOME","REACTOME_TRANSCRIPTION_OF_THE_HIV_GENOME",0.270650813516896,0.503503226200076,0.0468985269479182,0.341800568538592,1.08949050778388,70,"ENSG00000106290;ENSG00000101158;ENSG00000005075;ENSG00000120656;ENSG00000149136;ENSG00000168002;ENSG00000020426;ENSG00000145736;ENSG00000163882;ENSG00000197265;ENSG00000204356;ENSG00000153767;ENSG00000148835;ENSG00000100142;ENSG00000188986;ENSG00000272047;ENSG00000165417;ENSG00000090061;ENSG00000137947;ENSG00000060069"
"REACTOME","REACTOME_GRB2_SOS_PROVIDES_LINKAGE_TO_MAPK_SIGNALING_FOR_INTEGRINS",0.271902268760908,0.505165794066318,0.0335890746859153,-0.54446462112073,-1.17071849304469,15,"ENSG00000115414;ENSG00000127314;ENSG00000169398;ENSG00000077420"
"REACTOME","REACTOME_REGULATION_OF_RUNX2_EXPRESSION_AND_ACTIVITY",0.272727272727273,0.506032732051129,0.0452289365362808,0.350397802082433,1.0904919372641,59,"ENSG00000145604;ENSG00000173153;ENSG00000198742;ENSG00000161057;ENSG00000127124;ENSG00000127922;ENSG00000170315;ENSG00000126067;ENSG00000130706;ENSG00000101182;ENSG00000165916;ENSG00000100764;ENSG00000115233;ENSG00000103266;ENSG00000100567;ENSG00000221983;ENSG00000006377;ENSG00000100902;ENSG00000143947;ENSG00000067955;ENSG00000103035;ENSG00000277791;ENSG00000129084;ENSG00000175166"
"REACTOME","REACTOME_SIGNAL_REGULATORY_PROTEIN_FAMILY_INTERACTIONS",0.273278879813302,0.506114241923611,0.039623999518966,0.51299471090418,1.15831973144996,14,"ENSG00000120899;ENSG00000198053;ENSG00000111679;ENSG00000005020;ENSG00000196776;ENSG00000133661;ENSG00000122852;ENSG00000177885"
"REACTOME","REACTOME_RHOV_GTPASE_CYCLE",0.273488078319912,0.506114241923611,0.0315267296529834,-0.439669137630616,-1.13288806951715,37,"ENSG00000173517;ENSG00000145675;ENSG00000139436;ENSG00000151208;ENSG00000124486;ENSG00000066933;ENSG00000102606;ENSG00000130669;ENSG00000142627;ENSG00000154447;ENSG00000141367;ENSG00000182504;ENSG00000167460;ENSG00000140575"
"REACTOME","REACTOME_MITOPHAGY",0.275946608553528,0.509995564499452,0.0429830944553198,0.383548618493442,1.10417194775702,39,"ENSG00000213585;ENSG00000244687;ENSG00000175768;ENSG00000078668;ENSG00000196683;ENSG00000170315;ENSG00000247077;ENSG00000161011;ENSG00000100216;ENSG00000131508;ENSG00000221983;ENSG00000214736;ENSG00000143947;ENSG00000123240;ENSG00000204435;ENSG00000156469;ENSG00000185651;ENSG00000057663;ENSG00000154174;ENSG00000165637;ENSG00000116688"
"REACTOME","REACTOME_ADENYLATE_CYCLASE_ACTIVATING_PATHWAY",0.280635264392709,0.516632325061936,0.0336274432455028,-0.599678174256535,-1.17647167896214,10,"ENSG00000121281;ENSG00000155897;ENSG00000173175;ENSG00000141404"
"REACTOME","REACTOME_SUPPRESSION_OF_PHAGOSOMAL_MATURATION",0.280027771349225,0.516632325061936,0.0388937547614518,0.519580758358166,1.15195535521846,13,"ENSG00000108424;ENSG00000102879;ENSG00000007171;ENSG00000170315;ENSG00000185359;ENSG00000221983;ENSG00000143947"
"REACTOME","REACTOME_REGULATION_OF_FZD_BY_UBIQUITINATION",0.280594996619337,0.516632325061936,0.0323432834054615,-0.499756727992664,-1.1506663831859,21,"ENSG00000174804;ENSG00000164930;ENSG00000101282;ENSG00000139292;ENSG00000070018;ENSG00000177283;ENSG00000138592;ENSG00000205213;ENSG00000163251"
"REACTOME","REACTOME_FORMATION_OF_THE_POSTERIOR_NEURAL_PLATE",0.281537628586898,0.517618660891536,0.0335635533983774,-0.599166998400019,-1.17546883452995,10,"ENSG00000182968;ENSG00000181449;ENSG00000185668"
"REACTOME","REACTOME_ADHERENS_JUNCTIONS_INTERACTIONS",0.282285285660708,0.518318365868555,0.0267180296501239,-0.327941035591038,-1.0793838722556,231,"ENSG00000179242;ENSG00000130202;ENSG00000071564;ENSG00000145526;ENSG00000073008;ENSG00000140945;ENSG00000154162;ENSG00000099341;ENSG00000140479;ENSG00000118707;ENSG00000182985;ENSG00000135074;ENSG00000078687;ENSG00000013275;ENSG00000171940;ENSG00000162706;ENSG00000163909;ENSG00000177707;ENSG00000040731;ENSG00000148516;ENSG00000164733;ENSG00000096717;ENSG00000010810;ENSG00000044115;ENSG00000121741;ENSG00000152784;ENSG00000149451;ENSG00000134909;ENSG00000140564;ENSG00000132475;ENSG00000090905;ENSG00000180828;ENSG00000126070;ENSG00000067225;ENSG00000184678;ENSG00000274750;ENSG00000136997;ENSG00000134698;ENSG00000041357;ENSG00000196781;ENSG00000081138;ENSG00000173692;ENSG00000113361;ENSG00000163131;ENSG00000177485;ENSG00000175029"
"REACTOME","REACTOME_CHONDROITIN_SULFATE_DERMATAN_SULFATE_METABOLISM",0.284464938782,0.521642199428811,0.030913179318951,-0.440745715664417,-1.12867154422744,36,"ENSG00000171451;ENSG00000131873;ENSG00000147408;ENSG00000171310;ENSG00000010404;ENSG00000038427;ENSG00000122863;ENSG00000182492;ENSG00000127415;ENSG00000166105"
"REACTOME","REACTOME_NOTCH4_ACTIVATION_AND_TRANSMISSION_OF_SIGNAL_TO_THE_NUCLEUS",0.285251798561151,0.522406666106803,0.0332359127589922,-0.58442961475916,-1.17000369950637,11,"ENSG00000101384;ENSG00000138613;ENSG00000143801;ENSG00000205155;ENSG00000137845"
"REACTOME","REACTOME_ESTROGEN_DEPENDENT_NUCLEAR_EVENTS_DOWNSTREAM_OF_ESR_MEMBRANE_SIGNALING",0.286336235766912,0.52371342604,0.0317711239893025,-0.487527920367361,-1.14279847673663,23,"ENSG00000105221;ENSG00000170345;ENSG00000117020;ENSG00000113070;ENSG00000118260;ENSG00000146648;ENSG00000169398"
"REACTOME","REACTOME_REGULATION_OF_BETA_CELL_DEVELOPMENT",0.287978656622724,0.524945847673492,0.0304375369003548,-0.426285719496975,-1.11793098884658,41,"ENSG00000254647;ENSG00000182759;ENSG00000122859;ENSG00000196782;ENSG00000105221;ENSG00000170608;ENSG00000106331;ENSG00000114315;ENSG00000117020;ENSG00000162992;ENSG00000007372;ENSG00000185002;ENSG00000070193;ENSG00000150907;ENSG00000005339;ENSG00000168214"
"REACTOME","REACTOME_INTERLEUKIN_3_INTERLEUKIN_5_AND_GM_CSF_SIGNALING",0.287454998615342,0.524945847673492,0.0424029731264084,0.374262446733638,1.09339380161619,42,"ENSG00000105639;ENSG00000105647;ENSG00000173757;ENSG00000165458;ENSG00000126561;ENSG00000111679;ENSG00000160691;ENSG00000170315;ENSG00000072062;ENSG00000164924;ENSG00000165025;ENSG00000051382;ENSG00000221983;ENSG00000096968;ENSG00000033327;ENSG00000143947;ENSG00000109471"
"REACTOME","REACTOME_METABOLISM_OF_CARBOHYDRATES_AND_CARBOHYDRATE_DERIVATIVES",0.288125376732972,0.524945847673492,0.025747260159284,-0.320545528849789,-1.07321936226741,282,"ENSG00000185352;ENSG00000103489;ENSG00000125430;ENSG00000170525;ENSG00000175040;ENSG00000076716;ENSG00000123836;ENSG00000156966;ENSG00000171451;ENSG00000131873;ENSG00000183098;ENSG00000064225;ENSG00000104812;ENSG00000147408;ENSG00000175264;ENSG00000162630;ENSG00000067177;ENSG00000213024;ENSG00000105568;ENSG00000103888;ENSG00000122254;ENSG00000140263;ENSG00000197713;ENSG00000142798;ENSG00000171310;ENSG00000164100;ENSG00000172318;ENSG00000010404;ENSG00000174951;ENSG00000147257;ENSG00000115884;ENSG00000105220;ENSG00000109956;ENSG00000183778;ENSG00000138653;ENSG00000163754;ENSG00000152556;ENSG00000135677;ENSG00000104695;ENSG00000063660;ENSG00000138604;ENSG00000038427;ENSG00000162512;ENSG00000122863;ENSG00000182492;ENSG00000171004;ENSG00000155893;ENSG00000119899;ENSG00000127415;ENSG00000163002;ENSG00000002587;ENSG00000121578;ENSG00000166105;ENSG00000112425;ENSG00000170340;ENSG00000141012;ENSG00000137713;ENSG00000067225"
"REACTOME","REACTOME_SIGNALING_BY_FGFR2_IN_DISEASE",0.289145204613683,0.525927662328425,0.0304884308883987,-0.432713645525913,-1.11844929617289,38,"ENSG00000156427;ENSG00000145675;ENSG00000105258;ENSG00000099817;ENSG00000138685;ENSG00000124181;ENSG00000158815;ENSG00000166225;ENSG00000102978;ENSG00000109458;ENSG00000066468;ENSG00000070193"
"REACTOME","REACTOME_REGULATION_OF_ORNITHINE_DECARBOXYLASE_ODC",0.289409202286959,0.525927662328425,0.0418426681191335,0.383419586560805,1.09554577301673,38,"ENSG00000104904;ENSG00000161057;ENSG00000127922;ENSG00000181019;ENSG00000143450;ENSG00000126067;ENSG00000130706;ENSG00000101182;ENSG00000165916;ENSG00000100764;ENSG00000115233;ENSG00000100567;ENSG00000100902;ENSG00000103035;ENSG00000277791;ENSG00000129084;ENSG00000175166"
"REACTOME","REACTOME_GAB1_SIGNALOSOME",0.290155440414508,0.526606017821703,0.0321115619760952,-0.527146988923392,-1.15258256416124,16,"ENSG00000145675;ENSG00000179295;ENSG00000113070;ENSG00000146648;ENSG00000109458"
"REACTOME","REACTOME_SEMAPHORIN_INTERACTIONS",0.290741016848069,0.526991419498683,0.0293175024119253,-0.392161026031089,-1.10363723025629,62,"ENSG00000112902;ENSG00000221866;ENSG00000160007;ENSG00000075213;ENSG00000151640;ENSG00000155366;ENSG00000006607;ENSG00000187764;ENSG00000010810;ENSG00000067900;ENSG00000150093;ENSG00000105357;ENSG00000172602;ENSG00000092421;ENSG00000072832;ENSG00000176749;ENSG00000198753;ENSG00000082701;ENSG00000137872;ENSG00000213949;ENSG00000099250"
"REACTOME","REACTOME_RAB_GEFS_EXCHANGE_GTP_FOR_GDP_ON_RABS",0.295116772823779,0.534237029778431,0.0281135455123913,-0.367849250626167,-1.0932192842125,89,"ENSG00000166128;ENSG00000168461;ENSG00000123892;ENSG00000105221;ENSG00000167994;ENSG00000154917;ENSG00000174485;ENSG00000170456;ENSG00000117020;ENSG00000206418;ENSG00000105186;ENSG00000105339;ENSG00000118508;ENSG00000177169;ENSG00000107036;ENSG00000213047;ENSG00000105649;ENSG00000146966;ENSG00000175984;ENSG00000003393;ENSG00000184014;ENSG00000155961;ENSG00000203879"
"REACTOME","REACTOME_NEGATIVE_REGULATION_OF_MAPK_PATHWAY",0.296064959400375,0.535267250542035,0.0298317197809657,-0.42008143896049,-1.11131949841156,43,"ENSG00000120875;ENSG00000143507;ENSG00000139318;ENSG00000188130;ENSG00000105568;ENSG00000089234;ENSG00000111266;ENSG00000011485;ENSG00000104695;ENSG00000137713;ENSG00000120129;ENSG00000169032;ENSG00000089220;ENSG00000158050;ENSG00000078304"
"REACTOME","REACTOME_METABOLISM_OF_FAT_SOLUBLE_VITAMINS",0.296889580093313,0.536071722623731,0.0297060926117293,-0.418399663943408,-1.11260655511136,44,"ENSG00000175445;ENSG00000076716;ENSG00000121207;ENSG00000183098;ENSG00000130203;ENSG00000147650;ENSG00000142798;ENSG00000147257;ENSG00000115884;ENSG00000157193;ENSG00000063660;ENSG00000162512;ENSG00000169439;ENSG00000197580;ENSG00000163803;ENSG00000114115;ENSG00000158874;ENSG00000081479;ENSG00000138207;ENSG00000188157;ENSG00000179399"
"REACTOME","REACTOME_NOTCH2_ACTIVATION_AND_TRANSMISSION_OF_SIGNAL_TO_THE_NUCLEUS",0.297387809778969,0.536285552245088,0.0310506924682318,-0.482877764031547,-1.13189819522423,23,"ENSG00000110492;ENSG00000134250;ENSG00000018236;ENSG00000101384;ENSG00000138613;ENSG00000143801;ENSG00000205155;ENSG00000137845;ENSG00000197530"
"REACTOME","REACTOME_REGULATION_OF_GLYCOLYSIS_BY_FRUCTOSE_2_6_BISPHOSPHATE_METABOLISM",0.298381294964029,0.536754723035221,0.0323549720388035,-0.577131106351942,-1.15539239025428,11,"ENSG00000170525;ENSG00000123836;ENSG00000105568;ENSG00000104695;ENSG00000137713"
"REACTOME","REACTOME_ERBB2_REGULATES_CELL_MOTILITY",0.298408256078363,0.536754723035221,0.0318160314817552,-0.543546716391644,-1.14965652842641,14,"ENSG00000157168;ENSG00000185737;ENSG00000178568;ENSG00000113070;ENSG00000146648"
"REACTOME","REACTOME_RETROGRADE_NEUROTROPHIN_SIGNALLING",0.299807591394088,0.538585647644341,0.0317263630408613,-0.543066886159861,-1.1486416387364,14,"ENSG00000107295;ENSG00000042753;ENSG00000183020;ENSG00000141367;ENSG00000196961;ENSG00000134259"
"REACTOME","REACTOME_GENERATION_OF_SECOND_MESSENGER_MOLECULES",0.301629531094114,0.540483372975747,0.0306525980581054,-0.476980610628518,-1.12805151503053,24,"ENSG00000125753;ENSG00000124181;ENSG00000154380;ENSG00000182866;ENSG00000223865;ENSG00000213658;ENSG00000115085;ENSG00000158092;ENSG00000198821;ENSG00000134256;ENSG00000077264"
"REACTOME","REACTOME_DEGRADATION_OF_DVL",0.301556420233463,0.540483372975747,0.0413650845498529,0.36900466388351,1.08380240152816,43,"ENSG00000161057;ENSG00000127922;ENSG00000165617;ENSG00000170315;ENSG00000126067;ENSG00000130706;ENSG00000101182;ENSG00000165916;ENSG00000100764;ENSG00000115233;ENSG00000100567;ENSG00000221983;ENSG00000100902;ENSG00000143947;ENSG00000103035;ENSG00000117153;ENSG00000277791;ENSG00000129084;ENSG00000175166;ENSG00000004975;ENSG00000159377;ENSG00000087191;ENSG00000100387"
"REACTOME","REACTOME_UBIQUITIN_MEDIATED_DEGRADATION_OF_PHOSPHORYLATED_CDC25A",0.303884892086331,0.543834559728643,0.0419976236434102,0.355199705307621,1.07566500018527,51,"ENSG00000164045;ENSG00000161057;ENSG00000127922;ENSG00000183765;ENSG00000170315;ENSG00000149554;ENSG00000126067;ENSG00000130706;ENSG00000101182;ENSG00000165916;ENSG00000112062;ENSG00000100764;ENSG00000115233;ENSG00000100567;ENSG00000221983;ENSG00000100902;ENSG00000143947;ENSG00000103035;ENSG00000277791;ENSG00000129084;ENSG00000175166"
"REACTOME","REACTOME_TRP_CHANNELS",0.305812417437252,0.546591308128355,0.0302659267139229,-0.471251369354027,-1.1249238295062,25,"ENSG00000133107;ENSG00000130529;ENSG00000196689;ENSG00000167723;ENSG00000153898;ENSG00000055732;ENSG00000144935;ENSG00000144481;ENSG00000119121;ENSG00000083067"
"REACTOME","REACTOME_REGULATION_OF_MITF_M_DEPENDENT_GENES_INVOLVED_IN_APOPTOSIS",0.308823529411765,0.550579322638146,0.0307354380864671,-0.504346469094934,-1.12818890317054,18,"ENSG00000078687;ENSG00000184486;ENSG00000090905;ENSG00000126070;ENSG00000134698;ENSG00000169375;ENSG00000092847;ENSG00000100354"
"REACTOME","REACTOME_TRAFFICKING_AND_PROCESSING_OF_ENDOSOMAL_TLR",0.308724832214765,0.550579322638146,0.0367791390199934,0.507443213081318,1.12504537047412,13,"ENSG00000166598;ENSG00000135047;ENSG00000239732;ENSG00000137161"
"REACTOME","REACTOME_MITOCHONDRIAL_FATTY_ACID_BETA_OXIDATION",0.310557341907824,0.552972215351637,0.0398557423668398,0.384276334286906,1.08054084517924,35,"ENSG00000112304;ENSG00000184227;ENSG00000167315;ENSG00000104325;ENSG00000111271;ENSG00000119673;ENSG00000097021;ENSG00000004779;ENSG00000100294;ENSG00000114054;ENSG00000117054;ENSG00000167969;ENSG00000127884;ENSG00000230124;ENSG00000151611;ENSG00000155368;ENSG00000116353;ENSG00000122971"
"REACTOME","REACTOME_INTERFERON_GAMMA_SIGNALING",0.311361377939715,0.553705624245438,0.0448026117999576,0.32063018541335,1.05634212634819,85,"ENSG00000163932;ENSG00000117226;ENSG00000106785;ENSG00000234127;ENSG00000167333;ENSG00000185507;ENSG00000121060;ENSG00000102882;ENSG00000026508;ENSG00000111679;ENSG00000065978;ENSG00000132256;ENSG00000216490;ENSG00000070808;ENSG00000168310;ENSG00000132109;ENSG00000104228;ENSG00000206341;ENSG00000206503;ENSG00000117228;ENSG00000096968;ENSG00000101871;ENSG00000204592;ENSG00000159128;ENSG00000111331;ENSG00000089127"
"REACTOME","REACTOME_RHOJ_GTPASE_CYCLE",0.312300440930515,0.55467700955206,0.0283803619158179,-0.397750104528698,-1.09457945821215,54,"ENSG00000124126;ENSG00000187239;ENSG00000092531;ENSG00000160007;ENSG00000145675;ENSG00000139436;ENSG00000122126;ENSG00000115107;ENSG00000102606;ENSG00000152661;ENSG00000130669;ENSG00000134909;ENSG00000038382;ENSG00000161791;ENSG00000146729"
"REACTOME","REACTOME_DEVELOPMENTAL_LINEAGE_OF_MAMMARY_GLAND_ALVEOLAR_CELLS",0.313298791018998,0.555053817965904,0.0306525980581054,-0.517651302694892,-1.13182068443569,16,"ENSG00000082175;ENSG00000140545"
"REACTOME","REACTOME_EGR2_AND_SOX10_MEDIATED_INITIATION_OF_SCHWANN_CELL_MYELINATION",0.313298395021291,0.555053817965904,0.029667675844438,-0.456652670770853,-1.11183239746997,28,"ENSG00000164199;ENSG00000135862;ENSG00000138386;ENSG00000187079;ENSG00000184486;ENSG00000122877;ENSG00000145284;ENSG00000102385"
"REACTOME","REACTOME_BUTYRATE_RESPONSE_FACTOR_1_BRF1_BINDS_AND_DESTABILIZES_MRNA",0.314224034540657,0.55599540948798,0.0371659974986293,0.468690746213311,1.11487784514559,17,"ENSG00000142208;ENSG00000162889;ENSG00000178896;ENSG00000107371;ENSG00000123737;ENSG00000166913;ENSG00000120699;ENSG00000130713"
"REACTOME","REACTOME_PLASMA_LIPOPROTEIN_ASSEMBLY_REMODELING_AND_CLEARANCE",0.317355614189387,0.559262658193866,0.0274493519433807,-0.374938451070686,-1.07979401168522,72,"ENSG00000165029;ENSG00000175445;ENSG00000140479;ENSG00000130203;ENSG00000100979;ENSG00000131408;ENSG00000160179;ENSG00000007944;ENSG00000115677;ENSG00000099139;ENSG00000168487;ENSG00000140564;ENSG00000105699;ENSG00000132855;ENSG00000042753;ENSG00000183020;ENSG00000140943;ENSG00000141367;ENSG00000130208;ENSG00000196961"
"REACTOME","REACTOME_ROS_AND_RNS_PRODUCTION_IN_PHAGOCYTES",0.317524115755627,0.559262658193866,0.0393579006834084,0.382586709806083,1.07578981551218,35,"ENSG00000128524;ENSG00000007171;ENSG00000171130;ENSG00000116039;ENSG00000155097;ENSG00000117410;ENSG00000159720;ENSG00000250565;ENSG00000110719;ENSG00000051523;ENSG00000185883;ENSG00000167419"
"REACTOME","REACTOME_ACTIVATION_OF_NF_KAPPAB_IN_B_CELLS",0.317372262773723,0.559262658193866,0.0413223597412866,0.348127896999703,1.06584281283576,54,"ENSG00000161057;ENSG00000127922;ENSG00000104365;ENSG00000170315;ENSG00000126067;ENSG00000130706;ENSG00000101182;ENSG00000173039;ENSG00000165916;ENSG00000269335;ENSG00000109320;ENSG00000142867;ENSG00000100764;ENSG00000115233;ENSG00000100567;ENSG00000221983;ENSG00000100902;ENSG00000143947;ENSG00000103035;ENSG00000277791;ENSG00000129084;ENSG00000175166"
"REACTOME","REACTOME_FCGAMMA_RECEPTOR_FCGR_DEPENDENT_PHAGOCYTOSIS",0.317654852600199,0.559262658193866,0.0443098064347317,0.319683163105959,1.05322208461975,85,"ENSG00000241685;ENSG00000130429;ENSG00000105647;ENSG00000163932;ENSG00000106299;ENSG00000162704;ENSG00000075651;ENSG00000197879;ENSG00000102882;ENSG00000184009;ENSG00000075624;ENSG00000241553;ENSG00000171132;ENSG00000080824;ENSG00000155849;ENSG00000100345;ENSG00000015285;ENSG00000096384;ENSG00000099331;ENSG00000184381;ENSG00000172757;ENSG00000165025;ENSG00000051382;ENSG00000149269"
"REACTOME","REACTOME_REGULATION_OF_RUNX3_EXPRESSION_AND_ACTIVITY",0.318820224719101,0.560615388920761,0.0403297267408196,0.362206314125152,1.07122979603263,45,"ENSG00000198742;ENSG00000161057;ENSG00000127922;ENSG00000170315;ENSG00000126067;ENSG00000130706;ENSG00000101182;ENSG00000165916;ENSG00000147889;ENSG00000135679;ENSG00000100764;ENSG00000115233;ENSG00000100567;ENSG00000221983;ENSG00000100902;ENSG00000143947;ENSG00000067955;ENSG00000103035;ENSG00000277791;ENSG00000129084;ENSG00000175166"
"REACTOME","REACTOME_RESPONSE_TO_METAL_IONS",0.319244604316547,0.560663409570851,0.0310613284284266,-0.567332739381837,-1.13577646848265,11,"ENSG00000187193;ENSG00000198417;ENSG00000188786;ENSG00000074317;ENSG00000169715"
"REACTOME","REACTOME_NPAS4_REGULATES_EXPRESSION_OF_TARGET_GENES",0.320486815415822,0.562145817847379,0.0298317197809657,-0.485296535362262,-1.1173724691229,21,"ENSG00000145632;ENSG00000167281;ENSG00000254647;ENSG00000170345;ENSG00000164949;ENSG00000172379;ENSG00000174576;ENSG00000179222;ENSG00000176749;ENSG00000005339"
"REACTOME","REACTOME_RHOQ_GTPASE_CYCLE",0.320985787723012,0.562322496606567,0.0277937928015159,-0.388587057434932,-1.08360126998211,59,"ENSG00000124126;ENSG00000154358;ENSG00000187239;ENSG00000092531;ENSG00000160007;ENSG00000139436;ENSG00000163171;ENSG00000115107;ENSG00000205726;ENSG00000102606;ENSG00000152661;ENSG00000130669;ENSG00000134909"
"REACTOME","REACTOME_GROWTH_HORMONE_RECEPTOR_SIGNALING",0.321501014198783,0.562527177259828,0.0297735904630718,-0.484756156220177,-1.11612827154007,21,"ENSG00000254087;ENSG00000112964;ENSG00000185950;ENSG00000169047;ENSG00000115415"
"REACTOME","REACTOME_JOSEPHIN_DOMAIN_DUBS",0.323502926609635,0.564314318146476,0.0352248527088057,0.530162527679987,1.12697467484682,11,"ENSG00000100221;ENSG00000165280;ENSG00000170315;ENSG00000179262;ENSG00000221983;ENSG00000143947"
"REACTOME","REACTOME_AKT_PHOSPHORYLATES_TARGETS_IN_THE_CYTOSOL",0.32412104250481,0.564314318146476,0.0302559000817095,-0.532320245214865,-1.12591140130053,14,"ENSG00000204673;ENSG00000105221;ENSG00000105723;ENSG00000117020"
"REACTOME","REACTOME_P75NTR_SIGNALS_VIA_NF_KB",0.32383665716999,0.564314318146476,0.03630927349455,0.473312095091519,1.10775031641041,16,"ENSG00000184216;ENSG00000104365;ENSG00000170315;ENSG00000173039;ENSG00000109320;ENSG00000161011;ENSG00000221983;ENSG00000143947"
"REACTOME","REACTOME_PLASMA_LIPOPROTEIN_REMODELING",0.323534136546185,0.564314318146476,0.0287329158912799,-0.43555678090266,-1.09750288944424,33,"ENSG00000175445;ENSG00000140479;ENSG00000130203;ENSG00000100979;ENSG00000160179;ENSG00000099139;ENSG00000140564;ENSG00000132855;ENSG00000140943;ENSG00000158874;ENSG00000213398"
"REACTOME","REACTOME_TRANSCRIPTION_OF_E2F_TARGETS_UNDER_NEGATIVE_CONTROL_BY_P107_RBL1_AND_P130_RBL2_IN_COMPLEX_WITH_HDAC1",0.325973409306743,0.566840460518621,0.036171170470305,0.472569451672076,1.10601221698003,16,"ENSG00000101057;ENSG00000101412;ENSG00000145386;ENSG00000116478;ENSG00000205250;ENSG00000170312;ENSG00000198176"
"REACTOME","REACTOME_KERATAN_SULFATE_DEGRADATION",0.326776209210831,0.567537524484247,0.0355872583741845,0.500652680381575,1.10999017379406,13,"ENSG00000149328"
"REACTOME","REACTOME_ACYL_CHAIN_REMODELLING_OF_PE",0.32723644828733,0.567638654768685,0.0291504450086787,-0.468562604212372,-1.10814306449884,24,"ENSG00000105499;ENSG00000176485;ENSG00000116711;ENSG00000143797;ENSG00000168907"
"REACTOME","REACTOME_FORMATION_OF_THE_CANONICAL_BAF_CBAF_COMPLEX",0.328659370725034,0.567710572844762,0.0295816425870746,-0.496987055582582,-1.11172639343318,18,"ENSG00000110987;ENSG00000011332;ENSG00000073584;ENSG00000205683;ENSG00000141380;ENSG00000049618;ENSG00000133884;ENSG00000184402"
"REACTOME","REACTOME_TRAF3_DEPENDENT_IRF_ACTIVATION_PATHWAY",0.32928821470245,0.567710572844762,0.0356019436100328,0.489601803048123,1.10549956358136,14,"ENSG00000185507;ENSG00000121060;ENSG00000115267;ENSG00000088888;ENSG00000146833;ENSG00000181481"
"REACTOME","REACTOME_THE_ROLE_OF_NEF_IN_HIV_1_REPLICATION_AND_DISEASE_PATHOGENESIS",0.328798767967146,0.567710572844762,0.0376471513771701,0.400766424054072,1.08062368983372,28,"ENSG00000106367;ENSG00000182287;ENSG00000175115;ENSG00000129354;ENSG00000155849;ENSG00000072958;ENSG00000206503;ENSG00000100280"
"REACTOME","REACTOME_RIPK1_MEDIATED_REGULATED_NECROSIS",0.329140461215933,0.567710572844762,0.038074588399225,0.390600021516092,1.07553907101806,31,"ENSG00000121858;ENSG00000080824;ENSG00000170315;ENSG00000170248;ENSG00000127191;ENSG00000168404;ENSG00000103266;ENSG00000221983;ENSG00000143947;ENSG00000104689;ENSG00000102871;ENSG00000197329;ENSG00000185651;ENSG00000105401"
"REACTOME","REACTOME_MITF_M_DEPENDENT_GENE_EXPRESSION",0.329156223893066,0.567710572844762,0.0259326721551838,-0.3520401941897,-1.06813954757991,105,"ENSG00000130508;ENSG00000110987;ENSG00000105221;ENSG00000078687;ENSG00000121068;ENSG00000082014;ENSG00000011332;ENSG00000147416;ENSG00000184486;ENSG00000181449;ENSG00000148516;ENSG00000096717;ENSG00000118260;ENSG00000090905;ENSG00000163527;ENSG00000126070;ENSG00000107165;ENSG00000170011;ENSG00000104763;ENSG00000134698;ENSG00000073584;ENSG00000205683;ENSG00000164176;ENSG00000141380;ENSG00000169375;ENSG00000049618;ENSG00000105486;ENSG00000092847;ENSG00000133884;ENSG00000182220;ENSG00000113732;ENSG00000100354;ENSG00000197535;ENSG00000100554;ENSG00000184402"
"REACTOME","REACTOME_ONCOGENIC_MAPK_SIGNALING",0.330209084354722,0.56860393549862,0.0264757764277132,-0.364830980919863,-1.07200816399205,82,"ENSG00000112531;ENSG00000115414;ENSG00000188766;ENSG00000143507;ENSG00000139318;ENSG00000089234;ENSG00000111266;ENSG00000145349;ENSG00000006459;ENSG00000186298;ENSG00000158186;ENSG00000127314;ENSG00000159784;ENSG00000169032;ENSG00000114416;ENSG00000133030;ENSG00000108061;ENSG00000213639;ENSG00000089220;ENSG00000198369;ENSG00000077420;ENSG00000140575;ENSG00000011021;ENSG00000058404;ENSG00000171435;ENSG00000160789;ENSG00000153094;ENSG00000133703;ENSG00000182606"
"REACTOME","REACTOME_DEFECTIVE_INTRINSIC_PATHWAY_FOR_APOPTOSIS",0.331265508684864,0.569728256106002,0.0367632352615047,0.420618009756888,1.08163487761235,23,"ENSG00000164045;ENSG00000117450;ENSG00000101224;ENSG00000164885;ENSG00000113368;ENSG00000177606;ENSG00000167815;ENSG00000147889"
"REACTOME","REACTOME_SUMOYLATION_OF_SUMOYLATION_PROTEINS",0.334137191854234,0.573968022990484,0.0382314525118419,0.378823798617459,1.065208942132,35,"ENSG00000155561;ENSG00000125450;ENSG00000075188;ENSG00000113569;ENSG00000095319;ENSG00000058804;ENSG00000085415;ENSG00000108559;ENSG00000138750;ENSG00000111581;ENSG00000110713;ENSG00000102900;ENSG00000103275;ENSG00000120253;ENSG00000093000;ENSG00000101146;ENSG00000094914"
"REACTOME","REACTOME_ATP_DEPENDENT_CHROMATIN_REMODELERS",0.33462657613967,0.574110237556761,0.028241966670004,-0.440051664777485,-1.09366723210791,31,"ENSG00000110987;ENSG00000082014;ENSG00000011332;ENSG00000063169;ENSG00000119866;ENSG00000073584;ENSG00000205683;ENSG00000141380;ENSG00000049618;ENSG00000133884"
"REACTOME","REACTOME_BBSOME_MEDIATED_CARGO_TARGETING_TO_CILIUM",0.335483870967742,0.574882555590354,0.036495439157232,0.419135512779774,1.07782258142149,23,"ENSG00000278195;ENSG00000165533;ENSG00000125863;ENSG00000115484;ENSG00000163468;ENSG00000166226;ENSG00000120438;ENSG00000125124;ENSG00000127328;ENSG00000140463;ENSG00000181004;ENSG00000156261"
"REACTOME","REACTOME_TNF_RECEPTOR_SUPERFAMILY_TNFSF_MEMBERS_MEDIATING_NON_CANONICAL_NF_KB_PATHWAY",0.33684456928839,0.576514584042674,0.0351962464722988,0.478979609709152,1.10254522338869,15,"ENSG00000006327;ENSG00000120659;ENSG00000006062;ENSG00000127191"
"REACTOME","REACTOME_FORMATION_OF_FIBRIN_CLOT_CLOTTING_CASCADE",0.337831325301205,0.577132744205948,0.0279610991295042,-0.430624390031001,-1.08507439912824,33,"ENSG00000117525;ENSG00000181104;ENSG00000137509;ENSG00000135919;ENSG00000178726;ENSG00000203618;ENSG00000184500"
"REACTOME","REACTOME_COPI_DEPENDENT_GOLGI_TO_ER_RETROGRADE_TRAFFIC",0.338023214913823,0.577132744205948,0.0442587547733942,0.309652203981046,1.04414716006838,100,"ENSG00000158623;ENSG00000196169;ENSG00000164627;ENSG00000135249;ENSG00000188229;ENSG00000129250;ENSG00000136240;ENSG00000086827;ENSG00000113734;ENSG00000101162;ENSG00000138778;ENSG00000167702;ENSG00000136883;ENSG00000176014;ENSG00000167553;ENSG00000112984;ENSG00000186185;ENSG00000079616;ENSG00000123416;ENSG00000111481;ENSG00000134287;ENSG00000142945;ENSG00000242247;ENSG00000237649;ENSG00000184840;ENSG00000138160;ENSG00000148248;ENSG00000258947;ENSG00000138182;ENSG00000197892"
"REACTOME","REACTOME_SIGNALING_BY_FGFR3",0.339333649139428,0.578670425827141,0.0275794844392981,-0.420591874878132,-1.08373200755701,37,"ENSG00000156427;ENSG00000145675;ENSG00000105568;ENSG00000179295;ENSG00000138685;ENSG00000104695;ENSG00000124181;ENSG00000158815;ENSG00000166225;ENSG00000109458"
"REACTOME","REACTOME_PASSIVE_TRANSPORT_BY_AQUAPORINS",0.341187050359712,0.57937237394958,0.0298220139040204,-0.557692661439935,-1.1164774347398,11,"ENSG00000165269;ENSG00000165272;ENSG00000161798;ENSG00000171885;ENSG00000086159"
"REACTOME","REACTOME_NEGATIVE_REGULATION_OF_FGFR1_SIGNALING",0.341796875,0.57937237394958,0.0279863826695388,-0.444855914863124,-1.09057602721608,29,"ENSG00000011201;ENSG00000105568;ENSG00000077782;ENSG00000179295;ENSG00000138685;ENSG00000104695;ENSG00000158815;ENSG00000166225"
"REACTOME","REACTOME_DISORDERS_OF_DEVELOPMENTAL_BIOLOGY",0.341357727491574,0.57937237394958,0.0354994556714804,0.450751620686441,1.08968935983165,18,"ENSG00000198668;ENSG00000129691;ENSG00000196363;ENSG00000116478;ENSG00000072062;ENSG00000101849;ENSG00000162961;ENSG00000132522"
"REACTOME","REACTOME_POST_CHAPERONIN_TUBULIN_FOLDING_PATHWAY",0.34044665012407,0.57937237394958,0.0361864516389604,0.418106709311984,1.07517697498725,23,"ENSG00000141556;ENSG00000188229;ENSG00000213465;ENSG00000101162;ENSG00000176014;ENSG00000167553;ENSG00000123416;ENSG00000258947"
"REACTOME","REACTOME_METABOLISM_OF_PORPHYRINS",0.341439205955335,0.57937237394958,0.0361254216920189,0.41767790106692,1.07407427861451,23,"ENSG00000023330;ENSG00000148218;ENSG00000137491;ENSG00000143224;ENSG00000103415;ENSG00000014919;ENSG00000188690;ENSG00000256269;ENSG00000126088;ENSG00000080819;ENSG00000066926"
"REACTOME","REACTOME_SIGNALING_BY_NOTCH",0.342324174439123,0.579570424829786,0.0236294467331277,-0.321223897720838,-1.0516147536938,217,"ENSG00000110492;ENSG00000196782;ENSG00000099341;ENSG00000109670;ENSG00000064225;ENSG00000065717;ENSG00000061273;ENSG00000114315;ENSG00000134250;ENSG00000078687;ENSG00000013275;ENSG00000018236;ENSG00000101384;ENSG00000068024;ENSG00000138613;ENSG00000143801;ENSG00000163909;ENSG00000205155;ENSG00000074181;ENSG00000115415;ENSG00000197921;ENSG00000100453;ENSG00000163389;ENSG00000118260;ENSG00000132964;ENSG00000140564;ENSG00000146648;ENSG00000132475;ENSG00000137845;ENSG00000090905;ENSG00000187957;ENSG00000197530;ENSG00000126070;ENSG00000184678;ENSG00000274750;ENSG00000136997;ENSG00000114126;ENSG00000134698;ENSG00000041357;ENSG00000196781;ENSG00000173692;ENSG00000185630;ENSG00000196498;ENSG00000113645;ENSG00000151694;ENSG00000112242;ENSG00000164683;ENSG00000092847;ENSG00000270882;ENSG00000177565;ENSG00000100644;ENSG00000163558;ENSG00000101752;ENSG00000196890;ENSG00000100354;ENSG00000005339;ENSG00000168214;ENSG00000086598"
"REACTOME","REACTOME_ADORA2B_MEDIATED_ANTI_INFLAMMATORY_CYTOKINES_PRODUCTION",0.342757858158269,0.579609695472426,0.0274089539845351,-0.416253455982675,-1.08075771941177,39,"ENSG00000087460;ENSG00000121281;ENSG00000176533;ENSG00000155897;ENSG00000173175;ENSG00000172380;ENSG00000108946;ENSG00000118260;ENSG00000111664;ENSG00000078295;ENSG00000078369;ENSG00000005249;ENSG00000127955"
"REACTOME","REACTOME_FORMATION_OF_SENESCENCE_ASSOCIATED_HETEROCHROMATIN_FOCI_SAHF",0.344254510921178,0.580749545305499,0.0350399126771784,0.466161373284375,1.09101460560442,16,"ENSG00000137309;ENSG00000113368;ENSG00000100084;ENSG00000099991"
"REACTOME","REACTOME_IKK_COMPLEX_RECRUITMENT_MEDIATED_BY_RIP1",0.343872549019608,0.580749545305499,0.0357199594025263,0.422358251902884,1.07609403132866,22,"ENSG00000244687;ENSG00000104365;ENSG00000127666;ENSG00000170315;ENSG00000269335;ENSG00000131508;ENSG00000221983;ENSG00000143947;ENSG00000004139"
"REACTOME","REACTOME_CALCITONIN_LIKE_LIGAND_RECEPTORS",0.345425013535463,0.582028781756651,0.0296580889975364,-0.56845587221522,-1.11521856740919,10,"ENSG00000122679;ENSG00000004948;ENSG00000131477"
"REACTOME","REACTOME_ADENYLATE_CYCLASE_INHIBITORY_PATHWAY",0.347826086956522,0.583299389497311,0.029076871666459,-0.532484814438337,-1.10824739955179,13,"ENSG00000121281;ENSG00000155897;ENSG00000173175;ENSG00000141404;ENSG00000078295;ENSG00000127955;ENSG00000129467"
"REACTOME","REACTOME_ADVANCED_GLYCOSYLATION_ENDPRODUCT_RECEPTOR_SIGNALING",0.34916704187303,0.583299389497311,0.0336787638082654,0.51877914429142,1.10277684093138,11,"ENSG00000130175;ENSG00000102882;ENSG00000244038;ENSG00000198898;ENSG00000116489"
"REACTOME","REACTOME_HDR_THROUGH_MMEJ_ALT_NHEJ",0.347995418098511,0.583299389497311,0.0340961551503935,0.505291434527053,1.09781490907933,12,"ENSG00000129484;ENSG00000168496;ENSG00000143799;ENSG00000101773;ENSG00000113522;ENSG00000139618"
"REACTOME","REACTOME_METHYLATION",0.348761860680398,0.583299389497311,0.0342558882216024,0.492074093962732,1.09097070779879,13,"ENSG00000101444;ENSG00000148834;ENSG00000116984;ENSG00000173113;ENSG00000038274;ENSG00000137364;ENSG00000168906"
"REACTOME","REACTOME_BMAL1_CLOCK_NPAS2_ACTIVATES_CIRCADIAN_EXPRESSION",0.349514563106796,0.583299389497311,0.0277854840418346,-0.451022848895335,-1.08523231798476,26,"ENSG00000082014;ENSG00000163884;ENSG00000134107;ENSG00000123095;ENSG00000029153;ENSG00000134852;ENSG00000177565;ENSG00000170485;ENSG00000005339;ENSG00000151014;ENSG00000125686;ENSG00000084676;ENSG00000177200"
"REACTOME","REACTOME_ATTENUATION_PHASE",0.34989701338826,0.583299389497311,0.0363865584085132,0.400308126524017,1.06581390606335,27,"ENSG00000126803;ENSG00000110958;ENSG00000132002;ENSG00000112110;ENSG00000004478;ENSG00000080824;ENSG00000170315;ENSG00000204388;ENSG00000096384;ENSG00000107018;ENSG00000185122;ENSG00000204390"
"REACTOME","REACTOME_HEDGEHOG_ON_STATE",0.349662657670871,0.583299389497311,0.0257898061288506,-0.368890148853493,-1.06101104691762,71,"ENSG00000166813;ENSG00000099341;ENSG00000036257;ENSG00000143147;ENSG00000134874;ENSG00000013275;ENSG00000107882;ENSG00000128602;ENSG00000064309;ENSG00000074047;ENSG00000041357;ENSG00000108854;ENSG00000173692;ENSG00000134371;ENSG00000113712"
"REACTOME","REACTOME_RECYCLING_PATHWAY_OF_L1",0.346991404011461,0.583299389497311,0.0388754749993405,0.35026964731437,1.05146545704625,49,"ENSG00000117676;ENSG00000177189;ENSG00000188229;ENSG00000184009;ENSG00000075624;ENSG00000101162;ENSG00000176014;ENSG00000133961;ENSG00000167553;ENSG00000197959;ENSG00000092964;ENSG00000100784;ENSG00000123416;ENSG00000079805;ENSG00000162302;ENSG00000258947;ENSG00000187164;ENSG00000090889"
"REACTOME","REACTOME_FACTORS_INVOLVED_IN_MEGAKARYOCYTE_DEVELOPMENT_AND_PLATELET_PRODUCTION",0.3484292125663,0.583299389497311,0.0472281823651549,0.288568034154897,1.03302147838215,151,"ENSG00000110047;ENSG00000130158;ENSG00000121057;ENSG00000196169;ENSG00000107099;ENSG00000164627;ENSG00000123374;ENSG00000188229;ENSG00000164885;ENSG00000129250;ENSG00000182185;ENSG00000179588;ENSG00000075624;ENSG00000118513;ENSG00000101162;ENSG00000138778;ENSG00000167702;ENSG00000198898;ENSG00000136883;ENSG00000116478;ENSG00000114302;ENSG00000072062;ENSG00000176014;ENSG00000167553;ENSG00000112984;ENSG00000168310;ENSG00000131381;ENSG00000273983;ENSG00000147853;ENSG00000186185;ENSG00000079616;ENSG00000123416;ENSG00000136574;ENSG00000142945;ENSG00000116489;ENSG00000237649;ENSG00000138160;ENSG00000258947;ENSG00000096968;ENSG00000149679;ENSG00000138182;ENSG00000197892;ENSG00000088538;ENSG00000004487;ENSG00000090889;ENSG00000166483;ENSG00000278828;ENSG00000100605;ENSG00000174996"
"REACTOME","REACTOME_INITIAL_TRIGGERING_OF_COMPLEMENT",0.35065565808645,0.5838747514364,0.0351249766034131,0.431025442873744,1.0737005675561,20,"ENSG00000244731;ENSG00000224389"
"REACTOME","REACTOME_GABA_B_RECEPTOR_ACTIVATION",0.351129363449692,0.583974865949311,0.0269883766032364,-0.414280482217761,-1.07563510338064,39,"ENSG00000121281;ENSG00000176533;ENSG00000155897;ENSG00000168135;ENSG00000173175;ENSG00000172380;ENSG00000141404;ENSG00000157542;ENSG00000111664;ENSG00000078295;ENSG00000078369;ENSG00000136928;ENSG00000127955;ENSG00000204681;ENSG00000242616;ENSG00000129467;ENSG00000162989"
"REACTOME","REACTOME_DEGRADATION_OF_CYSTEINE_AND_HOMOCYSTEINE",0.352158693115519,0.584359500844693,0.0342291416004622,0.48180304971657,1.08789031796414,14,"ENSG00000183048;ENSG00000100348;ENSG00000128311;ENSG00000137767;ENSG00000125166;ENSG00000128309;ENSG00000215845"
"REACTOME","REACTOME_PLATELET_AGGREGATION_PLUG_FORMATION",0.352188339390109,0.584359500844693,0.0269416229575224,-0.415884564497146,-1.07495061286009,38,"ENSG00000115414;ENSG00000164692;ENSG00000172575;ENSG00000203618;ENSG00000108821;ENSG00000127314;ENSG00000169398;ENSG00000180210;ENSG00000077420;ENSG00000068831;ENSG00000178732"
"REACTOME","REACTOME_NEGATIVE_REGULATION_OF_FGFR2_SIGNALING",0.353515625,0.584501244145199,0.0273928302787928,-0.440940536568747,-1.08097737389337,29,"ENSG00000156427;ENSG00000105568;ENSG00000179295;ENSG00000138685;ENSG00000104695;ENSG00000158815;ENSG00000166225;ENSG00000066468;ENSG00000070193"
"REACTOME","REACTOME_TRANSCRIPTIONAL_REGULATION_BY_RUNX2",0.352695361470957,0.584501244145199,0.0247802647486789,-0.348082042325463,-1.05476655425116,104,"ENSG00000119042;ENSG00000125845;ENSG00000170365;ENSG00000099341;ENSG00000105221;ENSG00000114315;ENSG00000137834;ENSG00000013275;ENSG00000178573;ENSG00000117020;ENSG00000068024;ENSG00000108821;ENSG00000115415;ENSG00000074047;ENSG00000041357;ENSG00000173692;ENSG00000198542;ENSG00000164683;ENSG00000122691;ENSG00000097007;ENSG00000155846;ENSG00000109705"
"REACTOME","REACTOME_SLC_MEDIATED_TRANSPORT_OF_INORGANIC_ANIONS",0.353429796355841,0.584501244145199,0.0370197510244561,0.374865560719853,1.05407883251639,35,"ENSG00000113504;ENSG00000145217;ENSG00000198569;ENSG00000164889;ENSG00000144136;ENSG00000147606"
"REACTOME","REACTOME_INTERLEUKIN_27_SIGNALING",0.355711965349215,0.586667371042925,0.0291228068013242,-0.563913509303966,-1.1063071853545,10,"ENSG00000134352;ENSG00000104998;ENSG00000006016;ENSG00000115415;ENSG00000162434"
"REACTOME","REACTOME_ION_TRANSPORT_BY_P_TYPE_ATPASES",0.356072193331294,0.586667371042925,0.02619397639682,-0.390064226241394,-1.06498406489475,52,"ENSG00000132932;ENSG00000137731;ENSG00000105409;ENSG00000143153;ENSG00000129244;ENSG00000145349;ENSG00000137726;ENSG00000124406;ENSG00000070961;ENSG00000143515;ENSG00000165240;ENSG00000123191;ENSG00000058668;ENSG00000166377"
"REACTOME","REACTOME_RHO_GTPASES_ACTIVATE_IQGAPS",0.35550880883513,0.586667371042925,0.036495439157232,0.381564834531847,1.05740517677123,32,"ENSG00000188229;ENSG00000198668;ENSG00000184009;ENSG00000075624;ENSG00000101162;ENSG00000176014;ENSG00000183856;ENSG00000167553;ENSG00000133895;ENSG00000123416;ENSG00000258947"
"REACTOME","REACTOME_REGULATION_OF_PD_L1_CD274_TRANSCRIPTION",0.356624005534417,0.586891720063633,0.0425633582370147,0.310120325527322,1.03978938384963,96,"ENSG00000102054;ENSG00000106462;ENSG00000134323;ENSG00000081059;ENSG00000197905;ENSG00000162772;ENSG00000129691;ENSG00000177606;ENSG00000074266;ENSG00000196363;ENSG00000246705;ENSG00000184260;ENSG00000173039;ENSG00000273983;ENSG00000162961;ENSG00000185130;ENSG00000109320;ENSG00000007866;ENSG00000105968;ENSG00000124635;ENSG00000158406;ENSG00000077150;ENSG00000278828;ENSG00000274641;ENSG00000148737;ENSG00000278463;ENSG00000275713;ENSG00000188486;ENSG00000270276"
"REACTOME","REACTOME_ANCHORING_OF_THE_BASAL_BODY_TO_THE_PLASMA_MEMBRANE",0.357613596947624,0.58783515586734,0.0425633582370147,0.309800941445249,1.03959955741198,97,"ENSG00000092036;ENSG00000126001;ENSG00000188878;ENSG00000106477;ENSG00000131462;ENSG00000046651;ENSG00000137100;ENSG00000188229;ENSG00000198089;ENSG00000152240;ENSG00000138107;ENSG00000167461;ENSG00000166851;ENSG00000080824;ENSG00000213397;ENSG00000072062;ENSG00000112877;ENSG00000108641;ENSG00000176101;ENSG00000011143;ENSG00000168778;ENSG00000141577;ENSG00000196230;ENSG00000175203;ENSG00000088986;ENSG00000174799;ENSG00000127328;ENSG00000168014;ENSG00000072864;ENSG00000131351;ENSG00000131697;ENSG00000127914;ENSG00000170312;ENSG00000139350;ENSG00000110274;ENSG00000119977;ENSG00000137814;ENSG00000148019;ENSG00000204852;ENSG00000119397;ENSG00000103540;ENSG00000144061;ENSG00000108953;ENSG00000136861"
"REACTOME","REACTOME_KERATAN_SULFATE_KERATIN_METABOLISM",0.359011164274322,0.589446237157376,0.0267716426838555,-0.419211494672192,-1.06840306491914,35,"ENSG00000175040;ENSG00000156966;ENSG00000064225;ENSG00000175264;ENSG00000135677;ENSG00000122863;ENSG00000121578;ENSG00000166105;ENSG00000170340;ENSG00000141012"
"REACTOME","REACTOME_SURFACTANT_METABOLISM",0.359993348852677,0.590164046293263,0.0274493519433807,-0.456274623582283,-1.07908218684981,24,"ENSG00000103811;ENSG00000136026"
"REACTOME","REACTOME_FGFR1_MUTANT_RECEPTOR_ACTIVATION",0.361120209629872,0.590164046293263,0.0271296718528132,-0.441846412620099,-1.07578294774371,28,"ENSG00000124831;ENSG00000145675;ENSG00000077782;ENSG00000138685;ENSG00000115415;ENSG00000121741;ENSG00000158815;ENSG00000111790"
"REACTOME","REACTOME_SENSORY_PROCESSING_OF_SOUND",0.361005089058524,0.590164046293263,0.0403297267408196,0.322356207666225,1.03844540702632,74,"ENSG00000187017;ENSG00000177106;ENSG00000247596;ENSG00000151491;ENSG00000006611;ENSG00000197879;ENSG00000184009;ENSG00000137474;ENSG00000075624;ENSG00000130830;ENSG00000100345;ENSG00000198898;ENSG00000008056;ENSG00000179520;ENSG00000091536;ENSG00000106089"
"REACTOME","REACTOME_TRANSPORT_OF_MATURE_TRANSCRIPT_TO_CYTOPLASM",0.361001317523057,0.590164046293263,0.0411314894003624,0.313823460810533,1.03133761224677,84,"ENSG00000160917;ENSG00000155561;ENSG00000125450;ENSG00000163950;ENSG00000075188;ENSG00000119392;ENSG00000183684;ENSG00000205937;ENSG00000113569;ENSG00000119203;ENSG00000132661;ENSG00000051596;ENSG00000095319;ENSG00000058804;ENSG00000085415;ENSG00000108559;ENSG00000163634;ENSG00000131652;ENSG00000141543;ENSG00000100296;ENSG00000138750;ENSG00000140829;ENSG00000111581;ENSG00000110713;ENSG00000116350;ENSG00000102900;ENSG00000161547"
"REACTOME","REACTOME_RESPONSE_OF_MTB_TO_PHAGOCYTOSIS",0.36302729528536,0.591926721058468,0.0348573052682053,0.411180560731297,1.05736612595412,23,"ENSG00000108424;ENSG00000102879;ENSG00000102882;ENSG00000007171;ENSG00000102144;ENSG00000170315;ENSG00000074800;ENSG00000185359;ENSG00000221983;ENSG00000143947;ENSG00000173821"
"REACTOME","REACTOME_REGULATION_OF_LIPID_METABOLISM_BY_PPARALPHA",0.363037209940958,0.591926721058468,0.0240671352767403,-0.341021565010959,-1.04653255809744,115,"ENSG00000069667;ENSG00000165029;ENSG00000131408;ENSG00000146072;ENSG00000063322;ENSG00000082014;ENSG00000065833;ENSG00000175221;ENSG00000146426;ENSG00000155111;ENSG00000124151;ENSG00000104973;ENSG00000118579;ENSG00000132964;ENSG00000172379;ENSG00000001167;ENSG00000123066;ENSG00000127511;ENSG00000108510;ENSG00000196498;ENSG00000134852;ENSG00000169375;ENSG00000042429;ENSG00000112282;ENSG00000177565;ENSG00000110090;ENSG00000012504;ENSG00000158874;ENSG00000155846;ENSG00000188786;ENSG00000147872;ENSG00000170485;ENSG00000198431;ENSG00000005339;ENSG00000125686;ENSG00000115641;ENSG00000084676;ENSG00000166821;ENSG00000177200"
"REACTOME","REACTOME_PLATELET_ACTIVATION_SIGNALING_AND_AGGREGATION",0.363828991649009,0.592533490436449,0.0224730382680638,-0.316327004070994,-1.04333892653364,238,"ENSG00000010278;ENSG00000115414;ENSG00000254087;ENSG00000077522;ENSG00000100234;ENSG00000138722;ENSG00000176533;ENSG00000092969;ENSG00000105329;ENSG00000181104;ENSG00000134215;ENSG00000145675;ENSG00000123104;ENSG00000077044;ENSG00000145685;ENSG00000116711;ENSG00000065675;ENSG00000167711;ENSG00000102316;ENSG00000154229;ENSG00000164692;ENSG00000172380;ENSG00000104112;ENSG00000172575;ENSG00000126583;ENSG00000179295;ENSG00000203618;ENSG00000156052;ENSG00000108821;ENSG00000184500;ENSG00000197746;ENSG00000005893;ENSG00000142192;ENSG00000274588;ENSG00000010810;ENSG00000157680;ENSG00000127837;ENSG00000127314;ENSG00000121410;ENSG00000169398;ENSG00000150630;ENSG00000156049;ENSG00000166479;ENSG00000006638;ENSG00000138430;ENSG00000180210;ENSG00000150995;ENSG00000196865;ENSG00000141506;ENSG00000197461;ENSG00000146535;ENSG00000111664;ENSG00000113140;ENSG00000182866;ENSG00000127824;ENSG00000164535;ENSG00000078369;ENSG00000155008;ENSG00000137801;ENSG00000153310;ENSG00000127955;ENSG00000155657;ENSG00000077420"
"REACTOME","REACTOME_CASPASE_MEDIATED_CLEAVAGE_OF_CYTOSKELETAL_PROTEINS",0.369530355097365,0.598541476615725,0.03290357014243,0.495821409553316,1.07723998163127,12,"ENSG00000148935;ENSG00000164305;ENSG00000165806"
"REACTOME","REACTOME_WNT_LIGAND_BIOGENESIS_AND_TRAFFICKING",0.369637512470901,0.598541476615725,0.0269883766032364,-0.45277304834602,-1.07080101742228,24,"ENSG00000114251;ENSG00000162552;ENSG00000108379;ENSG00000143816"
"REACTOME","REACTOME_FCERI_MEDIATED_MAPK_ACTIVATION",0.369575738022262,0.598541476615725,0.0264682798870429,-0.425186143334736,-1.06320771649329,32,"ENSG00000254087;ENSG00000134215;ENSG00000170345;ENSG00000065559;ENSG00000124181;ENSG00000095015"
"REACTOME","REACTOME_PROCESSING_OF_CAPPED_INTRONLESS_PRE_MRNA",0.368843960601348,0.598541476615725,0.0354266881911522,0.386902955670974,1.05105333910615,29,"ENSG00000160917;ENSG00000163950;ENSG00000119203;ENSG00000101811;ENSG00000172409;ENSG00000125835;ENSG00000143977;ENSG00000181817;ENSG00000139343;ENSG00000155858;ENSG00000100028;ENSG00000182004"
"REACTOME","REACTOME_CLASS_I_MHC_MEDIATED_ANTIGEN_PROCESSING_PRESENTATION",0.368538011695906,0.598541476615725,0.0212725338330706,-0.303641606380769,-1.03493709349522,362,"ENSG00000138448;ENSG00000138411;ENSG00000092531;ENSG00000065802;ENSG00000099341;ENSG00000171621;ENSG00000109670;ENSG00000183580;ENSG00000034677;ENSG00000183475;ENSG00000156804;ENSG00000036257;ENSG00000140367;ENSG00000116661;ENSG00000109790;ENSG00000269190;ENSG00000013275;ENSG00000261609;ENSG00000184182;ENSG00000161243;ENSG00000153827;ENSG00000007944;ENSG00000059145;ENSG00000239474;ENSG00000132879;ENSG00000146373;ENSG00000070423;ENSG00000170142;ENSG00000072401;ENSG00000163481;ENSG00000265491;ENSG00000078142;ENSG00000109466;ENSG00000170633;ENSG00000064726;ENSG00000167196;ENSG00000124226;ENSG00000072201;ENSG00000118564;ENSG00000135108;ENSG00000108106;ENSG00000183655;ENSG00000104343;ENSG00000114423;ENSG00000103657;ENSG00000166167;ENSG00000234745;ENSG00000115239;ENSG00000198961;ENSG00000170458;ENSG00000197530;ENSG00000138081;ENSG00000131263;ENSG00000186187;ENSG00000041357;ENSG00000108854;ENSG00000163743;ENSG00000173692;ENSG00000154447;ENSG00000130725;ENSG00000198919;ENSG00000174989;ENSG00000163131;ENSG00000112234;ENSG00000147912;ENSG00000099804;ENSG00000108306;ENSG00000033178;ENSG00000165338;ENSG00000109906;ENSG00000196470;ENSG00000103264;ENSG00000118496;ENSG00000137462;ENSG00000161664;ENSG00000116663;ENSG00000196510;ENSG00000157450;ENSG00000119402;ENSG00000011028;ENSG00000003096;ENSG00000146021;ENSG00000081307;ENSG00000113441;ENSG00000175931;ENSG00000163833;ENSG00000108395;ENSG00000213341;ENSG00000138802;ENSG00000126581;ENSG00000265808;ENSG00000144744;ENSG00000082781;ENSG00000159459;ENSG00000152503;ENSG00000198881;ENSG00000260314;ENSG00000122257;ENSG00000130177;ENSG00000198642;ENSG00000138674;ENSG00000127481;ENSG00000148634;ENSG00000065665;ENSG00000178502"
"REACTOME","REACTOME_MUCOPOLYSACCHARIDOSES",0.371223021582734,0.600420282330836,0.0282936925560076,-0.54549353436955,-1.09205529143521,11,"ENSG00000010404;ENSG00000135677;ENSG00000127415;ENSG00000141012"
"REACTOME","REACTOME_NOTCH2_INTRACELLULAR_DOMAIN_REGULATES_TRANSCRIPTION",0.374820143884892,0.604852620760534,0.0281220675258316,-0.54453116011257,-1.09012865833425,11,"ENSG00000196782;ENSG00000114315;ENSG00000134250;ENSG00000197921;ENSG00000100453;ENSG00000118260"
"REACTOME","REACTOME_TGF_BETA_RECEPTOR_SIGNALING_IN_EMT_EPITHELIAL_TO_MESENCHYMAL_TRANSITION",0.374643874643875,0.604852620760534,0.0333359157343354,0.45434106731281,1.06335009456433,16,"ENSG00000143375;ENSG00000198742;ENSG00000067560;ENSG00000163513;ENSG00000170315;ENSG00000158769;ENSG00000102981;ENSG00000067606;ENSG00000221983;ENSG00000143947"
"REACTOME","REACTOME_DISEASES_ASSOCIATED_WITH_O_GLYCOSYLATION_OF_PROTEINS",0.376042908224076,0.606133089511867,0.0248328013216764,-0.371861668942094,-1.04891751207738,63,"ENSG00000112902;ENSG00000262655;ENSG00000005108;ENSG00000173157;ENSG00000134250;ENSG00000197558;ENSG00000187720;ENSG00000136378;ENSG00000140873;ENSG00000156218;ENSG00000074181;ENSG00000163638;ENSG00000136114;ENSG00000154736;ENSG00000176945;ENSG00000137801;ENSG00000106392;ENSG00000156140;ENSG00000145808;ENSG00000117983;ENSG00000186340;ENSG00000187676;ENSG00000087116;ENSG00000140470;ENSG00000126759;ENSG00000154734;ENSG00000151388"
"REACTOME","REACTOME_REGULATION_OF_GENE_EXPRESSION_BY_HYPOXIA_INDUCIBLE_FACTOR",0.376978417266187,0.606527384502427,0.0280201709936167,-0.54386139768781,-1.0887878219102,11,"ENSG00000164442;ENSG00000124440;ENSG00000116016;ENSG00000100644;ENSG00000005339;ENSG00000107159;ENSG00000143437"
"REACTOME","REACTOME_FORMATION_OF_NEURONAL_PROGENITOR_AND_NEURONAL_BAF_NPBAF_AND_NBAF",0.377146631439894,0.606527384502427,0.0265208488012292,-0.44592151757282,-1.06445895721182,25,"ENSG00000110987;ENSG00000082014;ENSG00000011332;ENSG00000119866;ENSG00000073584;ENSG00000205683;ENSG00000141380;ENSG00000049618;ENSG00000133884"
"REACTOME","REACTOME_BICARBONATE_TRANSPORTERS",0.38025627143115,0.60677006896684,0.0279274643465237,-0.552828782329516,-1.08456074215497,10,"ENSG00000114923;ENSG00000050438;ENSG00000144290"
"REACTOME","REACTOME_PROLACTIN_RECEPTOR_SIGNALING",0.378747560759269,0.60677006896684,0.0276944387553962,-0.529341522954866,-1.08320730952029,12,"ENSG00000112964;ENSG00000179295;ENSG00000166167"
"REACTOME","REACTOME_GLUTATHIONE_SYNTHESIS_AND_RECYCLING",0.378883385862224,0.60677006896684,0.0320771367626586,0.505955962175897,1.07551840462057,11,"ENSG00000006625;ENSG00000023909;ENSG00000100983;ENSG00000178814;ENSG00000143942;ENSG00000131067"
"REACTOME","REACTOME_HIGH_LAMINAR_FLOW_SHEAR_STRESS_ACTIVATES_SIGNALING_BY_PIEZO1_AND_PECAM1_CDH5_KDR_IN_ENDOTHELIAL_CELLS",0.380065554231228,0.60677006896684,0.0246563706853499,-0.370955822773248,-1.04636237400021,63,"ENSG00000087460;ENSG00000121281;ENSG00000176533;ENSG00000155897;ENSG00000126247;ENSG00000173175;ENSG00000172380;ENSG00000108946;ENSG00000156052;ENSG00000162909;ENSG00000010810;ENSG00000131477;ENSG00000110218"
"REACTOME","REACTOME_SYNTHESIS_OF_IP3_AND_IP4_IN_THE_CYTOSOL",0.379872611464968,0.60677006896684,0.0344716810025692,0.392844977649447,1.03942896869274,26,"ENSG00000149527;ENSG00000137825;ENSG00000138193;ENSG00000198668;ENSG00000149782;ENSG00000165458"
"REACTOME","REACTOME_CHROMATIN_ORGANIZATION",0.380305602716469,0.60677006896684,0.0213466902091972,-0.309316740504476,-1.03360839171696,277,"ENSG00000183207;ENSG00000110987;ENSG00000104885;ENSG00000272333;ENSG00000057935;ENSG00000126457;ENSG00000071655;ENSG00000117139;ENSG00000185787;ENSG00000082014;ENSG00000183878;ENSG00000011332;ENSG00000063169;ENSG00000119866;ENSG00000115548;ENSG00000006459;ENSG00000132510;ENSG00000164576;ENSG00000115966;ENSG00000119772;ENSG00000185658;ENSG00000170004;ENSG00000170854;ENSG00000171681;ENSG00000168395;ENSG00000143614;ENSG00000135365;ENSG00000012817;ENSG00000100425;ENSG00000043143;ENSG00000178028;ENSG00000077684;ENSG00000054267;ENSG00000184678;ENSG00000274750;ENSG00000174579;ENSG00000112983;ENSG00000173120;ENSG00000133247;ENSG00000111707;ENSG00000127663;ENSG00000120071;ENSG00000172943;ENSG00000163872;ENSG00000196498;ENSG00000120616;ENSG00000073584;ENSG00000205683;ENSG00000134852;ENSG00000134759;ENSG00000119760;ENSG00000141380;ENSG00000181555;ENSG00000083168;ENSG00000049618;ENSG00000133884;ENSG00000270882;ENSG00000177565;ENSG00000165671;ENSG00000203814;ENSG00000036549;ENSG00000196890;ENSG00000005339;ENSG00000116539;ENSG00000273802;ENSG00000139718;ENSG00000184402;ENSG00000089094;ENSG00000126012;ENSG00000084676;ENSG00000110066;ENSG00000147050;ENSG00000025293;ENSG00000162521;ENSG00000073614;ENSG00000172977;ENSG00000120533"
"REACTOME","REACTOME_PROTEIN_FOLDING",0.37876167416119,0.60677006896684,0.0411525856398984,0.307197440102854,1.02998936435912,96,"ENSG00000141556;ENSG00000177628;ENSG00000168243;ENSG00000172354;ENSG00000175305;ENSG00000114450;ENSG00000101361;ENSG00000188229;ENSG00000213465;ENSG00000115484;ENSG00000075624;ENSG00000101162;ENSG00000127928;ENSG00000163468;ENSG00000166226;ENSG00000120438;ENSG00000176014;ENSG00000167553;ENSG00000135624;ENSG00000159069;ENSG00000176170;ENSG00000146731;ENSG00000123416;ENSG00000186469;ENSG00000141499;ENSG00000258947;ENSG00000132004;ENSG00000088256;ENSG00000105173;ENSG00000060558;ENSG00000174021;ENSG00000156261"
"REACTOME","REACTOME_STRAND_ASYNCHRONOUS_MITOCHONDRIAL_DNA_REPLICATION",0.38377045505492,0.607217277251548,0.0317487252503017,0.519828746948467,1.07725067834477,10,"ENSG00000106028;ENSG00000125871"
"REACTOME","REACTOME_PHASE_4_RESTING_MEMBRANE_POTENTIAL",0.382821875535745,0.607217277251548,0.0269105486313134,-0.481236223378368,-1.06497904820342,17,"ENSG00000124780;ENSG00000168135;ENSG00000171303;ENSG00000135750"
"REACTOME","REACTOME_ASSEMBLY_OF_ACTIVE_LPL_AND_LIPC_LIPASE_COMPLEXES",0.382523939808482,0.607217277251548,0.0268795497273238,-0.475584881166332,-1.06385117835838,18,"ENSG00000175445;ENSG00000140479;ENSG00000099139;ENSG00000140564;ENSG00000132855;ENSG00000140943"
"REACTOME","REACTOME_DOWNREGULATION_OF_ERBB2_SIGNALING",0.382574516868654,0.607217277251548,0.0261354403230065,-0.435199829944474,-1.05960021976635,28,"ENSG00000157168;ENSG00000185737;ENSG00000105221;ENSG00000178568;ENSG00000117020;ENSG00000113070;ENSG00000146648"
"REACTOME","REACTOME_SMAD2_SMAD3_SMAD4_HETEROTRIMER_REGULATES_TRANSCRIPTION",0.384162823978375,0.607217277251548,0.025564538051783,-0.412165045747116,-1.05548152171755,36,"ENSG00000177426;ENSG00000118707;ENSG00000164692;ENSG00000101665;ENSG00000132964;ENSG00000140564;ENSG00000136997;ENSG00000114126;ENSG00000147883;ENSG00000082258;ENSG00000157450;ENSG00000129315"
"REACTOME","REACTOME_TRAF6_MEDIATED_NF_KB_ACTIVATION",0.381885856079404,0.607217277251548,0.0338338510521825,0.40671452206769,1.04588154119724,23,"ENSG00000104365;ENSG00000121060;ENSG00000115267;ENSG00000088888;ENSG00000173039;ENSG00000127191;ENSG00000146833;ENSG00000269335;ENSG00000181481;ENSG00000109320"
"REACTOME","REACTOME_TP53_REGULATES_TRANSCRIPTION_OF_DNA_REPAIR_GENES",0.383738373837384,0.607217277251548,0.0376809066731631,0.329315845454637,1.02928641207015,61,"ENSG00000101158;ENSG00000005075;ENSG00000149136;ENSG00000168002;ENSG00000177606;ENSG00000020426;ENSG00000145736;ENSG00000012048;ENSG00000163882;ENSG00000095002;ENSG00000149554;ENSG00000204356;ENSG00000158169;ENSG00000100142;ENSG00000188986;ENSG00000272047;ENSG00000090061;ENSG00000076242;ENSG00000134574;ENSG00000060069;ENSG00000122512;ENSG00000175054;ENSG00000125651;ENSG00000185049;ENSG00000144231;ENSG00000137337;ENSG00000092201;ENSG00000177700;ENSG00000163161;ENSG00000144554;ENSG00000181222;ENSG00000103363"
"REACTOME","REACTOME_PKMTS_METHYLATE_HISTONE_LYSINES",0.383663366336634,0.607217277251548,0.0383545810309316,0.324712119790383,1.02700562466083,67,"ENSG00000102054;ENSG00000106462;ENSG00000085276;ENSG00000183576;ENSG00000129691;ENSG00000101945;ENSG00000074266;ENSG00000196363;ENSG00000173039;ENSG00000273983;ENSG00000162961;ENSG00000109320;ENSG00000158406;ENSG00000077150;ENSG00000278828;ENSG00000139154;ENSG00000109685;ENSG00000152455;ENSG00000099381;ENSG00000270276"
"REACTOME","REACTOME_FORMATION_OF_PARAXIAL_MESODERM",0.384456264775414,0.607217277251548,0.0373136829992011,0.330779083601044,1.02644761350916,58,"ENSG00000106003;ENSG00000013619;ENSG00000198719;ENSG00000161057;ENSG00000127922;ENSG00000184384;ENSG00000161021;ENSG00000203877;ENSG00000126067;ENSG00000130706;ENSG00000101182;ENSG00000108773;ENSG00000165916;ENSG00000100603;ENSG00000188095;ENSG00000100764;ENSG00000115233;ENSG00000100567;ENSG00000100902;ENSG00000103035;ENSG00000277791;ENSG00000129084;ENSG00000175166"
"REACTOME","REACTOME_LYSINE_CATABOLISM",0.384956537165159,0.60732807874548,0.0274089539845351,-0.525970671546313,-1.07630943597984,12,"ENSG00000103316;ENSG00000105607;ENSG00000109576"
"REACTOME","REACTOME_INTERLEUKIN_37_SIGNALING",0.385624089363769,0.607702247970582,0.0332110228050252,0.420700833640515,1.0479815781628,20,"ENSG00000166949;ENSG00000072135;ENSG00000111679;ENSG00000127947;ENSG00000185187;ENSG00000163629;ENSG00000115604"
"REACTOME","REACTOME_MATRIGLYCAN_BIOSYNTHESIS_ON_DAG1",0.387617527053397,0.609672608284679,0.0272885165856835,-0.524928411048247,-1.07417662730912,12,"ENSG00000181027;ENSG00000118600"
"REACTOME","REACTOME_SOMITOGENESIS",0.387737961926092,0.609672608284679,0.0359890212673894,0.349170438026053,1.02914946833284,44,"ENSG00000106003;ENSG00000198719;ENSG00000161057;ENSG00000127922;ENSG00000203877;ENSG00000126067;ENSG00000130706;ENSG00000101182;ENSG00000165916;ENSG00000188095;ENSG00000100764;ENSG00000115233;ENSG00000100567;ENSG00000100902;ENSG00000103035;ENSG00000277791;ENSG00000129084;ENSG00000175166;ENSG00000148400;ENSG00000179111;ENSG00000159377;ENSG00000087191"
"REACTOME","REACTOME_MYD88_INDEPENDENT_TLR4_CASCADE",0.38833194096352,0.609835322926232,0.0232009737825726,-0.341522429814381,-1.03622716863335,105,"ENSG00000120875;ENSG00000139318;ENSG00000071242;ENSG00000105568;ENSG00000170345;ENSG00000068305;ENSG00000065559;ENSG00000064012;ENSG00000197885;ENSG00000184979;ENSG00000179295;ENSG00000072401;ENSG00000142192;ENSG00000126456;ENSG00000115966;ENSG00000104695;ENSG00000055208;ENSG00000104312;ENSG00000185386;ENSG00000118260;ENSG00000166167;ENSG00000135341;ENSG00000170458;ENSG00000137713"
"REACTOME","REACTOME_FORMATION_OF_WDR5_CONTAINING_HISTONE_MODIFYING_COMPLEXES",0.38870523415978,0.609835322926232,0.0356019436100328,0.353025024442482,1.02606685736525,41,"ENSG00000157212;ENSG00000149474;ENSG00000129691;ENSG00000280789;ENSG00000154832;ENSG00000196363;ENSG00000133895;ENSG00000108773;ENSG00000162961;ENSG00000164985;ENSG00000089123;ENSG00000171148"
"REACTOME","REACTOME_DEPOLYMERIZATION_OF_THE_NUCLEAR_LAMINA",0.389513108614232,0.610424538694002,0.0322966273283658,0.458083595990044,1.05444547206972,15,"ENSG00000113368;ENSG00000134324;ENSG00000132793;ENSG00000134057;ENSG00000161904;ENSG00000120802;ENSG00000170312;ENSG00000102119"
"REACTOME","REACTOME_SIGNALING_BY_ERYTHROPOIETIN",0.390321500334896,0.611013257730458,0.0261719936295095,-0.450534288461669,-1.05608289712649,23,"ENSG00000254087;ENSG00000145675;ENSG00000185950;ENSG00000124181;ENSG00000109458;ENSG00000141506"
"REACTOME","REACTOME_SHC1_EVENTS_IN_ERBB2_SIGNALING",0.392156862745098,0.612528197119556,0.0262527843830225,-0.459831564882224,-1.05874057116347,21,"ENSG00000157168;ENSG00000185737;ENSG00000178568;ENSG00000154229;ENSG00000113070;ENSG00000146648"
"REACTOME","REACTOME_PI_3K_CASCADE_FGFR1",0.391908109034802,0.612528197119556,0.0265058069055153,-0.477384594913276,-1.05645536811137,17,"ENSG00000145675;ENSG00000077782;ENSG00000179295;ENSG00000138685;ENSG00000158815;ENSG00000166225;ENSG00000109458;ENSG00000070193"
"REACTOME","REACTOME_FGFR2_LIGAND_BINDING_AND_ACTIVATION",0.393064601302588,0.613267643137297,0.0269105486313134,-0.512755518088348,-1.06718530579439,13,"ENSG00000156427;ENSG00000138685;ENSG00000158815;ENSG00000066468;ENSG00000070193"
"REACTOME","REACTOME_JNK_C_JUN_KINASES_PHOSPHORYLATION_AND_ACTIVATION_MEDIATED_BY_ACTIVATED_HUMAN_TAK1",0.394117647058824,0.613928756681066,0.0329645228841272,0.407169632133315,1.037396117876,22,"ENSG00000050748;ENSG00000184216;ENSG00000244687;ENSG00000100324;ENSG00000106100;ENSG00000170315;ENSG00000269335;ENSG00000221983;ENSG00000076984;ENSG00000143947;ENSG00000157625"
"REACTOME","REACTOME_SUMOYLATION_OF_CHROMATIN_ORGANIZATION_PROTEINS",0.394357919482809,0.613928756681066,0.0238220650489235,-0.360883996604165,-1.03503987388443,70,"ENSG00000119042;ENSG00000033800;ENSG00000213024;ENSG00000116030;ENSG00000068024;ENSG00000111752;ENSG00000141570;ENSG00000170004;ENSG00000163002;ENSG00000153201;ENSG00000078043;ENSG00000173889;ENSG00000270882;ENSG00000121481;ENSG00000182568;ENSG00000168283"
"REACTOME","REACTOME_INFECTION_WITH_ENTEROBACTERIA",0.394849107283931,0.614016453177215,0.0249984183125966,-0.404652067776327,-1.04591760643295,38,"ENSG00000101680;ENSG00000115414;ENSG00000135862;ENSG00000188153;ENSG00000172037;ENSG00000130635;ENSG00000053747"
"REACTOME","REACTOME_FORMATION_OF_THE_EMBRYONIC_STEM_CELL_BAF_ESBAF_COMPLEX",0.396678650915939,0.614577213521143,0.0262749079581434,-0.465184366959889,-1.05074168235145,19,"ENSG00000110987;ENSG00000082014;ENSG00000119866;ENSG00000073584;ENSG00000141380;ENSG00000133884"
"REACTOME","REACTOME_CELL_JUNCTION_ORGANIZATION",0.396722101711256,0.614577213521143,0.0205966052597535,-0.306467988605846,-1.02672643641425,285,"ENSG00000179242;ENSG00000125753;ENSG00000130202;ENSG00000162458;ENSG00000071564;ENSG00000145526;ENSG00000073008;ENSG00000140945;ENSG00000154162;ENSG00000099341;ENSG00000140479;ENSG00000118707;ENSG00000182985;ENSG00000135074;ENSG00000078687;ENSG00000013275;ENSG00000148498;ENSG00000171940;ENSG00000162706;ENSG00000069188;ENSG00000073712;ENSG00000163909;ENSG00000177707;ENSG00000040731;ENSG00000148516;ENSG00000164733;ENSG00000096717;ENSG00000010810;ENSG00000044115;ENSG00000121741;ENSG00000150093;ENSG00000152784;ENSG00000149451;ENSG00000134909;ENSG00000140564;ENSG00000132475;ENSG00000090905;ENSG00000053747;ENSG00000180828;ENSG00000126070;ENSG00000067225;ENSG00000184678;ENSG00000274750;ENSG00000136997;ENSG00000134698;ENSG00000041357;ENSG00000196781;ENSG00000081138;ENSG00000173692;ENSG00000113361;ENSG00000134873;ENSG00000163131;ENSG00000177485;ENSG00000175029"
"REACTOME","REACTOME_OVARIAN_TUMOR_DOMAIN_PROTEASES",0.396950721481078,0.614577213521143,0.034927266134352,0.358519798986945,1.02439954579802,38,"ENSG00000133135;ENSG00000121060;ENSG00000165280;ENSG00000168884;ENSG00000067560;ENSG00000115267;ENSG00000106100;ENSG00000170315;ENSG00000088888;ENSG00000089723;ENSG00000145901;ENSG00000146833;ENSG00000269335;ENSG00000181481"
"REACTOME","REACTOME_FBXL7_DOWN_REGULATES_AURKA_DURING_MITOTIC_ENTRY_AND_IN_EARLY_MITOSIS",0.396842979783993,0.614577213521143,0.0352822347483627,0.34999241428484,1.02248980556706,42,"ENSG00000161057;ENSG00000127922;ENSG00000170315;ENSG00000126067;ENSG00000130706;ENSG00000101182;ENSG00000165916;ENSG00000087586;ENSG00000100764;ENSG00000115233;ENSG00000100567;ENSG00000221983;ENSG00000100902;ENSG00000143947;ENSG00000103035;ENSG00000155034;ENSG00000277791;ENSG00000129084;ENSG00000175166"
"REACTOME","REACTOME_SPHINGOLIPID_DE_NOVO_BIOSYNTHESIS",0.398863098057793,0.61686165877065,0.0248196464168114,-0.404847189383615,-1.04316294134699,37,"ENSG00000063176;ENSG00000105287;ENSG00000133275;ENSG00000196542;ENSG00000128699;ENSG00000172292;ENSG00000118777;ENSG00000163590;ENSG00000115825;ENSG00000172057"
"REACTOME","REACTOME_CASPASE_ACTIVATION_VIA_DEPENDENCE_RECEPTORS_IN_THE_ABSENCE_OF_LIGAND",0.401371593575167,0.619384360795777,0.026980572442754,-0.545249395881553,-1.06969121065836,10,"ENSG00000196730;ENSG00000107731;ENSG00000187323;ENSG00000179222"
"REACTOME","REACTOME_FC_EPSILON_RECEPTOR_FCERI_SIGNALING",0.401257345906792,0.619384360795777,0.0223809604460627,-0.334258355838524,-1.02844138948816,117,"ENSG00000254087;ENSG00000099341;ENSG00000134215;ENSG00000145675;ENSG00000123104;ENSG00000065675;ENSG00000013275;ENSG00000170345;ENSG00000065559;ENSG00000172575;ENSG00000072401;ENSG00000074966;ENSG00000138814;ENSG00000010810;ENSG00000124181;ENSG00000055208;ENSG00000172175;ENSG00000166167;ENSG00000095015;ENSG00000135341;ENSG00000041357;ENSG00000173692"
"REACTOME","REACTOME_TAK1_DEPENDENT_IKK_AND_NF_KAPPA_B_ACTIVATION",0.403489338133481,0.621972647865148,0.0349412990575916,0.348710366992447,1.01874435214229,42,"ENSG00000184216;ENSG00000160959;ENSG00000244687;ENSG00000145365;ENSG00000104365;ENSG00000100324;ENSG00000106100;ENSG00000170315;ENSG00000173039;ENSG00000127191;ENSG00000101557;ENSG00000269335;ENSG00000109320;ENSG00000160703;ENSG00000221983;ENSG00000143947;ENSG00000077150;ENSG00000157625"
"REACTOME","REACTOME_VISUAL_PHOTOTRANSDUCTION",0.405182232346241,0.623221472846289,0.0228764801286867,-0.346495969039304,-1.02720070992414,88,"ENSG00000175445;ENSG00000076716;ENSG00000121207;ENSG00000183098;ENSG00000130203;ENSG00000147650;ENSG00000065675;ENSG00000142798;ENSG00000154229;ENSG00000147257;ENSG00000108370;ENSG00000115884;ENSG00000157193;ENSG00000063660;ENSG00000162512;ENSG00000169439;ENSG00000197580;ENSG00000163803;ENSG00000114115;ENSG00000137868;ENSG00000114124;ENSG00000158874;ENSG00000081479;ENSG00000132915;ENSG00000138207;ENSG00000188157;ENSG00000078369"
"REACTOME","REACTOME_DEGRADATION_OF_GLI1_BY_THE_PROTEASOME",0.404909706546275,0.623221472846289,0.0352535154022179,0.343716869961007,1.02052405566938,46,"ENSG00000161057;ENSG00000127922;ENSG00000170315;ENSG00000072062;ENSG00000126067;ENSG00000133961;ENSG00000130706;ENSG00000101182;ENSG00000165916;ENSG00000100764;ENSG00000115233;ENSG00000100567;ENSG00000221983;ENSG00000100902;ENSG00000143947;ENSG00000103035;ENSG00000277791;ENSG00000129084;ENSG00000175166"
"REACTOME","REACTOME_APOPTOTIC_CLEAVAGE_OF_CELLULAR_PROTEINS",0.406284541291647,0.62355844815631,0.0245144375869314,-0.40263376288698,-1.03745964253392,37,"ENSG00000134602;ENSG00000065675;ENSG00000064012;ENSG00000104067;ENSG00000186868;ENSG00000067900;ENSG00000197822;ENSG00000046604;ENSG00000169398;ENSG00000134982;ENSG00000100813;ENSG00000182568"
"REACTOME","REACTOME_TRANS_GOLGI_NETWORK_VESICLE_BUDDING",0.406185869246555,0.62355844815631,0.0233052491422641,-0.357121754262296,-1.02848328997403,72,"ENSG00000092531;ENSG00000109686;ENSG00000105402;ENSG00000087086;ENSG00000105612;ENSG00000122126;ENSG00000116675;ENSG00000107295;ENSG00000142192;ENSG00000135677;ENSG00000146352;ENSG00000189114;ENSG00000181704;ENSG00000173230;ENSG00000152056;ENSG00000220205;ENSG00000076554;ENSG00000141367;ENSG00000182827;ENSG00000104164;ENSG00000239264;ENSG00000166747;ENSG00000134644;ENSG00000130724;ENSG00000108582"
"REACTOME","REACTOME_DOWNREGULATION_OF_TGF_BETA_RECEPTOR_SIGNALING",0.407108770775053,0.624145042708334,0.025166259973747,-0.433244148020262,-1.04245395141493,26,"ENSG00000105329;ENSG00000095739;ENSG00000157077;ENSG00000087074;ENSG00000106799;ENSG00000101665;ENSG00000186298;ENSG00000108854;ENSG00000213639"
"REACTOME","REACTOME_ANDROGEN_BIOSYNTHESIS",0.409325263393858,0.62451749871333,0.0305292852884412,0.508866794272466,1.05453402208918,10,"ENSG00000128039;ENSG00000145545;ENSG00000149084;ENSG00000130948"
"REACTOME","REACTOME_REGULATION_OF_GENE_EXPRESSION_IN_BETA_CELLS",0.409229208924949,0.62451749871333,0.0255297015133052,-0.454295440394026,-1.04599390466578,21,"ENSG00000254647;ENSG00000182759;ENSG00000105221;ENSG00000170608;ENSG00000117020;ENSG00000162992;ENSG00000007372;ENSG00000185002;ENSG00000150907"
"REACTOME","REACTOME_CRMPS_IN_SEMA3A_SIGNALING",0.410362694300518,0.62451749871333,0.025846758461163,-0.47712543395115,-1.04321274264147,16,"ENSG00000221866;ENSG00000075213;ENSG00000151640;ENSG00000010810;ENSG00000072832;ENSG00000176749;ENSG00000082701;ENSG00000099250"
"REACTOME","REACTOME_DARPP_32_EVENTS",0.410080375083724,0.62451749871333,0.0253363829372155,-0.444053643573502,-1.0408918264266,23,"ENSG00000184588;ENSG00000105568;ENSG00000113448;ENSG00000108946;ENSG00000138814;ENSG00000104695;ENSG00000137713"
"REACTOME","REACTOME_DEVELOPMENTAL_LINEAGE_OF_MAMMARY_GLAND_MYOEPITHELIAL_CELLS",0.41044776119403,0.62451749871333,0.0318272813525166,0.425764056865704,1.02928207303786,18,"ENSG00000196549;ENSG00000026508;ENSG00000141736;ENSG00000119888;ENSG00000091409"
"REACTOME","REACTOME_ATF4_ACTIVATES_GENES_IN_RESPONSE_TO_ENDOPLASMIC_RETICULUM_STRESS",0.408341915550978,0.62451749871333,0.0332359127589922,0.383914606909749,1.022166425494,27,"ENSG00000070669;ENSG00000162772;ENSG00000175197;ENSG00000169429;ENSG00000140694;ENSG00000178896;ENSG00000107371;ENSG00000123737;ENSG00000088247;ENSG00000172216;ENSG00000120699;ENSG00000130713;ENSG00000051108"
"REACTOME","REACTOME_REGULATION_OF_HOMOTYPIC_CELL_CELL_ADHESION",0.408918406072106,0.62451749871333,0.0469878261211115,0.271393858669457,1.00751764901052,209,"ENSG00000102054;ENSG00000106462;ENSG00000169554;ENSG00000134323;ENSG00000204628;ENSG00000127022;ENSG00000135047;ENSG00000130175;ENSG00000118705;ENSG00000163902;ENSG00000161057;ENSG00000151150;ENSG00000127922;ENSG00000102882;ENSG00000184009;ENSG00000075624;ENSG00000074266;ENSG00000009830;ENSG00000155363;ENSG00000114902;ENSG00000170315;ENSG00000244038;ENSG00000116478;ENSG00000089597;ENSG00000246705;ENSG00000126067;ENSG00000184260;ENSG00000130706;ENSG00000115275;ENSG00000101182;ENSG00000165916;ENSG00000136826;ENSG00000127616;ENSG00000273983;ENSG00000134825;ENSG00000185130;ENSG00000135679;ENSG00000137203;ENSG00000101457;ENSG00000228474;ENSG00000100764;ENSG00000115233;ENSG00000079805;ENSG00000105968;ENSG00000100567;ENSG00000221983;ENSG00000130714;ENSG00000124635;ENSG00000100902;ENSG00000143947;ENSG00000105879;ENSG00000160613;ENSG00000004487;ENSG00000158406;ENSG00000278828;ENSG00000103035;ENSG00000185591;ENSG00000277791;ENSG00000129084;ENSG00000175166;ENSG00000159692;ENSG00000198856;ENSG00000274641"
"REACTOME","REACTOME_FREE_FATTY_ACIDS_REGULATE_INSULIN_SECRETION",0.411690647482014,0.624763672494928,0.0264832773950661,-0.527130124250397,-1.05529251071299,11,"ENSG00000126266;ENSG00000156052;ENSG00000123983;ENSG00000156049"
"REACTOME","REACTOME_ERYTHROPOIETIN_ACTIVATES_RAS",0.411547262805844,0.624763672494928,0.0261208485186222,-0.505300621104812,-1.05166961413162,13,"ENSG00000254087;ENSG00000185950"
"REACTOME","REACTOME_LYSOSOME_VESICLE_BIOGENESIS",0.412379421221865,0.624763672494928,0.0338338510521825,0.362430118897641,1.0191118006754,35,"ENSG00000118640;ENSG00000106367;ENSG00000182287;ENSG00000135441;ENSG00000221838;ENSG00000134262;ENSG00000129354;ENSG00000072958;ENSG00000100280;ENSG00000137486;ENSG00000079805;ENSG00000185359"
"REACTOME","REACTOME_REGULATED_NECROSIS",0.411951501154734,0.624763672494928,0.0353687346758131,0.332552579415223,1.01263141163463,52,"ENSG00000121858;ENSG00000164305;ENSG00000080824;ENSG00000170315;ENSG00000254505;ENSG00000170248;ENSG00000127191;ENSG00000168310;ENSG00000196954;ENSG00000168404;ENSG00000103266;ENSG00000221983;ENSG00000143947;ENSG00000164695;ENSG00000104689;ENSG00000102871;ENSG00000197329;ENSG00000147457;ENSG00000185651;ENSG00000105401"
"REACTOME","REACTOME_MECP2_REGULATES_NEURONAL_RECEPTORS_AND_CHANNELS",0.414195096862678,0.626841882926153,0.025564538051783,-0.469189420346383,-1.03831939083841,17,"ENSG00000183454;ENSG00000120251;ENSG00000082556;ENSG00000088179;ENSG00000118260;ENSG00000169375;ENSG00000169057;ENSG00000169258"
"REACTOME","REACTOME_BLOOD_GROUP_SYSTEMS_BIOSYNTHESIS",0.414680483592401,0.626904542647184,0.025669630587903,-0.47523786606577,-1.03908566256879,16,"ENSG00000064225;ENSG00000162630;ENSG00000172318;ENSG00000174951;ENSG00000183778"
"REACTOME","REACTOME_EARLY_PHASE_OF_HIV_LIFE_CYCLE",0.417264522101365,0.629463146588812,0.0307666347235003,0.467556247937901,1.03661252849289,13,"ENSG00000137309;ENSG00000168496;ENSG00000196262;ENSG00000196419;ENSG00000175334;ENSG00000164985"
"REACTOME","REACTOME_ANTIGEN_ACTIVATES_B_CELL_RECEPTOR_BCR_LEADING_TO_GENERATION_OF_SECOND_MESSENGERS",0.416909149692855,0.629463146588812,0.0244760079391778,-0.414491909985386,-1.0301431768337,31,"ENSG00000254087;ENSG00000145675;ENSG00000123104;ENSG00000010810;ENSG00000144935;ENSG00000150995;ENSG00000105369;ENSG00000012124"
"REACTOME","REACTOME_CARGO_RECOGNITION_FOR_CLATHRIN_MEDIATED_ENDOCYTOSIS",0.418958536925869,0.631281915487726,0.0220351435205345,-0.337520083522301,-1.02087418868451,102,"ENSG00000174804;ENSG00000198612;ENSG00000114251;ENSG00000100077;ENSG00000070371;ENSG00000118473;ENSG00000173744;ENSG00000107295;ENSG00000144524;ENSG00000205726;ENSG00000063245;ENSG00000243244;ENSG00000113070;ENSG00000146648;ENSG00000072134;ENSG00000136738;ENSG00000143858;ENSG00000220205;ENSG00000042753;ENSG00000183020;ENSG00000141367;ENSG00000196961;ENSG00000169252;ENSG00000001626;ENSG00000081479;ENSG00000127527"
"REACTOME","REACTOME_DEADENYLATION_DEPENDENT_MRNA_DECAY",0.419364331959976,0.631281915487726,0.0353976826103326,0.32728963964623,1.00767865893606,56,"ENSG00000070756;ENSG00000130520;ENSG00000113300;ENSG00000182973;ENSG00000135473;ENSG00000158435;ENSG00000204392;ENSG00000161960;ENSG00000114867;ENSG00000164167;ENSG00000140694;ENSG00000178896;ENSG00000107371;ENSG00000141543;ENSG00000166889;ENSG00000170860;ENSG00000123737;ENSG00000125107;ENSG00000038358;ENSG00000110063"
"REACTOME","REACTOME_ER_TO_GOLGI_ANTEROGRADE_TRANSPORT",0.421352893235534,0.633599877794008,0.0424944299209872,0.280139319542303,1.00612493283525,154,"ENSG00000114270;ENSG00000196459;ENSG00000158623;ENSG00000093183;ENSG00000138073;ENSG00000137100;ENSG00000188229;ENSG00000174871;ENSG00000169223;ENSG00000135775;ENSG00000151150;ENSG00000185010;ENSG00000103051;ENSG00000136240;ENSG00000138107;ENSG00000054116;ENSG00000170043;ENSG00000101162;ENSG00000198898;ENSG00000176014;ENSG00000167632;ENSG00000167553;ENSG00000197249;ENSG00000144635;ENSG00000213380;ENSG00000198734;ENSG00000131966;ENSG00000173898;ENSG00000126062;ENSG00000121542;ENSG00000123416;ENSG00000111481;ENSG00000206560;ENSG00000134287;ENSG00000145362;ENSG00000175203;ENSG00000116489;ENSG00000242247;ENSG00000184840;ENSG00000136874;ENSG00000105829;ENSG00000258947"
"REACTOME","REACTOME_INWARDLY_RECTIFYING_K_CHANNELS",0.422082120918202,0.634021228443087,0.0242730331357214,-0.41319211205706,-1.02691276886947,31,"ENSG00000176533;ENSG00000168135;ENSG00000006071;ENSG00000172380;ENSG00000121361;ENSG00000157542;ENSG00000111664;ENSG00000078369;ENSG00000136928;ENSG00000182324;ENSG00000204681;ENSG00000242616"
"REACTOME","REACTOME_CLEC7A_DECTIN_1_INDUCES_NFAT_ACTIVATION",0.423201438848921,0.635027026200506,0.0260119434529146,-0.522325620708664,-1.04567409512254,11,"ENSG00000123104;ENSG00000138814;ENSG00000150995;ENSG00000101096"
"REACTOME","REACTOME_RHOC_GTPASE_CYCLE",0.429615553281684,0.643967262456197,0.0223647829682691,-0.351935313236128,-1.015322153144,73,"ENSG00000124126;ENSG00000157827;ENSG00000110237;ENSG00000160007;ENSG00000145675;ENSG00000076706;ENSG00000155366;ENSG00000076928;ENSG00000067900;ENSG00000134909;ENSG00000165801;ENSG00000170776;ENSG00000161791;ENSG00000108561;ENSG00000177469"
"REACTOME","REACTOME_AMINO_ACIDS_REGULATE_MTORC1",0.431120210587891,0.645537367285368,0.0347045752570053,0.327044519772477,1.00351295268081,55,"ENSG00000106615;ENSG00000128524;ENSG00000114388;ENSG00000100150;ENSG00000171130;ENSG00000177058;ENSG00000188186;ENSG00000116039;ENSG00000116586;ENSG00000155097;ENSG00000085415;ENSG00000117410;ENSG00000155876;ENSG00000103148;ENSG00000159720;ENSG00000250565;ENSG00000198793;ENSG00000110719;ENSG00000111203;ENSG00000185883;ENSG00000149357"
"REACTOME","REACTOME_DECTIN_1_MEDIATED_NONCANONICAL_NF_KB_SIGNALING",0.432840068298236,0.647426034361344,0.0340697060515337,0.337252057301366,1.00468563557118,47,"ENSG00000161057;ENSG00000127922;ENSG00000170315;ENSG00000006062;ENSG00000126067;ENSG00000130706;ENSG00000101182;ENSG00000173039;ENSG00000165916;ENSG00000100764;ENSG00000115233;ENSG00000100567;ENSG00000221983;ENSG00000100902;ENSG00000143947;ENSG00000077150;ENSG00000103035;ENSG00000277791;ENSG00000129084;ENSG00000175166"
"REACTOME","REACTOME_EVASION_BY_RSV_OF_HOST_INTERFERON_RESPONSES",0.433550651955868,0.647802667261042,0.0315598002303516,0.389729127120121,1.01134027812782,24,"ENSG00000121060;ENSG00000115267;ENSG00000170315;ENSG00000088888;ENSG00000159110;ENSG00000221983;ENSG00000105397;ENSG00000143947;ENSG00000055332"
"REACTOME","REACTOME_REGULATION_OF_NF_KAPPA_B_SIGNALING",0.435002407318247,0.649284777096581,0.0307250552134108,0.418418976476473,1.01152538491977,18,"ENSG00000160959;ENSG00000104365;ENSG00000170315;ENSG00000127191;ENSG00000101557;ENSG00000269335;ENSG00000160703;ENSG00000221983;ENSG00000143947"
"REACTOME","REACTOME_CONSTITUTIVE_SIGNALING_BY_AKT1_E17K_IN_CANCER",0.438209642915912,0.653142222535644,0.023950121664712,-0.424154852410498,-1.02058366841798,26,"ENSG00000204673;ENSG00000105221;ENSG00000105723;ENSG00000117020;ENSG00000123358;ENSG00000118260;ENSG00000164327;ENSG00000150907;ENSG00000082701;ENSG00000213341"
"REACTOME","REACTOME_SIALIC_ACID_METABOLISM",0.43873262204979,0.653142222535644,0.0236413977831599,-0.408103424003393,-1.01426577347285,31,"ENSG00000115525;ENSG00000064225;ENSG00000113532;ENSG00000204386;ENSG00000144057;ENSG00000119899;ENSG00000111728;ENSG00000008513;ENSG00000184005;ENSG00000117069;ENSG00000204099"
"REACTOME","REACTOME_SENSORY_PERCEPTION",0.438974482426577,0.653142222535644,0.0190436054957854,-0.301378073212819,-1.00978621390218,284,"ENSG00000153253;ENSG00000088367;ENSG00000095397;ENSG00000175445;ENSG00000076716;ENSG00000121207;ENSG00000124493;ENSG00000183098;ENSG00000130203;ENSG00000147650;ENSG00000065675;ENSG00000152822;ENSG00000130529;ENSG00000142798;ENSG00000154229;ENSG00000107736;ENSG00000147257;ENSG00000108370;ENSG00000115884;ENSG00000136425;ENSG00000165995;ENSG00000157193;ENSG00000063660;ENSG00000141404;ENSG00000070961;ENSG00000162512;ENSG00000157782;ENSG00000105711;ENSG00000105649;ENSG00000068615;ENSG00000137710;ENSG00000095777;ENSG00000156113;ENSG00000132639;ENSG00000220205;ENSG00000136531;ENSG00000181585;ENSG00000169439;ENSG00000197580;ENSG00000204311;ENSG00000175029;ENSG00000177098;ENSG00000163803;ENSG00000114115;ENSG00000137868;ENSG00000111664;ENSG00000114124;ENSG00000158874;ENSG00000081479;ENSG00000180090;ENSG00000082397;ENSG00000132915;ENSG00000138207;ENSG00000188157;ENSG00000078369"
"REACTOME","REACTOME_ACETYLCHOLINE_REGULATES_INSULIN_SECRETION",0.442519400830175,0.653610816600903,0.0253158458073605,-0.525623791568044,-1.03118894619628,10,"ENSG00000133019;ENSG00000154229;ENSG00000156052;ENSG00000156049"
"REACTOME","REACTOME_DECTIN_2_FAMILY",0.443399452804378,0.653610816600903,0.0243867980924772,-0.454830474850289,-1.01742497666479,18,"ENSG00000254087;ENSG00000010810;ENSG00000176945;ENSG00000117983"
"REACTOME","REACTOME_P130CAS_LINKAGE_TO_MAPK_SIGNALING_FOR_INTEGRINS",0.443455497382199,0.653610816600903,0.0247214245107913,-0.472735713800376,-1.01648559153315,15,"ENSG00000115414;ENSG00000127314;ENSG00000169398"
"REACTOME","REACTOME_BASIGIN_INTERACTIONS",0.443031704095112,0.653610816600903,0.0238281330132989,-0.425121001402598,-1.01480605893381,25,"ENSG00000103257;ENSG00000103064;ENSG00000172270;ENSG00000143153;ENSG00000129244;ENSG00000150093;ENSG00000092068;ENSG00000198910"
"REACTOME","REACTOME_Z_DECAY_DEGRADATION_OF_MATERNAL_MRNAS_BY_ZYGOTICALLY_EXPRESSED_FACTORS",0.442840778923253,0.653610816600903,0.0294772435264845,0.466193955028048,1.01287027521352,12,"ENSG00000070756;ENSG00000161960;ENSG00000114867;ENSG00000141543"
"REACTOME","REACTOME_NFE2L2_REGULATING_ANTI_OXIDANT_DETOXIFICATION_ENZYMES",0.442224362060664,0.653610816600903,0.0304172331732918,0.416207121482695,1.00617823863876,18,"ENSG00000104687;ENSG00000117450;ENSG00000136810;ENSG00000181019;ENSG00000023909"
"REACTOME","REACTOME_INTERLEUKIN_10_SIGNALING",0.440451745379877,0.653610816600903,0.0317040372550791,0.371882294433344,1.00274073144453,28,"ENSG00000102265;ENSG00000067182;ENSG00000243646;ENSG00000115590"
"REACTOME","REACTOME_TP53_REGULATES_METABOLIC_GENES",0.440579710144928,0.653610816600903,0.0362477349578108,0.305744982457465,1.0005643841587,81,"ENSG00000104687;ENSG00000106617;ENSG00000142208;ENSG00000135423;ENSG00000106615;ENSG00000117450;ENSG00000128245;ENSG00000160211;ENSG00000155363;ENSG00000136810;ENSG00000162409;ENSG00000181929;ENSG00000177058;ENSG00000188186;ENSG00000167815;ENSG00000176340;ENSG00000164924;ENSG00000189043;ENSG00000115944;ENSG00000116586;ENSG00000155876;ENSG00000127184;ENSG00000164919"
"REACTOME","REACTOME_UCH_PROTEINASES",0.442530639284531,0.653610816600903,0.0367473484524694,0.30317153418469,0.998823185209575,85,"ENSG00000118939;ENSG00000161057;ENSG00000127922;ENSG00000075624;ENSG00000169592;ENSG00000163513;ENSG00000170315;ENSG00000163930;ENSG00000126067;ENSG00000184260;ENSG00000130706;ENSG00000101182;ENSG00000165916;ENSG00000100764;ENSG00000115233;ENSG00000116750;ENSG00000100567;ENSG00000221983;ENSG00000100902;ENSG00000143947;ENSG00000103035;ENSG00000196787;ENSG00000277791;ENSG00000136518;ENSG00000129084;ENSG00000175166;ENSG00000101442;ENSG00000129559;ENSG00000278463;ENSG00000187778;ENSG00000115274;ENSG00000171456;ENSG00000165097;ENSG00000159377;ENSG00000087191;ENSG00000100811"
"REACTOME","REACTOME_ACTIVATION_OF_KAINATE_RECEPTORS_UPON_GLUTAMATE_BINDING",0.445135931870291,0.655403478415904,0.023617507240153,-0.416605121447027,-1.01432686289739,28,"ENSG00000104490;ENSG00000176533;ENSG00000163873;ENSG00000132535;ENSG00000172380;ENSG00000105737;ENSG00000164418;ENSG00000149403;ENSG00000111664;ENSG00000171189;ENSG00000078369;ENSG00000075711;ENSG00000242616;ENSG00000182621"
"REACTOME","REACTOME_TANDEM_PORE_DOMAIN_POTASSIUM_CHANNELS",0.446223021582734,0.656319694244604,0.0251190368255729,-0.513694095551364,-1.02839414196584,11,"ENSG00000124780;ENSG00000171303;ENSG00000135750"
"REACTOME","REACTOME_NUCLEAR_EVENTS_STIMULATED_BY_ALK_SIGNALING_IN_CANCER",0.447974583002383,0.658210313422856,0.031974374159939,0.359214366046268,1.00074957157706,33,"ENSG00000091732;ENSG00000102882;ENSG00000130816;ENSG00000126561;ENSG00000111679;ENSG00000155363;ENSG00000137154;ENSG00000116478;ENSG00000134057;ENSG00000111206"
"REACTOME","REACTOME_CYTOPROTECTION_BY_HMOX1",0.449152542372881,0.659255082983897,0.0222094919443809,-0.361454485254424,-1.00437545603039,57,"ENSG00000106605;ENSG00000161281;ENSG00000126267;ENSG00000082014;ENSG00000090013;ENSG00000127511;ENSG00000100292;ENSG00000116044;ENSG00000196498;ENSG00000169375;ENSG00000177565;ENSG00000005339;ENSG00000125686;ENSG00000084676;ENSG00000177200"
"REACTOME","REACTOME_SIGNALING_BY_ERBB2",0.4502457002457,0.660173342416333,0.022402563681916,-0.371532271411793,-1.00470831139059,49,"ENSG00000157168;ENSG00000185737;ENSG00000105221;ENSG00000145675;ENSG00000178568;ENSG00000154229;ENSG00000117020;ENSG00000010810;ENSG00000124181;ENSG00000113070;ENSG00000146648;ENSG00000109458"
"REACTOME","REACTOME_RHOU_GTPASE_CYCLE",0.451079250039389,0.660709440929063,0.022781336708526,-0.386137298177398,-1.00812010992282,40,"ENSG00000173517;ENSG00000145675;ENSG00000196586;ENSG00000139436;ENSG00000151208;ENSG00000124486;ENSG00000102606;ENSG00000130669;ENSG00000031081;ENSG00000136738;ENSG00000142627;ENSG00000141367"
"REACTOME","REACTOME_PKA_MEDIATED_PHOSPHORYLATION_OF_CREB",0.451977401129944,0.660949014065232,0.024091911219722,-0.44720829403809,-1.01013797671241,19,"ENSG00000121281;ENSG00000155897;ENSG00000173175;ENSG00000108946;ENSG00000118260"
"REACTOME","REACTOME_NUCLEOTIDE_BINDING_DOMAIN_LEUCINE_RICH_REPEAT_CONTAINING_RECEPTOR_NLR_SIGNALING_PATHWAYS",0.452178999707517,0.660949014065232,0.0337431773241498,0.324146512066726,0.994620621227857,55,"ENSG00000184216;ENSG00000156711;ENSG00000244687;ENSG00000104365;ENSG00000106144;ENSG00000136810;ENSG00000100324;ENSG00000140368;ENSG00000106100;ENSG00000170315;ENSG00000173039;ENSG00000171791;ENSG00000108984;ENSG00000096384;ENSG00000196954;ENSG00000269335;ENSG00000109320;ENSG00000112062;ENSG00000221983;ENSG00000132906;ENSG00000143947;ENSG00000187796;ENSG00000077150;ENSG00000157625"
"REACTOME","REACTOME_SIGNALING_BY_NODAL",0.453177822853279,0.661620966797238,0.0238402778825044,-0.440556834869133,-1.01436141100663,21,"ENSG00000136698;ENSG00000140479;ENSG00000140564"
"REACTOME","REACTOME_ACTIVATION_OF_RAC1",0.455025523675409,0.661620966797238,0.0244376967102848,-0.487211365303449,-1.01402089597459,13,"ENSG00000145147;ENSG00000100485;ENSG00000130669;ENSG00000169855"
"REACTOME","REACTOME_FORMATION_OF_AXIAL_MESODERM",0.455450127285351,0.661620966797238,0.0291504450086787,0.453431838742338,1.00529749507337,13,"ENSG00000166949;ENSG00000081059;ENSG00000197905"
"REACTOME","REACTOME_APC_C_CDC20_MEDIATED_DEGRADATION_OF_CYCLIN_B",0.454864593781344,0.661620966797238,0.0306525980581054,0.385151945289326,0.999462571218914,24,"ENSG00000117399;ENSG00000166295;ENSG00000141552;ENSG00000170315;ENSG00000175063;ENSG00000134057;ENSG00000221983;ENSG00000053900;ENSG00000176386;ENSG00000143947;ENSG00000170312"
"REACTOME","REACTOME_RAS_PROCESSING",0.455366098294885,0.661620966797238,0.0306319673508428,0.384872032431722,0.998736202242202,24,"ENSG00000138669;ENSG00000188706;ENSG00000213465;ENSG00000198668;ENSG00000170315;ENSG00000257365;ENSG00000120992;ENSG00000173653;ENSG00000116237;ENSG00000221983;ENSG00000143947;ENSG00000174775;ENSG00000171552"
"REACTOME","REACTOME_TERMINATION_OF_O_GLYCAN_BIOSYNTHESIS",0.453618261291889,0.661620966797238,0.0301063950760249,0.399840009408265,0.996016481465677,20,"ENSG00000136840;ENSG00000110080;ENSG00000173702;ENSG00000205277;ENSG00000073849;ENSG00000171195"
"REACTOME","REACTOME_SIGNALING_BY_FGFR2",0.456405693950178,0.661647679525309,0.0216377358248969,-0.351861461428293,-1.00012161864139,66,"ENSG00000156427;ENSG00000145675;ENSG00000105568;ENSG00000105258;ENSG00000179295;ENSG00000100320;ENSG00000099817;ENSG00000138685;ENSG00000104695;ENSG00000124181;ENSG00000158815;ENSG00000166225;ENSG00000102978;ENSG00000109458;ENSG00000011304;ENSG00000066468;ENSG00000070193;ENSG00000116001"
"REACTOME","REACTOME_MTOR_SIGNALLING",0.45608755129959,0.661647679525309,0.0322617382382484,0.342848681744472,0.991304422253857,40,"ENSG00000106617;ENSG00000142208;ENSG00000106615;ENSG00000103319;ENSG00000187840;ENSG00000114867;ENSG00000266173;ENSG00000137154;ENSG00000162409;ENSG00000181929;ENSG00000177058;ENSG00000188186"
"REACTOME","REACTOME_SIGNALING_BY_NTRK2_TRKB",0.457598935816428,0.662697125510561,0.023416283634507,-0.425765750371973,-1.00692918968413,24,"ENSG00000145675;ENSG00000179295;ENSG00000010810;ENSG00000124181;ENSG00000166225;ENSG00000109458;ENSG00000176749"
"REACTOME","REACTOME_INTRINSIC_PATHWAY_OF_FIBRIN_CLOT_FORMATION",0.461250849762067,0.666191910568926,0.0236413977831599,-0.439650176966794,-1.00359204238389,20,"ENSG00000137509;ENSG00000135919;ENSG00000203618;ENSG00000184500;ENSG00000108561;ENSG00000180210;ENSG00000117601;ENSG00000178732"
"REACTOME","REACTOME_MATERNAL_TO_ZYGOTIC_TRANSITION_MZT",0.461427541456381,0.666191910568926,0.0376640196158781,0.289987004742257,0.992077115189907,109,"ENSG00000276043;ENSG00000070756;ENSG00000076248;ENSG00000181038;ENSG00000113300;ENSG00000182973;ENSG00000197905;ENSG00000158435;ENSG00000161960;ENSG00000114867;ENSG00000246705;ENSG00000100084;ENSG00000184260;ENSG00000140988;ENSG00000273983;ENSG00000185130;ENSG00000096063;ENSG00000141543;ENSG00000105968;ENSG00000205022;ENSG00000124635;ENSG00000125107;ENSG00000152518;ENSG00000158406;ENSG00000278828;ENSG00000274641;ENSG00000144231;ENSG00000080802;ENSG00000278463;ENSG00000275713;ENSG00000188486;ENSG00000270276;ENSG00000100697"
"REACTOME","REACTOME_SLC_MEDIATED_TRANSPORT_OF_ORGANIC_ANIONS",0.461146838156484,0.666191910568926,0.0316483814530157,0.351725366611284,0.989011268712118,35,"ENSG00000143036;ENSG00000141526;ENSG00000070214;ENSG00000183048;ENSG00000100075;ENSG00000118596;ENSG00000137491;ENSG00000108528;ENSG00000173930;ENSG00000155380;ENSG00000101200;ENSG00000170571;ENSG00000204385;ENSG00000100156"
"REACTOME","REACTOME_INTRAFLAGELLAR_TRANSPORT",0.462189781021898,0.666610797551501,0.0332733305648578,0.323504248297124,0.990454028364237,54,"ENSG00000105948;ENSG00000119333;ENSG00000188229;ENSG00000096872;ENSG00000126870;ENSG00000101162;ENSG00000128581;ENSG00000176014;ENSG00000167553;ENSG00000081870;ENSG00000125971;ENSG00000123416;ENSG00000213123;ENSG00000258947;ENSG00000088986;ENSG00000163913;ENSG00000184786"
"REACTOME","REACTOME_PTEN_REGULATION",0.462955382726156,0.667033673887074,0.0201344035372071,-0.32312398415893,-1.00047115094011,125,"ENSG00000099341;ENSG00000105221;ENSG00000169914;ENSG00000061273;ENSG00000057935;ENSG00000071655;ENSG00000078687;ENSG00000013275;ENSG00000107854;ENSG00000117020;ENSG00000111752;ENSG00000115966;ENSG00000141570;ENSG00000140464;ENSG00000170004;ENSG00000118518;ENSG00000173273;ENSG00000090905;ENSG00000143614;ENSG00000126070;ENSG00000101115;ENSG00000134698;ENSG00000041357;ENSG00000187555;ENSG00000173692;ENSG00000101966;ENSG00000171862;ENSG00000120738;ENSG00000092847;ENSG00000173889;ENSG00000121481;ENSG00000025039;ENSG00000168283;ENSG00000100354"
"REACTOME","REACTOME_DOWNSTREAM_SIGNALING_EVENTS_OF_B_CELL_RECEPTOR_BCR",0.463952765692977,0.667109272055482,0.0344445284087729,0.312291596069537,0.99060709734222,68,"ENSG00000161057;ENSG00000127922;ENSG00000104365;ENSG00000198668;ENSG00000196262;ENSG00000170315;ENSG00000126067;ENSG00000130706;ENSG00000101182;ENSG00000173039;ENSG00000165916;ENSG00000269335;ENSG00000109320;ENSG00000142867;ENSG00000100764;ENSG00000115233;ENSG00000100567;ENSG00000221983;ENSG00000100902;ENSG00000143947;ENSG00000174775;ENSG00000103035;ENSG00000277791;ENSG00000129084;ENSG00000175166"
"REACTOME","REACTOME_PARASITE_INFECTION",0.463695395513577,0.667109272055482,0.0334240051951686,0.317900222559544,0.989354463684938,59,"ENSG00000241685;ENSG00000130429;ENSG00000106299;ENSG00000162704;ENSG00000197879;ENSG00000102882;ENSG00000184009;ENSG00000075624;ENSG00000241553;ENSG00000155849;ENSG00000100345;ENSG00000015285"
"REACTOME","REACTOME_SIGNALING_BY_INTERLEUKINS",0.46472551501899,0.667540617707847,0.0175323372914981,-0.29247126175365,-1.00252075431004,400,"ENSG00000073756;ENSG00000120875;ENSG00000115414;ENSG00000254087;ENSG00000069667;ENSG00000160712;ENSG00000123496;ENSG00000139318;ENSG00000012779;ENSG00000099341;ENSG00000105329;ENSG00000071242;ENSG00000087245;ENSG00000116329;ENSG00000134352;ENSG00000145675;ENSG00000105568;ENSG00000104998;ENSG00000013275;ENSG00000170345;ENSG00000131876;ENSG00000068305;ENSG00000065559;ENSG00000064012;ENSG00000164692;ENSG00000006016;ENSG00000197885;ENSG00000166888;ENSG00000177663;ENSG00000115884;ENSG00000184979;ENSG00000179295;ENSG00000171150;ENSG00000095752;ENSG00000181449;ENSG00000138685;ENSG00000148516;ENSG00000142192;ENSG00000185950;ENSG00000131724;ENSG00000010810;ENSG00000169047;ENSG00000100485;ENSG00000088179;ENSG00000115966;ENSG00000104695;ENSG00000055208;ENSG00000115415;ENSG00000150093;ENSG00000104312;ENSG00000090376;ENSG00000185386;ENSG00000113916;ENSG00000185658;ENSG00000118260;ENSG00000064666;ENSG00000168961;ENSG00000152104;ENSG00000166167;ENSG00000115594;ENSG00000135341;ENSG00000100292;ENSG00000127314;ENSG00000028137;ENSG00000137713;ENSG00000137070;ENSG00000274750;ENSG00000136997;ENSG00000041357;ENSG00000173692;ENSG00000152795;ENSG00000132639;ENSG00000220205;ENSG00000075618"
"REACTOME","REACTOME_REGULATION_OF_RAS_BY_GAPS",0.465441288166489,0.667889328141345,0.0217090382618752,-0.360265682050645,-0.994672787683795,55,"ENSG00000188766;ENSG00000136848;ENSG00000099341;ENSG00000036257;ENSG00000013275;ENSG00000075391;ENSG00000111344;ENSG00000197283;ENSG00000041357;ENSG00000173692"
"REACTOME","REACTOME_POTENTIAL_THERAPEUTICS_FOR_SARS",0.466150598170303,0.668228065600474,0.0205036838976241,-0.331998553592767,-0.995355927691657,95,"ENSG00000160712;ENSG00000137731;ENSG00000105409;ENSG00000057935;ENSG00000036257;ENSG00000071655;ENSG00000143153;ENSG00000129244;ENSG00000137726;ENSG00000164576;ENSG00000115232;ENSG00000067900;ENSG00000150093;ENSG00000170004;ENSG00000140564;ENSG00000143614;ENSG00000135365;ENSG00000115594;ENSG00000054267;ENSG00000116044;ENSG00000111707;ENSG00000042753;ENSG00000183020;ENSG00000113851;ENSG00000196961;ENSG00000162434"
"REACTOME","REACTOME_NEPHRON_DEVELOPMENT",0.469930814262906,0.671363007536555,0.0240362348647075,-0.491963641695071,-1.00671983888133,12,"ENSG00000273706;ENSG00000162552;ENSG00000101384"
"REACTOME","REACTOME_TP53_REGULATES_TRANSCRIPTION_OF_ADDITIONAL_CELL_CYCLE_GENES_WHOSE_EXACT_ROLE_IN_THE_P53_PATHWAY_REMAIN_UNCERTAIN",0.469405003380663,0.671363007536555,0.0232703924930912,-0.435318636417682,-1.00230070520933,21,"ENSG00000145632;ENSG00000088038;ENSG00000149115;ENSG00000144580;ENSG00000111596;ENSG00000151849"
"REACTOME","REACTOME_SIGNALING_BY_CYTOSOLIC_FGFR1_FUSION_MUTANTS",0.469049247606019,0.671363007536555,0.0234692300716256,-0.446655187062782,-0.999137411414969,18,"ENSG00000124831;ENSG00000145675;ENSG00000115415;ENSG00000121741;ENSG00000111790;ENSG00000111605"
"REACTOME","REACTOME_DENGUE_VIRUS_MODULATES_APOPTOSIS",0.471848013816926,0.671363007536555,0.0235342526025302,-0.456220159202703,-0.997504324154112,16,"ENSG00000078142;ENSG00000154153;ENSG00000160551;ENSG00000164327;ENSG00000126581;ENSG00000100906"
"REACTOME","REACTOME_ROLE_OF_LAT2_NTAL_LAB_ON_CALCIUM_MOBILIZATION",0.472141265215155,0.671363007536555,0.0234045485740173,-0.450663844771071,-0.997322165598152,17,"ENSG00000254087;ENSG00000145675;ENSG00000010810"
"REACTOME","REACTOME_DEUBIQUITINATION",0.471270426989984,0.671363007536555,0.0460578909158033,0.262247273452417,0.994044360401562,255,"ENSG00000145604;ENSG00000133101;ENSG00000164045;ENSG00000213585;ENSG00000166949;ENSG00000158019;ENSG00000133135;ENSG00000100221;ENSG00000118939;ENSG00000161057;ENSG00000036672;ENSG00000127922;ENSG00000117399;ENSG00000121060;ENSG00000078668;ENSG00000165280;ENSG00000075624;ENSG00000169592;ENSG00000168884;ENSG00000012048;ENSG00000067560;ENSG00000100324;ENSG00000163513;ENSG00000115267;ENSG00000106100;ENSG00000170315;ENSG00000145386;ENSG00000163930;ENSG00000126067;ENSG00000184260;ENSG00000088888;ENSG00000130706;ENSG00000101182;ENSG00000089723;ENSG00000162402;ENSG00000108773;ENSG00000127191;ENSG00000165916;ENSG00000145901;ENSG00000141480;ENSG00000092853;ENSG00000138134;ENSG00000163322;ENSG00000173653;ENSG00000185130;ENSG00000111667;ENSG00000179262;ENSG00000101557;ENSG00000146833;ENSG00000105393;ENSG00000171148;ENSG00000135679;ENSG00000269335;ENSG00000181481;ENSG00000137486;ENSG00000100764;ENSG00000115233;ENSG00000116750;ENSG00000134574;ENSG00000185359;ENSG00000100567;ENSG00000221983;ENSG00000185515;ENSG00000114316;ENSG00000124635;ENSG00000100902;ENSG00000196367;ENSG00000143947;ENSG00000079999;ENSG00000103035;ENSG00000170312;ENSG00000196787;ENSG00000277791;ENSG00000136518;ENSG00000129084;ENSG00000175166;ENSG00000274641;ENSG00000101442;ENSG00000129559;ENSG00000278463;ENSG00000275713;ENSG00000112335;ENSG00000187778;ENSG00000103540;ENSG00000115274;ENSG00000038274"
"REACTOME","REACTOME_FORMATION_OF_ATP_BY_CHEMIOSMOTIC_COUPLING",0.471588149587178,0.671363007536555,0.0293924343196176,0.395624559300603,0.985515636914775,20,"ENSG00000241468;ENSG00000159199;ENSG00000156411;ENSG00000167863;ENSG00000135390;ENSG00000173915;ENSG00000169020;ENSG00000116459;ENSG00000241837;ENSG00000165629;ENSG00000198899;ENSG00000154723"
"REACTOME","REACTOME_APC_CDC20_MEDIATED_DEGRADATION_OF_NEK2A",0.471337579617834,0.671363007536555,0.0302860025206102,0.37143068106455,0.982768857246991,26,"ENSG00000117399;ENSG00000166295;ENSG00000154473;ENSG00000141552;ENSG00000170315;ENSG00000175063;ENSG00000221983;ENSG00000053900;ENSG00000176386;ENSG00000143947"
"REACTOME","REACTOME_GLYCOGEN_BREAKDOWN_GLYCOGENOLYSIS",0.47378277153558,0.67301938974672,0.0286438814771541,0.429989509819982,0.989776747380002,15,"ENSG00000056998;ENSG00000044446;ENSG00000198668"
"REACTOME","REACTOME_GAP_JUNCTION_DEGRADATION",0.475359712230216,0.673656697819979,0.0240733246192523,-0.500903434627465,-1.00278777257223,11,"ENSG00000196586;ENSG00000070371;ENSG00000152661;ENSG00000141367"
"REACTOME","REACTOME_ACTIVATION_OF_THE_TFAP2_AP_2_FAMILY_OF_TRANSCRIPTION_FACTORS",0.476139790668795,0.673656697819979,0.0238220650489235,-0.489525573913363,-1.00173074823242,12,"ENSG00000164442;ENSG00000125931;ENSG00000005339;ENSG00000008196;ENSG00000179862"
"REACTOME","REACTOME_TRANSCRIPTIONAL_REGULATION_BY_RUNX1",0.476057765391437,0.673656697819979,0.0185956281323105,-0.304665114322014,-0.994450228600455,211,"ENSG00000158321;ENSG00000071564;ENSG00000099341;ENSG00000272333;ENSG00000126457;ENSG00000078687;ENSG00000065675;ENSG00000013275;ENSG00000082014;ENSG00000104067;ENSG00000111752;ENSG00000179295;ENSG00000196092;ENSG00000141570;ENSG00000140464;ENSG00000197822;ENSG00000132475;ENSG00000090905;ENSG00000127511;ENSG00000126070;ENSG00000184678;ENSG00000274750;ENSG00000134698;ENSG00000041357;ENSG00000173692;ENSG00000105810;ENSG00000073584;ENSG00000169375;ENSG00000049618;ENSG00000092847;ENSG00000173889;ENSG00000270882;ENSG00000121481;ENSG00000163602;ENSG00000097007;ENSG00000168283;ENSG00000143387;ENSG00000196890;ENSG00000100354;ENSG00000101096;ENSG00000005339;ENSG00000137801;ENSG00000273802;ENSG00000078900;ENSG00000139718;ENSG00000091831;ENSG00000135363;ENSG00000163939;ENSG00000120690;ENSG00000015153;ENSG00000118058;ENSG00000197061;ENSG00000146374;ENSG00000180008;ENSG00000119508;ENSG00000101266;ENSG00000184113;ENSG00000159216;ENSG00000184557"
"REACTOME","REACTOME_REGULATION_OF_PYRUVATE_METABOLISM",0.475414146726269,0.673656697819979,0.0307146803249792,0.355343372618184,0.984739388258421,32,"ENSG00000100577;ENSG00000131828;ENSG00000134333;ENSG00000005882;ENSG00000091140;ENSG00000170315;ENSG00000145916;ENSG00000067992;ENSG00000247077;ENSG00000221983;ENSG00000143947;ENSG00000150768"
"REACTOME","REACTOME_FGFRL1_MODULATION_OF_FGFR1_SIGNALING",0.478974914275402,0.675741251643818,0.024005411352952,-0.510466052637522,-1.00145191167611,10,"ENSG00000156427;ENSG00000138685;ENSG00000158815;ENSG00000070193;ENSG00000198369"
"REACTOME","REACTOME_GASTRULATION",0.478832318760376,0.675741251643818,0.0198327586569781,-0.325098129776201,-0.990689704152463,109,"ENSG00000182968;ENSG00000273706;ENSG00000116106;ENSG00000129514;ENSG00000196782;ENSG00000099341;ENSG00000163132;ENSG00000013275;ENSG00000077782;ENSG00000181449;ENSG00000138685;ENSG00000197822;ENSG00000007372;ENSG00000041357;ENSG00000173692;ENSG00000121966;ENSG00000185668;ENSG00000185155;ENSG00000183691;ENSG00000197323;ENSG00000005339;ENSG00000168214"
"REACTOME","REACTOME_TRANSCRIPTIONAL_REGULATION_OF_WHITE_ADIPOCYTE_DIFFERENTIATION",0.479048861823981,0.675741251643818,0.0205407678082685,-0.338191149749938,-0.989032896663935,80,"ENSG00000175445;ENSG00000105329;ENSG00000063322;ENSG00000082014;ENSG00000181444;ENSG00000175221;ENSG00000155111;ENSG00000124151;ENSG00000122877;ENSG00000104973;ENSG00000118579;ENSG00000132964;ENSG00000123066;ENSG00000075292;ENSG00000108510;ENSG00000181856;ENSG00000196498;ENSG00000042429;ENSG00000112282;ENSG00000177565"
"REACTOME","REACTOME_NOTCH3_INTRACELLULAR_DOMAIN_REGULATES_TRANSCRIPTION",0.481078365706631,0.675903136694291,0.0227257123702447,-0.42260928715855,-0.990624802074156,23,"ENSG00000196782;ENSG00000114315;ENSG00000163909;ENSG00000074181;ENSG00000115415;ENSG00000197921;ENSG00000185630;ENSG00000113645;ENSG00000164683;ENSG00000005339;ENSG00000168214"
"REACTOME","REACTOME_SLC_MEDIATED_TRANSPORT_OF_AMINO_ACIDS",0.480680553347114,0.675903136694291,0.0219202754351603,-0.385876744313638,-0.988161847992959,36,"ENSG00000139209;ENSG00000103257;ENSG00000111371;ENSG00000103064;ENSG00000149150;ENSG00000197119;ENSG00000072041;ENSG00000163817;ENSG00000092068;ENSG00000111181;ENSG00000139514;ENSG00000131389;ENSG00000168003;ENSG00000130876;ENSG00000134294"
"REACTOME","REACTOME_P75NTR_RECRUITS_SIGNALLING_COMPLEXES",0.480675769497801,0.675903136694291,0.0281818787673615,0.444062952347757,0.984525865868369,13,"ENSG00000184216;ENSG00000104365;ENSG00000170315;ENSG00000161011;ENSG00000221983;ENSG00000143947"
"REACTOME","REACTOME_CONDENSATION_OF_PROPHASE_CHROMOSOMES",0.480507425742574,0.675903136694291,0.0336530802530585,0.310728033969396,0.982776493936775,67,"ENSG00000146918;ENSG00000166851;ENSG00000151503;ENSG00000246705;ENSG00000184260;ENSG00000134057;ENSG00000273983;ENSG00000185130;ENSG00000105968;ENSG00000124635;ENSG00000158406;ENSG00000278828;ENSG00000170312;ENSG00000025770;ENSG00000274641;ENSG00000278463;ENSG00000275713;ENSG00000188486;ENSG00000270276"
"REACTOME","REACTOME_VXPX_CARGO_TARGETING_TO_CILIUM",0.481645139360979,0.676026776120976,0.0229440865655545,-0.433409770618049,-0.989347030142455,20,"ENSG00000103769;ENSG00000153317;ENSG00000182473;ENSG00000118762;ENSG00000090565;ENSG00000116903;ENSG00000168374;ENSG00000070729"
"REACTOME","REACTOME_INFECTION_WITH_MYCOBACTERIUM_TUBERCULOSIS",0.482234809474768,0.676182275053002,0.0300569293043262,0.365734601002114,0.973762454090966,27,"ENSG00000108424;ENSG00000102879;ENSG00000102882;ENSG00000007171;ENSG00000102144;ENSG00000170315;ENSG00000074800;ENSG00000185359;ENSG00000221983;ENSG00000143947;ENSG00000173821"
"REACTOME","REACTOME_SIGNALING_BY_ACTIVIN",0.483113320761186,0.676742072336106,0.0230348108085409,-0.446641710441816,-0.988421154864492,17,"ENSG00000163083;ENSG00000070404"
"REACTOME","REACTOME_DS_GAG_BIOSYNTHESIS",0.484352517985612,0.677612886354229,0.0237675869766548,-0.497433014989913,-0.995840137284357,11,"ENSG00000171451;ENSG00000038427;ENSG00000182492"
"REACTOME","REACTOME_TRANSLATION_OF_REPLICASE_AND_ASSEMBLY_OF_THE_REPLICATION_TRANSCRIPTION_COMPLEX",0.484694769984257,0.677612886354229,0.0233052491422641,-0.467875102574814,-0.989603377119364,14,"ENSG00000136003;ENSG00000140941;ENSG00000078142;ENSG00000130724;ENSG00000126581"
"REACTOME","REACTOME_TP53_REGULATES_TRANSCRIPTION_OF_CELL_DEATH_GENES",0.486727045596502,0.679780997410743,0.0214412719120372,-0.372024326608623,-0.98418508817401,43,"ENSG00000197050;ENSG00000104765;ENSG00000115107;ENSG00000164938;ENSG00000141391;ENSG00000113916;ENSG00000149311;ENSG00000104419;ENSG00000146674;ENSG00000005339;ENSG00000120471;ENSG00000105327;ENSG00000078900"
"REACTOME","REACTOME_FGFR1_LIGAND_BINDING_AND_ACTIVATION",0.487318523701242,0.67993454097446,0.0232182918027764,-0.467005069592677,-0.987763168968534,14,"ENSG00000011201;ENSG00000077782;ENSG00000138685;ENSG00000158815"
"REACTOME","REACTOME_REGULATION_OF_CDH1_MRNA_TRANSLATION_BY_MICRORNAS",0.491546762589928,0.684888535686756,0.0235283272805169,-0.494964525811922,-0.990898324964269,11,"ENSG00000078687;ENSG00000090905;ENSG00000126070;ENSG00000136997;ENSG00000134698;ENSG00000092847;ENSG00000100354"
"REACTOME","REACTOME_TRANSCRIPTIONAL_REGULATION_OF_GRANULOPOIESIS",0.49190617773373,0.684888535686756,0.0344988851058263,0.298191031828838,0.977875630504422,83,"ENSG00000245848;ENSG00000102554;ENSG00000123374;ENSG00000101412;ENSG00000118513;ENSG00000246705;ENSG00000184260;ENSG00000273983;ENSG00000185130;ENSG00000135446;ENSG00000105968;ENSG00000124635;ENSG00000124795;ENSG00000158406;ENSG00000131759;ENSG00000067955;ENSG00000278828;ENSG00000274641;ENSG00000172216;ENSG00000198176;ENSG00000278463;ENSG00000275713;ENSG00000188486;ENSG00000270276"
"REACTOME","REACTOME_PLASMA_LIPOPROTEIN_CLEARANCE",0.492324266092109,0.684888535686756,0.0305088425715827,0.344482046000077,0.973973526368977,36,"ENSG00000169174;ENSG00000167780;ENSG00000166126;ENSG00000084674;ENSG00000107798;ENSG00000166035;ENSG00000170315;ENSG00000073060;ENSG00000130164;ENSG00000057252;ENSG00000118137;ENSG00000141458;ENSG00000221983;ENSG00000143947"
"REACTOME","REACTOME_NEGATIVE_REGULATION_OF_FGFR3_SIGNALING",0.493993746914596,0.686534616775009,0.0220298987934322,-0.407116971524976,-0.979587831927145,26,"ENSG00000156427;ENSG00000105568;ENSG00000179295;ENSG00000138685;ENSG00000104695;ENSG00000158815;ENSG00000166225"
"REACTOME","REACTOME_RESPIRATORY_SYNCYTIAL_VIRUS_RSV_GENOME_REPLICATION_TRANSCRIPTION_AND_TRANSLATION",0.495082753657952,0.686963276216941,0.0282936925560076,0.409579100527509,0.974268574112101,17,"ENSG00000172531;ENSG00000108424;ENSG00000114902;ENSG00000080824;ENSG00000096384"
"REACTOME","REACTOME_PHOSPHOLIPASE_C_MEDIATED_CASCADE_FGFR1",0.495761741122566,0.686963276216941,0.0274574467865963,0.446652691245963,0.970414200844667,12,"ENSG00000133116;ENSG00000138675"
"REACTOME","REACTOME_EFFECTS_OF_PIP2_HYDROLYSIS",0.495438418651799,0.686963276216941,0.0292708849531796,0.369229958309551,0.968137778374338,25,"ENSG00000058866;ENSG00000163932;ENSG00000027075;ENSG00000074416;ENSG00000149091;ENSG00000145214;ENSG00000171132;ENSG00000100997"
"REACTOME","REACTOME_TGFBR3_EXPRESSION",0.497298210064168,0.688416737853534,0.0223324919294918,-0.421627454773886,-0.980608889368842,22,"ENSG00000071564;ENSG00000078687;ENSG00000196628;ENSG00000090905;ENSG00000126070;ENSG00000134698;ENSG00000129911;ENSG00000092847;ENSG00000100354"
"REACTOME","REACTOME_REGULATED_PROTEOLYSIS_OF_P75NTR",0.499640287769784,0.690981475348614,0.0232645926300391,-0.492066221260619,-0.985096040203739,11,"ENSG00000138613;ENSG00000143801;ENSG00000205155;ENSG00000151694;ENSG00000064300"
"REACTOME","REACTOME_MASTL_FACILITATES_MITOTIC_PROGRESSION",0.500451182097094,0.691284831966792,0.0232936192958527,-0.50069554041337,-0.982283745459419,10,"ENSG00000105568;ENSG00000104695;ENSG00000137713"
"REACTOME","REACTOME_RHOD_GTPASE_CYCLE",0.500838798230898,0.691284831966792,0.0206339723048616,-0.356356380837101,-0.976681031916311,53,"ENSG00000131016;ENSG00000160007;ENSG00000145675;ENSG00000076706;ENSG00000113758;ENSG00000115107;ENSG00000139641;ENSG00000143337;ENSG00000134909;ENSG00000156232"
"REACTOME","REACTOME_CONSTITUTIVE_SIGNALING_BY_EGFRVIII",0.50349040139616,0.694266061300174,0.0226592941355964,-0.452159812798739,-0.972242886168591,15,"ENSG00000145675;ENSG00000124181;ENSG00000146648;ENSG00000109458"
"REACTOME","REACTOME_DAG1_GLYCOSYLATIONS",0.504787961696306,0.695376196990424,0.022294926271817,-0.434352923387377,-0.971618080532417,18,"ENSG00000181027;ENSG00000118600;ENSG00000167889"
"REACTOME","REACTOME_FRS_MEDIATED_FGFR3_SIGNALING",0.505914623692782,0.695400004074399,0.0223002857489942,-0.439143224997842,-0.971826955377534,17,"ENSG00000156427;ENSG00000179295;ENSG00000138685;ENSG00000158815;ENSG00000166225"
"REACTOME","REACTOME_PLATELET_SENSITIZATION_BY_LDL",0.506257500428596,0.695400004074399,0.0222895691377417,-0.438894679897673,-0.971276923373802,17,"ENSG00000105568;ENSG00000116711;ENSG00000179295;ENSG00000157193;ENSG00000104695;ENSG00000137713"
"REACTOME","REACTOME_SIGNALING_BY_CTNNB1_PHOSPHO_SITE_MUTANTS",0.506282722513089,0.695400004074399,0.0225712919579293,-0.451332249261435,-0.970463442840764,15,"ENSG00000105568;ENSG00000104695;ENSG00000137713;ENSG00000113712;ENSG00000134982;ENSG00000082701;ENSG00000078304;ENSG00000168036"
"REACTOME","REACTOME_RESPONSE_TO_ELEVATED_PLATELET_CYTOSOLIC_CA2",0.511241313530454,0.695535583571736,0.0186194336503219,-0.315768335265998,-0.977321770553431,123,"ENSG00000010278;ENSG00000115414;ENSG00000077522;ENSG00000100234;ENSG00000138722;ENSG00000092969;ENSG00000105329;ENSG00000145685;ENSG00000167711;ENSG00000102316;ENSG00000154229;ENSG00000104112;ENSG00000126583;ENSG00000184500;ENSG00000197746;ENSG00000005893;ENSG00000142192"
"REACTOME","REACTOME_SEMA4D_IN_SEMAPHORIN_SIGNALING",0.50881277020286,0.695535583571736,0.021729486959042,-0.411963209003942,-0.974286400114628,24,"ENSG00000160007;ENSG00000155366;ENSG00000187764;ENSG00000067900;ENSG00000105357;ENSG00000172602"
"REACTOME","REACTOME_RUNX1_REGULATES_GENES_INVOLVED_IN_MEGAKARYOCYTE_DIFFERENTIATION_AND_PLATELET_FUNCTION",0.512668082094834,0.695535583571736,0.0191467795114798,-0.327685417453068,-0.973855504408726,89,"ENSG00000272333;ENSG00000126457;ENSG00000078687;ENSG00000065675;ENSG00000132475;ENSG00000090905;ENSG00000127511;ENSG00000126070;ENSG00000184678;ENSG00000274750;ENSG00000134698;ENSG00000169375;ENSG00000092847;ENSG00000270882;ENSG00000196890;ENSG00000100354;ENSG00000137801;ENSG00000273802;ENSG00000139718"
"REACTOME","REACTOME_REGULATION_OF_ENDOGENOUS_RETROELEMENTS_BY_PIWI_INTERACTING_RNAS_PIRNAS",0.515799914978036,0.695535583571736,0.0190724074332127,-0.326891789393671,-0.972866165881,90,"ENSG00000110987;ENSG00000057935;ENSG00000071655;ENSG00000082014;ENSG00000011332;ENSG00000119772;ENSG00000170004;ENSG00000132475;ENSG00000143614;ENSG00000184678;ENSG00000274750;ENSG00000073584;ENSG00000205683;ENSG00000141380;ENSG00000049618;ENSG00000133884;ENSG00000270882;ENSG00000196890;ENSG00000273802;ENSG00000184402"
"REACTOME","REACTOME_MHC_CLASS_II_ANTIGEN_PRESENTATION",0.515630746598014,0.695535583571736,0.0357347785090555,0.282400300833042,0.97180350961921,115,"ENSG00000127022;ENSG00000106367;ENSG00000182287;ENSG00000135047;ENSG00000137100;ENSG00000188229;ENSG00000138107;ENSG00000064601;ENSG00000129354;ENSG00000101162;ENSG00000138778;ENSG00000198898;ENSG00000216490;ENSG00000072958;ENSG00000176014;ENSG00000167553;ENSG00000112984;ENSG00000197959;ENSG00000144635;ENSG00000115073;ENSG00000131966;ENSG00000173898;ENSG00000079616;ENSG00000123416;ENSG00000100280;ENSG00000175203;ENSG00000142945;ENSG00000116489;ENSG00000079805;ENSG00000138160;ENSG00000258947"
"REACTOME","REACTOME_INTERLEUKIN_17_SIGNALING",0.507603720655544,0.695535583571736,0.0199339575157081,-0.339468363312758,-0.971065210727589,69,"ENSG00000120875;ENSG00000139318;ENSG00000071242;ENSG00000105568;ENSG00000170345;ENSG00000068305;ENSG00000065559;ENSG00000177663;ENSG00000115966;ENSG00000104695;ENSG00000055208;ENSG00000104312;ENSG00000185386;ENSG00000118260;ENSG00000166167;ENSG00000135341;ENSG00000137713"
"REACTOME","REACTOME_GAMMA_CARBOXYLATION_TRANSPORT_AND_AMINO_TERMINAL_CLEAVAGE_OF_PROTEINS",0.509975341851603,0.695535583571736,0.0265887584555034,0.467199970525721,0.968187096473496,10,"ENSG00000115718;ENSG00000057593;ENSG00000126218"
"REACTOME","REACTOME_CARGO_TRAFFICKING_TO_THE_PERICILIARY_MEMBRANE",0.513454317897372,0.695535583571736,0.0325670705681411,0.303621556759099,0.967794774192288,70,"ENSG00000278195;ENSG00000205795;ENSG00000165533;ENSG00000125863;ENSG00000188229;ENSG00000131558;ENSG00000115484;ENSG00000167461;ENSG00000101162;ENSG00000163468;ENSG00000166226;ENSG00000120438;ENSG00000176014;ENSG00000167553;ENSG00000125124;ENSG00000102218;ENSG00000123416;ENSG00000258947;ENSG00000094631;ENSG00000112685;ENSG00000127328;ENSG00000138190;ENSG00000180104;ENSG00000140463;ENSG00000181004;ENSG00000156261"
"REACTOME","REACTOME_SIGNALING_BY_ALK",0.512313674659754,0.695535583571736,0.02121843692683,-0.390911457095556,-0.966135660720544,30,"ENSG00000110492;ENSG00000120217;ENSG00000145675;ENSG00000105894;ENSG00000169047;ENSG00000124181;ENSG00000189292;ENSG00000166225;ENSG00000136997;ENSG00000171094;ENSG00000169375;ENSG00000100644"
"REACTOME","REACTOME_SCAVENGING_BY_CLASS_A_RECEPTORS",0.507795634444711,0.695535583571736,0.0278437578519039,0.406107309818027,0.966010202091199,17,"ENSG00000166598;ENSG00000179218;ENSG00000187498;ENSG00000084674;ENSG00000167996;ENSG00000118137;ENSG00000134871"
"REACTOME","REACTOME_RUNX1_INTERACTS_WITH_CO_FACTORS_WHOSE_PRECISE_EFFECT_ON_RUNX1_TARGETS_IS_NOT_KNOWN",0.513658613611243,0.695535583571736,0.020779857439982,-0.374666762898294,-0.965397544206732,37,"ENSG00000158321;ENSG00000082014;ENSG00000111752;ENSG00000141570;ENSG00000073584;ENSG00000049618;ENSG00000173889;ENSG00000121481;ENSG00000163602;ENSG00000168283;ENSG00000163939;ENSG00000015153;ENSG00000101266;ENSG00000159216;ENSG00000100393;ENSG00000141582;ENSG00000189079;ENSG00000134686"
"REACTOME","REACTOME_RIP_MEDIATED_NFKB_ACTIVATION_VIA_ZBP1",0.508072174738841,0.695535583571736,0.0276532658993622,0.412373992145953,0.96512940407909,16,"ENSG00000104365;ENSG00000127666;ENSG00000173039;ENSG00000269335;ENSG00000109320;ENSG00000077150"
"REACTOME","REACTOME_REGULATION_OF_IFNA_IFNB_SIGNALING",0.514659685863874,0.695535583571736,0.0223110117406659,-0.448573418244395,-0.964531350349271,15,"ENSG00000184979;ENSG00000179295;ENSG00000115415;ENSG00000162434;ENSG00000170581;ENSG00000184557"
"REACTOME","REACTOME_SIGNALING_BY_CSF1_M_CSF_IN_MYELOID_CELLS",0.514064015518914,0.695535583571736,0.021130427785357,-0.387926654788387,-0.964120135797751,31,"ENSG00000254087;ENSG00000145675;ENSG00000179295;ENSG00000010810;ENSG00000115415;ENSG00000160219"
"REACTOME","REACTOME_M_DECAY_DEGRADATION_OF_MATERNAL_MRNAS_BY_MATERNALLY_STORED_FACTORS",0.510123586642125,0.695535583571736,0.0294112338693492,0.347814295464587,0.963874558908277,32,"ENSG00000070756;ENSG00000113300;ENSG00000182973;ENSG00000158435;ENSG00000161960;ENSG00000114867;ENSG00000140988;ENSG00000141543;ENSG00000205022;ENSG00000125107;ENSG00000152518"
"REACTOME","REACTOME_SLC_MEDIATED_TRANSPORT_OF_ORGANIC_CATIONS",0.513538532747049,0.695535583571736,0.0270196409679448,0.4341985247321,0.962655579035714,13,"ENSG00000197208;ENSG00000004809;ENSG00000163393;ENSG00000197375;ENSG00000142494"
"REACTOME","REACTOME_DNA_DAMAGE_RECOGNITION_IN_GG_NER",0.514838007078682,0.695535583571736,0.0298803556203253,0.336821174006196,0.962400008708216,38,"ENSG00000168090;ENSG00000129484;ENSG00000143799;ENSG00000075624;ENSG00000169592;ENSG00000170315;ENSG00000179262;ENSG00000134574;ENSG00000154767;ENSG00000221983;ENSG00000169727;ENSG00000143947;ENSG00000111652;ENSG00000136518;ENSG00000101442;ENSG00000187778;ENSG00000115274;ENSG00000141030;ENSG00000100811;ENSG00000100387;ENSG00000121022;ENSG00000167986;ENSG00000175792"
"REACTOME","REACTOME_METABOLISM_OF_ANGIOTENSINOGEN_TO_ANGIOTENSINS",0.515449438202247,0.695535583571736,0.0271533734336666,0.415907296150441,0.957361427183973,15,"ENSG00000196549"
"REACTOME","REACTOME_G_PROTEIN_BETA_GAMMA_SIGNALLING",0.516588906168999,0.695535583571736,0.0289218815695838,0.352030041771132,0.956318232895275,29,"ENSG00000168243;ENSG00000172354;ENSG00000142208;ENSG00000114450;ENSG00000149782;ENSG00000067560;ENSG00000127928;ENSG00000186469;ENSG00000129675;ENSG00000149269"
"REACTOME","REACTOME_CS_DS_DEGRADATION",0.512627489072365,0.695535583571736,0.0278939167317266,0.383864010507205,0.956219668143064,20,"ENSG00000149328;ENSG00000011465"
"REACTOME","REACTOME_DEADENYLATION_OF_MRNA",0.516725798276736,0.695535583571736,0.0285114565971186,0.363409454801834,0.952876152907163,25,"ENSG00000070756;ENSG00000113300;ENSG00000182973;ENSG00000135473;ENSG00000158435;ENSG00000161960;ENSG00000114867"
"REACTOME","REACTOME_EPHB_MEDIATED_FORWARD_SIGNALING",0.51775934908465,0.696263048483358,0.0205175771977275,-0.366032756818032,-0.964546738007793,42,"ENSG00000254087;ENSG00000108947;ENSG00000125266;ENSG00000133216;ENSG00000182580;ENSG00000176884;ENSG00000205726;ENSG00000010810;ENSG00000067900;ENSG00000163466"
"REACTOME","REACTOME_PROSTACYCLIN_SIGNALLING_THROUGH_PROSTACYCLIN_RECEPTOR",0.518943939653694,0.697192048326372,0.0218995056566159,-0.434970459820833,-0.962592597549293,17,"ENSG00000087460;ENSG00000176533;ENSG00000172380"
"REACTOME","REACTOME_TP53_REGULATES_TRANSCRIPTION_OF_CELL_CYCLE_GENES",0.519484240687679,0.697254513166353,0.0306629252686305,0.321302413101526,0.964509460731676,49,"ENSG00000133101;ENSG00000132646;ENSG00000123374;ENSG00000101412;ENSG00000175305;ENSG00000113300;ENSG00000182973;ENSG00000129173;ENSG00000118495;ENSG00000158435;ENSG00000142453;ENSG00000145386;ENSG00000087586;ENSG00000134057"
"REACTOME","REACTOME_ACTIVATED_PKN1_STIMULATES_TRANSCRIPTION_OF_AR_ANDROGEN_RECEPTOR_REGULATED_GENES_KLK2_AND_KLK3",0.520365997638725,0.697774728077758,0.0311896144173204,0.309849091348577,0.964298103116361,59,"ENSG00000107077;ENSG00000123143;ENSG00000246705;ENSG00000184260;ENSG00000273983;ENSG00000185130;ENSG00000105968;ENSG00000124635;ENSG00000004487;ENSG00000158406;ENSG00000278828;ENSG00000274641;ENSG00000278463;ENSG00000275713;ENSG00000188486;ENSG00000270276;ENSG00000273703;ENSG00000277075"
"REACTOME","REACTOME_ZINC_TRANSPORTERS",0.522003745318352,0.699306725227242,0.026933847286694,0.413561464253493,0.951961644603617,15,"ENSG00000139540;ENSG00000147804;ENSG00000104635;ENSG00000138821;ENSG00000143570"
"REACTOME","REACTOME_CO_STIMULATION_BY_CD28",0.525038880248834,0.699355211697224,0.0202109889533265,-0.362028954552458,-0.962705811421631,44,"ENSG00000254087;ENSG00000105221;ENSG00000145675;ENSG00000105568;ENSG00000117020;ENSG00000010810;ENSG00000104695;ENSG00000137713;ENSG00000164327;ENSG00000141506;ENSG00000182866;ENSG00000078304;ENSG00000176105"
"REACTOME","REACTOME_NUCLEAR_RECEPTOR_TRANSCRIPTION_PATHWAY",0.524778219639033,0.699355211697224,0.0199649235978371,-0.351704416103194,-0.960251090729904,52,"ENSG00000082175;ENSG00000069667;ENSG00000131408;ENSG00000143171;ENSG00000151623;ENSG00000174738;ENSG00000123358;ENSG00000151090;ENSG00000196498;ENSG00000177463;ENSG00000172819;ENSG00000148200;ENSG00000120798;ENSG00000012504;ENSG00000111424;ENSG00000125686;ENSG00000153234;ENSG00000091831"
"REACTOME","REACTOME_REGULATION_OF_PTEN_STABILITY_AND_ACTIVITY",0.522558104207808,0.699355211697224,0.0199251244033963,-0.347519316790305,-0.959480807714533,55,"ENSG00000099341;ENSG00000105221;ENSG00000169914;ENSG00000013275;ENSG00000107854;ENSG00000117020;ENSG00000118518;ENSG00000173273;ENSG00000041357;ENSG00000173692;ENSG00000101966;ENSG00000171862"
"REACTOME","REACTOME_RHO_GTPASES_ACTIVATE_CIT",0.523711693203219,0.699355211697224,0.0217346044786843,-0.424450482821026,-0.958733452950934,19,"ENSG00000132535;ENSG00000155366;ENSG00000105357;ENSG00000198901;ENSG00000213639;ENSG00000092841;ENSG00000058272"
"REACTOME","REACTOME_P38MAPK_EVENTS",0.525109928257348,0.699355211697224,0.0266342338311079,0.430975303081722,0.955509418633352,13,"ENSG00000114738;ENSG00000162889;ENSG00000156711;ENSG00000144118;ENSG00000006451;ENSG00000112062;ENSG00000174775"
"REACTOME","REACTOME_SLC_MEDIATED_TRANSPORT_OF_NEUROTRANSMITTERS",0.524965800273598,0.699355211697224,0.0216784291665622,-0.427128289722495,-0.9554570641882,18,"ENSG00000101438;ENSG00000108576;ENSG00000072041;ENSG00000163817;ENSG00000142319;ENSG00000104888"
"REACTOME","REACTOME_REGULATION_OF_TBK1_IKK_IKBKE_MEDIATED_ACTIVATION_OF_IRF3_IRF7",0.52557278407776,0.699355211697224,0.0266190573072269,0.430883849614304,0.955306658408207,13,"ENSG00000127666;ENSG00000170315;ENSG00000221983;ENSG00000143947;ENSG00000123240"
"REACTOME","REACTOME_VITAMIN_D_CALCIFEROL_METABOLISM",0.526002290950745,0.699355211697224,0.0264308634155429,0.436717476115798,0.948828584011455,12,"ENSG00000145321;ENSG00000186104;ENSG00000103275;ENSG00000111012"
"REACTOME","REACTOME_SHC_MEDIATED_CASCADE_FGFR1",0.526745022787239,0.699683887277123,0.0272009085336373,0.401041055490027,0.95395906868651,17,"ENSG00000133116;ENSG00000138675;ENSG00000160691"
"REACTOME","REACTOME_STRIATED_MUSCLE_CONTRACTION",0.529278915954186,0.701729417208743,0.0206480144245338,-0.381788567934656,-0.954689041165388,32,"ENSG00000077522;ENSG00000140416;ENSG00000136842;ENSG00000105048;ENSG00000198467"
"REACTOME","REACTOME_DENGUE_VIRUS_ACTIVATES_MODULATES_INNATE_AND_ADAPTIVE_IMMUNE_RESPONSES",0.529242819843342,0.701729417208743,0.0286172889097433,0.347362278111325,0.949915768312985,30,"ENSG00000244731;ENSG00000121060;ENSG00000224389;ENSG00000080824;ENSG00000115267;ENSG00000164430;ENSG00000088888;ENSG00000096384;ENSG00000118137"
"REACTOME","REACTOME_RHO_GTPASES_ACTIVATE_PKNS",0.531695984069034,0.704272729367239,0.0330380185456275,0.291277752502753,0.961289692015604,86,"ENSG00000128245;ENSG00000107077;ENSG00000143878;ENSG00000123143;ENSG00000067560;ENSG00000100345;ENSG00000246705;ENSG00000164924;ENSG00000184260;ENSG00000273983;ENSG00000185130;ENSG00000105968;ENSG00000149269;ENSG00000124635;ENSG00000004487;ENSG00000158406;ENSG00000278828;ENSG00000274641;ENSG00000278463;ENSG00000275713;ENSG00000166913;ENSG00000188486;ENSG00000108953;ENSG00000270276"
"REACTOME","REACTOME_SIGNALING_BY_NOTCH1_HD_DOMAIN_MUTANTS_IN_CANCER",0.534410112359551,0.707204384865685,0.0265283764302759,0.410517162859189,0.944954081248502,15,"ENSG00000107954;ENSG00000214357;ENSG00000198719;ENSG00000170315;ENSG00000221983;ENSG00000143947;ENSG00000128917;ENSG00000184916"
"REACTOME","REACTOME_SIGNALING_BY_LTK",0.535391165513571,0.707271873637274,0.0219462873232094,-0.46771147535152,-0.957091909244539,12,"ENSG00000145675;ENSG00000062524;ENSG00000169047;ENSG00000189292"
"REACTOME","REACTOME_RUNX3_REGULATES_P14_ARF",0.535462912831619,0.707271873637274,0.0222148141706255,-0.484931546748076,-0.951357337111225,10,"ENSG00000105329;ENSG00000068024"
"REACTOME","REACTOME_SEMA3A_PAK_DEPENDENT_AXON_REPULSION",0.536269430051813,0.707675173115103,0.0215013868754499,-0.432961890143078,-0.946651192192865,16,"ENSG00000221866;ENSG00000075213;ENSG00000010810"
"REACTOME","REACTOME_RETROGRADE_TRANSPORT_AT_THE_TRANS_GOLGI_NETWORK",0.537535816618911,0.708684008464895,0.0300273375549225,0.318388531092069,0.955762353175129,49,"ENSG00000105355;ENSG00000124222;ENSG00000123595;ENSG00000135775;ENSG00000103051;ENSG00000204070;ENSG00000101246;ENSG00000104915;ENSG00000213380;ENSG00000136933;ENSG00000183011;ENSG00000123570;ENSG00000136935"
"REACTOME","REACTOME_REGULATION_OF_TP53_ACTIVITY_THROUGH_ACETYLATION",0.538885288399222,0.709630678992361,0.0204390562293165,-0.384137427908679,-0.949393682337945,30,"ENSG00000105221;ENSG00000071655;ENSG00000117020;ENSG00000140464;ENSG00000170004;ENSG00000168395;ENSG00000143614;ENSG00000100425;ENSG00000276293;ENSG00000083168"
"REACTOME","REACTOME_SIGNALING_BY_KIT_IN_DISEASE",0.539259007477906,0.709630678992361,0.0211645783237657,-0.41466856209517,-0.946566363322348,20,"ENSG00000254087;ENSG00000145675;ENSG00000010810;ENSG00000115415"
"REACTOME","REACTOME_GASTRIN_CREB_SIGNALLING_PATHWAY_VIA_PKC_AND_MAPK",0.54020229727413,0.710210096602487,0.0212725338330706,-0.426145296523901,-0.943062450915223,17,"ENSG00000071242;ENSG00000154229;ENSG00000113070;ENSG00000118260;ENSG00000146648"
"REACTOME","REACTOME_DOWNREGULATION_OF_ERBB2_ERBB3_SIGNALING",0.54198204541454,0.711887114535191,0.0216326586632311,-0.455075154453035,-0.947136599670319,13,"ENSG00000157168;ENSG00000105221;ENSG00000117020"
"REACTOME","REACTOME_G_BETA_GAMMA_SIGNALLING_THROUGH_CDC42",0.54260953298026,0.712048941048445,0.0267486380487619,0.387806869948322,0.937520799611878,18,"ENSG00000168243;ENSG00000172354;ENSG00000114450;ENSG00000127928;ENSG00000186469;ENSG00000129675;ENSG00000149269"
"REACTOME","REACTOME_RNA_POLYMERASE_I_PROMOTER_ESCAPE",0.544551175886055,0.712251107853977,0.0325314949110203,0.29108422314631,0.959000559564849,85,"ENSG00000137054;ENSG00000108312;ENSG00000020426;ENSG00000145736;ENSG00000163882;ENSG00000246705;ENSG00000184260;ENSG00000273983;ENSG00000185130;ENSG00000171453;ENSG00000100142;ENSG00000272047;ENSG00000105968;ENSG00000124635;ENSG00000115750;ENSG00000186184;ENSG00000158406;ENSG00000278828;ENSG00000122565;ENSG00000274641;ENSG00000125630;ENSG00000278463;ENSG00000275713;ENSG00000188486;ENSG00000270276;ENSG00000066379;ENSG00000177700;ENSG00000273703;ENSG00000112592;ENSG00000277075;ENSG00000163161"
"REACTOME","REACTOME_CASPASE_ACTIVATION_VIA_EXTRINSIC_APOPTOTIC_SIGNALLING_PATHWAY",0.544562687063518,0.712251107853977,0.020676147112599,-0.40081756678266,-0.947927134531193,24,"ENSG00000196730;ENSG00000107731;ENSG00000064012;ENSG00000187323;ENSG00000170458;ENSG00000179222"
"REACTOME","REACTOME_CYTOCHROME_C_MEDIATED_APOPTOTIC_RESPONSE",0.544781300624855,0.712251107853977,0.0260047163745751,0.424574853522051,0.94131906991958,13,"ENSG00000164305;ENSG00000165806;ENSG00000102882;ENSG00000149089;ENSG00000120868;ENSG00000169857;ENSG00000132906"
"REACTOME","REACTOME_SYNTHESIS_OF_VERY_LONG_CHAIN_FATTY_ACYL_COAS",0.543672456575682,0.712251107853977,0.0272406562115209,0.364958674330599,0.938504823584,23,"ENSG00000143554;ENSG00000066322;ENSG00000099797;ENSG00000164181;ENSG00000068366;ENSG00000012660;ENSG00000176715"
"REACTOME","REACTOME_RESPONSE_OF_EIF2AK1_HRI_TO_HEME_DEFICIENCY",0.54694589877836,0.713759342952905,0.021356611795182,-0.437544897357712,-0.940817608717368,15,"ENSG00000106070;ENSG00000087074;ENSG00000153879"
"REACTOME","REACTOME_REGULATION_OF_GENE_EXPRESSION_IN_LATE_STAGE_BRANCHING_MORPHOGENESIS_PANCREATIC_BUD_PRECURSOR_CELLS",0.54694589877836,0.713759342952905,0.021356611795182,-0.437395110115457,-0.94049553325511,15,"ENSG00000122859;ENSG00000196782;ENSG00000114315"
"REACTOME","REACTOME_CLEC7A_DECTIN_1_SIGNALING",0.550379914106376,0.717577505741646,0.032273358157783,0.291622300930234,0.956334399603911,83,"ENSG00000163932;ENSG00000244687;ENSG00000161057;ENSG00000127922;ENSG00000104365;ENSG00000198668;ENSG00000100324;ENSG00000170315;ENSG00000006062;ENSG00000126067;ENSG00000130706;ENSG00000101182;ENSG00000173039;ENSG00000165916;ENSG00000269335;ENSG00000109320;ENSG00000142867;ENSG00000100764;ENSG00000115233;ENSG00000131508;ENSG00000165025;ENSG00000100567;ENSG00000221983;ENSG00000100902;ENSG00000143947;ENSG00000187796;ENSG00000077150;ENSG00000157625;ENSG00000103035;ENSG00000277791;ENSG00000129084;ENSG00000175166"
"REACTOME","REACTOME_BETA_CATENIN_PHOSPHORYLATION_CASCADE",0.551688667923881,0.718620294380554,0.0209466854031091,-0.422483610256506,-0.934959114203588,17,"ENSG00000105568;ENSG00000104695;ENSG00000137713;ENSG00000113712;ENSG00000134982;ENSG00000082701;ENSG00000078304;ENSG00000168036"
"REACTOME","REACTOME_REGULATION_OF_MECP2_EXPRESSION_AND_ACTIVITY",0.553184610410605,0.719904764884584,0.0200048523645377,-0.37810442251814,-0.939708789494689,31,"ENSG00000078687;ENSG00000145349;ENSG00000152495;ENSG00000118260;ENSG00000090905;ENSG00000126070;ENSG00000134698;ENSG00000196498;ENSG00000169375;ENSG00000092847;ENSG00000177565;ENSG00000100354;ENSG00000169057"
"REACTOME","REACTOME_SIGNALLING_TO_ERKS",0.553833865814697,0.72008602074618,0.0198064956296607,-0.371692324306996,-0.942772676595014,34,"ENSG00000129946;ENSG00000188130;ENSG00000143622;ENSG00000148082;ENSG00000185386;ENSG00000166225;ENSG00000134313;ENSG00000169032;ENSG00000160271"
"REACTOME","REACTOME_DENGUE_VIRUS_INFECTION",0.554716981132075,0.720570724340838,0.0512405630810422,0.249093747623643,0.978225369765953,391,"ENSG00000044574;ENSG00000070756;ENSG00000179218;ENSG00000127022;ENSG00000160917;ENSG00000169710;ENSG00000108883;ENSG00000090520;ENSG00000149428;ENSG00000125844;ENSG00000137168;ENSG00000005075;ENSG00000179085;ENSG00000118705;ENSG00000183684;ENSG00000085872;ENSG00000244731;ENSG00000163347;ENSG00000163902;ENSG00000138669;ENSG00000106245;ENSG00000169813;ENSG00000149380;ENSG00000108424;ENSG00000100410;ENSG00000121060;ENSG00000168002;ENSG00000224389;ENSG00000168028;ENSG00000115307;ENSG00000136908;ENSG00000165280;ENSG00000135486;ENSG00000205937;ENSG00000119673;ENSG00000161960;ENSG00000119203;ENSG00000065978;ENSG00000163882;ENSG00000169976;ENSG00000104897;ENSG00000169564;ENSG00000114867;ENSG00000114902;ENSG00000060688;ENSG00000080824;ENSG00000115267;ENSG00000189091;ENSG00000089280;ENSG00000101811;ENSG00000072682;ENSG00000170315;ENSG00000244038;ENSG00000213420;ENSG00000087087;ENSG00000164430;ENSG00000172409;ENSG00000125835;ENSG00000185624;ENSG00000184260;ENSG00000170248;ENSG00000088888;ENSG00000070808;ENSG00000141759;ENSG00000143977;ENSG00000167004;ENSG00000110107;ENSG00000119487;ENSG00000204388;ENSG00000087365;ENSG00000273983;ENSG00000134825;ENSG00000096384;ENSG00000185130;ENSG00000100142;ENSG00000118137;ENSG00000179950;ENSG00000100603;ENSG00000174243;ENSG00000228474;ENSG00000128463;ENSG00000115216;ENSG00000185250;ENSG00000141543;ENSG00000139343;ENSG00000182481;ENSG00000140829;ENSG00000221983;ENSG00000124635;ENSG00000130985;ENSG00000100028;ENSG00000197111;ENSG00000145741;ENSG00000099783;ENSG00000109072;ENSG00000143947;ENSG00000116350;ENSG00000158406;ENSG00000114650;ENSG00000109519;ENSG00000169217;ENSG00000103275;ENSG00000198793;ENSG00000161547;ENSG00000182004;ENSG00000278828;ENSG00000084072;ENSG00000100242;ENSG00000133318;ENSG00000186654;ENSG00000143368;ENSG00000125651;ENSG00000196787;ENSG00000161203;ENSG00000204560"
"REACTOME","REACTOME_ABORTIVE_ELONGATION_OF_HIV_1_TRANSCRIPT_IN_THE_ABSENCE_OF_TAT",0.558064516129032,0.72425284629981,0.0267870022009905,0.361252600244911,0.928974516043408,23,"ENSG00000101158;ENSG00000005075;ENSG00000168002;ENSG00000163882;ENSG00000204356;ENSG00000100142;ENSG00000188986;ENSG00000060069;ENSG00000125651;ENSG00000185049;ENSG00000144231;ENSG00000177700;ENSG00000114503;ENSG00000181222;ENSG00000136937"
"REACTOME","REACTOME_APOPTOTIC_EXECUTION_PHASE",0.560085836909871,0.724877361793527,0.0190148705497336,-0.346731204884657,-0.940998431437542,50,"ENSG00000134602;ENSG00000065675;ENSG00000064012;ENSG00000104067;ENSG00000186868;ENSG00000067900;ENSG00000197822;ENSG00000046604;ENSG00000169398;ENSG00000134982;ENSG00000100813;ENSG00000182568"
"REACTOME","REACTOME_SYNTHESIS_OF_PIPS_AT_THE_PLASMA_MEMBRANE",0.559957173447537,0.724877361793527,0.018986202263661,-0.344227043573903,-0.939835779467681,52,"ENSG00000116095;ENSG00000145675;ENSG00000122126;ENSG00000040933;ENSG00000100330;ENSG00000104643;ENSG00000169499;ENSG00000276293;ENSG00000171862;ENSG00000141506;ENSG00000144566;ENSG00000052126;ENSG00000106086;ENSG00000143398;ENSG00000078269"
"REACTOME","REACTOME_RHOBTB3_ATPASE_CYCLE",0.559739968616902,0.724877361793527,0.0250117630398711,0.448746838824753,0.929946332069553,10,"ENSG00000105355;ENSG00000123595;ENSG00000123570;ENSG00000185359;ENSG00000105173"
"REACTOME","REACTOME_SIGNALING_BY_NOTCH3",0.560881627620222,0.725242544138968,0.0190765274838085,-0.350366526118352,-0.94139743078236,47,"ENSG00000196782;ENSG00000114315;ENSG00000101384;ENSG00000138613;ENSG00000143801;ENSG00000163909;ENSG00000205155;ENSG00000074181;ENSG00000115415;ENSG00000197921;ENSG00000146648;ENSG00000137845;ENSG00000197530;ENSG00000185630;ENSG00000113645;ENSG00000164683;ENSG00000101752;ENSG00000005339;ENSG00000168214"
"REACTOME","REACTOME_NOD1_2_SIGNALING_PATHWAY",0.562165058949625,0.726237020344804,0.0280032658187803,0.333575644189208,0.937976337190478,35,"ENSG00000184216;ENSG00000156711;ENSG00000244687;ENSG00000104365;ENSG00000106144;ENSG00000100324;ENSG00000106100;ENSG00000170315;ENSG00000108984;ENSG00000196954;ENSG00000269335;ENSG00000112062;ENSG00000221983;ENSG00000132906;ENSG00000143947;ENSG00000187796;ENSG00000157625"
"REACTOME","REACTOME_GOLGI_TO_ER_RETROGRADE_TRANSPORT",0.566156262269336,0.730271542610102,0.0351534425481948,0.273536299070071,0.958751525441976,133,"ENSG00000158623;ENSG00000196169;ENSG00000164627;ENSG00000135249;ENSG00000137100;ENSG00000188229;ENSG00000129250;ENSG00000136240;ENSG00000086827;ENSG00000138107;ENSG00000113734;ENSG00000101162;ENSG00000138778;ENSG00000167702;ENSG00000198898;ENSG00000136883;ENSG00000176014;ENSG00000167553;ENSG00000112984;ENSG00000144635;ENSG00000131966;ENSG00000186185;ENSG00000184381;ENSG00000079616;ENSG00000123416;ENSG00000111481;ENSG00000134287;ENSG00000175203;ENSG00000142945;ENSG00000116489;ENSG00000242247;ENSG00000237649;ENSG00000184840;ENSG00000138160;ENSG00000148248;ENSG00000258947;ENSG00000138182;ENSG00000197892;ENSG00000088986"
"REACTOME","REACTOME_CARGO_CONCENTRATION_IN_THE_ER",0.566322478157268,0.730271542610102,0.0276614899638825,0.335421173272564,0.934463170682755,33,"ENSG00000114270;ENSG00000138073;ENSG00000174871;ENSG00000169223;ENSG00000185010;ENSG00000197249;ENSG00000198734"
"REACTOME","REACTOME_TOLL_LIKE_RECEPTOR_TLR1_TLR2_CASCADE",0.567515218594355,0.731141869210976,0.0173014108910013,-0.312194091216797,-0.95136650610273,109,"ENSG00000120875;ENSG00000139318;ENSG00000071242;ENSG00000105568;ENSG00000170345;ENSG00000068305;ENSG00000065559;ENSG00000064012;ENSG00000197885;ENSG00000184979;ENSG00000142192;ENSG00000115966;ENSG00000104695;ENSG00000055208;ENSG00000104312;ENSG00000090376;ENSG00000185386;ENSG00000118260;ENSG00000166167;ENSG00000095015;ENSG00000135341;ENSG00000170458;ENSG00000137713"
"REACTOME","REACTOME_HIV_TRANSCRIPTION_ELONGATION",0.568263638881196,0.731438703828851,0.0283977652218164,0.319711867109451,0.934026314559422,42,"ENSG00000101158;ENSG00000005075;ENSG00000149136;ENSG00000168002;ENSG00000020426;ENSG00000145736;ENSG00000163882;ENSG00000204356;ENSG00000100142;ENSG00000188986;ENSG00000272047;ENSG00000060069;ENSG00000125651;ENSG00000185049;ENSG00000144231;ENSG00000092201;ENSG00000177700;ENSG00000163161;ENSG00000114503;ENSG00000181222;ENSG00000103363;ENSG00000136937"
"REACTOME","REACTOME_ONCOGENE_INDUCED_SENESCENCE",0.570602409638554,0.731780746966066,0.0194403445879685,-0.369803066352389,-0.931818655207181,33,"ENSG00000105722;ENSG00000125968;ENSG00000078687;ENSG00000090905;ENSG00000198625;ENSG00000126070;ENSG00000114126;ENSG00000134698;ENSG00000105810;ENSG00000112242;ENSG00000147883;ENSG00000092847;ENSG00000100354"
"REACTOME","REACTOME_TICAM1_TRAF6_DEPENDENT_INDUCTION_OF_TAK1_COMPLEX",0.569113012156686,0.731780746966066,0.0248065053712848,0.434320827169168,0.923242491543315,11,"ENSG00000100324;ENSG00000127666;ENSG00000170315;ENSG00000221983;ENSG00000143947;ENSG00000157625"
"REACTOME","REACTOME_SPECIFICATION_OF_THE_NEURAL_PLATE_BORDER",0.570331588132635,0.731780746966066,0.0207090505660619,-0.429233867969216,-0.92294707053378,15,"ENSG00000163132;ENSG00000181449;ENSG00000008196;ENSG00000168036"
"REACTOME","REACTOME_RAP1_SIGNALLING",0.569756554307116,0.731780746966066,0.0254395760529163,0.399601665952988,0.9198281077605,15,"ENSG00000213445;ENSG00000072062;ENSG00000164924;ENSG00000091428"
"REACTOME","REACTOME_REPRESSION_OF_WNT_TARGET_GENES",0.572503061046003,0.733552016512665,0.0206855390713868,-0.43621916035812,-0.922647843150708,14,"ENSG00000065717;ENSG00000136997;ENSG00000196781;ENSG00000168646;ENSG00000175029"
"REACTOME","REACTOME_CELL_EXTRACELLULAR_MATRIX_INTERACTIONS",0.575410396716826,0.736608776214106,0.0202608005772633,-0.408844803145236,-0.914558142649704,18,"ENSG00000125753;ENSG00000162458;ENSG00000073712;ENSG00000150093"
"REACTOME","REACTOME_HIV_ELONGATION_ARREST_AND_RECOVERY",0.577701814357087,0.738821808229717,0.027192973763518,0.333606749901795,0.924502135488436,32,"ENSG00000101158;ENSG00000005075;ENSG00000149136;ENSG00000168002;ENSG00000163882;ENSG00000204356;ENSG00000100142;ENSG00000188986;ENSG00000090061;ENSG00000060069;ENSG00000125651;ENSG00000185049;ENSG00000144231;ENSG00000092201;ENSG00000177700;ENSG00000181222;ENSG00000103363"
"REACTOME","REACTOME_RHOBTB1_GTPASE_CYCLE",0.578198258539853,0.738821808229717,0.0198678636750007,-0.394173338101887,-0.92396901086936,23,"ENSG00000036257;ENSG00000196586;ENSG00000113758;ENSG00000067900;ENSG00000065526;ENSG00000133226;ENSG00000166200;ENSG00000149532;ENSG00000122257"
"REACTOME","REACTOME_DEFECTS_OF_CONTACT_ACTIVATION_SYSTEM_CAS_AND_KALLIKREIN_KININ_SYSTEM_KKS",0.578947368421053,0.738821808229717,0.020610604530351,-0.443205290174884,-0.922432146392776,13,"ENSG00000169902;ENSG00000203618;ENSG00000115486;ENSG00000180210;ENSG00000178732"
"REACTOME","REACTOME_RRNA_MODIFICATION_IN_THE_MITOCHONDRION",0.579232111692845,0.738821808229717,0.0204713274045703,-0.42623010469672,-0.916488319908991,15,"ENSG00000182768;ENSG00000210082;ENSG00000122085;ENSG00000118246"
"REACTOME","REACTOME_REGULATION_OF_PTEN_GENE_TRANSCRIPTION",0.58055805580558,0.739773968674229,0.0294583499947959,0.300564705111455,0.939423872823353,61,"ENSG00000102054;ENSG00000106462;ENSG00000085276;ENSG00000106615;ENSG00000177606;ENSG00000102882;ENSG00000183741;ENSG00000074266;ENSG00000177058;ENSG00000188186;ENSG00000116478;ENSG00000116586;ENSG00000149480;ENSG00000155876"
"REACTOME","REACTOME_METAL_ION_SLC_TRANSPORTERS",0.581026438569207,0.739773968674229,0.0186831390984821,-0.348434154828921,-0.926554579498369,44,"ENSG00000118160;ENSG00000164756;ENSG00000133065;ENSG00000138449;ENSG00000065923;ENSG00000141424"
"REACTOME","REACTOME_MATURATION_OF_SARS_COV_2_NUCLEOPROTEIN",0.581675392670157,0.739933022027263,0.0204068699148483,-0.425535493092901,-0.91499475243274,15,"ENSG00000126457;ENSG00000105723;ENSG00000116030;ENSG00000151883;ENSG00000137817;ENSG00000113712;ENSG00000135250;ENSG00000082701"
"REACTOME","REACTOME_DISASSEMBLY_OF_THE_DESTRUCTION_COMPLEX_AND_RECRUITMENT_OF_AXIN_TO_THE_MEMBRANE",0.583603370058328,0.741717334403563,0.0192299442565258,-0.373031269477028,-0.921944868751991,30,"ENSG00000133275;ENSG00000105568;ENSG00000104695;ENSG00000070018;ENSG00000137713;ENSG00000113712;ENSG00000134982;ENSG00000082701;ENSG00000163251;ENSG00000078304;ENSG00000168036"
"REACTOME","REACTOME_RECYCLING_OF_BILE_ACIDS_AND_SALTS",0.584792516190933,0.741893111286251,0.0254119747951087,0.383957894701417,0.913323238680996,17,"ENSG00000083807"
"REACTOME","REACTOME_FORMATION_OF_THE_NON_CANONICAL_BAF_NCBAF_COMPLEX",0.584433396194068,0.741893111286251,0.0200627577742511,-0.41147680670574,-0.910600982791605,17,"ENSG00000110987;ENSG00000082014;ENSG00000063169"
"REACTOME","REACTOME_TRANSCRIPTIONAL_REGULATION_BY_RUNX3",0.585462993693993,0.741975277539846,0.0311788775098507,0.285390307762665,0.941859646664288,86,"ENSG00000013619;ENSG00000166949;ENSG00000081059;ENSG00000197905;ENSG00000198742;ENSG00000161057;ENSG00000127922;ENSG00000184384;ENSG00000161021;ENSG00000170315;ENSG00000126067;ENSG00000130706;ENSG00000101182;ENSG00000108773;ENSG00000165916;ENSG00000204256;ENSG00000147889;ENSG00000135679;ENSG00000100603;ENSG00000100764;ENSG00000115233;ENSG00000007866;ENSG00000100567;ENSG00000221983;ENSG00000100902;ENSG00000143947;ENSG00000067955;ENSG00000103035;ENSG00000277791;ENSG00000129084;ENSG00000175166"
"REACTOME","REACTOME_MRNA_DECAY_BY_5_TO_3_EXORIBONUCLEASE",0.585908239700375,0.741975277539846,0.0249717715401965,0.394910901825548,0.909030613508307,15,"ENSG00000130520;ENSG00000204392;ENSG00000164167;ENSG00000166889;ENSG00000170860;ENSG00000038358"
"REACTOME","REACTOME_CREATION_OF_C4_AND_C2_ACTIVATORS",0.586482171367749,0.742036582411525,0.0205314862893796,-0.44858401369432,-0.91795081529825,12,"ENSG00000009724;ENSG00000182326;ENSG00000118004"
"REACTOME","REACTOME_COPII_MEDIATED_VESICLE_TRANSPORT",0.589346546918551,0.744418872652476,0.0297639268989764,0.294719386122829,0.937989470781146,69,"ENSG00000114270;ENSG00000196459;ENSG00000093183;ENSG00000138073;ENSG00000174871;ENSG00000169223;ENSG00000185010;ENSG00000054116;ENSG00000170043;ENSG00000167632;ENSG00000197249;ENSG00000198734;ENSG00000121542;ENSG00000206560;ENSG00000136874;ENSG00000105829"
"REACTOME","REACTOME_STING_MEDIATED_INDUCTION_OF_HOST_IMMUNE_RESPONSES",0.589419475655431,0.744418872652476,0.024872349467539,0.393755887746821,0.906371929861585,15,"ENSG00000213689;ENSG00000196419;ENSG00000183258;ENSG00000164430;ENSG00000132109"
"REACTOME","REACTOME_INOSITOL_PHOSPHATE_METABOLISM",0.592324290998767,0.747289670032804,0.0182631877665879,-0.343997009730478,-0.924283220617071,47,"ENSG00000122126;ENSG00000040933;ENSG00000104643;ENSG00000124181;ENSG00000173598;ENSG00000101333;ENSG00000151689;ENSG00000161714;ENSG00000196368;ENSG00000115556;ENSG00000171862;ENSG00000133731;ENSG00000122824;ENSG00000143772;ENSG00000086544;ENSG00000182621;ENSG00000107789;ENSG00000159082"
"REACTOME","REACTOME_ALPHA_PROTEIN_KINASE_1_SIGNALING_PATHWAY",0.592751013057181,0.747289670032804,0.024135388674134,0.425728554751804,0.904977765335431,11,"ENSG00000145365;ENSG00000100324;ENSG00000170315;ENSG00000221983;ENSG00000143947;ENSG00000157625"
"REACTOME","REACTOME_FCERI_MEDIATED_NF_KB_ACTIVATION",0.59596108490566,0.749549157820241,0.0175141439659283,-0.323812183234756,-0.925038012894203,68,"ENSG00000254087;ENSG00000099341;ENSG00000065675;ENSG00000013275;ENSG00000172575;ENSG00000072401;ENSG00000055208;ENSG00000172175;ENSG00000166167;ENSG00000135341;ENSG00000041357;ENSG00000173692;ENSG00000099804"
"REACTOME","REACTOME_FGFR2_MUTANT_RECEPTOR_ACTIVATION",0.597117589256469,0.749549157820241,0.0190477159490059,-0.374812198006293,-0.912571788985414,28,"ENSG00000156427;ENSG00000105258;ENSG00000099817;ENSG00000138685;ENSG00000158815;ENSG00000102978;ENSG00000066468;ENSG00000070193"
"REACTOME","REACTOME_SIGNAL_AMPLIFICATION",0.596028645833333,0.749549157820241,0.0189821122166282,-0.37192335737732,-0.911779935852322,29,"ENSG00000176533;ENSG00000116711;ENSG00000172380;ENSG00000156052;ENSG00000127837;ENSG00000156049;ENSG00000006638;ENSG00000111664;ENSG00000078369;ENSG00000127955;ENSG00000120063;ENSG00000242616"
"REACTOME","REACTOME_ROLE_OF_PHOSPHOLIPIDS_IN_PHAGOCYTOSIS",0.597197452229299,0.749549157820241,0.0260771738436169,0.343131288412534,0.90789146236487,26,"ENSG00000105647;ENSG00000163932;ENSG00000075651;ENSG00000171132;ENSG00000184381;ENSG00000165025;ENSG00000051382"
"REACTOME","REACTOME_APOPTOTIC_CLEAVAGE_OF_CELL_ADHESION_PROTEINS",0.596282259519942,0.749549157820241,0.0205407678082685,-0.460970131659767,-0.904348912510478,10,"ENSG00000104067;ENSG00000197822;ENSG00000046604"
"REACTOME","REACTOME_TOLL_LIKE_RECEPTOR_9_TLR9_CASCADE",0.598440545808967,0.750337058537888,0.0166190970280354,-0.308400955682318,-0.935731949682471,105,"ENSG00000120875;ENSG00000139318;ENSG00000071242;ENSG00000105568;ENSG00000170345;ENSG00000068305;ENSG00000065559;ENSG00000064012;ENSG00000197885;ENSG00000184979;ENSG00000078142;ENSG00000142192;ENSG00000115966;ENSG00000104695;ENSG00000055208;ENSG00000104312;ENSG00000185386;ENSG00000118260;ENSG00000166167;ENSG00000095015;ENSG00000135341;ENSG00000170458;ENSG00000137713;ENSG00000169032;ENSG00000139946;ENSG00000134070;ENSG00000140853;ENSG00000139370"
"REACTOME","REACTOME_FORMATION_OF_THE_EARLY_ELONGATION_COMPLEX",0.598888006354249,0.750337058537888,0.0266874946086505,0.329534139141636,0.918062248444511,33,"ENSG00000101158;ENSG00000005075;ENSG00000168002;ENSG00000020426;ENSG00000145736;ENSG00000163882;ENSG00000204356;ENSG00000100142;ENSG00000188986;ENSG00000272047;ENSG00000060069;ENSG00000125651;ENSG00000185049;ENSG00000144231;ENSG00000177700;ENSG00000163161;ENSG00000114503;ENSG00000181222;ENSG00000136937"
"REACTOME","REACTOME_MITF_M_REGULATED_MELANOCYTE_DEVELOPMENT",0.599894011658718,0.750792355030829,0.0158616066251074,-0.298419224786419,-0.944663452229673,154,"ENSG00000130508;ENSG00000110987;ENSG00000105221;ENSG00000125968;ENSG00000078687;ENSG00000121068;ENSG00000082014;ENSG00000011332;ENSG00000116030;ENSG00000117020;ENSG00000147416;ENSG00000184486;ENSG00000181449;ENSG00000148516;ENSG00000096717;ENSG00000118260;ENSG00000090905;ENSG00000163527;ENSG00000126070;ENSG00000107165;ENSG00000170011;ENSG00000104763;ENSG00000134698;ENSG00000073584;ENSG00000205683;ENSG00000164176;ENSG00000141380;ENSG00000169375;ENSG00000049618;ENSG00000105486;ENSG00000092847;ENSG00000156150;ENSG00000133884;ENSG00000182220;ENSG00000113732;ENSG00000100354;ENSG00000005339;ENSG00000197535;ENSG00000082701;ENSG00000100554;ENSG00000184402"
"REACTOME","REACTOME_PHASE_2_PLATEAU_PHASE",0.600314850446038,0.750792355030829,0.019960495082402,-0.42603428786737,-0.90110580307012,14,"ENSG00000165995;ENSG00000105605;ENSG00000151067;ENSG00000053918;ENSG00000007402;ENSG00000159197;ENSG00000152049"
"REACTOME","REACTOME_ADP_SIGNALLING_THROUGH_P2Y_PURINOCEPTOR_12",0.602551757342321,0.752923080856068,0.0249717715401965,0.372025073227795,0.899368399983907,18,"ENSG00000168243;ENSG00000172354;ENSG00000114450;ENSG00000127928;ENSG00000114353;ENSG00000186469"
"REACTOME","REACTOME_DISEASES_OF_GLYCOSYLATION",0.6034112275047,0.753330374214533,0.0159741075196365,-0.299892922520278,-0.937875901934565,137,"ENSG00000112902;ENSG00000262655;ENSG00000076716;ENSG00000005108;ENSG00000131873;ENSG00000173157;ENSG00000183098;ENSG00000134250;ENSG00000197558;ENSG00000142798;ENSG00000187720;ENSG00000147257;ENSG00000136378;ENSG00000140873;ENSG00000115884;ENSG00000204386;ENSG00000156218;ENSG00000074181;ENSG00000063660;ENSG00000038427;ENSG00000162512;ENSG00000122863;ENSG00000182492;ENSG00000163638;ENSG00000169439;ENSG00000136114;ENSG00000154736;ENSG00000176945;ENSG00000188157;ENSG00000137801;ENSG00000122176;ENSG00000106392;ENSG00000179399;ENSG00000156140;ENSG00000145808;ENSG00000119523;ENSG00000117983;ENSG00000186340;ENSG00000253710;ENSG00000198682;ENSG00000187676;ENSG00000087116;ENSG00000140470;ENSG00000101901;ENSG00000126759"
"REACTOME","REACTOME_DEVELOPMENTAL_LINEAGE_OF_MAMMARY_STEM_CELLS",0.604721129368202,0.754298793876238,0.0242604567010187,0.406213859400602,0.900611162313121,13,"ENSG00000026508;ENSG00000141736;ENSG00000119888;ENSG00000137203;ENSG00000091409"
"REACTOME","REACTOME_RECEPTOR_MEDIATED_MITOPHAGY",0.605755395683453,0.754921993561373,0.0202471954870176,-0.449252603012296,-0.899384963155676,11,"ENSG00000140941;ENSG00000177169;ENSG00000069509"
"REACTOME","REACTOME_TCR_SIGNALING",0.607368865138518,0.756216042504832,0.0165480884299814,-0.308563022297359,-0.926359154238931,96,"ENSG00000125753;ENSG00000099341;ENSG00000145675;ENSG00000065675;ENSG00000013275;ENSG00000072401;ENSG00000124181;ENSG00000055208;ENSG00000172175;ENSG00000104312;ENSG00000154380;ENSG00000166167;ENSG00000135341;ENSG00000041357;ENSG00000173692;ENSG00000149177;ENSG00000171862;ENSG00000099804"
"REACTOME","REACTOME_REGULATION_OF_TP53_EXPRESSION_AND_DEGRADATION",0.608400442128533,0.756216042504832,0.0182246537416403,-0.352716121547766,-0.908837695957489,37,"ENSG00000105221;ENSG00000118515;ENSG00000105568;ENSG00000117020;ENSG00000104695;ENSG00000170633;ENSG00000198625;ENSG00000149311;ENSG00000137713;ENSG00000164327;ENSG00000187555"
"REACTOME","REACTOME_GLYCOSPHINGOLIPID_BIOSYNTHESIS",0.607943845231981,0.756216042504832,0.0194445894772431,-0.396425355607376,-0.895431305656027,19,"ENSG00000115525;ENSG00000100422;ENSG00000174951;ENSG00000169255"
"REACTOME","REACTOME_GERM_LAYER_FORMATION_AT_GASTRULATION",0.609101516919487,0.756421584776003,0.0242793261356251,0.396859404074887,0.896091262892724,14,"ENSG00000166949;ENSG00000081059"
"REACTOME","REACTOME_ANTIMICROBIAL_PEPTIDES",0.611520428667113,0.7587582120193,0.019023073717829,-0.383750274020687,-0.899536642470957,23,"ENSG00000100604;ENSG00000010438;ENSG00000165240;ENSG00000137462"
"REACTOME","REACTOME_TRANSCRIPTIONAL_REGULATION_BY_VENTX",0.613015321434213,0.759551083591331,0.0181173864135619,-0.348831608328376,-0.905704080187639,39,"ENSG00000078687;ENSG00000170142;ENSG00000072401;ENSG00000108106;ENSG00000090905;ENSG00000126070;ENSG00000134698;ENSG00000092847;ENSG00000100354;ENSG00000196510;ENSG00000168036;ENSG00000130177"
"REACTOME","REACTOME_G_BETA_GAMMA_SIGNALLING_THROUGH_PI3KGAMMA",0.613235294117647,0.759551083591331,0.0249784279069157,0.350867327329795,0.893947815691422,22,"ENSG00000168243;ENSG00000172354;ENSG00000142208;ENSG00000114450;ENSG00000067560;ENSG00000127928"
"REACTOME","REACTOME_ACTIVATED_NOTCH1_TRANSMITS_SIGNAL_TO_THE_NUCLEUS",0.615041928721174,0.76112112476275,0.0260553929502849,0.328895979211162,0.90563352907489,31,"ENSG00000185559;ENSG00000107954;ENSG00000214357;ENSG00000198719;ENSG00000170315;ENSG00000133961;ENSG00000141480;ENSG00000137486;ENSG00000117362;ENSG00000135144;ENSG00000221983;ENSG00000143947;ENSG00000128917"
"REACTOME","REACTOME_CLATHRIN_MEDIATED_ENDOCYTOSIS",0.615632122268401,0.761184375344117,0.0156583096372466,-0.297669948072835,-0.934335129209488,142,"ENSG00000174804;ENSG00000198612;ENSG00000187239;ENSG00000114251;ENSG00000100077;ENSG00000070371;ENSG00000118473;ENSG00000173744;ENSG00000122126;ENSG00000116675;ENSG00000107295;ENSG00000178996;ENSG00000078053;ENSG00000144524;ENSG00000205726;ENSG00000063245;ENSG00000127946;ENSG00000243244;ENSG00000113070;ENSG00000163466;ENSG00000146648;ENSG00000072134;ENSG00000136738;ENSG00000143858;ENSG00000220205;ENSG00000042753;ENSG00000183020;ENSG00000141367;ENSG00000196961;ENSG00000169252;ENSG00000144566;ENSG00000101199;ENSG00000001626;ENSG00000081479;ENSG00000127527;ENSG00000137942"
"REACTOME","REACTOME_NUCLEAR_RNA_DECAY",0.618819776714514,0.764456277096144,0.018121201587645,-0.353444569297238,-0.900789376998076,35,"ENSG00000076053;ENSG00000130749;ENSG00000033030;ENSG00000139746;ENSG00000115421;ENSG00000133858;ENSG00000083896;ENSG00000164091;ENSG00000083520"
"REACTOME","REACTOME_DEVELOPMENTAL_LINEAGE_OF_MAMMARY_GLAND_LUMINAL_EPITHELIAL_CELLS",0.619921683798336,0.765148092240603,0.0247737132123756,0.352904715685242,0.889870422819176,21,"ENSG00000170421;ENSG00000171345;ENSG00000111057;ENSG00000026508;ENSG00000141736"
"REACTOME","REACTOME_HYALURONAN_DEGRADATION",0.620536756126021,0.765238340305626,0.023974664378916,0.39312691893264,0.887663473881044,14,"ENSG00000072571;ENSG00000026508;ENSG00000068001;ENSG00000114378;ENSG00000186792;ENSG00000049860;ENSG00000136011"
"REACTOME","REACTOME_FGFR3_LIGAND_BINDING_AND_ACTIVATION",0.622057834566241,0.766444731594705,0.0232820004194105,0.423850402911412,0.878352989774705,10,"ENSG00000138675;ENSG00000068078;ENSG00000115339"
"REACTOME","REACTOME_REGULATION_OF_PYRUVATE_DEHYDROGENASE_PDH_COMPLEX",0.623337222870478,0.767351489706291,0.0239011817645795,0.392278047859847,0.885746759941947,14,"ENSG00000100577;ENSG00000131828;ENSG00000005882;ENSG00000091140"
"REACTOME","REACTOME_REGULATION_OF_SIGNALING_BY_CBL",0.62525354969574,0.769040080287792,0.0188317234491806,-0.384445124169656,-0.885166833748454,21,"ENSG00000254087;ENSG00000145675;ENSG00000010810"
"REACTOME","REACTOME_SYNTHESIS_OF_ACTIVE_UBIQUITIN_ROLES_OF_E1_AND_E2_ENZYMES",0.627187297472456,0.770345782959125,0.0181555906135917,-0.361868738601621,-0.8943567309605,30,"ENSG00000140367;ENSG00000170142;ENSG00000072401;ENSG00000124486;ENSG00000108106;ENSG00000104343;ENSG00000187555;ENSG00000099804;ENSG00000033178"
"REACTOME","REACTOME_MRNA_CAPPING",0.628092447916667,0.770345782959125,0.0182015902648862,-0.364365592126561,-0.893251874683707,29,"ENSG00000196235;ENSG00000104884;ENSG00000105258;ENSG00000099817;ENSG00000102978;ENSG00000111880;ENSG00000101654"
"REACTOME","REACTOME_IRF3_MEDIATED_INDUCTION_OF_TYPE_I_IFN",0.628407789232531,0.770345782959125,0.0234692300716256,0.40723601525631,0.884776068846067,12,"ENSG00000213689;ENSG00000196419;ENSG00000183258"
"REACTOME","REACTOME_SIGNALING_BY_ERBB2_ECD_MUTANTS",0.628497409326425,0.770345782959125,0.0190765274838085,-0.402244853212655,-0.879489808494157,16,"ENSG00000145675;ENSG00000124181;ENSG00000146648;ENSG00000109458"
"REACTOME","REACTOME_PI_METABOLISM",0.629271809661139,0.770626014953624,0.0163972193951681,-0.311486628627456,-0.91526275543013,82,"ENSG00000116095;ENSG00000145675;ENSG00000115020;ENSG00000122126;ENSG00000040933;ENSG00000130653;ENSG00000100330;ENSG00000078142;ENSG00000104643;ENSG00000169499;ENSG00000158555;ENSG00000276293;ENSG00000171862;ENSG00000141506;ENSG00000144566;ENSG00000052126;ENSG00000211456;ENSG00000106086;ENSG00000143398;ENSG00000078269;ENSG00000112367"
"REACTOME","REACTOME_SYNTHESIS_OF_PIPS_AT_THE_EARLY_ENDOSOME_MEMBRANE",0.630569948186528,0.771546591715232,0.0190271773448925,-0.401638246643354,-0.878163491224451,16,"ENSG00000115020;ENSG00000040933;ENSG00000078142"
"REACTOME","REACTOME_DEVELOPMENTAL_CELL_LINEAGES_OF_THE_INTEGUMENTARY_SYSTEM",0.632597520411249,0.772020482991083,0.0170115280443929,-0.323689265333264,-0.902629390978704,59,"ENSG00000161249;ENSG00000082175;ENSG00000140545;ENSG00000118777;ENSG00000165272;ENSG00000150093;ENSG00000146648;ENSG00000010438"
"REACTOME","REACTOME_RHO_GTPASES_ACTIVATE_PAKS",0.631913852178169,0.772020482991083,0.0244568375654331,0.351048629559762,0.885190190246872,21,"ENSG00000065534;ENSG00000198668;ENSG00000100345"
"REACTOME","REACTOME_RHO_GTPASES_ACTIVATE_NADPH_OXIDASES",0.63234579893152,0.772020482991083,0.0243171512838986,0.353675621743113,0.881019257852888,20,"ENSG00000163932;ENSG00000102882;ENSG00000067606;ENSG00000112062;ENSG00000127445;ENSG00000196455;ENSG00000051523;ENSG00000196408"
"REACTOME","REACTOME_DISEASES_OF_BRANCHED_CHAIN_AMINO_ACID_CATABOLISM",0.633881046054154,0.772918857537535,0.023492834989153,0.395614831346425,0.877112202948843,13,"ENSG00000103507;ENSG00000091140;ENSG00000078070;ENSG00000075239"
"REACTOME","REACTOME_FRS_MEDIATED_FGFR1_SIGNALING",0.634462869502523,0.772960803915067,0.024091911219722,0.358072371525203,0.880858368289995,19,"ENSG00000133116;ENSG00000138675"
"REACTOME","REACTOME_FORMATION_OF_RNA_POL_II_ELONGATION_COMPLEX",0.637257869249395,0.775028519707274,0.016917497705454,-0.322760886313932,-0.896857351630723,57,"ENSG00000196235;ENSG00000006712;ENSG00000104884;ENSG00000140395;ENSG00000109111;ENSG00000105258;ENSG00000099817;ENSG00000145088;ENSG00000102978;ENSG00000134371;ENSG00000082258;ENSG00000072364;ENSG00000129315;ENSG00000011007;ENSG00000144597"
"REACTOME","REACTOME_FLT3_SIGNALING_IN_DISEASE",0.63697219361483,0.775028519707274,0.025166259973747,0.334106716489513,0.889553723617258,27,"ENSG00000196535;ENSG00000173757;ENSG00000126561;ENSG00000170315;ENSG00000139083;ENSG00000221983;ENSG00000033327;ENSG00000143947;ENSG00000174775;ENSG00000137193;ENSG00000171552;ENSG00000177885"
"REACTOME","REACTOME_MRNA_POLYADENYLATION",0.638783269961977,0.776112475940287,0.0153097497817047,-0.297197216229914,-0.922674918384526,127,"ENSG00000154548;ENSG00000104852;ENSG00000125755;ENSG00000063244;ENSG00000115524;ENSG00000170144;ENSG00000131876;ENSG00000128739;ENSG00000161265;ENSG00000102241;ENSG00000105258;ENSG00000099817;ENSG00000125743;ENSG00000003756;ENSG00000102978;ENSG00000124193;ENSG00000131051;ENSG00000011304;ENSG00000115421;ENSG00000108654;ENSG00000125944;ENSG00000111605;ENSG00000213639;ENSG00000116754;ENSG00000163714;ENSG00000145216;ENSG00000117751;ENSG00000165494;ENSG00000145833"
"REACTOME","REACTOME_B_WICH_COMPLEX_POSITIVELY_REGULATES_RRNA_EXPRESSION",0.639615766810202,0.776112475940287,0.02949616406587,0.279890416154112,0.92212165540046,85,"ENSG00000137054;ENSG00000197879;ENSG00000075624;ENSG00000163882;ENSG00000246705;ENSG00000184260;ENSG00000108773;ENSG00000273983;ENSG00000185130;ENSG00000171453;ENSG00000100142;ENSG00000105968;ENSG00000124635;ENSG00000115750;ENSG00000124795;ENSG00000186184;ENSG00000158406;ENSG00000278828;ENSG00000274641;ENSG00000132382;ENSG00000125630;ENSG00000278463;ENSG00000275713;ENSG00000188486;ENSG00000270276;ENSG00000066379;ENSG00000165732;ENSG00000177700;ENSG00000273703;ENSG00000112592;ENSG00000277075"
"REACTOME","REACTOME_COPI_INDEPENDENT_GOLGI_TO_ER_RETROGRADE_TRAFFIC",0.639798103395534,0.776112475940287,0.0170150239154543,-0.327882898083233,-0.895211706479474,52,"ENSG00000154917;ENSG00000116711;ENSG00000077380;ENSG00000135720;ENSG00000007168;ENSG00000137285;ENSG00000185963;ENSG00000183785;ENSG00000167552;ENSG00000079462;ENSG00000151746;ENSG00000137267;ENSG00000127824;ENSG00000132912;ENSG00000143641"
"REACTOME","REACTOME_CD209_DC_SIGN_SIGNALING",0.642698168121897,0.778961213208685,0.0186114934063912,-0.386640678264625,-0.873330029124361,19,"ENSG00000254087;ENSG00000010810;ENSG00000104856;ENSG00000005339"
"REACTOME","REACTOME_COMPLEX_III_ASSEMBLY",0.644331210191083,0.779264807332216,0.0247999400372046,0.334960431445622,0.886272182716009,26,"ENSG00000244005;ENSG00000164405;ENSG00000168924;ENSG00000011295;ENSG00000010256;ENSG00000140740;ENSG00000198727;ENSG00000184076;ENSG00000179091;ENSG00000204922"
"REACTOME","REACTOME_INSERTION_OF_TAIL_ANCHORED_PROTEINS_INTO_THE_ENDOPLASMIC_RETICULUM_MEMBRANE",0.643627450980392,0.779264807332216,0.0241790191589434,0.343918929050867,0.876244527353709,22,"ENSG00000166347;ENSG00000102178;ENSG00000072210;ENSG00000198356;ENSG00000106089;ENSG00000182093;ENSG00000102119;ENSG00000164615"
"REACTOME","REACTOME_ACTIVATED_NTRK2_SIGNALS_THROUGH_FRS2_AND_FRS3",0.644604316546763,0.779264807332216,0.0193052751140165,-0.433433221558238,-0.867715221654336,11,"ENSG00000179295;ENSG00000166225;ENSG00000133703"
"REACTOME","REACTOME_PROGRAMMED_CELL_DEATH",0.645306859205776,0.779446779468397,0.0353254204221753,0.257700964394974,0.945982869911094,188,"ENSG00000148935;ENSG00000163932;ENSG00000121858;ENSG00000142208;ENSG00000101412;ENSG00000164305;ENSG00000162600;ENSG00000128245;ENSG00000161057;ENSG00000165806;ENSG00000113368;ENSG00000108424;ENSG00000127922;ENSG00000102882;ENSG00000185825;ENSG00000080824;ENSG00000127666;ENSG00000170315;ENSG00000149089;ENSG00000035664;ENSG00000126067;ENSG00000164924;ENSG00000254505;ENSG00000170248;ENSG00000130706;ENSG00000101182;ENSG00000171791;ENSG00000127191;ENSG00000165916;ENSG00000168310;ENSG00000092853;ENSG00000120868;ENSG00000167657;ENSG00000196954;ENSG00000147889;ENSG00000120910;ENSG00000168404;ENSG00000160049;ENSG00000169857;ENSG00000100764;ENSG00000115233;ENSG00000103266;ENSG00000100567;ENSG00000119139;ENSG00000221983;ENSG00000100902;ENSG00000088986;ENSG00000132906;ENSG00000002330;ENSG00000143947;ENSG00000103035;ENSG00000164695;ENSG00000171552;ENSG00000277791;ENSG00000113763;ENSG00000129084;ENSG00000175166;ENSG00000198176;ENSG00000137831;ENSG00000104689;ENSG00000166913;ENSG00000108953;ENSG00000164104;ENSG00000102871;ENSG00000071205;ENSG00000159377;ENSG00000087191;ENSG00000197329;ENSG00000147457;ENSG00000185651;ENSG00000157500"
"REACTOME","REACTOME_DEGRADATION_OF_AXIN",0.648568299170709,0.780069750249108,0.0171485791478475,-0.337180879284457,-0.88851806614156,42,"ENSG00000099341;ENSG00000013275;ENSG00000107854;ENSG00000118518;ENSG00000173273;ENSG00000041357;ENSG00000108854;ENSG00000173692;ENSG00000168646"
"REACTOME","REACTOME_TRANSFERRIN_ENDOCYTOSIS_AND_RECYCLING",0.648584905660377,0.780069750249108,0.0251595028897064,0.322233763251423,0.887288743694576,31,"ENSG00000128524;ENSG00000171130;ENSG00000116039;ENSG00000010704;ENSG00000155097;ENSG00000117410;ENSG00000159720;ENSG00000250565;ENSG00000090674;ENSG00000110719;ENSG00000185883"
"REACTOME","REACTOME_INTERLEUKIN_35_SIGNALLING",0.647152740819585,0.780069750249108,0.0190394964097323,-0.425267685165995,-0.870237918429565,12,"ENSG00000134352;ENSG00000104998;ENSG00000115415;ENSG00000162434"
"REACTOME","REACTOME_AKT_PHOSPHORYLATES_TARGETS_IN_THE_NUCLEUS",0.646814654394514,0.780069750249108,0.0193052751140165,-0.440744262979333,-0.864669026354145,10,"ENSG00000105221;ENSG00000117020;ENSG00000123358;ENSG00000118260"
"REACTOME","REACTOME_MET_ACTIVATES_RAS_SIGNALING",0.64768122467357,0.780069750249108,0.0227035330047586,0.405700011343286,0.862402781218307,11,"ENSG00000105976;ENSG00000160691;ENSG00000174775;ENSG00000177885;ENSG00000213281"
"REACTOME","REACTOME_PD_L1_CD274_GLYCOSYLATION_AND_TRANSLOCATION_TO_PLASMA_MEMBRANE",0.652727709685172,0.784384277511032,0.0236294467331277,0.354151923928596,0.871214063541758,19,"ENSG00000118705;ENSG00000163902;ENSG00000170315;ENSG00000244038;ENSG00000134825;ENSG00000228474;ENSG00000221983;ENSG00000143947"
"REACTOME","REACTOME_DAP12_INTERACTIONS",0.655997413514387,0.787546683129283,0.017459720254696,-0.351849728890169,-0.874457591946184,31,"ENSG00000134215;ENSG00000145675;ENSG00000010810;ENSG00000124181;ENSG00000234745;ENSG00000197046;ENSG00000182866"
"REACTOME","REACTOME_CREB1_PHOSPHORYLATION_THROUGH_THE_ACTIVATION_OF_ADENYLATE_CYCLASE",0.656474820143885,0.787546683129283,0.0190312823352533,-0.4282536271392,-0.857345889780704,11,"ENSG00000155897;ENSG00000108946;ENSG00000118260"
"REACTOME","REACTOME_PIWI_INTERACTING_RNA_PIRNA_BIOGENESIS",0.661960985626283,0.793454084638635,0.0244760079391778,0.325123781941913,0.876661416245188,28,"ENSG00000005075;ENSG00000168002;ENSG00000163882;ENSG00000080824;ENSG00000162639;ENSG00000134627;ENSG00000100142"
"REACTOME","REACTOME_THROMBOXANE_SIGNALLING_THROUGH_TP_RECEPTOR",0.663120567375887,0.79416983980895,0.017943132862759,-0.370441214940993,-0.861561419321098,22,"ENSG00000176533;ENSG00000172380;ENSG00000156052;ENSG00000127837;ENSG00000156049;ENSG00000006638;ENSG00000111664;ENSG00000078369;ENSG00000120063;ENSG00000242616"
"REACTOME","REACTOME_SIGNALING_BY_PTK6",0.664175690102181,0.794475361178718,0.0164272539044272,-0.322287937779954,-0.883308206536634,53,"ENSG00000157168;ENSG00000185737;ENSG00000160007;ENSG00000178568;ENSG00000150760;ENSG00000113070;ENSG00000146648;ENSG00000112232;ENSG00000062598;ENSG00000136235;ENSG00000121774;ENSG00000116016;ENSG00000100644;ENSG00000186635;ENSG00000188906"
"REACTOME","REACTOME_CREATINE_METABOLISM",0.664500992600614,0.794475361178718,0.018900594083489,-0.434180388659828,-0.851791765562156,10,"ENSG00000130005;ENSG00000130821;ENSG00000111181"
"REACTOME","REACTOME_MAPK6_MAPK4_SIGNALING",0.666133953218074,0.795753927194518,0.0156803957606931,-0.307363520237422,-0.89347392834359,77,"ENSG00000099341;ENSG00000141639;ENSG00000087245;ENSG00000078687;ENSG00000013275;ENSG00000163171;ENSG00000124151;ENSG00000090905;ENSG00000126070;ENSG00000136997;ENSG00000134698;ENSG00000041357;ENSG00000173692;ENSG00000167617;ENSG00000092847;ENSG00000106211;ENSG00000150907;ENSG00000100354"
"REACTOME","REACTOME_INSULIN_RECEPTOR_RECYCLING",0.668407310704961,0.79577666333508,0.0245981113732441,0.321291880828295,0.878622242717793,30,"ENSG00000142949;ENSG00000128524;ENSG00000171105;ENSG00000171130;ENSG00000116039;ENSG00000155097;ENSG00000117410;ENSG00000159720;ENSG00000250565;ENSG00000110719;ENSG00000185883;ENSG00000196396"
"REACTOME","REACTOME_SEMA4D_INDUCED_CELL_MIGRATION_AND_GROWTH_CONE_COLLAPSE",0.668082936777702,0.79577666333508,0.0179280941928514,-0.376292294093651,-0.858964630853069,20,"ENSG00000155366;ENSG00000187764;ENSG00000067900;ENSG00000105357;ENSG00000172602"
"REACTOME","REACTOME_SHC_MEDIATED_CASCADE_FGFR3",0.667134831460674,0.79577666333508,0.0228540270557801,0.369935823302262,0.851541415698137,15,"ENSG00000138675;ENSG00000068078;ENSG00000160691"
"REACTOME","REACTOME_SIGNALING_BY_LEPTIN",0.667749503699693,0.79577666333508,0.0188276841415376,-0.432995772250955,-0.849467739584054,10,"ENSG00000179295;ENSG00000185950;ENSG00000169047"
"REACTOME","REACTOME_PLATELET_CALCIUM_HOMEOSTASIS",0.669573802863255,0.796493858165894,0.0174199575018535,-0.358944333393111,-0.863676844554049,26,"ENSG00000118160;ENSG00000123104;ENSG00000083454;ENSG00000070961;ENSG00000135124;ENSG00000150995;ENSG00000058668"
"REACTOME","REACTOME_UPTAKE_AND_FUNCTION_OF_ANTHRAX_TOXINS",0.673561151079137,0.800562580238839,0.0186472645603962,-0.421121701530694,-0.843068072339855,11,"ENSG00000169604;ENSG00000065559;ENSG00000140564;ENSG00000169032"
"REACTOME","REACTOME_TNF_SIGNALING",0.674130819092516,0.800565783480768,0.0264907827939275,0.291065317891269,0.89897551793493,57,"ENSG00000204628;ENSG00000067182;ENSG00000162889;ENSG00000165312;ENSG00000036672;ENSG00000104365;ENSG00000100324;ENSG00000170315;ENSG00000135587;ENSG00000056558;ENSG00000154124;ENSG00000127191;ENSG00000269335;ENSG00000103266;ENSG00000131508;ENSG00000221983;ENSG00000114316;ENSG00000143947;ENSG00000138600;ENSG00000157625;ENSG00000110514;ENSG00000123240;ENSG00000005206;ENSG00000102871;ENSG00000179526"
"REACTOME","REACTOME_ASSEMBLY_OF_THE_ORC_COMPLEX_AT_THE_ORIGIN_OF_REPLICATION",0.675987841945289,0.800886052032398,0.026980572442754,0.286923268255789,0.900404445028413,63,"ENSG00000164815;ENSG00000108424;ENSG00000085840;ENSG00000246705;ENSG00000184260;ENSG00000273983;ENSG00000185130;ENSG00000105968;ENSG00000124635;ENSG00000158406;ENSG00000278828;ENSG00000274641;ENSG00000091651;ENSG00000278463;ENSG00000275713;ENSG00000188486;ENSG00000270276"
"REACTOME","REACTOME_SIGNALING_BY_NOTCH4",0.678938105016134,0.800886052032398,0.01554216618714,-0.307525098545286,-0.8845113586662,71,"ENSG00000196782;ENSG00000099341;ENSG00000109670;ENSG00000114315;ENSG00000134250;ENSG00000013275;ENSG00000101384;ENSG00000138613;ENSG00000143801;ENSG00000205155;ENSG00000197921;ENSG00000137845;ENSG00000041357;ENSG00000173692"
"REACTOME","REACTOME_DEVELOPMENTAL_LINEAGES_OF_THE_MAMMARY_GLAND",0.67524115755627,0.800886052032398,0.0248591528194406,0.313711609711031,0.882120957380141,35,"ENSG00000196549;ENSG00000170421;ENSG00000171345;ENSG00000111057;ENSG00000026508;ENSG00000141736;ENSG00000119888;ENSG00000137203"
"REACTOME","REACTOME_ENERGY_DEPENDENT_REGULATION_OF_MTOR_BY_LKB1_AMPK",0.676848049281314,0.800886052032398,0.0241105257413442,0.32268641603812,0.870089320434895,28,"ENSG00000106617;ENSG00000106615;ENSG00000266173;ENSG00000162409;ENSG00000181929;ENSG00000177058;ENSG00000188186;ENSG00000116586;ENSG00000155876"
"REACTOME","REACTOME_COMMON_PATHWAY_OF_FIBRIN_CLOT_FORMATION",0.677452491011813,0.800886052032398,0.0178307792302109,-0.377333715378338,-0.852307796789621,19,"ENSG00000181104;ENSG00000135919;ENSG00000178726;ENSG00000184500"
"REACTOME","REACTOME_MAP3K8_TPL2_DEPENDENT_MAPK1_3_ACTIVATION",0.678062678062678,0.800886052032398,0.0228204242028808,0.363304675666026,0.850286467631053,16,"ENSG00000104365;ENSG00000168884;ENSG00000170315;ENSG00000269335;ENSG00000109320;ENSG00000221983;ENSG00000143947"
"REACTOME","REACTOME_SIGNALING_BY_PDGFRA_TRANSMEMBRANE_JUXTAMEMBRANE_AND_KINASE_DOMAIN_MUTANTS",0.677842824197268,0.800886052032398,0.0183483837852037,-0.413939975031646,-0.84705768811406,12,"ENSG00000145675;ENSG00000134853;ENSG00000115415"
"REACTOME","REACTOME_TRANSCRIPTIONAL_REGULATION_OF_TESTIS_DIFFERENTIATION",0.678552421500798,0.800886052032398,0.0183328502518361,-0.413671296158449,-0.846507882541023,12,"ENSG00000162552;ENSG00000139549"
"REACTOME","REACTOME_RNA_POLYMERASE_I_TRANSCRIPTION",0.680141843971631,0.801636296901455,0.0296198107194884,0.2688193144871,0.914432777678858,105,"ENSG00000102054;ENSG00000137054;ENSG00000102882;ENSG00000108312;ENSG00000020426;ENSG00000145736;ENSG00000163882;ENSG00000116478;ENSG00000246705;ENSG00000184260;ENSG00000108773;ENSG00000134046;ENSG00000273983;ENSG00000185130;ENSG00000171453;ENSG00000149480;ENSG00000100142;ENSG00000272047;ENSG00000105968;ENSG00000124635;ENSG00000115750;ENSG00000186184;ENSG00000158406;ENSG00000278828;ENSG00000122565;ENSG00000167491;ENSG00000274641;ENSG00000125630;ENSG00000278463;ENSG00000275713;ENSG00000188486;ENSG00000270276;ENSG00000066379;ENSG00000177700;ENSG00000273703;ENSG00000112592;ENSG00000277075;ENSG00000163161"
"REACTOME","REACTOME_COPI_MEDIATED_ANTEROGRADE_TRANSPORT",0.68124039670345,0.802261417969367,0.0147881595250116,-0.296379738796783,-0.894935973481194,100,"ENSG00000254647;ENSG00000160460;ENSG00000105402;ENSG00000105438;ENSG00000077380;ENSG00000133103;ENSG00000196352;ENSG00000135720;ENSG00000173230;ENSG00000137285;ENSG00000183785;ENSG00000167552;ENSG00000134970;ENSG00000137267;ENSG00000073969;ENSG00000167110;ENSG00000184432;ENSG00000108433;ENSG00000101199;ENSG00000127824;ENSG00000132912;ENSG00000166557;ENSG00000086598;ENSG00000136152;ENSG00000122218;ENSG00000108587;ENSG00000137877;ENSG00000158560"
"REACTOME","REACTOME_PLASMA_LIPOPROTEIN_ASSEMBLY",0.682383419689119,0.802937823834197,0.0178531697499837,-0.384207206009791,-0.840051325298089,16,"ENSG00000165029;ENSG00000130203;ENSG00000168487;ENSG00000130208;ENSG00000158874"
"REACTOME","REACTOME_DISSOLUTION_OF_FIBRIN_CLOT",0.684532374100719,0.804795763722078,0.0184068075731116,-0.417879718563357,-0.836577757732708,11,"ENSG00000135919;ENSG00000167711"
"REACTOME","REACTOME_VEGFR2_MEDIATED_VASCULAR_PERMEABILITY",0.6860964332893,0.805963530619377,0.0171132976499365,-0.35580302793205,-0.849337170690606,25,"ENSG00000105221;ENSG00000134215;ENSG00000117020;ENSG00000044115;ENSG00000164327"
"REACTOME","REACTOME_BRANCHED_CHAIN_AMINO_ACID_CATABOLISM",0.686781609195402,0.806097782364013,0.0174416308225562,-0.367579223304557,-0.846333889516634,21,"ENSG00000060982;ENSG00000198130;ENSG00000196177;ENSG00000248098;ENSG00000083123;ENSG00000105552;ENSG00000151498;ENSG00000148090;ENSG00000160785"
"REACTOME","REACTOME_TOLL_LIKE_RECEPTOR_CASCADES",0.687615040757297,0.80640567902766,0.0137796537617191,-0.285372863675338,-0.907816705708644,162,"ENSG00000120875;ENSG00000139318;ENSG00000071242;ENSG00000105568;ENSG00000170345;ENSG00000068305;ENSG00000065559;ENSG00000064012;ENSG00000197885;ENSG00000184979;ENSG00000179295;ENSG00000072401;ENSG00000164733;ENSG00000078142;ENSG00000142192;ENSG00000126456;ENSG00000088179;ENSG00000115966;ENSG00000104695;ENSG00000055208;ENSG00000104312;ENSG00000090376;ENSG00000185386;ENSG00000118260;ENSG00000166167;ENSG00000095015;ENSG00000135341;ENSG00000170458;ENSG00000137713;ENSG00000163131;ENSG00000169032;ENSG00000139946;ENSG00000134070;ENSG00000105928;ENSG00000140853;ENSG00000139370;ENSG00000137462;ENSG00000143387"
"REACTOME","REACTOME_PRC2_METHYLATES_HISTONES_AND_DNA",0.690863579474343,0.80954304914338,0.0271060140527064,0.281766000318338,0.898130111589907,70,"ENSG00000102054;ENSG00000106462;ENSG00000130816;ENSG00000074266;ENSG00000119403;ENSG00000246705;ENSG00000184260;ENSG00000273983;ENSG00000185130;ENSG00000105968;ENSG00000124635;ENSG00000158406;ENSG00000278828;ENSG00000274641;ENSG00000139154;ENSG00000278463;ENSG00000275713;ENSG00000188486;ENSG00000270276"
"REACTOME","REACTOME_ISG15_ANTIVIRAL_MECHANISM",0.693702290076336,0.810117779999131,0.0273205229517544,0.279076428863623,0.899022971702189,74,"ENSG00000155561;ENSG00000125450;ENSG00000075188;ENSG00000138646;ENSG00000108424;ENSG00000121060;ENSG00000102882;ENSG00000113569;ENSG00000161960;ENSG00000114867;ENSG00000170315;ENSG00000095319;ENSG00000058804;ENSG00000183486;ENSG00000085415;ENSG00000108559;ENSG00000141543;ENSG00000138750;ENSG00000182481;ENSG00000221983;ENSG00000127445;ENSG00000111581;ENSG00000143947;ENSG00000110713;ENSG00000102900"
"REACTOME","REACTOME_CELLULAR_RESPONSE_TO_HYPOXIA",0.694796481288206,0.810117779999131,0.0154456187724127,-0.308999670927776,-0.869600797468848,62,"ENSG00000164442;ENSG00000099341;ENSG00000013275;ENSG00000124440;ENSG00000269858;ENSG00000072401;ENSG00000041357;ENSG00000173692;ENSG00000166135;ENSG00000116016;ENSG00000100644;ENSG00000005339;ENSG00000142279"
"REACTOME","REACTOME_GAP_JUNCTION_ASSEMBLY",0.692877945459359,0.810117779999131,0.0242353420065719,0.310625153130258,0.865382953186574,33,"ENSG00000198835;ENSG00000188229;ENSG00000101162;ENSG00000176014;ENSG00000167553;ENSG00000123416;ENSG00000258947"
"REACTOME","REACTOME_PRESYNAPTIC_FUNCTION_OF_KAINATE_RECEPTORS",0.693823600096131,0.810117779999131,0.0226482592878794,0.344082776700057,0.846443951957826,19,"ENSG00000168243;ENSG00000172354;ENSG00000114450;ENSG00000149782;ENSG00000127928"
"REACTOME","REACTOME_PROTEIN_HYDROXYLATION",0.694784907474165,0.810117779999131,0.0226262193146252,0.343957943854208,0.846136863040478,19,"ENSG00000185721;ENSG00000161016;ENSG00000087263;ENSG00000137154;ENSG00000170468;ENSG00000166441;ENSG00000186468;ENSG00000070495"
"REACTOME","REACTOME_SODIUM_CALCIUM_EXCHANGERS",0.693705035971223,0.810117779999131,0.0182092733606427,-0.414611949230846,-0.830035819898591,11,"ENSG00000118160"
"REACTOME","REACTOME_RNA_POLYMERASE_II_TRANSCRIBES_SNRNA_GENES",0.696564885496183,0.811146778395052,0.0272486205517551,0.278343842752218,0.896663002622804,74,"ENSG00000106290;ENSG00000139579;ENSG00000005075;ENSG00000168002;ENSG00000104299;ENSG00000101413;ENSG00000163882;ENSG00000197265;ENSG00000087087;ENSG00000149262;ENSG00000153767;ENSG00000108506;ENSG00000128886;ENSG00000148835;ENSG00000143624;ENSG00000100142;ENSG00000185085;ENSG00000165417;ENSG00000090061;ENSG00000137947;ENSG00000164880;ENSG00000160075;ENSG00000185591;ENSG00000125651;ENSG00000138785;ENSG00000144231;ENSG00000064102;ENSG00000165684;ENSG00000104976;ENSG00000177700;ENSG00000112592;ENSG00000127054;ENSG00000114503;ENSG00000181222"
"REACTOME","REACTOME_O_LINKED_GLYCOSYLATION_OF_MUCINS",0.697402400121525,0.811146778395052,0.0156614625786352,-0.314294175145171,-0.867748106244766,55,"ENSG00000156966;ENSG00000158089;ENSG00000140297;ENSG00000176928;ENSG00000139629;ENSG00000170340;ENSG00000174473;ENSG00000177191;ENSG00000008513;ENSG00000100626;ENSG00000176945;ENSG00000184005;ENSG00000106392;ENSG00000143641;ENSG00000176383;ENSG00000117983;ENSG00000237172;ENSG00000164574;ENSG00000157350"
"REACTOME","REACTOME_GOLGI_CISTERNAE_PERICENTRIOLAR_STACK_REORGANIZATION",0.69708284714119,0.811146778395052,0.0221088065811038,0.368978027636496,0.833136328305486,14,"ENSG00000102882;ENSG00000166851;ENSG00000157456;ENSG00000134057"
"REACTOME","REACTOME_TRANSCRIPTIONAL_AND_POST_TRANSLATIONAL_REGULATION_OF_MITF_M_EXPRESSION_AND_ACTIVITY",0.701889020070838,0.813537879967568,0.0258324962371929,0.285528649368216,0.888609141220291,59,"ENSG00000117676;ENSG00000120659;ENSG00000128245;ENSG00000258839;ENSG00000196305;ENSG00000102882;ENSG00000172053;ENSG00000116478;ENSG00000164924;ENSG00000049130;ENSG00000106305;ENSG00000169567;ENSG00000065427;ENSG00000115866;ENSG00000164022;ENSG00000103275"
"REACTOME","REACTOME_SPOP_MEDIATED_PROTEASOMAL_DEGRADATION_OF_PD_L1_CD274",0.702878103837472,0.813537879967568,0.0250518829285888,0.296338747700792,0.879854458961836,46,"ENSG00000161057;ENSG00000127922;ENSG00000170315;ENSG00000126067;ENSG00000130706;ENSG00000101182;ENSG00000165916;ENSG00000135446;ENSG00000121067;ENSG00000100764;ENSG00000115233;ENSG00000100567;ENSG00000221983;ENSG00000100902;ENSG00000143947;ENSG00000103035;ENSG00000277791;ENSG00000129084;ENSG00000175166;ENSG00000204435;ENSG00000159377;ENSG00000087191;ENSG00000100387"
"REACTOME","REACTOME_RAF_ACTIVATION",0.700958466453674,0.813537879967568,0.0163174630038109,-0.334714863338644,-0.848981824400748,34,"ENSG00000105568;ENSG00000089234;ENSG00000145349;ENSG00000104695;ENSG00000186298;ENSG00000158186;ENSG00000137713;ENSG00000169032;ENSG00000108061;ENSG00000213639;ENSG00000078304;ENSG00000058404;ENSG00000133703"
"REACTOME","REACTOME_NOTCH_HLH_TRANSCRIPTION_PATHWAY",0.702915165411071,0.813537879967568,0.0166394567554783,-0.346618700028459,-0.843927836029121,28,"ENSG00000196782;ENSG00000061273;ENSG00000134250;ENSG00000068024;ENSG00000074181;ENSG00000196498;ENSG00000177565;ENSG00000005339;ENSG00000168214"
"REACTOME","REACTOME_THE_NLRP3_INFLAMMASOME",0.700374531835206,0.813537879967568,0.0220824474422395,0.360002634413886,0.828676580243979,15,"ENSG00000136810;ENSG00000140368;ENSG00000173039;ENSG00000096384;ENSG00000109320;ENSG00000077150"
"REACTOME","REACTOME_SPRY_REGULATION_OF_FGF_SIGNALING",0.701208981001727,0.813537879967568,0.0174524813850605,-0.377567360787095,-0.82553361013853,16,"ENSG00000105568;ENSG00000179295;ENSG00000104695"
"REACTOME","REACTOME_PEXOPHAGY",0.704496402877698,0.814700180887231,0.017980808565229,-0.410837368588526,-0.822479266972334,11,"ENSG00000140941;ENSG00000149311;ENSG00000135093;ENSG00000116016"
"REACTOME","REACTOME_HYALURONAN_METABOLISM",0.705365622032289,0.8150378545905,0.0221935391260788,0.355003922312205,0.830859197021452,16,"ENSG00000072571;ENSG00000026508;ENSG00000068001;ENSG00000114378;ENSG00000186792;ENSG00000049860;ENSG00000136011"
"REACTOME","REACTOME_IRAK4_DEFICIENCY_TLR2_4",0.707865168539326,0.817257251003702,0.021915079685064,0.357595034106574,0.823134615273346,15,"ENSG00000150455;ENSG00000198001;ENSG00000171560;ENSG00000135218;ENSG00000174125"
"REACTOME","REACTOME_SIGNALLING_TO_RAS",0.709891230455472,0.818926811603862,0.0170360191855634,-0.363198806789503,-0.829076050445445,20,"ENSG00000129946;ENSG00000188130;ENSG00000148082;ENSG00000185386"
"REACTOME","REACTOME_DIFFERENTIATION_OF_KERATINOCYTES_IN_INTERFOLLICULAR_EPIDERMIS_IN_MAMMALIAN_SKIN",0.710611979166667,0.819089073129252,0.0163905544256969,-0.342751277294588,-0.840263810879489,29,"ENSG00000161249;ENSG00000118777;ENSG00000165272;ENSG00000150093;ENSG00000010438"
"REACTOME","REACTOME_CD28_DEPENDENT_PI3K_AKT_SIGNALING",0.711360634081902,0.819283209888781,0.0165852349853526,-0.348441443770711,-0.831764338048533,25,"ENSG00000105221;ENSG00000145675;ENSG00000117020;ENSG00000010810;ENSG00000164327;ENSG00000141506;ENSG00000182866"
"REACTOME","REACTOME_GAP_JUNCTION_TRAFFICKING_AND_REGULATION",0.712977336230984,0.819721889542059,0.0156551574343545,-0.319470598353183,-0.852409791959697,45,"ENSG00000196586;ENSG00000070371;ENSG00000104067;ENSG00000152661;ENSG00000137285;ENSG00000183785;ENSG00000167552;ENSG00000137267;ENSG00000141367;ENSG00000169562;ENSG00000127824"
"REACTOME","REACTOME_DOWNSTREAM_SIGNAL_TRANSDUCTION",0.712565104166667,0.819721889542059,0.0163506357883362,-0.342322598645097,-0.839212893845693,29,"ENSG00000145675;ENSG00000166888;ENSG00000134853;ENSG00000179295;ENSG00000124181;ENSG00000115415;ENSG00000113721"
"REACTOME","REACTOME_INLB_MEDIATED_ENTRY_OF_LISTERIA_MONOCYTOGENES_INTO_HOST_CELL",0.713483146067416,0.819721889542059,0.0217910389359205,0.356087421932688,0.819664299277954,15,"ENSG00000105976;ENSG00000141985;ENSG00000170315;ENSG00000185359;ENSG00000221983;ENSG00000143947;ENSG00000177885"
"REACTOME","REACTOME_ACTIVATION_OF_BAD_AND_TRANSLOCATION_TO_MITOCHONDRIA",0.715823970037453,0.821075098044585,0.0217397241400018,0.355908224546725,0.819251811527052,15,"ENSG00000142208;ENSG00000128245;ENSG00000164924;ENSG00000171791;ENSG00000120910;ENSG00000002330;ENSG00000166913;ENSG00000108953"
"REACTOME","REACTOME_PHOSPHORYLATION_AND_NUCLEAR_TRANSLOCATION_OF_THE_CRY_PER_KINASE_COMPLEX",0.715585097078888,0.821075098044585,0.0173408037041483,-0.387280629926908,-0.819137879231989,14,"ENSG00000186298;ENSG00000121671;ENSG00000132326;ENSG00000179094;ENSG00000213639;ENSG00000213923"
"REACTOME","REACTOME_SEALING_OF_THE_NUCLEAR_ENVELOPE_NE_BY_ESCRT_III",0.719432027346831,0.823207473755045,0.0235105683703133,0.306979259805796,0.850711148154711,32,"ENSG00000188229;ENSG00000101162;ENSG00000176014;ENSG00000254505;ENSG00000167553;ENSG00000123416;ENSG00000132612;ENSG00000161904;ENSG00000258947"
"REACTOME","REACTOME_THROMBIN_SIGNALLING_THROUGH_PROTEINASE_ACTIVATED_RECEPTORS_PARS",0.71847363249263,0.823207473755045,0.0163207765046433,-0.342739001952303,-0.834481764015153,28,"ENSG00000176533;ENSG00000181104;ENSG00000172380;ENSG00000156052;ENSG00000156049;ENSG00000180210;ENSG00000146535;ENSG00000111664;ENSG00000078369;ENSG00000120063;ENSG00000242616"
"REACTOME","REACTOME_TGFBR3_PTM_REGULATION",0.718884892086331,0.823207473755045,0.0176825181784759,-0.404274522484098,-0.809340722949995,11,"ENSG00000138613;ENSG00000143801;ENSG00000205155"
"REACTOME","REACTOME_RNA_POLYMERASE_I_TRANSCRIPTION_TERMINATION",0.721174004192872,0.823865448155611,0.023416283634507,0.308855669771376,0.850451412816628,31,"ENSG00000137054;ENSG00000108312;ENSG00000020426;ENSG00000145736;ENSG00000163882;ENSG00000171453;ENSG00000100142;ENSG00000272047;ENSG00000115750;ENSG00000186184;ENSG00000125630;ENSG00000066379;ENSG00000177700;ENSG00000112592;ENSG00000163161"
"REACTOME","REACTOME_SYNTHESIS_OF_PIPS_AT_THE_GOLGI_MEMBRANE",0.720759233926129,0.823865448155611,0.0169036256343873,-0.36612947760425,-0.819006851575658,18,"ENSG00000115020;ENSG00000122126;ENSG00000078142;ENSG00000211456;ENSG00000112367"
"REACTOME","REACTOME_ELEVATION_OF_CYTOSOLIC_CA2_LEVELS",0.722057022914116,0.824207369728966,0.0172087822629597,-0.385659381570977,-0.815708774243609,14,"ENSG00000123104;ENSG00000083454;ENSG00000135124;ENSG00000150995"
"REACTOME","REACTOME_ENDOSOMAL_VACUOLAR_PATHWAY",0.723322827555155,0.824319477407489,0.0209707048578176,0.380019212410842,0.807812710219991,11,"ENSG00000135047;ENSG00000206503;ENSG00000204592;ENSG00000204642"
"REACTOME","REACTOME_REGULATION_BY_C_FLIP",0.722932078009415,0.824319477407489,0.0209131372368449,0.388965045952794,0.80605942257863,10,"ENSG00000121858;ENSG00000127191;ENSG00000104689;ENSG00000102871"
"REACTOME","REACTOME_DISEASES_OF_CARBOHYDRATE_METABOLISM",0.725479884301867,0.82611096502761,0.0233752597077374,0.305864868374387,0.847622909507229,32,"ENSG00000138030;ENSG00000056998;ENSG00000177156;ENSG00000170315;ENSG00000141349;ENSG00000108784;ENSG00000221983;ENSG00000143947;ENSG00000169738;ENSG00000114378"
"REACTOME","REACTOME_SIGNALING_BY_FLT3_FUSION_PROTEINS",0.726287915262398,0.826364654593478,0.0219514963412754,0.340430080284361,0.822987692617875,18,"ENSG00000196535;ENSG00000173757;ENSG00000126561;ENSG00000139083;ENSG00000033327;ENSG00000174775;ENSG00000137193;ENSG00000177885;ENSG00000115306;ENSG00000213281"
"REACTOME","REACTOME_RUNX1_REGULATES_TRANSCRIPTION_OF_GENES_INVOLVED_IN_DIFFERENTIATION_OF_HSCS",0.735039653929344,0.82791794439322,0.0285114565971186,0.262869030738057,0.89930357368658,109,"ENSG00000161057;ENSG00000127922;ENSG00000020426;ENSG00000118513;ENSG00000170315;ENSG00000246705;ENSG00000126067;ENSG00000184260;ENSG00000130706;ENSG00000101182;ENSG00000165916;ENSG00000273983;ENSG00000185130;ENSG00000100764;ENSG00000115233;ENSG00000105968;ENSG00000100567;ENSG00000221983;ENSG00000124635;ENSG00000100902;ENSG00000143947;ENSG00000158406;ENSG00000067955;ENSG00000278828;ENSG00000103035;ENSG00000277791;ENSG00000129084;ENSG00000175166;ENSG00000274641;ENSG00000278463;ENSG00000275713;ENSG00000188486;ENSG00000270276;ENSG00000159377;ENSG00000087191"
"REACTOME","REACTOME_RNA_POLYMERASE_II_TRANSCRIPTION_TERMINATION",0.735457920792079,0.82791794439322,0.0258396253325069,0.278973849826832,0.882343760652962,67,"ENSG00000160917;ENSG00000163950;ENSG00000183684;ENSG00000205937;ENSG00000119203;ENSG00000101811;ENSG00000172409;ENSG00000125835;ENSG00000051596;ENSG00000143977;ENSG00000163634;ENSG00000131652;ENSG00000181817;ENSG00000141543;ENSG00000139343;ENSG00000100296;ENSG00000155858;ENSG00000140829;ENSG00000100028;ENSG00000116350;ENSG00000161547;ENSG00000182004"
"REACTOME","REACTOME_RNA_POLYMERASE_I_TRANSCRIPTION_INITIATION",0.73762094479226,0.82791794439322,0.0243931490287998,0.28954341596118,0.862559929858231,47,"ENSG00000102054;ENSG00000137054;ENSG00000108312;ENSG00000020426;ENSG00000145736;ENSG00000163882;ENSG00000116478;ENSG00000108773;ENSG00000171453;ENSG00000149480;ENSG00000100142;ENSG00000272047"
"REACTOME","REACTOME_SUMOYLATION_OF_UBIQUITINYLATION_PROTEINS",0.732770362299101,0.82791794439322,0.0237857196707869,0.296970765817077,0.85492887500713,39,"ENSG00000155561;ENSG00000125450;ENSG00000075188;ENSG00000113569;ENSG00000095319;ENSG00000058804;ENSG00000085415;ENSG00000108559;ENSG00000135679;ENSG00000138750;ENSG00000111581;ENSG00000110713;ENSG00000102900;ENSG00000103275;ENSG00000120253;ENSG00000093000;ENSG00000101146;ENSG00000094914"
"REACTOME","REACTOME_FORMATION_OF_THE_CORNIFIED_ENVELOPE",0.734619474403767,0.82791794439322,0.0149100173785417,-0.307047969191882,-0.847741749173331,55,"ENSG00000134755;ENSG00000140479;ENSG00000126247;ENSG00000144283;ENSG00000140564;ENSG00000046604;ENSG00000189337;ENSG00000171431"
"REACTOME","REACTOME_DEACTIVATION_OF_THE_BETA_CATENIN_TRANSACTIVATING_COMPLEX",0.735009369144285,0.82791794439322,0.0153005350276996,-0.316466894751879,-0.837208688890921,43,"ENSG00000105221;ENSG00000065717;ENSG00000272333;ENSG00000171016;ENSG00000110693;ENSG00000181449;ENSG00000166167;ENSG00000196781;ENSG00000101966;ENSG00000134982;ENSG00000171056"
"REACTOME","REACTOME_INHIBITION_OF_THE_PROTEOLYTIC_ACTIVITY_OF_APC_C_REQUIRED_FOR_THE_ONSET_OF_ANAPHASE_BY_MITOTIC_SPINDLE_CHECKPOINT_COMPONENTS",0.737395986294665,0.82791794439322,0.0219723546102189,0.327177894799825,0.824998699768814,21,"ENSG00000117399;ENSG00000166295;ENSG00000154473;ENSG00000141552;ENSG00000175063;ENSG00000053900;ENSG00000176386"
"REACTOME","REACTOME_PRE_NOTCH_PROCESSING_IN_GOLGI",0.728454501685123,0.82791794439322,0.0219046947976313,0.339615871898591,0.821019348691992,18,"ENSG00000106003;ENSG00000110080;ENSG00000074370;ENSG00000204301;ENSG00000086062;ENSG00000071537;ENSG00000174437"
"REACTOME","REACTOME_NOTCH4_INTRACELLULAR_DOMAIN_REGULATES_TRANSCRIPTION",0.736121124729632,0.82791794439322,0.0217141472324866,0.333417539796462,0.820207459216677,19,"ENSG00000013619;ENSG00000166949;ENSG00000184384;ENSG00000161021;ENSG00000108773;ENSG00000204301;ENSG00000100603"
"REACTOME","REACTOME_SIGNALING_BY_EGFR_IN_CANCER",0.732790156301962,0.82791794439322,0.0162546650293177,-0.345680352545983,-0.817528504758196,24,"ENSG00000145675;ENSG00000124181;ENSG00000113070;ENSG00000146648;ENSG00000109458"
"REACTOME","REACTOME_MICRORNA_MIRNA_BIOGENESIS",0.736614566012637,0.82791794439322,0.0161790458801656,-0.344459367108288,-0.814640893727201,24,"ENSG00000180228;ENSG00000105258;ENSG00000099817;ENSG00000126070;ENSG00000102978;ENSG00000134698;ENSG00000092847"
"REACTOME","REACTOME_CASPASE_ACTIVATION_VIA_DEATH_RECEPTORS_IN_THE_PRESENCE_OF_LIGAND",0.731621936989498,0.82791794439322,0.0213516499958366,0.35892107907372,0.81042817613388,14,"ENSG00000121858;ENSG00000127666;ENSG00000127191"
"REACTOME","REACTOME_FOXO_MEDIATED_TRANSCRIPTION_OF_CELL_CYCLE_GENES",0.733241899537116,0.82791794439322,0.0166904964461843,-0.365997120896237,-0.809954127561188,17,"ENSG00000133639;ENSG00000138764;ENSG00000116717;ENSG00000150907;ENSG00000124762;ENSG00000138379;ENSG00000090097"
"REACTOME","REACTOME_ACYL_CHAIN_REMODELLING_OF_PG",0.731913395528956,0.82791794439322,0.0171027321588117,-0.386990733863929,-0.805434188593194,13,"ENSG00000116711;ENSG00000168907;ENSG00000153246;ENSG00000123684"
"REACTOME","REACTOME_ORGANIC_ANION_TRANSPORT_BY_SLCO_TRANSPORTERS",0.72911026890453,0.82791794439322,0.0175250568236529,-0.408451994881055,-0.801316814287769,10,"ENSG00000174640;ENSG00000176463"
"REACTOME","REACTOME_MATURATION_OF_SARS_COV_1_NUCLEOPROTEIN",0.735029266096353,0.82791794439322,0.0207231791861388,0.376198902336747,0.799691818080729,11,"ENSG00000178685;ENSG00000102699;ENSG00000138496;ENSG00000173193;ENSG00000138617"
"REACTOME","REACTOME_MET_ACTIVATES_RAP1_AND_RAC1",0.733812949640288,0.82791794439322,0.017380318947709,-0.398856345024614,-0.798493757785866,11,"ENSG00000116641;ENSG00000127314;ENSG00000109458"
"REACTOME","REACTOME_RRNA_PROCESSING_IN_THE_MITOCHONDRION",0.73959938366718,0.829156150828357,0.0165447167287271,-0.358129505241386,-0.808930019072358,19,"ENSG00000182768;ENSG00000210082;ENSG00000122085;ENSG00000118246"
"REACTOME","REACTOME_ANCHORING_FIBRIL_FORMATION",0.73989854818961,0.829156150828357,0.0168517381697535,-0.379207960994195,-0.802063364272301,14,"ENSG00000188153;ENSG00000164692;ENSG00000108821;ENSG00000168487;ENSG00000053747;ENSG00000058085;ENSG00000081052"
"REACTOME","REACTOME_VLDLR_INTERNALISATION_AND_DEGRADATION",0.742314335060449,0.831203680495919,0.0166190970280354,-0.365146863838877,-0.798376766750369,16,"ENSG00000131408;ENSG00000007944;ENSG00000042753;ENSG00000183020;ENSG00000141367;ENSG00000196961"
"REACTOME","REACTOME_HSF1_DEPENDENT_TRANSACTIVATION",0.745428525997774,0.834029380910346,0.0153590002711105,-0.322001827033694,-0.824589522814316,36,"ENSG00000204673;ENSG00000146072;ENSG00000160570;ENSG00000149257;ENSG00000145349;ENSG00000152137"
"REACTOME","REACTOME_COOPERATION_OF_PDCL_PHLP1_AND_TRIC_CCT_IN_G_PROTEIN_BETA_FOLDING",0.749244712990937,0.837635419432464,0.0152851908709404,-0.321204437513204,-0.822547549791196,36,"ENSG00000182732;ENSG00000176533;ENSG00000172380;ENSG00000108370;ENSG00000156052;ENSG00000076344;ENSG00000156049;ENSG00000182901;ENSG00000111664;ENSG00000078369"
"REACTOME","REACTOME_SIGNALING_BY_BRAF_AND_RAF1_FUSIONS",0.752822341057635,0.839807922267369,0.0142338491761397,-0.297165106520839,-0.842418182435909,65,"ENSG00000112531;ENSG00000115414;ENSG00000145349;ENSG00000006459;ENSG00000127314;ENSG00000159784;ENSG00000169032;ENSG00000114416;ENSG00000133030;ENSG00000089220;ENSG00000077420;ENSG00000140575;ENSG00000011021;ENSG00000058404;ENSG00000171435;ENSG00000160789;ENSG00000153094;ENSG00000133703;ENSG00000182606"
"REACTOME","REACTOME_INFLAMMASOMES",0.75230694511899,0.839807922267369,0.021536590896377,0.32550912565109,0.810855458151324,20,"ENSG00000136810;ENSG00000140368;ENSG00000173039;ENSG00000171791;ENSG00000096384;ENSG00000109320;ENSG00000077150;ENSG00000171552"
"REACTOME","REACTOME_DAP12_SIGNALING",0.752972258916777,0.839807922267369,0.0157595725314372,-0.33648706837607,-0.803228056516391,25,"ENSG00000134215;ENSG00000145675;ENSG00000010810;ENSG00000124181"
"REACTOME","REACTOME_DNA_METHYLATION",0.754137115839243,0.840443257746655,0.0246498839504959,0.2784567781682,0.864085154068966,58,"ENSG00000276043;ENSG00000130816;ENSG00000246705;ENSG00000184260;ENSG00000273983;ENSG00000185130;ENSG00000105968;ENSG00000124635;ENSG00000158406;ENSG00000278828;ENSG00000274641;ENSG00000278463;ENSG00000275713;ENSG00000188486;ENSG00000270276"
"REACTOME","REACTOME_FGFR2_ALTERNATIVE_SPLICING",0.756179196704428,0.842054436708717,0.0223755655807589,0.310090123894854,0.825609934651711,27,"ENSG00000005075;ENSG00000169813;ENSG00000168002;ENSG00000135486;ENSG00000163882;ENSG00000104413;ENSG00000100142;ENSG00000103067;ENSG00000099783;ENSG00000125651;ENSG00000144231;ENSG00000177700;ENSG00000114503;ENSG00000181222;ENSG00000136937;ENSG00000169045"
"REACTOME","REACTOME_MISCELLANEOUS_SUBSTRATES",0.756903086085544,0.842196341649163,0.016976621638945,-0.397221211532959,-0.779283832083647,10,"ENSG00000155016"
"REACTOME","REACTOME_INHIBITION_OF_DNA_RECOMBINATION_AT_TELOMERE",0.761094224924012,0.84354065798388,0.024965118718487,0.275518783547622,0.864615612749613,63,"ENSG00000005075;ENSG00000168002;ENSG00000163882;ENSG00000246705;ENSG00000102977;ENSG00000184260;ENSG00000128513;ENSG00000185130;ENSG00000100142;ENSG00000092330;ENSG00000105968;ENSG00000124635;ENSG00000158406;ENSG00000274641;ENSG00000144231;ENSG00000132604;ENSG00000278463;ENSG00000275713;ENSG00000188486;ENSG00000270276;ENSG00000177700;ENSG00000273703;ENSG00000277075"
"REACTOME","REACTOME_GOLGI_ASSOCIATED_VESICLE_BIOGENESIS",0.760902483343428,0.84354065798388,0.0143567930830064,-0.300835574413558,-0.833857704870368,56,"ENSG00000109686;ENSG00000105402;ENSG00000087086;ENSG00000122126;ENSG00000116675;ENSG00000107295;ENSG00000189114;ENSG00000181704;ENSG00000173230;ENSG00000152056;ENSG00000220205;ENSG00000076554;ENSG00000141367;ENSG00000182827;ENSG00000104164;ENSG00000239264;ENSG00000166747;ENSG00000134644;ENSG00000108582"
"REACTOME","REACTOME_ABERRANT_REGULATION_OF_MITOTIC_EXIT_IN_CANCER_DUE_TO_RB1_DEFECTS",0.761777561923264,0.84354065798388,0.0213417324336379,0.322981453740486,0.804558932482406,20,"ENSG00000145604;ENSG00000166295;ENSG00000141552;ENSG00000175063;ENSG00000053900;ENSG00000176386"
"REACTOME","REACTOME_ACTIVATION_OF_IRF3_IRF7_MEDIATED_BY_TBK1_IKK_IKBKE",0.762293115855121,0.84354065798388,0.0211401753523723,0.333607251754171,0.793553824063254,17,"ENSG00000185507;ENSG00000127666;ENSG00000170315;ENSG00000221983;ENSG00000143947;ENSG00000004139;ENSG00000123240"
"REACTOME","REACTOME_DEFECTIVE_GALNT3_CAUSES_HFTC",0.761166396667438,0.84354065798388,0.020610604530351,0.356019819789146,0.78932664724914,13,"ENSG00000115339;ENSG00000173702;ENSG00000205277;ENSG00000171195"
"REACTOME","REACTOME_CAMK_IV_MEDIATED_PHOSPHORYLATION_OF_CREB",0.759429705829273,0.84354065798388,0.0169279115900287,-0.396347100251412,-0.777568966992423,10,"ENSG00000145349;ENSG00000152495;ENSG00000118260;ENSG00000004660;ENSG00000058404"
"REACTOME","REACTOME_SEROTONIN_RECEPTORS",0.761330935251799,0.84354065798388,0.0168413857218999,-0.386906710878719,-0.774571088904334,11,"ENSG00000168830;ENSG00000158748;ENSG00000148680"
"REACTOME","REACTOME_KERATINIZATION",0.763003232441963,0.843542067754247,0.0138821795613786,-0.293321033101227,-0.841264694376972,70,"ENSG00000134755;ENSG00000140479;ENSG00000126247;ENSG00000144283;ENSG00000140564;ENSG00000046604;ENSG00000189337;ENSG00000171431;ENSG00000171446;ENSG00000092295;ENSG00000204539;ENSG00000187175;ENSG00000196859;ENSG00000212899;ENSG00000133710;ENSG00000014216"
"REACTOME","REACTOME_STAT3_NUCLEAR_EVENTS_DOWNSTREAM_OF_ALK_SIGNALING",0.763489208633094,0.843542067754247,0.0168000588840203,-0.385416382335543,-0.77158751335484,11,"ENSG00000120217;ENSG00000169375;ENSG00000100644"
"REACTOME","REACTOME_PHOSPHORYLATION_OF_THE_APC_C",0.764448761534726,0.843941869653661,0.0212873291706118,0.32250602339074,0.803374617623979,20,"ENSG00000166295;ENSG00000166851;ENSG00000141552;ENSG00000175063;ENSG00000134057;ENSG00000053900;ENSG00000176386;ENSG00000170312"
"REACTOME","REACTOME_EGFR_DOWNREGULATION",0.768146467919637,0.846700087980115,0.0151965315868424,-0.325529685346803,-0.804544947271283,30,"ENSG00000107295;ENSG00000063245;ENSG00000113070;ENSG00000102606;ENSG00000146648;ENSG00000136738;ENSG00000127527;ENSG00000163235;ENSG00000147010;ENSG00000150991;ENSG00000085832;ENSG00000140600;ENSG00000136158;ENSG00000115145"
"REACTOME","REACTOME_TIE2_SIGNALING",0.768043888222184,0.846700087980115,0.0160161373110066,-0.355566006915944,-0.786870001099453,17,"ENSG00000145675;ENSG00000179295;ENSG00000091879;ENSG00000115290;ENSG00000101280"
"REACTOME","REACTOME_NOTCH3_ACTIVATION_AND_TRANSMISSION_OF_SIGNAL_TO_THE_NUCLEUS",0.769815059445178,0.8478774289677,0.0154394134263635,-0.331841583951535,-0.792138823744669,25,"ENSG00000101384;ENSG00000138613;ENSG00000143801;ENSG00000205155;ENSG00000074181;ENSG00000146648;ENSG00000137845;ENSG00000197530"
"REACTOME","REACTOME_DEGRADATION_OF_BETA_CATENIN_BY_THE_DESTRUCTION_COMPLEX",0.770448548812665,0.847913757539737,0.0137080212455066,-0.291155016362772,-0.838504139126988,72,"ENSG00000099341;ENSG00000065717;ENSG00000105568;ENSG00000013275;ENSG00000104695;ENSG00000166167;ENSG00000137713;ENSG00000136997;ENSG00000041357;ENSG00000196781;ENSG00000173692;ENSG00000113712;ENSG00000168646;ENSG00000175029;ENSG00000134982"
"REACTOME","REACTOME_SIGNALING_BY_THE_B_CELL_RECEPTOR_BCR",0.774130190796857,0.851302047823335,0.0130039975582503,-0.28287896216424,-0.851669603216869,98,"ENSG00000254087;ENSG00000099341;ENSG00000145675;ENSG00000123104;ENSG00000013275;ENSG00000172575;ENSG00000138814;ENSG00000010810;ENSG00000172175;ENSG00000166167;ENSG00000144935;ENSG00000135341;ENSG00000041357;ENSG00000173692"
"REACTOME","REACTOME_GSK3B_MEDIATED_PROTEASOMAL_DEGRADATION_OF_PD_L1_CD274",0.778275475923852,0.854734976621262,0.0232530010918005,0.283611944938523,0.835921517286478,44,"ENSG00000161057;ENSG00000127922;ENSG00000170315;ENSG00000126067;ENSG00000130706;ENSG00000101182;ENSG00000165916;ENSG00000100764;ENSG00000115233;ENSG00000100567;ENSG00000221983;ENSG00000100902;ENSG00000143947;ENSG00000103035;ENSG00000277791;ENSG00000129084;ENSG00000175166;ENSG00000159377;ENSG00000087191;ENSG00000100387;ENSG00000121022"
"REACTOME","REACTOME_CONSTITUTIVE_SIGNALING_BY_LIGAND_RESPONSIVE_EGFR_CANCER_VARIANTS",0.778462592021914,0.854734976621262,0.0158009300144027,-0.345089178895271,-0.779474999908933,19,"ENSG00000145675;ENSG00000124181;ENSG00000146648;ENSG00000109458"
"REACTOME","REACTOME_SIGNALING_BY_FGFR2_IIIA_TM",0.77914740626605,0.854822173774408,0.0157881910182036,-0.344851583265369,-0.778938327463309,19,"ENSG00000105258;ENSG00000099817;ENSG00000138685;ENSG00000102978;ENSG00000066468"
"REACTOME","REACTOME_SIGNALING_BY_ALK_IN_CANCER",0.780218223040952,0.855066878542094,0.0130355735779487,-0.283687808651069,-0.844286334696455,90,"ENSG00000115414;ENSG00000145675;ENSG00000143924;ENSG00000078687;ENSG00000108946;ENSG00000119866;ENSG00000169047;ENSG00000127946;ENSG00000124181;ENSG00000115415;ENSG00000100453;ENSG00000126070;ENSG00000166225;ENSG00000126214;ENSG00000134698;ENSG00000153201;ENSG00000171094;ENSG00000141367;ENSG00000092847;ENSG00000122691;ENSG00000167460;ENSG00000169057;ENSG00000110324"
"REACTOME","REACTOME_ZBP1_DAI_MEDIATED_INDUCTION_OF_TYPE_I_IFNS",0.780581590963711,0.855066878542094,0.0208035511201481,0.322033040742399,0.792201580913788,19,"ENSG00000104365;ENSG00000127666;ENSG00000173039;ENSG00000269335;ENSG00000109320;ENSG00000077150"
"REACTOME","REACTOME_PEPTIDE_LIGAND_BINDING_RECEPTORS",0.78602911713637,0.859034917489593,0.0120655349029408,-0.272945125135021,-0.858576476677603,146,"ENSG00000107562;ENSG00000122585;ENSG00000181104;ENSG00000116014;ENSG00000116329;ENSG00000133636;ENSG00000168398;ENSG00000169836;ENSG00000164251;ENSG00000197746;ENSG00000142192;ENSG00000082556;ENSG00000171509;ENSG00000125510;ENSG00000187094;ENSG00000183971;ENSG00000056291;ENSG00000121966;ENSG00000157005;ENSG00000180616;ENSG00000213088;ENSG00000180210"
"REACTOME","REACTOME_DEVELOPMENTAL_LINEAGE_OF_MULTIPOTENT_PANCREATIC_PROGENITOR_CELLS",0.78586387434555,0.859034917489593,0.015941867213819,-0.3556634392117,-0.764754493557228,15,"ENSG00000138685;ENSG00000152804;ENSG00000121966;ENSG00000070193"
"REACTOME","REACTOME_INDUCTION_OF_CELL_CELL_FUSION",0.784892086330935,0.859034917489593,0.0163972193951681,-0.377542473748308,-0.755824276954788,11,"ENSG00000151572;ENSG00000140564"
"REACTOME","REACTOME_ACTIVATION_OF_ANTERIOR_HOX_GENES_IN_HINDBRAIN_DEVELOPMENT_DURING_EARLY_EMBRYOGENESIS",0.788819875776398,0.859419427450718,0.0124939753750446,-0.277431963923637,-0.848627177897416,112,"ENSG00000128645;ENSG00000170166;ENSG00000105258;ENSG00000204103;ENSG00000099817;ENSG00000124151;ENSG00000122877;ENSG00000128652;ENSG00000144580;ENSG00000132475;ENSG00000102978;ENSG00000184678;ENSG00000274750;ENSG00000007372;ENSG00000185630;ENSG00000172819;ENSG00000078043;ENSG00000270882"
"REACTOME","REACTOME_TRANSCRIPTIONAL_ACTIVATION_OF_MITOCHONDRIAL_BIOGENESIS",0.790704387990762,0.859419427450718,0.023492834989153,0.27504842596069,0.837529741426833,52,"ENSG00000106028;ENSG00000173153;ENSG00000023330;ENSG00000198668;ENSG00000182054;ENSG00000131069;ENSG00000142453;ENSG00000101849;ENSG00000142082"
"REACTOME","REACTOME_PROTEIN_UBIQUITINATION",0.79125018108069,0.859419427450718,0.013151878954769,-0.285279770746386,-0.833197667314224,79,"ENSG00000006712;ENSG00000176641;ENSG00000140367;ENSG00000140395;ENSG00000170142;ENSG00000072401;ENSG00000124486;ENSG00000108106;ENSG00000104343;ENSG00000187555;ENSG00000134371;ENSG00000099804;ENSG00000095787;ENSG00000033178;ENSG00000131871"
"REACTOME","REACTOME_SIGNALING_BY_CSF3_G_CSF",0.788404847690796,0.859419427450718,0.0149758443095888,-0.323047930618257,-0.786539044194578,28,"ENSG00000254087;ENSG00000179295;ENSG00000072401;ENSG00000115415"
"REACTOME","REACTOME_ADRENALINE_NORADRENALINE_INHIBITS_INSULIN_SECRETION",0.787888760901761,0.859419427450718,0.0150540429058149,-0.325343057539758,-0.782826859745315,26,"ENSG00000176533;ENSG00000173175;ENSG00000172380;ENSG00000165995;ENSG00000111664;ENSG00000078369;ENSG00000127955;ENSG00000242616;ENSG00000151067"
"REACTOME","REACTOME_INTEGRIN_SIGNALING",0.789964040536123,0.859419427450718,0.0149189755317702,-0.322162971284706,-0.78208090614368,27,"ENSG00000115414;ENSG00000172575;ENSG00000127314;ENSG00000169398"
"REACTOME","REACTOME_ACTIVATION_OF_THE_AP_1_FAMILY_OF_TRANSCRIPTION_FACTORS",0.789060748711051,0.859419427450718,0.0195769127676632,0.363481976634868,0.753250389084058,10,"ENSG00000050748;ENSG00000177606;ENSG00000102882"
"REACTOME","REACTOME_RETINOID_CYCLE_DISEASE_EVENTS",0.790107913669065,0.859419427450718,0.0163009080524866,-0.375403908177636,-0.751542957928279,11,"ENSG00000121207;ENSG00000114115;ENSG00000137868;ENSG00000138207"
"REACTOME","REACTOME_RHOH_GTPASE_CYCLE",0.795857181793404,0.860468000517518,0.0224676027414656,0.288056034674744,0.818061200462928,37,"ENSG00000141522;ENSG00000165280;ENSG00000105281;ENSG00000116984;ENSG00000111348;ENSG00000033867;ENSG00000168421;ENSG00000123416;ENSG00000148175;ENSG00000149269;ENSG00000088833;ENSG00000144909;ENSG00000137831;ENSG00000149357"
"REACTOME","REACTOME_GLYCOGEN_METABOLISM",0.794904458598726,0.860468000517518,0.0214262892347867,0.301709570829416,0.798293693172252,26,"ENSG00000056998;ENSG00000044446;ENSG00000198668;ENSG00000169764;ENSG00000170315"
"REACTOME","REACTOME_APOPTOTIC_FACTOR_MEDIATED_RESPONSE",0.79504613890238,0.860468000517518,0.0206808421906048,0.315279732633272,0.78537365592694,20,"ENSG00000164305;ENSG00000165806;ENSG00000102882;ENSG00000149089;ENSG00000120868;ENSG00000147889;ENSG00000169857"
"REACTOME","REACTOME_PROCESSING_OF_INTRONLESS_PRE_MRNAS",0.795774647887324,0.860468000517518,0.0206667623593151,0.315168340201812,0.785096173196263,20,"ENSG00000160917;ENSG00000119203;ENSG00000101811;ENSG00000172409"
"REACTOME","REACTOME_ADP_SIGNALLING_THROUGH_P2Y_PURINOCEPTOR_1",0.792866711319491,0.860468000517518,0.0152148280108042,-0.330686041594501,-0.775150486412143,23,"ENSG00000176533;ENSG00000116711;ENSG00000172380;ENSG00000156052;ENSG00000156049;ENSG00000111664;ENSG00000078369;ENSG00000242616"
"REACTOME","REACTOME_RUNX3_REGULATES_NOTCH_SIGNALING",0.795871960818611,0.860468000517518,0.0157913746301979,-0.357253096572926,-0.75562659545105,14,"ENSG00000196782;ENSG00000114315;ENSG00000101384"
"REACTOME","REACTOME_MRNA_3_END_PROCESSING",0.797132235793946,0.861144405184667,0.0117714102985855,-0.27113488880701,-0.857118177760862,152,"ENSG00000154548;ENSG00000104852;ENSG00000125755;ENSG00000063244;ENSG00000115524;ENSG00000170144;ENSG00000131876;ENSG00000128739;ENSG00000161265;ENSG00000102241;ENSG00000105258;ENSG00000099817;ENSG00000125743;ENSG00000003756;ENSG00000058673;ENSG00000102978;ENSG00000125676;ENSG00000124193;ENSG00000131051;ENSG00000011304;ENSG00000164609;ENSG00000115421;ENSG00000108654;ENSG00000125944;ENSG00000111605;ENSG00000213639;ENSG00000116754;ENSG00000163714;ENSG00000145216;ENSG00000117751;ENSG00000165494;ENSG00000145833;ENSG00000133226;ENSG00000126945;ENSG00000198563;ENSG00000188529;ENSG00000149532;ENSG00000122257;ENSG00000100650;ENSG00000198231;ENSG00000168438;ENSG00000122068;ENSG00000134453;ENSG00000165119;ENSG00000265241;ENSG00000115875;ENSG00000153187"
"REACTOME","REACTOME_LISTERIA_MONOCYTOGENES_ENTRY_INTO_HOST_CELLS",0.797717338513842,0.861144405184667,0.0206292951778269,0.314671615101548,0.783858812314461,20,"ENSG00000105976;ENSG00000141985;ENSG00000170315;ENSG00000185359;ENSG00000221983;ENSG00000143947;ENSG00000105879;ENSG00000177885"
"REACTOME","REACTOME_SIGNALING_BY_PDGFR_IN_DISEASE",0.802359171882523,0.865493621618122,0.0204068699148483,0.318946339592672,0.771050877381438,18,"ENSG00000107104;ENSG00000105647;ENSG00000139083;ENSG00000115808"
"REACTOME","REACTOME_CYTOSOLIC_IRON_SULFUR_CLUSTER_ASSEMBLY",0.803749132145337,0.866331125640622,0.0197802886702778,0.341724502528544,0.757632695908575,13,"ENSG00000095906;ENSG00000258366;ENSG00000005194;ENSG00000166595;ENSG00000188566;ENSG00000155229;ENSG00000103245;ENSG00000103274"
"REACTOME","REACTOME_DEGRADATION_OF_CRY_AND_PER_PROTEINS",0.807810578105781,0.869834326336877,0.0137135194949595,-0.296058044546826,-0.798230531192978,48,"ENSG00000099341;ENSG00000013275;ENSG00000072401;ENSG00000166167;ENSG00000121671;ENSG00000132326;ENSG00000041357;ENSG00000173692;ENSG00000179094"
"REACTOME","REACTOME_TRYPTOPHAN_CATABOLISM",0.808231328720951,0.869834326336877,0.0157722843078912,-0.359680132196939,-0.736024157164348,12,"ENSG00000103257;ENSG00000109576"
"REACTOME","REACTOME_MAP2K_AND_MAPK_ACTIVATION",0.811217510259918,0.87171927282116,0.0222254655651192,0.281464332631636,0.81381919342605,40,"ENSG00000102882;ENSG00000184009;ENSG00000075624;ENSG00000141480;ENSG00000078061;ENSG00000116586;ENSG00000123154;ENSG00000137486;ENSG00000141068;ENSG00000126934;ENSG00000171560;ENSG00000174775;ENSG00000137076;ENSG00000116473;ENSG00000166913;ENSG00000035403;ENSG00000213281;ENSG00000259207;ENSG00000149970"
"REACTOME","REACTOME_INACTIVATION_OF_CSF3_G_CSF_SIGNALING",0.810783657066309,0.87171927282116,0.0148921182612961,-0.325230590268485,-0.762362538881703,23,"ENSG00000254087;ENSG00000072401;ENSG00000115415"
"REACTOME","REACTOME_G_PROTEIN_ACTIVATION",0.813509544787078,0.872853706108932,0.0204482678859152,0.307986539025105,0.776606544269949,21,"ENSG00000168243;ENSG00000172354;ENSG00000114450;ENSG00000127928;ENSG00000186469;ENSG00000088256;ENSG00000060558;ENSG00000174021"
"REACTOME","REACTOME_ACTIVATION_OF_SMO",0.813298791018998,0.872853706108932,0.0152943953020928,-0.340255836285087,-0.743953683691224,16,"ENSG00000128602;ENSG00000064309;ENSG00000113712;ENSG00000139549;ENSG00000106012;ENSG00000072840"
"REACTOME","REACTOME_THE_PHOTOTRANSDUCTION_CASCADE",0.815551244746201,0.873716508028555,0.0142994807121528,-0.311717363467402,-0.774716001303514,31,"ENSG00000065675;ENSG00000154229;ENSG00000108370;ENSG00000114124;ENSG00000132915;ENSG00000078369;ENSG00000186326;ENSG00000070729;ENSG00000074621;ENSG00000114349;ENSG00000185974;ENSG00000112599;ENSG00000185527"
"REACTOME","REACTOME_REDUCTION_OF_CYTOSOLIC_CA_LEVELS",0.815504701082136,0.873716508028555,0.0156425559987369,-0.356276160587851,-0.729058508772019,12,"ENSG00000118160;ENSG00000070961"
"REACTOME","REACTOME_INTRA_GOLGI_AND_RETROGRADE_GOLGI_TO_ER_TRAFFIC",0.818619989852867,0.874350548920006,0.0106953898168898,-0.263429910422003,-0.8575808988209,202,"ENSG00000105443;ENSG00000162849;ENSG00000105402;ENSG00000154917;ENSG00000116711;ENSG00000196547;ENSG00000164292;ENSG00000105438;ENSG00000077380;ENSG00000133103;ENSG00000135720;ENSG00000107036;ENSG00000173905;ENSG00000130294;ENSG00000148429;ENSG00000066735;ENSG00000007168;ENSG00000144674;ENSG00000141252;ENSG00000137285;ENSG00000185963;ENSG00000137502;ENSG00000183785;ENSG00000167552;ENSG00000126214;ENSG00000008256;ENSG00000079462;ENSG00000151746;ENSG00000151779;ENSG00000134970;ENSG00000137267;ENSG00000111885;ENSG00000073969;ENSG00000184432;ENSG00000172780;ENSG00000144747;ENSG00000108669;ENSG00000108433;ENSG00000101199;ENSG00000104892;ENSG00000127824;ENSG00000132912;ENSG00000120805;ENSG00000089177;ENSG00000166557;ENSG00000086598;ENSG00000143641;ENSG00000136152;ENSG00000122218;ENSG00000265808;ENSG00000053501;ENSG00000108587;ENSG00000165115;ENSG00000158560;ENSG00000137171;ENSG00000153130;ENSG00000112893;ENSG00000170759;ENSG00000170348;ENSG00000139116;ENSG00000115839;ENSG00000168374;ENSG00000136631"
"REACTOME","REACTOME_FORMATION_OF_INCISION_COMPLEX_IN_GG_NER",0.817954419121734,0.874350548920006,0.0223432461588525,0.277244179889149,0.814292981587952,43,"ENSG00000106399;ENSG00000129484;ENSG00000143799;ENSG00000020426;ENSG00000145736;ENSG00000117748;ENSG00000170315;ENSG00000179262;ENSG00000272047;ENSG00000131778;ENSG00000132383;ENSG00000134574;ENSG00000154767;ENSG00000221983;ENSG00000143947;ENSG00000103275"
"REACTOME","REACTOME_ACTIVATION_OF_BH3_ONLY_PROTEINS",0.818537859007833,0.874350548920006,0.0213516499958366,0.290004007244855,0.793060722809842,30,"ENSG00000142208;ENSG00000101412;ENSG00000128245;ENSG00000164924;ENSG00000171791;ENSG00000120910;ENSG00000088986;ENSG00000002330;ENSG00000198176;ENSG00000166913;ENSG00000108953"
"REACTOME","REACTOME_PHOSPHORYLATION_OF_CD3_AND_TCR_ZETA_CHAINS",0.817810892318609,0.874350548920006,0.0156016825393435,-0.355009523254812,-0.726466551107333,12,"ENSG00000149177;ENSG00000182866;ENSG00000223865;ENSG00000134242;ENSG00000198821;ENSG00000103653"
"REACTOME","REACTOME_POSITIVE_EPIGENETIC_REGULATION_OF_RRNA_EXPRESSION",0.81990854730918,0.875064904611159,0.0261719936295095,0.256096120622959,0.863556059395461,100,"ENSG00000102054;ENSG00000137054;ENSG00000197879;ENSG00000075624;ENSG00000163882;ENSG00000116478;ENSG00000246705;ENSG00000184260;ENSG00000108773;ENSG00000273983;ENSG00000185130;ENSG00000171453;ENSG00000149480;ENSG00000100142;ENSG00000105968;ENSG00000124635;ENSG00000115750;ENSG00000124795;ENSG00000186184;ENSG00000158406;ENSG00000278828;ENSG00000122565;ENSG00000167491;ENSG00000274641;ENSG00000132382;ENSG00000125630;ENSG00000278463;ENSG00000275713;ENSG00000188486;ENSG00000270276;ENSG00000066379;ENSG00000165732;ENSG00000177700;ENSG00000273703;ENSG00000112592;ENSG00000277075"
"REACTOME","REACTOME_LOSS_OF_FUNCTION_OF_MECP2_IN_RETT_SYNDROME",0.822031937051608,0.876668500843558,0.0194403445879685,0.336020246871366,0.744985869123485,13,"ENSG00000198668;ENSG00000116478;ENSG00000072062;ENSG00000101849;ENSG00000132522"
"REACTOME","REACTOME_THYROXINE_BIOSYNTHESIS",0.822726220782226,0.876746734901512,0.0194276186968645,0.335848449983689,0.744604980605993,13,"ENSG00000153066;ENSG00000115705;ENSG00000211448"
"REACTOME","REACTOME_PROLONGED_ERK_ACTIVATION_EVENTS",0.824383417876509,0.87785021571767,0.0152821241008267,-0.345693448905904,-0.731176766198242,14,"ENSG00000166225;ENSG00000134313;ENSG00000169032;ENSG00000134259;ENSG00000167193;ENSG00000099942"
"REACTOME","REACTOME_DOWNSTREAM_TCR_SIGNALING",0.825021872265967,0.877868035900185,0.0126399778868536,-0.279915997201713,-0.809928593758638,74,"ENSG00000099341;ENSG00000145675;ENSG00000065675;ENSG00000013275;ENSG00000072401;ENSG00000055208;ENSG00000172175;ENSG00000104312;ENSG00000166167;ENSG00000135341;ENSG00000041357;ENSG00000173692;ENSG00000171862;ENSG00000099804"
"REACTOME","REACTOME_SIGNALING_BY_MODERATE_KINASE_ACTIVITY_BRAF_MUTANTS",0.82808988764045,0.880469067280357,0.0223163782591721,0.274700338600586,0.812429756780894,45,"ENSG00000198668;ENSG00000102882;ENSG00000184009;ENSG00000075624;ENSG00000167085;ENSG00000070808;ENSG00000141480;ENSG00000078061;ENSG00000137486;ENSG00000173327;ENSG00000141068;ENSG00000126934;ENSG00000096968;ENSG00000171560;ENSG00000174775;ENSG00000137076;ENSG00000116473;ENSG00000166913;ENSG00000035403;ENSG00000213281;ENSG00000259207;ENSG00000149970"
"REACTOME","REACTOME_RHO_GTPASES_ACTIVATE_ROCKS",0.830088920932468,0.881619357653523,0.0198634700521201,0.308117996523818,0.757970559143376,19,"ENSG00000143878;ENSG00000067560;ENSG00000100345;ENSG00000182541;ENSG00000172757;ENSG00000149269"
"REACTOME","REACTOME_RHOBTB2_GTPASE_CYCLE",0.831044876088413,0.881619357653523,0.014535919268984,-0.318887031516438,-0.747492807372858,23,"ENSG00000036257;ENSG00000196586;ENSG00000113758;ENSG00000146247;ENSG00000133226;ENSG00000198563;ENSG00000151239;ENSG00000153944"
"REACTOME","REACTOME_SARS_COV_2_MODULATES_AUTOPHAGY",0.830755395683453,0.881619357653523,0.0155734579003119,-0.358481978188329,-0.717665960270597,11,"ENSG00000140941;ENSG00000184056;ENSG00000006715;ENSG00000166887;ENSG00000160695;ENSG00000136631"
"REACTOME","REACTOME_EPIGENETIC_REGULATION_OF_GENE_EXPRESSION_BY_MLL3_AND_MLL4_COMPLEXES",0.832827899924185,0.882847593613325,0.027192973763518,0.249956471023495,0.873320551553955,127,"ENSG00000245848;ENSG00000169692;ENSG00000157212;ENSG00000062282;ENSG00000074416;ENSG00000164885;ENSG00000129691;ENSG00000280789;ENSG00000134324;ENSG00000164758;ENSG00000196363;ENSG00000246705;ENSG00000184260;ENSG00000012660;ENSG00000273983;ENSG00000101849;ENSG00000162961;ENSG00000185130;ENSG00000133997;ENSG00000132522;ENSG00000105968;ENSG00000124635;ENSG00000158406;ENSG00000008838;ENSG00000278828;ENSG00000167676;ENSG00000116833;ENSG00000135218;ENSG00000274641;ENSG00000278463;ENSG00000275713;ENSG00000188486;ENSG00000133398;ENSG00000270276;ENSG00000171720"
"REACTOME","REACTOME_TRAF6_MEDIATED_INDUCTION_OF_TAK1_COMPLEX_WITHIN_TLR4_COMPLEX",0.837546816479401,0.886032080915888,0.0193304880704373,0.318449849390563,0.73302778076005,15,"ENSG00000100324;ENSG00000127666;ENSG00000170315;ENSG00000221983;ENSG00000143947;ENSG00000157625;ENSG00000004139"
"REACTOME","REACTOME_NRIF_SIGNALS_CELL_DEATH_FROM_THE_NUCLEUS",0.838341968911917,0.886032080915888,0.014856388494778,-0.330639773295981,-0.72292860573383,16,"ENSG00000138613;ENSG00000143801;ENSG00000205155;ENSG00000134259;ENSG00000064300;ENSG00000107643;ENSG00000150991;ENSG00000175104"
"REACTOME","REACTOME_COHESIN_LOADING_ONTO_CHROMATIN",0.837213499368345,0.886032080915888,0.0155109466757234,-0.362423088288459,-0.711015537128701,10,"ENSG00000164190;ENSG00000164754;ENSG00000129933;ENSG00000101972;ENSG00000062650"
"REACTOME","REACTOME_SARS_COV_2_TARGETS_HOST_INTRACELLULAR_SIGNALLING_AND_REGULATORY_PATHWAYS",0.838211814795104,0.886032080915888,0.0152453762573794,-0.34649136389821,-0.709035588149385,12,"ENSG00000105221;ENSG00000117020"
"REACTOME","REACTOME_FORMATION_OF_THE_POLYBROMO_BAF_PBAF_COMPLEX",0.839774281805746,0.886882038825514,0.014687900236547,-0.327519843791743,-0.732639714910824,18,"ENSG00000110987;ENSG00000082014"
"REACTOME","REACTOME_NEGATIVE_EPIGENETIC_REGULATION_OF_RRNA_EXPRESSION",0.841174389812522,0.887314896439017,0.0258324962371929,0.251789660170421,0.853743035920274,103,"ENSG00000137054;ENSG00000164105;ENSG00000108312;ENSG00000130816;ENSG00000020426;ENSG00000101945;ENSG00000145736;ENSG00000163882;ENSG00000116478;ENSG00000246705;ENSG00000150459;ENSG00000184260;ENSG00000134046;ENSG00000273983;ENSG00000185130;ENSG00000171453;ENSG00000100142;ENSG00000272047;ENSG00000105968;ENSG00000132275;ENSG00000124635;ENSG00000115750;ENSG00000186184;ENSG00000158406;ENSG00000278828;ENSG00000274641;ENSG00000125630;ENSG00000278463;ENSG00000275713;ENSG00000188486;ENSG00000270276;ENSG00000066379;ENSG00000177700;ENSG00000273703;ENSG00000112592;ENSG00000277075;ENSG00000163161"
"REACTOME","REACTOME_APOPTOSIS",0.841440967657113,0.887314896439017,0.0108218676918113,-0.263575456934951,-0.838475669825981,162,"ENSG00000196730;ENSG00000107731;ENSG00000105483;ENSG00000099341;ENSG00000134602;ENSG00000105221;ENSG00000065675;ENSG00000013275;ENSG00000064012;ENSG00000104067;ENSG00000117020;ENSG00000186868;ENSG00000067900;ENSG00000197822;ENSG00000100453;ENSG00000187323;ENSG00000046604;ENSG00000170458;ENSG00000169398;ENSG00000114126;ENSG00000041357;ENSG00000108561;ENSG00000173692;ENSG00000101966;ENSG00000179222;ENSG00000134982;ENSG00000100813;ENSG00000182568;ENSG00000105928"
"REACTOME","REACTOME_DENGUE_VIRUS_HOST_INTERACTIONS",0.843975903614458,0.888660683000458,0.00943508931703846,-0.255845793281884,-0.856925778957973,283,"ENSG00000076716;ENSG00000125755;ENSG00000183098;ENSG00000063244;ENSG00000006712;ENSG00000115524;ENSG00000105323;ENSG00000170144;ENSG00000140395;ENSG00000131876;ENSG00000128739;ENSG00000142798;ENSG00000104067;ENSG00000161265;ENSG00000147257;ENSG00000105258;ENSG00000115884;ENSG00000096401;ENSG00000145349;ENSG00000099817;ENSG00000078142;ENSG00000063660;ENSG00000125743;ENSG00000140464;ENSG00000162512;ENSG00000154153;ENSG00000003756;ENSG00000163510;ENSG00000160551;ENSG00000102978;ENSG00000184678;ENSG00000124193;ENSG00000274750;ENSG00000164327;ENSG00000011304;ENSG00000134371;ENSG00000169439;ENSG00000063177;ENSG00000108654;ENSG00000125944;ENSG00000180210;ENSG00000270882;ENSG00000111605;ENSG00000215301;ENSG00000116754;ENSG00000163714;ENSG00000145216;ENSG00000165494;ENSG00000203814;ENSG00000145833;ENSG00000196890;ENSG00000188157;ENSG00000133226;ENSG00000273802;ENSG00000179399;ENSG00000126945;ENSG00000126581;ENSG00000100985;ENSG00000171566;ENSG00000149532;ENSG00000168036;ENSG00000058404;ENSG00000100650;ENSG00000198231;ENSG00000127481;ENSG00000168438;ENSG00000197061;ENSG00000181218;ENSG00000100906;ENSG00000170581;ENSG00000134453;ENSG00000165119;ENSG00000273559;ENSG00000182326;ENSG00000115875;ENSG00000153187"
"REACTOME","REACTOME_PRE_NOTCH_EXPRESSION_AND_PROCESSING",0.843710823234434,0.888660683000458,0.0116418305372953,-0.270139161106139,-0.818582165930305,104,"ENSG00000196782;ENSG00000064225;ENSG00000134250;ENSG00000078687;ENSG00000074181;ENSG00000163389;ENSG00000140564;ENSG00000132475;ENSG00000090905;ENSG00000126070;ENSG00000184678;ENSG00000274750;ENSG00000114126;ENSG00000134698;ENSG00000112242;ENSG00000092847;ENSG00000270882;ENSG00000163558;ENSG00000196890;ENSG00000100354;ENSG00000005339;ENSG00000168214;ENSG00000086598;ENSG00000273802"
"REACTOME","REACTOME_ABC_TRANSPORTERS_IN_LIPID_HOMEOSTASIS",0.849521203830369,0.893833040095739,0.0145213906184602,-0.323799469478169,-0.724317489469755,18,"ENSG00000064687;ENSG00000160179"
"REACTOME","REACTOME_SPHINGOLIPID_CATABOLISM",0.850930284689531,0.894648966479239,0.0184459095608006,0.339230227019843,0.70299304206892,10,"ENSG00000072210;ENSG00000163082;ENSG00000162407;ENSG00000126821;ENSG00000177076"
"REACTOME","REACTOME_NEGATIVE_REGULATION_OF_MET_ACTIVITY",0.852912383749388,0.895482172055022,0.0197280419645853,0.295790427490451,0.745853316994368,21,"ENSG00000105976;ENSG00000141985;ENSG00000170315;ENSG00000185359;ENSG00000221983;ENSG00000143947;ENSG00000144749;ENSG00000177885;ENSG00000196396"
"REACTOME","REACTOME_SIGNALING_BY_HIPPO",0.852991162474507,0.895482172055022,0.014374031026849,-0.317314349651666,-0.724335330515936,20,"ENSG00000104067;ENSG00000150457;ENSG00000173542;ENSG00000113645;ENSG00000126016;ENSG00000114019"
"REACTOME","REACTOME_PTK6_REGULATES_RHO_GTPASES_RAS_GTPASE_AND_MAP_KINASES",0.855868462480322,0.897168722362446,0.0147408900777709,-0.33235342106763,-0.702961252000173,14,"ENSG00000160007;ENSG00000150760;ENSG00000062598;ENSG00000145715;ENSG00000133703;ENSG00000167193"
"REACTOME","REACTOME_CD28_DEPENDENT_VAV1_PATHWAY",0.85526078325212,0.897168722362446,0.0152026276921405,-0.354453594250692,-0.695380677576384,10,"ENSG00000010810;ENSG00000182866"
"REACTOME","REACTOME_VEGFR2_MEDIATED_CELL_PROLIFERATION",0.858413132694938,0.899168652348111,0.0143711566113984,-0.31951464496423,-0.714732627148158,18,"ENSG00000123104;ENSG00000154229;ENSG00000124181;ENSG00000150995;ENSG00000145715;ENSG00000133703"
"REACTOME","REACTOME_RHOBTB_GTPASE_CYCLE",0.860446570972887,0.900599504169484,0.0133306107957116,-0.293640929281823,-0.748373727384856,35,"ENSG00000036257;ENSG00000196586;ENSG00000113758;ENSG00000067900;ENSG00000146247;ENSG00000065526;ENSG00000133226;ENSG00000198563;ENSG00000151239;ENSG00000166200;ENSG00000149532;ENSG00000122257;ENSG00000153944"
"REACTOME","REACTOME_TRANSPORT_OF_CONNEXONS_TO_THE_PLASMA_MEMBRANE",0.86105476673428,0.900599504169484,0.0141600098146442,-0.312512263228916,-0.719544801478164,21,"ENSG00000152661;ENSG00000137285;ENSG00000183785;ENSG00000167552;ENSG00000137267;ENSG00000127824"
"REACTOME","REACTOME_ACTIVATION_OF_THE_PHOTOTRANSDUCTION_CASCADE",0.863800090049527,0.902774857668489,0.0182863654043061,0.324710442401907,0.690242003422281,11,"ENSG00000127928;ENSG00000133256"
"REACTOME","REACTOME_MITOCHONDRIAL_FATTY_ACID_BETA_OXIDATION_OF_SATURATED_FATTY_ACIDS",0.865052678771576,0.902774857668489,0.0182015902648862,0.331827617771752,0.687652478699081,10,"ENSG00000117054;ENSG00000127884;ENSG00000116353;ENSG00000122971;ENSG00000138796;ENSG00000084754"
"REACTOME","REACTOME_SERINE_METABOLISM",0.865006316549359,0.902774857668489,0.0150389705030668,-0.349316319382253,-0.685302174390478,10,"ENSG00000139410;ENSG00000164300;ENSG00000111897;ENSG00000168528"
"REACTOME","REACTOME_REGULATION_OF_LOCALIZATION_OF_FOXO_TRANSCRIPTION_FACTORS",0.870675891431613,0.907972199927206,0.0146967181178796,-0.331118593276875,-0.677577830194455,12,"ENSG00000105221;ENSG00000117020"
"REACTOME","REACTOME_CHROMATIN_MODIFICATIONS_DURING_THE_MATERNAL_TO_ZYGOTIC_TRANSITION_MZT",0.875075987841945,0.911887302459651,0.0226924583309397,0.257553933950736,0.808239458491942,63,"ENSG00000276043;ENSG00000076248;ENSG00000181038;ENSG00000246705;ENSG00000184260;ENSG00000273983;ENSG00000185130;ENSG00000105968;ENSG00000124635;ENSG00000158406;ENSG00000278828;ENSG00000274641;ENSG00000278463;ENSG00000275713;ENSG00000188486;ENSG00000270276"
"REACTOME","REACTOME_GLYCOGEN_SYNTHESIS",0.876779463243874,0.912988644616777,0.0185995925513025,0.309057997781048,0.697839508639833,14,"ENSG00000056998;ENSG00000169764;ENSG00000170315;ENSG00000221983;ENSG00000143947;ENSG00000187566"
"REACTOME","REACTOME_GLYCOGEN_STORAGE_DISEASES",0.877574906367041,0.913143528216848,0.0186313535446168,0.302417529508612,0.696123584114982,15,"ENSG00000056998;ENSG00000170315;ENSG00000141349;ENSG00000221983;ENSG00000143947;ENSG00000187566"
"REACTOME","REACTOME_REGULATION_OF_FOXO_TRANSCRIPTIONAL_ACTIVITY_BY_ACETYLATION",0.879985562172893,0.914977624291697,0.0147911191324165,-0.341860682125036,-0.670675418810113,10,"ENSG00000096717;ENSG00000150907;ENSG00000005339"
"REACTOME","REACTOME_UB_SPECIFIC_PROCESSING_PROTEASES",0.8810635538262,0.915032760319905,0.00991439088214701,-0.256226983287187,-0.823040527541358,179,"ENSG00000170365;ENSG00000099341;ENSG00000013275;ENSG00000107854;ENSG00000140455;ENSG00000106799;ENSG00000101665;ENSG00000184979;ENSG00000124486;ENSG00000083799;ENSG00000135913;ENSG00000114742;ENSG00000118518;ENSG00000173273;ENSG00000198625;ENSG00000135341;ENSG00000115464;ENSG00000184678;ENSG00000136997;ENSG00000041357;ENSG00000108854;ENSG00000187555;ENSG00000173692;ENSG00000111707;ENSG00000171862;ENSG00000168646;ENSG00000070501;ENSG00000135093;ENSG00000173726;ENSG00000169252;ENSG00000100644;ENSG00000152484;ENSG00000203814;ENSG00000077254;ENSG00000126858;ENSG00000001626;ENSG00000196890"
"REACTOME","REACTOME_INTRINSIC_PATHWAY_FOR_APOPTOSIS",0.882576332978885,0.915032760319905,0.0122533018810769,-0.274648096714595,-0.758287568319513,55,"ENSG00000105483;ENSG00000105221;ENSG00000064012;ENSG00000117020;ENSG00000100453;ENSG00000114126;ENSG00000108561;ENSG00000101966;ENSG00000105928;ENSG00000104518;ENSG00000105327;ENSG00000078900;ENSG00000184047;ENSG00000108387;ENSG00000175793;ENSG00000107643;ENSG00000087088;ENSG00000153094"
"REACTOME","REACTOME_CYTOSOLIC_SULFONATION_OF_SMALL_MOLECULES",0.882630750393563,0.915032760319905,0.0142966210159191,-0.319965841308999,-0.676760262257368,14,"ENSG00000169902;ENSG00000130540;ENSG00000104331"
"REACTOME","REACTOME_ESTABLISHMENT_OF_SISTER_CHROMATID_COHESION",0.882485366951824,0.915032760319905,0.0179694939711885,0.316051275058156,0.671835077636007,11,"ENSG00000146670;ENSG00000118007;ENSG00000171320;ENSG00000072501;ENSG00000121892"
"REACTOME","REACTOME_REGULATION_OF_MITF_M_DEPENDENT_GENES_INVOLVED_IN_LYSOSOME_BIOGENESIS_AND_AUTOPHAGY",0.885823938594387,0.917669406672982,0.0188559870045363,0.291422052896536,0.693207606478593,17,"ENSG00000128524;ENSG00000171130;ENSG00000155097;ENSG00000117410;ENSG00000159720"
"REACTOME","REACTOME_EPIGENETIC_REGULATION_BY_WDR5_CONTAINING_HISTONE_MODIFYING_COMPLEXES",0.887744321183307,0.918984590550461,0.0100763046094068,-0.255943041469582,-0.812240266855223,158,"ENSG00000004799;ENSG00000175445;ENSG00000272333;ENSG00000175221;ENSG00000124151;ENSG00000096717;ENSG00000145284;ENSG00000132964;ENSG00000132475;ENSG00000079435;ENSG00000184678;ENSG00000129292;ENSG00000274750;ENSG00000108510;ENSG00000038219;ENSG00000120071;ENSG00000163872;ENSG00000196498;ENSG00000042429;ENSG00000112282;ENSG00000011243;ENSG00000270882;ENSG00000177565;ENSG00000139289;ENSG00000036549;ENSG00000097007;ENSG00000155846;ENSG00000196890;ENSG00000147872;ENSG00000005339;ENSG00000164091;ENSG00000125686;ENSG00000273802;ENSG00000111727;ENSG00000139718;ENSG00000084676;ENSG00000147050;ENSG00000025293;ENSG00000166821;ENSG00000118058;ENSG00000139687;ENSG00000117505;ENSG00000197061"
"REACTOME","REACTOME_FORMATION_OF_DEFINITIVE_ENDODERM",0.888683175190928,0.919282522615085,0.0182747712049859,0.307532363038595,0.681825773580878,13,"ENSG00000166949;ENSG00000136574;ENSG00000148737;ENSG00000039068;ENSG00000259974"
"REACTOME","REACTOME_SUMOYLATION_OF_DNA_DAMAGE_RESPONSE_AND_REPAIR_PROTEINS",0.889437745169258,0.919389528681546,0.0114840386057783,-0.265674977717717,-0.7722896517475,77,"ENSG00000033800;ENSG00000061273;ENSG00000213024;ENSG00000197299;ENSG00000116030;ENSG00000111752;ENSG00000141570;ENSG00000140464;ENSG00000163002;ENSG00000153201;ENSG00000078043;ENSG00000173889;ENSG00000139372;ENSG00000121481;ENSG00000168283;ENSG00000164754;ENSG00000132182;ENSG00000139496"
"REACTOME","REACTOME_CONVERSION_FROM_APC_C_CDC20_TO_APC_C_CDH1_IN_LATE_ANAPHASE",0.891209324915007,0.919873952324554,0.0189494404584467,0.285563585104721,0.711349616291924,20,"ENSG00000117399;ENSG00000166295;ENSG00000141552;ENSG00000175063;ENSG00000053900;ENSG00000176386"
"REACTOME","REACTOME_IRAK2_MEDIATED_ACTIVATION_OF_TAK1_COMPLEX",0.890831652095943,0.919873952324554,0.0177675549448168,0.31834959408943,0.659721722195597,10,"ENSG00000100324;ENSG00000170315;ENSG00000221983;ENSG00000143947;ENSG00000157625"
"REACTOME","REACTOME_TRISTETRAPROLIN_TTP_ZFP36_BINDS_AND_DESTABILIZES_MRNA",0.893979371551931,0.922059074237638,0.0187191176691419,0.287983371724397,0.685027992337903,17,"ENSG00000162889;ENSG00000178896;ENSG00000107371;ENSG00000123737;ENSG00000166913;ENSG00000120699;ENSG00000130713"
"REACTOME","REACTOME_SIGNALING_BY_FLT3_ITD_AND_TKD_MUTANTS",0.895113438045375,0.922549656064962,0.0140611920689462,-0.311060008717557,-0.668847323638196,15,"ENSG00000145675;ENSG00000179295"
"REACTOME","REACTOME_MITOCHONDRIAL_RNA_DEGRADATION",0.895761741122566,0.922549656064962,0.0180072490464697,0.306570532875391,0.666066508707029,12,"ENSG00000164896;ENSG00000215251;ENSG00000119705;ENSG00000136270"
"REACTOME","REACTOME_MITOCHONDRIAL_MRNA_MODIFICATION",0.898201438848921,0.924388069719152,0.0144460777915352,-0.325176891537765,-0.650990566674057,11,"ENSG00000182768;ENSG00000118246"
"REACTOME","REACTOME_TRANSCRIPTIONAL_REGULATION_BY_SMALL_RNAS",0.902324120603015,0.925434190683103,0.0227257123702447,0.251294989143936,0.802943316092348,71,"ENSG00000005075;ENSG00000168002;ENSG00000163882;ENSG00000132341;ENSG00000246705;ENSG00000184260;ENSG00000273983;ENSG00000185130;ENSG00000100142;ENSG00000105968;ENSG00000124635;ENSG00000133704;ENSG00000158406;ENSG00000278828;ENSG00000274641;ENSG00000144231;ENSG00000278463;ENSG00000275713;ENSG00000188486;ENSG00000270276;ENSG00000177700;ENSG00000273703;ENSG00000277075"
"REACTOME","REACTOME_C_TYPE_LECTIN_RECEPTORS_CLRS",0.903150364561838,0.925434190683103,0.0104373304167445,-0.25697090202719,-0.787003085838395,113,"ENSG00000254087;ENSG00000099341;ENSG00000123104;ENSG00000013275;ENSG00000064012;ENSG00000072401;ENSG00000138814;ENSG00000010810;ENSG00000055208;ENSG00000172175;ENSG00000166167;ENSG00000135341;ENSG00000104856;ENSG00000041357;ENSG00000173692;ENSG00000130725;ENSG00000099804;ENSG00000150995;ENSG00000176945;ENSG00000101096;ENSG00000005339;ENSG00000117983;ENSG00000213341;ENSG00000144744"
"REACTOME","REACTOME_REGULATION_OF_ENDOGENOUS_RETROELEMENTS_BY_THE_HUMAN_SILENCING_HUB_HUSH_COMPLEX",0.903149138443256,0.925434190683103,0.011585857181126,-0.26749303084206,-0.758302330628575,65,"ENSG00000076053;ENSG00000033030;ENSG00000171681;ENSG00000132475;ENSG00000184678;ENSG00000274750;ENSG00000133422;ENSG00000270882;ENSG00000196890;ENSG00000273802;ENSG00000197061;ENSG00000143379;ENSG00000134283;ENSG00000163946"
"REACTOME","REACTOME_REPLACEMENT_OF_PROTAMINES_BY_NUCLEOSOMES_IN_THE_MALE_PRONUCLEUS",0.901987476177512,0.925434190683103,0.020499056300524,0.263381019543235,0.752559266055303,38,"ENSG00000181038;ENSG00000100084;ENSG00000185130;ENSG00000096063;ENSG00000124635;ENSG00000158406;ENSG00000274641;ENSG00000275713;ENSG00000188486;ENSG00000270276"
"REACTOME","REACTOME_NEGATIVE_REGULATION_OF_FLT3",0.902094240837696,0.925434190683103,0.0139490580992562,-0.306256581521507,-0.65851890039403,15,"ENSG00000143322;ENSG00000149177;ENSG00000170677"
"REACTOME","REACTOME_NFE2L2_REGULATING_TUMORIGENIC_GENES",0.901618705035971,0.925434190683103,0.0143912895167185,-0.322996560309937,-0.646625634544876,11,"ENSG00000116044;ENSG00000197461;ENSG00000005339"
"REACTOME","REACTOME_IRON_UPTAKE_AND_TRANSPORT",0.906420351302241,0.928111338679307,0.011815612459759,-0.267967517671292,-0.742753843858976,56,"ENSG00000087086;ENSG00000138449;ENSG00000136381;ENSG00000147416;ENSG00000115107;ENSG00000118777;ENSG00000118564;ENSG00000100292;ENSG00000092096;ENSG00000071553;ENSG00000113732;ENSG00000100554;ENSG00000108010;ENSG00000131100;ENSG00000136888;ENSG00000072274;ENSG00000150991;ENSG00000213760;ENSG00000033627"
"REACTOME","REACTOME_FORMATION_OF_APOPTOSOME",0.907248986942819,0.928286644611058,0.0175615011169824,0.303158597690451,0.644428914194098,11,"ENSG00000102882;ENSG00000149089;ENSG00000120868;ENSG00000169857;ENSG00000132906;ENSG00000137831"
"REACTOME","REACTOME_FORMATION_OF_TC_NER_PRE_INCISION_COMPLEX",0.908201438848921,0.928588292291583,0.0212479146540566,0.253238967005126,0.766893354414736,51,"ENSG00000168090;ENSG00000005075;ENSG00000168002;ENSG00000020426;ENSG00000145736;ENSG00000163882;ENSG00000170315;ENSG00000110107;ENSG00000100142;ENSG00000272047;ENSG00000221983;ENSG00000169727;ENSG00000143947;ENSG00000111652;ENSG00000084072;ENSG00000076924;ENSG00000144231;ENSG00000240682;ENSG00000141030;ENSG00000100387;ENSG00000177700;ENSG00000121022;ENSG00000167986;ENSG00000163161;ENSG00000181222"
"REACTOME","REACTOME_YAP1_AND_WWTR1_TAZ_STIMULATED_GENE_EXPRESSION",0.909918319719953,0.929670526370893,0.0180489113734037,0.290340623680327,0.65557649250935,14,"ENSG00000197905;ENSG00000136574;ENSG00000007866"
"REACTOME","REACTOME_PYROPTOSIS",0.912628487518355,0.931765310467041,0.0187111134073493,0.274713588322639,0.692706801948418,21,"ENSG00000164305;ENSG00000254505;ENSG00000168310;ENSG00000196954"
"REACTOME","REACTOME_TNFR1_INDUCED_PROAPOPTOTIC_SIGNALING",0.914630118890357,0.933134196440162,0.0129488852931448,-0.286423215331396,-0.683720666301168,25,"ENSG00000064012;ENSG00000083799;ENSG00000118503;ENSG00000197530;ENSG00000101966"
"REACTOME","REACTOME_TP53_REGULATES_TRANSCRIPTION_OF_GENES_INVOLVED_IN_G2_CELL_CYCLE_ARREST",0.919459644322845,0.937384128363796,0.0133789727247561,-0.292586616353654,-0.65449645038414,18,"ENSG00000126457;ENSG00000161642;ENSG00000114126;ENSG00000116717"
"REACTOME","REACTOME_REGULATION_OF_TLR_BY_ENDOGENOUS_LIGAND",0.920211487623168,0.937473752181755,0.0183173360456645,0.273656546108603,0.67319535894473,19,"ENSG00000084674;ENSG00000171560;ENSG00000133661;ENSG00000135218;ENSG00000122852;ENSG00000174125"
"REACTOME","REACTOME_SHC1_EVENTS_IN_EGFR_SIGNALING",0.921316669600422,0.937922954200286,0.013768611388669,-0.302196214167225,-0.628953463881377,13,"ENSG00000113070;ENSG00000146648;ENSG00000133703;ENSG00000163235"
"REACTOME","REACTOME_MRNA_SPLICING",0.925098387711057,0.938390031212653,0.00880458961458797,-0.247651548047599,-0.808314449614292,212,"ENSG00000154548;ENSG00000076650;ENSG00000104852;ENSG00000063244;ENSG00000115524;ENSG00000105618;ENSG00000170144;ENSG00000131876;ENSG00000076053;ENSG00000128739;ENSG00000161265;ENSG00000102241;ENSG00000105617;ENSG00000105258;ENSG00000096401;ENSG00000099817;ENSG00000126254;ENSG00000090470;ENSG00000125743;ENSG00000168566;ENSG00000003756;ENSG00000163510;ENSG00000102978;ENSG00000124193;ENSG00000131051;ENSG00000011304;ENSG00000152404;ENSG00000112739;ENSG00000164609;ENSG00000143751;ENSG00000108654;ENSG00000125944;ENSG00000100813;ENSG00000116754;ENSG00000163714;ENSG00000117751;ENSG00000145833;ENSG00000185946;ENSG00000133226;ENSG00000138398;ENSG00000122692;ENSG00000108848;ENSG00000126945;ENSG00000198563;ENSG00000171566;ENSG00000188529;ENSG00000120688;ENSG00000100650;ENSG00000198231;ENSG00000168438;ENSG00000198783;ENSG00000134748;ENSG00000134453;ENSG00000165119;ENSG00000273559;ENSG00000265241;ENSG00000115875;ENSG00000153187;ENSG00000132792;ENSG00000117614;ENSG00000068394;ENSG00000100941"
"REACTOME","REACTOME_DNA_DOUBLE_STRAND_BREAK_RESPONSE",0.92324912056284,0.938390031212653,0.0226482592878794,0.243820955703933,0.788845535132579,76,"ENSG00000158019;ENSG00000183765;ENSG00000012048;ENSG00000170315;ENSG00000163961;ENSG00000163930;ENSG00000112130;ENSG00000163322;ENSG00000185130;ENSG00000105393;ENSG00000113522;ENSG00000182481;ENSG00000221983;ENSG00000185515;ENSG00000124635;ENSG00000143947;ENSG00000158406;ENSG00000103275;ENSG00000274641;ENSG00000275713;ENSG00000109685;ENSG00000188486;ENSG00000137337;ENSG00000270276"
"REACTOME","REACTOME_SIRT1_NEGATIVELY_REGULATES_RRNA_EXPRESSION",0.92443095599393,0.938390031212653,0.0218013277731206,0.245739672454531,0.769349267338887,62,"ENSG00000101945;ENSG00000246705;ENSG00000184260;ENSG00000273983;ENSG00000185130;ENSG00000105968;ENSG00000132275;ENSG00000124635;ENSG00000115750;ENSG00000158406;ENSG00000278828;ENSG00000274641;ENSG00000278463;ENSG00000275713;ENSG00000188486;ENSG00000270276;ENSG00000273703;ENSG00000112592;ENSG00000277075"
"REACTOME","REACTOME_TFAP2_AP_2_FAMILY_REGULATES_TRANSCRIPTION_OF_GROWTH_FACTORS_AND_THEIR_RECEPTORS",0.923923220973783,0.938390031212653,0.0178681189437375,0.282586676383781,0.650475686072346,15,"ENSG00000141736;ENSG00000156802;ENSG00000137203"
"REACTOME","REACTOME_DIFFERENTIATION_OF_NAIVE_CD_T_CELLS_TO_T_HELPER_1_CELLS_TH1_CELLS",0.924583520936515,0.938390031212653,0.0172835453034804,0.292840320305609,0.622495192564152,11,"ENSG00000081985;ENSG00000186810"
"REACTOME","REACTOME_HDACS_DEACETYLATE_HISTONES",0.930381548974943,0.943071605996138,0.0105068317798977,-0.252558588965168,-0.748719711232863,88,"ENSG00000057935;ENSG00000071655;ENSG00000164576;ENSG00000170004;ENSG00000143614;ENSG00000135365;ENSG00000054267;ENSG00000184678;ENSG00000274750;ENSG00000111707;ENSG00000196498;ENSG00000270882;ENSG00000177565;ENSG00000203814;ENSG00000196890;ENSG00000273802;ENSG00000162521;ENSG00000197061;ENSG00000181218"
"REACTOME","REACTOME_ERYTHROCYTES_TAKE_UP_CARBON_DIOXIDE_AND_RELEASE_OXYGEN",0.931420321241653,0.943447269435591,0.013971417489002,-0.308241390789017,-0.604719801578187,10,"ENSG00000166394"
"REACTOME","REACTOME_SUMOYLATION_OF_IMMUNE_RESPONSE_PROTEINS",0.934362249423452,0.945746451691972,0.0136778161923515,-0.29396313506982,-0.601545510466743,12,"ENSG00000116030;ENSG00000131788;ENSG00000100906;ENSG00000197579"
"REACTOME","REACTOME_MET_RECEPTOR_RECYCLING",0.935029778018408,0.945746451691972,0.0139155815495829,-0.306333588187445,-0.600977001145967,10,"ENSG00000167578;ENSG00000109458;ENSG00000167193;ENSG00000099942;ENSG00000168118"
"REACTOME","REACTOME_REGULATION_OF_TP53_ACTIVITY_THROUGH_METHYLATION",0.941448382126348,0.951556990381105,0.0130540211317406,-0.277718513038582,-0.627300567982035,19,"ENSG00000152409;ENSG00000198625;ENSG00000149311"
"REACTOME","REACTOME_MITOTIC_TELOPHASE_CYTOKINESIS",0.943300161999537,0.952746658614697,0.0173947186535218,0.277836549400462,0.61598759347561,13,"ENSG00000166851;ENSG00000112984;ENSG00000118007"
"REACTOME","REACTOME_E3_UBIQUITIN_LIGASES_UBIQUITINATE_TARGET_PROTEINS",0.948051948051948,0.956178107606679,0.0209755144159894,0.239739202821576,0.746105329911712,59,"ENSG00000132646;ENSG00000165280;ENSG00000168894;ENSG00000170315;ENSG00000185130;ENSG00000206503;ENSG00000155876;ENSG00000142867;ENSG00000131508;ENSG00000221983;ENSG00000124635;ENSG00000143947;ENSG00000157911;ENSG00000168936;ENSG00000071794;ENSG00000103549;ENSG00000253729;ENSG00000274641;ENSG00000070950;ENSG00000275713;ENSG00000185651;ENSG00000273703;ENSG00000164751;ENSG00000077721;ENSG00000142655"
"REACTOME","REACTOME_DEFECTIVE_C1GALT1C1_CAUSES_TNPS",0.947724620770128,0.956178107606679,0.0174488634993075,0.267554707530206,0.604126885496192,14,"ENSG00000173702;ENSG00000171155;ENSG00000205277;ENSG00000171195"
"REACTOME","REACTOME_FORMATION_OF_THE_BETA_CATENIN_TCF_TRANSACTIVATING_COMPLEX",0.954175588865096,0.961667331532845,0.0101632928697649,-0.245344892991177,-0.725733893912005,87,"ENSG00000065717;ENSG00000272333;ENSG00000171016;ENSG00000196628;ENSG00000132475;ENSG00000184678;ENSG00000274750;ENSG00000136997;ENSG00000196781;ENSG00000134371;ENSG00000168646;ENSG00000270882;ENSG00000196890;ENSG00000005339;ENSG00000273802;ENSG00000172977;ENSG00000168036;ENSG00000197061;ENSG00000106829"
"REACTOME","REACTOME_SUMOYLATION_OF_RNA_BINDING_PROTEINS",0.957598178713717,0.964428408233786,0.0202608005772633,0.241726532053143,0.720111765762225,47,"ENSG00000155561;ENSG00000125450;ENSG00000075188;ENSG00000113569;ENSG00000095319;ENSG00000058804;ENSG00000085415;ENSG00000108559;ENSG00000138750;ENSG00000111581;ENSG00000110713;ENSG00000102900;ENSG00000103275;ENSG00000120253;ENSG00000093000;ENSG00000101146;ENSG00000094914"
"REACTOME","REACTOME_RHO_GTPASES_ACTIVATE_KTN1",0.963669064748201,0.969850833517078,0.0134301830703544,-0.27524301443255,-0.551025028535006,11,"ENSG00000126214;ENSG00000104892;ENSG00000137171;ENSG00000170759;ENSG00000155980"
"REACTOME","REACTOME_REGULATION_OF_CDH1_GENE_TRANSCRIPTION",0.965444584913612,0.970945693659558,0.00973284212875176,-0.241289258710879,-0.725463792998853,97,"ENSG00000071564;ENSG00000118707;ENSG00000171940;ENSG00000148516;ENSG00000096717;ENSG00000121741;ENSG00000132475;ENSG00000067225;ENSG00000184678;ENSG00000274750;ENSG00000196781;ENSG00000177485;ENSG00000175029;ENSG00000270882;ENSG00000122691;ENSG00000196890;ENSG00000273802;ENSG00000225663;ENSG00000162521;ENSG00000139687;ENSG00000197061"
"REACTOME","REACTOME_TP53_REGULATES_TRANSCRIPTION_OF_SEVERAL_ADDITIONAL_CELL_DEATH_GENES_WHOSE_SPECIFIC_ROLES_IN_P53_DEPENDENT_APOPTOSIS_REMAIN_UNCERTAIN",0.969914290711912,0.974746603904071,0.0129331727323749,-0.257690474004781,-0.545041533356316,14,"ENSG00000113916;ENSG00000104419;ENSG00000078900"
"REACTOME","REACTOME_COMPLEMENT_CASCADE",0.976351351351351,0.979820972358286,0.0109206900744814,-0.24130572988257,-0.652545932222602,49,"ENSG00000184500;ENSG00000196352;ENSG00000180210;ENSG00000039537;ENSG00000009724;ENSG00000197540;ENSG00000126759;ENSG00000110651;ENSG00000182326"
"REACTOME","REACTOME_TP53_REGULATES_TRANSCRIPTION_OF_DEATH_RECEPTORS_AND_LIGANDS",0.976228490331737,0.979820972358286,0.0130434771193433,-0.253437019695785,-0.518615714680895,12,"ENSG00000146674;ENSG00000078900;ENSG00000141510;ENSG00000120889;ENSG00000173535;ENSG00000143514"
"REACTOME","REACTOME_MRNA_DECAY_BY_3_TO_5_EXORIBONUCLEASE",0.977892918825561,0.980671023708588,0.0126296917232443,-0.242483648741373,-0.53017930768096,16,"ENSG00000140395"
"REACTOME","REACTOME_HATS_ACETYLATE_HISTONES",0.981628000536409,0.983718053057068,0.00873114861528886,-0.230224878885535,-0.719680835469528,135,"ENSG00000183207;ENSG00000185787;ENSG00000115966;ENSG00000168395;ENSG00000100425;ENSG00000043143;ENSG00000178028;ENSG00000077684;ENSG00000184678;ENSG00000274750;ENSG00000174579;ENSG00000112983;ENSG00000120071;ENSG00000163872;ENSG00000120616;ENSG00000134852;ENSG00000134759;ENSG00000119760;ENSG00000083168;ENSG00000270882;ENSG00000203814;ENSG00000036549;ENSG00000196890;ENSG00000005339;ENSG00000273802;ENSG00000084676;ENSG00000025293;ENSG00000172977;ENSG00000120533;ENSG00000117505;ENSG00000197061;ENSG00000181218;ENSG00000109911"
"REACTOME","REACTOME_GENE_SILENCING_BY_RNA",0.984084880636605,0.984782318539253,0.00933627221021664,-0.231823569637671,-0.701181085587657,102,"ENSG00000078687;ENSG00000180228;ENSG00000105258;ENSG00000099817;ENSG00000173809;ENSG00000132475;ENSG00000090905;ENSG00000126070;ENSG00000102978;ENSG00000184678;ENSG00000274750;ENSG00000134698;ENSG00000092847;ENSG00000270882;ENSG00000196890;ENSG00000100354;ENSG00000156414;ENSG00000273802;ENSG00000185697"
"REACTOME","REACTOME_ERCC6_CSB_AND_EHMT2_G9A_POSITIVELY_REGULATE_RRNA_EXPRESSION",0.983690861004996,0.984782318539253,0.0101380874406634,-0.231754707549167,-0.664688280807638,70,"ENSG00000057935;ENSG00000071655;ENSG00000170004;ENSG00000132475;ENSG00000143614;ENSG00000184678;ENSG00000274750;ENSG00000270882;ENSG00000196890;ENSG00000273802;ENSG00000225830;ENSG00000162521"
"REACTOME","REACTOME_OLFACTORY_SIGNALING_PATHWAY",1,1,0.00930038639014609,-0.160480909538219,-0.476936747204189,89,"ENSG00000141404;ENSG00000068615;ENSG00000180090;ENSG00000078369;ENSG00000221882;ENSG00000070729;ENSG00000221970;ENSG00000188124;ENSG00000106689;ENSG00000167355;ENSG00000166368;ENSG00000279012;ENSG00000197233;ENSG00000124657;ENSG00000203663;ENSG00000205409;ENSG00000284733;ENSG00000183251;ENSG00000167359;ENSG00000255307;ENSG00000256574;ENSG00000172640;ENSG00000284662;ENSG00000230178"
